SMILES,Protein,Y
BrCCBr,CYP1A2,0
BrCCBr,CYP2A6,1
BrCCBr,CYP2B6,1
BrCCBr,CYP2C8,0
BrCCBr,CYP2C9,0
BrCCBr,CYP2E1,1
BrCCBr,CYP3A4,0
Brc1ccc(Oc2c(Br)cc(Br)cc2Br)c(Br)c1,CYP1A2,0
Brc1ccc(Oc2c(Br)cc(Br)cc2Br)c(Br)c1,CYP2A6,0
Brc1ccc(Oc2c(Br)cc(Br)cc2Br)c(Br)c1,CYP2B6,1
Brc1ccc(Oc2c(Br)cc(Br)cc2Br)c(Br)c1,CYP2C8,0
Brc1ccc(Oc2c(Br)cc(Br)cc2Br)c(Br)c1,CYP2C9,0
Brc1ccc(Oc2c(Br)cc(Br)cc2Br)c(Br)c1,CYP2D6,0
Brc1ccc(Oc2c(Br)cc(Br)cc2Br)c(Br)c1,CYP2E1,0
Brc1ccc(Oc2cc(Br)c(Br)cc2Br)c(Br)c1,CYP1A2,1
Brc1ccc(Oc2cc(Br)c(Br)cc2Br)c(Br)c1,CYP2A6,1
Brc1ccc(Oc2cc(Br)c(Br)cc2Br)c(Br)c1,CYP2B6,1
Brc1ccc(Oc2cc(Br)c(Br)cc2Br)c(Br)c1,CYP2C19,0
Brc1ccc(Oc2cc(Br)c(Br)cc2Br)c(Br)c1,CYP2C8,0
Brc1ccc(Oc2cc(Br)c(Br)cc2Br)c(Br)c1,CYP2C9,0
Brc1ccc(Oc2cc(Br)c(Br)cc2Br)c(Br)c1,CYP2D6,0
Brc1ccc(Oc2cc(Br)c(Br)cc2Br)c(Br)c1,CYP2E1,0
Brc1ccc(Oc2cc(Br)c(Br)cc2Br)c(Br)c1,CYP3A4,1
Brc1ccc(Oc2ccc(Br)cc2Br)c(Br)c1,CYP1A2,0
Brc1ccc(Oc2ccc(Br)cc2Br)c(Br)c1,CYP2A6,0
Brc1ccc(Oc2ccc(Br)cc2Br)c(Br)c1,CYP2B6,1
Brc1ccc(Oc2ccc(Br)cc2Br)c(Br)c1,CYP2C8,0
Brc1ccc(Oc2ccc(Br)cc2Br)c(Br)c1,CYP2C9,0
Brc1ccc(Oc2ccc(Br)cc2Br)c(Br)c1,CYP2D6,0
Brc1ccc(Oc2ccc(Br)cc2Br)c(Br)c1,CYP2E1,0
Brc1ccc2c(c1)CCN2,CYP3A4,1
Brc1cnn2c(NCc3ccncc3)cc(-c3ccccc3)nc12,CYP2B6,0
C#CC(C)(CC)OC(=O)c1ccccc1C(=O)O,CYP2E1,0
C#CC(C)(O)CC,CYP2D6,0
C#CC(C)(O)CC,CYP3A4,0
C#CC1(OC(N)=O)CCCCC1,CYP2C8,0
C#CCC1(OC(N)=O)CCCCC1,CYP2C8,0
C#CCN(C)CCc1ccccc1,CYP2B6,1
C#CCN(C)CCc1ccccc1,CYP2C19,1
C#CCN(C)CCc1ccccc1,CYP2D6,1
C#CCN(C)[C@H](C)Cc1ccccc1,CYP1A2,1
C#CCN(C)[C@H](C)Cc1ccccc1,CYP2A6,1
C#CCN(C)[C@H](C)Cc1ccccc1,CYP2B6,1
C#CCN(C)[C@H](C)Cc1ccccc1,CYP2C19,1
C#CCN(C)[C@H](C)Cc1ccccc1,CYP2C9,1
C#CCN(C)[C@H](C)Cc1ccccc1,CYP2D6,1
C#CCN(C)[C@H](C)Cc1ccccc1,CYP2E1,1
C#CCN(C)[C@H](C)Cc1ccccc1,CYP3A4,1
C#CCNC(=O)C1=C[C@H](C)[C@@H](CCCO)[C@H](OCC)O1,CYP2A6,0
C#CCNC(Cc1ccc(O)c2ncccc12)C(=O)OCC,CYP2B6,0
C#CCOc1cc(C(=O)Nc2c(Cl)cncc2Cl)ccc1OC,CYP2B6,1
C#CCOc1cc(C(=O)Nc2c(Cl)cncc2Cl)ccc1OC,CYP2C19,1
C#CCOc1cc(C(=O)Nc2c(Cl)cncc2Cl)ccc1OC,CYP2C9,1
C#CCOc1cc(C(=O)Nc2c(Cl)cncc2Cl)ccc1OC,CYP2E1,0
C#C[C@@]1(O)[C@@H](CO)O[C@@H](n2ccc(N)nc2=O)[C@@H]1O,CYP3A4,0
C#C[C@]1(O)C=C[C@H]2[C@@H]3CCC4=CC(=O)CC[C@@H]4[C@H]3C(=C)C[C@@]21C,CYP1A2,0
C#C[C@]1(O)C=C[C@H]2[C@@H]3CCC4=CC(=O)CC[C@@H]4[C@H]3C(=C)C[C@@]21C,CYP2A6,0
C#C[C@]1(O)C=C[C@H]2[C@@H]3CCC4=CC(=O)CC[C@@H]4[C@H]3C(=C)C[C@@]21C,CYP2C19,1
C#C[C@]1(O)C=C[C@H]2[C@@H]3CCC4=CC(=O)CC[C@@H]4[C@H]3C(=C)C[C@@]21C,CYP2C9,0
C#C[C@]1(O)C=C[C@H]2[C@@H]3CCC4=CC(=O)CC[C@@H]4[C@H]3C(=C)C[C@@]21C,CYP2D6,0
C#C[C@]1(O)C=C[C@H]2[C@@H]3CCC4=CC(=O)CC[C@@H]4[C@H]3C(=C)C[C@@]21C,CYP2E1,0
C#C[C@]1(O)C=C[C@H]2[C@@H]3CCC4=CC(=O)CC[C@@H]4[C@H]3C(=C)C[C@@]21C,CYP3A4,1
C#C[C@]1(O)CC[C@@]2(C)[C@@H](CC[C@@H]3[C@@H]2CC[C@]2(C)/C(=N/O)CC[C@@H]32)C1,CYP2A6,0
C#C[C@]1(O)CC[C@@]2(C)[C@@H](CC[C@@H]3[C@@H]2CC[C@]2(C)/C(=N/O)CC[C@@H]32)C1,CYP2C8,0
C#C[C@]1(O)CC[C@H]2[C@@H]3CCC4=C/C(=N/O)CC[C@@H]4[C@H]3CC[C@@]21CC,CYP1A2,0
C#C[C@]1(O)CC[C@H]2[C@@H]3CCC4=C/C(=N/O)CC[C@@H]4[C@H]3CC[C@@]21CC,CYP2C19,0
C#C[C@]1(O)CC[C@H]2[C@@H]3CCC4=C/C(=N/O)CC[C@@H]4[C@H]3CC[C@@]21CC,CYP2D6,0
C#C[C@]1(O)CC[C@H]2[C@@H]3CCC4=C/C(=N/O)CC[C@@H]4[C@H]3CC[C@@]21CC,CYP3A4,1
C#C[C@]1(O)CC[C@H]2[C@@H]3CCC4=CC(=O)CCC4=C3C=C[C@@]21CC,CYP1A2,0
C#C[C@]1(O)CC[C@H]2[C@@H]3CCC4=CC(=O)CCC4=C3C=C[C@@]21CC,CYP2A6,0
C#C[C@]1(O)CC[C@H]2[C@@H]3CCC4=CC(=O)CCC4=C3C=C[C@@]21CC,CYP2B6,0
C#C[C@]1(O)CC[C@H]2[C@@H]3CCC4=CC(=O)CCC4=C3C=C[C@@]21CC,CYP2C19,0
C#C[C@]1(O)CC[C@H]2[C@@H]3CCC4=CC(=O)CCC4=C3C=C[C@@]21CC,CYP2C8,0
C#C[C@]1(O)CC[C@H]2[C@@H]3CCC4=CC(=O)CCC4=C3C=C[C@@]21CC,CYP2C9,0
C#C[C@]1(O)CC[C@H]2[C@@H]3CCC4=CC(=O)CCC4=C3C=C[C@@]21CC,CYP2D6,0
C#C[C@]1(O)CC[C@H]2[C@@H]3CCC4=CC(=O)CCC4=C3C=C[C@@]21CC,CYP2E1,0
C#C[C@]1(O)CC[C@H]2[C@@H]3CCC4=CC(=O)CCC4=C3C=C[C@@]21CC,CYP3A4,1
C#C[C@]1(O)CC[C@H]2[C@@H]3CCC4=CC(=O)CC[C@@H]4[C@H]3CC[C@@]21C,CYP3A4,1
C#C[C@]1(O)CC[C@H]2[C@@H]3CCC4=CC(=O)CC[C@@H]4[C@H]3CC[C@@]21CC,CYP1A2,0
C#C[C@]1(O)CC[C@H]2[C@@H]3CCC4=CC(=O)CC[C@@H]4[C@H]3CC[C@@]21CC,CYP2B6,0
C#C[C@]1(O)CC[C@H]2[C@@H]3CCC4=CC(=O)CC[C@@H]4[C@H]3CC[C@@]21CC,CYP2C19,0
C#C[C@]1(O)CC[C@H]2[C@@H]3CCC4=CC(=O)CC[C@@H]4[C@H]3CC[C@@]21CC,CYP2C8,0
C#C[C@]1(O)CC[C@H]2[C@@H]3CCC4=CC(=O)CC[C@@H]4[C@H]3CC[C@@]21CC,CYP2C9,0
C#C[C@]1(O)CC[C@H]2[C@@H]3CCC4=CC(=O)CC[C@@H]4[C@H]3CC[C@@]21CC,CYP2D6,0
C#C[C@]1(O)CC[C@H]2[C@@H]3CCC4=CC(=O)CC[C@@H]4[C@H]3CC[C@@]21CC,CYP3A4,1
C#C[C@]1(O)CC[C@H]2[C@@H]3CCC4=CC(=O)CC[C@@H]4[C@H]3[C@@H](CC)C[C@@]21C,CYP1A2,0
C#C[C@]1(O)CC[C@H]2[C@@H]3CCC4=CC(=O)CC[C@@H]4[C@H]3[C@@H](CC)C[C@@]21C,CYP2A6,0
C#C[C@]1(O)CC[C@H]2[C@@H]3CCC4=CC(=O)CC[C@@H]4[C@H]3[C@@H](CC)C[C@@]21C,CYP2C19,0
C#C[C@]1(O)CC[C@H]2[C@@H]3CCC4=CC(=O)CC[C@@H]4[C@H]3[C@@H](CC)C[C@@]21C,CYP2C9,0
C#C[C@]1(O)CC[C@H]2[C@@H]3CCC4=CC(=O)CC[C@@H]4[C@H]3[C@@H](CC)C[C@@]21C,CYP2D6,0
C#C[C@]1(O)CC[C@H]2[C@@H]3CCC4=CC(=O)CC[C@@H]4[C@H]3[C@@H](CC)C[C@@]21C,CYP2E1,0
C#C[C@]1(O)CC[C@H]2[C@@H]3CCC4=CC(=O)CC[C@@H]4[C@H]3[C@@H](CC)C[C@@]21C,CYP3A4,1
C#C[C@]1(O)CC[C@H]2[C@@H]3CCC4=CCCC[C@@H]4[C@H]3C(=C)C[C@@]21CC,CYP2C19,1
C#C[C@]1(O)CC[C@H]2[C@@H]3CCC4=CCCC[C@@H]4[C@H]3C(=C)C[C@@]21CC,CYP2C9,1
C#C[C@]1(O)CC[C@H]2[C@@H]3CCC4=CCCC[C@@H]4[C@H]3CC[C@@]21C,CYP2A6,0
C#C[C@]1(O)CC[C@H]2[C@@H]3CCC4=CCCC[C@@H]4[C@H]3CC[C@@]21C,CYP2C19,1
C#C[C@]1(O)CC[C@H]2[C@@H]3CCC4=CCCC[C@@H]4[C@H]3CC[C@@]21C,CYP2C8,0
C#C[C@]1(O)CC[C@H]2[C@@H]3CCC4=CCCC[C@@H]4[C@H]3CC[C@@]21C,CYP2C9,1
C#C[C@]1(O)CC[C@H]2[C@@H]3CCC4=CCCC[C@@H]4[C@H]3CC[C@@]21C,CYP3A4,1
C#C[C@]1(O)CC[C@H]2[C@@H]3CC[C@H]4C[C@H](O)CC[C@]4(C)[C@H]3CC[C@@]21C,CYP2C19,1
C#C[C@]1(O)CC[C@H]2[C@@H]3CC[C@H]4C[C@H](O)CC[C@]4(C)[C@H]3CC[C@@]21C,CYP3A4,1
C#C[C@]1(O)CC[C@H]2[C@@H]3CCc4cc(O)ccc4[C@H]3CC[C@@]21C,CYP1A2,1
C#C[C@]1(O)CC[C@H]2[C@@H]3CCc4cc(O)ccc4[C@H]3CC[C@@]21C,CYP2A6,0
C#C[C@]1(O)CC[C@H]2[C@@H]3CCc4cc(O)ccc4[C@H]3CC[C@@]21C,CYP2B6,0
C#C[C@]1(O)CC[C@H]2[C@@H]3CCc4cc(O)ccc4[C@H]3CC[C@@]21C,CYP2C19,1
C#C[C@]1(O)CC[C@H]2[C@@H]3CCc4cc(O)ccc4[C@H]3CC[C@@]21C,CYP2C8,1
C#C[C@]1(O)CC[C@H]2[C@@H]3CCc4cc(O)ccc4[C@H]3CC[C@@]21C,CYP2C9,1
C#C[C@]1(O)CC[C@H]2[C@@H]3CCc4cc(O)ccc4[C@H]3CC[C@@]21C,CYP2E1,0
C#C[C@]1(O)CC[C@H]2[C@@H]3CCc4cc(O)ccc4[C@H]3CC[C@@]21C,CYP3A4,1
C#C[C@]1(O)CC[C@H]2[C@@H]3CCc4cc(OC)ccc4[C@H]3CC[C@@]21C,CYP2C9,1
C#C[C@]1(O)CC[C@H]2[C@@H]3[C@@H](O)C=C4C[C@@H](O)CC[C@]4(C)[C@H]3CC[C@@]21C,CYP3A4,1
C#Cc1c[nH]c(=O)[nH]c1=O,CYP2C8,0
C#Cc1c[nH]c(=O)[nH]c1=O,CYP2D6,0
C#Cc1ccc(C(C)(C)C)cc1,CYP2B6,1
C#Cc1cccc(Nc2c(C#N)cnc3cc(OCC)c(NC(=O)/C=C/CN(C)C)cc23)c1,CYP2B6,0
C#Cc1cccc(Nc2ncnc3cc(OC)c(OCCCCCCC(=O)NO)cc23)c1,CYP2B6,0
C#Cc1cccc(Nc2ncnc3cc(OCCOC)c(OCCOC)cc23)c1,CYP2D6,1
C#Cc1cccc(Nc2ncnc3cc(OCCOC)c(OCCOC)cc23)c1,CYP3A4,1
C#Cc1cccc(Nc2ncnc3cc4c(cc23)OCCOCCOCCO4)c1,CYP2B6,0
C#Cc1cccc(Nc2ncnc3cc4c(cc23)OCCOCCOCCO4)c1,CYP3A4,1
C(=C\c1ccccc1)/CN1CCN(C(c2ccccc2)c2ccccc2)CC1,CYP1A2,1
C(=C\c1ccccc1)/CN1CCN(C(c2ccccc2)c2ccccc2)CC1,CYP2A6,0
C(=C\c1ccccc1)/CN1CCN(C(c2ccccc2)c2ccccc2)CC1,CYP2B6,1
C(=C\c1ccccc1)/CN1CCN(C(c2ccccc2)c2ccccc2)CC1,CYP2C19,0
C(=C\c1ccccc1)/CN1CCN(C(c2ccccc2)c2ccccc2)CC1,CYP2C8,0
C(=C\c1ccccc1)/CN1CCN(C(c2ccccc2)c2ccccc2)CC1,CYP2C9,1
C(=C\c1ccccc1)/CN1CCN(C(c2ccccc2)c2ccccc2)CC1,CYP2D6,1
C(=C\c1ccccc1)/CN1CCN(C(c2ccccc2)c2ccccc2)CC1,CYP2E1,0
C(=C\c1ccccc1)/CN1CCN(C(c2ccccc2)c2ccccc2)CC1,CYP3A4,0
C(=C\c1ccccc1)/c1ccccc1,CYP1A2,1
C(=C\c1ccccc1)/c1ccccc1,CYP2A6,0
C(=C\c1ccccc1)/c1ccccc1,CYP2B6,0
C(=C\c1ccccc1)/c1ccccc1,CYP2C9,0
C(=C\c1ccccc1)/c1ccccc1,CYP2D6,1
C(=C\c1ccccc1)/c1ccccc1,CYP2E1,0
C(=C\c1ccccc1)/c1ccccc1,CYP3A4,0
C(COCCOCC1CO1)OCCOCC1CO1,CYP2A6,0
C(COCCOCC1CO1)OCCOCC1CO1,CYP2C9,0
C(COCCOCC1CO1)OCCOCC1CO1,CYP2D6,0
C/C(=C/C=C/[C@@H](C)C(=O)O)[C@H]1CN[C@H](C(=O)O)[C@H]1CC(=O)O,CYP2C19,0
C/C(=C/C=C/[C@@H](C)C(=O)O)[C@H]1CN[C@H](C(=O)O)[C@H]1CC(=O)O,CYP2C9,0
C/C(=C\c1ccc(OCCN2CCOCC2)cc1)c1ccc2c(c1)C(C)(C)CCC2(C)C,CYP1A2,1
C/C(=C\c1ccc(OCCN2CCOCC2)cc1)c1ccc2c(c1)C(C)(C)CCC2(C)C,CYP3A4,1
C/C(=N\O)c1ncc([C@@H](O)[C@H](O)[C@H](O)CO)[nH]1,CYP3A4,0
C/C(N)=C(/C#N)C(=O)CSc1nc2ccccc2n1CC(C)C,CYP2E1,0
C/C(N)=N\CC[C@H](F)C[C@H](N)C(=O)O,CYP2B6,0
C/C(N)=N\CC[C@H](F)C[C@H](N)C(=O)O,CYP2C8,0
C/C1=C/C[C@@H](/C(C)=C/c2cc(C)on2)OC(=O)C[C@H](O)C(C)(C)C(=O)[C@H](C)[C@@H](O)[C@@H](C)/C=C\C1,CYP2B6,0
C/C1=C/C[C@@H](/C(C)=C/c2cc(C)on2)OC(=O)C[C@H](O)C(C)(C)C(=O)[C@H](C)[C@@H](O)[C@@H](C)/C=C\C1,CYP2D6,0
C/C1=C\CC[C@]23O[C@H]2[C@@H](OC3=O)c2c(C)coc2C1,CYP2B6,1
C/C1=C\CC[C@]23O[C@H]2[C@@H](OC3=O)c2c(C)coc2C1,CYP2C19,1
C/C1=C\CC[C@]23O[C@H]2[C@@H](OC3=O)c2c(C)coc2C1,CYP2C9,1
C/C1=C\CC[C@]23O[C@H]2[C@@H](OC3=O)c2c(C)coc2C1,CYP2D6,1
C/C1=C\CC[C@]23O[C@H]2[C@@H](OC3=O)c2c(C)coc2C1,CYP3A4,1
C/C=C(/C)C(=O)Nc1cccc(C2=NOC3(C2)C[C@@H](C(N)=O)N(C(=O)CCCCC)C3)c1,CYP2B6,0
C/C=C(/C)C(=O)Nc1cccc(C2=NOC3(C2)C[C@@H](C(N)=O)N(C(=O)CCCCC)C3)c1,CYP2D6,0
C/C=C(/C)C(=O)O[C@H]1CCN2CC=C(COC(=O)[C@@](O)([C@H](C)OC)C(C)(C)O)[C@H]12,CYP3A4,1
C/C=C(/C)C(=O)O[C@H]1[C@@H](OC(C)=O)c2c(ccc3ccc(=O)oc23)OC1(C)C,CYP2B6,1
C/C=C(/C)C(=O)O[C@H]1[C@@H](OC(C)=O)c2c(ccc3ccc(=O)oc23)OC1(C)C,CYP2C19,1
C/C=C(/C)C(=O)O[C@H]1[C@@H](OC(C)=O)c2c(ccc3ccc(=O)oc23)OC1(C)C,CYP3A4,1
C/C=C/C(C)=C/[C@@]1(C)SC(=O)C(C)=C1O,CYP3A4,0
C/C=C/C/C=C/CCC(=O)[C@H]1O[C@H]1C(N)=O,CYP2B6,0
C/C=C/C/C=C/CCC(=O)[C@H]1O[C@H]1C(N)=O,CYP3A4,0
C/C=C/C=O,CYP2C19,0
C/C=C/C=O,CYP3A4,0
C/C=C/c1cc(OC)c(OC)cc1OC,CYP1A2,1
C/C=C/c1cc(OC)c(OC)cc1OC,CYP2C19,1
C/C=C/c1cc(OC)c(OC)cc1OC,CYP3A4,1
C/C=C/c1ccccc1,CYP1A2,1
C/C=C/c1ccccc1,CYP2E1,1
C/C=C/c1ccccc1,CYP3A4,1
C/C=C1/C(=O)C[C@H]2[C@@H]3CCC4=CC(=O)CC[C@]4(C)[C@H]3CC[C@]12C,CYP2C19,1
C/C=C1/C(=O)C[C@H]2[C@@H]3CCC4=CC(=O)CC[C@]4(C)[C@H]3CC[C@]12C,CYP2C9,1
C/C=C1/C(=O)C[C@H]2[C@@H]3CCC4=CC(=O)CC[C@]4(C)[C@H]3CC[C@]12C,CYP2D6,1
C/C=C1/C(=O)C[C@H]2[C@@H]3CCC4=CC(=O)CC[C@]4(C)[C@H]3CC[C@]12C,CYP3A4,1
C/C=C1/CN2CCc3c([nH]c4ccccc34)[C@@H]2C[C@@H]1/C(=C/OC)C(=O)OC,CYP2C19,1
C/C=C1/CN2CCc3c([nH]c4ccccc34)[C@@H]2C[C@@H]1/C(=C/OC)C(=O)OC,CYP2D6,1
C/C=C1/CN2CCc3c([nH]c4ccccc34)[C@@H]2C[C@@H]1/C(=C/OC)C(=O)OC,CYP3A4,1
C/C=C1/C[C@@H](C)[C@@](C)(O)C(=O)OC/C2=C/CN(C)CC[C@@H](OC1=O)C2=O,CYP1A2,0
C/C=C1/C[C@@H](C)[C@@](C)(O)C(=O)OC/C2=C/CN(C)CC[C@@H](OC1=O)C2=O,CYP2A6,0
C/C=C1/C[C@@H](C)[C@@](C)(O)C(=O)OC/C2=C/CN(C)CC[C@@H](OC1=O)C2=O,CYP2B6,0
C/C=C1/C[C@@H](C)[C@@](C)(O)C(=O)OC/C2=C/CN(C)CC[C@@H](OC1=O)C2=O,CYP2C19,0
C/C=C1/C[C@@H](C)[C@@](C)(O)C(=O)OC/C2=C/CN(C)CC[C@@H](OC1=O)C2=O,CYP2C9,0
C/C=C1/C[C@@H](C)[C@@](C)(O)C(=O)OC/C2=C/CN(C)CC[C@@H](OC1=O)C2=O,CYP2D6,0
C/C=C1/C[C@@H](C)[C@@](C)(O)C(=O)OC/C2=C/CN(C)CC[C@@H](OC1=O)C2=O,CYP2E1,0
C/C=C1/C[C@@H](C)[C@@](C)(O)C(=O)OC/C2=C/CN(C)CC[C@@H](OC1=O)C2=O,CYP3A4,1
C/C=C1/C[C@@H](C)[C@@](C)(O)C(=O)OCC2=CCN3CC[C@@H](OC1=O)[C@@H]23,CYP2A6,1
C/C=C1/C[C@@H](C)[C@@](C)(O)C(=O)OCC2=CCN3CC[C@@H](OC1=O)[C@@H]23,CYP2B6,1
C/C=C1/C[C@@H](C)[C@@](C)(O)C(=O)OCC2=CCN3CC[C@@H](OC1=O)[C@@H]23,CYP2C19,1
C/C=C1/C[C@@H](C)[C@@](C)(O)C(=O)OCC2=CCN3CC[C@@H](OC1=O)[C@@H]23,CYP2C9,1
C/C=C1/C[C@@H](C)[C@@](C)(O)C(=O)OCC2=CCN3CC[C@@H](OC1=O)[C@@H]23,CYP2D6,1
C/C=C1/C[C@@H](C)[C@@](C)(O)C(=O)OCC2=CCN3CC[C@@H](OC1=O)[C@@H]23,CYP2E1,1
C/C=C1/C[C@@H](C)[C@@](C)(O)C(=O)OCC2=CCN3CC[C@@H](OC1=O)[C@@H]23,CYP3A4,1
C/C=C1/C[C@@H](C)[C@](O)(CO)C(=O)OCC2=CCN3CC[C@@H](OC1=O)[C@@H]23,CYP2A6,1
C/C=C1/C[C@@H](C)[C@](O)(CO)C(=O)OCC2=CCN3CC[C@@H](OC1=O)[C@@H]23,CYP2B6,1
C/C=C1/C[C@@H](C)[C@](O)(CO)C(=O)OCC2=CCN3CC[C@@H](OC1=O)[C@@H]23,CYP2C19,1
C/C=C1/C[C@@H](C)[C@](O)(CO)C(=O)OCC2=CCN3CC[C@@H](OC1=O)[C@@H]23,CYP2D6,1
C/C=C1/C[C@@H](C)[C@](O)(CO)C(=O)OCC2=CCN3CC[C@@H](OC1=O)[C@@H]23,CYP3A4,1
C/C=C1\C(=O)C[C@H]2[C@@H]3CCC4=CC(=O)CC[C@]4(C)[C@H]3CC[C@]12C,CYP2C19,1
C/C=C1\C(=O)C[C@H]2[C@@H]3CCC4=CC(=O)CC[C@]4(C)[C@H]3CC[C@]12C,CYP2C9,1
C/C=C1\C(=O)C[C@H]2[C@@H]3CCC4=CC(=O)CC[C@]4(C)[C@H]3CC[C@]12C,CYP2D6,1
C/C=C1\C(=O)C[C@H]2[C@@H]3CCC4=CC(=O)CC[C@]4(C)[C@H]3CC[C@]12C,CYP3A4,1
C/C=C1\C[C@@H](C)[C@@](C)(O)C(=O)OCC2=CCN3CC[C@@H](OC1=O)[C@@H]23,CYP2A6,1
C/C=C1\C[C@@H](C)[C@@](C)(O)C(=O)OCC2=CCN3CC[C@@H](OC1=O)[C@@H]23,CYP2B6,1
C/C=C1\C[C@@H](C)[C@@](C)(O)C(=O)OCC2=CCN3CC[C@@H](OC1=O)[C@@H]23,CYP2C19,1
C/C=C1\C[C@@H](C)[C@@](C)(O)C(=O)OCC2=CCN3CC[C@@H](OC1=O)[C@@H]23,CYP2D6,1
C/C=C1\C[C@@H](C)[C@@](C)(O)C(=O)OCC2=CCN3CC[C@@H](OC1=O)[C@@H]23,CYP2E1,1
C/C=C1\C[C@@H](C)[C@@](C)(O)C(=O)OCC2=CCN3CC[C@@H](OC1=O)[C@@H]23,CYP3A4,1
C/C=C1\NC(=O)[C@H]2CSSCC/C=C/[C@@H](CC(=O)N[C@H](C(C)C)C(=O)N2)OC(=O)[C@H](C(C)C)NC1=O,CYP1A2,0
C/C=C1\NC(=O)[C@H]2CSSCC/C=C/[C@@H](CC(=O)N[C@H](C(C)C)C(=O)N2)OC(=O)[C@H](C(C)C)NC1=O,CYP2A6,0
C/C=C1\NC(=O)[C@H]2CSSCC/C=C/[C@@H](CC(=O)N[C@H](C(C)C)C(=O)N2)OC(=O)[C@H](C(C)C)NC1=O,CYP2C8,0
C/C=C1\NC(=O)[C@H]2CSSCC/C=C/[C@@H](CC(=O)N[C@H](C(C)C)C(=O)N2)OC(=O)[C@H](C(C)C)NC1=O,CYP2C9,0
C/C=C1\NC(=O)[C@H]2CSSCC/C=C/[C@@H](CC(=O)N[C@H](C(C)C)C(=O)N2)OC(=O)[C@H](C(C)C)NC1=O,CYP2D6,0
C/C=C1\NC(=O)[C@H]2CSSCC/C=C/[C@@H](CC(=O)N[C@H](C(C)C)C(=O)N2)OC(=O)[C@H](C(C)C)NC1=O,CYP2E1,0
C/C=C1\NC(=O)[C@H]2CSSCC/C=C/[C@@H](CC(=O)N[C@H](C(C)C)C(=O)N2)OC(=O)[C@H](C(C)C)NC1=O,CYP3A4,1
C/C=C\C=C/CC/C=C/C=C/C(=O)NCC(C)C,CYP1A2,1
C/C=C\C=C/CC/C=C/C=C/C(=O)NCC(C)C,CYP2A6,0
C/C=C\C=C/CC/C=C/C=C/C(=O)NCC(C)C,CYP2B6,0
C/C=C\C=C/CC/C=C/C=C/C(=O)NCC(C)C,CYP2C19,1
C/C=C\C=C/CC/C=C/C=C/C(=O)NCC(C)C,CYP2C8,1
C/C=C\C=C/CC/C=C/C=C/C(=O)NCC(C)C,CYP2C9,1
C/C=C\C=C/CC/C=C/C=C/C(=O)NCC(C)C,CYP2D6,1
C/C=C\C=C/CC/C=C/C=C/C(=O)NCC(C)C,CYP2E1,1
C/C=C\C=C/CC/C=C/C=C/C(=O)NCC(C)C,CYP3A4,1
C1=CCC(C2CO2)CC1,CYP2A6,1
C1=CCC(C2CO2)CC1,CYP2B6,1
C1=CCC(C2CO2)CC1,CYP2E1,1
C1=CCC(C2CO2)CC1,CYP3A4,1
C1=CCCCC1,CYP2E1,1
C1CCC(C(CC2CCCCN2)C2CCCCC2)CC1,CYP2B6,1
C1CCC(C(CC2CCCCN2)C2CCCCC2)CC1,CYP2D6,1
C1CCC(C(CC2CCCCN2)C2CCCCC2)CC1,CYP3A4,1
C1CCNC1,CYP2C8,0
C1CCOCC1,CYP2C9,0
C1COCCN1,CYP1A2,0
C1COCCN1,CYP2C19,0
C=C(Br)CCO,CYP2A6,0
C=C(Br)CCO,CYP2C19,0
C=C(Br)CCO,CYP3A4,0
C=C(C)C1CC=C(C)CC1,CYP1A2,0
C=C(C)C1CC=C(C)CC1,CYP2A6,0
C=C(C)C1CC=C(C)CC1,CYP2B6,0
C=C(C)C1CC=C(C)CC1,CYP2C19,1
C=C(C)C1CC=C(C)CC1,CYP2C8,1
C=C(C)C1CC=C(C)CC1,CYP2C9,1
C=C(C)C1CC=C(C)CC1,CYP2E1,0
C=C(C)C1CC=C(C)CC1,CYP3A4,1
C=C(C)C1CO1,CYP2E1,1
C=C(C)CNc1ccc(C(C)C(=O)O)cc1,CYP1A2,0
C=C(C)[C@@H]1CC=C(CO)CC1,CYP2A6,0
C=C(C)[C@@H]1CCC(C)=C[C@H]1c1c(O)cc(CCCCC)cc1O,CYP1A2,1
C=C(C)[C@@H]1CCC(C)=C[C@H]1c1c(O)cc(CCCCC)cc1O,CYP2A6,0
C=C(C)[C@@H]1CCC(C)=C[C@H]1c1c(O)cc(CCCCC)cc1O,CYP2B6,0
C=C(C)[C@@H]1CCC(C)=C[C@H]1c1c(O)cc(CCCCC)cc1O,CYP2C19,1
C=C(C)[C@@H]1CCC(C)=C[C@H]1c1c(O)cc(CCCCC)cc1O,CYP2C8,0
C=C(C)[C@@H]1CCC(C)=C[C@H]1c1c(O)cc(CCCCC)cc1O,CYP2D6,1
C=C(C)[C@@H]1CCC(C)=C[C@H]1c1c(O)cc(CCCCC)cc1O,CYP2E1,0
C=C(C)[C@@H]1CCC(C)=C[C@H]1c1c(O)cc(CCCCC)cc1O,CYP3A4,1
C=C(C)[C@@H]1CC[C@@]2(C)O[C@H]2C1,CYP2C8,0
C=C(C)[C@@H]1CC[C@@]2(C)O[C@H]2C1,CYP3A4,0
C=C(C)[C@@H]1CC[C@]2(C(=O)O)CC[C@]3(C)[C@H](CC[C@@H]4[C@@]5(C)CC[C@H](O)C(C)(C)[C@@H]5CC[C@]43C)[C@@H]12,CYP3A4,0
C=C(C)[C@@H]1CC[C@]2(C(=O)O)CC[C@]3(C)[C@H](CC[C@@H]4[C@@]5(C)CC[C@H](O)[C@@](C)(CO)[C@@H]5CC[C@]43C)[C@@H]12,CYP1A2,1
C=C(C)[C@@H]1CC[C@]2(C(=O)O)CC[C@]3(C)[C@H](CC[C@@H]4[C@@]5(C)CC[C@H](O)[C@@](C)(CO)[C@@H]5CC[C@]43C)[C@@H]12,CYP3A4,1
C=C(C)[C@@H]1CC[C@]2(CO)CC[C@]3(C)[C@H](CC[C@@H]4[C@@]5(C)CC[C@H](O)C(C)(C)[C@@H]5CC[C@]43C)[C@@H]12,CYP3A4,0
C=C(C)[C@H](CC=C(C)C)Cc1c(O)cc(OC)c2c1O[C@H](c1ccc(O)cc1O)CC2=O,CYP1A2,1
C=C(C)[C@H](CC=C(C)C)Cc1c(O)cc(OC)c2c1O[C@H](c1ccc(O)cc1O)CC2=O,CYP2A6,0
C=C(C)[C@H](CC=C(C)C)Cc1c(O)cc(OC)c2c1O[C@H](c1ccc(O)cc1O)CC2=O,CYP2B6,0
C=C(C)[C@H](CC=C(C)C)Cc1c(O)cc(OC)c2c1O[C@H](c1ccc(O)cc1O)CC2=O,CYP2C19,0
C=C(C)[C@H](CC=C(C)C)Cc1c(O)cc(OC)c2c1O[C@H](c1ccc(O)cc1O)CC2=O,CYP2C8,0
C=C(C)[C@H](CC=C(C)C)Cc1c(O)cc(OC)c2c1O[C@H](c1ccc(O)cc1O)CC2=O,CYP2C9,0
C=C(C)[C@H](CC=C(C)C)Cc1c(O)cc(OC)c2c1O[C@H](c1ccc(O)cc1O)CC2=O,CYP2D6,1
C=C(C)[C@H](CC=C(C)C)Cc1c(O)cc(OC)c2c1O[C@H](c1ccc(O)cc1O)CC2=O,CYP2E1,0
C=C(C)[C@H](CC=C(C)C)Cc1c(O)cc(OC)c2c1O[C@H](c1ccc(O)cc1O)CC2=O,CYP3A4,0
C=C(C)[C@H]1Cc2c(ccc3c2O[C@@H]2COc4cc(OC)c(OC)cc4[C@@H]2C3=O)O1,CYP2A6,0
C=C(C)[C@H]1Cc2c(ccc3c2O[C@@H]2COc4cc(OC)c(OC)cc4[C@@H]2C3=O)O1,CYP2C9,1
C=C(C)[C@H]1Cc2c(ccc3c2O[C@@H]2COc4cc(OC)c(OC)cc4[C@@H]2C3=O)O1,CYP2E1,0
C=C(C)[C@H]1Cc2c(ccc3c2O[C@@H]2COc4cc(OC)c(OC)cc4[C@@H]2C3=O)O1,CYP3A4,1
C=C(C)c1ccc(OC)c(CN[C@H]2C3CCN(CC3)[C@H]2C(c2ccccc2)c2ccccc2)c1,CYP2D6,1
C=C(C)c1ccc(OC)c(CN[C@H]2C3CCN(CC3)[C@H]2C(c2ccccc2)c2ccccc2)c1,CYP3A4,1
C=C(F)C(=O)N1CCN(c2nc(OC[C@@H]3CCCN3C)nc3c2CCN(c2cccc4cccc(Cl)c24)C3)C[C@@H]1CC#N,CYP1A2,0
C=C(F)C(=O)N1CCN(c2nc(OC[C@@H]3CCCN3C)nc3c2CCN(c2cccc4cccc(Cl)c24)C3)C[C@@H]1CC#N,CYP2A6,0
C=C(F)C(=O)N1CCN(c2nc(OC[C@@H]3CCCN3C)nc3c2CCN(c2cccc4cccc(Cl)c24)C3)C[C@@H]1CC#N,CYP2B6,0
C=C(F)C(=O)N1CCN(c2nc(OC[C@@H]3CCCN3C)nc3c2CCN(c2cccc4cccc(Cl)c24)C3)C[C@@H]1CC#N,CYP2C19,0
C=C(F)C(=O)N1CCN(c2nc(OC[C@@H]3CCCN3C)nc3c2CCN(c2cccc4cccc(Cl)c24)C3)C[C@@H]1CC#N,CYP2C8,1
C=C(F)C(=O)N1CCN(c2nc(OC[C@@H]3CCCN3C)nc3c2CCN(c2cccc4cccc(Cl)c24)C3)C[C@@H]1CC#N,CYP2C9,0
C=C(F)C(=O)N1CCN(c2nc(OC[C@@H]3CCCN3C)nc3c2CCN(c2cccc4cccc(Cl)c24)C3)C[C@@H]1CC#N,CYP2E1,0
C=C(N)C(=O)O,CYP2C8,0
C=C(N)C(=O)O,CYP3A4,0
C=C(N)C(N)=O,CYP2A6,0
C=C(N)C(N)=O,CYP3A4,0
C=C(O[C@H]1C=CC=C(C(=O)O)[C@@H]1O)C(=O)O,CYP2C9,0
C=C(O[C@H]1C=CC=C(C(=O)O)[C@@H]1O)C(=O)O,CYP3A4,0
C=C(c1ccc(C(=O)O)cc1)c1cc2c(cc1C)C(C)(C)CCC2(C)C,CYP2C19,1
C=C(c1ccc(C(=O)O)cc1)c1cc2c(cc1C)C(C)(C)CCC2(C)C,CYP2C9,1
C=C/C(C)=C/[C@@]1(C)SC(=O)C(C)=C1O,CYP3A4,0
C=C/C=C/[C@@]1(C)SC(=O)C(C)=C1O,CYP3A4,0
C=C1/C(=C\C=C2/CCC[C@]3(C)C([C@@H](C)C/C=C/C(O)(CC)CC)=CC[C@@H]23)C[C@@H](O)C[C@@H]1F,CYP1A2,0
C=C1/C(=C\C=C2/CCC[C@]3(C)C([C@H](C)OCC(=O)NCC(F)(F)C(F)(F)F)=CC[C@@H]23)C[C@@H](O)C[C@@H]1O,CYP2C8,0
C=C1/C(=C\C=C2/CCC[C@]3(C)C([C@H](C)OCC(=O)NCC(F)(F)C(F)(F)F)=CC[C@@H]23)C[C@@H](O)C[C@@H]1O,CYP2D6,0
C=C1/C(=C\C=C2/CCC[C@]3(C)[C@@H]([C@@H](C)OCCCC(O)(CC)CC)CC[C@@H]23)C[C@@H](O)C[C@@H]1O,CYP3A4,0
C=C1/C(=C\C=C2/CCC[C@]3(C)[C@@H]([C@H](C)/C=C/C=C/C(O)(CC)CC)CC[C@@H]23)C[C@@H](O)C[C@@H]1O,CYP3A4,0
C=C1/C(=C\C=C2/CCC[C@]3(C)[C@@H]([C@H](C)/C=C/[C@@H](O)C4CC4)CC[C@@H]23)C[C@@H](O)C[C@@H]1O,CYP2A6,0
C=C1/C(=C\C=C2/CCC[C@]3(C)[C@@H]([C@H](C)/C=C/[C@@H](O)C4CC4)CC[C@@H]23)C[C@@H](O)C[C@@H]1O,CYP2C9,0
C=C1/C(=C\C=C2/CCC[C@]3(C)[C@@H]([C@H](C)/C=C/[C@@H](O)C4CC4)CC[C@@H]23)C[C@@H](O)C[C@@H]1O,CYP3A4,0
C=C1/C(=C\C=C2/CCC[C@]3(C)[C@@H]([C@H](C)/C=C/[C@@](C)(O)C(C)C)CC[C@@H]23)C[C@@H](O)C[C@@H]1O,CYP2C19,0
C=C1/C(=C\C=C2/CCC[C@]3(C)[C@@H]([C@H](C)/C=C/[C@@](C)(O)C(C)C)CC[C@@H]23)C[C@@H](O)C[C@@H]1O,CYP3A4,0
C=C1/C(=C\C=C2/CCC[C@]3(C)[C@@H]([C@H](C)/C=C/[C@H](C)C(C)C)CC[C@@H]23)C[C@@H](O)C[C@@H]1O,CYP3A4,1
C=C1/C(=C\C=C2/CCC[C@]3(C)[C@@H]([C@H](C)CCCC(C)(C)O)CC[C@@H]23)C[C@@H](O)C(OCCCO)[C@@H]1O,CYP1A2,0
C=C1/C(=C\C=C2/CCC[C@]3(C)[C@@H]([C@H](C)CCCC(C)(C)O)CC[C@@H]23)C[C@@H](O)C(OCCCO)[C@@H]1O,CYP2C9,0
C=C1/C(=C\C=C2/CCC[C@]3(C)[C@@H]([C@H](C)CCCC(C)(C)O)CC[C@@H]23)C[C@@H](O)C(OCCCO)[C@@H]1O,CYP3A4,1
C=C1/C(=C\C=C2/CCC[C@]3(C)[C@@H]([C@H](C)CCCC(C)(C)O)CC[C@@H]23)C[C@@H](O)C[C@@H]1O,CYP1A2,0
C=C1/C(=C\C=C2/CCC[C@]3(C)[C@@H]([C@H](C)CCCC(C)(C)O)CC[C@@H]23)C[C@@H](O)C[C@@H]1O,CYP2A6,0
C=C1/C(=C\C=C2/CCC[C@]3(C)[C@@H]([C@H](C)CCCC(C)(C)O)CC[C@@H]23)C[C@@H](O)C[C@@H]1O,CYP2B6,0
C=C1/C(=C\C=C2/CCC[C@]3(C)[C@@H]([C@H](C)CCCC(C)(C)O)CC[C@@H]23)C[C@@H](O)C[C@@H]1O,CYP2C19,0
C=C1/C(=C\C=C2/CCC[C@]3(C)[C@@H]([C@H](C)CCCC(C)(C)O)CC[C@@H]23)C[C@@H](O)C[C@@H]1O,CYP2C9,0
C=C1/C(=C\C=C2/CCC[C@]3(C)[C@@H]([C@H](C)CCCC(C)(C)O)CC[C@@H]23)C[C@@H](O)C[C@@H]1O,CYP2D6,0
C=C1/C(=C\C=C2/CCC[C@]3(C)[C@@H]([C@H](C)CCCC(C)(C)O)CC[C@@H]23)C[C@@H](O)C[C@@H]1O,CYP2E1,0
C=C1/C(=C\C=C2/CCC[C@]3(C)[C@@H]([C@H](C)CCCC(C)(C)O)CC[C@@H]23)C[C@@H](O)C[C@@H]1O,CYP3A4,1
C=C1/C(=C\C=C2/CCC[C@]3(C)[C@@H]([C@H](C)CCCC(C)(C)O)CC[C@@H]23)C[C@@H](O)[C@H](CCn2ncnn2)[C@@H]1O,CYP1A2,0
C=C1/C(=C\C=C2/CCC[C@]3(C)[C@@H]([C@H](C)CCCC(C)(C)O)CC[C@@H]23)C[C@@H](O)[C@H](CCn2ncnn2)[C@@H]1O,CYP2A6,0
C=C1/C(=C\C=C2/CCC[C@]3(C)[C@@H]([C@H](C)CCCC(C)(C)O)CC[C@@H]23)C[C@@H](O)[C@H](CCn2ncnn2)[C@@H]1O,CYP2B6,0
C=C1/C(=C\C=C2/CCC[C@]3(C)[C@@H]([C@H](C)CCCC(C)(C)O)CC[C@@H]23)C[C@@H](O)[C@H](CCn2ncnn2)[C@@H]1O,CYP2C19,0
C=C1/C(=C\C=C2/CCC[C@]3(C)[C@@H]([C@H](C)CCCC(C)(C)O)CC[C@@H]23)C[C@@H](O)[C@H](CCn2ncnn2)[C@@H]1O,CYP2C8,0
C=C1/C(=C\C=C2/CCC[C@]3(C)[C@@H]([C@H](C)CCCC(C)(C)O)CC[C@@H]23)C[C@@H](O)[C@H](CCn2ncnn2)[C@@H]1O,CYP2C9,0
C=C1/C(=C\C=C2/CCC[C@]3(C)[C@@H]([C@H](C)CCCC(C)(C)O)CC[C@@H]23)C[C@@H](O)[C@H](CCn2ncnn2)[C@@H]1O,CYP2D6,0
C=C1/C(=C\C=C2/CCC[C@]3(C)[C@@H]([C@H](C)CCCC(C)(C)O)CC[C@@H]23)C[C@@H](O)[C@H](CCn2ncnn2)[C@@H]1O,CYP2E1,0
C=C1/C(=C\C=C2/CCC[C@]3(C)[C@@H]([C@H](C)CCCC(C)(C)O)CC[C@@H]23)C[C@@H](O)[C@H](CCn2ncnn2)[C@@H]1O,CYP3A4,1
C=C1/C(=C\C=C2/CCC[C@]3(C)[C@@H]([C@H](C)CCCC(C)C)CC[C@@H]23)C[C@@H](O)C[C@@H]1O,CYP3A4,1
C=C1/C(=C\C=C2/CCC[C@]3(C)[C@@H]([C@H](C)CC[C@@H](O)C(C)C)CC[C@@H]23)C[C@@H](O)C[C@@H]1O,CYP2C8,0
C=C1/C(=C\C=C2/CCC[C@]3(C)[C@@H]([C@H](C)CC[C@@H](O)C(C)C)CC[C@@H]23)C[C@@H](O)C[C@@H]1O,CYP3A4,0
C=C1/C(=C\C=C2/CCC[C@]3(C)[C@@H]([C@H](C)OCCC(C)(C)O)CC[C@@H]23)C[C@@H](O)C[C@@H]1O,CYP2A6,0
C=C1/C(=C\C=C2/CCC[C@]3(C)[C@@H]([C@H](C)OCCC(C)(C)O)CC[C@@H]23)C[C@@H](O)C[C@@H]1O,CYP2C19,0
C=C1C(=O)O[C@@H]2/C=C(/C)[C@@H](OC(C)=O)C/C=C(/COC(C)=O)C[C@@H](OC(=O)/C(C)=C/CO)[C@@H]12,CYP1A2,1
C=C1C(=O)O[C@@H]2/C=C(/C)[C@@H](OC(C)=O)C/C=C(/COC(C)=O)C[C@@H](OC(=O)/C(C)=C/CO)[C@@H]12,CYP2C19,1
C=C1C(=O)O[C@@H]2/C=C(/C)[C@@H](OC(C)=O)C/C=C(/COC(C)=O)C[C@@H](OC(=O)/C(C)=C/CO)[C@@H]12,CYP2C9,1
C=C1C(=O)O[C@@H]2/C=C(/C)[C@@H](OC(C)=O)C/C=C(/COC(C)=O)C[C@@H](OC(=O)/C(C)=C/CO)[C@@H]12,CYP2D6,1
C=C1C(=O)O[C@@H]2/C=C(/C)[C@@H](OC(C)=O)C/C=C(/COC(C)=O)C[C@@H](OC(=O)/C(C)=C/CO)[C@@H]12,CYP3A4,1
C=C1C(=O)O[C@@H]2/C=C(\C)[C@@H](OC(C)=O)C/C=C(\COC(C)=O)C[C@@H](OC(=O)/C(C)=C/CO)[C@@H]12,CYP1A2,1
C=C1C(=O)O[C@@H]2/C=C(\C)[C@@H](OC(C)=O)C/C=C(\COC(C)=O)C[C@@H](OC(=O)/C(C)=C/CO)[C@@H]12,CYP2C19,1
C=C1C(=O)O[C@@H]2/C=C(\C)[C@@H](OC(C)=O)C/C=C(\COC(C)=O)C[C@@H](OC(=O)/C(C)=C/CO)[C@@H]12,CYP2C9,1
C=C1C(=O)O[C@@H]2/C=C(\C)[C@@H](OC(C)=O)C/C=C(\COC(C)=O)C[C@@H](OC(=O)/C(C)=C/CO)[C@@H]12,CYP2D6,1
C=C1C(=O)O[C@@H]2/C=C(\C)[C@@H](OC(C)=O)C/C=C(\COC(C)=O)C[C@@H](OC(=O)/C(C)=C/CO)[C@@H]12,CYP3A4,1
C=C1C(=O)O[C@@H]2C[C@@H](C)[C@@H]3C=CC(=O)[C@@]3(C)[C@@H](O)[C@H]12,CYP1A2,0
C=C1C(=O)O[C@@H]2C[C@@H](C)[C@@H]3C=CC(=O)[C@@]3(C)[C@@H](O)[C@H]12,CYP2B6,1
C=C1C(=O)O[C@@H]2C[C@@H](C)[C@@H]3C=CC(=O)[C@@]3(C)[C@@H](O)[C@H]12,CYP2C19,0
C=C1C(=O)O[C@@H]2C[C@@H](C)[C@@H]3C=CC(=O)[C@@]3(C)[C@@H](O)[C@H]12,CYP2C8,0
C=C1C(=O)O[C@@H]2C[C@@H](C)[C@@H]3C=CC(=O)[C@@]3(C)[C@@H](O)[C@H]12,CYP2C9,0
C=C1C(=O)O[C@@H]2C[C@@H](C)[C@@H]3C=CC(=O)[C@@]3(C)[C@@H](O)[C@H]12,CYP2D6,0
C=C1C(=O)O[C@@H]2C[C@@H](C)[C@@H]3C=CC(=O)[C@@]3(C)[C@@H](O)[C@H]12,CYP2E1,0
C=C1C(=O)O[C@@H]2C[C@@H](C)[C@@H]3C=CC(=O)[C@@]3(C)[C@@H](O)[C@H]12,CYP3A4,1
C=C1C(=O)O[C@H]2[C@H]1CC/C(C)=C/CC[C@@]1(C)O[C@@H]21,CYP2C9,0
C=C1C(=O)O[C@H]2[C@H]1CC/C(C)=C/CC[C@@]1(C)O[C@@H]21,CYP3A4,0
C=C1C/C(=C/C)C(=O)O[C@@H]2CCN3CC=C(COC(=O)[C@@]1(O)CO)[C@H]23,CYP2A6,1
C=C1C/C(=C/C)C(=O)O[C@@H]2CCN3CC=C(COC(=O)[C@@]1(O)CO)[C@H]23,CYP2B6,1
C=C1C/C(=C/C)C(=O)O[C@@H]2CCN3CC=C(COC(=O)[C@@]1(O)CO)[C@H]23,CYP2D6,1
C=C1C/C(=C/C)C(=O)O[C@@H]2CCN3CC=C(COC(=O)[C@@]1(O)CO)[C@H]23,CYP3A4,1
C=C1C/C(=C/C)C(=O)O[C@@H]2CCN3CC=C(COC(=O)[C@]1(C)O)[C@H]23,CYP2A6,1
C=C1C/C(=C/C)C(=O)O[C@@H]2CCN3CC=C(COC(=O)[C@]1(C)O)[C@H]23,CYP2B6,1
C=C1C/C(=C/C)C(=O)O[C@@H]2CCN3CC=C(COC(=O)[C@]1(C)O)[C@H]23,CYP2C19,1
C=C1C/C(=C/C)C(=O)O[C@@H]2CCN3CC=C(COC(=O)[C@]1(C)O)[C@H]23,CYP2D6,1
C=C1C/C(=C/C)C(=O)O[C@@H]2CCN3CC=C(COC(=O)[C@]1(C)O)[C@H]23,CYP2E1,1
C=C1C/C(=C/C)C(=O)O[C@@H]2CCN3CC=C(COC(=O)[C@]1(C)O)[C@H]23,CYP3A4,1
C=C1CC/C=C(/C)CC[C@@H]2[C@@H]1CC2(C)C,CYP2C9,0
C=C1CC/C=C(/C)CC[C@@H]2[C@@H]1CC2(C)C,CYP3A4,0
C=C1CCC[C@]2(C)CC[C@@H](C(C)(C)O)C[C@@H]12,CYP2C19,1
C=C1CCC[C@]2(C)CC[C@@H](C(C)(C)O)C[C@@H]12,CYP3A4,1
C=C1CC[C@@H]2[C@](C)(CO)[C@H](O)CC[C@@]2(C)[C@@H]1C/C=C1/C(=O)OC[C@H]1O,CYP2C8,0
C=C1CC[C@@H]2[C@](C)(CO)[C@H](O)CC[C@@]2(C)[C@@H]1C/C=C1/C(=O)OC[C@H]1O,CYP3A4,0
C=C1CC[C@@]2(O)[C@H]3Cc4ccc(O)c5c4[C@@]2(CCN3CC2CC2)[C@H]1O5,CYP2C19,0
C=C1CC[C@@]2(O)[C@H]3Cc4ccc(O)c5c4[C@@]2(CCN3CC2CC2)[C@H]1O5,CYP2D6,0
C=C1CC[C@@]2(O)[C@H]3Cc4ccc(O)c5c4[C@@]2(CCN3CC2CC2)[C@H]1O5,CYP3A4,1
C=C1CC[C@H](O)C/C1=C/C=C1\CCC[C@]2(C)[C@@H]([C@H](C)/C=C/[C@H](C)C(C)C)CC[C@@H]12,CYP3A4,1
C=C1CC[C@H](O)C/C1=C/C=C1\CCC[C@]2(C)[C@@H]([C@H](C)CCC(O)C(C)(C)O)CC[C@@H]12,CYP2D6,0
C=C1CC[C@H](O)C/C1=C/C=C1\CCC[C@]2(C)[C@@H]([C@H](C)CCC(O)C(C)(C)O)CC[C@@H]12,CYP3A4,0
C=C1CC[C@H](O)C/C1=C/C=C1\CCC[C@]2(C)[C@@H]([C@H](C)CCCC(C)(C)O)CC[C@@H]12,CYP3A4,1
C=C1CC[C@H](O)C/C1=C/C=C1\CCC[C@]2(C)[C@@H]([C@H](C)CCCC(C)C)CC[C@@H]12,CYP3A4,1
C=C1CC[C@H]2[C@H](CN)[C@@H]([C@@]3(C)CC[C@H](O)C[C@@H]3CO)CC[C@]12C,CYP1A2,0
C=C1CC[C@H]2[C@H](CN)[C@@H]([C@@]3(C)CC[C@H](O)C[C@@H]3CO)CC[C@]12C,CYP2C19,0
C=C1C[C@@H]2[C@H](CC[C@]3(C)C(=O)CC[C@@H]23)[C@@]2(C)C=CC(=O)C=C12,CYP2A6,1
C=C1C[C@@H]2[C@H](CC[C@]3(C)C(=O)CC[C@@H]23)[C@@]2(C)C=CC(=O)C=C12,CYP2B6,1
C=C1C[C@@H]2[C@H](CC[C@]3(C)C(=O)CC[C@@H]23)[C@@]2(C)C=CC(=O)C=C12,CYP3A4,1
C=C1C[C@H]2[C@@H]3C=C(C)C4=CC(=O)CC[C@]4(C)[C@H]3CC[C@]2(C)[C@@]1(OC(C)=O)C(C)=O,CYP1A2,1
C=C1C[C@H]2[C@@H]3C=C(C)C4=CC(=O)CC[C@]4(C)[C@H]3CC[C@]2(C)[C@@]1(OC(C)=O)C(C)=O,CYP2C19,1
C=C1C[C@H]2[C@@H]3C=C(C)C4=CC(=O)CC[C@]4(C)[C@H]3CC[C@]2(C)[C@@]1(OC(C)=O)C(C)=O,CYP2C8,1
C=C1C[C@H]2[C@@H]3C=C(C)C4=CC(=O)CC[C@]4(C)[C@H]3CC[C@]2(C)[C@@]1(OC(C)=O)C(C)=O,CYP2C9,1
C=C1C[C@H]2[C@@H]3C=C(C)C4=CC(=O)CC[C@]4(C)[C@H]3CC[C@]2(C)[C@@]1(OC(C)=O)C(C)=O,CYP2D6,1
C=C1C[C@H]2[C@@H]3C=C(C)C4=CC(=O)CC[C@]4(C)[C@H]3CC[C@]2(C)[C@@]1(OC(C)=O)C(C)=O,CYP3A4,1
C=C1C[C@H]2[C@@H]3CCC4=CC(=O)CC[C@@H]4[C@H]3CC[C@]2(C)[C@@]1(O)C(C)=O,CYP2C9,0
C=C1C[C@H]2[C@@H]3CCC4=CC(=O)CC[C@@H]4[C@H]3CC[C@]2(C)[C@@]1(OC(C)=O)C(C)=O,CYP3A4,1
C=C1O[C@H](O)[C@H](O)[C@@H](O)[C@@H]1N[C@H]1C=C(C=O)C(=O)[C@H](O)[C@H]1O,CYP2D6,0
C=C1O[C@H](O)[C@H](O)[C@@H](O)[C@@H]1N[C@H]1C=C(C=O)C(=O)[C@H](O)[C@H]1O,CYP3A4,0
C=C1[C@H](CO)[C@@H](O)C[C@@H]1n1cnc2c(=O)[nH]c(N)nc21,CYP1A2,0
C=C1[C@H](CO)[C@@H](O)C[C@@H]1n1cnc2c(=O)[nH]c(N)nc21,CYP2A6,0
C=C1[C@H](CO)[C@@H](O)C[C@@H]1n1cnc2c(=O)[nH]c(N)nc21,CYP2B6,0
C=C1[C@H](CO)[C@@H](O)C[C@@H]1n1cnc2c(=O)[nH]c(N)nc21,CYP2C19,0
C=C1[C@H](CO)[C@@H](O)C[C@@H]1n1cnc2c(=O)[nH]c(N)nc21,CYP2C8,0
C=C1[C@H](CO)[C@@H](O)C[C@@H]1n1cnc2c(=O)[nH]c(N)nc21,CYP2C9,0
C=C1[C@H](CO)[C@@H](O)C[C@@H]1n1cnc2c(=O)[nH]c(N)nc21,CYP2D6,0
C=C1[C@H](CO)[C@@H](O)C[C@@H]1n1cnc2c(=O)[nH]c(N)nc21,CYP2E1,0
C=C1[C@H](CO)[C@@H](O)C[C@@H]1n1cnc2c(=O)[nH]c(N)nc21,CYP3A4,0
C=CC(=C)C,CYP2A6,1
C=CC(=C)C,CYP2B6,1
C=CC(=C)C,CYP2D6,1
C=CC(=C)C,CYP2E1,1
C=CC(=O)N1CC[C@H](n2nc(C#Cc3cc(OC)cc(OC)c3)c3c(N)ncnc32)C1,CYP2C9,1
C=CC(=O)N1CC[C@H](n2nc(C#Cc3cc(OC)cc(OC)c3)c3c(N)ncnc32)C1,CYP2D6,1
C=CC(=O)N1C[C@H](Nc2ncnc3[nH]ccc23)CC[C@@H]1C,CYP1A2,1
C=CC(=O)N1C[C@H](Nc2ncnc3[nH]ccc23)CC[C@@H]1C,CYP2C8,1
C=CC(=O)NC1CCN(c2ncc3ncnc(Nc4ccc(Oc5ccc6c(c5)ncn6C)c(C)c4)c3n2)CC1,CYP2A6,0
C=CC(=O)NC1CCN(c2ncc3ncnc(Nc4ccc(Oc5ccc6c(c5)ncn6C)c(C)c4)c3n2)CC1,CYP2C8,0
C=CC(=O)Nc1cc(Nc2ncc(C(=O)OC(C)C)c(-c3cn(C)c4ccccc34)n2)c(OC)cc1N(C)CCN(C)C,CYP3A4,1
C=CC(=O)Nc1cc(Nc2nccc(-c3cn(C)c4ccccc34)n2)c(OC)cc1N(C)CCN(C)C,CYP1A2,1
C=CC(=O)Nc1cc(Nc2nccc(-c3cn(C)c4ccccc34)n2)c(OC)cc1N(C)CCN(C)C,CYP2A6,1
C=CC(=O)Nc1cc(Nc2nccc(-c3cn(C)c4ccccc34)n2)c(OC)cc1N(C)CCN(C)C,CYP2B6,1
C=CC(=O)Nc1cc(Nc2nccc(-c3cn(C)c4ccccc34)n2)c(OC)cc1N(C)CCN(C)C,CYP2C8,1
C=CC(=O)Nc1cc(Nc2nccc(-c3cn(C)c4ccccc34)n2)c(OC)cc1N(C)CCN(C)C,CYP3A4,1
C=CC(=O)Nc1ccc2ncnc(Nc3ccc(OCc4cccc(F)c4)c(Cl)c3)c2c1,CYP1A2,1
C=CC(=O)Nc1ccc2ncnc(Nc3ccc(OCc4cccc(F)c4)c(Cl)c3)c2c1,CYP2C8,1
C=CC(=O)Nc1ccc2ncnc(Nc3ccc(OCc4cccc(F)c4)c(Cl)c3)c2c1,CYP2C9,0
C=CC(=O)Nc1ccc2ncnc(Nc3ccc(OCc4cccc(F)c4)c(Cl)c3)c2c1,CYP3A4,1
C=CC(C)(C)c1[nH]cnc1/C=C1\NC(=O)[C@@H](Cc2ccccc2)NC1=O,CYP1A2,0
C=CC(C)(C)c1[nH]cnc1/C=C1\NC(=O)[C@@H](Cc2ccccc2)NC1=O,CYP2A6,0
C=CC(C)(C)c1[nH]cnc1/C=C1\NC(=O)[C@@H](Cc2ccccc2)NC1=O,CYP2B6,0
C=CC(C)(C)c1[nH]cnc1/C=C1\NC(=O)[C@@H](Cc2ccccc2)NC1=O,CYP2C8,0
C=CC(C)(C)c1[nH]cnc1/C=C1\NC(=O)[C@@H](Cc2ccccc2)NC1=O,CYP2C9,0
C=CC(C)(C)c1[nH]cnc1/C=C1\NC(=O)[C@@H](Cc2ccccc2)NC1=O,CYP2D6,0
C=CC(C)(C)c1[nH]cnc1/C=C1\NC(=O)[C@@H](Cc2ccccc2)NC1=O,CYP3A4,1
C=CC(C)(C)c1[nH]cnc1/C=C1\NC(=O)[C@H](Cc2ccccc2)NC1=O,CYP1A2,0
C=CC(C)(C)c1[nH]cnc1/C=C1\NC(=O)[C@H](Cc2ccccc2)NC1=O,CYP2A6,0
C=CC(C)(C)c1[nH]cnc1/C=C1\NC(=O)[C@H](Cc2ccccc2)NC1=O,CYP2B6,0
C=CC(C)(C)c1[nH]cnc1/C=C1\NC(=O)[C@H](Cc2ccccc2)NC1=O,CYP2C8,0
C=CC(C)(C)c1[nH]cnc1/C=C1\NC(=O)[C@H](Cc2ccccc2)NC1=O,CYP2C9,0
C=CC(C)(C)c1[nH]cnc1/C=C1\NC(=O)[C@H](Cc2ccccc2)NC1=O,CYP2D6,0
C=CC(C)(C)c1[nH]cnc1/C=C1\NC(=O)[C@H](Cc2ccccc2)NC1=O,CYP3A4,1
C=CC(C)(C)c1c(O)cc(O)c2c(=O)c3c(CC=C(C)C)c(O)c(O)cc3oc12,CYP1A2,1
C=CC(C)(C)c1c(O)cc(O)c2c(=O)c3c(CC=C(C)C)c(O)c(O)cc3oc12,CYP2C19,1
C=CC(C)(C)c1c(O)cc(O)c2c(=O)c3c(CC=C(C)C)c(O)c(O)cc3oc12,CYP2D6,1
C=CC(C)(C)c1c(O)cc(O)c2c(=O)c3c(CC=C(C)C)c(O)c(O)cc3oc12,CYP3A4,1
C=CC(C)(O)CCC=C(C)C,CYP2C19,1
C=CC(C)(O)CCC=C(C)C,CYP2D6,1
C=CC1(C)CO1,CYP2E1,1
C=CC1CC=CCC1,CYP2B6,1
C=CC1CC=CCC1,CYP2E1,1
C=CC1CCC2OC2C1,CYP2A6,1
C=CC1CCC2OC2C1,CYP2B6,1
C=CC1CCC2OC2C1,CYP2E1,1
C=CC1CCC2OC2C1,CYP3A4,1
C=CC1CO1,CYP1A2,0
C=CC1CO1,CYP2A6,1
C=CC1CO1,CYP2B6,0
C=CC1CO1,CYP2C9,1
C=CC1CO1,CYP2D6,0
C=CC1CO1,CYP2E1,1
C=CC1CO1,CYP3A4,0
C=CC=C,CYP2A6,1
C=CC=C,CYP2E1,1
C=CC=C,CYP3A4,0
C=CCC1(C(C)C#CCC)C(=O)NC(=O)N(C)C1=O,CYP2C8,0
C=CCC1(C(C)CC)C(=O)NC(=O)NC1=O,CYP1A2,0
C=CCC1(CC(C)O)C(=O)NC(=O)NC1=O,CYP2C8,0
C=CCC1=C(C)[C@@H](OC(=O)[C@@H]2[C@@H](C=C(C)C)C2(C)C)CC1=O,CYP2C19,1
C=CCC1=C(C)[C@@H](OC(=O)[C@@H]2[C@@H](C=C(C)C)C2(C)C)CC1=O,CYP2C8,1
C=CCC1NS(=O)(=O)OC2CCCCC12,CYP2A6,0
C=CCC1NS(=O)(=O)OC2CCCCC12,CYP2C9,0
C=CCCCCCCCCC(=O)O[C@H]1CC[C@H]2[C@@H]3CCC4=CC(=O)C=C[C@]4(C)[C@H]3CC[C@]12C,CYP2C8,0
C=CCCCn1c(=O)c2c(ncn2C)n(C)c1=O,CYP3A4,1
C=CCCO[C@@H]1O[C@@H](C)[C@H](O)C[C@H]1O,CYP2A6,0
C=CCCO[C@@H]1O[C@@H](C)[C@H](O)C[C@H]1O,CYP2E1,0
C=CCN(C(=O)CNC(=O)c1ccco1)C(C(=O)NC1CCCC1)c1ccc(OC)cc1,CYP2B6,0
C=CCN/C(N)=N/CCC[C@H](N)C(=O)O,CYP1A2,0
C=CCN/C(N)=N/CCC[C@H](N)C(=O)O,CYP3A4,0
C=CCN1CC[C@]23CCCC[C@H]2[C@H]1Cc1ccc(O)cc13,CYP2D6,1
C=CCN1CC[C@]23CCCC[C@H]2[C@H]1Cc1ccc(O)cc13,CYP3A4,1
C=CCN1CC[C@]23c4c5ccc(O)c4O[C@H]2C(=O)CC[C@@]3(O)[C@H]1C5,CYP1A2,0
C=CCN1CC[C@]23c4c5ccc(O)c4O[C@H]2C(=O)CC[C@@]3(O)[C@H]1C5,CYP2A6,0
C=CCN1CC[C@]23c4c5ccc(O)c4O[C@H]2C(=O)CC[C@@]3(O)[C@H]1C5,CYP2C19,1
C=CCN1CC[C@]23c4c5ccc(O)c4O[C@H]2C(=O)CC[C@@]3(O)[C@H]1C5,CYP2E1,0
C=CCN1CC[C@]23c4c5ccc(O)c4O[C@H]2C(=O)CC[C@@]3(O)[C@H]1C5,CYP3A4,1
C=CCN1CC[C@]23c4c5ccc(O)c4O[C@H]2[C@@H](OCCOCCOCCOCCOCCOCCOCCOC)CC[C@@]3(O)[C@H]1C5,CYP3A4,1
C=CCN1C[C@H](C(=O)N(CCCN(C)C)C(=O)NCC)C[C@@H]2c3cccc4[nH]cc(c34)C[C@H]21,CYP3A4,1
C=CCNC1=C2C[C@@H](C)C[C@H](OC)[C@H](O)[C@@H](C)/C=C(\C)[C@H](OC(N)=O)[C@@H](OC)/C=C\C=C(/C)C(=O)NC(=CC1=O)C2=O,CYP3A4,1
C=CCOc1ccccc1OCC(O)CNC(C)C,CYP2D6,1
C=CCSSCC=C,CYP2A6,1
C=CCSSCC=C,CYP2C19,1
C=CCSSCC=C,CYP2C8,1
C=CCSSCC=C,CYP2C9,1
C=CCSSCC=C,CYP2D6,1
C=CCSSCC=C,CYP2E1,1
C=CC[C@@H](C=O)[C@H]1CCC[C@@H]1O,CYP1A2,0
C=CC[C@@H](C=O)[C@H]1CCC[C@@H]1O,CYP2C19,0
C=CC[C@@H](C=O)[C@H]1CCC[C@@H]1O,CYP3A4,0
C=CC[C@]1(O)CC[C@H]2[C@@H]3CCC4=CC(=O)CCC4=C3C=C[C@@]21C,CYP2C8,0
C=CC[C@]1(O)CC[C@H]2[C@@H]3CCC4=CC(=O)CCC4=C3C=C[C@@]21C,CYP2C9,0
C=CCc1cc(OC)c(OC)c(OC)c1,CYP1A2,1
C=CCc1cc(OC)c(OC)c(OC)c1,CYP2B6,1
C=CCc1cc(OC)c(OC)c(OC)c1,CYP3A4,1
C=CCc1cc(OC)c2c(c1)OCO2,CYP1A2,1
C=CCc1cc(OC)c2c(c1)OCO2,CYP2A6,0
C=CCc1cc(OC)c2c(c1)OCO2,CYP2C19,0
C=CCc1cc(OC)c2c(c1)OCO2,CYP2D6,0
C=CCc1cc(OC)c2c(c1)OCO2,CYP2E1,0
C=CCc1cc(OC)c2c(c1)OCO2,CYP3A4,1
C=CCc1ccc(O)c(OC)c1,CYP1A2,1
C=CCc1ccc(O)c(OC)c1,CYP2C9,1
C=CCc1ccc(O)c(OC)c1,CYP2D6,1
C=CCc1ccc(O)c(OC)c1,CYP2E1,1
C=CCc1ccc(OC)c(OC)c1,CYP2A6,0
C=CCc1ccc(OC)c(OC)c1,CYP2B6,0
C=CCc1ccc(OC)c(OC)c1,CYP2C19,1
C=CCc1ccc(OC)c(OC)c1,CYP2C8,0
C=CCc1ccc(OC)c(OC)c1,CYP2C9,1
C=CCc1ccc(OC)c(OC)c1,CYP2D6,1
C=CCc1ccc(OC)c(OC)c1,CYP3A4,0
C=CCc1ccc(OC)cc1,CYP1A2,1
C=CCc1ccc(OC)cc1,CYP2A6,1
C=CCc1ccc2c(c1)OCO2,CYP2A6,1
C=CCc1ccc2c(c1)OCO2,CYP2C9,1
C=CCc1ccc2c(c1)OCO2,CYP2D6,1
C=CCc1ccc2c(c1)OCO2,CYP2E1,1
C=CCc1ccc2c(c1)OCO2,CYP3A4,1
C=CCc1ccccc1OCC(O)CNC(C)C,CYP2D6,1
C=CCn1c(N)cc(=O)n(CC)c1=O,CYP2C8,0
C=CO/N=[N+](\[O-])N1CCCC1,CYP2A6,1
C=CO/N=[N+](\[O-])N1CCCC1,CYP2B6,1
C=CO/N=[N+](\[O-])N1CCCC1,CYP2E1,1
C=C[C@@H](C)CCCC(C)(C)O,CYP2C8,0
C=C[C@@H](C)CCCC(C)(C)O,CYP3A4,0
C=C[C@@H](O)CCCCC,CYP2C9,0
C=C[C@@H](O)CCCCC,CYP3A4,0
C=C[C@@H]1C[C@]1(NC(=O)[C@@H]1C[C@@H](Oc2ncc(OC)c3ccc(Cl)cc23)CN1C(=O)[C@@H](NC(=O)OC(C)(C)C)C(C)(C)C)C(=O)NS(=O)(=O)C1CC1,CYP2C8,0
C=C[C@@H]1C[C@]1(NC(=O)[C@@H]1C[C@@H](Oc2ncc(OC)c3ccc(Cl)cc23)CN1C(=O)[C@@H](NC(=O)OC(C)(C)C)C(C)(C)C)C(=O)NS(=O)(=O)C1CC1,CYP2E1,0
C=C[C@@H]1C[C@]1(NC(=O)[C@@H]1C[C@@H](Oc2ncc(OC)c3ccc(Cl)cc23)CN1C(=O)[C@@H](NC(=O)OC(C)(C)C)C(C)(C)C)C(=O)NS(=O)(=O)C1CC1,CYP3A4,1
C=C[C@@](C)(/C=C/c1ccc(O)cc1)CCC=C(C)C,CYP1A2,1
C=C[C@@]1(C)CC(=O)[C@]2(O)[C@@]3(C)[C@@H](O)CCC(C)(C)[C@@H]3[C@H](O)[C@H](OC(C)=O)[C@@]2(C)O1,CYP2C19,1
C=C[C@@]1(C)CC(=O)[C@]2(O)[C@@]3(C)[C@@H](O)CCC(C)(C)[C@@H]3[C@H](O)[C@H](OC(C)=O)[C@@]2(C)O1,CYP2C9,1
C=C[C@@]1(C)CC(=O)[C@]2(O)[C@@]3(C)[C@@H](O)CCC(C)(C)[C@@H]3[C@H](O)[C@H](OC(C)=O)[C@@]2(C)O1,CYP3A4,1
C=C[C@@]12CN(C)[C@H]3C[C@]14C(=Nc1ccccc14)[C@@H]1C[C@@H]2[C@@H]3CO1,CYP1A2,0
C=C[C@@]12CN(C)[C@H]3C[C@]14C(=Nc1ccccc14)[C@@H]1C[C@@H]2[C@@H]3CO1,CYP2A6,0
C=C[C@@]12CN(C)[C@H]3C[C@]14C(=Nc1ccccc14)[C@@H]1C[C@@H]2[C@@H]3CO1,CYP2B6,1
C=C[C@@]12CN(C)[C@H]3C[C@]14C(=Nc1ccccc14)[C@@H]1C[C@@H]2[C@@H]3CO1,CYP2C19,1
C=C[C@@]12CN(C)[C@H]3C[C@]14C(=Nc1ccccc14)[C@@H]1C[C@@H]2[C@@H]3CO1,CYP2C8,0
C=C[C@@]12CN(C)[C@H]3C[C@]14C(=Nc1ccccc14)[C@@H]1C[C@@H]2[C@@H]3CO1,CYP2C9,0
C=C[C@@]12CN(C)[C@H]3C[C@]14C(=Nc1ccccc14)[C@@H]1C[C@@H]2[C@@H]3CO1,CYP2D6,1
C=C[C@@]12CN(C)[C@H]3C[C@]14C(=Nc1ccccc14)[C@@H]1C[C@@H]2[C@@H]3CO1,CYP2E1,0
C=C[C@@]12CN(C)[C@H]3C[C@]14C(=Nc1ccccc14)[C@@H]1C[C@@H]2[C@@H]3CO1,CYP3A4,1
C=C[C@@]12CN[C@H]3C[C@]14C(=Nc1ccccc14)[C@@H]1C[C@@H]2[C@@H]3CO1,CYP1A2,0
C=C[C@@]12CN[C@H]3C[C@]14C(=Nc1ccccc14)[C@@H]1C[C@@H]2[C@@H]3CO1,CYP2A6,0
C=C[C@@]12CN[C@H]3C[C@]14C(=Nc1ccccc14)[C@@H]1C[C@@H]2[C@@H]3CO1,CYP2B6,0
C=C[C@@]12CN[C@H]3C[C@]14C(=Nc1ccccc14)[C@@H]1C[C@@H]2[C@@H]3CO1,CYP2C19,0
C=C[C@@]12CN[C@H]3C[C@]14C(=Nc1ccccc14)[C@@H]1C[C@@H]2[C@@H]3CO1,CYP2C8,0
C=C[C@@]12CN[C@H]3C[C@]14C(=Nc1ccccc14)[C@@H]1C[C@@H]2[C@@H]3CO1,CYP2C9,0
C=C[C@@]12CN[C@H]3C[C@]14C(=Nc1ccccc14)[C@@H]1C[C@@H]2[C@@H]3CO1,CYP2D6,0
C=C[C@@]12CN[C@H]3C[C@]14C(=Nc1ccccc14)[C@@H]1C[C@@H]2[C@@H]3CO1,CYP2E1,0
C=C[C@@]12CN[C@H]3C[C@]14C(=Nc1ccccc14)[C@@H]1C[C@@H]2[C@@H]3CO1,CYP3A4,1
C=C[C@H]1CN2CC[C@@]3(C(=O)Nc4ccccc43)[C@@H]2C[C@@H]1/C(=C\OC)C(=O)OC,CYP2C19,1
C=C[C@H]1CN2CC[C@@]3(C(=O)Nc4ccccc43)[C@@H]2C[C@@H]1/C(=C\OC)C(=O)OC,CYP2D6,1
C=C[C@H]1CN2CC[C@H]1C[C@@H]2[C@@H](O)c1ccnc2ccc(OC)cc12,CYP2C9,1
C=C[C@H]1CN2CC[C@H]1C[C@@H]2[C@@H](O)c1ccnc2ccc(OC)cc12,CYP2E1,1
C=C[C@H]1CN2CC[C@H]1C[C@@H]2[C@@H](O)c1ccnc2ccc(OC)cc12,CYP3A4,1
C=C[C@H]1CN2CC[C@H]1C[C@H]2[C@H](O)c1ccnc2ccc(OC)cc12,CYP2C19,1
C=C[C@H]1CN2CC[C@H]1C[C@H]2[C@H](O)c1ccnc2ccc(OC)cc12,CYP3A4,1
C=C[C@]1(C)CC[C@@H](C(=C)C)C[C@H]1C(=C)C,CYP3A4,0
C=C[C@]1(C)C[C@@H](OC(=O)CSC(C)(C)CNC(=O)[C@H](N)C(C)C)[C@]2(C)[C@H](C)CC[C@]3(CCC(=O)[C@H]32)[C@@H](C)[C@@H]1O,CYP1A2,0
C=C[C@]1(C)C[C@@H](OC(=O)CSC(C)(C)CNC(=O)[C@H](N)C(C)C)[C@]2(C)[C@H](C)CC[C@]3(CCC(=O)[C@H]32)[C@@H](C)[C@@H]1O,CYP2B6,0
C=C[C@]1(C)C[C@@H](OC(=O)CSC(C)(C)CNC(=O)[C@H](N)C(C)C)[C@]2(C)[C@H](C)CC[C@]3(CCC(=O)[C@H]32)[C@@H](C)[C@@H]1O,CYP2C19,0
C=C[C@]1(C)C[C@@H](OC(=O)CSC(C)(C)CNC(=O)[C@H](N)C(C)C)[C@]2(C)[C@H](C)CC[C@]3(CCC(=O)[C@H]32)[C@@H](C)[C@@H]1O,CYP2C8,0
C=C[C@]1(C)C[C@@H](OC(=O)CSC(C)(C)CNC(=O)[C@H](N)C(C)C)[C@]2(C)[C@H](C)CC[C@]3(CCC(=O)[C@H]32)[C@@H](C)[C@@H]1O,CYP2C9,0
C=C[C@]1(C)C[C@@H](OC(=O)CSC(C)(C)CNC(=O)[C@H](N)C(C)C)[C@]2(C)[C@H](C)CC[C@]3(CCC(=O)[C@H]32)[C@@H](C)[C@@H]1O,CYP2D6,0
C=C[C@]1(C)C[C@@H](OC(=O)CSC(C)(C)CNC(=O)[C@H](N)C(C)C)[C@]2(C)[C@H](C)CC[C@]3(CCC(=O)[C@H]32)[C@@H](C)[C@@H]1O,CYP3A4,1
C=C[C@]1(C)C[C@@H](OC(=O)CSC2C[C@H]3CC[C@@H](C2)N3C)[C@]2(C)[C@H](C)CC[C@]3(CCC(=O)[C@H]32)[C@@H](C)[C@@H]1O,CYP1A2,0
C=C[C@]1(C)C[C@@H](OC(=O)CSC2C[C@H]3CC[C@@H](C2)N3C)[C@]2(C)[C@H](C)CC[C@]3(CCC(=O)[C@H]32)[C@@H](C)[C@@H]1O,CYP2B6,0
C=C[C@]1(C)C[C@@H](OC(=O)CSC2C[C@H]3CC[C@@H](C2)N3C)[C@]2(C)[C@H](C)CC[C@]3(CCC(=O)[C@H]32)[C@@H](C)[C@@H]1O,CYP2C19,0
C=C[C@]1(C)C[C@@H](OC(=O)CSC2C[C@H]3CC[C@@H](C2)N3C)[C@]2(C)[C@H](C)CC[C@]3(CCC(=O)[C@H]32)[C@@H](C)[C@@H]1O,CYP2C8,0
C=C[C@]1(C)C[C@@H](OC(=O)CSC2C[C@H]3CC[C@@H](C2)N3C)[C@]2(C)[C@H](C)CC[C@]3(CCC(=O)[C@H]32)[C@@H](C)[C@@H]1O,CYP2C9,0
C=C[C@]1(C)C[C@@H](OC(=O)CSC2C[C@H]3CC[C@@H](C2)N3C)[C@]2(C)[C@H](C)CC[C@]3(CCC(=O)[C@H]32)[C@@H](C)[C@@H]1O,CYP2D6,0
C=C[C@]1(C)C[C@@H](OC(=O)CSC2C[C@H]3CC[C@@H](C2)N3C)[C@]2(C)[C@H](C)CC[C@]3(CCC(=O)[C@H]32)[C@@H](C)[C@@H]1O,CYP3A4,1
C=C[C@]1(C)C[C@@H](OC(=O)CSCCN(CC)CC)[C@]2(C)[C@H](C)CC[C@]3(CCC(=O)[C@H]32)[C@@H](C)[C@@H]1O,CYP1A2,0
C=C[C@]1(C)C[C@@H](OC(=O)CSCCN(CC)CC)[C@]2(C)[C@H](C)CC[C@]3(CCC(=O)[C@H]32)[C@@H](C)[C@@H]1O,CYP2B6,0
C=C[C@]1(C)C[C@@H](OC(=O)CSCCN(CC)CC)[C@]2(C)[C@H](C)CC[C@]3(CCC(=O)[C@H]32)[C@@H](C)[C@@H]1O,CYP2C19,0
C=C[C@]1(C)C[C@@H](OC(=O)CSCCN(CC)CC)[C@]2(C)[C@H](C)CC[C@]3(CCC(=O)[C@H]32)[C@@H](C)[C@@H]1O,CYP2C8,0
C=C[C@]1(C)C[C@@H](OC(=O)CSCCN(CC)CC)[C@]2(C)[C@H](C)CC[C@]3(CCC(=O)[C@H]32)[C@@H](C)[C@@H]1O,CYP2C9,0
C=C[C@]1(C)C[C@@H](OC(=O)CSCCN(CC)CC)[C@]2(C)[C@H](C)CC[C@]3(CCC(=O)[C@H]32)[C@@H](C)[C@@H]1O,CYP2D6,0
C=C[C@]1(C)C[C@@H](OC(=O)CSCCN(CC)CC)[C@]2(C)[C@H](C)CC[C@]3(CCC(=O)[C@H]32)[C@@H](C)[C@@H]1O,CYP3A4,1
C=Cc1ccccc1,CYP1A2,1
C=Cc1ccccc1,CYP2B6,1
C=Cc1ccccc1,CYP2C8,1
C=Cc1ccccc1,CYP2E1,1
C=Cc1ccccc1,CYP3A4,1
C=NC1=N[C@@H]2[C@@H](O)[C@H](O)[C@@H](CO)[C@@H]2O1,CYP2C9,0
C=NC1=N[C@@H]2[C@@H](O)[C@H](O)[C@@H](CO)[C@@H]2O1,CYP2D6,0
C=NC1=N[C@@H]2[C@@H](O)[C@H](O)[C@@H](CO)[C@@H]2O1,CYP3A4,0
CC#CCC(C)[C@H](O)/C=C/[C@@H]1[C@H]2C/C(=C/CCCC(=O)O)C[C@H]2C[C@H]1O,CYP2C8,0
CC#CCC(C)[C@H](O)/C=C/[C@@H]1[C@H]2C/C(=C/CCCC(=O)O)C[C@H]2C[C@H]1O,CYP3A4,0
CC#CCC(C)[C@H](O)/C=C/[C@@H]1[C@H]2c3cccc(CCCC(=O)O)c3O[C@H]2C[C@H]1O,CYP1A2,0
CC#CCC(C)[C@H](O)/C=C/[C@@H]1[C@H]2c3cccc(CCCC(=O)O)c3O[C@H]2C[C@H]1O,CYP2A6,0
CC#CCC(C)[C@H](O)/C=C/[C@@H]1[C@H]2c3cccc(CCCC(=O)O)c3O[C@H]2C[C@H]1O,CYP2B6,0
CC#CCC(C)[C@H](O)/C=C/[C@@H]1[C@H]2c3cccc(CCCC(=O)O)c3O[C@H]2C[C@H]1O,CYP2C19,0
CC#CCC(C)[C@H](O)/C=C/[C@@H]1[C@H]2c3cccc(CCCC(=O)O)c3O[C@H]2C[C@H]1O,CYP2C9,0
CC#CCC(C)[C@H](O)/C=C/[C@@H]1[C@H]2c3cccc(CCCC(=O)O)c3O[C@H]2C[C@H]1O,CYP2D6,0
CC#CCC(C)[C@H](O)/C=C/[C@@H]1[C@H]2c3cccc(CCCC(=O)O)c3O[C@H]2C[C@H]1O,CYP2E1,0
CC#CCC(C)[C@H](O)/C=C/[C@@H]1[C@H]2c3cccc(CCCC(=O)O)c3O[C@H]2C[C@H]1O,CYP3A4,0
CC#CCn1c(N2CCC[C@@H](N)C2)nc2c1c(=O)n(Cc1nc(C)c3ccccc3n1)c(=O)n2C,CYP1A2,0
CC#CCn1c(N2CCC[C@@H](N)C2)nc2c1c(=O)n(Cc1nc(C)c3ccccc3n1)c(=O)n2C,CYP2A6,0
CC#CCn1c(N2CCC[C@@H](N)C2)nc2c1c(=O)n(Cc1nc(C)c3ccccc3n1)c(=O)n2C,CYP2B6,0
CC#CCn1c(N2CCC[C@@H](N)C2)nc2c1c(=O)n(Cc1nc(C)c3ccccc3n1)c(=O)n2C,CYP2C19,0
CC#CCn1c(N2CCC[C@@H](N)C2)nc2c1c(=O)n(Cc1nc(C)c3ccccc3n1)c(=O)n2C,CYP2C8,0
CC#CCn1c(N2CCC[C@@H](N)C2)nc2c1c(=O)n(Cc1nc(C)c3ccccc3n1)c(=O)n2C,CYP2C9,0
CC#CCn1c(N2CCC[C@@H](N)C2)nc2c1c(=O)n(Cc1nc(C)c3ccccc3n1)c(=O)n2C,CYP2D6,0
CC#CCn1c(N2CCC[C@@H](N)C2)nc2c1c(=O)n(Cc1nc(C)c3ccccc3n1)c(=O)n2C,CYP2E1,0
CC#CCn1c(N2CCC[C@@H](N)C2)nc2c1c(=O)n(Cc1nc(C)c3ccccc3n1)c(=O)n2C,CYP3A4,1
CC#C[C@]1(O)CC[C@H]2[C@@H]3CCC4=CC(=O)CCC4=C3[C@@H](c3ccc(N(C)C)cc3)C[C@@]21C,CYP3A4,1
CC#C[C@]1(O)CC[C@H]2[C@@H]3CCC4=CC(=O)CCC4=C3[C@@H](c3ccc(NC)cc3)C[C@@]21C,CYP3A4,1
CC#Cc1cn([C@@H]2O[C@H](CO)[C@@H](O)[C@@H]2O)c(=O)[nH]c1=O,CYP3A4,0
CC(/C=C/C=C(C)/C=C/C(=O)O)=C\C=C\C=C(C)\C=C\C=C(C)\C=C\C(=O)O,CYP2C19,0
CC(/C=C/C=C(C)/C=C/C(=O)O)=C\C=C\C=C(C)\C=C\C=C(C)\C=C\C(=O)O,CYP2C8,0
CC(/C=C/C=C(C)/C=C/C(=O)O)=C\C=C\C=C(C)\C=C\C=C(C)\C=C\C(=O)O,CYP2D6,0
CC(/C=C/C=C(C)/C=C/C(=O)O)=C\C=C\C=C(C)\C=C\C=C(C)\C=C\C(=O)O,CYP3A4,0
CC(/C=C/C=C(\C)C(=O)O)=C\C=C\C=C(C)\C=C\C=C(/C)C(=O)O,CYP2B6,0
CC(/C=C/C=C(\C)C(=O)O)=C\C=C\C=C(C)\C=C\C=C(/C)C(=O)O,CYP2C19,0
CC(=CC(=O)O)/C=C(\C)C[C@H](C)CCCC[C@@H](O)[C@H](C=O)CO,CYP1A2,0
CC(=CC(=O)O)/C=C(\C)C[C@H](C)CCCC[C@@H](O)[C@H](C=O)CO,CYP3A4,0
CC(=O)/C=C/C1=C(C)CCCC1(C)C,CYP1A2,1
CC(=O)/C=C/C1=C(C)CCCC1(C)C,CYP2A6,0
CC(=O)/C=C/C1=C(C)CCCC1(C)C,CYP2B6,1
CC(=O)/C=C/C1=C(C)CCCC1(C)C,CYP2C19,0
CC(=O)/C=C/C1=C(C)CCCC1(C)C,CYP2C8,0
CC(=O)/C=C/C1=C(C)CCCC1(C)C,CYP2C9,0
CC(=O)/C=C/C1=C(C)CCCC1(C)C,CYP2D6,0
CC(=O)/C=C/C1=C(C)CCCC1(C)C,CYP2E1,0
CC(=O)/C=C/C1=C(C)CCCC1(C)C,CYP3A4,0
CC(=O)C(N)=O,CYP2C19,0
CC(=O)C(N)=O,CYP3A4,0
CC(=O)C(O)CCCCCNC(=N)NC(=N)NCc1ccc(Cl)c(Cl)c1,CYP2D6,1
CC(=O)C(O)CCCCCNC(=N)NC(=N)NCc1ccc(Cl)c(Cl)c1,CYP3A4,1
CC(=O)C=O,CYP2D6,0
CC(=O)C=O,CYP3A4,0
CC(=O)CC(c1ccc([N+](=O)[O-])cc1)c1c(O)c2ccccc2oc1=O,CYP1A2,1
CC(=O)CC(c1ccc([N+](=O)[O-])cc1)c1c(O)c2ccccc2oc1=O,CYP2C19,1
CC(=O)CC(c1ccc([N+](=O)[O-])cc1)c1c(O)c2ccccc2oc1=O,CYP2C9,1
CC(=O)CCC1C(=O)N(c2ccccc2)N(c2ccccc2)C1=O,CYP2C8,0
CC(=O)CCCCn1c(=O)c2c(ncn2C)n(C)c1=O,CYP1A2,1
CC(=O)CSC[C@H](N)C(=O)O,CYP2C8,0
CC(=O)CSC[C@H](N)C(=O)O,CYP3A4,0
CC(=O)C[C@@H](c1ccccc1)c1c(O)c2ccccc2oc1=O,CYP2C19,1
CC(=O)C[C@@H](c1ccccc1)c1c(O)c2ccccc2oc1=O,CYP2C8,1
CC(=O)C[C@@H](c1ccccc1)c1c(O)c2ccccc2oc1=O,CYP2C9,1
CC(=O)C[C@@H](c1ccccc1)c1c(O)c2ccccc2oc1=O,CYP3A4,1
CC(=O)C[C@H](c1ccccc1)c1c(O)c2ccccc2oc1=O,CYP1A2,1
CC(=O)C[C@H](c1ccccc1)c1c(O)c2ccccc2oc1=O,CYP2A6,0
CC(=O)C[C@H](c1ccccc1)c1c(O)c2ccccc2oc1=O,CYP2B6,0
CC(=O)C[C@H](c1ccccc1)c1c(O)c2ccccc2oc1=O,CYP2C19,1
CC(=O)C[C@H](c1ccccc1)c1c(O)c2ccccc2oc1=O,CYP2C8,1
CC(=O)C[C@H](c1ccccc1)c1c(O)c2ccccc2oc1=O,CYP2C9,1
CC(=O)C[C@H](c1ccccc1)c1c(O)c2ccccc2oc1=O,CYP2D6,0
CC(=O)C[C@H](c1ccccc1)c1c(O)c2ccccc2oc1=O,CYP2E1,0
CC(=O)C[C@H](c1ccccc1)c1c(O)c2ccccc2oc1=O,CYP3A4,1
CC(=O)Cl,CYP2C19,0
CC(=O)Cl,CYP3A4,0
CC(=O)N(C)c1cccc(-c2ccnc3c(C(=O)c4cccs4)cnn23)c1,CYP1A2,1
CC(=O)N(C)c1cccc(-c2ccnc3c(C(=O)c4cccs4)cnn23)c1,CYP2A6,0
CC(=O)N(C)c1cccc(-c2ccnc3c(C(=O)c4cccs4)cnn23)c1,CYP2B6,0
CC(=O)N(C)c1cccc(-c2ccnc3c(C(=O)c4cccs4)cnn23)c1,CYP2C19,0
CC(=O)N(C)c1cccc(-c2ccnc3c(C(=O)c4cccs4)cnn23)c1,CYP2C8,0
CC(=O)N(C)c1cccc(-c2ccnc3c(C(=O)c4cccs4)cnn23)c1,CYP2C9,0
CC(=O)N(C)c1cccc(-c2ccnc3c(C(=O)c4cccs4)cnn23)c1,CYP2D6,0
CC(=O)N(C)c1cccc(-c2ccnc3c(C(=O)c4cccs4)cnn23)c1,CYP2E1,0
CC(=O)N(C)c1cccc(-c2ccnc3c(C(=O)c4cccs4)cnn23)c1,CYP3A4,1
CC(=O)N1CCCC[C@H]1C(=O)O,CYP2C9,0
CC(=O)N1CCCC[C@H]1C(=O)O,CYP2E1,0
CC(=O)N1CCCC[C@H]1C(=O)O,CYP3A4,0
CC(=O)N1CCC[C@H]1C(=O)O,CYP3A4,0
CC(=O)N1CCN(CCOCc2ccn(-c3ccc(F)c(F)c3)n2)CC1,CYP1A2,0
CC(=O)N1CCN(CCOCc2ccn(-c3ccc(F)c(F)c3)n2)CC1,CYP2A6,0
CC(=O)N1CCN(CCOCc2ccn(-c3ccc(F)c(F)c3)n2)CC1,CYP2B6,0
CC(=O)N1CCN(CCOCc2ccn(-c3ccc(F)c(F)c3)n2)CC1,CYP2C9,0
CC(=O)N1CCN(c2ccc(OC[C@@H]3CO[C@@](Cn4ccnc4)(c4ccc(Cl)cc4Cl)O3)cc2)CC1,CYP2D6,1
CC(=O)N1CCN(c2ccc(OC[C@@H]3CO[C@@](Cn4ccnc4)(c4ccc(Cl)cc4Cl)O3)cc2)CC1,CYP3A4,1
CC(=O)N1C[C@H](O)C[C@H]1C(=O)O,CYP3A4,0
CC(=O)NC(=O)N[C@@H]1O[C@H](CO)[C@@H](O)[C@H](O)[C@H]1O,CYP3A4,0
CC(=O)NC1CCSC1=O,CYP2A6,0
CC(=O)NC1CCSC1=O,CYP2B6,0
CC(=O)NCCCS(=O)(=O)O,CYP2E1,0
CC(=O)NCCCS(=O)(=O)O,CYP3A4,0
CC(=O)NCCc1c[nH]cn1,CYP2D6,0
CC(=O)NC[C@H]1CN(c2ccc(N3CCOCC3)c(F)c2)C(=O)O1,CYP1A2,0
CC(=O)NC[C@H]1CN(c2ccc(N3CCOCC3)c(F)c2)C(=O)O1,CYP2A6,0
CC(=O)NC[C@H]1CN(c2ccc(N3CCOCC3)c(F)c2)C(=O)O1,CYP2B6,0
CC(=O)NC[C@H]1CN(c2ccc(N3CCOCC3)c(F)c2)C(=O)O1,CYP2C19,0
CC(=O)NC[C@H]1CN(c2ccc(N3CCOCC3)c(F)c2)C(=O)O1,CYP2C9,0
CC(=O)NC[C@H]1CN(c2ccc(N3CCOCC3)c(F)c2)C(=O)O1,CYP2E1,0
CC(=O)NN1C(=O)N[C@@]2(O[C@H](CO)[C@@H](O)[C@H](O)[C@H]2O)C1=O,CYP3A4,0
CC(=O)NS(=O)(=O)c1ccc(N)cc1,CYP2B6,0
CC(=O)N[C@@H](C)C(=O)N[C@@H](Cc1ccccc1)C(=O)CCCl,CYP2C8,0
CC(=O)N[C@@H](C)C(=O)O,CYP2E1,0
CC(=O)N[C@@H](C)C(=O)O,CYP3A4,0
CC(=O)N[C@@H](CCC(=O)O)C(=O)O,CYP2E1,0
CC(=O)N[C@@H](CCC(=O)O)C(=O)O,CYP3A4,0
CC(=O)N[C@@H](CS)C(N)=O,CYP2C8,0
CC(=O)N[C@@H](CS)C(N)=O,CYP3A4,0
CC(=O)N[C@@H](Cc1cc(I)c(O)c(I)c1)C(=O)NCC(=O)O,CYP2B6,0
CC(=O)N[C@@H](Cc1cc(I)c(O)c(I)c1)C(=O)NCC(=O)O,CYP2C19,0
CC(=O)N[C@@H](Cc1ccc(O)cc1)C(=O)O,CYP2C8,0
CC(=O)N[C@@H](Cc1ccc(O)cc1)C(=O)O,CYP3A4,0
CC(=O)N[C@@H](Cc1ccccc1)C(=O)N[C@@H](Cc1ccc(C(F)(F)P(=O)(O)O)cc1)C(N)=O,CYP2D6,0
CC(=O)N[C@@H]1[C@@H](O)[C@@H](OS(=O)(=O)O)[C@@H](CO)O[C@H]1O,CYP2C8,0
CC(=O)N[C@@H]1[C@@H](O)[C@H](O)[C@@H](CO)O[C@@H]1O,CYP2C8,0
CC(=O)N[C@@H]1[C@@H](O)[C@H](O)[C@@H](CO)O[C@@H]1O,CYP3A4,0
CC(=O)N[C@H](CO)[C@H](O)c1ccc([N+](=O)[O-])cc1,CYP2C8,0
CC(=O)N[C@H]1C(=O)O[C@H](CO)[C@@H](O)[C@@H]1O,CYP2A6,0
CC(=O)N[C@H]1C(=O)O[C@H](CO)[C@@H](O)[C@@H]1O,CYP2B6,0
CC(=O)N[C@H]1C(=O)O[C@H](CO)[C@@H](O)[C@@H]1O,CYP3A4,0
CC(=O)N[C@H]1C(O)O[C@H](COP(=O)(O)O)[C@@H](O)[C@@H]1O,CYP3A4,0
CC(=O)N[C@H]1NC[C@H](CO)[C@H](O)[C@@H]1O,CYP3A4,0
CC(=O)N[C@H]1[C@@H](OC[C@H](N)C(=O)O)O[C@H](CO)[C@H](O)[C@@H]1O,CYP1A2,0
CC(=O)N[C@H]1[C@H](OCC(C)C)OC(C(=O)O)=C[C@@H]1O,CYP1A2,0
CC(=O)N[C@H]1[C@H](OCC(C)C)OC(C(=O)O)=C[C@@H]1O,CYP2A6,0
CC(=O)N[C@H]1[C@H](OCC(C)C)OC(C(=O)O)=C[C@@H]1O,CYP2D6,0
CC(=O)N[C@H]1[C@H](OCC(C)C)OC(C(=O)O)=C[C@@H]1O,CYP3A4,0
CC(=O)N[C@H]1[C@H](Oc2ccc([N+](=O)[O-])cc2)O[C@H](CO)[C@@H](O)[C@@H]1O,CYP1A2,0
CC(=O)N[C@H]1[C@H]([C@H](O)[C@H](O)CN)OC(C(=O)O)=C[C@@H]1O,CYP2C19,0
CC(=O)N[C@H]1[C@H]([C@H](O)[C@H](O)CO)OC(C(=O)O)=C[C@@H]1N,CYP3A4,0
CC(=O)N[C@H]1[C@H]([C@H](O)[C@H](O)CO)OC(C(=O)O)=C[C@@H]1N=C(N)N,CYP3A4,0
CC(=O)N[C@H]1[C@H]([C@H](O)[C@H](O)CO)OC(C(=O)O)=C[C@@H]1O,CYP2C8,0
CC(=O)N[C@H]1[C@H]([C@H](O)[C@H](O)CO)OC(C(=O)O)=C[C@@H]1O,CYP3A4,0
CC(=O)N[C@H]1[C@H]([C@H](O)[C@H](O)CO)O[C@@H](C(=O)O)C[C@@H]1N=C(N)N,CYP3A4,0
CC(=O)N[C@H]1[C@H]([C@H](O)[C@H](O)CO)O[C@@H](P(=O)(O)O)C[C@@H]1O,CYP3A4,0
CC(=O)N[C@H]1[C@H]([C@H](O)[C@H](O)CO)O[C@](O)(C(=O)O)C[C@@H]1O,CYP3A4,0
CC(=O)Nc1cc(C(=O)c2ccc(C)cc2)cc(O)c1O,CYP1A2,1
CC(=O)Nc1ccc(C(=O)NNC(=O)c2ccc(Cl)cc2Cl)cc1,CYP2A6,0
CC(=O)Nc1ccc(C(=O)Nc2ccccc2N)cc1,CYP2C8,0
CC(=O)Nc1ccc(C(=O)O)cc1,CYP2B6,0
CC(=O)Nc1ccc(C(=O)O)cc1N,CYP2E1,0
CC(=O)Nc1ccc(C(=O)O)cc1NC(=O)CN,CYP2C8,0
CC(=O)Nc1ccc(NC(=O)C(C)OC(=O)C2CCN(S(=O)(=O)c3cccs3)CC2)cc1,CYP2A6,0
CC(=O)Nc1ccc(O)cc1,CYP1A2,1
CC(=O)Nc1ccc(O)cc1,CYP2A6,1
CC(=O)Nc1ccc(O)cc1,CYP2D6,1
CC(=O)Nc1ccc(O)cc1,CYP2E1,1
CC(=O)Nc1ccc(O)cc1,CYP3A4,1
CC(=O)Nc1ccc(OC(=O)CCCO[N+](=O)[O-])cc1,CYP2C8,0
CC(=O)Nc1ccc(OC(=O)c2ccccc2OC(C)=O)cc1,CYP2A6,0
CC(=O)Nc1ccc(OC(C)C)cc1,CYP1A2,1
CC(=O)Nc1ccc(OC[C@](C)(O)C(=O)Nc2ccc([N+](=O)[O-])c(C(F)(F)F)c2)cc1,CYP3A4,1
CC(=O)Nc1ccc(S(=O)(=O)NC(C)c2nc(-c3ccccc3)no2)cc1,CYP2C8,0
CC(=O)Nc1ccc(S(=O)(=O)NCc2nc(-c3ccccc3Cl)no2)cc1,CYP2C8,0
CC(=O)Nc1ccc([N+](=O)[O-])c(C(F)(F)F)c1,CYP2C8,1
CC(=O)Nc1ccc2c(c1)CN1C(=O)c3ccccc3C1=N2,CYP2A6,0
CC(=O)Nc1ccc2c(c1)CN1C(=O)c3ccccc3C1=N2,CYP2B6,0
CC(=O)Nc1ccc2c(c1)CN1C(=O)c3ccccc3C1=N2,CYP2C19,0
CC(=O)Nc1ccc2c(c1)CN1C(=O)c3ccccc3C1=N2,CYP2C8,0
CC(=O)Nc1ccc2c(c1)CN1C(=O)c3ccccc3C1=N2,CYP2C9,0
CC(=O)Nc1ccc2c(c1)CN1C(=O)c3ccccc3C1=N2,CYP2D6,0
CC(=O)Nc1ccc2c(c1)CN1C(=O)c3ccccc3C1=N2,CYP3A4,0
CC(=O)Nc1ccc2c(c1)Cc1ccccc1-2,CYP1A2,1
CC(=O)Nc1ccccc1,CYP1A2,1
CC(=O)OC(C)(C)C1CC=C(C)CC1,CYP2C8,0
CC(=O)OC(C)(C)C1CC=C(C)CC1,CYP2E1,0
CC(=O)OC(C)(C)C1CC=C(C)CC1,CYP3A4,0
CC(=O)OC(C)C[N+](C)(C)C,CYP2C19,0
CC(=O)OC(C)C[N+](C)(C)C,CYP3A4,0
CC(=O)OC(C)OC(=O)C(C)c1ccc(-c2ccccc2)c(F)c1,CYP2A6,0
CC(=O)OCC(=O)[C@@]1(O)CC[C@H]2[C@@H]3CCC4=CC(=O)C=C[C@]4(C)[C@@]3(F)[C@@H](O)C[C@@]21C,CYP2B6,0
CC(=O)OCC(=O)[C@@]12OC(C)(C)O[C@@H]1C[C@H]1[C@@H]3C[C@H](F)C4=CC(=O)C=C[C@]4(C)[C@H]3[C@@H](O)C[C@@]12C,CYP2B6,0
CC(=O)OCC(CCn1cnc2cnc(N)nc21)COC(C)=O,CYP1A2,0
CC(=O)OCC(CCn1cnc2cnc(N)nc21)COC(C)=O,CYP2A6,0
CC(=O)OCC(CCn1cnc2cnc(N)nc21)COC(C)=O,CYP2B6,0
CC(=O)OCC(CCn1cnc2cnc(N)nc21)COC(C)=O,CYP2C19,0
CC(=O)OCC(CCn1cnc2cnc(N)nc21)COC(C)=O,CYP2C8,0
CC(=O)OCC(CCn1cnc2cnc(N)nc21)COC(C)=O,CYP2C9,0
CC(=O)OCC(CCn1cnc2cnc(N)nc21)COC(C)=O,CYP2D6,0
CC(=O)OCC(CCn1cnc2cnc(N)nc21)COC(C)=O,CYP2E1,0
CC(=O)OCC(CCn1cnc2cnc(N)nc21)COC(C)=O,CYP3A4,0
CC(=O)OCC1=C(C(=O)O)N2C(=O)[C@@H](NC(=O)CC#N)[C@H]2SC1,CYP2C8,0
CC(=O)OCC1=C(C(=O)O)N2C(=O)[C@@H](NC(=O)CC#N)[C@H]2SC1,CYP2D6,0
CC(=O)OCC1=C(C(=O)O)N2C(=O)[C@@H](NC(=O)CCC[C@@H](N)C(=O)O)[C@H]2SC1,CYP1A2,0
CC(=O)OCC1=C(C(=O)O)N2C(=O)[C@@H](NC(=O)CSc3ccncc3)[C@H]2SC1,CYP1A2,0
CC(=O)OCC1=C(C(=O)O)N2C(=O)[C@@H](NC(=O)CSc3ccncc3)[C@H]2SC1,CYP2E1,0
CC(=O)OCCNC(=O)CCNC(=O)[C@H](O)C(C)(C)COC(=O)C(C)(C)C,CYP2C19,0
CC(=O)OCCNC(=O)CCNC(=O)[C@H](O)C(C)(C)COC(=O)C(C)(C)C,CYP3A4,0
CC(=O)OC[C@@H](O)[C@@H](O)[C@@H](CC=O)OC(C)=O,CYP2D6,0
CC(=O)OC[C@@H](O)[C@@H](O)[C@@H](CC=O)OC(C)=O,CYP3A4,0
CC(=O)OC[C@@H]1CS[C@@H]2[C@H](/N=C(\O)CCCC[C@H](NC(=O)CN)C(=O)O)C(=O)N2[C@@H]1C(=O)O,CYP2C19,0
CC(=O)OC[C@@H]1CS[C@@H]2[C@H](/N=C(\O)CCCC[C@H](NC(=O)CN)C(=O)O)C(=O)N2[C@@H]1C(=O)O,CYP2D6,0
CC(=O)OC[C@H]1O[C@@H](n2ccc(=O)[nH]c2=O)[C@H](OC(C)=O)[C@@H]1OC(C)=O,CYP2A6,0
CC(=O)OC[C@]12C[C@H](OC(=O)CC(C)C)C(C)=C[C@H]1O[C@@H]1[C@H](O)[C@@H](OC(C)=O)[C@@]2(C)[C@]12CO2,CYP1A2,1
CC(=O)OC[C@]12C[C@H](OC(=O)CC(C)C)C(C)=C[C@H]1O[C@@H]1[C@H](O)[C@@H](OC(C)=O)[C@@]2(C)[C@]12CO2,CYP2B6,1
CC(=O)OC[C@]12C[C@H](OC(=O)CC(C)C)C(C)=C[C@H]1O[C@@H]1[C@H](O)[C@@H](OC(C)=O)[C@@]2(C)[C@]12CO2,CYP2D6,1
CC(=O)OC[C@]12C[C@H](OC(=O)CC(C)C)C(C)=C[C@H]1O[C@@H]1[C@H](O)[C@@H](OC(C)=O)[C@@]2(C)[C@]12CO2,CYP2E1,1
CC(=O)OC[C@]12C[C@H](OC(=O)CC(C)C)C(C)=C[C@H]1O[C@@H]1[C@H](O)[C@@H](OC(C)=O)[C@@]2(C)[C@]12CO2,CYP3A4,1
CC(=O)OO,CYP2C9,0
CC(=O)OO,CYP3A4,0
CC(=O)OP(=O)(O)O,CYP2A6,0
CC(=O)OP(=O)(O)O,CYP2C19,0
CC(=O)OP(=O)(O)O,CYP3A4,0
CC(=O)O[C@@H]1C[C@@H](CO)O[C@H]1n1c(=O)sc2cnc(N)nc21,CYP2B6,0
CC(=O)O[C@@H]1C[C@@H](CO)O[C@H]1n1c(=O)sc2cnc(N)nc21,CYP3A4,0
CC(=O)O[C@@H]1C[C@@H]2CC[C@@]1(C)C2(C)C,CYP3A4,0
CC(=O)O[C@@H]1C[C@H]2C(C)=C[C@H]3OC(=O)[C@@H](C)[C@H]3C[C@H]2[C@]1(C)O,CYP2A6,0
CC(=O)O[C@@H]1C[C@H]2C(C)=C[C@H]3OC(=O)[C@@H](C)[C@H]3C[C@H]2[C@]1(C)O,CYP3A4,0
CC(=O)O[C@@H]1[C@@H](C)CC[C@]2(O)[C@]3(C)CC(=O)O[C@]12[C@@]1(O)C(C)=C(C(C)C)C[C@@]31O,CYP1A2,0
CC(=O)O[C@@H]1[C@@H](C)CC[C@]2(O)[C@]3(C)CC(=O)O[C@]12[C@@]1(O)C(C)=C(C(C)C)C[C@@]31O,CYP2A6,0
CC(=O)O[C@@H]1[C@@H](C)CC[C@]2(O)[C@]3(C)CC(=O)O[C@]12[C@@]1(O)C(C)=C(C(C)C)C[C@@]31O,CYP2B6,0
CC(=O)O[C@@H]1[C@@H](C)CC[C@]2(O)[C@]3(C)CC(=O)O[C@]12[C@@]1(O)C(C)=C(C(C)C)C[C@@]31O,CYP2C19,0
CC(=O)O[C@@H]1[C@@H](C)CC[C@]2(O)[C@]3(C)CC(=O)O[C@]12[C@@]1(O)C(C)=C(C(C)C)C[C@@]31O,CYP2C8,0
CC(=O)O[C@@H]1[C@@H](C)CC[C@]2(O)[C@]3(C)CC(=O)O[C@]12[C@@]1(O)C(C)=C(C(C)C)C[C@@]31O,CYP2C9,0
CC(=O)O[C@@H]1[C@@H](C)CC[C@]2(O)[C@]3(C)CC(=O)O[C@]12[C@@]1(O)C(C)=C(C(C)C)C[C@@]31O,CYP2D6,0
CC(=O)O[C@@H]1[C@@H](C)CC[C@]2(O)[C@]3(C)CC(=O)O[C@]12[C@@]1(O)C(C)=C(C(C)C)C[C@@]31O,CYP2E1,0
CC(=O)O[C@@H]1[C@@H](C)CC[C@]2(O)[C@]3(C)CC(=O)O[C@]12[C@@]1(O)C(C)=C(C(C)C)C[C@@]31O,CYP3A4,1
CC(=O)O[C@@]12[C@H](O)[C@@H](C)[C@@]3(O)[C@@H](C=C(CO)C[C@]4(O)C(=O)C(C)=C[C@@H]34)[C@@H]1C2(C)C,CYP2C19,0
CC(=O)O[C@@]12[C@H](O)[C@@H](C)[C@@]3(O)[C@@H](C=C(CO)C[C@]4(O)C(=O)C(C)=C[C@@H]34)[C@@H]1C2(C)C,CYP3A4,0
CC(=O)O[C@H]1CC(=O)OC(C)(C)[C@@H]2CC(=O)[C@]3(C)[C@H](CC[C@@]4(C)[C@H](c5ccoc5)OC(=O)[C@H]5O[C@]543)[C@@]12C,CYP1A2,0
CC(=O)O[C@H]1CC(=O)OC(C)(C)[C@@H]2CC(=O)[C@]3(C)[C@H](CC[C@@]4(C)[C@H](c5ccoc5)OC(=O)[C@H]5O[C@]543)[C@@]12C,CYP2B6,0
CC(=O)O[C@H]1CC(=O)OC(C)(C)[C@@H]2CC(=O)[C@]3(C)[C@H](CC[C@@]4(C)[C@H](c5ccoc5)OC(=O)[C@H]5O[C@]543)[C@@]12C,CYP2C19,0
CC(=O)O[C@H]1CC(=O)OC(C)(C)[C@@H]2CC(=O)[C@]3(C)[C@H](CC[C@@]4(C)[C@H](c5ccoc5)OC(=O)[C@H]5O[C@]543)[C@@]12C,CYP2C8,0
CC(=O)O[C@H]1CC(=O)OC(C)(C)[C@@H]2CC(=O)[C@]3(C)[C@H](CC[C@@]4(C)[C@H](c5ccoc5)OC(=O)[C@H]5O[C@]543)[C@@]12C,CYP2C9,0
CC(=O)O[C@H]1CC(=O)OC(C)(C)[C@@H]2CC(=O)[C@]3(C)[C@H](CC[C@@]4(C)[C@H](c5ccoc5)OC(=O)[C@H]5O[C@]543)[C@@]12C,CYP2E1,0
CC(=O)O[C@H]1CC(=O)OC(C)(C)[C@@H]2CC(=O)[C@]3(C)[C@H](CC[C@@]4(C)[C@H](c5ccoc5)OC(=O)[C@H]5O[C@]543)[C@@]12C,CYP3A4,1
CC(=O)O[C@H]1CC[C@H]2[C@@H]3CC[C@H]4CC(=O)CC[C@]4(C)[C@H]3CC[C@]12C,CYP2C19,0
CC(=O)O[C@H]1C[C@@]2(C)[C@@H](C[C@@H](O)[C@H]3[C@@]4(C)CC[C@@H](O)[C@@H](C)[C@@H]4CC[C@@]32C)/C1=C(\CCC=C(C)C)C(=O)O,CYP1A2,0
CC(=O)O[C@H]1C[C@@]2(C)[C@@H](C[C@@H](O)[C@H]3[C@@]4(C)CC[C@@H](O)[C@@H](C)[C@@H]4CC[C@@]32C)/C1=C(\CCC=C(C)C)C(=O)O,CYP2A6,0
CC(=O)O[C@H]1C[C@@]2(C)[C@@H](C[C@@H](O)[C@H]3[C@@]4(C)CC[C@@H](O)[C@@H](C)[C@@H]4CC[C@@]32C)/C1=C(\CCC=C(C)C)C(=O)O,CYP2C19,0
CC(=O)O[C@H]1C[C@@]2(C)[C@@H](C[C@@H](O)[C@H]3[C@@]4(C)CC[C@@H](O)[C@@H](C)[C@@H]4CC[C@@]32C)/C1=C(\CCC=C(C)C)C(=O)O,CYP2C9,0
CC(=O)O[C@H]1C[C@@]2(C)[C@@H](C[C@@H](O)[C@H]3[C@@]4(C)CC[C@@H](O)[C@@H](C)[C@@H]4CC[C@@]32C)/C1=C(\CCC=C(C)C)C(=O)O,CYP2D6,1
CC(=O)O[C@H]1C[C@@]2(C)[C@@H](C[C@@H](O)[C@H]3[C@@]4(C)CC[C@@H](O)[C@@H](C)[C@@H]4CC[C@@]32C)/C1=C(\CCC=C(C)C)C(=O)O,CYP2E1,0
CC(=O)O[C@H]1C[C@@]2(C)[C@@H](C[C@@H](O)[C@H]3[C@@]4(C)CC[C@@H](O)[C@@H](C)[C@@H]4CC[C@@]32C)/C1=C(\CCC=C(C)C)C(=O)O,CYP3A4,1
CC(=O)O[C@H]1C[C@H](n2cc(C)c(=O)[nH]c2=O)O[C@@H]1COP(=O)(O)OP(=O)(O)O,CYP1A2,0
CC(=O)O[C@H]1C[C@H](n2cc(C)c(=O)[nH]c2=O)O[C@@H]1COP(=O)(O)OP(=O)(O)O,CYP3A4,0
CC(=O)O[C@H]1C[C@H]2C(=O)O[C@H](c3ccoc3)C[C@@]2(C)[C@@H]2C[C@@H]3C[C@@H](C(=O)O3)[C@@H]12,CYP1A2,0
CC(=O)O[C@H]1C[C@H]2C(=O)O[C@H](c3ccoc3)C[C@@]2(C)[C@@H]2C[C@@H]3C[C@@H](C(=O)O3)[C@@H]12,CYP2A6,0
CC(=O)O[C@H]1C[C@H]2C(=O)O[C@H](c3ccoc3)C[C@@]2(C)[C@@H]2C[C@@H]3C[C@@H](C(=O)O3)[C@@H]12,CYP2B6,0
CC(=O)O[C@H]1C[C@H]2C(=O)O[C@H](c3ccoc3)C[C@@]2(C)[C@@H]2C[C@@H]3C[C@@H](C(=O)O3)[C@@H]12,CYP2C9,0
CC(=O)O[C@H]1C[C@H]2C(=O)O[C@H](c3ccoc3)C[C@@]2(C)[C@@H]2C[C@@H]3C[C@@H](C(=O)O3)[C@@H]12,CYP2E1,0
CC(=O)O[C@H]1C[C@H]2C(=O)O[C@H](c3ccoc3)C[C@@]2(C)[C@@H]2C[C@@H]3C[C@@H](C(=O)O3)[C@@H]12,CYP3A4,1
CC(=O)O[C@H]1C[C@]2(O)[C@@H]3CC[C@@H]4C[C@@H](O)CC[C@]4(C)[C@H]3CC[C@]2(C)[C@H]1c1ccc(=O)oc1,CYP1A2,0
CC(=O)O[C@H]1C[C@]2(O)[C@@H]3CC[C@@H]4C[C@@H](O)CC[C@]4(C)[C@H]3CC[C@]2(C)[C@H]1c1ccc(=O)oc1,CYP2A6,0
CC(=O)O[C@H]1C[C@]2(O)[C@@H]3CC[C@@H]4C[C@@H](O)CC[C@]4(C)[C@H]3CC[C@]2(C)[C@H]1c1ccc(=O)oc1,CYP2B6,0
CC(=O)O[C@H]1C[C@]2(O)[C@@H]3CC[C@@H]4C[C@@H](O)CC[C@]4(C)[C@H]3CC[C@]2(C)[C@H]1c1ccc(=O)oc1,CYP2C19,0
CC(=O)O[C@H]1C[C@]2(O)[C@@H]3CC[C@@H]4C[C@@H](O)CC[C@]4(C)[C@H]3CC[C@]2(C)[C@H]1c1ccc(=O)oc1,CYP2C8,0
CC(=O)O[C@H]1C[C@]2(O)[C@@H]3CC[C@@H]4C[C@@H](O)CC[C@]4(C)[C@H]3CC[C@]2(C)[C@H]1c1ccc(=O)oc1,CYP2C9,0
CC(=O)O[C@H]1C[C@]2(O)[C@@H]3CC[C@@H]4C[C@@H](O)CC[C@]4(C)[C@H]3CC[C@]2(C)[C@H]1c1ccc(=O)oc1,CYP2D6,0
CC(=O)O[C@H]1C[C@]2(O)[C@@H]3CC[C@@H]4C[C@@H](O)CC[C@]4(C)[C@H]3CC[C@]2(C)[C@H]1c1ccc(=O)oc1,CYP2E1,0
CC(=O)O[C@H]1C[C@]2(O)[C@@H]3CC[C@@H]4C[C@@H](O)CC[C@]4(C)[C@H]3CC[C@]2(C)[C@H]1c1ccc(=O)oc1,CYP3A4,1
CC(=O)O[C@H]1[C@H]2O[C@]23[C@@H]2CC[C@@H]4C[C@@H](O)CC[C@]4(C)[C@H]2CC[C@]3(C)[C@H]1c1ccc(=O)oc1,CYP3A4,1
CC(=O)O[C@]1(C(C)=O)CC[C@H]2[C@@H]3C=C(C)C4=CC(=O)CC[C@@H]4[C@H]3CC[C@@]21C,CYP2A6,1
CC(=O)O[C@]1(C(C)=O)CC[C@H]2[C@@H]3C=C(C)C4=CC(=O)CC[C@@H]4[C@H]3CC[C@@]21C,CYP3A4,1
CC(=O)O[C@]1(C(C)=O)CC[C@H]2[C@@H]3C=C(C)C4=CC(=O)CC[C@]4(C)[C@H]3CC[C@@]21C,CYP1A2,0
CC(=O)O[C@]1(C(C)=O)CC[C@H]2[C@@H]3C=C(C)C4=CC(=O)CC[C@]4(C)[C@H]3CC[C@@]21C,CYP2A6,0
CC(=O)O[C@]1(C(C)=O)CC[C@H]2[C@@H]3C=C(C)C4=CC(=O)CC[C@]4(C)[C@H]3CC[C@@]21C,CYP2B6,0
CC(=O)O[C@]1(C(C)=O)CC[C@H]2[C@@H]3C=C(C)C4=CC(=O)CC[C@]4(C)[C@H]3CC[C@@]21C,CYP2C19,0
CC(=O)O[C@]1(C(C)=O)CC[C@H]2[C@@H]3C=C(C)C4=CC(=O)CC[C@]4(C)[C@H]3CC[C@@]21C,CYP2C8,0
CC(=O)O[C@]1(C(C)=O)CC[C@H]2[C@@H]3C=C(C)C4=CC(=O)CC[C@]4(C)[C@H]3CC[C@@]21C,CYP2C9,0
CC(=O)O[C@]1(C(C)=O)CC[C@H]2[C@@H]3C=C(C)C4=CC(=O)CC[C@]4(C)[C@H]3CC[C@@]21C,CYP2D6,0
CC(=O)O[C@]1(C(C)=O)CC[C@H]2[C@@H]3C=C(C)C4=CC(=O)CC[C@]4(C)[C@H]3CC[C@@]21C,CYP2E1,0
CC(=O)O[C@]1(C(C)=O)CC[C@H]2[C@@H]3C=C(C)C4=CC(=O)CC[C@]4(C)[C@H]3CC[C@@]21C,CYP3A4,1
CC(=O)O[C@]1(C(C)=O)CC[C@H]2[C@@H]3C=C(Cl)C4=CC(=O)CC[C@]4(C)[C@H]3CC[C@@]21C,CYP1A2,0
CC(=O)O[C@]1(C(C)=O)CC[C@H]2[C@@H]3CCC4=CC(=O)CCC4=C3[C@@H](c3ccc(N(C)C)cc3)C[C@@]21C,CYP3A4,1
CC(=O)O[C@]1(C(C)=O)CC[C@H]2[C@@H]3C[C@H](C)C4=CC(=O)CC[C@]4(C)[C@H]3CC[C@@]21C,CYP1A2,0
CC(=O)O[C@]1(C(C)=O)CC[C@H]2[C@@H]3C[C@H](C)C4=CC(=O)CC[C@]4(C)[C@H]3CC[C@@]21C,CYP2A6,0
CC(=O)O[C@]1(C(C)=O)CC[C@H]2[C@@H]3C[C@H](C)C4=CC(=O)CC[C@]4(C)[C@H]3CC[C@@]21C,CYP2B6,0
CC(=O)O[C@]1(C(C)=O)CC[C@H]2[C@@H]3C[C@H](C)C4=CC(=O)CC[C@]4(C)[C@H]3CC[C@@]21C,CYP2C19,0
CC(=O)O[C@]1(C(C)=O)CC[C@H]2[C@@H]3C[C@H](C)C4=CC(=O)CC[C@]4(C)[C@H]3CC[C@@]21C,CYP2C8,0
CC(=O)O[C@]1(C(C)=O)CC[C@H]2[C@@H]3C[C@H](C)C4=CC(=O)CC[C@]4(C)[C@H]3CC[C@@]21C,CYP2C9,0
CC(=O)O[C@]1(C(C)=O)CC[C@H]2[C@@H]3C[C@H](C)C4=CC(=O)CC[C@]4(C)[C@H]3CC[C@@]21C,CYP2D6,0
CC(=O)O[C@]1(C(C)=O)CC[C@H]2[C@@H]3C[C@H](C)C4=CC(=O)CC[C@]4(C)[C@H]3CC[C@@]21C,CYP2E1,0
CC(=O)O[C@]1(C(C)=O)CC[C@H]2[C@@H]3C[C@H](C)C4=CC(=O)CC[C@]4(C)[C@H]3CC[C@@]21C,CYP3A4,1
CC(=O)Oc1c(C)cc(OCC(O)CNC(C)C)c(C)c1C,CYP2D6,1
CC(=O)Oc1ccc(-c2cccc(C(=O)NCCCO)c2)cc1,CYP2E1,0
CC(=O)Oc1ccc2c3c1O[C@H]1[C@@H](OC(C)=O)C=C[C@H]4[C@@H](C2)N(C)CC[C@@]341,CYP2C9,0
CC(=O)Oc1cccc(O)c1,CYP3A4,0
CC(=O)Oc1ccccc1C(=O)O,CYP2C9,1
CC(=O)Oc1ccccc1C(=O)Oc1cccc(CO[N+](=O)[O-])c1,CYP1A2,1
CC(=O)Oc1ccccc1C(=O)Oc1cccc(CO[N+](=O)[O-])c1,CYP2C9,1
CC(=O)Oc1ccccc1C(=O)Oc1cccc(CO[N+](=O)[O-])c1,CYP2E1,1
CC(=O)SC[C@H](N)C(=O)O,CYP2C8,0
CC(=O)SC[C@H](N)C(=O)O,CYP3A4,0
CC(=O)S[C@H](C(=O)N[C@H]1Cc2ccccc2[C@H]2CCC[C@@H](C(=O)O)N2C1=O)C(C)C,CYP2A6,0
CC(=O)S[C@H](C(=O)N[C@H]1Cc2ccccc2[C@H]2CCC[C@@H](C(=O)O)N2C1=O)C(C)C,CYP2B6,0
CC(=O)[C@@H](C)O,CYP1A2,0
CC(=O)[C@@H](C)O,CYP3A4,0
CC(=O)[C@@H](N)CCc1ccccc1,CYP2C8,0
CC(=O)[C@@]1(O)CC[C@H]2[C@@H]3CCC4=CC(=O)CC[C@@H]4[C@H]3CC[C@@]21C,CYP2A6,0
CC(=O)[C@@]1(O)CC[C@H]2[C@@H]3CCC4=CC(=O)CC[C@]4(C)[C@H]3CC[C@@]21C,CYP2D6,1
CC(=O)[C@@]1(O)CC[C@H]2[C@@H]3C[C@H](C(F)(F)F)C4=CC(=O)CC[C@]4(C)[C@H]3CC[C@@]21C,CYP2C8,0
CC(=O)[C@@]1(O)[C@H](O)C[C@H]2[C@@H]3CCC4=CC(=O)CC[C@]4(C)[C@H]3CC[C@@]21C,CYP2D6,0
CC(=O)[C@H](N)C(=O)O,CYP2C19,0
CC(=O)[C@H](N)C(=O)O,CYP3A4,0
CC(=O)[C@H]1CC[C@H]2[C@@H]3C=CC4=CC(=O)CC[C@@]4(C)[C@@H]3CC[C@]12C,CYP1A2,0
CC(=O)[C@H]1CC[C@H]2[C@@H]3C=CC4=CC(=O)CC[C@@]4(C)[C@@H]3CC[C@]12C,CYP2C19,1
CC(=O)[C@H]1CC[C@H]2[C@@H]3C=CC4=CC(=O)CC[C@@]4(C)[C@@H]3CC[C@]12C,CYP2C8,0
CC(=O)[C@H]1CC[C@H]2[C@@H]3C=CC4=CC(=O)CC[C@@]4(C)[C@@H]3CC[C@]12C,CYP2C9,0
CC(=O)[C@H]1CC[C@H]2[C@@H]3C=CC4=CC(=O)CC[C@@]4(C)[C@@H]3CC[C@]12C,CYP2D6,0
CC(=O)[C@H]1CC[C@H]2[C@@H]3C=CC4=CC(=O)CC[C@@]4(C)[C@@H]3CC[C@]12C,CYP3A4,1
CC(=O)[C@H]1CC[C@H]2[C@@H]3CC=C4C[C@@H](O)CC[C@]4(C)[C@H]3CC[C@]12C,CYP2C19,1
CC(=O)[C@H]1CC[C@H]2[C@@H]3CC=C4C[C@@H](O)CC[C@]4(C)[C@H]3CC[C@]12C,CYP2D6,1
CC(=O)[C@H]1CC[C@H]2[C@@H]3CC=C4C[C@@H](O)CC[C@]4(C)[C@H]3CC[C@]12C,CYP3A4,1
CC(=O)[C@H]1CC[C@H]2[C@@H]3CCC4=CC(=O)CC[C@]4(C)[C@H]3CC[C@]12C,CYP1A2,1
CC(=O)[C@H]1CC[C@H]2[C@@H]3CCC4=CC(=O)CC[C@]4(C)[C@H]3CC[C@]12C,CYP2A6,1
CC(=O)[C@H]1CC[C@H]2[C@@H]3CCC4=CC(=O)CC[C@]4(C)[C@H]3CC[C@]12C,CYP2C19,1
CC(=O)[C@H]1CC[C@H]2[C@@H]3CCC4=CC(=O)CC[C@]4(C)[C@H]3CC[C@]12C,CYP2C9,1
CC(=O)[C@H]1CC[C@H]2[C@@H]3CCC4=CC(=O)CC[C@]4(C)[C@H]3CC[C@]12C,CYP2D6,1
CC(=O)[C@H]1CC[C@H]2[C@@H]3CCC4=CC(=O)CC[C@]4(C)[C@H]3CC[C@]12C,CYP3A4,1
CC(=O)[C@H]1CC[C@H]2[C@@H]3CC[C@@H]4CC(=O)CC[C@]4(C)[C@H]3CC[C@]12C,CYP2E1,0
CC(=O)[C@H]1CC[C@H]2[C@@H]3CC[C@H]4C[C@H](O)CC[C@]4(C)[C@H]3CC[C@]12C,CYP2D6,1
CC(=O)[C@]1(O)Cc2c(O)c3c(c(O)c2[C@@H](O[C@H]2C[C@H](N)[C@H](O)[C@H](C)O2)C1)C(=O)c1ccccc1C3=O,CYP1A2,0
CC(=O)[C@]1(O)Cc2c(O)c3c(c(O)c2[C@@H](O[C@H]2C[C@H](N)[C@H](O)[C@H](C)O2)C1)C(=O)c1ccccc1C3=O,CYP2C8,0
CC(=O)[C@]1(O)Cc2c(O)c3c(c(O)c2[C@@H](O[C@H]2C[C@H](N)[C@H](O)[C@H](C)O2)C1)C(=O)c1ccccc1C3=O,CYP2C9,1
CC(=O)[C@]1(O)Cc2c(O)c3c(c(O)c2[C@@H](O[C@H]2C[C@H](N)[C@H](O)[C@H](C)O2)C1)C(=O)c1ccccc1C3=O,CYP2D6,1
CC(=O)[C@]1(O)Cc2c(O)c3c(c(O)c2[C@@H](O[C@H]2C[C@H](N)[C@H](O)[C@H](C)O2)C1)C(=O)c1ccccc1C3=O,CYP3A4,0
CC(=O)c1c(O)c(C)c(O)c2c1OC1=CC(=O)C(C(C)=O)C(=O)C12C,CYP2A6,0
CC(=O)c1c(O)c(C)c(O)c2c1OC1=CC(=O)C(C(C)=O)C(=O)C12C,CYP2C8,1
CC(=O)c1c(O)c(C)c(O)c2c1OC1=CC(=O)C(C(C)=O)C(=O)C12C,CYP2C9,1
CC(=O)c1c(O)c(C)c(O)c2c1OC1=CC(=O)C(C(C)=O)C(=O)C12C,CYP3A4,1
CC(=O)c1cc(N)ccc1OCC(O)CNC(C)C,CYP1A2,1
CC(=O)c1cc(N)ccc1OCC(O)CNC(C)C,CYP2C19,1
CC(=O)c1cc(N)ccc1OCC(O)CNC(C)C,CYP2C8,0
CC(=O)c1cc(N)ccc1OCC(O)CNC(C)C,CYP3A4,1
CC(=O)c1cc2ccccc2s1,CYP1A2,1
CC(=O)c1cc2ccccc2s1,CYP2B6,1
CC(=O)c1cc2ccccc2s1,CYP2E1,1
CC(=O)c1cc2ccccc2s1,CYP3A4,1
CC(=O)c1ccc(-n2nc(C)c3c2CC(C)(C)CC3=O)cc1NC1CCC(O)CC1,CYP1A2,0
CC(=O)c1ccc(-n2nc(C)c3c2CC(C)(C)CC3=O)cc1NC1CCC(O)CC1,CYP2A6,0
CC(=O)c1ccc(-n2nc(C)c3c2CC(C)(C)CC3=O)cc1NC1CCC(O)CC1,CYP2E1,0
CC(=O)c1ccc(-n2nc(C)c3c2CC(C)(C)CC3=O)cc1NC1CCC(O)CC1,CYP3A4,1
CC(=O)c1ccccc1,CYP3A4,0
CC(=O)c1sc(CCOP(=O)(O)OP(=O)(O)O)c(C)[n+]1Cc1cnc(C)nc1N,CYP2C9,0
CC(=O)c1sc(CCOP(=O)(O)OP(=O)(O)O)c(C)[n+]1Cc1cnc(C)nc1N,CYP3A4,0
CC(C(=O)O)C(=O)O,CYP2D6,0
CC(C(=O)O)C(=O)O,CYP3A4,0
CC(C(=O)O)c1ccc(-c2ccccc2)c(F)c1,CYP2C9,1
CC(C(=O)O)c1ccc(C(=O)c2cccs2)cc1,CYP2C9,1
CC(C(=O)O)c1ccc(CC2CCCC2=O)cc1,CYP2B6,0
CC(C(=O)O)c1ccc(CC2CCCC2=O)cc1,CYP2C19,0
CC(C(=O)O)c1ccc(CC2CCCC2=O)cc1,CYP3A4,1
CC(C(=O)O)c1ccc2c(c1)[nH]c1ccc(Cl)cc12,CYP2A6,0
CC(C(=O)c1ccc2c(c1)OCO2)N1CCCC1,CYP1A2,0
CC(C(=O)c1ccc2c(c1)OCO2)N1CCCC1,CYP2A6,0
CC(C(=O)c1ccc2c(c1)OCO2)N1CCCC1,CYP2B6,0
CC(C(=O)c1ccc2c(c1)OCO2)N1CCCC1,CYP2C19,1
CC(C(=O)c1ccc2c(c1)OCO2)N1CCCC1,CYP2C8,0
CC(C(=O)c1ccc2c(c1)OCO2)N1CCCC1,CYP2C9,0
CC(C(=O)c1ccc2c(c1)OCO2)N1CCCC1,CYP2D6,1
CC(C(=O)c1ccc2c(c1)OCO2)N1CCCC1,CYP2E1,0
CC(C(=O)c1ccc2c(c1)OCO2)N1CCCC1,CYP3A4,0
CC(C(O)c1ccc(O)cc1)N1CCC(Cc2ccccc2)CC1,CYP2A6,0
CC(C(O)c1ccc(O)cc1)N1CCC(Cc2ccccc2)CC1,CYP2C8,0
CC(C)(C(=O)O)c1ccc(C(=O)CCCN2CCC(OC(c3ccccc3)c3ccccc3)CC2)cc1,CYP1A2,0
CC(C)(C(=O)O)c1ccc(C(=O)CCCN2CCC(OC(c3ccccc3)c3ccccc3)CC2)cc1,CYP2A6,0
CC(C)(C(=O)O)c1ccc(C(=O)CCCN2CCC(OC(c3ccccc3)c3ccccc3)CC2)cc1,CYP2B6,0
CC(C)(C(=O)O)c1ccc(C(=O)CCCN2CCC(OC(c3ccccc3)c3ccccc3)CC2)cc1,CYP2C19,0
CC(C)(C(=O)O)c1ccc(C(=O)CCCN2CCC(OC(c3ccccc3)c3ccccc3)CC2)cc1,CYP2C8,0
CC(C)(C(=O)O)c1ccc(C(=O)CCCN2CCC(OC(c3ccccc3)c3ccccc3)CC2)cc1,CYP2C9,0
CC(C)(C(=O)O)c1ccc(C(=O)CCCN2CCC(OC(c3ccccc3)c3ccccc3)CC2)cc1,CYP2D6,0
CC(C)(C(=O)O)c1ccc(C(=O)CCCN2CCC(OC(c3ccccc3)c3ccccc3)CC2)cc1,CYP2E1,0
CC(C)(C(=O)O)c1ccc(C(=O)CCCN2CCC(OC(c3ccccc3)c3ccccc3)CC2)cc1,CYP3A4,1
CC(C)(C(=O)O)c1ccc(C(O)CCCN2CCC(C(O)(c3ccccc3)c3ccccc3)CC2)cc1,CYP1A2,0
CC(C)(C(=O)O)c1ccc(C(O)CCCN2CCC(C(O)(c3ccccc3)c3ccccc3)CC2)cc1,CYP2A6,0
CC(C)(C(=O)O)c1ccc(C(O)CCCN2CCC(C(O)(c3ccccc3)c3ccccc3)CC2)cc1,CYP2B6,0
CC(C)(C(=O)O)c1ccc(C(O)CCCN2CCC(C(O)(c3ccccc3)c3ccccc3)CC2)cc1,CYP2C19,0
CC(C)(C(=O)O)c1ccc(C(O)CCCN2CCC(C(O)(c3ccccc3)c3ccccc3)CC2)cc1,CYP2C8,0
CC(C)(C(=O)O)c1ccc(C(O)CCCN2CCC(C(O)(c3ccccc3)c3ccccc3)CC2)cc1,CYP2C9,0
CC(C)(C(=O)O)c1ccc(C(O)CCCN2CCC(C(O)(c3ccccc3)c3ccccc3)CC2)cc1,CYP2D6,0
CC(C)(C(=O)O)c1ccc(C(O)CCCN2CCC(C(O)(c3ccccc3)c3ccccc3)CC2)cc1,CYP2E1,0
CC(C)(C(=O)O)c1ccc(C(O)CCCN2CCC(C(O)(c3ccccc3)c3ccccc3)CC2)cc1,CYP3A4,0
CC(C)(C)C(=O)Nc1cccnc1C(=O)Nc1nccs1,CYP2C8,0
CC(C)(C)C(=O)OCOC(=O)[C@@H]1N2C(=O)[C@@H](N=CN3CCCCCC3)[C@H]2SC1(C)C,CYP1A2,0
CC(C)(C)C(O)/C(=C\c1ccc(Cl)cc1)n1cncn1,CYP3A4,1
CC(C)(C)C(O)/C(=C\c1ccc(Cl)cc1Cl)n1cncn1,CYP3A4,1
CC(C)(C)C(O)/C=C/c1ccc2c(c1)OCO2,CYP1A2,1
CC(C)(C)C(O)/C=C/c1ccc2c(c1)OCO2,CYP2C19,1
CC(C)(C)C(O)/C=C/c1ccc2c(c1)OCO2,CYP3A4,1
CC(C)(C)C(O)C(Cc1ccc(Cl)cc1)n1cncn1,CYP3A4,1
CC(C)(C)NC(=O)N1CCN(C(=O)N[C@H](C(=O)O)[C@H](C=O)CCCN=C(N)N)CC1,CYP1A2,0
CC(C)(C)NC(=O)N1CCN(C(=O)N[C@H](C(=O)O)[C@H](C=O)CCCN=C(N)N)CC1,CYP3A4,0
CC(C)(C)NC(=O)[C@@H]1CCCCN1,CYP1A2,0
CC(C)(C)NC(=O)[C@@H]1CCCCN1,CYP2C8,0
CC(C)(C)NC(=O)[C@H]1CC[C@H]2[C@@H]3CC[C@H]4NC(=O)C=C[C@]4(C)[C@H]3CC[C@]12C,CYP2B6,0
CC(C)(C)NC(=O)[C@H]1CC[C@H]2[C@@H]3CC[C@H]4NC(=O)C=C[C@]4(C)[C@H]3CC[C@]12C,CYP2C8,0
CC(C)(C)NC(=O)[C@H]1CC[C@H]2[C@@H]3CC[C@H]4NC(=O)C=C[C@]4(C)[C@H]3CC[C@]12C,CYP2C9,0
CC(C)(C)NC(=O)[C@H]1CC[C@H]2[C@@H]3CC[C@H]4NC(=O)C=C[C@]4(C)[C@H]3CC[C@]12C,CYP2D6,0
CC(C)(C)NC(=O)[C@H]1CC[C@H]2[C@@H]3CC[C@H]4NC(=O)C=C[C@]4(C)[C@H]3CC[C@]12C,CYP2E1,0
CC(C)(C)NC(=O)[C@H]1CC[C@H]2[C@@H]3CC[C@H]4NC(=O)C=C[C@]4(C)[C@H]3CC[C@]12C,CYP3A4,1
CC(C)(C)NC(CO)c1cc(Cl)c(N)c(C(F)(F)F)c1,CYP1A2,0
CC(C)(C)NC(CO)c1cc(Cl)c(N)c(C(F)(F)F)c1,CYP2C19,1
CC(C)(C)NC(CO)c1cc(Cl)c(N)c(C(F)(F)F)c1,CYP2C9,0
CC(C)(C)NC(CO)c1cc(Cl)c(N)c(C(F)(F)F)c1,CYP3A4,1
CC(C)(C)NCC(O)COc1cccc2c1CCC(=O)N2,CYP1A2,0
CC(C)(C)NCC(O)COc1cccc2c1CCC(=O)N2,CYP2A6,0
CC(C)(C)NCC(O)COc1cccc2c1CCC(=O)N2,CYP2B6,0
CC(C)(C)NCC(O)COc1cccc2c1CCC(=O)N2,CYP2D6,1
CC(C)(C)NCC(O)COc1cccc2c1CCC(=O)N2,CYP2E1,0
CC(C)(C)NCC(O)COc1cccc2c1CCC(=O)N2,CYP3A4,0
CC(C)(C)NCC(O)COc1cccc2c1C[C@H](O)[C@H](O)C2,CYP1A2,0
CC(C)(C)NCC(O)COc1cccc2c1C[C@H](O)[C@H](O)C2,CYP2A6,0
CC(C)(C)NCC(O)COc1cccc2c1C[C@H](O)[C@H](O)C2,CYP2B6,0
CC(C)(C)NCC(O)COc1cccc2c1C[C@H](O)[C@H](O)C2,CYP2C19,0
CC(C)(C)NCC(O)COc1cccc2c1C[C@H](O)[C@H](O)C2,CYP2C8,0
CC(C)(C)NCC(O)COc1cccc2c1C[C@H](O)[C@H](O)C2,CYP2C9,0
CC(C)(C)NCC(O)COc1cccc2c1C[C@H](O)[C@H](O)C2,CYP2D6,0
CC(C)(C)NCC(O)COc1cccc2c1C[C@H](O)[C@H](O)C2,CYP2E1,0
CC(C)(C)NCC(O)COc1cccc2c1C[C@H](O)[C@H](O)C2,CYP3A4,0
CC(C)(C)NCC(O)COc1ccccc1C#N,CYP2D6,1
CC(C)(C)OC(=O)N(Cc1ccccc1)S(C)(=O)=O,CYP2A6,0
CC(C)(C)OC(=O)N[C@H](C=O)C1CCCCC1,CYP2E1,0
CC(C)(C)OC(=O)Nc1cccnc1C(=O)Nc1nccs1,CYP2C8,0
CC(C)(C)OC[C@@H]1C(=O)NCCN1C(=O)C[C@H](N)Cc1cc(F)c(F)cc1F,CYP1A2,0
CC(C)(C)OC[C@@H]1C(=O)NCCN1C(=O)C[C@H](N)Cc1cc(F)c(F)cc1F,CYP2A6,0
CC(C)(C)OC[C@@H]1C(=O)NCCN1C(=O)C[C@H](N)Cc1cc(F)c(F)cc1F,CYP2B6,0
CC(C)(C)OC[C@@H]1C(=O)NCCN1C(=O)C[C@H](N)Cc1cc(F)c(F)cc1F,CYP2C19,0
CC(C)(C)OC[C@@H]1C(=O)NCCN1C(=O)C[C@H](N)Cc1cc(F)c(F)cc1F,CYP2C8,0
CC(C)(C)OC[C@@H]1C(=O)NCCN1C(=O)C[C@H](N)Cc1cc(F)c(F)cc1F,CYP2C9,0
CC(C)(C)OC[C@@H]1C(=O)NCCN1C(=O)C[C@H](N)Cc1cc(F)c(F)cc1F,CYP2D6,0
CC(C)(C)OC[C@@H]1C(=O)NCCN1C(=O)C[C@H](N)Cc1cc(F)c(F)cc1F,CYP2E1,0
CC(C)(C)OC[C@@H]1C(=O)NCCN1C(=O)C[C@H](N)Cc1cc(F)c(F)cc1F,CYP3A4,1
CC(C)(C)[C@H](NC(=O)C(F)(F)F)C(=O)N1[C@H]2C[C@@H]([C@H]1C(=O)N[C@H](C#N)C[C@@H]1CCNC1=O)C1(CC1)C2,CYP2A6,0
CC(C)(C)[C@H](NC(=O)C(F)(F)F)C(=O)N1[C@H]2C[C@@H]([C@H]1C(=O)N[C@H](C#N)C[C@@H]1CCNC1=O)C1(CC1)C2,CYP2C8,0
CC(C)(C)c1cc(-c2cc(-c3ccc(C(=O)O)cc3)ccc2OCCO)ccc1N1CCCC1,CYP2B6,1
CC(C)(C)c1cc(-c2cc(-c3ccc(C(=O)O)cc3)ccc2OCCO)ccc1N1CCCC1,CYP2C8,1
CC(C)(C)c1cc(-c2cc(-c3ccc(C(=O)O)cc3)ccc2OCCO)ccc1N1CCCC1,CYP2C9,1
CC(C)(C)c1cc(-c2cc(-c3ccc(C(=O)O)cc3)ccc2OCCO)ccc1N1CCCC1,CYP3A4,1
CC(C)(C)c1cc(/N=N/c2ccccc2C(=O)O)ccc1O,CYP2C8,0
CC(C)(C)c1cc(C(C)(C)C)c(NC(=O)c2c[nH]c3ccccc3c2=O)cc1O,CYP3A4,1
CC(C)(C)c1cc(C(C)(C)CO)c(O)cc1NC(=O)c1c[nH]c2ccccc2c1=O,CYP3A4,1
CC(C)(C)c1ccc(C(=O)CCCN2CCC(OC(c3ccccc3)c3ccccc3)CC2)cc1,CYP3A4,1
CC(C)(C)c1ccc(C(O)CCCN2CCC(C(O)(c3ccccc3)c3ccccc3)CC2)cc1,CYP2D6,1
CC(C)(C)c1ccc(C(O)CCCN2CCC(C(O)(c3ccccc3)c3ccccc3)CC2)cc1,CYP3A4,1
CC(C)(C)c1ccc(CN(Cc2cccc(OCC(=O)O)c2)S(=O)(=O)c2cccnc2)cc1,CYP2C8,1
CC(C)(C)c1ccc(CN(Cc2cccc(OCC(=O)O)c2)S(=O)(=O)c2cccnc2)cc1,CYP3A4,1
CC(C)(C)c1nc(-c2cccc(NS(=O)(=O)c3c(F)cccc3F)c2F)c(-c2ccnc(N)n2)s1,CYP2C8,1
CC(C)(C)c1nc(-c2cccc(NS(=O)(=O)c3c(F)cccc3F)c2F)c(-c2ccnc(N)n2)s1,CYP3A4,1
CC(C)(C)c1onc(O)c1C[C@H](N)C(=O)O,CYP3A4,0
CC(C)(C)c1onc(OCP(=O)(O)O)c1C[C@H](N)C(=O)O,CYP2C8,0
CC(C)(C)c1snc(O)c1C[C@H](N)C(=O)O,CYP2C19,0
CC(C)(C)n1nc2c(c1NC(=O)c1ccccc1C(F)(F)F)CS(=O)(=O)C2,CYP2B6,0
CC(C)(C)n1nc2c(c1NC(=O)c1ccccc1C(F)(F)F)CS(=O)(=O)C2,CYP2E1,0
CC(C)(C=O)NC(=O)[C@H]1CC[C@H]2[C@@H]3CC[C@H]4NC(=O)C=C[C@]4(C)[C@H]3CC[C@]12C,CYP2B6,0
CC(C)(C=O)NC(=O)[C@H]1CC[C@H]2[C@@H]3CC[C@H]4NC(=O)C=C[C@]4(C)[C@H]3CC[C@]12C,CYP2C8,0
CC(C)(C=O)NC(=O)[C@H]1CC[C@H]2[C@@H]3CC[C@H]4NC(=O)C=C[C@]4(C)[C@H]3CC[C@]12C,CYP2C9,0
CC(C)(C=O)NC(=O)[C@H]1CC[C@H]2[C@@H]3CC[C@H]4NC(=O)C=C[C@]4(C)[C@H]3CC[C@]12C,CYP2D6,0
CC(C)(C=O)NC(=O)[C@H]1CC[C@H]2[C@@H]3CC[C@H]4NC(=O)C=C[C@]4(C)[C@H]3CC[C@]12C,CYP2E1,0
CC(C)(C=O)NC(=O)[C@H]1CC[C@H]2[C@@H]3CC[C@H]4NC(=O)C=C[C@]4(C)[C@H]3CC[C@]12C,CYP3A4,1
CC(C)(CO)C(=O)C(=O)O,CYP2C8,0
CC(C)(CO)C(=O)C(=O)O,CYP2E1,0
CC(C)(CO)C(=O)C(=O)O,CYP3A4,0
CC(C)(CO)NC(=O)[C@H]1CC[C@H]2[C@@H]3CC[C@H]4NC(=O)C=C[C@]4(C)[C@H]3CC[C@]12C,CYP2B6,0
CC(C)(CO)NC(=O)[C@H]1CC[C@H]2[C@@H]3CC[C@H]4NC(=O)C=C[C@]4(C)[C@H]3CC[C@]12C,CYP2C8,0
CC(C)(CO)NC(=O)[C@H]1CC[C@H]2[C@@H]3CC[C@H]4NC(=O)C=C[C@]4(C)[C@H]3CC[C@]12C,CYP2C9,0
CC(C)(CO)NC(=O)[C@H]1CC[C@H]2[C@@H]3CC[C@H]4NC(=O)C=C[C@]4(C)[C@H]3CC[C@]12C,CYP2D6,0
CC(C)(CO)NC(=O)[C@H]1CC[C@H]2[C@@H]3CC[C@H]4NC(=O)C=C[C@]4(C)[C@H]3CC[C@]12C,CYP2E1,0
CC(C)(CO)NC(=O)[C@H]1CC[C@H]2[C@@H]3CC[C@H]4NC(=O)C=C[C@]4(C)[C@H]3CC[C@]12C,CYP3A4,1
CC(C)(CO)c1ccc(C(=O)CCCN2CCC(OC(c3ccccc3)c3ccccc3)CC2)cc1,CYP1A2,0
CC(C)(CO)c1ccc(C(=O)CCCN2CCC(OC(c3ccccc3)c3ccccc3)CC2)cc1,CYP2B6,0
CC(C)(CO)c1ccc(C(=O)CCCN2CCC(OC(c3ccccc3)c3ccccc3)CC2)cc1,CYP2C19,0
CC(C)(CO)c1ccc(C(=O)CCCN2CCC(OC(c3ccccc3)c3ccccc3)CC2)cc1,CYP2C8,0
CC(C)(CO)c1ccc(C(=O)CCCN2CCC(OC(c3ccccc3)c3ccccc3)CC2)cc1,CYP2E1,0
CC(C)(CO)c1ccc(C(=O)CCCN2CCC(OC(c3ccccc3)c3ccccc3)CC2)cc1,CYP3A4,1
CC(C)(CO)c1nc(-c2cccc(NS(=O)(=O)c3c(F)cccc3F)c2F)c(-c2ccnc(N)n2)s1,CYP3A4,1
CC(C)(COP(=O)(O)O)[C@@H](O)C(=O)NCCC(=O)NCCS,CYP2A6,0
CC(C)(COP(=O)(O)O)[C@@H](O)C(=O)NCCC(=O)NCCS,CYP2D6,0
CC(C)(COP(=O)(O)O)[C@@H](O)C(=O)NCCC(=O)NCCS,CYP3A4,0
CC(C)(COP(=O)(O)O)[C@@H](O)C(=O)NCCC(=O)O,CYP2D6,0
CC(C)(COP(=O)(O)O)[C@@H](O)C(=O)NCCC(=O)O,CYP3A4,0
CC(C)(N)C(=O)O,CYP1A2,0
CC(C)(N)C(=O)O,CYP2C19,0
CC(C)(N)C(=O)O,CYP3A4,0
CC(C)(N)Cc1ccccc1,CYP3A4,1
CC(C)(NC(=O)c1nn(CC2CCOCC2)c2ccccc12)c1ccccc1,CYP2A6,0
CC(C)(NC(=O)c1nn(CC2CCOCC2)c2ccccc12)c1ccccc1,CYP2C19,1
CC(C)(NC(=O)c1nn(CC2CCOCC2)c2ccccc12)c1ccccc1,CYP2C8,1
CC(C)(NC(=O)c1nn(CC2CCOCC2)c2ccccc12)c1ccccc1,CYP2D6,1
CC(C)(NC(=O)c1nn(CC2CCOCC2)c2ccccc12)c1ccccc1,CYP2E1,0
CC(C)(NC(=O)c1nn(CC2CCOCC2)c2ccccc12)c1ccccc1,CYP3A4,1
CC(C)(O)CC(=O)O,CYP2B6,0
CC(C)(O)CC(=O)O,CYP3A4,0
CC(C)(O)CC[C@H](OC(=O)c1ccccc1)[C@](C)(O)[C@H]1CC[C@@]2(O)C3=CC(=O)[C@@H]4C[C@@H](O)[C@H](O)C[C@]4(C)C3CC[C@]12C,CYP2C8,0
CC(C)(O)CC[C@H](OC(=O)c1ccccc1)[C@](C)(O)[C@H]1CC[C@@]2(O)C3=CC(=O)[C@@H]4C[C@@H](O)[C@H](O)C[C@]4(C)C3CC[C@]12C,CYP2D6,0
CC(C)(O)CNc1nc(Nc2ccnc(C(F)(F)F)c2)nc(-c2cccc(C(F)(F)F)n2)n1,CYP1A2,1
CC(C)(O)CNc1nc(Nc2ccnc(C(F)(F)F)c2)nc(-c2cccc(C(F)(F)F)n2)n1,CYP2B6,1
CC(C)(O)CNc1nc(Nc2ccnc(C(F)(F)F)c2)nc(-c2cccc(C(F)(F)F)n2)n1,CYP2C19,1
CC(C)(O)CNc1nc(Nc2ccnc(C(F)(F)F)c2)nc(-c2cccc(C(F)(F)F)n2)n1,CYP2C8,1
CC(C)(O)CNc1nc(Nc2ccnc(C(F)(F)F)c2)nc(-c2cccc(C(F)(F)F)n2)n1,CYP2C9,1
CC(C)(O)CNc1nc(Nc2ccnc(C(F)(F)F)c2)nc(-c2cccc(C(F)(F)F)n2)n1,CYP2D6,1
CC(C)(O)CNc1nc(Nc2ccnc(C(F)(F)F)c2)nc(-c2cccc(C(F)(F)F)n2)n1,CYP3A4,1
CC(C)(O)c1ccccc1CC[C@@H](SCC1(CC(=O)O)CC1)c1cccc(/C=C/c2ccc3ccc(Cl)cc3n2)c1,CYP1A2,0
CC(C)(O)c1ccccc1CC[C@@H](SCC1(CC(=O)O)CC1)c1cccc(/C=C/c2ccc3ccc(Cl)cc3n2)c1,CYP2A6,0
CC(C)(O)c1ccccc1CC[C@@H](SCC1(CC(=O)O)CC1)c1cccc(/C=C/c2ccc3ccc(Cl)cc3n2)c1,CYP2C8,1
CC(C)(O)c1ccccc1CC[C@@H](SCC1(CC(=O)O)CC1)c1cccc(/C=C/c2ccc3ccc(Cl)cc3n2)c1,CYP2C9,1
CC(C)(O)c1ccccc1CC[C@@H](SCC1(CC(=O)O)CC1)c1cccc(/C=C/c2ccc3ccc(Cl)cc3n2)c1,CYP2D6,0
CC(C)(O)c1ccccc1CC[C@@H](SCC1(CC(=O)O)CC1)c1cccc(/C=C/c2ccc3ccc(Cl)cc3n2)c1,CYP2E1,0
CC(C)(O)c1coc(S(=O)(=O)NC(=O)Nc2c3c(cc4c2CCC4)CCC3)c1,CYP2C8,0
CC(C)(O)c1coc(S(=O)(=O)NC(=O)Nc2c3c(cc4c2CCC4)CCC3)c1,CYP2D6,0
CC(C)(O)c1coc(S(=O)(=O)NC(=O)Nc2c3c(cc4c2CCC4)CCC3)c1,CYP2E1,0
CC(C)(Oc1ccc(C2CC2(Cl)Cl)cc1)C(=O)O,CYP3A4,1
CC(C)(Sc1ccncc1-c1ccc(C#N)c2ccccc12)C(=O)O,CYP1A2,0
CC(C)(Sc1ccncc1-c1ccc(C#N)c2ccccc12)C(=O)O,CYP2A6,0
CC(C)(Sc1ccncc1-c1ccc(C#N)c2ccccc12)C(=O)O,CYP2B6,0
CC(C)(Sc1ccncc1-c1ccc(C#N)c2ccccc12)C(=O)O,CYP2C19,0
CC(C)(Sc1ccncc1-c1ccc(C#N)c2ccccc12)C(=O)O,CYP2C8,0
CC(C)(Sc1ccncc1-c1ccc(C#N)c2ccccc12)C(=O)O,CYP2D6,0
CC(C)(Sc1ccncc1-c1ccc(C#N)c2ccccc12)C(=O)O,CYP2E1,0
CC(C)(Sc1ccncc1-c1ccc(C#N)c2ccccc12)C(=O)O[C@@H]1O[C@H](C(=O)O)[C@@H](O)[C@H](O)[C@H]1O,CYP1A2,0
CC(C)(Sc1ccncc1-c1ccc(C#N)c2ccccc12)C(=O)O[C@@H]1O[C@H](C(=O)O)[C@@H](O)[C@H](O)[C@H]1O,CYP2A6,0
CC(C)(Sc1ccncc1-c1ccc(C#N)c2ccccc12)C(=O)O[C@@H]1O[C@H](C(=O)O)[C@@H](O)[C@H](O)[C@H]1O,CYP2B6,0
CC(C)(Sc1ccncc1-c1ccc(C#N)c2ccccc12)C(=O)O[C@@H]1O[C@H](C(=O)O)[C@@H](O)[C@H](O)[C@H]1O,CYP2C19,0
CC(C)(Sc1ccncc1-c1ccc(C#N)c2ccccc12)C(=O)O[C@@H]1O[C@H](C(=O)O)[C@@H](O)[C@H](O)[C@H]1O,CYP2C8,1
CC(C)(Sc1ccncc1-c1ccc(C#N)c2ccccc12)C(=O)O[C@@H]1O[C@H](C(=O)O)[C@@H](O)[C@H](O)[C@H]1O,CYP2C9,0
CC(C)(Sc1ccncc1-c1ccc(C#N)c2ccccc12)C(=O)O[C@@H]1O[C@H](C(=O)O)[C@@H](O)[C@H](O)[C@H]1O,CYP2D6,0
CC(C)(Sc1ccncc1-c1ccc(C#N)c2ccccc12)C(=O)O[C@@H]1O[C@H](C(=O)O)[C@@H](O)[C@H](O)[C@H]1O,CYP2E1,0
CC(C)(c1ccc(OP(=O)(Oc2ccccc2)Oc2ccccc2)cc1)c1ccc(OP(=O)(Oc2ccccc2)Oc2ccccc2)cc1,CYP1A2,1
CC(C)(c1ccc(OP(=O)(Oc2ccccc2)Oc2ccccc2)cc1)c1ccc(OP(=O)(Oc2ccccc2)Oc2ccccc2)cc1,CYP2B6,1
CC(C)(c1ccc(OP(=O)(Oc2ccccc2)Oc2ccccc2)cc1)c1ccc(OP(=O)(Oc2ccccc2)Oc2ccccc2)cc1,CYP2C19,0
CC(C)(c1ccc(OP(=O)(Oc2ccccc2)Oc2ccccc2)cc1)c1ccc(OP(=O)(Oc2ccccc2)Oc2ccccc2)cc1,CYP2C9,1
CC(C)(c1ccc(OP(=O)(Oc2ccccc2)Oc2ccccc2)cc1)c1ccc(OP(=O)(Oc2ccccc2)Oc2ccccc2)cc1,CYP2E1,1
CC(C)(c1ccc(OP(=O)(Oc2ccccc2)Oc2ccccc2)cc1)c1ccc(OP(=O)(Oc2ccccc2)Oc2ccccc2)cc1,CYP3A4,1
CC(C)/N=c1\cc2n(-c3ccc(Cl)cc3)c3ccccc3nc-2cc1Nc1ccc(Cl)cc1,CYP2A6,0
CC(C)/N=c1\cc2n(-c3ccc(Cl)cc3)c3ccccc3nc-2cc1Nc1ccc(Cl)cc1,CYP2B6,0
CC(C)/N=c1\cc2n(-c3ccc(Cl)cc3)c3ccccc3nc-2cc1Nc1ccc(Cl)cc1,CYP2C19,0
CC(C)/N=c1\cc2n(-c3ccc(Cl)cc3)c3ccccc3nc-2cc1Nc1ccc(Cl)cc1,CYP2C8,0
CC(C)/N=c1\cc2n(-c3ccc(Cl)cc3)c3ccccc3nc-2cc1Nc1ccc(Cl)cc1,CYP2C9,0
CC(C)/N=c1\cc2n(-c3ccc(Cl)cc3)c3ccccc3nc-2cc1Nc1ccc(Cl)cc1,CYP2D6,0
CC(C)/N=c1\cc2n(-c3ccc(Cl)cc3)c3ccccc3nc-2cc1Nc1ccc(Cl)cc1,CYP2E1,0
CC(C)=C1CC[C@@H](C)CC1=O,CYP1A2,1
CC(C)=C1CC[C@@H](C)CC1=O,CYP2C19,1
CC(C)=C1CC[C@@H](C)CC1=O,CYP2E1,1
CC(C)=CC1C(C(=O)OCc2coc(Cc3ccccc3)c2)C1(C)C,CYP2C19,1
CC(C)=CC1C(C(=O)OCc2coc(Cc3ccccc3)c2)C1(C)C,CYP2C8,1
CC(C)=CC1C(C(=O)OCc2coc(Cc3ccccc3)c2)C1(C)C,CYP2C9,1
CC(C)=CC1C(C(=O)OCc2coc(Cc3ccccc3)c2)C1(C)C,CYP3A4,1
CC(C)=CCC/C(C)=C/CNCCNC1C2CC3CC(C2)CC1C3,CYP1A2,0
CC(C)=CCC/C(C)=C/CNCCNC1C2CC3CC(C2)CC1C3,CYP2A6,0
CC(C)=CCC/C(C)=C/CNCCNC1C2CC3CC(C2)CC1C3,CYP2B6,0
CC(C)=CCC/C(C)=C/CNCCNC1C2CC3CC(C2)CC1C3,CYP2C19,1
CC(C)=CCC/C(C)=C/CNCCNC1C2CC3CC(C2)CC1C3,CYP2C8,0
CC(C)=CCC/C(C)=C/CNCCNC1C2CC3CC(C2)CC1C3,CYP2C9,0
CC(C)=CCC/C(C)=C/CNCCNC1C2CC3CC(C2)CC1C3,CYP2D6,1
CC(C)=CCC/C(C)=C/CNCCNC1C2CC3CC(C2)CC1C3,CYP3A4,0
CC(C)=CCC/C(C)=C/COc1c2ccoc2cc2oc(=O)ccc12,CYP2B6,1
CC(C)=CCC/C(C)=C/COc1c2ccoc2cc2oc(=O)ccc12,CYP2C9,1
CC(C)=CCC/C(C)=C/Cc1cc(-c2coc3cc(O)ccc3c2=O)ccc1O,CYP1A2,0
CC(C)=CCC/C(C)=C/Cc1cc(-c2coc3cc(O)ccc3c2=O)ccc1O,CYP2A6,0
CC(C)=CCC/C(C)=C/Cc1cc(-c2coc3cc(O)ccc3c2=O)ccc1O,CYP2B6,0
CC(C)=CCC/C(C)=C/Cc1cc(-c2coc3cc(O)ccc3c2=O)ccc1O,CYP2C19,1
CC(C)=CCC/C(C)=C/Cc1cc(-c2coc3cc(O)ccc3c2=O)ccc1O,CYP2C8,1
CC(C)=CCC/C(C)=C/Cc1cc(-c2coc3cc(O)ccc3c2=O)ccc1O,CYP2E1,0
CC(C)=CCC/C(C)=C/Cc1cc(-c2coc3cc(O)ccc3c2=O)ccc1O,CYP3A4,0
CC(C)=CCC[C@](C)(O)[C@H]1CC=C(C)CC1,CYP2B6,1
CC(C)=CCC[C@](C)(O)[C@H]1CC=C(C)CC1,CYP2C8,0
CC(C)=CCC[C@](C)(O)[C@H]1CC=C(C)CC1,CYP2C9,1
CC(C)=CCC[C@](C)(O)[C@H]1CC=C(C)CC1,CYP2D6,1
CC(C)=CCC[C@](C)(O)[C@H]1CC=C(C)CC1,CYP3A4,0
CC(C)=CCC[C@](C)(O)[C@H]1CC[C@]2(C)[C@@H]1[C@H](O)C[C@@H]1[C@@]3(C)CC[C@H](O)C(C)(C)[C@@H]3CC[C@]12C,CYP1A2,0
CC(C)=CCC[C@](C)(O)[C@H]1CC[C@]2(C)[C@@H]1[C@H](O)C[C@@H]1[C@@]3(C)CC[C@H](O)C(C)(C)[C@@H]3CC[C@]12C,CYP2A6,0
CC(C)=CCC[C@](C)(O)[C@H]1CC[C@]2(C)[C@@H]1[C@H](O)C[C@@H]1[C@@]3(C)CC[C@H](O)C(C)(C)[C@@H]3CC[C@]12C,CYP2B6,0
CC(C)=CCC[C@](C)(O)[C@H]1CC[C@]2(C)[C@@H]1[C@H](O)C[C@@H]1[C@@]3(C)CC[C@H](O)C(C)(C)[C@@H]3CC[C@]12C,CYP2C19,0
CC(C)=CCC[C@](C)(O)[C@H]1CC[C@]2(C)[C@@H]1[C@H](O)C[C@@H]1[C@@]3(C)CC[C@H](O)C(C)(C)[C@@H]3CC[C@]12C,CYP2C8,0
CC(C)=CCC[C@](C)(O)[C@H]1CC[C@]2(C)[C@@H]1[C@H](O)C[C@@H]1[C@@]3(C)CC[C@H](O)C(C)(C)[C@@H]3CC[C@]12C,CYP2C9,0
CC(C)=CCC[C@](C)(O)[C@H]1CC[C@]2(C)[C@@H]1[C@H](O)C[C@@H]1[C@@]3(C)CC[C@H](O)C(C)(C)[C@@H]3CC[C@]12C,CYP2D6,0
CC(C)=CCC[C@](C)(O)[C@H]1CC[C@]2(C)[C@@H]1[C@H](O)C[C@@H]1[C@@]3(C)CC[C@H](O)C(C)(C)[C@@H]3CC[C@]12C,CYP2E1,0
CC(C)=CCC[C@](C)(O)[C@H]1CC[C@]2(C)[C@@H]1[C@H](O)C[C@@H]1[C@@]3(C)CC[C@H](O)C(C)(C)[C@@H]3CC[C@]12C,CYP3A4,1
CC(C)=CCC[C@](C)(O)[C@H]1CC[C@]2(C)[C@@H]1[C@H](O)C[C@@H]1[C@@]3(C)CC[C@H](O)C(C)(C)[C@@H]3[C@@H](O)C[C@]12C,CYP1A2,0
CC(C)=CCC[C@](C)(O)[C@H]1CC[C@]2(C)[C@@H]1[C@H](O)C[C@@H]1[C@@]3(C)CC[C@H](O)C(C)(C)[C@@H]3[C@@H](O)C[C@]12C,CYP2B6,0
CC(C)=CCC[C@](C)(O)[C@H]1CC[C@]2(C)[C@@H]1[C@H](O)C[C@@H]1[C@@]3(C)CC[C@H](O)C(C)(C)[C@@H]3[C@@H](O)C[C@]12C,CYP2C19,0
CC(C)=CCC[C@](C)(O)[C@H]1CC[C@]2(C)[C@@H]1[C@H](O)C[C@@H]1[C@@]3(C)CC[C@H](O)C(C)(C)[C@@H]3[C@@H](O)C[C@]12C,CYP2C9,0
CC(C)=CCC[C@](C)(O)[C@H]1CC[C@]2(C)[C@@H]1[C@H](O)C[C@@H]1[C@@]3(C)CC[C@H](O)C(C)(C)[C@@H]3[C@@H](O)C[C@]12C,CYP2D6,0
CC(C)=CCC[C@](C)(O)[C@H]1CC[C@]2(C)[C@@H]1[C@H](O)C[C@@H]1[C@@]3(C)CC[C@H](O)C(C)(C)[C@@H]3[C@@H](O)C[C@]12C,CYP2E1,0
CC(C)=CCC[C@](C)(O)[C@H]1CC[C@]2(C)[C@@H]1[C@H](O)C[C@@H]1[C@@]3(C)CC[C@H](O)C(C)(C)[C@@H]3[C@@H](O)C[C@]12C,CYP3A4,1
CC(C)=CCC[C@](C)(O)[C@H]1CC[C@]2(C)[C@@H]1[C@H](O)C[C@@H]1[C@@]3(C)CC[C@H](O)C(C)(C)[C@@H]3[C@@H](O[C@@H]3O[C@H](CO)[C@@H](O)[C@H](O)[C@H]3O)C[C@]12C,CYP1A2,0
CC(C)=CCC[C@](C)(O)[C@H]1CC[C@]2(C)[C@@H]1[C@H](O)C[C@@H]1[C@@]3(C)CC[C@H](O)C(C)(C)[C@@H]3[C@@H](O[C@@H]3O[C@H](CO)[C@@H](O)[C@H](O)[C@H]3O)C[C@]12C,CYP2B6,0
CC(C)=CCC[C@](C)(O)[C@H]1CC[C@]2(C)[C@@H]1[C@H](O)C[C@@H]1[C@@]3(C)CC[C@H](O)C(C)(C)[C@@H]3[C@@H](O[C@@H]3O[C@H](CO)[C@@H](O)[C@H](O)[C@H]3O)C[C@]12C,CYP2C19,0
CC(C)=CCC[C@](C)(O)[C@H]1CC[C@]2(C)[C@@H]1[C@H](O)C[C@@H]1[C@@]3(C)CC[C@H](O)C(C)(C)[C@@H]3[C@@H](O[C@@H]3O[C@H](CO)[C@@H](O)[C@H](O)[C@H]3O)C[C@]12C,CYP2C9,0
CC(C)=CCC[C@](C)(O)[C@H]1CC[C@]2(C)[C@@H]1[C@H](O)C[C@@H]1[C@@]3(C)CC[C@H](O)C(C)(C)[C@@H]3[C@@H](O[C@@H]3O[C@H](CO)[C@@H](O)[C@H](O)[C@H]3O)C[C@]12C,CYP2D6,0
CC(C)=CCC[C@](C)(O)[C@H]1CC[C@]2(C)[C@@H]1[C@H](O)C[C@@H]1[C@@]3(C)CC[C@H](O)C(C)(C)[C@@H]3[C@@H](O[C@@H]3O[C@H](CO)[C@@H](O)[C@H](O)[C@H]3O)C[C@]12C,CYP2E1,0
CC(C)=CCC[C@](C)(O)[C@H]1CC[C@]2(C)[C@@H]1[C@H](O)C[C@@H]1[C@@]3(C)CC[C@H](O)C(C)(C)[C@@H]3[C@@H](O[C@@H]3O[C@H](CO)[C@@H](O)[C@H](O)[C@H]3O)C[C@]12C,CYP3A4,1
CC(C)=CCC[C@](C)(O)[C@H]1CC[C@]2(C)[C@@H]1[C@H](O)C[C@@H]1[C@@]3(C)CC[C@H](O)C(C)(C)[C@@H]3[C@@H](O[C@@H]3O[C@H](CO)[C@@H](O)[C@H](O)[C@H]3O[C@@H]3O[C@@H](C)[C@H](O)[C@@H](O)[C@H]3O)C[C@]12C,CYP1A2,0
CC(C)=CCC[C@](C)(O)[C@H]1CC[C@]2(C)[C@@H]1[C@H](O)C[C@@H]1[C@@]3(C)CC[C@H](O)C(C)(C)[C@@H]3[C@@H](O[C@@H]3O[C@H](CO)[C@@H](O)[C@H](O)[C@H]3O[C@@H]3O[C@@H](C)[C@H](O)[C@@H](O)[C@H]3O)C[C@]12C,CYP2B6,0
CC(C)=CCC[C@](C)(O)[C@H]1CC[C@]2(C)[C@@H]1[C@H](O)C[C@@H]1[C@@]3(C)CC[C@H](O)C(C)(C)[C@@H]3[C@@H](O[C@@H]3O[C@H](CO)[C@@H](O)[C@H](O)[C@H]3O[C@@H]3O[C@@H](C)[C@H](O)[C@@H](O)[C@H]3O)C[C@]12C,CYP2C19,0
CC(C)=CCC[C@](C)(O)[C@H]1CC[C@]2(C)[C@@H]1[C@H](O)C[C@@H]1[C@@]3(C)CC[C@H](O)C(C)(C)[C@@H]3[C@@H](O[C@@H]3O[C@H](CO)[C@@H](O)[C@H](O)[C@H]3O[C@@H]3O[C@@H](C)[C@H](O)[C@@H](O)[C@H]3O)C[C@]12C,CYP2C9,0
CC(C)=CCC[C@](C)(O)[C@H]1CC[C@]2(C)[C@@H]1[C@H](O)C[C@@H]1[C@@]3(C)CC[C@H](O)C(C)(C)[C@@H]3[C@@H](O[C@@H]3O[C@H](CO)[C@@H](O)[C@H](O)[C@H]3O[C@@H]3O[C@@H](C)[C@H](O)[C@@H](O)[C@H]3O)C[C@]12C,CYP2D6,0
CC(C)=CCC[C@](C)(O)[C@H]1CC[C@]2(C)[C@@H]1[C@H](O)C[C@@H]1[C@@]3(C)CC[C@H](O)C(C)(C)[C@@H]3[C@@H](O[C@@H]3O[C@H](CO)[C@@H](O)[C@H](O)[C@H]3O[C@@H]3O[C@@H](C)[C@H](O)[C@@H](O)[C@H]3O)C[C@]12C,CYP2E1,0
CC(C)=CCC[C@](C)(O)[C@H]1CC[C@]2(C)[C@@H]1[C@H](O)C[C@@H]1[C@@]3(C)CC[C@H](O)C(C)(C)[C@@H]3[C@@H](O[C@@H]3O[C@H](CO)[C@@H](O)[C@H](O)[C@H]3O[C@@H]3O[C@@H](C)[C@H](O)[C@@H](O)[C@H]3O)C[C@]12C,CYP3A4,1
CC(C)=CCC[C@](C)(O)[C@H]1CC[C@]2(C)[C@@H]1[C@H](O)C[C@@H]1[C@@]3(C)CC[C@H](O[C@@H]4O[C@H](CO)[C@@H](O)[C@H](O)[C@H]4O)C(C)(C)[C@@H]3CC[C@]12C,CYP1A2,0
CC(C)=CCC[C@](C)(O)[C@H]1CC[C@]2(C)[C@@H]1[C@H](O)C[C@@H]1[C@@]3(C)CC[C@H](O[C@@H]4O[C@H](CO)[C@@H](O)[C@H](O)[C@H]4O)C(C)(C)[C@@H]3CC[C@]12C,CYP2A6,0
CC(C)=CCC[C@](C)(O)[C@H]1CC[C@]2(C)[C@@H]1[C@H](O)C[C@@H]1[C@@]3(C)CC[C@H](O[C@@H]4O[C@H](CO)[C@@H](O)[C@H](O)[C@H]4O)C(C)(C)[C@@H]3CC[C@]12C,CYP2B6,0
CC(C)=CCC[C@](C)(O)[C@H]1CC[C@]2(C)[C@@H]1[C@H](O)C[C@@H]1[C@@]3(C)CC[C@H](O[C@@H]4O[C@H](CO)[C@@H](O)[C@H](O)[C@H]4O)C(C)(C)[C@@H]3CC[C@]12C,CYP2C19,0
CC(C)=CCC[C@](C)(O)[C@H]1CC[C@]2(C)[C@@H]1[C@H](O)C[C@@H]1[C@@]3(C)CC[C@H](O[C@@H]4O[C@H](CO)[C@@H](O)[C@H](O)[C@H]4O)C(C)(C)[C@@H]3CC[C@]12C,CYP2C8,0
CC(C)=CCC[C@](C)(O)[C@H]1CC[C@]2(C)[C@@H]1[C@H](O)C[C@@H]1[C@@]3(C)CC[C@H](O[C@@H]4O[C@H](CO)[C@@H](O)[C@H](O)[C@H]4O)C(C)(C)[C@@H]3CC[C@]12C,CYP2C9,0
CC(C)=CCC[C@](C)(O)[C@H]1CC[C@]2(C)[C@@H]1[C@H](O)C[C@@H]1[C@@]3(C)CC[C@H](O[C@@H]4O[C@H](CO)[C@@H](O)[C@H](O)[C@H]4O)C(C)(C)[C@@H]3CC[C@]12C,CYP2D6,0
CC(C)=CCC[C@](C)(O)[C@H]1CC[C@]2(C)[C@@H]1[C@H](O)C[C@@H]1[C@@]3(C)CC[C@H](O[C@@H]4O[C@H](CO)[C@@H](O)[C@H](O)[C@H]4O)C(C)(C)[C@@H]3CC[C@]12C,CYP2E1,0
CC(C)=CCC[C@](C)(O)[C@H]1CC[C@]2(C)[C@@H]1[C@H](O)C[C@@H]1[C@@]3(C)CC[C@H](O[C@@H]4O[C@H](CO)[C@@H](O)[C@H](O)[C@H]4O)C(C)(C)[C@@H]3CC[C@]12C,CYP3A4,1
CC(C)=CCC[C@](C)(O[C@@H]1O[C@H](CO)[C@@H](O)[C@H](O)[C@H]1O)[C@H]1CC[C@]2(C)[C@@H]1[C@H](O)C[C@@H]1[C@@]3(C)CC[C@H](O)C(C)(C)[C@@H]3CC[C@]12C,CYP2C9,1
CC(C)=CCC[C@](C)(O[C@@H]1O[C@H](CO)[C@@H](O)[C@H](O)[C@H]1O)[C@H]1CC[C@]2(C)[C@@H]1[C@H](O)C[C@@H]1[C@@]3(C)CC[C@H](O)C(C)(C)[C@@H]3CC[C@]12C,CYP3A4,1
CC(C)=CCC[C@]1(C)[C@@H](CC=C(C)C)C[C@@]2(CC=C(C)C)C(=O)[C@]1(C(=O)C(C)C)C(=O)C(CC=C(C)C)=C2O,CYP1A2,0
CC(C)=CCC[C@]1(C)[C@@H](CC=C(C)C)C[C@@]2(CC=C(C)C)C(=O)[C@]1(C(=O)C(C)C)C(=O)C(CC=C(C)C)=C2O,CYP2A6,0
CC(C)=CCC[C@]1(C)[C@@H](CC=C(C)C)C[C@@]2(CC=C(C)C)C(=O)[C@]1(C(=O)C(C)C)C(=O)C(CC=C(C)C)=C2O,CYP2C19,1
CC(C)=CCC[C@]1(C)[C@@H](CC=C(C)C)C[C@@]2(CC=C(C)C)C(=O)[C@]1(C(=O)C(C)C)C(=O)C(CC=C(C)C)=C2O,CYP3A4,1
CC(C)=CCNc1ncnc2[nH]cnc12,CYP2C19,0
CC(C)=CCNc1ncnc2c1ncn2[C@@H]1O[C@H](CO)[C@@H](O)[C@H]1O,CYP3A4,0
CC(C)=CCOc1c2ccoc2cc2oc(=O)ccc12,CYP1A2,1
CC(C)=CCOc1c2ccoc2cc2oc(=O)ccc12,CYP2B6,1
CC(C)=CCOc1c2ccoc2cc2oc(=O)ccc12,CYP2D6,1
CC(C)=CCc1c(-c2ccc(O)cc2O)oc2c(CC=C(C)C)c(O)cc(O)c2c1=O,CYP1A2,0
CC(C)=CCc1c(-c2ccc(O)cc2O)oc2c(CC=C(C)C)c(O)cc(O)c2c1=O,CYP2A6,0
CC(C)=CCc1c(-c2ccc(O)cc2O)oc2c(CC=C(C)C)c(O)cc(O)c2c1=O,CYP2B6,0
CC(C)=CCc1c(-c2ccc(O)cc2O)oc2c(CC=C(C)C)c(O)cc(O)c2c1=O,CYP2C19,0
CC(C)=CCc1c(-c2ccc(O)cc2O)oc2c(CC=C(C)C)c(O)cc(O)c2c1=O,CYP2C8,0
CC(C)=CCc1c(-c2ccc(O)cc2O)oc2c(CC=C(C)C)c(O)cc(O)c2c1=O,CYP2C9,0
CC(C)=CCc1c(-c2ccc(O)cc2O)oc2c(CC=C(C)C)c(O)cc(O)c2c1=O,CYP2D6,0
CC(C)=CCc1c(-c2ccc(O)cc2O)oc2c(CC=C(C)C)c(O)cc(O)c2c1=O,CYP2E1,0
CC(C)=CCc1c(-c2ccc(O)cc2O)oc2c(CC=C(C)C)c(O)cc(O)c2c1=O,CYP3A4,0
CC(C)=CCc1c(O)cc(O)c2c1O[C@H](c1ccc(O)cc1)CC2=O,CYP2C19,1
CC(C)=CCc1c(O)cc(O)c2c1O[C@H](c1ccc(O)cc1)CC2=O,CYP2C8,1
CC(C)=CCc1c(O)ccc2ccc(=O)oc12,CYP1A2,1
CC(C)=CCc1c(O)ccc2ccc(=O)oc12,CYP2C19,1
CC(C)=CCc1c(O)ccc2ccc(=O)oc12,CYP2D6,1
CC(C)=CCc1c(O)ccc2ccc(=O)oc12,CYP3A4,1
CC(C)=CCc1cc(-c2coc3cc(O)ccc3c2=O)ccc1O,CYP1A2,1
CC(C)=CCc1cc(-c2coc3cc(O)ccc3c2=O)ccc1O,CYP2C19,1
CC(C)=CCc1cc(-c2coc3cc(O)ccc3c2=O)ccc1O,CYP2C8,1
CC(C)=CCc1cc(/C=C/C(=O)O)cc(CC=C(C)C)c1O,CYP2C9,1
CC(C)=CCc1cc(/C=C/C(=O)O)cc(CC=C(C)C)c1O,CYP2E1,1
CC(C)=CCc1cc2c(cc1O)O[C@H](c1ccc(O)cc1)CC2=O,CYP2A6,0
CC(C)=CCc1cc2c(cc1O)O[C@H](c1ccc(O)cc1)CC2=O,CYP2C19,1
CC(C)=CCc1cc2c(cc1O)O[C@H](c1ccc(O)cc1)CC2=O,CYP2C8,1
CC(C)=CCc1cc2c(cc1O)O[C@H](c1ccc(O)cc1)CC2=O,CYP2C9,1
CC(C)=CCc1cc2c(cc1O)oc(=O)c1c3ccc(O)cc3oc21,CYP2A6,0
CC(C)=CCc1cc2c(cc1O)oc(=O)c1c3ccc(O)cc3oc21,CYP2B6,0
CC(C)=CCc1cc2c(cc1O)oc(=O)c1c3ccc(O)cc3oc21,CYP2C19,1
CC(C)=CCc1cc2c(cc1O)oc(=O)c1c3ccc(O)cc3oc21,CYP2C8,1
CC(C)=CCc1cc2c(cc1O)oc(=O)c1c3ccc(O)cc3oc21,CYP2E1,0
CC(C)=CCc1cc2c(cc1O)oc(=O)c1c3ccc(O)cc3oc21,CYP3A4,0
CC(C)=CCn1cnc(N)c2ncnc1-2,CYP2C19,0
CC(C)=CCn1cnc(N)c2ncnc1-2,CYP2C8,0
CC(C)=C[C@@H]1C[C@H](C)CCO1,CYP1A2,1
CC(C)=C[C@@H]1C[C@H](C)CCO1,CYP2A6,0
CC(C)=C[C@@H]1C[C@H](C)CCO1,CYP2B6,1
CC(C)=C[C@@H]1C[C@H](C)CCO1,CYP2C19,1
CC(C)=C[C@@H]1C[C@H](C)CCO1,CYP2C8,0
CC(C)=C[C@@H]1C[C@H](C)CCO1,CYP2C9,0
CC(C)=C[C@@H]1C[C@H](C)CCO1,CYP2D6,0
CC(C)=C[C@@H]1C[C@H](C)CCO1,CYP2E1,0
CC(C)=C[C@@H]1C[C@H](C)CCO1,CYP3A4,0
CC(C)=C[C@@H]1[C@@H](C(=O)OCc2coc(Cc3ccccc3)c2)C1(C)C,CYP1A2,1
CC(C)=C[C@@H]1[C@@H](C(=O)OCc2coc(Cc3ccccc3)c2)C1(C)C,CYP2B6,1
CC(C)=C[C@@H]1[C@@H](C(=O)OCc2coc(Cc3ccccc3)c2)C1(C)C,CYP2C19,1
CC(C)=C[C@@H]1[C@@H](C(=O)OCc2coc(Cc3ccccc3)c2)C1(C)C,CYP2C8,1
CC(C)=C[C@@H]1[C@@H](C(=O)OCc2coc(Cc3ccccc3)c2)C1(C)C,CYP2C9,1
CC(C)=C[C@H]1C[C@H](C)CCO1,CYP1A2,0
CC(C)=C[C@H]1C[C@H](C)CCO1,CYP2A6,0
CC(C)=C[C@H]1C[C@H](C)CCO1,CYP2B6,1
CC(C)=C[C@H]1C[C@H](C)CCO1,CYP2C19,1
CC(C)=C[C@H]1C[C@H](C)CCO1,CYP2C8,0
CC(C)=C[C@H]1C[C@H](C)CCO1,CYP2C9,0
CC(C)=C[C@H]1C[C@H](C)CCO1,CYP2D6,0
CC(C)=C[C@H]1C[C@H](C)CCO1,CYP2E1,0
CC(C)=C[C@H]1C[C@H](C)CCO1,CYP3A4,0
CC(C)C(=O)COc1nc(N)nc2nc[nH]c12,CYP2E1,0
CC(C)C(=O)N1CCC[C@]12CN([C@H](C(N)=O)[C@@H](C)O)C2=O,CYP2C9,0
CC(C)C(=O)Nc1ccc(N)c(C(F)(F)F)c1,CYP1A2,1
CC(C)C(=O)Nc1ccc([N+](=O)[O-])c(C(F)(F)F)c1,CYP1A2,1
CC(C)C(=O)Nc1ccc([N+](=O)[O-])c(C(F)(F)F)c1,CYP2A6,0
CC(C)C(=O)Nc1ccc([N+](=O)[O-])c(C(F)(F)F)c1,CYP2C19,1
CC(C)C(=O)Nc1ccc([N+](=O)[O-])c(C(F)(F)F)c1,CYP2C9,1
CC(C)C(=O)OC[C@H]1O[C@@H](n2cc/c(=N/O)[nH]c2=O)[C@H](O)[C@@H]1O,CYP1A2,0
CC(C)C(=O)OC[C@H]1O[C@@H](n2cc/c(=N/O)[nH]c2=O)[C@H](O)[C@@H]1O,CYP2C8,0
CC(C)C(=O)OC[C@H]1O[C@@](C#N)(c2ccc3c(N)ncnn23)[C@H](O)[C@@H]1O,CYP2C9,0
CC(C)C(C(=O)OC(C#N)c1cccc(Oc2ccccc2)c1)c1ccc(Cl)cc1,CYP2C19,1
CC(C)C(C(=O)OC(C#N)c1cccc(Oc2ccccc2)c1)c1ccc(Cl)cc1,CYP2C8,1
CC(C)C(C(=O)OC(C#N)c1cccc(Oc2ccccc2)c1)c1ccc(Cl)cc1,CYP2C9,1
CC(C)C(C(=O)OC(C#N)c1cccc(Oc2ccccc2)c1)c1ccc(Cl)cc1,CYP3A4,1
CC(C)C(C)NCC(O)COc1cccc2ccccc12,CYP2D6,1
CC(C)C(OC(=O)c1nsc(Cl)c1Cl)C(=O)NC(C)(C)C,CYP2D6,0
CC(C)C1CCC(C(=O)NC(Cc2ccccc2)C(=O)O)CC1,CYP2C9,1
CC(C)C1CCC(C(=O)NC(Cc2ccccc2)C(=O)O)CC1,CYP3A4,1
CC(C)C1CCC(Cc2ccc(Cl)cc2)C1(O)Cn1cncn1,CYP3A4,1
CC(C)CC(=O)C(=O)O,CYP2A6,0
CC(C)CC(=O)C(=O)O,CYP3A4,0
CC(C)CC(C)NC1=CC(=O)C(Nc2ccccc2)=CC1=O,CYP1A2,1
CC(C)CC(C)NC1=CC(=O)C(Nc2ccccc2)=CC1=O,CYP2C19,1
CC(C)CC(C)NC1=CC(=O)C(Nc2ccccc2)=CC1=O,CYP2E1,0
CC(C)CC(C)NC1=CC(=O)C(Nc2ccccc2)=CC1=O,CYP3A4,1
CC(C)CC(N(C)C)C1(c2ccc(Cl)cc2)CCC1,CYP1A2,0
CC(C)CC(N(C)C)C1(c2ccc(Cl)cc2)CCC1,CYP2A6,0
CC(C)CC(N(C)C)C1(c2ccc(Cl)cc2)CCC1,CYP2B6,1
CC(C)CC(N(C)C)C1(c2ccc(Cl)cc2)CCC1,CYP2C19,1
CC(C)CC(N(C)C)C1(c2ccc(Cl)cc2)CCC1,CYP2C8,0
CC(C)CC(N(C)C)C1(c2ccc(Cl)cc2)CCC1,CYP2C9,0
CC(C)CC(N(C)C)C1(c2ccc(Cl)cc2)CCC1,CYP2D6,0
CC(C)CC(N(C)C)C1(c2ccc(Cl)cc2)CCC1,CYP2E1,0
CC(C)CC(N(C)C)C1(c2ccc(Cl)cc2)CCC1,CYP3A4,1
CC(C)CC1=N[C@](O)([C@@H](N)[C@@H](C)O)N(CC=O)C1=O,CYP2B6,0
CC(C)CC1=N[C@](O)([C@@H](N)[C@@H](C)O)N(CC=O)C1=O,CYP3A4,0
CC(C)CCC[C@@H](C)[C@H]1CC[C@H]2[C@@H]3CC=C4C[C@@H](O)CC[C@]4(C)[C@H]3CC[C@]12C,CYP1A2,1
CC(C)CCC[C@@H](C)[C@H]1CC[C@H]2[C@@H]3CC=C4C[C@@H](O)CC[C@]4(C)[C@H]3CC[C@]12C,CYP2C9,1
CC(C)CCC[C@@H](C)[C@H]1CC[C@H]2[C@@H]3CC=C4C[C@@H](O)CC[C@]4(C)[C@H]3CC[C@]12C,CYP2D6,1
CC(C)CCC[C@@H](C)[C@H]1CC[C@H]2[C@@H]3CC=C4C[C@@H](O)CC[C@]4(C)[C@H]3CC[C@]12C,CYP3A4,1
CC(C)CCC[C@@H](C)[C@H]1CC[C@H]2[C@@H]3CCC4=C/C(=N/O)CC[C@]4(C)[C@H]3CC[C@]12C,CYP1A2,0
CC(C)CCC[C@@H](C)[C@H]1CC[C@H]2[C@@H]3[C@@H](O)C=C4C[C@@H](O)CC[C@]4(C)[C@H]3CC[C@]12C,CYP3A4,0
CC(C)CCC[C@@H](C)[C@H]1CC[C@H]2[C@@H]3[C@H](O)C[C@@H]4C[C@H](O)CC[C@]4(C)[C@H]3C[C@H](O)[C@]12C,CYP2B6,1
CC(C)CCC[C@@H](C)[C@H]1CC[C@H]2[C@@H]3[C@H](O)C[C@@H]4C[C@H](O)CC[C@]4(C)[C@H]3C[C@H](O)[C@]12C,CYP2C19,1
CC(C)CCC[C@@H](C)[C@H]1CC[C@H]2[C@@H]3[C@H](O)C[C@@H]4C[C@H](O)CC[C@]4(C)[C@H]3C[C@H](O)[C@]12C,CYP3A4,1
CC(C)CCC[C@@](C)(O)[C@H]1CC[C@H]2[C@@H]3CC=C4C[C@@H](O)CC[C@]4(C)[C@H]3CC[C@@]21C,CYP3A4,0
CC(C)CCN(C[C@@H](O)[C@@H]1Cc2ccc(cc2)OCCCC(=O)N[C@@H](C(C)C)C(=O)N1)S(=O)(=O)c1ccccc1,CYP1A2,0
CC(C)CCN(C[C@@H](O)[C@@H]1Cc2ccc(cc2)OCCCC(=O)N[C@@H](CC(N)=O)C(=O)N1)S(=O)(=O)c1ccccc1,CYP2D6,0
CC(C)CCNC(=O)[C@H](CCc1ccccc1)NC(=O)[C@@H](O)CC(=O)O,CYP1A2,0
CC(C)CCNc1ncnc2c1ncn2[C@@H]1O[C@H](COP(=O)(O)O)[C@@H](O)[C@H]1O,CYP2C9,0
CC(C)CCNc1ncnc2c1ncn2[C@@H]1O[C@H](COP(=O)(O)O)[C@@H](O)[C@H]1O,CYP3A4,0
CC(C)CCO,CYP2D6,0
CC(C)CCO,CYP3A4,0
CC(C)CN(CC(=O)N(CCCN1CCCC1=O)CC(N)=O)C(=O)CNCCc1ccccc1F,CYP2C19,0
CC(C)CN(CC(=O)N(CCCN1CCCC1=O)CC(N)=O)C(=O)CNCCc1ccccc1F,CYP2E1,0
CC(C)CN(C[C@@H](O)[C@H](Cc1ccccc1)NC(=O)O[C@H]1CCOC1)S(=O)(=O)c1ccc(N)cc1,CYP2D6,1
CC(C)CN(C[C@@H](O)[C@H](Cc1ccccc1)NC(=O)O[C@H]1CCOC1)S(=O)(=O)c1ccc(N)cc1,CYP3A4,1
CC(C)CN(C[C@@H](OP(=O)(O)O)[C@H](Cc1ccccc1)NC(=O)O[C@H]1CCOC1)S(=O)(=O)c1ccc(N)cc1,CYP3A4,1
CC(C)CNC(=O)/C=C/C=C/c1ccc2c(c1)OCO2,CYP1A2,1
CC(C)CNC(=O)/C=C/C=C/c1ccc2c(c1)OCO2,CYP2C19,1
CC(C)CNC(=O)/C=C/C=C/c1ccc2c(c1)OCO2,CYP2D6,1
CC(C)CNC(=O)/C=C/C=C/c1ccc2c(c1)OCO2,CYP3A4,1
CC(C)CNC(=O)[C@@H](C)ONC(=O)c1cccc(C(=O)NO[C@H](C)C(=O)NCC(C)C)c1,CYP3A4,1
CC(C)CNC(=O)[C@@H](CC(C)C)ONC(=O)c1cccc(C(=O)NO[C@H](CC(C)C)C(=O)NCC(C)C)c1,CYP3A4,1
CC(C)CNC(=O)[C@@H](CCCCN)ONC(=O)c1cccc(C(=O)NO[C@H](CCCCN)C(=O)NCC(C)C)c1,CYP3A4,1
CC(C)CNC(=O)[C@@H](CO)ONC(=O)c1cccc(C(=O)NO[C@H](CO)C(=O)NCC(C)C)c1,CYP3A4,1
CC(C)CNCc1ccc(-c2ccccc2S(=O)(=O)N2CCCC2)cc1,CYP2C19,0
CC(C)CNCc1ccc(-c2ccccc2S(=O)(=O)N2CCCC2)cc1,CYP2C9,0
CC(C)CNCc1ccc(-c2ccccc2S(=O)(=O)N2CCCC2)cc1,CYP2D6,1
CC(C)CNCc1ccc(-c2ccccc2S(=O)(=O)N2CCCC2)cc1,CYP3A4,1
CC(C)COCC(CN(Cc1ccccc1)c1ccccc1)N1CCCC1,CYP2C9,1
CC(C)COCC(CN(Cc1ccccc1)c1ccccc1)N1CCCC1,CYP2D6,1
CC(C)COCC(CN(Cc1ccccc1)c1ccccc1)N1CCCC1,CYP3A4,1
CC(C)COc1ccc(CNC(=O)N(Cc2ccc(F)cc2)C2CCN(C)CC2)cc1,CYP2D6,1
CC(C)COc1ccc(CNC(=O)N(Cc2ccc(F)cc2)C2CCN(C)CC2)cc1,CYP3A4,1
CC(C)C[C@@H](C(=O)O)C(=O)NO,CYP2C19,0
CC(C)C[C@@H](C(=O)O)C(=O)NO,CYP3A4,0
CC(C)C[C@@H](C(=O)O)n1cc(CN)nn1,CYP2C9,0
CC(C)C[C@@H](C=O)[C@H](O)C(=O)NO,CYP2D6,0
CC(C)C[C@@H](C=O)[C@H](O)C(=O)NO,CYP3A4,0
CC(C)C[C@@H](N)C(=O)N1CCC[C@H]1C(=O)NCc1ccc(C(=N)N)cc1,CYP2C8,0
CC(C)C[C@@H](N)C(=O)N1CCC[C@H]1C(=O)NCc1cccc(Cl)c1,CYP2A6,0
CC(C)C[C@@H](O)NC(=O)[C@H](Cc1ccccc1)NC(=O)c1cnccn1,CYP2C19,1
CC(C)C[C@@H](O)NC(=O)[C@H](Cc1ccccc1)NC(=O)c1cnccn1,CYP3A4,1
CC(C)C[C@@H]1NC(=O)[C@H](C)N(C)C(=O)CNC(=O)/C(=C/c2ccccc2)N(C)C1=O,CYP1A2,0
CC(C)C[C@@H]1NC(=O)[C@H](C)N(C)C(=O)CNC(=O)/C(=C/c2ccccc2)N(C)C1=O,CYP2C9,0
CC(C)C[C@@H]1NC(=O)[C@H](C)N(C)C(=O)CNC(=O)/C(=C/c2ccccc2)N(C)C1=O,CYP2D6,0
CC(C)C[C@@H]1NC(=O)[C@H](C)N(C)C(=O)CNC(=O)/C(=C/c2ccccc2)N(C)C1=O,CYP3A4,1
CC(C)C[C@H](CN(O)C=O)C(=O)O,CYP2D6,0
CC(C)C[C@H](CN(O)C=O)C(=O)O,CYP3A4,0
CC(C)C[C@H](CN)CC(=O)O,CYP1A2,0
CC(C)C[C@H](CN)CC(=O)O,CYP2A6,0
CC(C)C[C@H](CN)CC(=O)O,CYP2B6,0
CC(C)C[C@H](CN)CC(=O)O,CYP2C19,0
CC(C)C[C@H](CN)CC(=O)O,CYP2C8,0
CC(C)C[C@H](CN)CC(=O)O,CYP2C9,0
CC(C)C[C@H](CN)CC(=O)O,CYP2D6,0
CC(C)C[C@H](CN)CC(=O)O,CYP2E1,0
CC(C)C[C@H](CN)CC(=O)O,CYP3A4,0
CC(C)C[C@H](CS)C(=O)O,CYP2C19,0
CC(C)C[C@H](CS)C(=O)O,CYP2C8,0
CC(C)C[C@H](CS)C(=O)O,CYP2D6,0
CC(C)C[C@H](CS)C(=O)O,CYP3A4,0
CC(C)C[C@H](C[C@H](O)[C@@H](N)CC1CCCCC1)C(=O)O,CYP3A4,0
CC(C)C[C@H](N)C(=O)NO,CYP2A6,0
CC(C)C[C@H](N)C(=O)NO,CYP3A4,0
CC(C)C[C@H](N)C(=O)O,CYP2A6,0
CC(C)C[C@H](N)C(=O)O,CYP3A4,0
CC(C)C[C@H](NC(=O)N1CCN(c2ccccc2)CC1)C(=O)O,CYP1A2,0
CC(C)C[C@H](NC(=O)OC(C)(C)C)C(=O)N1CCC(C(=O)N[C@@H](Cc2ccccc2)C(=O)O)CC1,CYP1A2,0
CC(C)C[C@H](NC(=O)OC(C)(C)C)C(=O)N1CCC(C(=O)N[C@@H](Cc2ccccc2)C(=O)O)CC1,CYP2C8,0
CC(C)C[C@H](NC(=O)OC(C)(C)C)C(=O)N1CCC(C(=O)N[C@@H](Cc2ccccc2)C(=O)O)CC1,CYP2C9,0
CC(C)C[C@H](NC(=O)[C@@H](O)[C@H](N)Cc1ccccc1)C(=O)O,CYP2C8,0
CC(C)C[C@H](NC(=O)[C@@H](O)[C@H](N)Cc1ccccc1)C(=O)O,CYP2D6,0
CC(C)C[C@H](NC(=O)[C@@H](O)[C@H](N)Cc1ccccc1)C(=O)O,CYP3A4,0
CC(C)C[C@H](NC(=O)[C@H](CO)NC(=O)[C@@H](N)Cc1ccc(O)cc1)C(=O)O,CYP2B6,0
CC(C)C[C@H](NC(=O)c1ccco1)C(=O)O,CYP2A6,0
CC(C)C[C@H](NC(=O)c1ccco1)C(=O)O,CYP2C8,0
CC(C)C[C@H](NC(=O)c1ccco1)C(=O)O,CYP3A4,0
CC(C)C[C@H](O)NC(=O)[C@H](Cc1ccccc1)NC(=O)c1cnccn1,CYP2C19,1
CC(C)C[C@H](O)NC(=O)[C@H](Cc1ccccc1)NC(=O)c1cnccn1,CYP3A4,1
CC(C)C[C@H](O)[C@H](O)[C@@H](N)CC1CCCCC1,CYP3A4,0
CC(C)C[C@H]1C(=O)N2CCC[C@H]2[C@]2(O)O[C@](NC(=O)[C@@H]3C[C@@H]4c5cccc6[nH]cc(c56)C[C@H]4N(C)C3)(C(C)C)C(=O)N12,CYP1A2,0
CC(C)C[C@H]1C(=O)N2CCC[C@H]2[C@]2(O)O[C@](NC(=O)[C@@H]3C[C@@H]4c5cccc6[nH]cc(c56)C[C@H]4N(C)C3)(C(C)C)C(=O)N12,CYP3A4,1
CC(C)Cc1ccc(C(C)C(=O)NO)cc1,CYP2C8,0
CC(C)Cc1ccc(C(C)C(=O)O)cc1,CYP2C8,1
CC(C)Cc1ccc(C(C)C(=O)O)cc1,CYP2C9,1
CC(C)Cc1ccc([C@@H](C)C(=O)NS(C)(=O)=O)cc1,CYP2A6,0
CC(C)Cc1nnc(NC(=O)CCC(=O)NC2CCCCCCC2)s1,CYP2C9,0
CC(C)Cn1cnc2c(N)nc3ccccc3c21,CYP1A2,1
CC(C)N(CCCCOCC(=O)NS(C)(=O)=O)c1cnc(-c2ccccc2)c(-c2ccccc2)n1,CYP2C8,1
CC(C)N(CCCCOCC(=O)NS(C)(=O)=O)c1cnc(-c2ccccc2)c(-c2ccccc2)n1,CYP3A4,1
CC(C)N(CCCCOCC(=O)O)c1cnc(-c2ccccc2)c(-c2ccccc2)n1,CYP1A2,0
CC(C)N(CCCCOCC(=O)O)c1cnc(-c2ccccc2)c(-c2ccccc2)n1,CYP2B6,0
CC(C)N(CCCCOCC(=O)O)c1cnc(-c2ccccc2)c(-c2ccccc2)n1,CYP2C19,0
CC(C)N(CCCCOCC(=O)O)c1cnc(-c2ccccc2)c(-c2ccccc2)n1,CYP2C8,1
CC(C)N(CCCCOCC(=O)O)c1cnc(-c2ccccc2)c(-c2ccccc2)n1,CYP2C9,0
CC(C)N(CCCCOCC(=O)O)c1cnc(-c2ccccc2)c(-c2ccccc2)n1,CYP2D6,0
CC(C)N(CC[C@H](c1ccccc1)c1cc(C(=O)O)ccc1O)C(C)C,CYP3A4,1
CC(C)N(CC[C@H](c1ccccc1)c1cc(CO)ccc1O)C(C)C,CYP2D6,1
CC(C)N(CC[C@H](c1ccccc1)c1cc(CO)ccc1O)C(C)C,CYP3A4,1
CC(C)N(CC[C@](C(N)=O)(c1ccccc1)c1ccccn1)C(C)C,CYP3A4,1
CC(C)N(C[C@H]1O[C@@H](n2cnc3c(N)ncnc32)[C@H](O)[C@@H]1O)C1CC(CCc2nc3ccc(C(C)(C)C)cc3[nH]2)C1,CYP2C19,1
CC(C)N(C[C@H]1O[C@@H](n2cnc3c(N)ncnc32)[C@H](O)[C@@H]1O)C1CC(CCc2nc3ccc(C(C)(C)C)cc3[nH]2)C1,CYP3A4,1
CC(C)N(O)C(=O)C(=O)O,CYP2C8,0
CC(C)N(O)C(=O)C(=O)O,CYP2D6,0
CC(C)N1CCC(N(C(=O)Cc2ccccc2)c2ccc(Cl)cc2)CC1,CYP2C19,1
CC(C)N1CCC(N(C(=O)Cc2ccccc2)c2ccc(Cl)cc2)CC1,CYP2D6,1
CC(C)N1CCC(N(C(=O)Cc2ccccc2)c2ccc(Cl)cc2)CC1,CYP3A4,1
CC(C)NC(=N)NC(=N)NOCCCOc1cc(Cl)c(Cl)cc1Cl,CYP1A2,1
CC(C)NC(=N)NC(=N)NOCCCOc1cc(Cl)c(Cl)cc1Cl,CYP2C19,1
CC(C)NC(=N)NC(=N)NOCCCOc1cc(Cl)c(Cl)cc1Cl,CYP2C9,0
CC(C)NC(=N)NC(=N)NOCCCOc1cc(Cl)c(Cl)cc1Cl,CYP2D6,1
CC(C)NC(=N)NC(=N)NOCCCOc1cc(Cl)c(Cl)cc1Cl,CYP3A4,1
CC(C)NC(=N)NC(=N)NOCCCOc1ccc(OC(F)(F)F)cc1Cl,CYP1A2,1
CC(C)NC(=N)NC(=N)NOCCCOc1ccc(OC(F)(F)F)cc1Cl,CYP2C19,1
CC(C)NC(=N)NC(=N)NOCCCOc1ccc(OC(F)(F)F)cc1Cl,CYP2C9,0
CC(C)NC(=N)NC(=N)NOCCCOc1ccc(OC(F)(F)F)cc1Cl,CYP2D6,1
CC(C)NC(=N)NC(=N)NOCCCOc1ccc(OC(F)(F)F)cc1Cl,CYP3A4,1
CC(C)NC(=N)NC(=N)Nc1ccc(Cl)c(Cl)c1,CYP2C19,1
CC(C)NC(=N)NC(=N)Nc1ccc(Cl)cc1,CYP1A2,0
CC(C)NC(=N)NC(=N)Nc1ccc(Cl)cc1,CYP2C19,1
CC(C)NC(=N)NC(=N)Nc1ccc(Cl)cc1,CYP2C9,0
CC(C)NC(=N)NC(=N)Nc1ccc(Cl)cc1,CYP2D6,1
CC(C)NC(=N)NC(=N)Nc1ccc(Cl)cc1,CYP3A4,1
CC(C)NC(=O)NC(=O)CSc1nncs1,CYP2D6,0
CC(C)NC(Cc1ccccc1)c1ccccc1,CYP2B6,1
CC(C)NC(Cc1ccccc1)c1ccccc1,CYP3A4,1
CC(C)NCC(O)COc1ccc(CC(N)=O)cc1,CYP2D6,1
CC(C)NCC(O)COc1ccc(CCOCC2CC2)cc1,CYP1A2,1
CC(C)NCC(O)COc1ccc(CCOCC2CC2)cc1,CYP2D6,1
CC(C)NCC(O)COc1ccc(COCCOC(C)C)cc1,CYP2D6,1
CC(C)NCC(O)COc1ccc(COCCOC(C)C)cc1,CYP3A4,1
CC(C)NCC(O)COc1cccc2ccccc12,CYP1A2,1
CC(C)NCC(O)COc1cccc2ccccc12,CYP2C19,1
CC(C)NCC(O)COc1cccc2ccccc12,CYP2D6,1
CC(C)NCC(O)c1cc(O)cc(O)c1,CYP2C19,0
CC(C)NCC(O)c1ccc(NS(C)(=O)=O)cc1,CYP1A2,0
CC(C)NCC(O)c1ccc(NS(C)(=O)=O)cc1,CYP2A6,0
CC(C)NCC(O)c1ccc(NS(C)(=O)=O)cc1,CYP2B6,0
CC(C)NCC(O)c1ccc(NS(C)(=O)=O)cc1,CYP2C19,0
CC(C)NCC(O)c1ccc(NS(C)(=O)=O)cc1,CYP2C8,0
CC(C)NCC(O)c1ccc(NS(C)(=O)=O)cc1,CYP2C9,0
CC(C)NCC(O)c1ccc(NS(C)(=O)=O)cc1,CYP2D6,0
CC(C)NCC(O)c1ccc(NS(C)(=O)=O)cc1,CYP2E1,0
CC(C)NCC(O)c1ccc(NS(C)(=O)=O)cc1,CYP3A4,0
CC(C)NCC(O)c1ccc(O)c(O)c1,CYP2A6,0
CC(C)NCC(O)c1ccc(O)c(O)c1,CYP2C19,0
CC(C)NCCCOc1cccc2ccccc12,CYP2D6,1
CC(C)NCC[C@H](c1ccccc1)c1cc(CO)ccc1O,CYP2D6,1
CC(C)NC[C@H](O)COc1ccc(O)cc1,CYP2E1,0
CC(C)NC[C@H](O)COc1cccc2[nH]c3ccccc3c12,CYP2B6,0
CC(C)NCc1ccc(C[C@H](N)C(=O)O)cc1,CYP3A4,0
CC(C)Nc1cccnc1N1CCN(C(=O)c2cc3cc(NS(C)(=O)=O)ccc3[nH]2)CC1,CYP2D6,1
CC(C)Nc1cccnc1N1CCN(C(=O)c2cc3cc(NS(C)(=O)=O)ccc3[nH]2)CC1,CYP3A4,1
CC(C)Nc1cnc(-c2ccccc2)c(-c2ccccc2)n1,CYP1A2,1
CC(C)OC(=O)C(C)(C)Oc1ccc(C(=O)c2ccc(Cl)cc2)cc1,CYP3A4,1
CC(C)OC(=O)[C@H](C)N[P@](=O)(OC[C@H]1O[C@@H](n2ccc(=O)[nH]c2=O)[C@](C)(F)[C@@H]1O)Oc1ccccc1,CYP1A2,0
CC(C)OC(=O)[C@H](C)N[P@](=O)(OC[C@H]1O[C@@H](n2ccc(=O)[nH]c2=O)[C@](C)(F)[C@@H]1O)Oc1ccccc1,CYP2A6,0
CC(C)OC(=O)[C@H](C)N[P@](=O)(OC[C@H]1O[C@@H](n2ccc(=O)[nH]c2=O)[C@](C)(F)[C@@H]1O)Oc1ccccc1,CYP2B6,0
CC(C)OC(=O)[C@H](C)N[P@](=O)(OC[C@H]1O[C@@H](n2ccc(=O)[nH]c2=O)[C@](C)(F)[C@@H]1O)Oc1ccccc1,CYP2C19,0
CC(C)OC(=O)[C@H](C)N[P@](=O)(OC[C@H]1O[C@@H](n2ccc(=O)[nH]c2=O)[C@](C)(F)[C@@H]1O)Oc1ccccc1,CYP2C8,0
CC(C)OC(=O)[C@H](C)N[P@](=O)(OC[C@H]1O[C@@H](n2ccc(=O)[nH]c2=O)[C@](C)(F)[C@@H]1O)Oc1ccccc1,CYP2C9,0
CC(C)OC(=O)[C@H](C)N[P@](=O)(OC[C@H]1O[C@@H](n2ccc(=O)[nH]c2=O)[C@](C)(F)[C@@H]1O)Oc1ccccc1,CYP2D6,0
CC(C)OC(=O)[C@H](C)N[P@](=O)(OC[C@H]1O[C@@H](n2ccc(=O)[nH]c2=O)[C@](C)(F)[C@@H]1O)Oc1ccccc1,CYP2E1,0
CC(C)OC(=O)[C@H](C)N[P@](=O)(OC[C@H]1O[C@@H](n2ccc(=O)[nH]c2=O)[C@](C)(F)[C@@H]1O)Oc1ccccc1,CYP3A4,0
CC(C)OC(=O)[C@H](O)[C@@H](N)CC1CCCCC1,CYP3A4,0
CC(C)OP(=O)(O)OC[C@H](N)C(=O)O,CYP2C9,0
CC(C)OP(=O)(O)OC[C@H](N)C(=O)O,CYP3A4,0
CC(C)Oc1ccc(-c2nc(-c3cccc4c3CC[C@@H]4N)no2)cc1C#N,CYP3A4,1
CC(C)Oc1ccc(-c2nc(-c3cccc4c3CC[C@@H]4NCCO)no2)cc1C#N,CYP3A4,1
CC(C)Oc1ccc2c(=O)c(-c3ccccc3)coc2c1,CYP1A2,1
CC(C)Oc1ccc2c(=O)c(-c3ccccc3)coc2c1,CYP2C19,1
CC(C)Oc1ccc2c(=O)c(-c3ccccc3)coc2c1,CYP2C9,1
CC(C)Oc1ccc2c(=O)c(-c3ccccc3)coc2c1,CYP3A4,1
CC(C)S(=O)(=O)NC[C@H](C)c1ccc(-c2ccc(CCNS(C)(=O)=O)cc2)cc1,CYP2B6,0
CC(C)SC(=N)N,CYP2D6,0
CC(C)SC(=N)N,CYP3A4,0
CC(C)[C@@H](N)C(=O)NO,CYP2C19,0
CC(C)[C@@H](N)C(=O)NO,CYP2E1,0
CC(C)[C@@H](N)C(=O)NO,CYP3A4,0
CC(C)[C@@H]1CC[C@@H](C)C[C@H]1OCCO,CYP3A4,0
CC(C)[C@@H]1[C@H]2OC(=O)[C@@H]1[C@@H]1CC[C@@H]3CN(C)[C@H]2[C@@]31C,CYP2B6,1
CC(C)[C@@H]1[C@H]2OC(=O)[C@@H]1[C@@H]1CC[C@@H]3CN(C)[C@H]2[C@@]31C,CYP2C19,1
CC(C)[C@@H]1[C@H]2OC(=O)[C@@H]1[C@@H]1CC[C@@H]3CN(C)[C@H]2[C@@]31C,CYP3A4,1
CC(C)[C@H](C[C@H](O)[C@@H](N)CC1CCCCC1)C(=O)O,CYP3A4,0
CC(C)[C@H](N)C(=O)O,CYP2C8,0
CC(C)[C@H](N)C(=O)O,CYP3A4,0
CC(C)[C@H](N)C(=O)O[C@@H]1C[C@@H](n2ccc(N)nc2=O)O[C@H]1CO,CYP2E1,0
CC(C)[C@H](N)C(=O)O[C@@H]1C[C@@H](n2ccc(N)nc2=O)O[C@H]1CO,CYP3A4,0
CC(C)[C@H](N)CO,CYP2A6,0
CC(C)[C@H](N)CO,CYP3A4,0
CC(C)[C@H](NC(=O)Cc1c[nH]c2ccccc12)C(=O)O,CYP3A4,0
CC(C)[C@H](NC(=O)Cn1c(-c2ccc(N)cc2)ncc(NS(C)(=O)=O)c1=O)C(=O)C(F)(F)F,CYP2A6,0
CC(C)[C@H](NC(=O)Cn1c(-c2ccc(N)cc2)ncc(NS(C)(=O)=O)c1=O)C(=O)C(F)(F)F,CYP2E1,0
CC(C)[C@H](NC(=O)OC(C)(C)C)c1nnco1,CYP2B6,0
CC(C)[C@H](NC(=O)c1nn(CC2CCCCC2)c2ccccc12)C(N)=O,CYP2E1,0
CC(C)[C@H](NC(=O)c1nn(CC2CCCCC2)c2ccccc12)C(N)=O,CYP3A4,1
CC(C)[C@H]1c2ccc(F)cc2CC[C@]1(O)CCN(C)CCCc1nc2ccccc2[nH]1,CYP3A4,1
CC(C)[C@]12CC(=O)[C@@H](C)[C@H]1C2,CYP3A4,1
CC(C)[C@]12CC(=O)[C@H](C)[C@H]1C2,CYP2A6,1
CC(C)[C@]12CC(=O)[C@H](C)[C@H]1C2,CYP2B6,1
CC(C)[C@]12CC(=O)[C@H](C)[C@H]1C2,CYP2D6,1
CC(C)[C@]12CC(=O)[C@H](C)[C@H]1C2,CYP3A4,1
CC(C)[C@]12CC[C@](C)(CC1)O2,CYP1A2,0
CC(C)[C@]12CC[C@](C)(CC1)O2,CYP2A6,1
CC(C)[C@]12CC[C@](C)(CC1)O2,CYP2B6,1
CC(C)[C@]12CC[C@](C)(CC1)O2,CYP2C19,0
CC(C)[C@]12CC[C@](C)(CC1)O2,CYP2C9,0
CC(C)[C@]12CC[C@](C)(CC1)O2,CYP2D6,0
CC(C)[C@]12CC[C@](C)(CC1)O2,CYP2E1,0
CC(C)[C@]12CC[C@](C)(CC1)O2,CYP3A4,1
CC(C)[C@]12O[C@H]1[C@@H]1O[C@]13[C@]1(O[C@H]1C[C@@]1(O)C4=C(CC[C@]31C)C(=O)OC4)[C@@H]2O,CYP2B6,0
CC(C)[C@]12O[C@H]1[C@@H]1O[C@]13[C@]1(O[C@H]1C[C@@]1(O)C4=C(CC[C@]31C)C(=O)OC4)[C@@H]2O,CYP3A4,0
CC(C)[C@]12O[C@H]1[C@@H]1O[C@]13[C@]1(O[C@H]1C[C@H]1C4=C(CC[C@@]13C)C(=O)OC4)[C@@H]2O,CYP1A2,0
CC(C)[C@]12O[C@H]1[C@@H]1O[C@]13[C@]1(O[C@H]1C[C@H]1C4=C(CC[C@@]13C)C(=O)OC4)[C@@H]2O,CYP2A6,0
CC(C)[C@]12O[C@H]1[C@@H]1O[C@]13[C@]1(O[C@H]1C[C@H]1C4=C(CC[C@@]13C)C(=O)OC4)[C@@H]2O,CYP2B6,0
CC(C)[C@]12O[C@H]1[C@@H]1O[C@]13[C@]1(O[C@H]1C[C@H]1C4=C(CC[C@@]13C)C(=O)OC4)[C@@H]2O,CYP2C8,0
CC(C)[C@]12O[C@H]1[C@@H]1O[C@]13[C@]1(O[C@H]1C[C@H]1C4=C(CC[C@@]13C)C(=O)OC4)[C@@H]2O,CYP2C9,0
CC(C)[C@]12O[C@H]1[C@@H]1O[C@]13[C@]1(O[C@H]1C[C@H]1C4=C(CC[C@@]13C)C(=O)OC4)[C@@H]2O,CYP2E1,0
CC(C)[C@]12O[C@H]1[C@@H]1O[C@]13[C@]1(O[C@H]1C[C@H]1C4=C(CC[C@@]13C)C(=O)OC4)[C@@H]2O,CYP3A4,1
CC(C)[N+](C)(CCC(C(N)=O)(c1ccccc1)c1ccccc1)C(C)C,CYP2A6,0
CC(C)c1c(O)cc(/C=C/c2ccccc2)cc1O,CYP1A2,1
CC(C)c1c(O)cc(/C=C/c2ccccc2)cc1O,CYP2C19,1
CC(C)c1c(O)cc(/C=C/c2ccccc2)cc1O,CYP2C9,1
CC(C)c1c(O)cc(/C=C/c2ccccc2)cc1O,CYP2D6,1
CC(C)c1c(O)cc(/C=C/c2ccccc2)cc1O,CYP3A4,1
CC(C)c1cccc(C(C)C)c1O,CYP1A2,1
CC(C)c1cccc(C(C)C)c1O,CYP2A6,1
CC(C)c1cccc(C(C)C)c1O,CYP2B6,1
CC(C)c1cccc(C(C)C)c1O,CYP2C19,1
CC(C)c1cccc(C(C)C)c1O,CYP2C8,1
CC(C)c1cccc(C(C)C)c1O,CYP2C9,1
CC(C)c1cccc(C(C)C)c1O,CYP2D6,1
CC(C)c1cccc(C(C)C)c1O,CYP2E1,1
CC(C)c1cccc(C(C)C)c1O,CYP3A4,1
CC(C)c1nc(CN(C)C(=O)N[C@@H](CCN2CCOCC2)C(=O)N[C@H](CC[C@H](Cc2ccccc2)NC(=O)OCc2cncs2)Cc2ccccc2)cs1,CYP2D6,1
CC(C)c1nc(CN(C)C(=O)N[C@@H](CCN2CCOCC2)C(=O)N[C@H](CC[C@H](Cc2ccccc2)NC(=O)OCc2cncs2)Cc2ccccc2)cs1,CYP3A4,1
CC(C)c1nc(CN(C)C(=O)N[C@H](C(=O)N[C@@H](Cc2ccccc2)C[C@H](O)[C@H](Cc2ccccc2)NC(=O)OCc2cncs2)C(C)C)cs1,CYP2D6,1
CC(C)c1nc(CN(C)C(=O)N[C@H](C(=O)N[C@@H](Cc2ccccc2)C[C@H](O)[C@H](Cc2ccccc2)NC(=O)OCc2cncs2)C(C)C)cs1,CYP3A4,1
CC(C)c1nc(N(C)S(C)(=O)=O)nc(-c2ccc(F)cc2)c1/C=C/[C@@H](O)C[C@@H](O)CC(=O)O,CYP2C19,1
CC(C)c1nc(N(C)S(C)(=O)=O)nc(-c2ccc(F)cc2)c1/C=C/[C@@H](O)C[C@@H](O)CC(=O)O,CYP2C9,1
CC(C)n1c(/C=C/[C@@H](O)C[C@@H](O)CC(=O)O)c(-c2ccc(F)cc2)c2ccccc21,CYP1A2,0
CC(C)n1c(/C=C/[C@@H](O)C[C@@H](O)CC(=O)O)c(-c2ccc(F)cc2)c2ccccc21,CYP2A6,0
CC(C)n1c(/C=C/[C@@H](O)C[C@@H](O)CC(=O)O)c(-c2ccc(F)cc2)c2ccccc21,CYP2B6,0
CC(C)n1c(/C=C/[C@@H](O)C[C@@H](O)CC(=O)O)c(-c2ccc(F)cc2)c2ccccc21,CYP2C19,0
CC(C)n1c(/C=C/[C@@H](O)C[C@@H](O)CC(=O)O)c(-c2ccc(F)cc2)c2ccccc21,CYP2C8,1
CC(C)n1c(/C=C/[C@@H](O)C[C@@H](O)CC(=O)O)c(-c2ccc(F)cc2)c2ccccc21,CYP2C9,1
CC(C)n1c(/C=C/[C@@H](O)C[C@@H](O)CC(=O)O)c(-c2ccc(F)cc2)c2ccccc21,CYP2D6,1
CC(C)n1c(/C=C/[C@@H](O)C[C@@H](O)CC(=O)O)c(-c2ccc(F)cc2)c2ccccc21,CYP2E1,0
CC(C)n1c(/C=C/[C@@H](O)C[C@@H](O)CC(=O)O)c(-c2ccc(F)cc2)c2ccccc21,CYP3A4,1
CC(C)n1c(=O)cc(N[C@@H](C)c2ccccc2)[nH]c1=O,CYP2C19,1
CC(C)n1c(=O)cc(N[C@@H](C)c2ccccc2)[nH]c1=O,CYP2E1,0
CC(C)n1c(=O)cc(N[C@@H](C)c2ccccc2)[nH]c1=O,CYP3A4,1
CC(CCC(O)=NCC(=O)O)C1CCC2C3C(O)CC4CC(O)CCC4(C)C3CC(O)C12C,CYP2C9,0
CC(CF)NCC(O)COc1cccc2ccccc12,CYP2D6,1
CC(CN(C)C)CN1c2ccccc2CCc2ccccc21,CYP2C19,1
CC(CN(C)C)CN1c2ccccc2CCc2ccccc21,CYP2D6,1
CC(CN(C)C)CN1c2ccccc2Sc2ccc(C#N)cc21,CYP1A2,1
CC(CN(C)C)CN1c2ccccc2Sc2ccc(C#N)cc21,CYP2B6,1
CC(CN(C)C)CN1c2ccccc2Sc2ccc(C#N)cc21,CYP2C19,1
CC(CN(C)C)CN1c2ccccc2Sc2ccc(C#N)cc21,CYP2C8,1
CC(CN(C)C)CN1c2ccccc2Sc2ccc(C#N)cc21,CYP2C9,1
CC(CN(C)C)CN1c2ccccc2Sc2ccc(C#N)cc21,CYP2D6,1
CC(CN(C)C)CN1c2ccccc2Sc2ccc(C#N)cc21,CYP3A4,1
CC(CN1c2ccccc2Sc2ccccc21)N(C)C,CYP2A6,0
CC(CN1c2ccccc2Sc2ccccc21)N(C)C,CYP2B6,1
CC(CN1c2ccccc2Sc2ccccc21)N(C)C,CYP2C19,0
CC(CN1c2ccccc2Sc2ccccc21)N(C)C,CYP2C9,0
CC(CN1c2ccccc2Sc2ccccc21)N(C)C,CYP2D6,1
CC(CN1c2ccccc2Sc2ccccc21)N(C)C,CYP2E1,0
CC(CN1c2ccccc2Sc2ccccc21)N(C)C,CYP3A4,0
CC(CO)Oc1ccc2c(=O)c(-c3ccccc3)coc2c1,CYP1A2,1
CC(CO)Oc1ccc2c(=O)c(-c3ccccc3)coc2c1,CYP2A6,0
CC(CO)Oc1ccc2c(=O)c(-c3ccccc3)coc2c1,CYP2B6,0
CC(CO)Oc1ccc2c(=O)c(-c3ccccc3)coc2c1,CYP2C19,0
CC(CO)Oc1ccc2c(=O)c(-c3ccccc3)coc2c1,CYP2C8,0
CC(CO)Oc1ccc2c(=O)c(-c3ccccc3)coc2c1,CYP2C9,0
CC(CO)Oc1ccc2c(=O)c(-c3ccccc3)coc2c1,CYP2D6,0
CC(CO)Oc1ccc2c(=O)c(-c3ccccc3)coc2c1,CYP2E1,0
CC(CO)Oc1ccc2c(=O)c(-c3ccccc3)coc2c1,CYP3A4,0
CC(Cc1ccc(C(C)(C)C)cc1)CN1CCCCC1,CYP2C8,0
CC(Cc1ccccc1)NCCC#N,CYP1A2,1
CC(Cc1ccccc1)NCCC#N,CYP2A6,0
CC(Cc1ccccc1)NCCC#N,CYP2B6,1
CC(Cc1ccccc1)NCCC#N,CYP2C19,0
CC(Cc1ccccc1)NCCC#N,CYP2C8,0
CC(Cc1ccccc1)NCCC#N,CYP2C9,0
CC(Cc1ccccc1)NCCC#N,CYP2D6,1
CC(Cc1ccccc1)NCCC#N,CYP2E1,0
CC(Cc1ccccc1)NCCC#N,CYP3A4,1
CC(Cn1ccnn1)([C@@H](N/C=C/C=O)C(=O)O)[S](=O)=O,CYP1A2,0
CC(Cn1ccnn1)([C@@H](N/C=C/C=O)C(=O)O)[S](=O)=O,CYP3A4,0
CC(Cn1ccnn1)([C@@H](N/C=C\C=O)C(=O)O)S(=O)O,CYP3A4,0
CC(N)(Cc1ccc(O)cc1)C(=O)O,CYP1A2,0
CC(N)(Cc1ccc(O)cc1)C(=O)O,CYP3A4,0
CC(N)CCCC(C)(C)O,CYP2C9,0
CC(N)CCCC(C)(C)O,CYP3A4,0
CC(N)Cc1ccc2c(c1)OCO2,CYP2D6,1
CC(N)Cc1ccc2c(c1)OCO2,CYP3A4,1
CC(N)Cc1cccc(C(F)(F)F)c1,CYP2B6,1
CC(N)Cc1cccc(C(F)(F)F)c1,CYP2D6,1
CC(N)Cc1ccccc1,CYP2D6,1
CC(N=C(NC#N)Nc1ccncc1)C(C)(C)C,CYP1A2,0
CC(N=C(NC#N)Nc1ccncc1)C(C)(C)C,CYP2A6,0
CC(N=C(NC#N)Nc1ccncc1)C(C)(C)C,CYP2B6,0
CC(N=C(NC#N)Nc1ccncc1)C(C)(C)C,CYP2C19,0
CC(N=C(NC#N)Nc1ccncc1)C(C)(C)C,CYP2C8,0
CC(N=C(NC#N)Nc1ccncc1)C(C)(C)C,CYP2C9,0
CC(N=C(NC#N)Nc1ccncc1)C(C)(C)C,CYP2E1,0
CC(N=C(NC#N)Nc1ccncc1)C(C)(C)C,CYP3A4,1
CC(NC(C)(C)C)C(=O)c1cccc(Cl)c1,CYP2B6,1
CC(NC(C)(C)C)C(=O)c1cccc(Cl)c1,CYP2E1,1
CC(NC(C)(C)C)C(=O)c1cccc(Cl)c1,CYP3A4,1
CC(NC(N)=O)c1cc2ccccc2s1,CYP1A2,1
CC(NC(N)=O)c1cc2ccccc2s1,CYP2C9,1
CC(NC(N)=O)c1cc2ccccc2s1,CYP2D6,1
CC(NC(N)=O)c1cc2ccccc2s1,CYP3A4,1
CC(NCC(O)COc1cccc2ccccc12)C(C)(C)C,CYP2D6,1
CC(NCC(O)COc1cccc2ccccc12)C(F)(F)F,CYP2D6,1
CC(NCC(O)COc1cccc2ccccc12)C(F)F,CYP2D6,1
CC(NCCCOc1cccc2ccccc12)C(F)(F)F,CYP2D6,1
CC(Nc1cc(-c2nc([S+](C)[O-])[nH]c2-c2ccc(F)cc2)ccn1)c1ccccc1,CYP1A2,1
CC(Nc1cc(-c2nc([S+](C)[O-])[nH]c2-c2ccc(F)cc2)ccn1)c1ccccc1,CYP2C19,1
CC(Nc1cc(-c2nc([S+](C)[O-])[nH]c2-c2ccc(F)cc2)ccn1)c1ccccc1,CYP2C8,0
CC(Nc1cc(-c2nc([S+](C)[O-])[nH]c2-c2ccc(F)cc2)ccn1)c1ccccc1,CYP2C9,0
CC(Nc1cc(-c2nc([S+](C)[O-])[nH]c2-c2ccc(F)cc2)ccn1)c1ccccc1,CYP2D6,1
CC(Nc1cc(-c2nc([S+](C)[O-])[nH]c2-c2ccc(F)cc2)ccn1)c1ccccc1,CYP3A4,1
CC(O)(C(=O)O)c1ccccc1,CYP3A4,0
CC(O)C(=O)CCCCCNC(=N)NC(=N)NCc1ccc(Cl)c(Cl)c1,CYP2D6,1
CC(O)C(=O)CCCCCNC(=N)NC(=N)NCc1ccc(Cl)c(Cl)c1,CYP3A4,1
CC(O)C(C)n1ncn(-c2ccc(N3CCN(c4ccc(OC[C@H]5CO[C@](Cn6cncn6)(c6ccc(Cl)cc6Cl)O5)cc4)CC3)cc2)c1=O,CYP3A4,1
CC(O)CCOCCC(C)O,CYP1A2,0
CC(O)CCOCCC(C)O,CYP2B6,0
CC(O)CCOCCC(C)O,CYP2C9,0
CC(O)CO,CYP2D6,0
CC(O)CO,CYP3A4,0
CC(O)COC(=O)O[C@@H]1C[C@H](C)CC[C@H]1C(C)C,CYP2C19,0
CC(O)COC(=O)O[C@@H]1C[C@H](C)CC[C@H]1C(C)C,CYP3A4,0
CC(O)C[C@@H]1OC[C@@H](O)[C@H](O)[C@H]1O,CYP3A4,0
CC(O)[C@H]1CNC(=O)C(=O)N1CC(C)(C)C,CYP2C9,0
CC(O)[C@H]1CNC(=O)C(=O)N1CC(C)(C)C,CYP2E1,0
CC(O)[C@H]1CNC(=O)C(=O)N1CC(C)(C)C,CYP3A4,0
CC(OC(=O)NCC1(CC(=O)O)CCCCC1)OC(=O)C(C)C,CYP3A4,0
CC(Oc1c(Cl)cccc1Cl)C1=NCCN1,CYP1A2,1
CC(Oc1c(Cl)cccc1Cl)C1=NCCN1,CYP2C19,1
CC(Oc1c(Cl)cccc1Cl)C1=NCCN1,CYP2D6,1
CC(SC(=O)c1cccs1)C(=O)NCC(=O)O,CYP2D6,0
CC(Sc1ccc2ccccc2c1)C(=O)NC(N)=O,CYP2B6,0
CC(Sc1ccccc1)C(=O)NCC1COc2ccccc2O1,CYP2A6,0
CC(Sc1ccccc1)C(=O)NCC1COc2ccccc2O1,CYP2B6,0
CC(c1cc2ccccc2s1)N(O)C(N)=O,CYP1A2,1
CC(c1cc2ccccc2s1)N(O)C(N)=O,CYP2C9,1
CC(c1cc2ccccc2s1)N(O)C(N)=O,CYP2E1,1
CC(c1cc2ccccc2s1)N(O)C(N)=O,CYP3A4,1
CC/C(=C(\c1ccc(O)cc1)c1ccc(OCCN(C)C)cc1)c1ccccc1,CYP1A2,1
CC/C(=C(\c1ccc(O)cc1)c1ccc(OCCN(C)C)cc1)c1ccccc1,CYP2C8,1
CC/C(=C(\c1ccc(O)cc1)c1ccc(OCCN(C)C)cc1)c1ccccc1,CYP2D6,1
CC/C(=C(\c1ccc(O)cc1)c1ccc(OCCN(C)C)cc1)c1ccccc1,CYP3A4,1
CC/C(=C(\c1ccc(O)cc1)c1ccc(OCCNC)cc1)c1ccccc1,CYP2C9,1
CC/C(=C(\c1ccc(O)cc1)c1ccc(OCCNC)cc1)c1ccccc1,CYP2D6,1
CC/C(=C(\c1ccccc1)c1ccc(OCCN(C)C)cc1)c1ccccc1,CYP2B6,1
CC/C(=C(\c1ccccc1)c1ccc(OCCN(C)C)cc1)c1ccccc1,CYP2C19,1
CC/C(=C(\c1ccccc1)c1ccc(OCCN(C)C)cc1)c1ccccc1,CYP2D6,1
CC/C(=C(\c1ccccc1)c1ccc(OCCN(C)C)cc1)c1ccccc1,CYP3A4,1
CC/C(=C(\c1ccccc1)c1ccc(OCCNC)cc1)c1ccccc1,CYP2D6,1
CC/C=C(\C)C1(CC)C(=O)NC(=O)NC1=O,CYP2C8,0
CC/C=C/C/C=C/C/C=C/C/C=C/C/C=C/CCCC(=O)O,CYP1A2,1
CC/C=C/C/C=C/C/C=C/C/C=C/C/C=C/CCCC(=O)O,CYP2C8,1
CC/C=C/C/C=C/C/C=C/C/C=C/C/C=C/CCCC(=O)O,CYP2C9,1
CC/C=C/C/C=C/C/C=C/C/C=C/C/C=C/CCCC(=O)O,CYP2D6,1
CC/C=C/C/C=C/C/C=C/C/C=C/C/C=C/CCCC(=O)O,CYP2E1,1
CC/C=C/C/C=C/C/C=C/C/C=C/C/C=C/CCCC(=O)O,CYP3A4,1
CC/C=C\C/C=C\C/C=C\C/C=C\C/C=C\C/C=C\CCC(=O)O,CYP1A2,1
CC/C=C\C/C=C\C/C=C\C/C=C\C/C=C\C/C=C\CCC(=O)O,CYP2C19,1
CC/C=C\C/C=C\C/C=C\C/C=C\C/C=C\C/C=C\CCC(=O)O,CYP2C8,1
CC/C=C\C/C=C\C/C=C\C/C=C\C/C=C\C/C=C\CCC(=O)O,CYP2D6,1
CC/C=C\C/C=C\C/C=C\C/C=C\C/C=C\C/C=C\CCC(=O)O,CYP2E1,1
CC/C=C\C/C=C\C/C=C\C/C=C\C/C=C\C/C=C\CCC(=O)O,CYP3A4,1
CC/C=C\C/C=C\C/C=C\CCCCCCCCCC(=O)O,CYP2C19,1
CC/C=C\C/C=C\C/C=C\CCCCCCCCCC(=O)O,CYP2D6,1
CC/C=C\C/C=C\C/C=C\CCCCCCCCCC(=O)O,CYP2E1,1
CC/C=C\C/C=C\C/C=C\CCCCCCCCCC(=O)O,CYP3A4,1
CC/C=C\C[C@H](O)\C=C/C=C/C=C/[C@H](O)C/C=C\C/C=C\CCC(=O)O,CYP2C9,0
CC/C=C\C[C@H](O)\C=C/C=C/C=C/[C@H](O)C/C=C\C/C=C\CCC(=O)O,CYP2E1,0
CC/C=C\C[C@H](O)\C=C/C=C/C=C/[C@H](O)C/C=C\C/C=C\CCC(=O)O,CYP3A4,0
CC1(C(=O)O)OCC(OC(=O)NCCNC(=O)OC2COC(C)(C(=O)O)OC2)CO1,CYP2C9,0
CC1(C(=O)O)OCC(OC(=O)NCCNC(=O)OC2COC(C)(C(=O)O)OC2)CO1,CYP2D6,0
CC1(C(=O)O)OCC(OC(=O)NCCNC(=O)OC2COC(C)(C(=O)O)OC2)CO1,CYP3A4,0
CC1(C)C(=O)[C@@]2(C)CC[C@@H]1C2,CYP1A2,0
CC1(C)C(=O)[C@@]2(C)CC[C@@H]1C2,CYP2A6,1
CC1(C)C(=O)[C@@]2(C)CC[C@@H]1C2,CYP2B6,1
CC1(C)C(=O)[C@@]2(C)CC[C@@H]1C2,CYP2C19,0
CC1(C)C(=O)[C@@]2(C)CC[C@@H]1C2,CYP2C8,0
CC1(C)C(=O)[C@@]2(C)CC[C@@H]1C2,CYP2C9,0
CC1(C)C(=O)[C@@]2(C)CC[C@@H]1C2,CYP2D6,0
CC1(C)C(=O)[C@@]2(C)CC[C@@H]1C2,CYP2E1,0
CC1(C)C(=O)[C@@]2(C)CC[C@@H]1C2,CYP3A4,0
CC1(C)C(=O)[C@]2(C)CC[C@H]1C2,CYP1A2,0
CC1(C)C(=O)[C@]2(C)CC[C@H]1C2,CYP2A6,1
CC1(C)C(=O)[C@]2(C)CC[C@H]1C2,CYP2B6,1
CC1(C)C(=O)[C@]2(C)CC[C@H]1C2,CYP2C19,0
CC1(C)C(=O)[C@]2(C)CC[C@H]1C2,CYP2C8,0
CC1(C)C(=O)[C@]2(C)CC[C@H]1C2,CYP2C9,0
CC1(C)C(=O)[C@]2(C)CC[C@H]1C2,CYP2D6,0
CC1(C)C(=O)[C@]2(C)CC[C@H]1C2,CYP2E1,0
CC1(C)C(=O)[C@]2(C)CC[C@H]1C2,CYP3A4,0
CC1(C)C(C(=O)c2cn(CCCCCF)c3ccccc23)C1(C)C,CYP1A2,1
CC1(C)C(C(=O)c2cn(CCCCCF)c3ccccc23)C1(C)C,CYP2C19,1
CC1(C)C(C(=O)c2cn(CCCCCF)c3ccccc23)C1(C)C,CYP2D6,1
CC1(C)C(C(=O)c2cn(CCCCCF)c3ccccc23)C1(C)C,CYP3A4,1
CC1(C)C(C(=O)c2cn(CCN3CCOCC3)c3ccccc23)C1(C)C,CYP1A2,1
CC1(C)C(C(=O)c2cn(CCN3CCOCC3)c3ccccc23)C1(C)C,CYP2A6,0
CC1(C)C(C(=O)c2cn(CCN3CCOCC3)c3ccccc23)C1(C)C,CYP2B6,0
CC1(C)C(C(=O)c2cn(CCN3CCOCC3)c3ccccc23)C1(C)C,CYP2E1,0
CC1(C)C(C(=O)c2cn(CCN3CCOCC3)c3ccccc23)C1(C)C,CYP3A4,1
CC1(C)C(C=C(Br)Br)C1C(=O)OC(C#N)c1cccc(Oc2ccccc2)c1,CYP2C19,1
CC1(C)C(C=C(Br)Br)C1C(=O)OC(C#N)c1cccc(Oc2ccccc2)c1,CYP2C8,1
CC1(C)C(C=C(Br)Br)C1C(=O)OC(C#N)c1cccc(Oc2ccccc2)c1,CYP3A4,1
CC1(C)C(C=C(Cl)Cl)C1C(=O)OC(C#N)c1cccc(Oc2ccccc2)c1,CYP1A2,1
CC1(C)C(C=C(Cl)Cl)C1C(=O)OC(C#N)c1cccc(Oc2ccccc2)c1,CYP2C19,1
CC1(C)C(C=C(Cl)Cl)C1C(=O)OC(C#N)c1cccc(Oc2ccccc2)c1,CYP2C8,1
CC1(C)C(C=C(Cl)Cl)C1C(=O)OC(C#N)c1cccc(Oc2ccccc2)c1,CYP3A4,1
CC1(C)C(C=C(Cl)Cl)[C@@H]1C(=O)O[C@@H](C#N)c1ccc(F)c(Oc2ccccc2)c1,CYP1A2,1
CC1(C)C(C=C(Cl)Cl)[C@@H]1C(=O)O[C@@H](C#N)c1ccc(F)c(Oc2ccccc2)c1,CYP2C19,1
CC1(C)C(C=C(Cl)Cl)[C@@H]1C(=O)O[C@@H](C#N)c1ccc(F)c(Oc2ccccc2)c1,CYP2C8,1
CC1(C)C(C=C(Cl)Cl)[C@@H]1C(=O)O[C@@H](C#N)c1ccc(F)c(Oc2ccccc2)c1,CYP2C9,1
CC1(C)C(C=C(Cl)Cl)[C@@H]1C(=O)O[C@@H](C#N)c1ccc(F)c(Oc2ccccc2)c1,CYP3A4,1
CC1(C)CC(=O)N(CCCCN2CCN(c3ncccn3)CC2)C(=O)C1,CYP1A2,0
CC1(C)CC(=O)N(CCCCN2CCN(c3ncccn3)CC2)C(=O)C1,CYP2C19,0
CC1(C)CC(=O)N(CCCCN2CCN(c3ncccn3)CC2)C(=O)C1,CYP2C9,0
CC1(C)CC(=O)N(CCCCN2CCN(c3ncccn3)CC2)C(=O)C1,CYP2D6,1
CC1(C)CC(=O)N(CCCCN2CCN(c3ncccn3)CC2)C(=O)C1,CYP2E1,0
CC1(C)CC(=O)N(CCCCN2CCN(c3ncccn3)CC2)C(=O)C1,CYP3A4,1
CC1(C)CCC(C)(C)c2cc(C(=O)c3ccc4cc(C(=O)O)ccc4c3)ccc21,CYP2A6,0
CC1(C)CCC(C)(C)c2cc(C(=O)c3ccc4cc(C(=O)O)ccc4c3)ccc21,CYP2E1,0
CC1(C)CCC(Cc2ccc(Cl)cc2)C1(O)Cn1cncn1,CYP3A4,1
CC1(C)CCC2=C1CC[C@H]1[C@H]2CCC2=CC(=O)C=C[C@@]21C,CYP2B6,0
CC1(C)CCC2=C1CC[C@H]1[C@H]2CCC2=CC(=O)C=C[C@@]21C,CYP2C9,0
CC1(C)CCC2=C1CC[C@H]1[C@H]2CCC2=CC(=O)C=C[C@@]21C,CYP2D6,0
CC1(C)CCC2=C1CC[C@H]1[C@H]2CCC2=CC(=O)C=C[C@@]21C,CYP3A4,1
CC1(C)CCSc2ccc(C#Cc3ccc(C(=O)O)cn3)cc21,CYP2B6,0
CC1(C)CCSc2ccc(C#Cc3ccc(C(=O)O)cn3)cc21,CYP2C8,1
CC1(C)CN(c2ccc3nc(-c4cc(F)cc(F)c4)c(-c4ccncc4)n3n2)CCN1,CYP2D6,0
CC1(C)CN(c2ccc3nc(-c4ccc(F)cc4)c(-c4ccncc4)n3n2)CCN1,CYP3A4,1
CC1(C)CN(c2ccc3nc(-c4ccccc4)c(-c4ccncc4)n3n2)CCN1,CYP2D6,1
CC1(C)CN(c2ccc3nc(-c4ccccc4)c(-c4ccncc4)n3n2)CCN1,CYP3A4,1
CC1(C)CNc2cc(NC(=O)c3cccnc3NCc3ccncc3)ccc21,CYP1A2,0
CC1(C)CNc2cc(NC(=O)c3cccnc3NCc3ccncc3)ccc21,CYP2A6,0
CC1(C)CNc2cc(NC(=O)c3cccnc3NCc3ccncc3)ccc21,CYP2B6,1
CC1(C)CNc2cc(NC(=O)c3cccnc3NCc3ccncc3)ccc21,CYP2C19,0
CC1(C)CNc2cc(NC(=O)c3cccnc3NCc3ccncc3)ccc21,CYP2C8,0
CC1(C)CNc2cc(NC(=O)c3cccnc3NCc3ccncc3)ccc21,CYP2C9,0
CC1(C)CNc2cc(NC(=O)c3cccnc3NCc3ccncc3)ccc21,CYP2D6,1
CC1(C)CNc2cc(NC(=O)c3cccnc3NCc3ccncc3)ccc21,CYP2E1,0
CC1(C)CNc2cc(NC(=O)c3cccnc3NCc3ccncc3)ccc21,CYP3A4,1
CC1(C)C[C@@H]1C(=O)N/C(=C\CCCCSC[C@H](N)C(=O)O)C(=O)O,CYP2D6,0
CC1(C)C[C@@H]1C(=O)N/C(=C\CCCCSC[C@H](N)C(=O)O)C(=O)O,CYP3A4,0
CC1(C)Cc2c(-c3ccccc3)c(-c3ccc(Cl)cc3)c(CC(=O)O)n2C1,CYP1A2,0
CC1(C)Cc2c(-c3ccccc3)c(-c3ccc(Cl)cc3)c(CC(=O)O)n2C1,CYP2B6,0
CC1(C)Cc2c(-c3ccccc3)c(-c3ccc(Cl)cc3)c(CC(=O)O)n2C1,CYP2C8,1
CC1(C)Cc2c(-c3ccccc3)c(-c3ccc(Cl)cc3)c(CC(=O)O)n2C1,CYP2C9,1
CC1(C)Cc2c(-c3ccccc3)c(-c3ccc(Cl)cc3)c(CC(=O)O)n2C1,CYP2E1,0
CC1(C)Cc2c(-c3ccccc3)c(-c3ccc(Cl)cc3)c(CC(=O)O)n2C1,CYP3A4,1
CC1(C)OC(=O)C=C[C@]2(C)[C@H]3CC[C@@]4(C)[C@H](c5ccoc5)OC(=O)[C@H]5O[C@]54[C@]3(C)C(=O)C[C@@H]12,CYP1A2,0
CC1(C)OC(=O)C=C[C@]2(C)[C@H]3CC[C@@]4(C)[C@H](c5ccoc5)OC(=O)[C@H]5O[C@]54[C@]3(C)C(=O)C[C@@H]12,CYP2B6,0
CC1(C)OC(=O)C=C[C@]2(C)[C@H]3CC[C@@]4(C)[C@H](c5ccoc5)OC(=O)[C@H]5O[C@]54[C@]3(C)C(=O)C[C@@H]12,CYP2C19,0
CC1(C)OC(=O)C=C[C@]2(C)[C@H]3CC[C@@]4(C)[C@H](c5ccoc5)OC(=O)[C@H]5O[C@]54[C@]3(C)C(=O)C[C@@H]12,CYP2C8,0
CC1(C)OC(=O)C=C[C@]2(C)[C@H]3CC[C@@]4(C)[C@H](c5ccoc5)OC(=O)[C@H]5O[C@]54[C@]3(C)C(=O)C[C@@H]12,CYP2C9,0
CC1(C)OC(=O)C=C[C@]2(C)[C@H]3CC[C@@]4(C)[C@H](c5ccoc5)OC(=O)[C@H]5O[C@]54[C@]3(C)C(=O)C[C@@H]12,CYP2D6,0
CC1(C)OC(=O)C=C[C@]2(C)[C@H]3CC[C@@]4(C)[C@H](c5ccoc5)OC(=O)[C@H]5O[C@]54[C@]3(C)C(=O)C[C@@H]12,CYP2E1,0
CC1(C)OC(=O)C=C[C@]2(C)[C@H]3CC[C@@]4(C)[C@H](c5ccoc5)OC(=O)[C@H]5O[C@]54[C@]3(C)C(=O)C[C@@H]12,CYP3A4,1
CC1(C)OC(C(N)=O)C(C(N)=O)O1,CYP2C19,0
CC1(C)OC(C(N)=O)C(C(N)=O)O1,CYP3A4,0
CC1(C)O[C@@H]2C[C@H]3[C@@H]4CCC5=CC(=O)C=C[C@]5(C)[C@@]4(F)[C@@H](O)C[C@]3(C)[C@]2(C(=O)CO)O1,CYP3A4,1
CC1(C)O[C@@H]2C[C@H]3[C@@H]4CCC5=CC(=O)C=C[C@]5(C)[C@H]4[C@@H](O)C[C@]3(C)[C@]2(C(=O)COP(=O)(O)O)O1,CYP2D6,0
CC1(C)O[C@@H]2C[C@H]3[C@@H]4C[C@H](F)C5=CC(=O)C=C[C@]5(C)[C@H]4[C@@H](O)C[C@]3(C)[C@]2(C(=O)CO)O1,CYP3A4,1
CC1(C)O[C@H]2CC(=O)OC[C@@]23C1=C(O)C(=O)[C@]1(C)[C@@H]3CC[C@@]2(C)[C@H](c3ccoc3)OC(=O)[C@H]3O[C@]321,CYP2C9,1
CC1(C)O[C@H]2CC(=O)OC[C@@]23C1=C(O)C(=O)[C@]1(C)[C@@H]3CC[C@@]2(C)[C@H](c3ccoc3)OC(=O)[C@H]3O[C@]321,CYP3A4,1
CC1(C)O[C@H]2CC(=O)OC[C@]23[C@H]2CC[C@@]4(C)[C@H](c5ccoc5)OC(=O)[C@H]5O[C@]54[C@]2(C)[C@@H](O)C(=O)[C@@H]13,CYP1A2,0
CC1(C)O[C@H]2CC(=O)OC[C@]23[C@H]2CC[C@@]4(C)[C@H](c5ccoc5)OC(=O)[C@H]5O[C@]54[C@]2(C)[C@@H](O)C(=O)[C@@H]13,CYP2B6,0
CC1(C)O[C@H]2CC(=O)OC[C@]23[C@H]2CC[C@@]4(C)[C@H](c5ccoc5)OC(=O)[C@H]5O[C@]54[C@]2(C)[C@@H](O)C(=O)[C@@H]13,CYP2C19,0
CC1(C)O[C@H]2CC(=O)OC[C@]23[C@H]2CC[C@@]4(C)[C@H](c5ccoc5)OC(=O)[C@H]5O[C@]54[C@]2(C)[C@@H](O)C(=O)[C@@H]13,CYP2C8,0
CC1(C)O[C@H]2CC(=O)OC[C@]23[C@H]2CC[C@@]4(C)[C@H](c5ccoc5)OC(=O)[C@H]5O[C@]54[C@]2(C)[C@@H](O)C(=O)[C@@H]13,CYP2C9,0
CC1(C)O[C@H]2CC(=O)OC[C@]23[C@H]2CC[C@@]4(C)[C@H](c5ccoc5)OC(=O)[C@H]5O[C@]54[C@]2(C)[C@@H](O)C(=O)[C@@H]13,CYP2D6,0
CC1(C)O[C@H]2CC(=O)OC[C@]23[C@H]2CC[C@@]4(C)[C@H](c5ccoc5)OC(=O)[C@H]5O[C@]54[C@]2(C)[C@@H](O)C(=O)[C@@H]13,CYP2E1,0
CC1(C)O[C@H]2CC(=O)OC[C@]23[C@H]2CC[C@@]4(C)[C@H](c5ccoc5)OC(=O)[C@H]5O[C@]54[C@]2(C)[C@@H](O)C(=O)[C@@H]13,CYP3A4,1
CC1(C)O[C@]2(C)CC[C@H]1CC2,CYP3A4,1
CC1(C)O[C@]2(C)[C@H](O)C[C@H]1C[C@@H]2O,CYP3A4,0
CC1(C)S[C@@H]2[C@H](N=CN3CCCCCC3)C(=O)N2[C@H]1C(=O)O,CYP2B6,0
CC1(C)S[C@@H]2[C@H](N=CN3CCCCCC3)C(=O)N2[C@H]1C(=O)O,CYP2C9,0
CC1(C)S[C@@H]2[C@H](NC(=O)CCCC[C@H](NC(=O)CN)C(=O)O)C(=O)N2[C@H]1C(=O)O,CYP3A4,0
CC1(C)S[C@@H]2[C@H](NC(=O)CCC[C@H](N)C(=O)O)C(=O)N2[C@H]1C(=O)O,CYP2A6,0
CC1(C)S[C@@H]2[C@H](NC(=O)CCC[C@H](N)C(=O)O)C(=O)N2[C@H]1C(=O)O,CYP3A4,0
CC1(C)S[C@@H]2[C@H](NC(=O)Cc3ccccc3)C(=O)N2[C@H]1C(=O)O,CYP2E1,0
CC1(C)S[C@@H]2[C@H](NC(=O)[C@@H](c3ccccc3)S(=O)(=O)O)C(=O)N2[C@H]1C(=O)O,CYP2C8,0
CC1(C)S[C@@H]2[C@H](NC(=O)[C@H](NC(=O)N3CCNC3=O)c3ccccc3)C(=O)N2[C@H]1C(=O)O,CYP2B6,0
CC1(C)S[C@@H]2[C@H](NC(=O)[C@H](NC(=O)N3CCNC3=O)c3ccccc3)C(=O)N2[C@H]1C(=O)O,CYP2E1,0
CC1(C)[C@@H](O)CC[C@]2(C)[C@H]3C(=O)C=C4[C@@H]5C[C@@](C)(C(=O)O)CC[C@]5(C)CC[C@@]4(C)[C@]3(C)CC[C@@H]12,CYP2E1,0
CC1(C)[C@@H](O)CC[C@]2(C)[C@H]3C(=O)C=C4[C@@H]5C[C@@](C)(C(=O)O)CC[C@]5(C)CC[C@@]4(C)[C@]3(C)CC[C@@H]12,CYP3A4,1
CC1(C)[C@@H]2CC[C@@]1(C)C(=S)C2,CYP2B6,0
CC1(C)[C@@H]2CC[C@@]1(C)C(=S)C2,CYP2C9,0
CC1(C)[C@@H]2CC[C@@]1(C)C(=S)C2,CYP3A4,0
CC1(C)[C@@H]2CC[C@@]1(C)[C@@H](O)C2,CYP3A4,0
CC1(C)[C@@H]2CC[C@@]1(C)[C@@H](OC(=O)[C@H](O)Cc1ccc(O)c(O)c1)C2,CYP2C8,1
CC1(C)[C@@H]2CC[C@@]1(C)[C@@H](OC(=O)[C@H](O)Cc1ccc(O)c(O)c1)C2,CYP3A4,1
CC1(C)[C@H](/C=C(\Cl)C(F)(F)F)[C@@H]1C(=O)O[C@@H](C#N)c1cccc(Oc2ccccc2)c1,CYP2C19,1
CC1(C)[C@H](/C=C(\Cl)C(F)(F)F)[C@@H]1C(=O)O[C@@H](C#N)c1cccc(Oc2ccccc2)c1,CYP3A4,1
CC1(C)[C@H](C(=O)OCc2cccc(Oc3ccccc3)c2)[C@@H]1C=C(Cl)Cl,CYP1A2,1
CC1(C)[C@H](C(=O)OCc2cccc(Oc3ccccc3)c2)[C@@H]1C=C(Cl)Cl,CYP2C19,1
CC1(C)[C@H](C(=O)OCc2cccc(Oc3ccccc3)c2)[C@@H]1C=C(Cl)Cl,CYP2C9,1
CC1(C)[C@H](C(=O)OCc2cccc(Oc3ccccc3)c2)[C@@H]1C=C(Cl)Cl,CYP3A4,1
CC1(C)[C@H](C=C(Cl)Cl)[C@H]1C(=O)OCc1cccc(Oc2ccccc2)c1,CYP1A2,1
CC1(C)[C@H](C=C(Cl)Cl)[C@H]1C(=O)OCc1cccc(Oc2ccccc2)c1,CYP2C19,1
CC1(C)[C@H](C=C(Cl)Cl)[C@H]1C(=O)OCc1cccc(Oc2ccccc2)c1,CYP2C9,1
CC1(C)[C@H]2CC(=O)[C@]1(C)C[C@H]2O,CYP2C9,0
CC1(C)[C@H]2CC[C@](C)(C2)[C@H]1O,CYP1A2,0
CC1(C)[C@H]2CC[C@](C)(C2)[C@H]1O,CYP2A6,1
CC1(C)[C@H]2CC[C@](C)(C2)[C@H]1O,CYP2B6,0
CC1(C)[C@H]2CC[C@](C)(C2)[C@H]1O,CYP2C19,0
CC1(C)[C@H]2CC[C@](C)(C2)[C@H]1O,CYP2C8,0
CC1(C)[C@H]2CC[C@](C)(C2)[C@H]1O,CYP2C9,0
CC1(C)[C@H]2CC[C@](C)(C2)[C@H]1O,CYP2D6,0
CC1(C)[C@H]2CC[C@](C)(C2)[C@H]1O,CYP2E1,0
CC1(C)[C@H]2CC[C@](C)(C2)[C@H]1O,CYP3A4,0
CC1(C)[C@H]2CC[C@]1(C)C(=O)C2,CYP1A2,0
CC1(C)[C@H]2CC[C@]1(C)C(=O)C2,CYP2A6,1
CC1(C)[C@H]2CC[C@]1(C)C(=O)C2,CYP2B6,0
CC1(C)[C@H]2CC[C@]1(C)C(=O)C2,CYP2C19,0
CC1(C)[C@H]2CC[C@]1(C)C(=O)C2,CYP2C8,0
CC1(C)[C@H]2CC[C@]1(C)C(=O)C2,CYP2C9,0
CC1(C)[C@H]2CC[C@]1(C)C(=O)C2,CYP2D6,0
CC1(C)[C@H]2CC[C@]1(C)C(=O)C2,CYP2E1,0
CC1(C)[C@H]2CC[C@]1(C)C(=O)C2,CYP3A4,0
CC1(C)[C@H]2CC[C@]1(C)CC2,CYP2C19,0
CC1(C)[C@H]2CC[C@]1(C)CC2,CYP3A4,0
CC1(O)Oc2ccccc2C(C)(C)C1(C)C,CYP1A2,1
CC1(O)Oc2ccccc2C(C)(C)C1(C)C,CYP2B6,1
CC1(O)Oc2ccccc2C(C)(C)C1(C)C,CYP3A4,1
CC1=C(/C=C/C(C)=C/C=C/C(C)=C/C(=O)Nc2ccc(O)cc2)C(C)(C)CCC1,CYP2C8,1
CC1=C(/C=C/C(C)=C/C=C/C(C)=C/C(=O)Nc2ccc(O)cc2)C(C)(C)CCC1,CYP3A4,1
CC1=C(/C=C/C(C)=C/C=C/C(C)=C/C(=O)O)C(C)(C)CCC1,CYP1A2,1
CC1=C(/C=C/C(C)=C/C=C/C(C)=C/C(=O)O)C(C)(C)CCC1,CYP2C8,1
CC1=C(/C=C/C(C)=C/C=C/C(C)=C/C(=O)O)C(C)(C)CCC1,CYP2C9,1
CC1=C(/C=C/C(C)=C/C=C/C(C)=C/C(=O)O)C(C)(C)CCC1,CYP3A4,1
CC1=C(/C=C/C(C)=C/C=C/C(C)=C/C=O)C(C)(C)CCC1,CYP1A2,1
CC1=C(/C=C/C(C)=C/C=C/C(C)=C/C=O)C(C)(C)CCC1,CYP2A6,0
CC1=C(/C=C/C(C)=C/C=C/C(C)=C/C=O)C(C)(C)CCC1,CYP2B6,0
CC1=C(/C=C/C(C)=C/C=C/C(C)=C/C=O)C(C)(C)CCC1,CYP2C19,0
CC1=C(/C=C/C(C)=C/C=C/C(C)=C/C=O)C(C)(C)CCC1,CYP2C8,0
CC1=C(/C=C/C(C)=C/C=C/C(C)=C/C=O)C(C)(C)CCC1,CYP2C9,0
CC1=C(/C=C/C(C)=C/C=C/C(C)=C/C=O)C(C)(C)CCC1,CYP2D6,0
CC1=C(/C=C/C(C)=C/C=C/C(C)=C/C=O)C(C)(C)CCC1,CYP2E1,0
CC1=C(/C=C/C(C)=C/C=C/C(C)=C/C=O)C(C)(C)CCC1,CYP3A4,1
CC1=C(/C=C/C(C)=C/C=C/C(C)=C/CO)C(C)(C)CCC1,CYP1A2,1
CC1=C(/C=C/C(C)=C/C=C/C(C)=C/CO)C(C)(C)CCC1,CYP2C19,1
CC1=C(/C=C/C(C)=C/C=C/C(C)=C/CO)C(C)(C)CCC1,CYP2C8,1
CC1=C(/C=C/C(C)=C/C=C/C(C)=C/CO)C(C)(C)CCC1,CYP2C9,1
CC1=C(/C=C/C(C)=C/C=C/C(C)=C/CO)C(C)(C)CCC1,CYP2D6,1
CC1=C(/C=C/C(C)=C/C=C/C(C)=C/CO)C(C)(C)CCC1,CYP3A4,1
CC1=C(/C=C/C(C)=C/C=C/C(C)=C\C(=O)O)C(C)(C)CCC1,CYP1A2,1
CC1=C(/C=C/C(C)=C/C=C/C(C)=C\C(=O)O)C(C)(C)CCC1,CYP2A6,1
CC1=C(/C=C/C(C)=C/C=C/C(C)=C\C(=O)O)C(C)(C)CCC1,CYP2B6,1
CC1=C(/C=C/C(C)=C/C=C/C(C)=C\C(=O)O)C(C)(C)CCC1,CYP2C19,1
CC1=C(/C=C/C(C)=C/C=C/C(C)=C\C(=O)O)C(C)(C)CCC1,CYP2C8,1
CC1=C(/C=C/C(C)=C/C=C/C(C)=C\C(=O)O)C(C)(C)CCC1,CYP2C9,1
CC1=C(/C=C/C(C)=C/C=C/C(C)=C\C(=O)O)C(C)(C)CCC1,CYP2D6,1
CC1=C(/C=C/C(C)=C/C=C/C(C)=C\C(=O)O)C(C)(C)CCC1,CYP2E1,1
CC1=C(/C=C/C(C)=C/C=C/C(C)=C\C(=O)O)C(C)(C)CCC1,CYP3A4,1
CC1=C(/C=C/C(C)=C/C=C/C(C)=C\C=C\C=C(C)/C=C/C=C(\C)CO)C(C)(C)C[C@H](O)C1,CYP2C19,0
CC1=C(/C=C/C(C)=C/C=C/C(C)=C\C=C\C=C(C)/C=C/C=C(\C)CO)C(C)(C)C[C@H](O)C1,CYP3A4,0
CC1=C(/C=C/C(C)=C\C=C\C(C)=C\C(=O)O)C(C)(C)CCC1,CYP2A6,1
CC1=C(/C=C/C(C)=C\C=C\C(C)=C\C(=O)O)C(C)(C)CCC1,CYP2B6,1
CC1=C(/C=C/C(C)=C\C=C\C(C)=C\C(=O)O)C(C)(C)CCC1,CYP2C8,1
CC1=C(/C=C/C(C)=C\C=C\C(C)=C\C(=O)O)C(C)(C)CCC1,CYP2C9,1
CC1=C(/C=C/C(C)=C\C=C\C(C)=C\C(=O)O)C(C)(C)CCC1,CYP3A4,1
CC1=C(/C=C/C(C)=C\C=C\C(C)=C\C=O)C(C)(C)CCC1,CYP1A2,1
CC1=C(/C=C/C(C)=C\C=C\C(C)=C\C=O)C(C)(C)CCC1,CYP2C19,1
CC1=C(/C=C/C(C)=C\C=C\C(C)=C\C=O)C(C)(C)CCC1,CYP3A4,1
CC1=C(C(=O)O)N2C(=O)[C@@H](N)[C@H]2SC1,CYP3A4,0
CC1=C(C)C(=O)C(C(CCCCCC(=O)O)c2ccccc2)=C(C)C1=O,CYP2B6,1
CC1=C(C)C(=O)C(C(CCCCCC(=O)O)c2ccccc2)=C(C)C1=O,CYP2C19,1
CC1=C(C)C(=O)C(C(CCCCCC(=O)O)c2ccccc2)=C(C)C1=O,CYP2C8,1
CC1=C(C)C(=O)C(C(CCCCCC(=O)O)c2ccccc2)=C(C)C1=O,CYP2C9,1
CC1=C(C)C(=O)C(C(CCCCCC(=O)O)c2ccccc2)=C(C)C1=O,CYP3A4,1
CC1=C(C)C(=O)C(C)=C(C)C1=O,CYP3A4,0
CC1=C(C)C(=O)C(CC[C@@](C)(O)C(N)=O)=C(C)C1=O,CYP3A4,0
CC1=C(CN(O)C(N)=O)C2=C(C)C3(CC3)[C@@](C)(O)C(=O)C2=C1,CYP2B6,0
CC1=C(CN(O)C(N)=O)C2=C(C)C3(CC3)[C@@](C)(O)C(=O)C2=C1,CYP2C8,0
CC1=C(CO)C2=C(C)C3(CC3)[C@@](C)(O)C(=O)C2=C1,CYP2C9,0
CC1=C(CO)C2=C(C)C3(CC3)[C@@](C)(O)C(=O)C2=C1,CYP3A4,0
CC1=C(N2CC2)C(=O)C(CO)=C(N2CC2)C1=O,CYP2C9,0
CC1=C(N2CC2)C(=O)C(CO)=C(N2CC2)C1=O,CYP2E1,0
CC1=C2C(=O)O[C@@H](c3ccoc3)[C@]2(C)CCC1,CYP1A2,0
CC1=C2C(=O)O[C@@H](c3ccoc3)[C@]2(C)CCC1,CYP2B6,0
CC1=C2C(=O)O[C@@H](c3ccoc3)[C@]2(C)CCC1,CYP2C8,0
CC1=C2C(=O)O[C@@H](c3ccoc3)[C@]2(C)CCC1,CYP2C9,0
CC1=C2C(=O)O[C@@H](c3ccoc3)[C@]2(C)CCC1,CYP2E1,0
CC1=C2C(=O)O[C@@H](c3ccoc3)[C@]2(C)CCC1,CYP3A4,1
CC1=CC(=O)C(C(C)C)=CC1=O,CYP2C9,0
CC1=CC(=O)C(C(C)C)=CC1=O,CYP2D6,0
CC1=CC(=O)C=C2CC[C@@H]3[C@H](CC[C@]4(C)C(=O)CC[C@@H]34)[C@@]12C,CYP2B6,0
CC1=CC(=O)[C@H]2C[C@@H]1C2(C)C,CYP2A6,1
CC1=CC(=O)[C@H]2C[C@@H]1C2(C)C,CYP2B6,1
CC1=CC(=O)c2c(O)cccc2C1=O,CYP3A4,0
CC1=CCC(C(C)(C)O)CC1,CYP3A4,0
CC1=CCC2CC1C2(C)C,CYP3A4,0
CC1=CC[C@@H](C(C)(C)O)C[C@@H]1O,CYP3A4,0
CC1=CC[C@@H]2[C@H](C1)C2(C)C,CYP1A2,1
CC1=CC[C@@H]2[C@H](C1)C2(C)C,CYP2B6,1
CC1=CC[C@@H]2[C@H](C1)C2(C)C,CYP2C19,1
CC1=CC[C@@H]2[C@H](C1)C2(C)C,CYP2C8,0
CC1=CC[C@@H]2[C@H](C1)C2(C)C,CYP2C9,0
CC1=CC[C@@H]2[C@H](C1)C2(C)C,CYP2D6,1
CC1=CC[C@@H]2[C@H](C1)C2(C)C,CYP2E1,0
CC1=CC[C@@H]2[C@H](C1)C2(C)C,CYP3A4,0
CC1=CC[C@@](O)(C(C)C)CC1,CYP1A2,1
CC1=CC[C@@](O)(C(C)C)CC1,CYP2A6,1
CC1=CC[C@@](O)(C(C)C)CC1,CYP2B6,0
CC1=CC[C@@](O)(C(C)C)CC1,CYP2C19,0
CC1=CC[C@@](O)(C(C)C)CC1,CYP2C8,0
CC1=CC[C@@](O)(C(C)C)CC1,CYP2C9,0
CC1=CC[C@@](O)(C(C)C)CC1,CYP2D6,0
CC1=CC[C@@](O)(C(C)C)CC1,CYP2E1,0
CC1=CC[C@@](O)(C(C)C)CC1,CYP3A4,1
CC1=CC[C@](O)(C(C)C)CC1,CYP1A2,1
CC1=CC[C@](O)(C(C)C)CC1,CYP2A6,1
CC1=CC[C@](O)(C(C)C)CC1,CYP2B6,0
CC1=CC[C@](O)(C(C)C)CC1,CYP2C19,0
CC1=CC[C@](O)(C(C)C)CC1,CYP2C8,0
CC1=CC[C@](O)(C(C)C)CC1,CYP2C9,0
CC1=CC[C@](O)(C(C)C)CC1,CYP2D6,0
CC1=CC[C@](O)(C(C)C)CC1,CYP2E1,0
CC1=CC[C@](O)(C(C)C)CC1,CYP3A4,1
CC1=NN(S(=O)(=O)c2ccc(C)cc2)C(=O)c2ccccc2O1,CYP2E1,0
CC1=NN(S(=O)(=O)c2ccc(F)cc2)C(=O)c2ccccc2O1,CYP2E1,0
CC1=NN(c2ccc(C)c(C)c2)C(=O)/C1=N/Nc1cccc(-c2cccc(C(=O)O)c2)c1O,CYP1A2,1
CC1=NN(c2ccc(C)c(C)c2)C(=O)/C1=N/Nc1cccc(-c2cccc(C(=O)O)c2)c1O,CYP2C8,1
CC1CCC(C(C)C)C(O)C1,CYP1A2,0
CC1CCC(C(C)C)C(O)C1,CYP2A6,1
CC1CCC(C(C)C)C(O)C1,CYP2B6,0
CC1CCC(C(C)C)C(O)C1,CYP2C19,0
CC1CCC(C(C)C)C(O)C1,CYP2C8,0
CC1CCC(C(C)C)C(O)C1,CYP2C9,0
CC1CCC(C(C)C)C(O)C1,CYP2D6,0
CC1CCC(C(C)C)C(O)C1,CYP2E1,0
CC1CCC(C(C)C)C(O)C1,CYP3A4,0
CC1CCC2(CC1)NC(=O)N(NC(=O)CSc1nnc(NC3CC3)s1)C2=O,CYP2C19,0
CC1CCC2(CC1)NC(=O)N(NC(=O)CSc1nnc(NC3CC3)s1)C2=O,CYP2C9,0
CC1CN(Cc2nc3c(c(=O)n(C)c(=O)n3C)n2CC(O)CO)CC(C)O1,CYP2C9,0
CC1CN(Cc2nc3c(c(=O)n(C)c(=O)n3C)n2CCCO)CC(C)O1,CYP2B6,0
CC1CN2CC(=O)Nc3ccc(Cl)cc3C2(c2ccccc2)O1,CYP2E1,0
CC1COC2(c3ccccc3Cl)c3cc(Cl)ccc3NC(=O)CN12,CYP3A4,1
CC1Cc2ccccc2N1NC(=O)c1ccc(Cl)c(S(N)(=O)=O)c1,CYP2C19,1
CC1Cc2ccccc2N1NC(=O)c1ccc(Cl)c(S(N)(=O)=O)c1,CYP3A4,1
CC1OC(C)OC(C)O1,CYP2C8,0
CC1OC(C)OC(C)O1,CYP3A4,0
CCC(=O)C(CC(C)N(C)C)(c1ccccc1)c1ccccc1,CYP1A2,0
CCC(=O)C(CC(C)N(C)C)(c1ccccc1)c1ccccc1,CYP2B6,1
CCC(=O)C(CC(C)N(C)C)(c1ccccc1)c1ccccc1,CYP2C19,1
CCC(=O)C(CC(C)N(C)C)(c1ccccc1)c1ccccc1,CYP2C8,1
CCC(=O)C(CC(C)N(C)C)(c1ccccc1)c1ccccc1,CYP2D6,1
CCC(=O)C(CC(C)N(C)C)(c1ccccc1)c1ccccc1,CYP2E1,0
CCC(=O)C(CC(C)N(C)C)(c1ccccc1)c1ccccc1,CYP3A4,1
CCC(=O)C1(c2cccc(O)c2)CCN(C)CC1,CYP2C9,1
CCC(=O)C1(c2cccc(O)c2)CCN(C)CC1,CYP3A4,1
CCC(=O)N(c1ccccc1)C1(C(=O)OC)CCN(CCC(=O)OC)CC1,CYP2C19,0
CCC(=O)N(c1ccccc1)C1(C(=O)OC)CCN(CCC(=O)OC)CC1,CYP2D6,0
CCC(=O)N(c1ccccc1)C1(C(=O)OC)CCN(CCC(=O)OC)CC1,CYP3A4,1
CCC(=O)N(c1ccccc1)C1(C(=O)OC)CCN(CCc2ccccc2)CC1,CYP2C8,1
CCC(=O)N(c1ccccc1)C1(C(=O)OC)CCN(CCc2ccccc2)CC1,CYP2C9,1
CCC(=O)N(c1ccccc1)C1(C(=O)OC)CCN(CCc2ccccc2)CC1,CYP3A4,1
CCC(=O)N(c1ccccc1)C1(COC)CCN(CCc2cccs2)CC1,CYP2D6,1
CCC(=O)N(c1ccccc1)C1(COC)CCN(CCc2cccs2)CC1,CYP3A4,1
CCC(=O)N(c1ccccc1)C1(COC)CCN(CCn2nnn(CC)c2=O)CC1,CYP3A4,1
CCC(=O)N(c1ccccc1)C1CCN(CC(O)c2cccs2)CC1,CYP2A6,0
CCC(=O)N(c1ccccc1)C1CCN(CCc2ccccc2)CC1,CYP2C9,1
CCC(=O)N(c1ccccc1)C1CCN(CCc2ccccc2)CC1,CYP2D6,1
CCC(=O)N(c1ccccc1)C1CCN(CCc2ccccc2)CC1,CYP3A4,1
CCC(=O)N(c1ccccc1)[C@@]1(C(=O)OC)CCN(CCc2ccccc2)C[C@H]1C,CYP2B6,0
CCC(=O)NCC[C@@H]1CCc2ccc3c(c21)CCO3,CYP1A2,1
CCC(=O)NCC[C@@H]1CCc2ccc3c(c21)CCO3,CYP2A6,0
CCC(=O)NCC[C@@H]1CCc2ccc3c(c21)CCO3,CYP2B6,0
CCC(=O)NCC[C@@H]1CCc2ccc3c(c21)CCO3,CYP2C19,1
CCC(=O)NCC[C@@H]1CCc2ccc3c(c21)CCO3,CYP2C8,0
CCC(=O)NCC[C@@H]1CCc2ccc3c(c21)CCO3,CYP2C9,0
CCC(=O)NCC[C@@H]1CCc2ccc3c(c21)CCO3,CYP2D6,0
CCC(=O)NCC[C@@H]1CCc2ccc3c(c21)CCO3,CYP2E1,0
CCC(=O)NCC[C@@H]1CCc2ccc3c(c21)CCO3,CYP3A4,1
CCC(=O)NC[C@@H]1C[C@H]1c1cccc2c1CCO2,CYP1A2,1
CCC(=O)NC[C@@H]1C[C@H]1c1cccc2c1CCO2,CYP2A6,0
CCC(=O)NC[C@@H]1C[C@H]1c1cccc2c1CCO2,CYP2B6,0
CCC(=O)NC[C@@H]1C[C@H]1c1cccc2c1CCO2,CYP2C19,0
CCC(=O)NC[C@@H]1C[C@H]1c1cccc2c1CCO2,CYP2C8,0
CCC(=O)NC[C@@H]1C[C@H]1c1cccc2c1CCO2,CYP2D6,1
CCC(=O)NC[C@@H]1C[C@H]1c1cccc2c1CCO2,CYP2E1,0
CCC(=O)NC[C@@H]1C[C@H]1c1cccc2c1CCO2,CYP3A4,0
CCC(=O)OC1=CC(=O)C=C2[C@@H](F)C[C@@H]3[C@H]([C@@H](O)C[C@@]4(C)[C@H]3C[C@H]3OC(C)(C)O[C@]34CCO)[C@@]12C,CYP3A4,1
CCC(=O)OCC(=O)[C@@]1(OC(=O)CC)[C@@H](C)C[C@H]2[C@@H]3CCC4=CC(=O)C=C[C@]4(C)[C@@]3(Cl)[C@@H](O)C[C@@]21C,CYP3A4,1
CCC(=O)OCC(=O)[C@@]12OC(C)(C)O[C@@H]1C[C@H]1[C@@H]3C[C@H](F)C4=CC(=O)C=C[C@]4(C)[C@@]3(F)[C@@H](O)C[C@@]12C,CYP2A6,0
CCC(=O)OCC(=O)[C@@]12OC(C)(C)O[C@@H]1C[C@H]1[C@@H]3C[C@H](F)C4=CC(=O)C=C[C@]4(C)[C@@]3(F)[C@@H](O)C[C@@]12C,CYP2C9,0
CCC(=O)OCCNC(=O)C[n+]1ccccc1,CYP2C8,0
CCC(=O)O[C@@H]1CC(=O)O[C@H](C)C/C=C/C=C/[C@H](O)[C@H](C)C[C@H](CC=O)[C@H](O[C@@H]2O[C@H](C)[C@@H](O[C@H]3C[C@@](C)(O)[C@@H](O)[C@H](C)O3)[C@H](N(C)C)[C@H]2O)[C@H]1OC,CYP3A4,1
CCC(=O)O[C@@H]1CC(=O)O[C@H](C)C/C=C/C=C/[C@H](OC(C)=O)[C@H](C)C[C@H](CC=O)[C@H](O[C@@H]2O[C@H](C)[C@@H](O[C@H]3C[C@@](C)(O)[C@@H](O)[C@H](C)O3)[C@H](N(C)C)[C@H]2O)[C@H]1OC,CYP3A4,1
CCC(=O)O[C@H]1CC[C@H]2[C@@H]3CC[C@H]4CC(=O)[C@H](C)C[C@]4(C)[C@H]3CC[C@]12C,CYP3A4,0
CCC(=O)O[C@](Cc1ccccc1)(c1ccccc1)[C@H](C)CN(C)C,CYP3A4,1
CCC(=O)O[C@]1(C(=O)CO)CC[C@H]2[C@@H]3CCC4=CC(=O)CC[C@]4(C)[C@H]3CC[C@@]21C,CYP2C9,0
CCC(=O)O[C@]1(C(=O)CO)CC[C@H]2[C@@H]3CCC4=CC(=O)CC[C@]4(C)[C@H]3CC[C@@]21C,CYP2D6,0
CCC(=O)O[C@]1(C(=O)SCF)[C@H](C)C[C@H]2[C@@H]3C[C@H](F)C4=CC(=O)C=C[C@]4(C)[C@@]3(F)[C@@H](O)C[C@@]21C,CYP1A2,0
CCC(=O)O[C@]1(C(=O)SCF)[C@H](C)C[C@H]2[C@@H]3C[C@H](F)C4=CC(=O)C=C[C@]4(C)[C@@]3(F)[C@@H](O)C[C@@]21C,CYP2A6,0
CCC(=O)O[C@]1(C(=O)SCF)[C@H](C)C[C@H]2[C@@H]3C[C@H](F)C4=CC(=O)C=C[C@]4(C)[C@@]3(F)[C@@H](O)C[C@@]21C,CYP2B6,0
CCC(=O)O[C@]1(C(=O)SCF)[C@H](C)C[C@H]2[C@@H]3C[C@H](F)C4=CC(=O)C=C[C@]4(C)[C@@]3(F)[C@@H](O)C[C@@]21C,CYP2C8,0
CCC(=O)O[C@]1(C(=O)SCF)[C@H](C)C[C@H]2[C@@H]3C[C@H](F)C4=CC(=O)C=C[C@]4(C)[C@@]3(F)[C@@H](O)C[C@@]21C,CYP2C9,0
CCC(=O)O[C@]1(C(=O)SCF)[C@H](C)C[C@H]2[C@@H]3C[C@H](F)C4=CC(=O)C=C[C@]4(C)[C@@]3(F)[C@@H](O)C[C@@]21C,CYP2D6,0
CCC(=O)O[C@]1(C(=O)SCF)[C@H](C)C[C@H]2[C@@H]3C[C@H](F)C4=CC(=O)C=C[C@]4(C)[C@@]3(F)[C@@H](O)C[C@@]21C,CYP2E1,0
CCC(=O)O[C@]1(C(=O)SCF)[C@H](C)C[C@H]2[C@@H]3C[C@H](F)C4=CC(=O)C=C[C@]4(C)[C@@]3(F)[C@@H](O)C[C@@]21C,CYP3A4,1
CCC(=O)Oc1ccc2c(c1)CC[C@@H]1[C@@H]2CC[C@@]2(C)[C@H]1C[C@@H](OC(=O)CC)[C@@H]2OC(=O)CC,CYP1A2,0
CCC(=O)Oc1ccc2c(c1)CC[C@@H]1[C@@H]2CC[C@@]2(C)[C@H]1C[C@@H](OC(=O)CC)[C@@H]2OC(=O)CC,CYP2C9,0
CCC(Br)(CC)C(=O)NC(N)=O,CYP2C8,0
CCC(Br)(CC)C(=O)NC(N)=O,CYP2D6,0
CCC(C(=O)O)C1(O)CCCCC1,CYP3A4,0
CCC(C(=O)c1ccc(C)cc1)N1CCCC1,CYP1A2,1
CCC(C(=O)c1ccc(C)cc1)N1CCCC1,CYP2C19,1
CCC(C(=O)c1ccc(C)cc1)N1CCCC1,CYP2D6,1
CCC(C(N)=O)N1CCCC1=O,CYP2D6,0
CCC(C)(C)C(=O)C(=O)N1CCC[C@H]1C(=O)O,CYP2E1,0
CCC(C)(C)C(=O)C(=O)N1CCC[C@H]1C(=O)O,CYP3A4,0
CCC(C)(C)C(=O)O,CYP2C9,0
CCC(C)(C)C(=O)O,CYP3A4,0
CCC(C)(C)C(=O)O[C@H]1C[C@@H](C)C=C2C=C[C@H](C)[C@H](CC[C@@H](O)C[C@@H](O)CC(=O)O)[C@H]21,CYP1A2,0
CCC(C)(C)C(=O)O[C@H]1C[C@@H](C)C=C2C=C[C@H](C)[C@H](CC[C@@H](O)C[C@@H](O)CC(=O)O)[C@H]21,CYP2A6,0
CCC(C)(C)C(=O)O[C@H]1C[C@@H](C)C=C2C=C[C@H](C)[C@H](CC[C@@H](O)C[C@@H](O)CC(=O)O)[C@H]21,CYP2C19,0
CCC(C)(C)C(=O)O[C@H]1C[C@@H](C)C=C2C=C[C@H](C)[C@H](CC[C@@H](O)C[C@@H](O)CC(=O)O)[C@H]21,CYP2C8,1
CCC(C)(C)C(=O)O[C@H]1C[C@@H](C)C=C2C=C[C@H](C)[C@H](CC[C@@H](O)C[C@@H](O)CC(=O)O)[C@H]21,CYP2C9,0
CCC(C)(C)C(=O)O[C@H]1C[C@@H](C)C=C2C=C[C@H](C)[C@H](CC[C@@H](O)C[C@@H](O)CC(=O)O)[C@H]21,CYP2D6,0
CCC(C)(C)C(=O)O[C@H]1C[C@@H](C)C=C2C=C[C@H](C)[C@H](CC[C@@H](O)C[C@@H](O)CC(=O)O)[C@H]21,CYP3A4,1
CCC(C)(C)C(=O)O[C@H]1C[C@@H](C)C=C2C=C[C@H](C)[C@H](CC[C@@H]3C[C@@H](O)CC(=O)O3)[C@H]21,CYP3A4,1
CCC(C)(C)C(=O)O[C@H]1C[C@@H](C)C=C2C=C[C@H](C)[C@H](CC[C@@H]3C[C@@H](OC(C)=O)CC(=O)O3)[C@H]21,CYP2A6,0
CCC(C)(C)C(=O)O[C@H]1C[C@@H](C)C=C2C=C[C@H](C)[C@H](CC[C@@H]3C[C@@H](OC(C)=O)CC(=O)O3)[C@H]21,CYP2C19,0
CCC(C)(C)OC,CYP2A6,1
CCC(C)(C)OC,CYP2E1,1
CCC(C)(CC)OC(N)=O,CYP1A2,0
CCC(C)(CC)OC(N)=O,CYP2C9,0
CCC(C)C(=O)C(=O)O,CYP2A6,0
CCC(C)C(=O)C(=O)O,CYP3A4,0
CCC(C)C(CC)C(N)=O,CYP2C9,0
CCC(C)C(CC)C(N)=O,CYP3A4,0
CCC(C)CC(C)N,CYP2C19,0
CCC(C)CC(C)N,CYP2D6,0
CCC(C)CCn1c(=O)c2c(ncn2C)n(C)c1=O,CYP3A4,1
CCC(C)NC(=O)/C=C/c1ccc(Cl)c(Cl)c1,CYP1A2,1
CCC(C)NC(=O)/C=C/c1ccc(Cl)c(Cl)c1,CYP2C19,1
CCC(C)NC(=O)/C=C/c1ccc(Cl)c(Cl)c1,CYP2D6,1
CCC(C)NC(=O)/C=C/c1ccc(Cl)c(Cl)c1,CYP3A4,1
CCC(C)NC(=O)Cn1cnc([N+](=O)[O-])c1,CYP2E1,0
CCC(C)OC(=O)N1CCCCC1CCO,CYP1A2,0
CCC(C)OC(=O)N1CCCCC1CCO,CYP2B6,0
CCC(C)[C@H](NC(=O)C1CC(=O)N(c2ccc3c(c2)OCCO3)C1)C(=O)N1CCCCC1,CYP2A6,0
CCC(C)[C@H](NC(=O)C1CC(=O)N(c2ccc3c(c2)OCCO3)C1)C(=O)N1CCCCC1,CYP2C19,0
CCC(C)[C@H](NC(=O)NCc1cccs1)C(=O)O,CYP2B6,0
CCC(C)n1ncn(-c2ccc(N3CCN(c4ccc(OC[C@H]5CO[C@](Cn6cncn6)(c6ccc(Cl)cc6Cl)O5)cc4)CC3)cc2)c1=O,CYP1A2,0
CCC(C)n1ncn(-c2ccc(N3CCN(c4ccc(OC[C@H]5CO[C@](Cn6cncn6)(c6ccc(Cl)cc6Cl)O5)cc4)CC3)cc2)c1=O,CYP2A6,0
CCC(C)n1ncn(-c2ccc(N3CCN(c4ccc(OC[C@H]5CO[C@](Cn6cncn6)(c6ccc(Cl)cc6Cl)O5)cc4)CC3)cc2)c1=O,CYP2B6,0
CCC(C)n1ncn(-c2ccc(N3CCN(c4ccc(OC[C@H]5CO[C@](Cn6cncn6)(c6ccc(Cl)cc6Cl)O5)cc4)CC3)cc2)c1=O,CYP2C19,0
CCC(C)n1ncn(-c2ccc(N3CCN(c4ccc(OC[C@H]5CO[C@](Cn6cncn6)(c6ccc(Cl)cc6Cl)O5)cc4)CC3)cc2)c1=O,CYP2C9,0
CCC(C)n1ncn(-c2ccc(N3CCN(c4ccc(OC[C@H]5CO[C@](Cn6cncn6)(c6ccc(Cl)cc6Cl)O5)cc4)CC3)cc2)c1=O,CYP2D6,0
CCC(C)n1ncn(-c2ccc(N3CCN(c4ccc(OC[C@H]5CO[C@](Cn6cncn6)(c6ccc(Cl)cc6Cl)O5)cc4)CC3)cc2)c1=O,CYP2E1,0
CCC(C)n1ncn(-c2ccc(N3CCN(c4ccc(OC[C@H]5CO[C@](Cn6cncn6)(c6ccc(Cl)cc6Cl)O5)cc4)CC3)cc2)c1=O,CYP3A4,1
CCC(CC)C(=O)Nc1cc(C(=O)O)ccc1NC(C)=O,CYP1A2,0
CCC(CC)C(=O)Oc1ccccc1C(=O)OC,CYP2E1,0
CCC(CC)CC1(C(=O)Nc2ccccc2SC)CCCCC1,CYP2C19,1
CCC(CC)CC1(C(=O)Nc2ccccc2SC)CCCCC1,CYP3A4,1
CCC(CC)COC(=O)[C@H](C)N[P@](=O)(OC[C@H]1O[C@@](C#N)(c2ccc3c(N)ncnn23)[C@H](O)[C@@H]1O)Oc1ccccc1,CYP2C8,1
CCC(CC)COC(=O)[C@H](C)N[P@](=O)(OC[C@H]1O[C@@](C#N)(c2ccc3c(N)ncnn23)[C@H](O)[C@@H]1O)Oc1ccccc1,CYP2D6,1
CCC(CC)COC(=O)[C@H](C)N[P@](=O)(OC[C@H]1O[C@@](C#N)(c2ccc3c(N)ncnn23)[C@H](O)[C@@H]1O)Oc1ccccc1,CYP3A4,1
CCC(CC)O[C@@H]1C=C(C(=O)O)C[C@H](N)[C@H]1NC(C)=O,CYP1A2,0
CCC(CC)O[C@@H]1C=C(C(=O)O)C[C@H](N)[C@H]1NC(C)=O,CYP2C19,0
CCC(Cc1ccc2c(c1)OCO2)NC,CYP1A2,1
CCC(Cc1ccc2c(c1)OCO2)NC,CYP2B6,1
CCC(Cc1ccc2c(c1)OCO2)NC,CYP2C19,1
CCC(Cc1ccc2c(c1)OCO2)NC,CYP2D6,1
CCC(Cc1ccc2c(c1)OCO2)NC,CYP3A4,1
CCC(N)=O,CYP1A2,0
CCC(N)=O,CYP3A4,0
CCC(NC(C)C)C(O)c1ccc(O)c(O)c1,CYP2C9,0
CCC(c1ccccc1)c1c(O)c2ccccc2oc1=O,CYP2C19,1
CCC(c1ccccc1)c1c(O)c2ccccc2oc1=O,CYP2C8,1
CCC(c1ccccc1)c1c(O)c2ccccc2oc1=O,CYP2C9,1
CCC(c1ccccc1)c1c(O)c2ccccc2oc1=O,CYP3A4,1
CCC(c1nnc(SCC(=O)Nc2cccc(S(N)(=O)=O)c2)n1-c1ccc(OC)cc1)N(C)C,CYP2A6,0
CCC/C(=C/c1ccc(-c2cccc(C(=O)O)c2)o1)[N+](=O)[O-],CYP2A6,0
CCC1(C)CC(=O)NC1=O,CYP1A2,0
CCC1(C)CC(=O)NC1=O,CYP2A6,0
CCC1(C)CC(=O)NC1=O,CYP2C9,0
CCC1(C)CC(=O)NC1=O,CYP2D6,0
CCC1(C)CC(=O)NC1=O,CYP2E1,1
CCC1(C)CC(=O)NC1=O,CYP3A4,1
CCC1(CC)C(=O)NC(=O)N(C)C1=O,CYP2A6,0
CCC1(CC)C(=O)NC(=O)N(C)C1=O,CYP2D6,0
CCC1(c2ccccc2)C(=O)NC(=O)N(C)C1=O,CYP2B6,1
CCC1(c2ccccc2)C(=O)NC(=O)N(C)C1=O,CYP2C19,1
CCC1(c2ccccc2)C(=O)NC(=O)NC1=O,CYP2C9,1
CCC1=C[C@@H]2CN(C1)Cc1c([nH]c3ccccc13)[C@@](C(=O)OC)(c1cc3c(cc1OC)N(C)[C@H]1[C@@](O)(C(=O)OC)[C@H](OC(C)=O)[C@]4(CC)C=CCN5CC[C@]31[C@@H]54)C2,CYP2D6,0
CCC1=C[C@@H]2CN(C1)Cc1c([nH]c3ccccc13)[C@@](C(=O)OC)(c1cc3c(cc1OC)N(C)[C@H]1[C@@](O)(C(=O)OC)[C@H](OC(C)=O)[C@]4(CC)C=CCN5CC[C@]31[C@@H]54)C2,CYP3A4,1
CCC1=N[C@H]2C[C@@]3(C(=O)N(OC)c4ccccc43)[C@H]3CC1[C@@H]2CO3,CYP2C19,1
CCC1=N[C@H]2C[C@@]3(C(=O)N(OC)c4ccccc43)[C@H]3CC1[C@@H]2CO3,CYP3A4,1
CCC1C(C)=NN=C(c2ccc(O)c(OC)c2)c2cc(OC)c(OC)cc21,CYP1A2,0
CCC1C(C)=NN=C(c2ccc(O)c(OC)c2)c2cc(OC)c(OC)cc21,CYP2A6,0
CCC1C(C)=NN=C(c2ccc(O)c(OC)c2)c2cc(OC)c(OC)cc21,CYP2B6,0
CCC1C(C)=NN=C(c2ccc(O)c(OC)c2)c2cc(OC)c(OC)cc21,CYP2C19,0
CCC1C(C)=NN=C(c2ccc(O)c(OC)c2)c2cc(OC)c(OC)cc21,CYP2C8,0
CCC1C(C)=NN=C(c2ccc(O)c(OC)c2)c2cc(OC)c(OC)cc21,CYP2C9,0
CCC1C(C)=NN=C(c2ccc(O)c(OC)c2)c2cc(OC)c(OC)cc21,CYP2D6,0
CCC1C(C)=NN=C(c2ccc(O)c(OC)c2)c2cc(OC)c(OC)cc21,CYP2E1,0
CCC1C(C)=NN=C(c2ccc(O)c(OC)c2)c2cc(OC)c(OC)cc21,CYP3A4,1
CCC1C(C)=NN=C(c2ccc(OC)c(OC)c2)c2cc(OC)c(O)cc21,CYP2A6,0
CCC1C(C)=NN=C(c2ccc(OC)c(OC)c2)c2cc(OC)c(O)cc21,CYP2B6,0
CCC1C(C)=NN=C(c2ccc(OC)c(OC)c2)c2cc(OC)c(O)cc21,CYP2C19,1
CCC1C(C)=NN=C(c2ccc(OC)c(OC)c2)c2cc(OC)c(O)cc21,CYP2C8,0
CCC1C(C)=NN=C(c2ccc(OC)c(OC)c2)c2cc(OC)c(O)cc21,CYP2C9,1
CCC1C(C)=NN=C(c2ccc(OC)c(OC)c2)c2cc(OC)c(O)cc21,CYP2D6,0
CCC1C(C)=NN=C(c2ccc(OC)c(OC)c2)c2cc(OC)c(O)cc21,CYP2E1,0
CCC=CC[C@H]1C(=O)C=C[C@H]1CCCCCCCC(=O)O,CYP2C9,0
CCC=CC[C@H]1C(=O)C=C[C@H]1CCCCCCCC(=O)O,CYP3A4,0
CCCC(=O)/C(O)=C/OP(=O)(O)O,CYP2C8,0
CCCC(=O)/C(O)=C/OP(=O)(O)O,CYP3A4,0
CCCC(=O)N(c1ccccc1)C1CCN(CCc2ccccc2)CC1,CYP2D6,1
CCCC(=O)N(c1ccccc1)C1CCN(CCc2ccccc2)CC1,CYP3A4,1
CCCC(=O)SC[C@H](N)C(=O)O,CYP2D6,0
CCCC(=O)SC[C@H](N)C(=O)O,CYP2E1,0
CCCC(C(=O)c1ccc2c(c1)OCO2)N1CCCC1,CYP1A2,1
CCCC(C(=O)c1ccc2c(c1)OCO2)N1CCCC1,CYP2C19,1
CCCC(C(=O)c1ccc2c(c1)OCO2)N1CCCC1,CYP2C9,1
CCCC(C(=O)c1ccc2c(c1)OCO2)N1CCCC1,CYP2D6,1
CCCC(C(=O)c1ccccc1)N1CCCC1,CYP2B6,1
CCCC(C(=O)c1ccccc1)N1CCCC1,CYP2C19,1
CCCC(C(=O)c1ccccc1)N1CCCC1,CYP2D6,1
CCCC(C)(CO[N+](=O)[O-])CO[N+](=O)[O-],CYP2C9,0
CCCC(C)(CO[N+](=O)[O-])CO[N+](=O)[O-],CYP2D6,0
CCCC(CCC)C(=O)NCC(N)=O,CYP2E1,0
CCCC(CCC)C(=O)NCC(N)=O,CYP3A4,0
CCCC(CCC)C(=O)O,CYP2A6,1
CCCC(CCC)C(=O)O,CYP2B6,1
CCCC(CCC)C(=O)O,CYP2C19,1
CCCC(CCC)C(=O)O,CYP2C9,1
CCCC/N=C(\N)N=C(N)N,CYP2C19,0
CCCC/N=C(\N)N=C(N)N,CYP3A4,0
CCCC/N=C(\N)NO,CYP2C19,0
CCCC/N=C(\N)NO,CYP3A4,0
CCCC1(CCC)CCC2(CCN(CCCN(CC)CC)C2)CC1,CYP2C9,0
CCCC1(CCC)CCC2(CCN(CCCN(CC)CC)C2)CC1,CYP2E1,0
CCCC1(CCc2ccccc2)CC(O)=C(C(c2cccc(NS(=O)(=O)c3cn(C)cn3)c2)C(C)(C)C)C(=O)O1,CYP2D6,1
CCCC1(CCc2ccccc2)CC(O)=C(C(c2cccc(NS(=O)(=O)c3cn(C)cn3)c2)C(C)(C)C)C(=O)O1,CYP3A4,1
CCCC1O[C@@H]2C[C@H]3[C@@H]4CCC5=CC(=O)C=C[C@]5(C)[C@H]4[C@@H](O)C[C@]3(C)[C@]2(C(=O)CO)O1,CYP3A4,1
CCCCC#Cc1ccc(C(=O)NNC(=S)NC)o1,CYP2C8,0
CCCCC(=O)N(Cc1ccc(-c2ccccc2-c2nn[nH]n2)cc1)[C@H](C(=O)O)C(C)C,CYP1A2,0
CCCCC(=O)N(Cc1ccc(-c2ccccc2-c2nn[nH]n2)cc1)[C@H](C(=O)O)C(C)C,CYP2A6,0
CCCCC(=O)N(Cc1ccc(-c2ccccc2-c2nn[nH]n2)cc1)[C@H](C(=O)O)C(C)C,CYP2B6,0
CCCCC(=O)N(Cc1ccc(-c2ccccc2-c2nn[nH]n2)cc1)[C@H](C(=O)O)C(C)C,CYP2C19,0
CCCCC(=O)N(Cc1ccc(-c2ccccc2-c2nn[nH]n2)cc1)[C@H](C(=O)O)C(C)C,CYP2C8,0
CCCCC(=O)N(Cc1ccc(-c2ccccc2-c2nn[nH]n2)cc1)[C@H](C(=O)O)C(C)C,CYP2C9,1
CCCCC(=O)N(Cc1ccc(-c2ccccc2-c2nn[nH]n2)cc1)[C@H](C(=O)O)C(C)C,CYP2D6,0
CCCCC(=O)N(Cc1ccc(-c2ccccc2-c2nn[nH]n2)cc1)[C@H](C(=O)O)C(C)C,CYP2E1,0
CCCCC(=O)N(Cc1ccc(-c2ccccc2-c2nn[nH]n2)cc1)[C@H](C(=O)O)C(C)C,CYP3A4,0
CCCCC(=O)NS(=O)(=O)c1ccc(N=NN(CC)CC)cc1,CYP2A6,0
CCCCC(C#N)(Cn1cncn1)c1ccc(Cl)cc1,CYP3A4,1
CCCCC(C(=O)c1ccc(C)cc1)N1CCCC1,CYP1A2,1
CCCCC(C(=O)c1ccc(C)cc1)N1CCCC1,CYP2B6,1
CCCCC(C(=O)c1ccc(C)cc1)N1CCCC1,CYP2C19,1
CCCCC(C(=O)c1ccc(C)cc1)N1CCCC1,CYP2C9,1
CCCCC(C(=O)c1ccc(C)cc1)N1CCCC1,CYP2D6,1
CCCCC(C)(C)[C@H](O)/C=C/[C@H]1[C@H](O)CC(=O)[C@@H]1CCCC/C=C/C(=O)OC,CYP3A4,0
CCCCC(CC)COC(=O)c1ccccc1,CYP3A4,0
CCCCC(CC)COC(=O)c1ccccc1C(=O)O,CYP2C19,1
CCCCC(CC)COC(=O)c1ccccc1C(=O)O,CYP2C9,1
CCCCC(CC)COC(=O)c1ccccc1C(=O)OCC(CC)CCCC,CYP2C9,1
CCCCC(O)(Cn1cncn1)c1ccc(Cl)cc1Cl,CYP3A4,1
CCCCC/C=C\C/C=C\C/C=C\C/C=C\CCCC(=O)NCCO,CYP2B6,1
CCCCC/C=C\C/C=C\C/C=C\C/C=C\CCCC(=O)NCCO,CYP2D6,1
CCCCC/C=C\C/C=C\C/C=C\C/C=C\CCCC(=O)NCCO,CYP3A4,1
CCCCC/C=C\C/C=C\C/C=C\C/C=C\CCCC(=O)O,CYP1A2,1
CCCCC/C=C\C/C=C\C/C=C\C/C=C\CCCC(=O)O,CYP2A6,1
CCCCC/C=C\C/C=C\C/C=C\C/C=C\CCCC(=O)O,CYP2B6,1
CCCCC/C=C\C/C=C\C/C=C\C/C=C\CCCC(=O)O,CYP2C8,1
CCCCC/C=C\C/C=C\C/C=C\C/C=C\CCCC(=O)O,CYP2C9,1
CCCCC/C=C\C/C=C\C/C=C\C/C=C\CCCC(=O)O,CYP2E1,1
CCCCC/C=C\C/C=C\C/C=C\C/C=C\CCCC(=O)O,CYP3A4,1
CCCCC/C=C\C/C=C\CCCCCCC(O)C(=O)O,CYP2D6,0
CCCCC/C=C\C/C=C\CCCCCCC(O)C(=O)O,CYP3A4,0
CCCCC/C=C\C/C=C\CCCCCCCC(=O)O,CYP1A2,1
CCCCC/C=C\C/C=C\CCCCCCCC(=O)O,CYP2C19,1
CCCCC/C=C\C/C=C\CCCCCCCC(=O)O,CYP2C9,1
CCCCC/C=C\C/C=C\CCCCCCCC(=O)O,CYP2E1,1
CCCCC/C=C\C/C=C\CCCCCCCC(=O)O,CYP3A4,1
CCCCC/C=C\C[C@@H](O)/C=C/C=C/C=C\[C@@H](O)CCCC(=O)O,CYP1A2,0
CCCCC/C=C\C[C@@H](O)/C=C/C=C/C=C\[C@@H](O)CCCC(=O)O,CYP3A4,0
CCCCC/C=C\C\C=C/C=C/C=C/[C@@H](SC[C@H](N)C(=O)NCC(=O)O)[C@@H](O)CCCC(=O)O,CYP2C19,0
CCCCC/C=C\C\C=C/C=C/C=C/[C@@H](SC[C@H](N)C(=O)NCC(=O)O)[C@@H](O)CCCC(=O)O,CYP3A4,0
CCCCC1(COC(=O)CCC(=O)O)C(=O)N(c2ccccc2)N(c2ccccc2)C1=O,CYP2B6,0
CCCCC1=NC2(CCC(O)C2)C(=O)N1Cc1ccc(-c2ccccc2-c2nn[nH]n2)cc1,CYP2C9,1
CCCCC1=NC2(CCCC2)C(=O)N1Cc1ccc(-c2ccccc2-c2nn[nH]n2)cc1,CYP2C9,1
CCCCC1=NC2(CCCC2)C(=O)N1Cc1ccc(-c2ccccc2S(=O)(=O)Nc2noc(C)c2C)c(COCC)c1,CYP1A2,0
CCCCC1=NC2(CCCC2)C(=O)N1Cc1ccc(-c2ccccc2S(=O)(=O)Nc2noc(C)c2C)c(COCC)c1,CYP2A6,0
CCCCC1=NC2(CCCC2)C(=O)N1Cc1ccc(-c2ccccc2S(=O)(=O)Nc2noc(C)c2C)c(COCC)c1,CYP2B6,0
CCCCC1=NC2(CCCC2)C(=O)N1Cc1ccc(-c2ccccc2S(=O)(=O)Nc2noc(C)c2C)c(COCC)c1,CYP2C19,0
CCCCC1=NC2(CCCC2)C(=O)N1Cc1ccc(-c2ccccc2S(=O)(=O)Nc2noc(C)c2C)c(COCC)c1,CYP2C8,0
CCCCC1=NC2(CCCC2)C(=O)N1Cc1ccc(-c2ccccc2S(=O)(=O)Nc2noc(C)c2C)c(COCC)c1,CYP2C9,1
CCCCC1=NC2(CCCC2)C(=O)N1Cc1ccc(-c2ccccc2S(=O)(=O)Nc2noc(C)c2C)c(COCC)c1,CYP2D6,0
CCCCC1=NC2(CCCC2)C(=O)N1Cc1ccc(-c2ccccc2S(=O)(=O)Nc2noc(C)c2C)c(COCC)c1,CYP3A4,1
CCCCC1OC(=O)c2ccccc21,CYP1A2,1
CCCCC1OC(=O)c2ccccc21,CYP2A6,1
CCCCC1OC(=O)c2ccccc21,CYP2B6,1
CCCCC1OC(=O)c2ccccc21,CYP2C19,1
CCCCC1OC(=O)c2ccccc21,CYP2E1,1
CCCCC1OC(=O)c2ccccc21,CYP3A4,1
CCCCCC(=O)/C=C/C1C(O)CC(=O)C1CC=CCCCC(=O)O,CYP3A4,0
CCCCCC(=O)CC(=O)N[C@H]1CCOC1=O,CYP3A4,0
CCCCCC(=O)OCC(=O)[C@H]1[C@H](C)C[C@H]2[C@@H]3C[C@H](F)C4=CC(=O)C=C[C@]4(C)[C@H]3[C@@H](O)C[C@@]21C,CYP2C19,0
CCCCCC(=O)OCC(=O)[C@H]1[C@H](C)C[C@H]2[C@@H]3C[C@H](F)C4=CC(=O)C=C[C@]4(C)[C@H]3[C@@H](O)C[C@@]21C,CYP2C8,0
CCCCCC(=O)O[C@]1(C(C)=O)CC[C@H]2[C@@H]3CCC4=CC(=O)CC[C@]4(C)[C@H]3CC[C@@]21C,CYP3A4,1
CCCCCC(C)N,CYP2A6,0
CCCCCC(C)N,CYP2C8,0
CCCCCC(CCCCC)Sc1[nH]nnc1C(=O)O,CYP2C19,0
CCCCCC(CCCCC)Sc1[nH]nnc1C(=O)O,CYP2C8,0
CCCCCC(O)/C=C/C=O,CYP2B6,1
CCCCCC(O)/C=C/C=O,CYP3A4,1
CCCCCCCC(=O)CC[C@@H]1[C@@H](C/C=C\CCCC(=O)O)[C@@H](O)C[C@H]1O,CYP3A4,0
CCCCCCCC(=O)N[C@H]1CCOC1=O,CYP3A4,0
CCCCCCCC(C)O,CYP1A2,0
CCCCCCCC(C)O,CYP2B6,1
CCCCCCCC(C)O,CYP2E1,1
CCCCCCCC/N=C1\OC[C@@H]2[C@@H](O)[C@H](O)[C@@H](O)[C@H](O)N12,CYP2A6,0
CCCCCCCC/N=C1\OC[C@@H]2[C@@H](O)[C@H](O)[C@@H](O)[C@H](O)N12,CYP2C19,0
CCCCCCCCC,CYP1A2,1
CCCCCCCCC,CYP2A6,0
CCCCCCCCC,CYP2B6,1
CCCCCCCCC,CYP2C19,0
CCCCCCCCC,CYP2C8,0
CCCCCCCCC,CYP2C9,0
CCCCCCCCC,CYP2D6,0
CCCCCCCCC,CYP2E1,1
CCCCCCCCC,CYP3A4,0
CCCCCCCCC/C(=C\C1=C(C)C(=O)C(OC)=C(OC)C1=O)C(=O)O,CYP2D6,0
CCCCCCCCCC(=O)CC(=O)N[C@H]1CCNC1=O,CYP3A4,0
CCCCCCCCCC(=O)O[C@H]1CC[C@H]2[C@@H]3CCC4=CC(=O)CC[C@@H]4[C@H]3CC[C@]12C,CYP3A4,0
CCCCCCCCCC1=C(C)C(=O)C(C)=C(C)C1=O,CYP2D6,0
CCCCCCCCCC1=C(C)C(=O)C(C)=C(C)C1=O,CYP3A4,0
CCCCCCCCCCC(=O)O[C@H]1CC[C@H]2[C@H]3[C@H]([C@@H](C)C[C@]12C)[C@H]1CCC(=O)C=C1C[C@H]3C,CYP3A4,0
CCCCCCCCCCC1=C(C)C(=O)C(OC)=C(OC)C1=O,CYP2E1,0
CCCCCCCCCCC1=C(C)C(=O)C(OC)=C(OC)C1=O,CYP3A4,0
CCCCCCCCCCC1=C(O)C(=O)NC1=O,CYP2D6,0
CCCCCCCCCCC1=C(O)C(=O)NC1=O,CYP3A4,0
CCCCCCCCCCC=O,CYP1A2,0
CCCCCCCCCCC=O,CYP3A4,0
CCCCCCCCCCCC(=O)N[C@@H](Cc1ccc(O)cc1)C(=O)O,CYP2D6,0
CCCCCCCCCCCC(=O)O,CYP2B6,1
CCCCCCCCCCCC(=O)O,CYP2C8,1
CCCCCCCCCCCC(=O)O,CYP2C9,1
CCCCCCCCCCCC(=O)O,CYP2E1,1
CCCCCCCCCCCCCC(=O)O[C@@H]1[C@@H](CC(=O)NO)CO[C@H](CO)[C@H]1O,CYP3A4,0
CCCCCCCCCCCCCCCC(=O)NCCO,CYP2C8,0
CCCCCCCCCCCCCCCC(=O)NCCO,CYP3A4,0
CCCCCCCCCCCCCCCC(=O)Nc1ccn([C@@H]2O[C@H](CO)[C@@H](O)[C@@H]2C#N)c(=O)n1,CYP1A2,0
CCCCCCCCCCCCCCCC(=O)Nc1ccn([C@@H]2O[C@H](CO)[C@@H](O)[C@@H]2C#N)c(=O)n1,CYP3A4,0
CCCCCCCCCCCCCCCC(=O)OC[C@H](O)[C@@H](O)/C(O)=C(/O)C(=O)O,CYP2C19,0
CCCCCCCCCCCCCCCC(=O)OC[C@H](O)[C@@H](O)/C(O)=C(/O)C(=O)O,CYP3A4,0
CCCCCCCCCCCCCCCCCCOCCOP(=O)(O)OC[C@H]1O[C@@H](n2ccc(N)nc2=O)C(F)(F)[C@@H]1O,CYP1A2,0
CCCCCCCCCCCCCCCCCCOCCOP(=O)(O)OC[C@H]1O[C@@H](n2ccc(N)nc2=O)C(F)(F)[C@@H]1O,CYP2B6,0
CCCCCCCCCCCCCCCCCCOCCOP(=O)(O)OC[C@H]1O[C@@H](n2ccc(N)nc2=O)C(F)(F)[C@@H]1O,CYP2C19,0
CCCCCCCCCCCCCCCCCCOCCOP(=O)(O)OC[C@H]1O[C@@H](n2ccc(N)nc2=O)C(F)(F)[C@@H]1O,CYP2C8,0
CCCCCCCCCCCCCCCCCCOCCOP(=O)(O)OC[C@H]1O[C@@H](n2ccc(N)nc2=O)C(F)(F)[C@@H]1O,CYP2C9,0
CCCCCCCCCCCCCCCCCCOCCOP(=O)(O)OC[C@H]1O[C@@H](n2ccc(N)nc2=O)C(F)(F)[C@@H]1O,CYP2D6,0
CCCCCCCCCCCCCCCCCCOCCOP(=O)(O)OC[C@H]1O[C@@H](n2ccc(N)nc2=O)C(F)(F)[C@@H]1O,CYP3A4,1
CCCCCCCCCCCCCCCCS(=O)(=O)OC[C@H](N)C(=O)O,CYP1A2,0
CCCCCCCCCCCCCCCCS(=O)(=O)OC[C@H](N)C(=O)O,CYP3A4,0
CCCCCCCCCCCCCCN1CC=C(c2ccccc2)CC1,CYP2D6,1
CCCCCCCCCCCCC[N+](C)(C)Cc1ccccc1,CYP2D6,1
CCCCCCCCCCCCOC(=O)CN(C)C(=N)N,CYP2C8,0
CCCCCCCCCCCCOC(=O)CN(C)C(=N)N,CYP2C9,0
CCCCCCCCCCCCOC(=O)CN(C)C(=N)N,CYP2E1,0
CCCCCCCCCCCCSc1[nH]nnc1C(=O)O,CYP2C19,0
CCCCCCCCCCCN1CC=C(c2ccccc2)CC1,CYP2D6,1
CCCCCCCCCCC[C@@H](O)CC(=O)O,CYP1A2,0
CCCCCCCCCCC[C@@H](O)CC(=O)O,CYP2D6,0
CCCCCCCCCCC[C@@H](O)CC(=O)O,CYP3A4,0
CCCCCCCCCCC[P@](=O)(O)OC,CYP2A6,0
CCCCCCCCCCC[P@](=O)(O)OC,CYP3A4,0
CCCCCCCCCCNCCSC[C@H]1O[C@@H](n2cnc3c(N)ncnc32)[C@H](O)[C@@H]1O,CYP2A6,0
CCCCCCCCCCNCCSC[C@H]1O[C@@H](n2cnc3c(N)ncnc32)[C@H](O)[C@@H]1O,CYP2B6,0
CCCCCCCCCCNCCSC[C@H]1O[C@@H](n2cnc3c(N)ncnc32)[C@H](O)[C@@H]1O,CYP3A4,0
CCCCCCCCCCOC=O,CYP1A2,0
CCCCCCCCCCOC=O,CYP3A4,0
CCCCCCCCCCP(C)(C)=O,CYP2C8,0
CCCCCCCCCCP(C)(C)=O,CYP3A4,0
CCCCCCCCCN1CC=C(c2ccccc2)CC1,CYP2D6,1
CCCCCCCCCN1C[C@H](O)[C@@H](O)[C@H](O)[C@H]1CO,CYP3A4,0
CCCCCCCCC[C@H](O)CC(=O)CCc1ccc(O)c(OC)c1,CYP1A2,1
CCCCCCCCC[C@H](O)CC(=O)CCc1ccc(O)c(OC)c1,CYP2B6,1
CCCCCCCCC[C@H](O)CC(=O)CCc1ccc(O)c(OC)c1,CYP2C19,1
CCCCCCCCC[C@H](O)CC(=O)CCc1ccc(O)c(OC)c1,CYP2E1,1
CCCCCCCCCc1ccc(O)cc1,CYP1A2,1
CCCCCCCCCc1ccc(O)cc1,CYP2C19,1
CCCCCCCCCc1ccc(O)cc1,CYP2D6,1
CCCCCCCCCc1ccc(O)cc1,CYP2E1,1
CCCCCCCCCc1ccc(O)cc1,CYP3A4,1
CCCCCCCCN1CC=C(c2ccccc2)CC1,CYP2D6,1
CCCCCCCCN=C(N)NC(N)=NCc1ccc(Cl)c(Cl)c1,CYP3A4,1
CCCCCCCCNC(=S)N1[C@@H]2OC[C@H]1[C@@H](O)[C@H](O)[C@H]2O,CYP2C8,0
CCCCCCCCNC(=S)N1[C@@H]2OC[C@H]1[C@@H](O)[C@H](O)[C@H]2O,CYP2D6,0
CCCCCCCCO,CYP2A6,0
CCCCCCCCO,CYP2B6,0
CCCCCCCCO,CYP3A4,0
CCCCCCCCOCCOCCOCCOCCO,CYP2B6,0
CCCCCCCCOCCOCCOCCOCCO,CYP2C8,0
CCCCCCCCOCCOCCOCCOCCO,CYP3A4,0
CCCCCCCCO[C@@H]1O[C@H](CO)[C@H](O)C[C@H]1O[C@@H]1O[C@@H](C)[C@@H](O)[C@@H](O)[C@@H]1O,CYP3A4,0
CCCCCCCCO[C@@H]1O[C@H](CO)[C@H](O)[C@H](N)[C@H]1O,CYP3A4,0
CCCCCCCCO[C@@H]1O[C@H](CO)[C@H](O)[C@H](N)[C@H]1O[C@H]1C[C@H](O)[C@H](O)[C@H](C)O1,CYP2A6,0
CCCCCCCCO[C@@H]1O[C@H](CO)[C@H](O)[C@H](N)[C@H]1O[C@H]1C[C@H](O)[C@H](O)[C@H](C)O1,CYP3A4,0
CCCCCCCCO[C@@H]1[C@@H](O)[C@H](O)[C@@H](CO)O[C@H]1O,CYP3A4,0
CCCCCCCCc1ccc(CCC(N)(CO)CO)cc1,CYP1A2,0
CCCCCCCCc1ccc(CCC(N)(CO)CO)cc1,CYP2A6,0
CCCCCCCCc1ccc(CCC(N)(CO)CO)cc1,CYP2B6,0
CCCCCCCCc1ccc(CCC(N)(CO)CO)cc1,CYP2C19,0
CCCCCCCCc1ccc(CCC(N)(CO)CO)cc1,CYP2C8,0
CCCCCCCCc1ccc(CCC(N)(CO)CO)cc1,CYP2C9,0
CCCCCCCCc1ccc(CCC(N)(CO)CO)cc1,CYP2D6,1
CCCCCCCCc1ccc(CCC(N)(CO)CO)cc1,CYP2E1,1
CCCCCCCN1CC=C(c2ccccc2)CC1,CYP2D6,1
CCCCCCCOc1ccc(CCC(N)(CO)CO)cc1C(F)(F)F,CYP2B6,0
CCCCCCCOc1cccc(C(=O)O)c1,CYP2B6,0
CCCCCCC[C@H](O)CC(=O)CCc1ccc(O)c(OC)c1,CYP1A2,1
CCCCCCC[C@H](O)CC(=O)CCc1ccc(O)c(OC)c1,CYP2C19,1
CCCCCCC[C@H](O)CC(=O)CCc1ccc(O)c(OC)c1,CYP2E1,1
CCCCCCN1C(=O)/C(=N\NC(=O)c2ccccc2)c2ccccc21,CYP1A2,1
CCCCCCN1C(=O)/C(=N\NC(=O)c2ccccc2)c2ccccc21,CYP2C19,1
CCCCCCN1C(=O)/C(=N\NC(=O)c2ccccc2)c2ccccc21,CYP2C9,1
CCCCCCN1C(=O)/C(=N\NC(=O)c2ccccc2)c2ccccc21,CYP3A4,1
CCCCCCOC(=O)NC(=N)c1ccc(NCc2nc3cc(C(=O)N(CCC(=O)OCC)c4ccccn4)ccc3n2C)cc1,CYP1A2,0
CCCCCCOC(=O)NC(=N)c1ccc(NCc2nc3cc(C(=O)N(CCC(=O)OCC)c4ccccn4)ccc3n2C)cc1,CYP2A6,0
CCCCCCOC(=O)NC(=N)c1ccc(NCc2nc3cc(C(=O)N(CCC(=O)OCC)c4ccccn4)ccc3n2C)cc1,CYP2B6,0
CCCCCCOC(=O)NC(=N)c1ccc(NCc2nc3cc(C(=O)N(CCC(=O)OCC)c4ccccn4)ccc3n2C)cc1,CYP2C19,0
CCCCCCOC(=O)NC(=N)c1ccc(NCc2nc3cc(C(=O)N(CCC(=O)OCC)c4ccccn4)ccc3n2C)cc1,CYP2C9,0
CCCCCCOC(=O)NC(=N)c1ccc(NCc2nc3cc(C(=O)N(CCC(=O)OCC)c4ccccn4)ccc3n2C)cc1,CYP2D6,0
CCCCCCOC(=O)NC(=N)c1ccc(NCc2nc3cc(C(=O)N(CCC(=O)OCC)c4ccccn4)ccc3n2C)cc1,CYP2E1,0
CCCCCCO[C@@H]1O[C@H](CO)[C@H](O)C[C@H]1O,CYP2C8,0
CCCCCCO[C@@H]1O[C@H](CO)[C@H](O)C[C@H]1O,CYP3A4,0
CCCCCCOc1ccc2ccc(=O)oc2c1,CYP3A4,1
CCCCCCP(=O)(O)O[C@H]1C[C@@H](C)CC[C@@H]1C(C)C,CYP2C8,0
CCCCCC[C@H]([C@H](C)O)n1cnc2c(N)ncnc21,CYP2C19,0
CCCCCC[P@](=O)(O)OCC,CYP2A6,0
CCCCCC[P@](=O)(O)OCC,CYP3A4,0
CCCCCCn1c(=O)c2c(ncn2C)n(C)c1=O,CYP3A4,1
CCCCCN(CCCCC)N=O,CYP1A2,1
CCCCCN(CCCCC)N=O,CYP2A6,1
CCCCCN(CCCCC)N=O,CYP2B6,1
CCCCCN(CCCCC)N=O,CYP2C19,1
CCCCCN(CCCCC)N=O,CYP2C8,0
CCCCCN(CCCCC)N=O,CYP2C9,1
CCCCCN(CCCCC)N=O,CYP2D6,1
CCCCCN(CCCCC)N=O,CYP2E1,1
CCCCCN(CCCCC)N=O,CYP3A4,1
CCCCCN(CCCOC)C(=O)[C@@H](CCC(=O)O)NC(=O)c1ccc(Cl)c(Cl)c1,CYP2B6,1
CCCCCN(CCCOC)C(=O)[C@@H](CCC(=O)O)NC(=O)c1ccc(Cl)c(Cl)c1,CYP2C8,1
CCCCCN(CCCOC)C(=O)[C@@H](CCC(=O)O)NC(=O)c1ccc(Cl)c(Cl)c1,CYP2C9,1
CCCCCN(CCCOC)C(=O)[C@@H](CCC(=O)O)NC(=O)c1ccc(Cl)c(Cl)c1,CYP3A4,1
CCCCCN1C(=O)/C(=N\NC(=O)c2ccccc2)c2ccccc21,CYP1A2,1
CCCCCN1C(=O)/C(=N\NC(=O)c2ccccc2)c2ccccc21,CYP3A4,1
CCCCCN1CC=C(c2ccccc2)CC1,CYP2D6,1
CCCCCNC(=N)N/N=C/c1c[nH]c2ccc(OC)cc12,CYP2D6,1
CCCCCOC(=O)C(C)Sc1n[nH]c(=O)[nH]c1=O,CYP2C8,0
CCCCCOc1ccc2ccc(=O)oc2c1,CYP3A4,1
CCCCCOc1ccc2nc3ccc(=O)cc-3oc2c1,CYP1A2,1
CCCCCOc1ccc2nc3ccc(=O)cc-3oc2c1,CYP2B6,1
CCCCCOc1ccc2nc3ccc(=O)cc-3oc2c1,CYP2D6,1
CCCCCOc1ccc2nc3ccc(=O)cc-3oc2c1,CYP3A4,1
CCCCC[C@@H](O)/C=C/c1ccccc1/C=C/[C@@H](O)[C@@H](O)CCCC(=O)O,CYP2C19,0
CCCCC[C@@H](O)/C=C/c1ccccc1/C=C/[C@@H](O)[C@@H](O)CCCC(=O)O,CYP2C9,0
CCCCC[C@@](C)(O)/C=C/[C@@H]1[C@@H](CC=C=CCCC(=O)OC)[C@@H](O)C[C@H]1O,CYP3A4,0
CCCCC[C@H](CC(=O)NO)C(=O)N[C@H](C(=O)N1CCC[C@H]1CO)C(C)C,CYP2C9,0
CCCCC[C@H](O)/C=C/C1=C(C/C=C\CCCC(=O)O)C(=O)CC1,CYP2C8,0
CCCCC[C@H](O)/C=C/C1=C(C/C=C\CCCC(=O)O)C(=O)CC1,CYP3A4,0
CCCCC[C@H](O)/C=C/C=C\CCCCCCCC(=O)O,CYP2C8,0
CCCCC[C@H](O)/C=C/C=C\CCCCCCCC(=O)O,CYP3A4,0
CCCCC[C@H](O)/C=C/[C@@H]1[C@@H](C/C=C\CCCC(=O)O)[C@@H]2C[C@H]1OO2,CYP1A2,1
CCCCC[C@H](O)/C=C/[C@@H]1[C@@H](C/C=C\CCCC(=O)O)[C@@H]2C[C@H]1OO2,CYP2C19,1
CCCCC[C@H](O)/C=C/[C@@H]1[C@@H](C/C=C\CCCC(=O)O)[C@@H]2C[C@H]1OO2,CYP2E1,1
CCCCC[C@H](O)/C=C/[C@@H]1[C@@H](C/C=C\CCCC(=O)O)[C@@H]2C[C@H]1OO2,CYP3A4,1
CCCCC[C@H](O)/C=C/[C@@H]1[C@@H](C/C=C\CCCC(=O)O)[C@H]2CO[C@@H]1C2,CYP2C19,1
CCCCC[C@H](O)/C=C/[C@H]1C(=O)C[C@H](O)[C@@H]1C/C=C\CCCC(=O)O,CYP2C19,0
CCCCC[C@H](O)/C=C/[C@H]1C(=O)C[C@H](O)[C@@H]1C/C=C\CCCC(=O)O,CYP3A4,0
CCCCC[C@H](O)/C=C/[C@H]1[C@@H]2CO[C@@H](C2)[C@@H]1C/C=C\CCCC(=O)O,CYP2C19,1
CCCCC[C@H](O)/C=C/[C@H]1[C@H](O)CC(=O)[C@@H]1CCCCCCC(=O)O,CYP2C19,0
CCCCC[C@H](O)/C=C/[C@H]1[C@H](O)CC(=O)[C@@H]1CCCCCCC(=O)O,CYP3A4,0
CCCCC[C@H](O)CC(=O)CCc1ccc(O)c(OC)c1,CYP1A2,1
CCCCC[C@H](O)CC(=O)CCc1ccc(O)c(OC)c1,CYP2C19,1
CCCCC[C@H](O)CC[C@@H]1[C@H]2Cc3cccc(OCC(=O)O)c3C[C@H]2C[C@H]1O,CYP2C8,1
CCCCC[C@H](O)CC[C@@H]1[C@H]2Cc3cccc(OCC(=O)O)c3C[C@H]2C[C@H]1O,CYP2C9,1
CCCCC[C@](C)(O)/C=C/[C@@H]1[C@@H](C/C=C\CCCC(=O)O)[C@@H](O)C[C@H]1O,CYP3A4,0
CCCCCc1cc(O)c(C/C=C(\C)CCC=C(C)C)c(O)c1,CYP1A2,0
CCCCCc1cc(O)c(C/C=C(\C)CCC=C(C)C)c(O)c1,CYP2A6,0
CCCCCc1cc(O)c(C/C=C(\C)CCC=C(C)C)c(O)c1,CYP2C8,0
CCCCCc1cc(O)c(C/C=C(\C)CCC=C(C)C)c(O)c1,CYP2D6,1
CCCCCc1cc(O)c(C/C=C(\C)CCC=C(C)C)c(O)c1,CYP2E1,0
CCCCCc1cc(O)c(C/C=C(\C)CCC=C(C)C)c(O)c1,CYP3A4,0
CCCCCc1cc(O)c2c(c1)OC(C)(C)[C@@H]1CC=C(C=O)C[C@@H]21,CYP2A6,0
CCCCCc1cc(O)c2c(c1)OC(C)(C)[C@@H]1CC=C(C=O)C[C@@H]21,CYP2B6,0
CCCCCc1cc(O)c2c(c1)OC(C)(C)[C@@H]1CC=C(C=O)C[C@@H]21,CYP2C19,1
CCCCCc1cc(O)c2c(c1)OC(C)(C)[C@@H]1CC=C(C=O)C[C@@H]21,CYP2C8,1
CCCCCc1cc(O)c2c(c1)OC(C)(C)[C@@H]1CC=C(C=O)C[C@@H]21,CYP2C9,1
CCCCCc1cc(O)c2c(c1)OC(C)(C)[C@@H]1CC=C(C=O)C[C@@H]21,CYP2E1,0
CCCCCc1cc(O)c2c(c1)OC(C)(C)[C@@H]1CC=C(C=O)C[C@@H]21,CYP3A4,1
CCCCCc1cc(O)c2c(c1)OC(C)(C)[C@@H]1CCC(C)=C[C@@H]21,CYP2C19,1
CCCCCc1cc(O)c2c(c1)OC(C)(C)[C@@H]1CCC(C)=C[C@@H]21,CYP2C9,1
CCCCCc1cc(O)c2c(c1)OC(C)(C)[C@@H]1CCC(C)=C[C@@H]21,CYP3A4,1
CCCCCc1cc(O)c2c(c1)OC(C)(C)[C@@H]1[C@@H](O)C=C(C)C[C@@H]21,CYP2C8,1
CCCCCc1cc(O)c2c(c1)OC(C)(C)[C@@H]1[C@@H](O)C=C(C)C[C@@H]21,CYP3A4,1
CCCCCc1cc(O)c2c(c1)OC(C)(C)c1ccc(C)cc1-2,CYP2A6,0
CCCCCc1cc(O)c2c(c1)OC(C)(C)c1ccc(C)cc1-2,CYP2B6,0
CCCCCc1cc(O)c2c(c1)OC(C)(C)c1ccc(C)cc1-2,CYP2C19,1
CCCCCc1cc(O)c2c(c1)OC(C)(C)c1ccc(C)cc1-2,CYP2C9,1
CCCCCc1cc(O)c2c(c1)OC(C)(C)c1ccc(C)cc1-2,CYP2D6,1
CCCCCc1cc(O)c2c(c1)OC(C)(C)c1ccc(C)cc1-2,CYP2E1,0
CCCCCc1cc(O)c2c(c1)OC(C)(CCC=C(C)C)C=C2,CYP2A6,0
CCCCCc1cc(O)c2c(c1)OC(C)(CCC=C(C)C)C=C2,CYP2B6,1
CCCCCc1cc(O)c2c(c1)OC(C)(CCC=C(C)C)C=C2,CYP2C19,1
CCCCCc1cc(O)c2c(c1)OC(C)(CCC=C(C)C)C=C2,CYP2C9,0
CCCCCc1cc(O)c2c(c1)OC(C)(CCC=C(C)C)C=C2,CYP2E1,0
CCCCCc1cc(O)c2c(c1)OC(C)(CCC=C(C)C)C=C2,CYP3A4,1
CCCCCc1cccc(CC(=O)O)c1,CYP3A4,0
CCCCCn1c2ccccc2c2cc(C(=O)c3cccc4ccccc34)ccc21,CYP1A2,1
CCCCCn1c2ccccc2c2cc(C(=O)c3cccc4ccccc34)ccc21,CYP2C19,1
CCCCCn1c2ccccc2c2cc(C(=O)c3cccc4ccccc34)ccc21,CYP2C9,1
CCCCCn1c2ccccc2c2cc(C(=O)c3cccc4ccccc34)ccc21,CYP2D6,1
CCCCCn1c2ccccc2c2cc(C(=O)c3cccc4ccccc34)ccc21,CYP3A4,1
CCCCCn1cc(C(=O)C2C(C)(C)C2(C)C)c2ccccc21,CYP2C19,1
CCCCCn1cc(C(=O)C2C(C)(C)C2(C)C)c2ccccc21,CYP2D6,1
CCCCCn1cc(C(=O)C2C(C)(C)C2(C)C)c2ccccc21,CYP3A4,1
CCCCCn1cc(C(=O)c2cccc3ccccc23)c2ccccc21,CYP1A2,1
CCCCCn1cc(C(=O)c2cccc3ccccc23)c2ccccc21,CYP2C19,1
CCCCCn1cc(C(=O)c2cccc3ccccc23)c2ccccc21,CYP2C9,1
CCCCCn1nc(C(=O)NC23CC4CC(CC(C4)C2)C3)c2ccccc21,CYP2C19,1
CCCCCn1nc(C(=O)NC23CC4CC(CC(C4)C2)C3)c2ccccc21,CYP2D6,1
CCCCCn1nc(C(=O)NC23CC4CC(CC(C4)C2)C3)c2ccccc21,CYP2E1,0
CCCCCn1nc(C(=O)NC23CC4CC(CC(C4)C2)C3)c2ccccc21,CYP3A4,1
CCCCCn1nc(C(=O)c2cccc3ccccc23)c2ccccc21,CYP2B6,1
CCCCCn1nc(C(=O)c2cccc3ccccc23)c2ccccc21,CYP2C19,1
CCCCCn1nc(C(=O)c2cccc3ccccc23)c2ccccc21,CYP3A4,1
CCCCN(C(=O)CCC(=O)O)C1CC(=O)N(c2ccc(OCCC)cc2)C1=O,CYP2A6,0
CCCCN(C(=O)CCC(=O)O)C1CC(=O)N(c2ccc(OCCC)cc2)C1=O,CYP2B6,0
CCCCN(C)N=O,CYP1A2,1
CCCCN(C)N=O,CYP2A6,1
CCCCN(C)N=O,CYP2B6,1
CCCCN(C)N=O,CYP2C19,1
CCCCN(C)N=O,CYP2C8,1
CCCCN(C)N=O,CYP2C9,1
CCCCN(C)N=O,CYP2D6,1
CCCCN(C)N=O,CYP2E1,1
CCCCN(C)N=O,CYP3A4,1
CCCCN(CCCC)C(=O)/C=C/C=C/c1ccc(OC)cc1,CYP1A2,0
CCCCN(CCCC)C(=O)/C=C/C=C/c1ccc(OC)cc1,CYP2A6,0
CCCCN(CCCC)C(=O)/C=C/C=C/c1ccc(OC)cc1,CYP2C8,0
CCCCN(CCCC)C(=O)/C=C/C=C/c1ccc(OC)cc1,CYP2C9,1
CCCCN(CCCC)C(=O)/C=C/C=C/c1ccc(OC)cc1,CYP2D6,0
CCCCN(CCCC)C(=O)/C=C/C=C/c1ccc(OC)cc1,CYP3A4,1
CCCCN(CCCC)C(=O)/C=C/C=C/c1ccc2c(c1)OCO2,CYP1A2,0
CCCCN(CCCC)C(=O)/C=C/C=C/c1ccc2c(c1)OCO2,CYP2A6,0
CCCCN(CCCC)C(=O)/C=C/C=C/c1ccc2c(c1)OCO2,CYP2C8,0
CCCCN(CCCC)C(=O)/C=C/C=C/c1ccc2c(c1)OCO2,CYP2C9,1
CCCCN(CCCC)C(=O)/C=C/C=C/c1ccc2c(c1)OCO2,CYP2D6,0
CCCCN(CCCC)C(=O)/C=C/C=C/c1ccc2c(c1)OCO2,CYP3A4,0
CCCCN(CCCC)C(=O)/C=C/C=C/c1ccsc1,CYP1A2,1
CCCCN(CCCC)C(=O)/C=C/C=C/c1ccsc1,CYP2A6,0
CCCCN(CCCC)C(=O)/C=C/C=C/c1ccsc1,CYP2C8,0
CCCCN(CCCC)C(=O)/C=C/C=C/c1ccsc1,CYP2C9,1
CCCCN(CCCC)C(=O)/C=C/C=C/c1ccsc1,CYP2D6,0
CCCCN(CCCC)C(=O)/C=C/C=C/c1ccsc1,CYP3A4,0
CCCCN(CCCC)CCC(O)c1cc2c(Cl)cc(Cl)cc2c2cc(C(F)(F)F)ccc12,CYP2C19,0
CCCCN(CCCC)CCC(O)c1cc2c(Cl)cc(Cl)cc2c2cc(C(F)(F)F)ccc12,CYP2C8,1
CCCCN(CCCC)CCC(O)c1cc2c(Cl)cc(Cl)cc2c2cc(C(F)(F)F)ccc12,CYP2D6,0
CCCCN(CCCC)CCC(O)c1cc2c(Cl)cc(Cl)cc2c2cc(C(F)(F)F)ccc12,CYP3A4,1
CCCCN(CCCC)CCCOc1ccc(C(=O)O)cc1,CYP1A2,0
CCCCN(CCCC)CCCOc1ccc(C(=O)O)cc1,CYP2A6,0
CCCCN(CCCC)CCCOc1ccc(C(=O)O)cc1,CYP2B6,0
CCCCN(CCCC)CCCOc1ccc(C(=O)O)cc1,CYP2C19,0
CCCCN(CCCC)CCCOc1ccc(C(=O)O)cc1,CYP2C8,0
CCCCN(CCCC)CCCOc1ccc(C(=O)O)cc1,CYP2C9,0
CCCCN(CCCC)CCCOc1ccc(C(=O)O)cc1,CYP2D6,0
CCCCN(CCCC)CCCOc1ccc(C(=O)O)cc1,CYP2E1,0
CCCCN(CCCC)CCCOc1ccc(C(=O)O)cc1,CYP3A4,0
CCCCN(CCCC)N=O,CYP2A6,1
CCCCN(CCCC)N=O,CYP2E1,1
CCCCN(CCCC)SN(C)C(=O)Oc1cccc2c1OC(C)(C)C2,CYP2B6,1
CCCCN(CCCC)SN(C)C(=O)Oc1cccc2c1OC(C)(C)C2,CYP2E1,0
CCCCN(CCCC)SN(C)C(=O)Oc1cccc2c1OC(C)(C)C2,CYP3A4,1
CCCCN(CCN(CC)CC)C(=O)c1cccc2ccccc12,CYP2E1,0
CCCCN1CCCCC1C(=O)Nc1c(C)cccc1C,CYP1A2,0
CCCCN1CCCCC1C(=O)Nc1c(C)cccc1C,CYP2C19,1
CCCCN1CCCCC1C(=O)Nc1c(C)cccc1C,CYP2D6,1
CCCCN1CCCCC1C(=O)Nc1c(C)cccc1C,CYP2E1,0
CCCCN1CCCCC1C(=O)Nc1c(C)cccc1C,CYP3A4,1
CCCCN1C[C@H](O)[C@@H](O)[C@H](O)[C@H]1CO,CYP3A4,0
CCCCNC(=O)C(=O)N/N=C/c1ccc(C(=O)OC)cc1,CYP2C8,0
CCCCNC(=O)NS(=O)(=O)c1ccc(C)cc1,CYP2C19,1
CCCCNC(=O)NS(=O)(=O)c1ccc(C)cc1,CYP2C8,1
CCCCNC(=O)NS(=O)(=O)c1ccc(C)cc1,CYP2C9,1
CCCCNC(C)Cc1ccc(OC)cc1,CYP2D6,1
CCCCNC(C)Cc1ccccc1,CYP2D6,1
CCCCNCC(=O)Nc1c(C)cccc1Cl,CYP2E1,0
CCCCNCCCOc1ccc(C(=O)c2c(CCCC)oc3ccc(NS(C)(=O)=O)cc23)cc1,CYP1A2,0
CCCCNCCCOc1ccc(C(=O)c2c(CCCC)oc3ccc(NS(C)(=O)=O)cc23)cc1,CYP2A6,0
CCCCNCCCOc1ccc(C(=O)c2c(CCCC)oc3ccc(NS(C)(=O)=O)cc23)cc1,CYP2B6,0
CCCCNCCCOc1ccc(C(=O)c2c(CCCC)oc3ccc(NS(C)(=O)=O)cc23)cc1,CYP2C19,0
CCCCNCCCOc1ccc(C(=O)c2c(CCCC)oc3ccc(NS(C)(=O)=O)cc23)cc1,CYP2C8,0
CCCCNCCCOc1ccc(C(=O)c2c(CCCC)oc3ccc(NS(C)(=O)=O)cc23)cc1,CYP2C9,0
CCCCNCCCOc1ccc(C(=O)c2c(CCCC)oc3ccc(NS(C)(=O)=O)cc23)cc1,CYP2D6,1
CCCCNCCCOc1ccc(C(=O)c2c(CCCC)oc3ccc(NS(C)(=O)=O)cc23)cc1,CYP2E1,0
CCCCNCc1cc(=O)oc2cc(OC)ccc12,CYP1A2,1
CCCCNCc1cc(=O)oc2cc(OC)ccc12,CYP2C19,1
CCCCNCc1cc(=O)oc2cc(OC)ccc12,CYP2C9,1
CCCCNCc1cc(=O)oc2cc(OC)ccc12,CYP2D6,1
CCCCOC(=O)CCC(=O)OCCCC,CYP2A6,0
CCCCOC(=O)CCC(=O)OCCCC,CYP3A4,0
CCCCOC(=O)NC1(C)CCS(=O)(=O)C1,CYP1A2,0
CCCCOC(=O)c1ccccc1C(=O)OCCCC,CYP2A6,0
CCCCOCN(C(=O)CCl)c1c(CC)cccc1CC,CYP1A2,0
CCCCOCN(C(=O)CCl)c1c(CC)cccc1CC,CYP2B6,1
CCCCOCN(C(=O)CCl)c1c(CC)cccc1CC,CYP2D6,0
CCCCOCN(C(=O)CCl)c1c(CC)cccc1CC,CYP2E1,0
CCCCOCN(C(=O)CCl)c1c(CC)cccc1CC,CYP3A4,1
CCCCO[C@@H]1[C@H](O)[C@@H](COP(=O)(O)O)O[C@H]1n1cc(C)c(=O)[nH]c1=O,CYP3A4,0
CCCCOc1c(OCCCC)c(=O)c1=O,CYP3A4,0
CCCCOc1ccc(Cc2nc3cc([N+](=O)[O-])ccc3n2CCN(CC)CC)cc1,CYP2A6,1
CCCCOc1ccc(Cc2nc3cc([N+](=O)[O-])ccc3n2CCN(CC)CC)cc1,CYP2B6,1
CCCCOc1ccc(Cc2nc3cc([N+](=O)[O-])ccc3n2CCN(CC)CC)cc1,CYP2C8,1
CCCCOc1ccc(Cc2nc3cc([N+](=O)[O-])ccc3n2CCN(CC)CC)cc1,CYP2D6,1
CCCCOc1ccc(Cc2nc3cc([N+](=O)[O-])ccc3n2CCN(CC)CC)cc1,CYP2E1,1
CCCCOc1ccc(Cc2nc3cc([N+](=O)[O-])ccc3n2CCN(CC)CC)cc1,CYP3A4,1
CCCCOc1ccc2cc(S(=O)(=O)N[C@H](CCC(=O)O)C(=O)O)ccc2c1,CYP2B6,0
CCCCOc1ccc2ccc(=O)oc2c1,CYP3A4,1
CCCCP(=O)(O)CCCN,CYP2C19,0
CCCCP(=O)(O)CCCN,CYP3A4,0
CCCCP(=O)(O)O,CYP2C19,0
CCCCP(=O)(O)O,CYP3A4,0
CCCC[C@@H](C=O)NC(=O)[C@H](CC(C)C)NC(=O)OCc1ccc(Br)cc1,CYP2C8,0
CCCC[C@@H](C=O)NC(=O)[C@H](CC(C)C)NC(=O)OCc1ccc(Br)cc1,CYP2E1,0
CCCC[C@H](C(=O)O)c1c[nH]c2ccccc12,CYP2D6,0
CCCC[C@H](C(=O)O)c1c[nH]c2ccccc12,CYP3A4,0
CCCC[C@H](C)C[C@H](O)/C=C/[C@H]1[C@H](O)CC(=O)[C@@H]1CCCC/C=C/C(=O)O,CYP3A4,0
CCCC[C@H](N)C(O)(O)CNC1CC1,CYP3A4,0
CCCC[C@H](N)P(=O)(O)O,CYP2D6,0
CCCC[C@H](N)P(=O)(O)O,CYP3A4,0
CCCC[C@H](NC(=O)CCC(=O)O)[P@@](=O)(O)Oc1ccccc1,CYP1A2,0
CCCC[C@H](NCc1c(COP(=O)(O)O)cnc(C)c1O)C(=O)O,CYP2D6,0
CCCC[C@H](OP(=O)(O)O)C(=O)N[C@@H](CC(C)C)C(=O)Nc1ccc([N+](=O)[O-])cc1,CYP2D6,0
CCCCc1nc(C)c(C/C(=[S+]/[O-])N(C)C)c(=O)n1Cc1ccc(-c2ccccc2-c2nn[nH]n2)cc1,CYP1A2,0
CCCCc1nc(C)c(C/C(=[S+]/[O-])N(C)C)c(=O)n1Cc1ccc(-c2ccccc2-c2nn[nH]n2)cc1,CYP2A6,0
CCCCc1nc(C)c(C/C(=[S+]/[O-])N(C)C)c(=O)n1Cc1ccc(-c2ccccc2-c2nn[nH]n2)cc1,CYP2B6,0
CCCCc1nc(C)c(C/C(=[S+]/[O-])N(C)C)c(=O)n1Cc1ccc(-c2ccccc2-c2nn[nH]n2)cc1,CYP2C19,0
CCCCc1nc(C)c(C/C(=[S+]/[O-])N(C)C)c(=O)n1Cc1ccc(-c2ccccc2-c2nn[nH]n2)cc1,CYP2C8,0
CCCCc1nc(C)c(C/C(=[S+]/[O-])N(C)C)c(=O)n1Cc1ccc(-c2ccccc2-c2nn[nH]n2)cc1,CYP2D6,0
CCCCc1nc(C)c(C/C(=[S+]/[O-])N(C)C)c(=O)n1Cc1ccc(-c2ccccc2-c2nn[nH]n2)cc1,CYP2E1,0
CCCCc1nc(C)c(C/C(=[S+]/[O-])N(C)C)c(=O)n1Cc1ccc(-c2ccccc2-c2nn[nH]n2)cc1,CYP3A4,1
CCCCc1nc(C)c(CC(=O)N(C)C)c(=O)n1Cc1ccc(-c2ccccc2-c2nn[nH]n2)cc1,CYP1A2,0
CCCCc1nc(C)c(CC(=O)N(C)C)c(=O)n1Cc1ccc(-c2ccccc2-c2nn[nH]n2)cc1,CYP2A6,0
CCCCc1nc(C)c(CC(=O)N(C)C)c(=O)n1Cc1ccc(-c2ccccc2-c2nn[nH]n2)cc1,CYP2B6,0
CCCCc1nc(C)c(CC(=O)N(C)C)c(=O)n1Cc1ccc(-c2ccccc2-c2nn[nH]n2)cc1,CYP2C19,0
CCCCc1nc(C)c(CC(=O)N(C)C)c(=O)n1Cc1ccc(-c2ccccc2-c2nn[nH]n2)cc1,CYP2C8,0
CCCCc1nc(C)c(CC(=O)N(C)C)c(=O)n1Cc1ccc(-c2ccccc2-c2nn[nH]n2)cc1,CYP2C9,0
CCCCc1nc(C)c(CC(=O)N(C)C)c(=O)n1Cc1ccc(-c2ccccc2-c2nn[nH]n2)cc1,CYP2D6,0
CCCCc1nc(C)c(CC(=O)N(C)C)c(=O)n1Cc1ccc(-c2ccccc2-c2nn[nH]n2)cc1,CYP2E1,0
CCCCc1nc(C)c(CC(=O)N(C)C)c(=O)n1Cc1ccc(-c2ccccc2-c2nn[nH]n2)cc1,CYP3A4,1
CCCCc1nc(C)c(CC(=S)N(C)C)c(=O)n1Cc1ccc(-c2ccccc2-c2nn[nH]n2)cc1,CYP1A2,0
CCCCc1nc(C)c(CC(=S)N(C)C)c(=O)n1Cc1ccc(-c2ccccc2-c2nn[nH]n2)cc1,CYP2A6,0
CCCCc1nc(C)c(CC(=S)N(C)C)c(=O)n1Cc1ccc(-c2ccccc2-c2nn[nH]n2)cc1,CYP2B6,0
CCCCc1nc(C)c(CC(=S)N(C)C)c(=O)n1Cc1ccc(-c2ccccc2-c2nn[nH]n2)cc1,CYP2C9,1
CCCCc1nc(C)c(CC(=S)N(C)C)c(=O)n1Cc1ccc(-c2ccccc2-c2nn[nH]n2)cc1,CYP2E1,0
CCCCc1nc(C)c(CC(=S)N(C)C)c(=O)n1Cc1ccc(-c2ccccc2-c2nn[nH]n2)cc1,CYP3A4,1
CCCCc1nc(Cl)c(C=O)n1Cc1ccc(-c2ccccc2-c2nnn[nH]2)cc1,CYP2C9,1
CCCCc1nc(Cl)c(C=O)n1Cc1ccc(-c2ccccc2-c2nnn[nH]2)cc1,CYP3A4,1
CCCCc1nc(Cl)c(CO)n1Cc1ccc(-c2ccccc2-c2nn[nH]n2)cc1,CYP2C9,1
CCCCc1nc(Cl)c(CO)n1Cc1ccc(-c2ccccc2-c2nn[nH]n2)cc1,CYP3A4,1
CCCCc1nc(Cl)c(CO)n1Cc1ccc(-c2ccccc2-c2nnn[nH]2)cc1,CYP2C9,1
CCCCc1nc(Cl)c(CO)n1Cc1ccc(-c2ccccc2-c2nnn[nH]2)cc1,CYP3A4,1
CCCCc1oc2ccc(NS(C)(=O)=O)cc2c1C(=O)c1ccc(O)cc1,CYP2C19,1
CCCCc1oc2ccc(NS(C)(=O)=O)cc2c1C(=O)c1ccc(O)cc1,CYP2C8,0
CCCCc1oc2ccc(NS(C)(=O)=O)cc2c1C(=O)c1ccc(O)cc1,CYP2D6,1
CCCCc1oc2ccc(NS(C)(=O)=O)cc2c1C(=O)c1ccc(O)cc1,CYP2E1,0
CCCCc1oc2ccc(NS(C)(=O)=O)cc2c1C(=O)c1ccc(OCCC(=O)O)cc1,CYP1A2,0
CCCCc1oc2ccc(NS(C)(=O)=O)cc2c1C(=O)c1ccc(OCCC(=O)O)cc1,CYP2A6,0
CCCCc1oc2ccc(NS(C)(=O)=O)cc2c1C(=O)c1ccc(OCCC(=O)O)cc1,CYP2B6,0
CCCCc1oc2ccc(NS(C)(=O)=O)cc2c1C(=O)c1ccc(OCCC(=O)O)cc1,CYP2C19,0
CCCCc1oc2ccc(NS(C)(=O)=O)cc2c1C(=O)c1ccc(OCCC(=O)O)cc1,CYP2C8,1
CCCCc1oc2ccc(NS(C)(=O)=O)cc2c1C(=O)c1ccc(OCCC(=O)O)cc1,CYP2C9,0
CCCCc1oc2ccc(NS(C)(=O)=O)cc2c1C(=O)c1ccc(OCCC(=O)O)cc1,CYP2D6,0
CCCCc1oc2ccc(NS(C)(=O)=O)cc2c1C(=O)c1ccc(OCCC(=O)O)cc1,CYP3A4,0
CCCCc1oc2ccc(NS(C)(=O)=O)cc2c1C(=O)c1ccc(OCCCN(CCCC)CCCC)cc1,CYP2C8,0
CCCCc1oc2ccc(NS(C)(=O)=O)cc2c1C(=O)c1ccc(OCCCN(CCCC)CCCC)cc1,CYP2D6,1
CCCCc1oc2ccc(NS(C)(=O)=O)cc2c1C(=O)c1ccc(OCCCN(CCCC)CCCC)cc1,CYP3A4,1
CCCCc1oc2ccccc2c1C(=O)c1cc(I)c(OCCN(CC)CC)c(I)c1,CYP1A2,1
CCCCc1oc2ccccc2c1C(=O)c1cc(I)c(OCCN(CC)CC)c(I)c1,CYP2C19,1
CCCCc1oc2ccccc2c1C(=O)c1cc(I)c(OCCN(CC)CC)c(I)c1,CYP2C8,1
CCCCc1oc2ccccc2c1C(=O)c1cc(I)c(OCCN(CC)CC)c(I)c1,CYP2D6,1
CCCCc1oc2ccccc2c1C(=O)c1cc(I)c(OCCN(CC)CC)c(I)c1,CYP3A4,1
CCCCn1c(=O)c2c(ncn2C)n(C)c1=O,CYP3A4,0
CCCN(C(=O)CSc1nnc2ccccn12)C1CCS(=O)(=O)C1,CYP2A6,0
CCCN(C(=O)CSc1nnc2ccccn12)C1CCS(=O)(=O)C1,CYP2B6,0
CCCN(C)C(=O)[C@@H]1OC(C(=O)O)=C[C@H](NC(=N)N)[C@H]1NC(C)=O,CYP2D6,0
CCCN(C)C(=O)[C@@H]1OC(C(=O)O)=C[C@H](NC(=N)N)[C@H]1NC(C)=O,CYP2E1,0
CCCN(CCC)CCc1ccc(OC)c(OCCc2ccccc2)c1,CYP1A2,1
CCCN(CCC)CCc1ccc(OC)c(OCCc2ccccc2)c1,CYP2A6,0
CCCN(CCC)CCc1ccc(OC)c(OCCc2ccccc2)c1,CYP2B6,0
CCCN(CCC)CCc1ccc(OC)c(OCCc2ccccc2)c1,CYP2C19,1
CCCN(CCC)CCc1ccc(OC)c(OCCc2ccccc2)c1,CYP2C8,0
CCCN(CCC)CCc1ccc(OC)c(OCCc2ccccc2)c1,CYP2C9,1
CCCN(CCC)CCc1ccc(OC)c(OCCc2ccccc2)c1,CYP2D6,1
CCCN(CCC)CCc1ccc(OC)c(OCCc2ccccc2)c1,CYP2E1,0
CCCN(CCC)CCc1ccc(OC)c(OCCc2ccccc2)c1,CYP3A4,1
CCCN(CCC)CCc1cccc2c1CC(=O)N2,CYP1A2,1
CCCN(CCC)CCc1cccc2c1CC(=O)N2,CYP3A4,1
CCCN(CCC)N=O,CYP2A6,1
CCCN(CCC)N=O,CYP2B6,1
CCCN(CCC)N=O,CYP2C8,1
CCCN(CCC)N=O,CYP2C9,1
CCCN(CCC)N=O,CYP2D6,1
CCCN(CCC)N=O,CYP2E1,1
CCCN(CCC)N=O,CYP3A4,1
CCCN(CCc1cccs1)[C@H]1CCc2c(O)cccc2C1,CYP1A2,1
CCCN(CCc1cccs1)[C@H]1CCc2c(O)cccc2C1,CYP2C19,1
CCCN(CCc1cccs1)[C@H]1CCc2c(O)cccc2C1,CYP2C9,1
CCCN(CCc1cccs1)[C@H]1CCc2c(O)cccc2C1,CYP2D6,1
CCCN(CCc1cccs1)[C@H]1CCc2c(O)cccc2C1,CYP3A4,1
CCCN1CC(c2ccc(S(C)(=O)=O)cc2)=C(c2ccc(C)cc2)C1=O,CYP2C9,1
CCCN1CC(c2ccc(S(C)(=O)=O)cc2)=C(c2ccc(C)cc2)C1=O,CYP2D6,1
CCCN1CC=C(c2ccccc2)CC1,CYP2D6,1
CCCN1CCCC[C@H]1C(=O)Nc1c(C)cccc1C,CYP1A2,1
CCCN1CCCC[C@H]1C(=O)Nc1c(C)cccc1C,CYP2A6,0
CCCN1CCCC[C@H]1C(=O)Nc1c(C)cccc1C,CYP2B6,1
CCCN1CCCC[C@H]1C(=O)Nc1c(C)cccc1C,CYP2D6,1
CCCN1CCCC[C@H]1C(=O)Nc1c(C)cccc1C,CYP2E1,0
CCCN1CCCC[C@H]1C(=O)Nc1c(C)cccc1C,CYP3A4,1
CCCN1CCC[C@@H](c2cccc(S(C)(=O)=O)c2)C1,CYP1A2,1
CCCN1CCC[C@@H](c2cccc(S(C)(=O)=O)c2)C1,CYP2C19,1
CCCN1CCC[C@@H](c2cccc(S(C)(=O)=O)c2)C1,CYP2D6,1
CCCN1CCC[C@@H](c2cccc(S(C)(=O)=O)c2)C1,CYP3A4,1
CCCNC(=O)NS(=O)(=O)c1ccc(Cl)cc1,CYP1A2,1
CCCNC(=O)NS(=O)(=O)c1ccc(Cl)cc1,CYP2C19,1
CCCNC(=O)NS(=O)(=O)c1ccc(Cl)cc1,CYP2C8,1
CCCNC(=O)NS(=O)(=O)c1ccc(Cl)cc1,CYP2C9,1
CCCNC(=O)NS(=O)(=O)c1ccc(Cl)cc1,CYP2D6,1
CCCNC(=O)NS(=O)(=O)c1ccc(Cl)cc1,CYP3A4,1
CCCNC(=O)[C@@H](O)CC(=O)N[C@H](C(=O)N1CCC[C@H]1C(=O)O)[C@@H](C)CC,CYP2C8,0
CCCNC(=O)[C@@H](O)CC(=O)N[C@H](C(=O)N1CCC[C@H]1C(=O)O)[C@@H](C)CC,CYP3A4,0
CCCNC(=O)[C@H]1O[C@@H]1C(=O)N[C@H](C(=O)N1CCC[C@H]1C(=O)OCc1ccccc1)[C@@H](C)CC,CYP2C19,0
CCCNC(=O)[C@H]1O[C@@H]1C(=O)N[C@H](C(=O)N1CCC[C@H]1C(=O)OCc1ccccc1)[C@@H](C)CC,CYP2D6,0
CCCNC(C)C(=O)Nc1ccccc1C,CYP3A4,1
CCCNCC(O)COc1ccccc1C(=O)CCc1ccccc1,CYP1A2,1
CCCNCC(O)COc1ccccc1C(=O)CCc1ccccc1,CYP2D6,1
CCCNCC(O)COc1ccccc1C(=O)CCc1ccccc1,CYP3A4,1
CCCNCc1cc(=O)oc2cc(OC)ccc12,CYP1A2,1
CCCNCc1cc(=O)oc2cc(OC)ccc12,CYP2C19,1
CCCNCc1cc(=O)oc2cc(OC)ccc12,CYP2D6,1
CCCOC(=O)c1cc(O)c(O)c(O)c1,CYP2C19,0
CCCOC(=O)c1cc(O)c(O)c(O)c1,CYP2C8,0
CCCOC(=O)c1cc(O)c(O)c(O)c1,CYP3A4,0
CCCOC(=O)c1ccc(O)cc1,CYP2A6,0
CCCOC(=O)c1ccc(O)cc1,CYP2C8,0
CCCOC(=O)c1sc(C(=O)OCCC)c(O)c1O,CYP3A4,0
CCCOCCOCCOCCCNc1c(N)c(=O)c1=O,CYP2C9,0
CCCOP(=O)(O)OC[C@H]1O[C@@H](n2cnc3c(N)ncnc32)[C@H](O)[C@@H]1O,CYP2D6,0
CCCOP(=O)(O)OC[C@H]1O[C@@H](n2cnc3c(N)ncnc32)[C@H](O)[C@@H]1O,CYP3A4,0
CCCO[P@@](=O)(O)OP(=O)(O)O,CYP2B6,0
CCCO[P@@](=O)(O)OP(=O)(O)O,CYP2C19,0
CCCOc1ccc(Cc2nc3cc([N+](=O)[O-])ccc3n2CCN(CC)CC)cc1,CYP2A6,1
CCCOc1ccc(Cc2nc3cc([N+](=O)[O-])ccc3n2CCN(CC)CC)cc1,CYP2B6,1
CCCOc1ccc(Cc2nc3cc([N+](=O)[O-])ccc3n2CCN(CC)CC)cc1,CYP2C8,1
CCCOc1ccc(Cc2nc3cc([N+](=O)[O-])ccc3n2CCN(CC)CC)cc1,CYP2D6,1
CCCOc1ccc(Cc2nc3cc([N+](=O)[O-])ccc3n2CCN(CC)CC)cc1,CYP2E1,1
CCCOc1ccc(Cc2nc3cc([N+](=O)[O-])ccc3n2CCN(CC)CC)cc1,CYP3A4,1
CCCOc1ccc(NC(=O)CN2CCN(C)CC2)cc1-c1nc(CC)c(CC)c(=O)[nH]1,CYP1A2,0
CCCOc1ccc(NC(=O)CN2CCN(C)CC2)cc1-c1nc(CC)c(CC)c(=O)[nH]1,CYP2A6,0
CCCOc1ccc(NC(=O)CN2CCN(C)CC2)cc1-c1nc(CC)c(CC)c(=O)[nH]1,CYP2B6,0
CCCOc1ccc(NC(=O)CN2CCN(C)CC2)cc1-c1nc(CC)c(CC)c(=O)[nH]1,CYP2C19,0
CCCOc1ccc(NC(=O)CN2CCN(C)CC2)cc1-c1nc(CC)c(CC)c(=O)[nH]1,CYP2C8,0
CCCOc1ccc(NC(=O)CN2CCN(C)CC2)cc1-c1nc(CC)c(CC)c(=O)[nH]1,CYP2C9,0
CCCOc1ccc(NC(=O)CN2CCN(C)CC2)cc1-c1nc(CC)c(CC)c(=O)[nH]1,CYP2D6,1
CCCOc1ccc(NC(=O)CN2CCN(C)CC2)cc1-c1nc(CC)c(CC)c(=O)[nH]1,CYP2E1,1
CCCOc1ccc(NC(=O)CN2CCN(C)CC2)cc1-c1nc(CC)c(CC)c(=O)[nH]1,CYP3A4,1
CCCOc1ccc(S(=O)(=O)N2CCN(CC)CC2)cc1-c1nc2c(CC)n(Cc3ccccn3)nc2c(=O)[nH]1,CYP1A2,0
CCCOc1ccc(S(=O)(=O)N2CCN(CC)CC2)cc1-c1nc2c(CC)n(Cc3ccccn3)nc2c(=O)[nH]1,CYP3A4,1
CCCOc1ccnc2[nH]cc(-c3ccnc(N)n3)c12,CYP2C8,0
CCCS(=O)(=O)N[C@H]1C[C@@H](N(C)c2ncnc3[nH]ccc23)C1,CYP2B6,1
CCCS(=O)(=O)N[C@H]1C[C@@H](N(C)c2ncnc3[nH]ccc23)C1,CYP2C19,1
CCCS(=O)(=O)N[C@H]1C[C@@H](N(C)c2ncnc3[nH]ccc23)C1,CYP2C9,1
CCCS(=O)(=O)N[C@H]1C[C@@H](N(C)c2ncnc3[nH]ccc23)C1,CYP3A4,1
CCCSCc1cc(N)cc2c(=O)[nH]c(N)nc12,CYP2B6,0
CCCSP(=O)(OCC)Oc1ccc(Br)cc1Cl,CYP1A2,0
CCCSP(=O)(OCC)Oc1ccc(Br)cc1Cl,CYP2A6,0
CCCSP(=O)(OCC)Oc1ccc(Br)cc1Cl,CYP2B6,1
CCCSP(=O)(OCC)Oc1ccc(Br)cc1Cl,CYP2C19,1
CCCSP(=O)(OCC)Oc1ccc(Br)cc1Cl,CYP2C8,0
CCCSP(=O)(OCC)Oc1ccc(Br)cc1Cl,CYP2C9,0
CCCSP(=O)(OCC)Oc1ccc(Br)cc1Cl,CYP2D6,0
CCCSP(=O)(OCC)Oc1ccc(Br)cc1Cl,CYP2E1,0
CCCSP(=O)(OCC)Oc1ccc(Br)cc1Cl,CYP3A4,1
CCCSP(=S)(OCC)Oc1ccc(SC)cc1,CYP1A2,1
CCCSP(=S)(OCC)Oc1ccc(SC)cc1,CYP2C19,1
CCCSP(=S)(OCC)Oc1ccc(SC)cc1,CYP2C9,1
CCCSP(=S)(OCC)Oc1ccc(SC)cc1,CYP2D6,1
CCCSP(=S)(OCC)Oc1ccc(SC)cc1,CYP2E1,0
CCCSP(=S)(OCC)Oc1ccc(SC)cc1,CYP3A4,1
CCCSSC[C@H](N)C=O,CYP2C9,0
CCCSSC[C@H](N)C=O,CYP3A4,0
CCCSc1ccc2[nH]c(NC(=O)OC)nc2c1,CYP1A2,1
CCCSc1ccc2[nH]c(NC(=O)OC)nc2c1,CYP3A4,1
CCC[C@@H](C)C[C@H](CN)CC(=O)O,CYP2D6,0
CCC[C@@H](C)C[C@H](CN)CC(=O)O,CYP3A4,0
CCC[C@@H](C)C[C@H](N)CC(=O)O,CYP1A2,0
CCC[C@@H](C)C[C@H](N)CC(=O)O,CYP2C9,0
CCC[C@@H]1CC(=O)N([C@@H](CC)C(N)=O)C1,CYP2C8,1
CCC[C@@H]1C[C@@H](C(=O)N[C@@H]([C@H]2O[C@H](SC)[C@H](O)[C@@H](O)[C@H]2O)[C@@H](C)O)N(C)C1,CYP2D6,0
CCC[C@@H]1C[C@@H](C(=O)N[C@@H]([C@H]2O[C@H](SC)[C@H](O)[C@@H](O)[C@H]2O)[C@H](C)Cl)N(C)C1,CYP1A2,0
CCC[C@@H]1C[C@@H](C(=O)N[C@@H]([C@H]2O[C@H](SC)[C@H](O)[C@@H](O)[C@H]2O)[C@H](C)Cl)N(C)C1,CYP2A6,0
CCC[C@@H]1C[C@@H](C(=O)N[C@@H]([C@H]2O[C@H](SC)[C@H](O)[C@@H](O)[C@H]2O)[C@H](C)Cl)N(C)C1,CYP2B6,0
CCC[C@@H]1C[C@@H](C(=O)N[C@@H]([C@H]2O[C@H](SC)[C@H](O)[C@@H](O)[C@H]2O)[C@H](C)Cl)N(C)C1,CYP2C19,0
CCC[C@@H]1C[C@@H](C(=O)N[C@@H]([C@H]2O[C@H](SC)[C@H](O)[C@@H](O)[C@H]2O)[C@H](C)Cl)N(C)C1,CYP2C8,0
CCC[C@@H]1C[C@@H](C(=O)N[C@@H]([C@H]2O[C@H](SC)[C@H](O)[C@@H](O)[C@H]2O)[C@H](C)Cl)N(C)C1,CYP2C9,0
CCC[C@@H]1C[C@@H](C(=O)N[C@@H]([C@H]2O[C@H](SC)[C@H](O)[C@@H](O)[C@H]2O)[C@H](C)Cl)N(C)C1,CYP2E1,0
CCC[C@@H]1C[C@@H](C(=O)N[C@@H]([C@H]2O[C@H](SC)[C@H](O)[C@@H](O)[C@H]2O)[C@H](C)Cl)N(C)C1,CYP3A4,1
CCC[C@@]1(CCc2ccccc2)CC(O)=C([C@H](CC)c2cccc(NS(=O)(=O)c3ccc(C(F)(F)F)cn3)c2)C(=O)O1,CYP1A2,0
CCC[C@@]1(CCc2ccccc2)CC(O)=C([C@H](CC)c2cccc(NS(=O)(=O)c3ccc(C(F)(F)F)cn3)c2)C(=O)O1,CYP2B6,0
CCC[C@@]1(CCc2ccccc2)CC(O)=C([C@H](CC)c2cccc(NS(=O)(=O)c3ccc(C(F)(F)F)cn3)c2)C(=O)O1,CYP2C9,0
CCC[C@@]1(CCc2ccccc2)CC(O)=C([C@H](CC)c2cccc(NS(=O)(=O)c3ccc(C(F)(F)F)cn3)c2)C(=O)O1,CYP2D6,1
CCC[C@@]1(CCc2ccccc2)CC(O)=C([C@H](CC)c2cccc(NS(=O)(=O)c3ccc(C(F)(F)F)cn3)c2)C(=O)O1,CYP2E1,0
CCC[C@@]1(CCc2ccccc2)CC(O)=C([C@H](CC)c2cccc(NS(=O)(=O)c3ccc(C(F)(F)F)cn3)c2)C(=O)O1,CYP3A4,1
CCC[C@H](N[C@H]1CCc2cc(F)cc(F)c2C1)C(=O)Nc1cn(C(C)(C)CNCC(C)(C)C)cn1,CYP2C19,1
CCC[C@H](N[C@H]1CCc2cc(F)cc(F)c2C1)C(=O)Nc1cn(C(C)(C)CNCC(C)(C)C)cn1,CYP2C9,1
CCC[C@H](N[C@H]1CCc2cc(F)cc(F)c2C1)C(=O)Nc1cn(C(C)(C)CNCC(C)(C)C)cn1,CYP2D6,1
CCC[C@H](N[C@H]1CCc2cc(F)cc(F)c2C1)C(=O)Nc1cn(C(C)(C)CNCC(C)(C)C)cn1,CYP3A4,1
CCCc1c(OCc2ccc([C@H](O)c3cccc(C(=O)O)c3)cc2)ccc(C(C)=O)c1O,CYP2C19,0
CCCc1c(OCc2ccc([C@H](O)c3cccc(C(=O)O)c3)cc2)ccc(C(C)=O)c1O,CYP2E1,0
CCCc1cc(=O)oc2c3c(c4c(c12)OC(C)(C)C=C4)OC(CCl)CC3=O,CYP2A6,0
CCCc1cc(=O)oc2c3c(c4c(c12)OC(C)(C)C=C4)OC(CCl)CC3=O,CYP2C19,0
CCCc1cc(=O)oc2c3c(c4c(c12)OC(C)(C)C=C4)OC(CCl)CC3=O,CYP2C9,0
CCCc1cc(=O)oc2c3c(c4c(c12)OC(C)(C)C=C4)OC(CCl)CC3=O,CYP2D6,0
CCCc1cc(=O)oc2c3c(c4c(c12)OC(C)(C)C=C4)OC(CCl)CC3=O,CYP2E1,0
CCCc1cc(=O)oc2c3c(c4c(c12)OC(C)(C)C=C4)OC(CCl)CC3=O,CYP3A4,1
CCCc1cc(C2CCCCC2)ccc1OCCCOc1ccc(C2OC(=O)NC2=O)cc1,CYP1A2,0
CCCc1cc(C2CCCCC2)ccc1OCCCOc1ccc(C2OC(=O)NC2=O)cc1,CYP2A6,0
CCCc1cc(C2CCCCC2)ccc1OCCCOc1ccc(C2OC(=O)NC2=O)cc1,CYP2B6,0
CCCc1cc(C2CCCCC2)ccc1OCCCOc1ccc(C2OC(=O)NC2=O)cc1,CYP2C19,1
CCCc1cc(C2CCCCC2)ccc1OCCCOc1ccc(C2OC(=O)NC2=O)cc1,CYP2C8,1
CCCc1cc(C2CCCCC2)ccc1OCCCOc1ccc(C2OC(=O)NC2=O)cc1,CYP2C9,0
CCCc1cc(C2CCCCC2)ccc1OCCCOc1ccc(C2OC(=O)NC2=O)cc1,CYP2D6,0
CCCc1cc(C2CCCCC2)ccc1OCCCOc1ccc(C2OC(=O)NC2=O)cc1,CYP2E1,0
CCCc1ccc2ccccc2n1,CYP1A2,0
CCCc1ccc2ccccc2n1,CYP2A6,1
CCCc1ccc2ccccc2n1,CYP2C19,1
CCCc1ccc2ccccc2n1,CYP2C9,1
CCCc1ccc2ccccc2n1,CYP2D6,0
CCCc1ccc2ccccc2n1,CYP2E1,1
CCCc1ccc2ccccc2n1,CYP3A4,1
CCCc1ccccc1N,CYP2C19,0
CCCc1ccccc1N,CYP2C9,0
CCCc1nc(-c2ccc(-c3ccc(CCC(N)(CO)CO)cc3)cc2)co1,CYP3A4,1
CCCc1nc2c(C)cc(-c3nc4ccccc4n3C)cc2n1Cc1ccc(-c2ccccc2C(=O)O)cc1,CYP1A2,0
CCCc1nc2c(C)cc(-c3nc4ccccc4n3C)cc2n1Cc1ccc(-c2ccccc2C(=O)O)cc1,CYP2A6,0
CCCc1nc2c(C)cc(-c3nc4ccccc4n3C)cc2n1Cc1ccc(-c2ccccc2C(=O)O)cc1,CYP2B6,0
CCCc1nc2c(C)cc(-c3nc4ccccc4n3C)cc2n1Cc1ccc(-c2ccccc2C(=O)O)cc1,CYP2C19,0
CCCc1nc2c(C)cc(-c3nc4ccccc4n3C)cc2n1Cc1ccc(-c2ccccc2C(=O)O)cc1,CYP2C8,0
CCCc1nc2c(C)cc(-c3nc4ccccc4n3C)cc2n1Cc1ccc(-c2ccccc2C(=O)O)cc1,CYP2C9,0
CCCc1nc2c(C)cc(-c3nc4ccccc4n3C)cc2n1Cc1ccc(-c2ccccc2C(=O)O)cc1,CYP2D6,0
CCCc1nc2c(C)cc(-c3nc4ccccc4n3C)cc2n1Cc1ccc(-c2ccccc2C(=O)O)cc1,CYP2E1,0
CCCc1nc2c(C)cc(-c3nc4ccccc4n3C)cc2n1Cc1ccc(-c2ccccc2C(=O)O)cc1,CYP3A4,0
CCCc1nn(C)c2c(=O)[nH]c(-c3cc(S(=O)(=O)N4CCN(C)CC4)ccc3OCC)nc12,CYP2C19,1
CCCc1nn(C)c2c(=O)[nH]c(-c3cc(S(=O)(=O)N4CCN(C)CC4)ccc3OCC)nc12,CYP2C9,1
CCCc1nn(C)c2c(=O)[nH]c(-c3cc(S(=O)(=O)N4CCN(C)CC4)ccc3OCC)nc12,CYP2D6,1
CCCc1nn(C)c2c(=O)[nH]c(-c3cc(S(=O)(=O)N4CCN(C)CC4)ccc3OCC)nc12,CYP3A4,1
CCCc1nnc(SCC(=O)N2CCOCC2)n1C,CYP2B6,0
CCCc1nnc(SCC(=O)N2CCOCC2)n1C,CYP2C8,0
CCCc1oc(CCC(=O)O)c(C(=O)O)c1C,CYP2A6,0
CCCc1oc(CCC(=O)O)c(C(=O)O)c1C,CYP3A4,0
CCCn1c(=O)c2c(ncn2C)n(C)c1=O,CYP3A4,0
CCCn1cnc(C[C@H](CCCN)C(=O)O)c1,CYP3A4,0
CCCn1ncc(C(=O)O)c1C,CYP2C8,0
CCN(C(=O)SCc1ccccc1)C(C)C(C)C,CYP1A2,1
CCN(C(=O)SCc1ccccc1)C(C)C(C)C,CYP2B6,1
CCN(C(=O)SCc1ccccc1)C(C)C(C)C,CYP2C19,1
CCN(C(=O)SCc1ccccc1)C(C)C(C)C,CYP3A4,1
CCN(C(=O)c1c(O)c2c(Cl)cccc2n(C)c1=O)c1ccccc1,CYP1A2,0
CCN(C(=O)c1c(O)c2c(Cl)cccc2n(C)c1=O)c1ccccc1,CYP2B6,0
CCN(C(=O)c1c(O)c2c(Cl)cccc2n(C)c1=O)c1ccccc1,CYP2C9,0
CCN(C(=O)c1c(O)c2c(Cl)cccc2n(C)c1=O)c1ccccc1,CYP2D6,0
CCN(C(=O)c1c(O)c2c(Cl)cccc2n(C)c1=O)c1ccccc1,CYP3A4,1
CCN(C)Cc1cnc(C)nc1N,CYP2C8,0
CCN(C)N=O,CYP1A2,0
CCN(C)N=O,CYP2A6,1
CCN(C)N=O,CYP2B6,1
CCN(C)N=O,CYP2C19,1
CCN(C)N=O,CYP2C8,1
CCN(C)N=O,CYP2C9,1
CCN(C)N=O,CYP2D6,1
CCN(C)N=O,CYP2E1,1
CCN(C)N=O,CYP3A4,1
CCN(C)[C@@H](C)[C@H](O)c1ccccc1,CYP2C8,0
CCN(C=O)CC,CYP1A2,0
CCN(C=O)CC,CYP2B6,0
CCN(C=O)CC,CYP2E1,1
CCN(C=O)CC,CYP3A4,1
CCN(CC)C(=O)Cn1cc(S(=O)(=O)CC(=O)NCc2ccccc2)c2ccccc21,CYP2B6,0
CCN(CC)C(=O)Cn1cc(S(=O)(=O)CC(=O)NCc2ccccc2)c2ccccc21,CYP2E1,0
CCN(CC)C(=O)N[C@H]1C=C2c3cccc4[nH]cc(c34)C[C@H]2N(C)C1,CYP2D6,1
CCN(CC)C(=O)N[C@H]1C=C2c3cccc4[nH]cc(c34)C[C@H]2N(C)C1,CYP3A4,1
CCN(CC)C(=O)N[C@H]1C[C@@H]2c3cccc4[nH]cc(c34)C[C@H]2N(C)C1,CYP2D6,1
CCN(CC)C(=O)N[C@H]1C[C@@H]2c3cccc4[nH]cc(c34)C[C@H]2N(C)C1,CYP3A4,1
CCN(CC)C(=O)SC,CYP2A6,1
CCN(CC)C(=O)SC,CYP2B6,1
CCN(CC)C(=O)SC,CYP2C9,1
CCN(CC)C(=O)SC,CYP2D6,1
CCN(CC)C(=O)SC,CYP2E1,1
CCN(CC)C(=O)SC,CYP3A4,1
CCN(CC)C(=O)[C@@H]1O[C@@H](C(=O)O)C[C@H](N)[C@H]1NC(C)=O,CYP2E1,0
CCN(CC)C(=O)[C@@H]1O[C@@H](C(=O)O)C[C@H](N)[C@H]1NC(C)=O,CYP3A4,0
CCN(CC)C(=O)[C@@]1(c2ccccc2)C[C@H]1CN,CYP2C19,1
CCN(CC)C(=O)[C@@]1(c2ccccc2)C[C@H]1CN,CYP2C8,1
CCN(CC)C(=O)[C@@]1(c2ccccc2)C[C@H]1CN,CYP2D6,1
CCN(CC)C(=O)[C@@]1(c2ccccc2)C[C@H]1CN,CYP3A4,1
CCN(CC)C(=O)[C@]1(c2ccccc2)C[C@@H]1CN,CYP3A4,1
CCN(CC)C(=O)c1ccc([C@H](c2ccccc2)N2C[C@@H](C)N(Cc3cccc(F)c3)C[C@@H]2C)cc1,CYP2B6,0
CCN(CC)C(=O)c1cccc(C)c1,CYP1A2,1
CCN(CC)C(=O)c1cccc(C)c1,CYP2A6,1
CCN(CC)C(=O)c1cccc(C)c1,CYP2B6,1
CCN(CC)C(=O)c1cccc(C)c1,CYP2C19,1
CCN(CC)C(=O)c1cccc(C)c1,CYP2C8,0
CCN(CC)C(=O)c1cccc(C)c1,CYP2D6,1
CCN(CC)C(=O)c1cccc(C)c1,CYP2E1,1
CCN(CC)C(=O)c1cccc(C)c1,CYP3A4,1
CCN(CC)C(=S)SC,CYP1A2,1
CCN(CC)C(=S)SC,CYP2A6,1
CCN(CC)C(=S)SC,CYP2B6,1
CCN(CC)C(=S)SC,CYP2E1,1
CCN(CC)C(=S)SC,CYP3A4,1
CCN(CC)CC#CC(C)(C)OC(=O)C(O)(c1ccccc1)C1CCCCC1,CYP3A4,1
CCN(CC)CC#CCOC(=O)C(O)(c1ccccc1)C1CCCCC1,CYP3A4,1
CCN(CC)CC(=O)Nc1c(C)cccc1C,CYP1A2,1
CCN(CC)CC(=O)Nc1c(C)cccc1C,CYP2A6,1
CCN(CC)CC(=O)Nc1c(C)cccc1C,CYP2B6,1
CCN(CC)CC(=O)Nc1c(C)cccc1C,CYP2C8,1
CCN(CC)CC(=O)Nc1c(C)cccc1C,CYP2C9,1
CCN(CC)CC(=O)Nc1c(C)cccc1C,CYP2D6,1
CCN(CC)CC(=O)Nc1c(C)cccc1C,CYP3A4,1
CCN(CC)CC(C)(C)COC(=O)c1ccc([N+](=O)[O-])cc1,CYP2B6,1
CCN(CC)CC(C)(C)COC(=O)c1ccc([N+](=O)[O-])cc1,CYP2C19,1
CCN(CC)CC(C)(C)COC(=O)c1ccc([N+](=O)[O-])cc1,CYP2E1,0
CCN(CC)CC(C)OC(=O)[C@H]1CCCC[C@]1(O)C1CCCCC1,CYP1A2,0
CCN(CC)CCCC(C)Nc1ccnc2cc(Cl)ccc12,CYP2A6,0
CCN(CC)CCCC(C)Nc1ccnc2cc(Cl)ccc12,CYP2C8,1
CCN(CC)CCCC(C)Nc1ccnc2cc(Cl)ccc12,CYP2D6,1
CCN(CC)CCCC(C)Nc1ccnc2cc(Cl)ccc12,CYP3A4,1
CCN(CC)CCNC(=O)c1c(C)[nH]c(/C=C2\C(=O)Nc3ccc(F)cc32)c1C,CYP1A2,1
CCN(CC)CCNC(=O)c1c(C)[nH]c(/C=C2\C(=O)Nc3ccc(F)cc32)c1C,CYP3A4,1
CCN(CC)CCNC(=O)c1cc(Br)c(N)cc1OC,CYP2A6,0
CCN(CC)CCNC(=O)c1cc(Cl)c(N)cc1OC,CYP1A2,1
CCN(CC)CCNC(=O)c1cc(Cl)c(N)cc1OC,CYP2A6,0
CCN(CC)CCNC(=O)c1cc(Cl)c(N)cc1OC,CYP2B6,0
CCN(CC)CCNC(=O)c1cc(Cl)c(N)cc1OC,CYP2C19,1
CCN(CC)CCNC(=O)c1cc(Cl)c(N)cc1OC,CYP2C8,1
CCN(CC)CCNC(=O)c1cc(Cl)c(N)cc1OC,CYP2C9,0
CCN(CC)CCNC(=O)c1cc(Cl)c(N)cc1OC,CYP2D6,1
CCN(CC)CCNC(=O)c1cc(Cl)c(N)cc1OC,CYP2E1,0
CCN(CC)CCNC(=O)c1cc(Cl)c(N)cc1OC,CYP3A4,1
CCN(CC)CCNC(=O)c1ccc(N)cc1,CYP2D6,1
CCN(CC)CCNC(=O)c1ccc(NC(=O)c2ccc(F)cc2F)cc1,CYP2E1,0
CCN(CC)CCOC(=O)C1(C2CCCCC2)CCCCC1,CYP1A2,0
CCN(CC)CCOCCC1=CC[C@H]2C[C@@H]1C2(C)C,CYP1A2,0
CCN(CC)CCOc1ccc(/C(=C(/Cl)c2ccccc2)c2ccccc2)cc1,CYP2D6,1
CCN(CC)CCOc1ccc(Cc2ccccc2)cc1,CYP2D6,1
CCN(CC)CCOc1ccc(Cc2ccccc2)cc1,CYP3A4,1
CCN(CC)CCOc1cccc(OCCN(CC)CC)c1OCCN(CC)CC,CYP2A6,0
CCN(CC)CCc1c[nH]c2cccc(OC(C)=O)c12,CYP1A2,1
CCN(CC)CCc1c[nH]c2cccc(OC(C)=O)c12,CYP2D6,1
CCN(CC)CCc1c[nH]c2cccc(OC(C)=O)c12,CYP2E1,0
CCN(CC)CCc1c[nH]c2cccc(OC(C)=O)c12,CYP3A4,1
CCN(CC)CCn1c(Cc2ccc(OC(C)C)cc2)nc2cc([N+](=O)[O-])ccc21,CYP2A6,1
CCN(CC)CCn1c(Cc2ccc(OC(C)C)cc2)nc2cc([N+](=O)[O-])ccc21,CYP2B6,1
CCN(CC)CCn1c(Cc2ccc(OC(C)C)cc2)nc2cc([N+](=O)[O-])ccc21,CYP2C8,1
CCN(CC)CCn1c(Cc2ccc(OC(C)C)cc2)nc2cc([N+](=O)[O-])ccc21,CYP2D6,1
CCN(CC)CCn1c(Cc2ccc(OC(C)C)cc2)nc2cc([N+](=O)[O-])ccc21,CYP2E1,1
CCN(CC)CCn1c(Cc2ccc(OC(C)C)cc2)nc2cc([N+](=O)[O-])ccc21,CYP3A4,1
CCN(CC)Cc1cc(Nc2ccnc3cc(Cl)ccc23)ccc1O,CYP2C19,1
CCN(CC)Cc1cc(Nc2ccnc3cc(Cl)ccc23)ccc1O,CYP2C8,1
CCN(CC)Cc1cc(Nc2ccnc3cc(Cl)ccc23)ccc1O,CYP2D6,1
CCN(CC)Cc1cc(Nc2ccnc3cc(Cl)ccc23)ccc1O,CYP3A4,1
CCN(CC)N=O,CYP2A6,1
CCN(CC)N=O,CYP2B6,1
CCN(CC)N=O,CYP2C19,1
CCN(CC)N=O,CYP2C8,1
CCN(CC)N=O,CYP2C9,1
CCN(CC)N=O,CYP2D6,1
CCN(CC)N=O,CYP2E1,1
CCN(CC)N=O,CYP3A4,1
CCN(CC)S(=O)(=O)N[C@H]1C[C@@H]2c3cccc4c3c(cn4CC)C[C@H]2N(C)C1,CYP3A4,1
CCN(CCO)CCCC(C)Nc1ccnc2cc(Cl)ccc12,CYP2C8,1
CCN(CCO)CCCC(C)Nc1ccnc2cc(Cl)ccc12,CYP2D6,1
CCN(CCO)CCCC(C)Nc1ccnc2cc(Cl)ccc12,CYP3A4,1
CCN(CCO)S(=O)(=O)C(F)(F)C(F)(F)C(F)(F)C(F)(F)C(F)(F)C(F)(F)C(F)(F)C(F)(F)F,CYP1A2,0
CCN(CCO)S(=O)(=O)C(F)(F)C(F)(F)C(F)(F)C(F)(F)C(F)(F)C(F)(F)C(F)(F)C(F)(F)F,CYP2B6,0
CCN(CCO)S(=O)(=O)C(F)(F)C(F)(F)C(F)(F)C(F)(F)C(F)(F)C(F)(F)C(F)(F)C(F)(F)F,CYP2C19,1
CCN(CCO)S(=O)(=O)C(F)(F)C(F)(F)C(F)(F)C(F)(F)C(F)(F)C(F)(F)C(F)(F)C(F)(F)F,CYP2C9,0
CCN(CCO)S(=O)(=O)C(F)(F)C(F)(F)C(F)(F)C(F)(F)C(F)(F)C(F)(F)C(F)(F)C(F)(F)F,CYP2D6,0
CCN(CCO)S(=O)(=O)C(F)(F)C(F)(F)C(F)(F)C(F)(F)C(F)(F)C(F)(F)C(F)(F)C(F)(F)F,CYP2E1,0
CCN1CCN(Cc2ccc(Nc3ncc(F)c(-c4cc(F)c5nc(C)n(C(C)C)c5c4)n3)nc2)CC1,CYP3A4,1
CCN1CCN(Cc2ccc(Nc3ncc(F)c(-c4cc(F)c5nc(CO)n(C(C)C)c5c4)n3)nc2)CC1,CYP3A4,1
CCN1CCN(c2ccc(Nc3cc(N(C)C(=O)Nc4c(Cl)c(OC)cc(OC)c4Cl)ncn3)cc2)CC1,CYP2C8,1
CCN1CCN(c2ccc(Nc3cc(N(C)C(=O)Nc4c(Cl)c(OC)cc(OC)c4Cl)ncn3)cc2)CC1,CYP2D6,1
CCN1CCN(c2ccc(Nc3cc(N(C)C(=O)Nc4c(Cl)c(OC)cc(OC)c4Cl)ncn3)cc2)CC1,CYP3A4,1
CCN1C[C@]2(COC)[C@H](O)C[C@H](OC)[C@@]34[C@@H]5C[C@@]6(O)[C@H](OC(=O)c7ccccc7)[C@@H]5[C@@](O)([C@@H]([C@H](OC)[C@H]23)[C@@H]14)[C@@H](O)[C@@H]6OC,CYP3A4,1
CCN1C[C@]2(COC)[C@H](O)C[C@H](OC)[C@]34C1[C@H]([C@H](OC)[C@H]23)[C@]1(OC(C)=O)[C@H]2[C@@H](OC(=O)c3ccccc3)[C@](O)(C[C@H]24)[C@@H](OC)[C@@H]1O,CYP1A2,0
CCN1C[C@]2(COC)[C@H](O)C[C@H](OC)[C@]34C1[C@H]([C@H](OC)[C@H]23)[C@]1(OC(C)=O)[C@H]2[C@@H](OC(=O)c3ccccc3)[C@](O)(C[C@H]24)[C@@H](OC)[C@@H]1O,CYP2C19,0
CCN1C[C@]2(COC)[C@H](O)C[C@H](OC)[C@]34C1[C@H]([C@H](OC)[C@H]23)[C@]1(OC(C)=O)[C@H]2[C@@H](OC(=O)c3ccccc3)[C@](O)(C[C@H]24)[C@@H](OC)[C@@H]1O,CYP2D6,1
CCN1C[C@]2(COC)[C@H](O)C[C@H](OC)[C@]34C1[C@H]([C@H](OC)[C@H]23)[C@]1(OC(C)=O)[C@H]2[C@@H](OC(=O)c3ccccc3)[C@](O)(C[C@H]24)[C@@H](OC)[C@@H]1O,CYP2E1,0
CCN1C[C@]2(COC)[C@H](O)C[C@H](OC)[C@]34C1[C@H]([C@H](OC)[C@H]23)[C@]1(OC(C)=O)[C@H]2[C@@H](OC(=O)c3ccccc3)[C@](O)(C[C@H]24)[C@@H](OC)[C@@H]1O,CYP3A4,1
CCNC(=O)COn1c(SCC(=O)NCC)nc2ccccc2c1=O,CYP2A6,0
CCNC(=O)COn1c(SCC(=O)NCC)nc2ccccc2c1=O,CYP2E1,0
CCNC(C)Cc1ccc(OC)cc1,CYP2D6,1
CCNC(C)Cc1ccc2c(c1)OCO2,CYP1A2,1
CCNC(C)Cc1ccc2c(c1)OCO2,CYP2B6,1
CCNC(C)Cc1ccc2c(c1)OCO2,CYP2D6,1
CCNC(C)Cc1ccc2c(c1)OCO2,CYP2E1,1
CCNC(C)Cc1ccc2c(c1)OCO2,CYP3A4,1
CCNC(C)Cc1cccc(C(F)(F)F)c1,CYP1A2,1
CCNC(C)Cc1cccc(C(F)(F)F)c1,CYP2B6,1
CCNC(C)Cc1cccc(C(F)(F)F)c1,CYP2C19,1
CCNC(C)Cc1cccc(C(F)(F)F)c1,CYP2D6,1
CCNC(C)Cc1ccccc1,CYP2D6,1
CCNC(Cc1ccccc1)c1ccccc1,CYP1A2,1
CCNC(Cc1ccccc1)c1ccccc1,CYP2B6,1
CCNC1(c2cccc(OC)c2)CCCCC1=O,CYP2B6,1
CCNC1(c2cccc(OC)c2)CCCCC1=O,CYP2C19,1
CCNC1(c2cccc(OC)c2)CCCCC1=O,CYP3A4,1
CCNCc1cc(=O)oc2cc(OC)ccc12,CYP1A2,1
CCNCc1cc(=O)oc2cc(OC)ccc12,CYP2C19,1
CCNCc1cc(=O)oc2cc(OC)ccc12,CYP2D6,1
CCNCc1nc2c(O)c(Cl)cc(Cl)c2c(=O)n1C,CYP2A6,0
CCNS(=O)(=O)C(F)(F)C(F)(F)C(F)(F)C(F)(F)C(F)(F)C(F)(F)C(F)(F)C(F)(F)F,CYP2C19,1
CCNS(=O)(=O)C(F)(F)C(F)(F)C(F)(F)C(F)(F)C(F)(F)C(F)(F)C(F)(F)C(F)(F)F,CYP2C9,1
CCNS(=O)(=O)OC[C@H]1O[C@@H](n2cnc3c(N)ncnc32)[C@H](O)[C@@H]1O,CYP2A6,0
CCNS(=O)(=O)OC[C@H]1O[C@@H](n2cnc3c(N)ncnc32)[C@H](O)[C@@H]1O,CYP2C8,0
CCNS(=O)(=O)OC[C@H]1O[C@@H](n2cnc3c(N)ncnc32)[C@H](O)[C@@H]1O,CYP3A4,0
CCNS(=O)(=O)c1ccc(NS(C)(=O)=O)cc1,CYP2B6,0
CCN[C@@H](C)Cc1cccc(C(F)(F)F)c1,CYP1A2,1
CCN[C@@H](C)Cc1cccc(C(F)(F)F)c1,CYP2D6,1
CCN[C@H]1CN(CCCOC)S(=O)(=O)c2sc(S(N)(=O)=O)cc21,CYP2A6,1
CCN[C@H]1CN(CCCOC)S(=O)(=O)c2sc(S(N)(=O)=O)cc21,CYP2B6,1
CCN[C@H]1CN(CCCOC)S(=O)(=O)c2sc(S(N)(=O)=O)cc21,CYP2C8,1
CCN[C@H]1CN(CCCOC)S(=O)(=O)c2sc(S(N)(=O)=O)cc21,CYP2C9,1
CCN[C@H]1CN(CCCOC)S(=O)(=O)c2sc(S(N)(=O)=O)cc21,CYP3A4,1
CCN[C@H]1C[C@H](C)S(=O)(=O)c2sc(S(N)(=O)=O)cc21,CYP2C9,1
CCN[C@H]1C[C@H](C)S(=O)(=O)c2sc(S(N)(=O)=O)cc21,CYP2E1,1
CCN[C@H]1C[C@H](C)S(=O)(=O)c2sc(S(N)(=O)=O)cc21,CYP3A4,1
CCNc1cccnc1N1CCN(C(=O)c2cc3cc(OC)ccc3[nH]2)CC1,CYP2A6,0
CCNc1nc(Cl)nc(NC(C)(C)C)n1,CYP1A2,1
CCNc1nc(Cl)nc(NC(C)(C)C)n1,CYP3A4,1
CCNc1nc(Cl)nc(NC(C)C)n1,CYP1A2,1
CCNc1nc(Cl)nc(NC(C)C)n1,CYP2B6,1
CCNc1nc(Cl)nc(NC(C)C)n1,CYP3A4,1
CCNc1nc(Cl)nc(NCC)n1,CYP1A2,1
CCNc1nc(Cl)nc(NCC)n1,CYP2A6,1
CCNc1nc(Cl)nc(NCC)n1,CYP2C19,1
CCNc1nc(Cl)nc(NCC)n1,CYP2D6,1
CCNc1nc(NC(C)(C)C)nc(SC)n1,CYP1A2,1
CCNc1nc(NC(C)(C)C)nc(SC)n1,CYP2B6,1
CCNc1nc(NC(C)(C)C)nc(SC)n1,CYP3A4,1
CCNc1nc(NC(C)C)nc(SC)n1,CYP1A2,1
CCNc1nc(NC(C)C)nc(SC)n1,CYP2B6,1
CCNc1nc(NC(C)C)nc(SC)n1,CYP3A4,1
CCNc1nc(NCC)nc(SC)n1,CYP1A2,1
CCNc1nc(NCC)nc(SC)n1,CYP2C19,1
CCNc1nc(NCC)nc(SC)n1,CYP2C9,1
CCNc1ncn(Cc2ccc(OC)c(OC3CCCC3)c2)c2nc(C(C)C)nc1-2,CYP1A2,0
CCNc1ncn(Cc2ccc(OC)c(OC3CCCC3)c2)c2nc(C(C)C)nc1-2,CYP2B6,0
CCNc1ncn(Cc2ccc(OC)c(OC3CCCC3)c2)c2nc(C(C)C)nc1-2,CYP2C19,1
CCNc1ncn(Cc2ccc(OC)c(OC3CCCC3)c2)c2nc(C(C)C)nc1-2,CYP2C8,0
CCNc1ncn(Cc2ccc(OC)c(OC3CCCC3)c2)c2nc(C(C)C)nc1-2,CYP2C9,1
CCNc1ncn(Cc2ccc(OC)c(OC3CCCC3)c2)c2nc(C(C)C)nc1-2,CYP2D6,1
CCNc1ncn(Cc2ccc(OC)c(OC3CCCC3)c2)c2nc(C(C)C)nc1-2,CYP2E1,0
CCNc1ncn(Cc2ccc(OC)c(OC3CCCC3)c2)c2nc(C(C)C)nc1-2,CYP3A4,1
CCO,CYP1A2,1
CCO,CYP2B6,1
CCO,CYP2C19,1
CCO,CYP2C8,1
CCO,CYP2C9,1
CCO,CYP2D6,1
CCO,CYP2E1,1
CCO,CYP3A4,1
CCO/N=C(\c1ccc(Br)cc1)C1CCN(C2(C)CCN(C(=O)c3c(C)cc[n+]([O-])c3C)CC2)CC1,CYP1A2,0
CCO/N=C(\c1ccc(Br)cc1)C1CCN(C2(C)CCN(C(=O)c3c(C)cc[n+]([O-])c3C)CC2)CC1,CYP2A6,0
CCO/N=C(\c1ccc(Br)cc1)C1CCN(C2(C)CCN(C(=O)c3c(C)cc[n+]([O-])c3C)CC2)CC1,CYP2B6,0
CCO/N=C(\c1ccc(Br)cc1)C1CCN(C2(C)CCN(C(=O)c3c(C)cc[n+]([O-])c3C)CC2)CC1,CYP2C19,0
CCO/N=C(\c1ccc(Br)cc1)C1CCN(C2(C)CCN(C(=O)c3c(C)cc[n+]([O-])c3C)CC2)CC1,CYP2C8,0
CCO/N=C(\c1ccc(Br)cc1)C1CCN(C2(C)CCN(C(=O)c3c(C)cc[n+]([O-])c3C)CC2)CC1,CYP2C9,1
CCO/N=C(\c1ccc(Br)cc1)C1CCN(C2(C)CCN(C(=O)c3c(C)cc[n+]([O-])c3C)CC2)CC1,CYP2D6,0
CCO/N=C(\c1ccc(Br)cc1)C1CCN(C2(C)CCN(C(=O)c3c(C)cc[n+]([O-])c3C)CC2)CC1,CYP2E1,0
CCO/N=C(\c1ccc(Br)cc1)C1CCN(C2(C)CCN(C(=O)c3c(C)cc[n+]([O-])c3C)CC2)CC1,CYP3A4,1
CCOC(=O)/C(=C/c1ncc([N+](=O)[O-])n1C)C(C)=O,CYP2C9,0
CCOC(=O)/C(=C/c1ncc([N+](=O)[O-])n1C)C(C)=O,CYP2D6,0
CCOC(=O)/C=C/C(=O)O,CYP2B6,0
CCOC(=O)/C=C/C(=O)O,CYP3A4,0
CCOC(=O)C(C(=O)OCC)[C@@H]1CS(=O)(=O)C[C@H]1C(C(=O)OCC)C(=O)OCC,CYP2A6,0
CCOC(=O)C(C)(C)Oc1ccc(Cl)cc1,CYP3A4,1
CCOC(=O)C(CCNC(=O)OC(C)(C)C)(Cc1ccc(NS(=O)(=O)O)cc1)C(=O)OCC,CYP2B6,0
CCOC(=O)C(c1ccccc1)C(N)CCCC=O,CYP2C19,1
CCOC(=O)C(c1ccccc1)C(N)CCCC=O,CYP2C9,0
CCOC(=O)C(c1ccccc1)C(N)CCCC=O,CYP2E1,0
CCOC(=O)C(c1ccccc1)C(N)CCCC=O,CYP3A4,0
CCOC(=O)C(c1ccccc1)C1CCCCN1,CYP2C19,1
CCOC(=O)C(c1ccccc1)C1CCCCN1,CYP2D6,1
CCOC(=O)C(c1ccccc1)C1CCCCN1,CYP2E1,0
CCOC(=O)C1(c2ccccc2)CCN(C)CC1,CYP1A2,1
CCOC(=O)C1(c2ccccc2)CCN(C)CC1,CYP2B6,1
CCOC(=O)C1(c2ccccc2)CCN(C)CC1,CYP2C19,1
CCOC(=O)C1(c2ccccc2)CCN(C)CC1,CYP2C8,1
CCOC(=O)C1(c2ccccc2)CCN(C)CC1,CYP2D6,1
CCOC(=O)C1(c2ccccc2)CCN(C)CC1,CYP3A4,1
CCOC(=O)C1(c2ccccc2)CCN(CCOCCO)CC1,CYP2C8,0
CCOC(=O)C1(c2ccccc2)CCN(CCOCCO)CC1,CYP2C9,0
CCOC(=O)C1=C(C)NC(C)=C(C(=O)OC)C1c1cccc(Cl)c1Cl,CYP3A4,1
CCOC(=O)C1=C(C)NC(C)=C(C(=O)OC)C1c1cccc([N+](=O)[O-])c1,CYP3A4,1
CCOC(=O)C1=C(C)NC(C)=C(C(=O)OCC)C1c1ccccc1/C=C/C(=O)OC(C)(C)C,CYP3A4,1
CCOC(=O)C1=C(C)OC(N)=C(C#N)C12C(=O)Nc1ccc(C)cc12,CYP2A6,0
CCOC(=O)C1=C(C)OC(N)=C(C#N)C12C(=O)Nc1ccc(C)cc12,CYP2D6,0
CCOC(=O)C1=C(COCCN)NC(C)=C(C(=O)OC)C1c1ccccc1Cl,CYP3A4,1
CCOC(=O)C1=C(COCCN)NC(C)=C(C(=O)OC)[C@@H]1c1ccccc1Cl,CYP3A4,1
CCOC(=O)C1=C[C@@H](OC(CC)CC)[C@H](NC(C)=O)[C@@H](N)C1,CYP2B6,0
CCOC(=O)CC(O)(CC(=O)OCC)C(=O)OCC,CYP2C9,0
CCOC(=O)CC(O)(CC(=O)OCC)C(=O)OCC,CYP3A4,0
CCOC(=O)CC(SP(=S)(OC)OC)C(=O)OCC,CYP1A2,1
CCOC(=O)CC(SP(=S)(OC)OC)C(=O)OCC,CYP2B6,1
CCOC(=O)CC(SP(=S)(OC)OC)C(=O)OCC,CYP2C19,1
CCOC(=O)CC(SP(=S)(OC)OC)C(=O)OCC,CYP3A4,1
CCOC(=O)CCN(SN(C)C(=O)Oc1cccc2c1OC(C)(C)C2)C(C)C,CYP2A6,0
CCOC(=O)CCN(SN(C)C(=O)Oc1cccc2c1OC(C)(C)C2)C(C)C,CYP2B6,1
CCOC(=O)CCN(SN(C)C(=O)Oc1cccc2c1OC(C)(C)C2)C(C)C,CYP2C19,1
CCOC(=O)CCN(SN(C)C(=O)Oc1cccc2c1OC(C)(C)C2)C(C)C,CYP2C9,1
CCOC(=O)CCN(SN(C)C(=O)Oc1cccc2c1OC(C)(C)C2)C(C)C,CYP2E1,0
CCOC(=O)CCN(SN(C)C(=O)Oc1cccc2c1OC(C)(C)C2)C(C)C,CYP3A4,1
CCOC(=O)CCc1n[nH]c(=O)[nH]c1=O,CYP2A6,0
CCOC(=O)CCc1n[nH]c(=O)[nH]c1=O,CYP2C8,0
CCOC(=O)CNC(=O)CCCCCC(=O)NCC(=O)OCC,CYP2C19,0
CCOC(=O)CNC(=O)CCCCCC(=O)NCC(=O)OCC,CYP3A4,0
CCOC(=O)CN[C@@H](C(=O)N1CC[C@H]1C(=O)NCc1ccc(/C(N)=N/O)cc1)C1CCCCC1,CYP1A2,0
CCOC(=O)CN[C@@H](C(=O)N1CC[C@H]1C(=O)NCc1ccc(/C(N)=N/O)cc1)C1CCCCC1,CYP2A6,0
CCOC(=O)CN[C@@H](C(=O)N1CC[C@H]1C(=O)NCc1ccc(/C(N)=N/O)cc1)C1CCCCC1,CYP2C19,0
CCOC(=O)CN[C@@H](C(=O)N1CC[C@H]1C(=O)NCc1ccc(/C(N)=N/O)cc1)C1CCCCC1,CYP2C8,0
CCOC(=O)CN[C@@H](C(=O)N1CC[C@H]1C(=O)NCc1ccc(/C(N)=N/O)cc1)C1CCCCC1,CYP2C9,0
CCOC(=O)CN[C@@H](C(=O)N1CC[C@H]1C(=O)NCc1ccc(/C(N)=N/O)cc1)C1CCCCC1,CYP2D6,0
CCOC(=O)CN[C@@H](C(=O)N1CC[C@H]1C(=O)NCc1ccc(/C(N)=N/O)cc1)C1CCCCC1,CYP3A4,0
CCOC(=O)COc1ccsc1C(=O)OC,CYP3A4,0
CCOC(=O)COc1nc(N(C)C)nc(N(C)C)n1,CYP2E1,0
CCOC(=O)COn1c(=O)c(=O)n(OC)c2ccccc21,CYP2A6,0
CCOC(=O)CSCCC1NC(C(=O)O)CS1,CYP3A4,0
CCOC(=O)Cn1c(=O)c2c(nc(Br)n2CC(=O)OCC)n(C)c1=O,CYP2C9,0
CCOC(=O)N1CCC(=C2c3ccc(Cl)cc3CCc3cccnc32)CC1,CYP2B6,1
CCOC(=O)N1CCC(=C2c3ccc(Cl)cc3CCc3cccnc32)CC1,CYP2C19,1
CCOC(=O)N1CCC(=C2c3ccc(Cl)cc3CCc3cccnc32)CC1,CYP2D6,1
CCOC(=O)N1CCC(=C2c3ccc(Cl)cc3CCc3cccnc32)CC1,CYP2E1,0
CCOC(=O)N1CCC(=C2c3ccc(Cl)cc3CCc3cccnc32)CC1,CYP3A4,1
CCOC(=O)N1c2ccc(C(F)(F)F)cc2[C@@H](N(Cc2cc(C(F)(F)F)cc(C(F)(F)F)c2)C(=O)OC)C[C@H]1CC,CYP1A2,0
CCOC(=O)N1c2ccc(C(F)(F)F)cc2[C@@H](N(Cc2cc(C(F)(F)F)cc(C(F)(F)F)c2)C(=O)OC)C[C@H]1CC,CYP2A6,0
CCOC(=O)N1c2ccc(C(F)(F)F)cc2[C@@H](N(Cc2cc(C(F)(F)F)cc(C(F)(F)F)c2)C(=O)OC)C[C@H]1CC,CYP2B6,0
CCOC(=O)N1c2ccc(C(F)(F)F)cc2[C@@H](N(Cc2cc(C(F)(F)F)cc(C(F)(F)F)c2)C(=O)OC)C[C@H]1CC,CYP2C19,0
CCOC(=O)N1c2ccc(C(F)(F)F)cc2[C@@H](N(Cc2cc(C(F)(F)F)cc(C(F)(F)F)c2)C(=O)OC)C[C@H]1CC,CYP2C8,0
CCOC(=O)N1c2ccc(C(F)(F)F)cc2[C@@H](N(Cc2cc(C(F)(F)F)cc(C(F)(F)F)c2)C(=O)OC)C[C@H]1CC,CYP2C9,0
CCOC(=O)N1c2ccc(C(F)(F)F)cc2[C@@H](N(Cc2cc(C(F)(F)F)cc(C(F)(F)F)c2)C(=O)OC)C[C@H]1CC,CYP2D6,0
CCOC(=O)N1c2ccc(C(F)(F)F)cc2[C@@H](N(Cc2cc(C(F)(F)F)cc(C(F)(F)F)c2)C(=O)OC)C[C@H]1CC,CYP2E1,0
CCOC(=O)N1c2ccc(C(F)(F)F)cc2[C@@H](N(Cc2cc(C(F)(F)F)cc(C(F)(F)F)c2)C(=O)OC)C[C@H]1CC,CYP3A4,1
CCOC(=O)NC1=C(N2CC2)C(=O)C(NC(=O)OCC)=C(N2CC2)C1=O,CYP2C8,0
CCOC(=O)NC1=C(N2CC2)C(=O)C(NC(=O)OCC)=C(N2CC2)C1=O,CYP2E1,0
CCOC(=O)N[C@@H](CC(C)C)C(=O)O,CYP1A2,0
CCOC(=O)N[C@@H](CC(C)C)C(=O)O,CYP3A4,0
CCOC(=O)N[C@@H]1CC[C@@H]2[C@@H](C1)C[C@H]1C(=O)O[C@H](C)[C@H]1[C@H]2/C=C/c1ccc(-c2cccc(F)c2)cn1,CYP2A6,0
CCOC(=O)N[C@@H]1CC[C@@H]2[C@@H](C1)C[C@H]1C(=O)O[C@H](C)[C@H]1[C@H]2/C=C/c1ccc(-c2cccc(F)c2)cn1,CYP2C19,1
CCOC(=O)N[C@@H]1CC[C@@H]2[C@@H](C1)C[C@H]1C(=O)O[C@H](C)[C@H]1[C@H]2/C=C/c1ccc(-c2cccc(F)c2)cn1,CYP3A4,1
CCOC(=O)N[C@H](Cc1ccccc1)C(=O)N1CCC[C@H]1C(=O)NNCCCCN,CYP1A2,0
CCOC(=O)N[C@H](Cc1ccccc1)C(=O)N1CCC[C@H]1C(=O)NNCCCCN,CYP2B6,0
CCOC(=O)OC(C)OC(=O)[C@@H]1N2C(=O)[C@@H](NC(=O)[C@H](N)c3ccccc3)[C@H]2SC1(C)C,CYP2C8,0
CCOC(=O)[C@@H](N)Cc1ccc(O)c(O)c1,CYP3A4,0
CCOC(=O)[C@@H](NC(=O)c1nn(CCCCCF)c2ccccc12)C(C)C,CYP1A2,1
CCOC(=O)[C@@H](NC(=O)c1nn(CCCCCF)c2ccccc12)C(C)C,CYP2A6,0
CCOC(=O)[C@@H](NC(=O)c1nn(CCCCCF)c2ccccc12)C(C)C,CYP2B6,1
CCOC(=O)[C@@H](NC(=O)c1nn(CCCCCF)c2ccccc12)C(C)C,CYP2C19,1
CCOC(=O)[C@@H](NC(=O)c1nn(CCCCCF)c2ccccc12)C(C)C,CYP2E1,0
CCOC(=O)[C@@]1(c2ccccc2)CCC=C[C@@H]1NC,CYP2B6,1
CCOC(=O)[C@@]1(c2ccccc2)CCC=C[C@@H]1NC,CYP2C19,1
CCOC(=O)[C@H](C)NC(=O)[C@H](CC(C)C)NC(=O)[C@@H](CC(=O)NO)CC(C)C,CYP2A6,0
CCOC(=O)[C@H](C)NC(=O)[C@H](CC(C)C)NC(=O)[C@@H](CC(=O)NO)CC(C)C,CYP2E1,0
CCOC(=O)[C@H](C)NC(=O)[C@H](CC(C)C)NC(=O)[C@@H](CC(=O)NO)CC(C)C,CYP3A4,0
CCOC(=O)[C@H](CCc1ccccc1)N[C@@H](C)C(=O)N1[C@H](C(=O)O)C[C@@H]2CCC[C@@H]21,CYP2C8,0
CCOC(=O)[C@H](Cc1ccc(F)cc1)NC(=O)[C@@H](N)Cc1ccc(N(CCCl)CCCl)cc1,CYP2A6,0
CCOC(=O)[C@H]1O[C@@H]1C(=O)N[C@@H](CC(C)C)C(=O)NCCC(C)C,CYP3A4,0
CCOC(=O)[C@H]1O[C@@H]1C(=O)N[C@H](C(=O)N[C@@H](C)C(=O)O)[C@@H](C)CC,CYP3A4,0
CCOC(=O)[C@H]1O[C@@H]1C(=O)N[C@H](C(=O)N[C@H](C(=O)O)[C@@H](C)CC)[C@@H](C)CC,CYP2C19,0
CCOC(=O)[C@H]1O[C@@H]1C(=O)N[C@H](C(=O)N[C@H](C(=O)O)[C@@H](C)CC)[C@@H](C)O,CYP3A4,0
CCOC(=O)[C@H]1O[C@@H]1C(=O)N[C@H](C(=O)O)[C@@H](C)CC,CYP3A4,0
CCOC(=O)[C@]1(c2ccccc2)CCC=C[C@H]1N(C)C,CYP2B6,1
CCOC(=O)[C@]1(c2ccccc2)CCC=C[C@H]1N(C)C,CYP2C19,1
CCOC(=O)c1c(/C(C#N)=C\N)c2ccc(Cl)c(Cl)c2n1C,CYP2E1,0
CCOC(=O)c1c(CSc2ccccc2)n(C)c2cc(Br)c(O)c(CN(C)C)c12,CYP1A2,1
CCOC(=O)c1c(CSc2ccccc2)n(C)c2cc(Br)c(O)c(CN(C)C)c12,CYP2A6,0
CCOC(=O)c1c(CSc2ccccc2)n(C)c2cc(Br)c(O)c(CN(C)C)c12,CYP2B6,0
CCOC(=O)c1c(CSc2ccccc2)n(C)c2cc(Br)c(O)c(CN(C)C)c12,CYP2C19,1
CCOC(=O)c1c(CSc2ccccc2)n(C)c2cc(Br)c(O)c(CN(C)C)c12,CYP2C8,0
CCOC(=O)c1c(CSc2ccccc2)n(C)c2cc(Br)c(O)c(CN(C)C)c12,CYP2C9,0
CCOC(=O)c1c(CSc2ccccc2)n(C)c2cc(Br)c(O)c(CN(C)C)c12,CYP2D6,1
CCOC(=O)c1c(CSc2ccccc2)n(C)c2cc(Br)c(O)c(CN(C)C)c12,CYP2E1,1
CCOC(=O)c1c(CSc2ccccc2)n(C)c2cc(Br)c(O)c(CN(C)C)c12,CYP3A4,1
CCOC(=O)c1ccc(-n2nc(C(F)(F)F)cc2-c2ccc(C(F)(F)F)cc2)cc1,CYP2C9,0
CCOC(=O)c1ccc(-n2nc(C(F)(F)F)cc2-c2ccc(C)cc2)cc1,CYP2C9,1
CCOC(=O)c1ccc(N)cc1,CYP1A2,1
CCOC(=O)c1ccc(N)cc1,CYP2B6,1
CCOC(=O)c1ccc(N)cc1,CYP2E1,1
CCOC(=O)c1cccc(NC(=O)CSc2nncn2-c2ccccn2)c1,CYP2B6,0
CCOC(=O)c1cccc(NC(=O)CSc2nncn2-c2ccccn2)c1,CYP2E1,0
CCOC(=O)c1cnc(N)nc1O,CYP3A4,0
CCOC(C)(C)C,CYP2A6,1
CCOC(C)(C)C,CYP2E1,1
CCOC(CNc1c([N+](=O)[O-])c(=O)n(C)c(=O)n1C)OCC,CYP2A6,0
CCOC1(c2ccc(-c3cc4c(N5CCN(C(=O)O[C@@H]6CCOC6)CC5)ccnn4c3)nc2)CCN(C(C)C)CC1,CYP1A2,0
CCOC1(c2ccc(-c3cc4c(N5CCN(C(=O)O[C@@H]6CCOC6)CC5)ccnn4c3)nc2)CCN(C(C)C)CC1,CYP2C19,0
CCOC1Oc2ccc(OS(C)(=O)=O)cc2C1(C)C,CYP2B6,1
CCOC1Oc2ccc(OS(C)(=O)=O)cc2C1(C)C,CYP2C19,1
CCOCC(=O)O[C@@H]1C[C@H](C)CC[C@H]1C(C)C,CYP2C9,0
CCOCC(=O)O[C@@H]1C[C@H](C)CC[C@H]1C(C)C,CYP2D6,0
CCOCC(=O)O[C@@H]1C[C@H](C)CC[C@H]1C(C)C,CYP3A4,0
CCOCCCNC1(c2ccccc2)CCCCC1,CYP2B6,1
CCOCCCNC1(c2ccccc2)CCCCC1,CYP2C19,1
CCOCCCNC1(c2ccccc2)CCCCC1,CYP3A4,1
CCOCCn1c(C2CCN(CCc3ccc(C(C)(C)C(=O)O)cc3)CC2)nc2ccccc21,CYP1A2,0
CCOCCn1c(C2CCN(CCc3ccc(C(C)(C)C(=O)O)cc3)CC2)nc2ccccc21,CYP2A6,0
CCOCCn1c(C2CCN(CCc3ccc(C(C)(C)C(=O)O)cc3)CC2)nc2ccccc21,CYP2B6,0
CCOCCn1c(C2CCN(CCc3ccc(C(C)(C)C(=O)O)cc3)CC2)nc2ccccc21,CYP2C19,0
CCOCCn1c(C2CCN(CCc3ccc(C(C)(C)C(=O)O)cc3)CC2)nc2ccccc21,CYP2C8,0
CCOCCn1c(C2CCN(CCc3ccc(C(C)(C)C(=O)O)cc3)CC2)nc2ccccc21,CYP2C9,0
CCOCCn1c(C2CCN(CCc3ccc(C(C)(C)C(=O)O)cc3)CC2)nc2ccccc21,CYP2D6,0
CCOCCn1c(C2CCN(CCc3ccc(C(C)(C)C(=O)O)cc3)CC2)nc2ccccc21,CYP2E1,0
CCOCCn1c(C2CCN(CCc3ccc(C(C)(C)C(=O)O)cc3)CC2)nc2ccccc21,CYP3A4,0
CCOCN(C(=O)CCl)c1c(C)cccc1CC,CYP1A2,0
CCOCN(C(=O)CCl)c1c(C)cccc1CC,CYP2B6,1
CCOCN(C(=O)CCl)c1c(C)cccc1CC,CYP2D6,0
CCOCN(C(=O)CCl)c1c(C)cccc1CC,CYP2E1,0
CCOCN(C(=O)CCl)c1c(C)cccc1CC,CYP3A4,1
CCOCc1nc2c(N)nc3ccccc3c2n1CC(C)(C)O,CYP1A2,1
CCOCc1nc2c(N)nc3ccccc3c2n1CC(C)(C)O,CYP3A4,1
CCOP(=O)(Cc1ccc(C(=O)Nc2ccc(Br)cc2C#N)cc1)OCC,CYP2C8,1
CCOP(=O)(Cc1ccc(C(=O)Nc2ccc(Br)cc2C#N)cc1)OCC,CYP3A4,1
CCOP(=O)(OCC)OCCCCOC(=O)C(C)c1ccc(CC(C)C)cc1,CYP1A2,1
CCOP(=O)(OCC)OCCCCOC(=O)C(C)c1ccc(CC(C)C)cc1,CYP2C19,1
CCOP(=O)(OCC)OCCCCOC(=O)C(C)c1ccc(CC(C)C)cc1,CYP2D6,1
CCOP(=O)(OCC)OCCCCOC(=O)C(C)c1ccc(CC(C)C)cc1,CYP3A4,1
CCOP(=O)(OCC)OCCc1ccc(OC(=O)Cc2c(C)n(C(=O)c3ccc(Cl)cc3)c3ccc(OC)cc23)cc1,CYP1A2,0
CCOP(=O)(OCC)OCCc1ccc(OC(=O)Cc2c(C)n(C(=O)c3ccc(Cl)cc3)c3ccc(OC)cc23)cc1,CYP2C19,0
CCOP(=O)(OCC)OCCc1ccc(OC(=O)Cc2c(C)n(C(=O)c3ccc(Cl)cc3)c3ccc(OC)cc23)cc1,CYP2C9,0
CCOP(=O)(OCC)OCCc1ccc(OC(=O)Cc2c(C)n(C(=O)c3ccc(Cl)cc3)c3ccc(OC)cc23)cc1,CYP2D6,1
CCOP(=O)(OCC)OCCc1ccc(OC(=O)Cc2c(C)n(C(=O)c3ccc(Cl)cc3)c3ccc(OC)cc23)cc1,CYP3A4,1
CCOP(=S)(OCC)Oc1cc(C)nc(C(C)C)n1,CYP1A2,1
CCOP(=S)(OCC)Oc1cc(C)nc(C(C)C)n1,CYP2B6,1
CCOP(=S)(OCC)Oc1cc(C)nc(C(C)C)n1,CYP2C19,1
CCOP(=S)(OCC)Oc1cc(C)nc(C(C)C)n1,CYP2C8,1
CCOP(=S)(OCC)Oc1cc(C)nc(C(C)C)n1,CYP2C9,1
CCOP(=S)(OCC)Oc1cc(C)nc(C(C)C)n1,CYP2D6,1
CCOP(=S)(OCC)Oc1cc(C)nc(C(C)C)n1,CYP2E1,0
CCOP(=S)(OCC)Oc1cc(C)nc(C(C)C)n1,CYP3A4,1
CCOP(=S)(OCC)Oc1ccc([N+](=O)[O-])cc1,CYP1A2,1
CCOP(=S)(OCC)Oc1ccc([N+](=O)[O-])cc1,CYP2B6,1
CCOP(=S)(OCC)Oc1ccc([N+](=O)[O-])cc1,CYP2C19,1
CCOP(=S)(OCC)Oc1ccc([N+](=O)[O-])cc1,CYP2C8,1
CCOP(=S)(OCC)Oc1ccc([N+](=O)[O-])cc1,CYP2D6,1
CCOP(=S)(OCC)Oc1ccc([N+](=O)[O-])cc1,CYP2E1,1
CCOP(=S)(OCC)Oc1ccc([N+](=O)[O-])cc1,CYP3A4,1
CCOP(=S)(OCC)Oc1ccc2c(C)c(Cl)c(=O)oc2c1,CYP2A6,0
CCOP(=S)(OCC)Oc1nc(Cl)c(Cl)cc1Cl,CYP1A2,1
CCOP(=S)(OCC)Oc1nc(Cl)c(Cl)cc1Cl,CYP2B6,1
CCOP(=S)(OCC)Oc1nc(Cl)c(Cl)cc1Cl,CYP2C19,1
CCOP(=S)(OCC)Oc1nc(Cl)c(Cl)cc1Cl,CYP2C8,1
CCOP(=S)(OCC)Oc1nc(Cl)c(Cl)cc1Cl,CYP2D6,1
CCOP(=S)(OCC)Oc1nc(Cl)c(Cl)cc1Cl,CYP3A4,1
CCOP(=S)(OCC)SCCSCC,CYP1A2,1
CCOP(=S)(OCC)SCCSCC,CYP2B6,1
CCOP(=S)(OCC)SCCSCC,CYP2C19,1
CCOP(=S)(OCC)SCCSCC,CYP2C9,1
CCOP(=S)(OCC)SCCSCC,CYP2D6,1
CCOP(=S)(OCC)SCCSCC,CYP3A4,1
CCOP(=S)(OCC)SCSCC,CYP1A2,1
CCOP(=S)(OCC)SCSCC,CYP2A6,1
CCOP(=S)(OCC)SCSCC,CYP2B6,1
CCOP(=S)(OCC)SCSCC,CYP2C19,1
CCOP(=S)(OCC)SCSCC,CYP2C9,1
CCOP(=S)(OCC)SCSCC,CYP2D6,1
CCOP(=S)(OCC)SCSCC,CYP2E1,0
CCOP(=S)(OCC)SCSCC,CYP3A4,1
CCO[C@@H]1OC(C(N)=O)=C[C@H](C2CC2)[C@H]1CCCO,CYP2C19,0
CCO[C@@H]1OC(C(N)=O)=C[C@H](C2CC2)[C@H]1CCCO,CYP2C8,0
CCO[C@H]1OC(C(=O)O)=C[C@@H](C)[C@@H]1CCCO,CYP3A4,0
CCO[C@H]1O[C@@H]2O[C@@]3(C)CC[C@H]4[C@H](C)CC[C@@H]([C@H]1C)[C@@]24OO3,CYP2B6,1
CCO[C@H]1O[C@@H]2O[C@@]3(C)CC[C@H]4[C@H](C)CC[C@@H]([C@H]1C)[C@@]24OO3,CYP3A4,1
CCO[P@@](=O)(O)OP(=O)(O)O,CYP1A2,0
CCO[P@@](=O)(O)OP(=O)(O)O,CYP3A4,0
CCOc1c(N)c2c(c(OCC)c1OCC)C(C1c3c(cc4c(c3OC)OCO4)CCN1C)OC2=O,CYP2A6,0
CCOc1cc(CC(=O)N[C@@H](CC(C)C)c2ccccc2N2CCCCC2)ccc1C(=O)O,CYP2C8,1
CCOc1cc(CC(=O)N[C@@H](CC(C)C)c2ccccc2N2CCCCC2)ccc1C(=O)O,CYP3A4,1
CCOc1cc(CN2CCCCC2)ccc1OC,CYP2C8,0
CCOc1cc([C@@H](CS(C)(=O)=O)N2C(=O)c3cccc(NC(C)=O)c3C2=O)ccc1OC,CYP1A2,1
CCOc1cc([C@@H](CS(C)(=O)=O)N2C(=O)c3cccc(NC(C)=O)c3C2=O)ccc1OC,CYP2A6,1
CCOc1cc([C@@H](CS(C)(=O)=O)N2C(=O)c3cccc(NC(C)=O)c3C2=O)ccc1OC,CYP3A4,1
CCOc1cc2c3cc(OC)c(OC)cc3c[n+](C)c2c2cc(OC)c(OC)cc12,CYP1A2,0
CCOc1cc2c3cc(OC)c(OC)cc3c[n+](C)c2c2cc(OC)c(OC)cc12,CYP2C19,0
CCOc1cc2c3cc(OC)c(OC)cc3c[n+](C)c2c2cc(OC)c(OC)cc12,CYP2C8,0
CCOc1cc2c3cc(OC)c(OC)cc3c[n+](C)c2c2cc(OC)c(OC)cc12,CYP2C9,0
CCOc1cc2c3cc(OC)c(OC)cc3c[n+](C)c2c2cc(OC)c(OC)cc12,CYP2D6,0
CCOc1cc2c3cc(OC)c(OC)cc3c[n+](C)c2c2cc(OC)c(OC)cc12,CYP3A4,0
CCOc1ccc(-c2c(C#N)c(N)nc3sc(C(N)=O)c(N)c23)cc1,CYP2A6,0
CCOc1ccc(-c2c(C#N)c(N)nc3sc(C(N)=O)c(N)c23)cc1,CYP2E1,0
CCOc1ccc(Cc2cc([C@@H]3O[C@H](CO)[C@@H](O)[C@H](O)[C@H]3O)ccc2Cl)cc1,CYP1A2,1
CCOc1ccc(Cc2cc([C@@H]3O[C@H](CO)[C@@H](O)[C@H](O)[C@H]3O)ccc2Cl)cc1,CYP2A6,1
CCOc1ccc(Cc2cc([C@@H]3O[C@H](CO)[C@@H](O)[C@H](O)[C@H]3O)ccc2Cl)cc1,CYP2C9,1
CCOc1ccc(Cc2cc([C@@H]3O[C@H](CO)[C@@H](O)[C@H](O)[C@H]3O)ccc2Cl)cc1,CYP2D6,1
CCOc1ccc(Cc2cc([C@@H]3O[C@H](CO)[C@@H](O)[C@H](O)[C@H]3O)ccc2Cl)cc1,CYP3A4,1
CCOc1ccc(Cc2cc([C@@H]3O[C@H](SC)[C@@H](O)[C@H](O)[C@H]3O)ccc2Cl)cc1,CYP3A4,1
CCOc1ccc(Cc2cc([C@@H]3S[C@H](CO)[C@@H](O)[C@H](O)[C@H]3O)c(OC)cc2C)cc1,CYP1A2,0
CCOc1ccc(Cc2cc([C@@H]3S[C@H](CO)[C@@H](O)[C@H](O)[C@H]3O)c(OC)cc2C)cc1,CYP2A6,0
CCOc1ccc(Cc2cc([C@@H]3S[C@H](CO)[C@@H](O)[C@H](O)[C@H]3O)c(OC)cc2C)cc1,CYP2B6,0
CCOc1ccc(Cc2cc([C@@H]3S[C@H](CO)[C@@H](O)[C@H](O)[C@H]3O)c(OC)cc2C)cc1,CYP2E1,0
CCOc1ccc(Cc2cc([C@@H]3S[C@H](CO)[C@@H](O)[C@H](O)[C@H]3O)c(OC)cc2C)cc1,CYP3A4,1
CCOc1ccc(Cc2cc([C@]34OC[C@](CO)(O3)[C@@H](O)[C@H](O)[C@H]4O)ccc2Cl)cc1,CYP2B6,0
CCOc1ccc(Cc2cc([C@]34OC[C@](CO)(O3)[C@@H](O)[C@H](O)[C@H]4O)ccc2Cl)cc1,CYP2C9,0
CCOc1ccc(Cc2cc([C@]34OC[C@](CO)(O3)[C@@H](O)[C@H](O)[C@H]4O)ccc2Cl)cc1,CYP3A4,1
CCOc1ccc(NC(C)=O)cc1,CYP1A2,1
CCOc1ccc2c(C(F)(F)F)cc(=O)oc2c1,CYP1A2,1
CCOc1ccc2c(C(F)(F)F)cc(=O)oc2c1,CYP2B6,1
CCOc1ccc2c(C(F)(F)F)cc(=O)oc2c1,CYP2C19,1
CCOc1ccc2c(C(F)(F)F)cc(=O)oc2c1,CYP2C9,1
CCOc1ccc2c(C(F)(F)F)cc(=O)oc2c1,CYP2E1,1
CCOc1ccc2c(CCl)cc(=O)oc2c1,CYP1A2,1
CCOc1ccc2c(CCl)cc(=O)oc2c1,CYP2B6,1
CCOc1ccc2c(CCl)cc(=O)oc2c1,CYP2C19,1
CCOc1ccc2c(CCl)cc(=O)oc2c1,CYP2C8,1
CCOc1ccc2c(CCl)cc(=O)oc2c1,CYP2E1,1
CCOc1ccc2c(CCl)cc(=O)oc2c1,CYP3A4,1
CCOc1ccc2c3c1O[C@H]1[C@@H](O)C=C[C@H]4[C@@H](C2)N(C)CC[C@@]341,CYP2D6,1
CCOc1ccc2c3c1O[C@H]1[C@@H](O)C=C[C@H]4[C@@H](C2)N(C)CC[C@@]341,CYP3A4,1
CCOc1ccc2cc(C#N)c(=O)oc2c1,CYP1A2,1
CCOc1ccc2cc(C#N)c(=O)oc2c1,CYP2C19,1
CCOc1ccc2cc(C#N)c(=O)oc2c1,CYP2C9,1
CCOc1ccc2cc(C#N)c(=O)oc2c1,CYP2D6,1
CCOc1ccc2ccc(=O)oc2c1,CYP1A2,1
CCOc1ccc2ccc(=O)oc2c1,CYP2A6,1
CCOc1ccc2ccc(=O)oc2c1,CYP2E1,1
CCOc1ccc2nc3ccc(=O)cc-3oc2c1,CYP1A2,1
CCOc1ccc2nc3ccc(=O)cc-3oc2c1,CYP2C8,0
CCOc1ccc2nc3ccc(=O)cc-3oc2c1,CYP2C9,1
CCOc1ccc2nc3ccc(=O)cc-3oc2c1,CYP2E1,1
CCOc1ccccc1OCCN[C@H](C)Cc1ccc(OC)c(S(N)(=O)=O)c1,CYP2D6,1
CCOc1ccccc1OCCN[C@H](C)Cc1ccc(OC)c(S(N)(=O)=O)c1,CYP3A4,1
CCOc1ncc(C)c2c1[C@H](c1ccc(C#N)cc1OC)C(C(N)=O)=C(C)N2,CYP2C8,1
CCOc1ncc(C)c2c1[C@H](c1ccc(C#N)cc1OC)C(C(N)=O)=C(C)N2,CYP2C9,0
CCOc1ncc(C)c2c1[C@H](c1ccc(C#N)cc1OC)C(C(N)=O)=C(C)N2,CYP3A4,1
CCOc1ncc(C)c2c1[C@H](c1ccc(C#N)cc1OC)C(O)(C(N)=O)C(C)(O)N2,CYP1A2,0
CCOc1ncc(C)c2c1[C@H](c1ccc(C#N)cc1OC)C(O)(C(N)=O)C(C)(O)N2,CYP2A6,0
CCOc1ncc(C)c2c1[C@H](c1ccc(C#N)cc1OC)C(O)(C(N)=O)C(C)(O)N2,CYP2B6,0
CCOc1ncc(C)c2c1[C@H](c1ccc(C#N)cc1OC)C(O)(C(N)=O)C(C)(O)N2,CYP2C19,0
CCOc1ncc(C)c2c1[C@H](c1ccc(C#N)cc1OC)C(O)(C(N)=O)C(C)(O)N2,CYP2C8,0
CCOc1ncc(C)c2c1[C@H](c1ccc(C#N)cc1OC)C(O)(C(N)=O)C(C)(O)N2,CYP2C9,0
CCOc1ncc(C)c2c1[C@H](c1ccc(C#N)cc1OC)C(O)(C(N)=O)C(C)(O)N2,CYP2D6,0
CCOc1ncc(C)c2c1[C@H](c1ccc(C#N)cc1OC)C(O)(C(N)=O)C(C)(O)N2,CYP2E1,0
CCOc1ncc(C)c2c1[C@H](c1ccc(C#N)cc1OC)C(O)(C(N)=O)C(C)(O)N2,CYP3A4,1
CCOc1ncc(C)c2nc(C)c(C(N)=O)c(-c3ccc(C#N)cc3OC)c12,CYP1A2,0
CCOc1ncc(C)c2nc(C)c(C(N)=O)c(-c3ccc(C#N)cc3OC)c12,CYP2A6,0
CCOc1ncc(C)c2nc(C)c(C(N)=O)c(-c3ccc(C#N)cc3OC)c12,CYP2B6,0
CCOc1ncc(C)c2nc(C)c(C(N)=O)c(-c3ccc(C#N)cc3OC)c12,CYP2C19,0
CCOc1ncc(C)c2nc(C)c(C(N)=O)c(-c3ccc(C#N)cc3OC)c12,CYP2C8,0
CCOc1ncc(C)c2nc(C)c(C(N)=O)c(-c3ccc(C#N)cc3OC)c12,CYP2C9,0
CCOc1ncc(C)c2nc(C)c(C(N)=O)c(-c3ccc(C#N)cc3OC)c12,CYP2D6,0
CCOc1ncc(C)c2nc(C)c(C(N)=O)c(-c3ccc(C#N)cc3OC)c12,CYP2E1,0
CCOc1ncc(C)c2nc(C)c(C(N)=O)c(-c3ccc(C#N)cc3OC)c12,CYP3A4,1
CCS(=O)(=O)CCn1c([N+](=O)[O-])cnc1C,CYP3A4,1
CCS(=O)(=O)O,CYP1A2,0
CCS(=O)(=O)O,CYP2B6,0
CCS(=O)(=O)O,CYP2C9,0
CCS(=O)(=O)Oc1ccc2c(c1)C(C)(C)CO2,CYP1A2,1
CCS(=O)(=O)Oc1ccc2c(c1)C(C)(C)CO2,CYP2B6,1
CCS(=O)(=O)Oc1ccc2c(c1)C(C)(C)CO2,CYP2C19,1
CCSC[C@H]1O[C@@H](n2cnc3c(N)ncnc32)[C@H](O)[C@@H]1O,CYP3A4,0
CC[C@@H](C(=O)Nc1ccc(C(N)=O)c(F)c1)n1cc(OC)c(-c2cc(Cl)ccc2-n2cc(C(F)(F)F)nn2)cc1=O,CYP1A2,0
CC[C@@H](C(=O)Nc1ccc(C(N)=O)c(F)c1)n1cc(OC)c(-c2cc(Cl)ccc2-n2cc(C(F)(F)F)nn2)cc1=O,CYP2A6,0
CC[C@@H](C(=O)Nc1ccc(C(N)=O)c(F)c1)n1cc(OC)c(-c2cc(Cl)ccc2-n2cc(C(F)(F)F)nn2)cc1=O,CYP2B6,0
CC[C@@H](C(=O)Nc1ccc(C(N)=O)c(F)c1)n1cc(OC)c(-c2cc(Cl)ccc2-n2cc(C(F)(F)F)nn2)cc1=O,CYP2C19,0
CC[C@@H](C(=O)Nc1ccc(C(N)=O)c(F)c1)n1cc(OC)c(-c2cc(Cl)ccc2-n2cc(C(F)(F)F)nn2)cc1=O,CYP2C8,0
CC[C@@H](C(=O)Nc1ccc(C(N)=O)c(F)c1)n1cc(OC)c(-c2cc(Cl)ccc2-n2cc(C(F)(F)F)nn2)cc1=O,CYP2C9,0
CC[C@@H](C(=O)Nc1ccc(C(N)=O)c(F)c1)n1cc(OC)c(-c2cc(Cl)ccc2-n2cc(C(F)(F)F)nn2)cc1=O,CYP2D6,0
CC[C@@H](C(=O)Nc1ccc(C(N)=O)c(F)c1)n1cc(OC)c(-c2cc(Cl)ccc2-n2cc(C(F)(F)F)nn2)cc1=O,CYP2E1,0
CC[C@@H](C(=O)Nc1ccc(C(N)=O)c(F)c1)n1cc(OC)c(-c2cc(Cl)ccc2-n2cc(C(F)(F)F)nn2)cc1=O,CYP3A4,1
CC[C@@H](C(=O)O)[C@H](NS(=O)(=O)c1ccc(C)cc1)C(=O)O,CYP2E1,0
CC[C@@H](C)[C@H](N)C(=O)O,CYP2C8,0
CC[C@@H](C)[C@H](N)C(=O)O,CYP3A4,0
CC[C@@H](C)c1nccs1,CYP3A4,0
CC[C@@H](CO)NC(=O)[C@@H]1C=C2c3cccc4[nH]cc(c34)C[C@H]2N(C)C1,CYP3A4,1
CC[C@@H](CO)NC(=O)[C@@H]1C=C2c3cccc4c3c(cn4C)C[C@H]2N(C)C1,CYP3A4,1
CC[C@@H](NC=O)c1ccccc1,CYP2E1,0
CC[C@@H](OP(=O)(O)O)C(=O)O,CYP2D6,0
CC[C@@H](OP(=O)(O)O)C(=O)O,CYP3A4,0
CC[C@@H](c1cccc(O)c1)[C@@H](C)CN(C)C,CYP2C19,1
CC[C@@H](c1cccc(O)c1)[C@@H](C)CN(C)C,CYP2C9,1
CC[C@@H]1C(=O)OC[C@@H]1Cc1cncn1C,CYP1A2,0
CC[C@@H]1C(=O)OC[C@@H]1Cc1cncn1C,CYP2A6,1
CC[C@@H]1C(=O)OC[C@@H]1Cc1cncn1C,CYP2B6,0
CC[C@@H]1C(=O)OC[C@@H]1Cc1cncn1C,CYP2C19,0
CC[C@@H]1C(=O)OC[C@@H]1Cc1cncn1C,CYP2C9,0
CC[C@@H]1C(=O)OC[C@@H]1Cc1cncn1C,CYP2D6,0
CC[C@@H]1C(=O)OC[C@@H]1Cc1cncn1C,CYP2E1,0
CC[C@@H]1C(C)=NN=C(c2ccc(OC)c(OC)c2)c2cc(OC)c(OC)cc21,CYP2A6,0
CC[C@@H]1C(C)=NN=C(c2ccc(OC)c(OC)c2)c2cc(OC)c(OC)cc21,CYP2B6,0
CC[C@@H]1C(C)=NN=C(c2ccc(OC)c(OC)c2)c2cc(OC)c(OC)cc21,CYP2C19,1
CC[C@@H]1C(C)=NN=C(c2ccc(OC)c(OC)c2)c2cc(OC)c(OC)cc21,CYP2C8,0
CC[C@@H]1C(C)=NN=C(c2ccc(OC)c(OC)c2)c2cc(OC)c(OC)cc21,CYP2C9,1
CC[C@@H]1C(C)=NN=C(c2ccc(OC)c(OC)c2)c2cc(OC)c(OC)cc21,CYP2D6,0
CC[C@@H]1C(C)=NN=C(c2ccc(OC)c(OC)c2)c2cc(OC)c(OC)cc21,CYP2E1,0
CC[C@@H]1C(C)=NN=C(c2ccc(OC)c(OC)c2)c2cc(OC)c(OC)cc21,CYP3A4,1
CC[C@@H]1CN2CCc3c([nH]c4cccc(OC)c34)[C@@H]2C[C@@H]1/C(=C\OC)C(=O)OC,CYP2B6,0
CC[C@@H]1CN2CCc3c([nH]c4cccc(OC)c34)[C@@H]2C[C@@H]1/C(=C\OC)C(=O)OC,CYP3A4,1
CC[C@@H]1CN2CCc3c([nH]c4cccc(OC)c34)[C@H]2C[C@@H]1/C(=C\OC)C(=O)OC,CYP2D6,1
CC[C@@H]1CN2CCc3c([nH]c4cccc(OC)c34)[C@H]2C[C@@H]1/C(=C\OC)C(=O)OC,CYP3A4,1
CC[C@@H]1[C@H]2CCCC(=O)N3CC[C@@H](C[C@H]1O)[C@@H]23,CYP2B6,0
CC[C@@H]1[C@H]2CCCC(=O)N3CC[C@@H](C[C@H]1O)[C@@H]23,CYP2C8,0
CC[C@@]1(O)C(=O)OCc2c1cc1n(c2=O)Cc2c-1nc1ccccc1c2CCNC(C)C,CYP2C19,0
CC[C@@]1(O)C(=O)OCc2c1cc1n(c2=O)Cc2cc3c(N)cccc3nc2-1,CYP1A2,0
CC[C@@]1(O)C(=O)OCc2c1cc1n(c2=O)Cc2cc3c(N)cccc3nc2-1,CYP2A6,0
CC[C@@]1(O)C(=O)OCc2c1cc1n(c2=O)Cc2cc3c(N)cccc3nc2-1,CYP2B6,0
CC[C@@]1(O)C(=O)OCc2c1cc1n(c2=O)Cc2cc3c(N)cccc3nc2-1,CYP2C19,0
CC[C@@]1(O)C(=O)OCc2c1cc1n(c2=O)Cc2cc3c(N)cccc3nc2-1,CYP2C8,0
CC[C@@]1(O)C(=O)OCc2c1cc1n(c2=O)Cc2cc3c(N)cccc3nc2-1,CYP2C9,0
CC[C@@]1(O)C(=O)OCc2c1cc1n(c2=O)Cc2cc3c(N)cccc3nc2-1,CYP2D6,0
CC[C@@]1(O)C(=O)OCc2c1cc1n(c2=O)Cc2cc3c(N)cccc3nc2-1,CYP2E1,0
CC[C@@]1(O)C(=O)OCc2c1cc1n(c2=O)Cc2cc3c(N)cccc3nc2-1,CYP3A4,1
CC[C@@]1(c2ccccc2)NC(=O)N(C)C1=O,CYP1A2,1
CC[C@@]1(c2ccccc2)NC(=O)N(C)C1=O,CYP2B6,1
CC[C@@]1(c2ccccc2)NC(=O)N(C)C1=O,CYP2C19,1
CC[C@@]1(c2ccccc2)NC(=O)N(C)C1=O,CYP2C8,1
CC[C@@]1(c2ccccc2)NC(=O)N(C)C1=O,CYP2C9,1
CC[C@H](C)C(=O)O[C@H]1C[C@@H](C)C=C2C=C[C@H](C)[C@H](CC[C@@H]3C[C@@H](O)CC(=O)O3)[C@H]21,CYP3A4,1
CC[C@H](C)[C@@H]1C(=O)N[C@H](C2Cc3ccccc3C2)C(=O)N1[C@@H](C(=O)N1CCOCC1)c1ccc(C)nc1C,CYP2D6,0
CC[C@H](C)[C@@H]1C(=O)N[C@H](C2Cc3ccccc3C2)C(=O)N1[C@@H](C(=O)N1CCOCC1)c1ccc(C)nc1C,CYP2E1,0
CC[C@H](CO)Nc1nc(NCc2ccccc2)c2ncn(C(C)C)c2n1,CYP2B6,1
CC[C@H](CO)Nc1nc(NCc2ccccc2)c2ncn(C(C)C)c2n1,CYP3A4,1
CC[C@H](CO)Nc1nc(NCc2ccccc2O)c2ncn(C(C)C)c2n1,CYP2A6,0
CC[C@H](CO)Nc1nc(NCc2ccccc2O)c2ncn(C(C)C)c2n1,CYP2C9,0
CC[C@H](CO)Nc1nc(NCc2ccccc2O)c2ncn(C(C)C)c2n1,CYP2E1,0
CC[C@H](CO)Nc1nc(NCc2ccccc2O)c2ncn(C(C)C)c2n1,CYP3A4,1
CC[C@H](N)Cc1ccc2c(c1)OCO2,CYP2C19,1
CC[C@H](N)Cc1ccc2c(c1)OCO2,CYP2D6,1
CC[C@H](N)Cc1ccc2c(c1)OCO2,CYP3A4,1
CC[C@H](NC(=O)c1c(NS(C)(=O)=O)c(-c2ccccc2)nc2ccccc12)c1ccccc1,CYP1A2,0
CC[C@H](NC(=O)c1c(NS(C)(=O)=O)c(-c2ccccc2)nc2ccccc12)c1ccccc1,CYP2A6,0
CC[C@H](NC(=O)c1c(NS(C)(=O)=O)c(-c2ccccc2)nc2ccccc12)c1ccccc1,CYP2B6,0
CC[C@H](NC(=O)c1c(NS(C)(=O)=O)c(-c2ccccc2)nc2ccccc12)c1ccccc1,CYP2C19,0
CC[C@H](NC(=O)c1c(NS(C)(=O)=O)c(-c2ccccc2)nc2ccccc12)c1ccccc1,CYP2C8,0
CC[C@H](NC(=O)c1c(NS(C)(=O)=O)c(-c2ccccc2)nc2ccccc12)c1ccccc1,CYP2D6,0
CC[C@H](NC(=O)c1c(NS(C)(=O)=O)c(-c2ccccc2)nc2ccccc12)c1ccccc1,CYP3A4,1
CC[C@H](Nc1ncnc2[nH]c(=O)[nH]c12)c1nc2cccc(F)c2c(=O)n1-c1ccccc1,CYP2A6,0
CC[C@H](Nc1ncnc2[nH]c(=O)[nH]c12)c1nc2cccc(F)c2c(=O)n1-c1ccccc1,CYP2B6,0
CC[C@H](Nc1ncnc2[nH]c(=O)[nH]c12)c1nc2cccc(F)c2c(=O)n1-c1ccccc1,CYP2C19,1
CC[C@H](Nc1ncnc2[nH]c(=O)[nH]c12)c1nc2cccc(F)c2c(=O)n1-c1ccccc1,CYP2C8,0
CC[C@H](Nc1ncnc2[nH]c(=O)[nH]c12)c1nc2cccc(F)c2c(=O)n1-c1ccccc1,CYP2C9,1
CC[C@H](Nc1ncnc2[nH]c(=O)[nH]c12)c1nc2cccc(F)c2c(=O)n1-c1ccccc1,CYP2D6,1
CC[C@H](Nc1ncnc2[nH]c(=O)[nH]c12)c1nc2cccc(F)c2c(=O)n1-c1ccccc1,CYP3A4,1
CC[C@H](Nc1ncnc2nc[nH]c12)c1nc2cccc(F)c2c(=O)n1-c1ccccc1,CYP2C9,1
CC[C@H](Nc1ncnc2nc[nH]c12)c1nc2cccc(F)c2c(=O)n1-c1ccccc1,CYP3A4,1
CC[C@H](OC(C)=O)C(C[C@H](C)N(C)C)(c1ccccc1)c1ccccc1,CYP1A2,0
CC[C@H](OC(C)=O)C(C[C@H](C)N(C)C)(c1ccccc1)c1ccccc1,CYP2A6,0
CC[C@H](OC(C)=O)C(C[C@H](C)N(C)C)(c1ccccc1)c1ccccc1,CYP2B6,1
CC[C@H](OC(C)=O)C(C[C@H](C)N(C)C)(c1ccccc1)c1ccccc1,CYP2C19,1
CC[C@H](OC(C)=O)C(C[C@H](C)N(C)C)(c1ccccc1)c1ccccc1,CYP2C8,1
CC[C@H](OC(C)=O)C(C[C@H](C)N(C)C)(c1ccccc1)c1ccccc1,CYP2D6,0
CC[C@H](OC(C)=O)C(C[C@H](C)N(C)C)(c1ccccc1)c1ccccc1,CYP2E1,0
CC[C@H](OC(C)=O)C(C[C@H](C)N(C)C)(c1ccccc1)c1ccccc1,CYP3A4,1
CC[C@H](OC(C)=O)C(C[C@H](C)NC)(c1ccccc1)c1ccccc1,CYP1A2,0
CC[C@H](OC(C)=O)C(C[C@H](C)NC)(c1ccccc1)c1ccccc1,CYP2A6,0
CC[C@H](OC(C)=O)C(C[C@H](C)NC)(c1ccccc1)c1ccccc1,CYP2B6,1
CC[C@H](OC(C)=O)C(C[C@H](C)NC)(c1ccccc1)c1ccccc1,CYP2E1,0
CC[C@H](OC(C)=O)C(C[C@H](C)NC)(c1ccccc1)c1ccccc1,CYP3A4,1
CC[C@H]1C(C)=NN=C(c2ccc(OC)c(OC)c2)c2cc(OC)c(OC)cc21,CYP1A2,0
CC[C@H]1C(C)=NN=C(c2ccc(OC)c(OC)c2)c2cc(OC)c(OC)cc21,CYP2A6,0
CC[C@H]1C(C)=NN=C(c2ccc(OC)c(OC)c2)c2cc(OC)c(OC)cc21,CYP2B6,0
CC[C@H]1C(C)=NN=C(c2ccc(OC)c(OC)c2)c2cc(OC)c(OC)cc21,CYP2C19,1
CC[C@H]1C(C)=NN=C(c2ccc(OC)c(OC)c2)c2cc(OC)c(OC)cc21,CYP2C8,0
CC[C@H]1C(C)=NN=C(c2ccc(OC)c(OC)c2)c2cc(OC)c(OC)cc21,CYP2C9,1
CC[C@H]1C(C)=NN=C(c2ccc(OC)c(OC)c2)c2cc(OC)c(OC)cc21,CYP2E1,0
CC[C@H]1C(C)=NN=C(c2ccc(OC)c(OC)c2)c2cc(OC)c(OC)cc21,CYP3A4,1
CC[C@H]1CN2CCc3c([nH]c4ccccc34)[C@H]2C[C@@H]1/C(=C\OC)C(=O)OC,CYP3A4,1
CC[C@H]1CN2CCc3cc(OC)c(OC)cc3[C@@H]2C[C@@H]1C[C@H]1NCCc2cc(OC)c(OC)cc21,CYP2D6,1
CC[C@H]1CN2CCc3cc(OC)c(OC)cc3[C@@H]2C[C@@H]1C[C@H]1NCCc2cc(OC)c(OC)cc21,CYP3A4,1
CC[C@H]1C[C@@H]2C[C@H]3c4[nH]c5ccc(OC)cc5c4CCN(C2)[C@@H]13,CYP2C19,1
CC[C@H]1C[C@@H]2C[C@H]3c4[nH]c5ccc(OC)cc5c4CCN(C2)[C@@H]13,CYP2D6,1
CC[C@H]1C[C@@H]2C[C@H]3c4[nH]c5ccc(OC)cc5c4CCN(C2)[C@@H]13,CYP3A4,1
CC[C@H]1OC(=O)[C@H](C)[C@@H](O)[C@@H](C)C[C@@H](C)C(=O)/C=C/[C@H]1C,CYP2A6,0
CC[C@H]1OC(=O)[C@H](C)[C@@H](O)[C@@H](C)C[C@@H](C)C(=O)/C=C/[C@H]1C,CYP2D6,0
CC[C@H]1OC(=O)[C@H](C)[C@@H](O)[C@@H](C)C[C@@H](C)C(=O)/C=C/[C@H]1C,CYP3A4,0
CC[C@H]1OC(=O)[C@H](C)[C@@H](O)[C@H](C)[C@@H](O)[C@](C)(O)C[C@@H](C)CN(C)[C@H](C)[C@@H](O)[C@]1(C)O,CYP1A2,0
CC[C@H]1OC(=O)[C@H](C)[C@@H](O)[C@H](C)[C@@H](O)[C@](C)(O)C[C@@H](C)CN(C)[C@H](C)[C@@H](O)[C@]1(C)O,CYP2B6,0
CC[C@H]1OC(=O)[C@H](C)[C@@H](O)[C@H](C)[C@@H](O)[C@](C)(O)C[C@@H](C)CN(C)[C@H](C)[C@@H](O)[C@]1(C)O,CYP2C19,0
CC[C@H]1OC(=O)[C@H](C)[C@@H](O)[C@H](C)[C@@H](O)[C@](C)(O)C[C@@H](C)CN(C)[C@H](C)[C@@H](O)[C@]1(C)O,CYP2C8,0
CC[C@H]1OC(=O)[C@H](C)[C@@H](O)[C@H](C)[C@@H](O)[C@](C)(O)C[C@@H](C)CN(C)[C@H](C)[C@@H](O)[C@]1(C)O,CYP2C9,0
CC[C@H]1OC(=O)[C@H](C)[C@@H](O)[C@H](C)[C@@H](O)[C@](C)(O)C[C@@H](C)CN(C)[C@H](C)[C@@H](O)[C@]1(C)O,CYP2D6,0
CC[C@H]1OC(=O)[C@H](C)[C@@H](O)[C@H](C)[C@@H](O)[C@](C)(O)C[C@@H](C)CN(C)[C@H](C)[C@@H](O)[C@]1(C)O,CYP3A4,1
CC[C@H]1OC(=O)[C@H](C)[C@@H](O[C@H]2C[C@@](C)(OC)[C@@H](O)[C@H](C)O2)[C@H](C)[C@@H](O[C@@H]2O[C@H](C)C[C@H](N(C)C)[C@H]2O)[C@](C)(O)C[C@@H](C)C(=O)[C@H](C)[C@@H](O)[C@]1(C)O,CYP3A4,1
CC[C@H]1OC(=O)[C@H](C)[C@@H](O[C@H]2C[C@@](C)(OC)[C@@H](O)[C@H](C)O2)[C@H](C)[C@@H](O[C@@H]2O[C@H](C)C[C@H](N(C)C)[C@H]2O)[C@](C)(OC)C[C@@H](C)C(=O)[C@H](C)[C@@H](O)[C@]1(C)O,CYP1A2,0
CC[C@H]1OC(=O)[C@H](C)[C@@H](O[C@H]2C[C@@](C)(OC)[C@@H](O)[C@H](C)O2)[C@H](C)[C@@H](O[C@@H]2O[C@H](C)C[C@H](N(C)C)[C@H]2O)[C@](C)(OC)C[C@@H](C)C(=O)[C@H](C)[C@@H](O)[C@]1(C)O,CYP2A6,0
CC[C@H]1OC(=O)[C@H](C)[C@@H](O[C@H]2C[C@@](C)(OC)[C@@H](O)[C@H](C)O2)[C@H](C)[C@@H](O[C@@H]2O[C@H](C)C[C@H](N(C)C)[C@H]2O)[C@](C)(OC)C[C@@H](C)C(=O)[C@H](C)[C@@H](O)[C@]1(C)O,CYP2C19,0
CC[C@H]1OC(=O)[C@H](C)[C@@H](O[C@H]2C[C@@](C)(OC)[C@@H](O)[C@H](C)O2)[C@H](C)[C@@H](O[C@@H]2O[C@H](C)C[C@H](N(C)C)[C@H]2O)[C@](C)(OC)C[C@@H](C)C(=O)[C@H](C)[C@@H](O)[C@]1(C)O,CYP2C9,0
CC[C@H]1OC(=O)[C@H](C)[C@@H](O[C@H]2C[C@@](C)(OC)[C@@H](O)[C@H](C)O2)[C@H](C)[C@@H](O[C@@H]2O[C@H](C)C[C@H](N(C)C)[C@H]2O)[C@](C)(OC)C[C@@H](C)C(=O)[C@H](C)[C@@H](O)[C@]1(C)O,CYP2D6,0
CC[C@H]1OC(=O)[C@H](C)[C@@H](O[C@H]2C[C@@](C)(OC)[C@@H](O)[C@H](C)O2)[C@H](C)[C@@H](O[C@@H]2O[C@H](C)C[C@H](N(C)C)[C@H]2O)[C@](C)(OC)C[C@@H](C)C(=O)[C@H](C)[C@@H](O)[C@]1(C)O,CYP2E1,0
CC[C@H]1OC(=O)[C@H](C)[C@@H](O[C@H]2C[C@@](C)(OC)[C@@H](O)[C@H](C)O2)[C@H](C)[C@@H](O[C@@H]2O[C@H](C)C[C@H](N(C)C)[C@H]2O)[C@](C)(OC)C[C@@H](C)C(=O)[C@H](C)[C@@H](O)[C@]1(C)O,CYP3A4,1
CC[C@H]1[C@@H](O)[C@@H]2[C@H](CC[C@]3(C)[C@@H]([C@H](C)CCC(=O)O)CC[C@@H]23)[C@@]2(C)CC[C@@H](O)C[C@@H]12,CYP2D6,0
CC[C@]1(O)CC[C@H]2[C@@H]3CCC4=CC(=O)CCC4=C3C=C[C@@]21CC,CYP1A2,0
CC[C@]1(O)CC[C@H]2[C@@H]3CCC4=CC(=O)CCC4=C3C=C[C@@]21CC,CYP2A6,0
CC[C@]1(O)CC[C@H]2[C@@H]3CCC4=CC(=O)CCC4=C3C=C[C@@]21CC,CYP2B6,0
CC[C@]1(O)CC[C@H]2[C@@H]3CCC4=CC(=O)CCC4=C3C=C[C@@]21CC,CYP2C19,0
CC[C@]1(O)CC[C@H]2[C@@H]3CCC4=CC(=O)CCC4=C3C=C[C@@]21CC,CYP2C8,0
CC[C@]1(O)CC[C@H]2[C@@H]3CCC4=CC(=O)CCC4=C3C=C[C@@]21CC,CYP2C9,0
CC[C@]1(O)CC[C@H]2[C@@H]3CCC4=CC(=O)CCC4=C3C=C[C@@]21CC,CYP2D6,0
CC[C@]1(O)CC[C@H]2[C@@H]3CCC4=CC(=O)CCC4=C3C=C[C@@]21CC,CYP2E1,0
CC[C@]1(O)CC[C@H]2[C@@H]3CCC4=CC(=O)CCC4=C3C=C[C@@]21CC,CYP3A4,1
CC[C@]1(O)CC[C@H]2[C@@H]3CCC4=CCCC[C@@H]4[C@H]3CC[C@@]21C,CYP1A2,0
CC[C@]1(O)Cc2cc3c(c(O)c2[C@@H](O[C@H]2C[C@H](N(C)C)[C@H](O)[C@H](C)O2)C1)C(=O)c1c(O)cccc1C3=O,CYP2A6,0
CC[C@]12CCCn3ccc(c31)-c1ccccc1NC(=O)CC2,CYP2B6,1
CC[C@]12CCCn3ccc(c31)-c1ccccc1NC(=O)CC2,CYP3A4,1
CC[N+](C)(CC)CCc1c(C(F)(F)F)c2ccc(OC)cc2oc1=O,CYP2D6,1
CC[N+](C)(CC)CCc1c(C)c2ccc(OC)cc2oc1=O,CYP2D6,1
CC[S+]([O-])c1c(C#N)nn(-c2c(Cl)cc(C(F)(F)F)cc2Cl)c1N,CYP3A4,1
CCc1[nH]nc(C(=O)Nc2ccc([C@H]3CNCCO3)cc2)c1C,CYP2A6,0
CCc1[nH]nc(C(=O)Nc2ccc([C@H]3CNCCO3)cc2)c1C,CYP2B6,0
CCc1cc(/C(C)=N/OCc2ccc(C3CCCCC3)c(C(F)(F)F)c2)ccc1CN1CC(C(=O)O)C1,CYP1A2,0
CCc1cc(/C(C)=N/OCc2ccc(C3CCCCC3)c(C(F)(F)F)c2)ccc1CN1CC(C(=O)O)C1,CYP2A6,0
CCc1cc(/C(C)=N/OCc2ccc(C3CCCCC3)c(C(F)(F)F)c2)ccc1CN1CC(C(=O)O)C1,CYP2C9,1
CCc1cc(/C(C)=N/OCc2ccc(C3CCCCC3)c(C(F)(F)F)c2)ccc1CN1CC(C(=O)O)C1,CYP2D6,0
CCc1cc(/C(C)=N/OCc2ccc(C3CCCCC3)c(C(F)(F)F)c2)ccc1CN1CC(C(=O)O)C1,CYP2E1,0
CCc1cc(O)ccc1-c1ccc2c(-c3nc4c([nH]3)C[C@@H](C(=O)N3CC(N(C)C)C3)N(C(C)C)C4)n[nH]c2c1,CYP2B6,0
CCc1cc(O)ccc1-c1ccc2c(-c3nc4c([nH]3)C[C@@H](C(=O)N3CC(N(C)C)C3)N(C(C)C)C4)n[nH]c2c1,CYP2C8,0
CCc1cc(O)ccc1-c1ccc2c(-c3nc4c([nH]3)C[C@@H](C(=O)N3CC(N(C)C)C3)N(C(C)C)C4)n[nH]c2c1,CYP2C9,0
CCc1cc2c(cc1CC)CC(NC[C@H](O)c1ccc(O)c3[nH]c(=O)ccc13)C2,CYP2D6,1
CCc1cc2c(cc1CC)CC(NC[C@H](O)c1ccc(O)c3[nH]c(=O)ccc13)C2,CYP3A4,1
CCc1cc2c(cc1N1CCC(N3CCOCC3)CC1)C(C)(C)c1[nH]c3cc(C#N)ccc3c1C2=O,CYP2C8,1
CCc1cc2c(cc1N1CCC(N3CCOCC3)CC1)C(C)(C)c1[nH]c3cc(C#N)ccc3c1C2=O,CYP3A4,1
CCc1cc2c(cc1N1CCC(NCCO)CC1)C(C)(C)c1[nH]c3cc(C#N)ccc3c1C2=O,CYP1A2,0
CCc1cc2c(cc1N1CCC(NCCO)CC1)C(C)(C)c1[nH]c3cc(C#N)ccc3c1C2=O,CYP2B6,0
CCc1cc2c(cc1N1CCC(NCCO)CC1)C(C)(C)c1[nH]c3cc(C#N)ccc3c1C2=O,CYP2C9,0
CCc1cc2c(cc1N1CCC(NCCO)CC1)C(C)(C)c1[nH]c3cc(C#N)ccc3c1C2=O,CYP2D6,0
CCc1cc2c(cc1N1CCC(NCCO)CC1)C(C)(C)c1[nH]c3cc(C#N)ccc3c1C2=O,CYP2E1,0
CCc1cc2c(cc1N1CCC(NCCO)CC1)C(C)(C)c1[nH]c3cc(C#N)ccc3c1C2=O,CYP3A4,1
CCc1cc2c(s1)-n1c(C)nnc1CN=C2c1ccccc1Cl,CYP1A2,0
CCc1cc2c(s1)-n1c(C)nnc1CN=C2c1ccccc1Cl,CYP2A6,0
CCc1cc2c(s1)-n1c(C)nnc1CN=C2c1ccccc1Cl,CYP2B6,1
CCc1cc2c(s1)-n1c(C)nnc1CN=C2c1ccccc1Cl,CYP2C19,1
CCc1cc2c(s1)-n1c(C)nnc1CN=C2c1ccccc1Cl,CYP2C8,0
CCc1cc2c(s1)-n1c(C)nnc1CN=C2c1ccccc1Cl,CYP2C9,0
CCc1cc2c(s1)-n1c(C)nnc1CN=C2c1ccccc1Cl,CYP2D6,0
CCc1cc2c(s1)-n1c(C)nnc1CN=C2c1ccccc1Cl,CYP2E1,0
CCc1cc2c(s1)-n1c(C)nnc1CN=C2c1ccccc1Cl,CYP3A4,1
CCc1cc2c(s1)N(C)C(=O)CN=C2c1ccccc1Cl,CYP1A2,1
CCc1cc2c(s1)N(C)C(=O)CN=C2c1ccccc1Cl,CYP2A6,0
CCc1cc2c(s1)N(C)C(=O)CN=C2c1ccccc1Cl,CYP2B6,1
CCc1cc2c(s1)N(C)C(=O)CN=C2c1ccccc1Cl,CYP2C19,1
CCc1cc2c(s1)N(C)C(=O)CN=C2c1ccccc1Cl,CYP2C8,0
CCc1cc2c(s1)N(C)C(=O)CN=C2c1ccccc1Cl,CYP2C9,0
CCc1cc2c(s1)N(C)C(=O)CN=C2c1ccccc1Cl,CYP2D6,1
CCc1cc2c(s1)N(C)C(=O)CN=C2c1ccccc1Cl,CYP2E1,0
CCc1cc2c(s1)N(C)C(=O)CN=C2c1ccccc1Cl,CYP3A4,1
CCc1ccc(C(=O)C(C)CN2CCCCC2)cc1,CYP1A2,1
CCc1ccc(C(=O)C(C)CN2CCCCC2)cc1,CYP2D6,1
CCc1ccc(C(=O)C(C)CN2CCCCC2)cc1,CYP2E1,0
CCc1ccc(C(=O)NN(C(=O)c2cc(C)cc(C)c2)C(C)(C)C)cc1,CYP2C19,1
CCc1ccc(C(=O)NN(C(=O)c2cc(C)cc(C)c2)C(C)(C)C)cc1,CYP3A4,1
CCc1ccc(C(=O)c2cn(CCCCCF)c3ccccc23)c2ccccc12,CYP1A2,1
CCc1ccc(C(=O)c2cn(CCCCCF)c3ccccc23)c2ccccc12,CYP2A6,0
CCc1ccc(C(=O)c2cn(CCCCCF)c3ccccc23)c2ccccc12,CYP2B6,1
CCc1ccc(C(=O)c2cn(CCCCCF)c3ccccc23)c2ccccc12,CYP2C19,1
CCc1ccc(C(=O)c2cn(CCCCCF)c3ccccc23)c2ccccc12,CYP2C8,1
CCc1ccc(C(=O)c2cn(CCCCCF)c3ccccc23)c2ccccc12,CYP2C9,1
CCc1ccc(C(=O)c2cn(CCCCCF)c3ccccc23)c2ccccc12,CYP2D6,1
CCc1ccc(C(=O)c2cn(CCCCCF)c3ccccc23)c2ccccc12,CYP2E1,0
CCc1ccc(CC(C)NCc2ccccc2OC)cc1,CYP1A2,1
CCc1ccc(CC(C)NCc2ccccc2OC)cc1,CYP2A6,0
CCc1ccc(CC(C)NCc2ccccc2OC)cc1,CYP2B6,1
CCc1ccc(CC(C)NCc2ccccc2OC)cc1,CYP2C8,0
CCc1ccc(CC(C)NCc2ccccc2OC)cc1,CYP2E1,0
CCc1ccc(CC(C)NCc2ccccc2OC)cc1,CYP3A4,1
CCc1ccc(CCOc2ccc(CC3SC(=O)NC3=O)cc2)nc1,CYP2B6,0
CCc1ccc(CCOc2ccc(CC3SC(=O)NC3=O)cc2)nc1,CYP2C19,1
CCc1ccc(CCOc2ccc(CC3SC(=O)NC3=O)cc2)nc1,CYP2C8,1
CCc1ccc(CCOc2ccc(CC3SC(=O)NC3=O)cc2)nc1,CYP3A4,1
CCc1ccc(Cc2ccc3c(c2)[C@]2(OC3)O[C@H](CO)[C@@H](O)[C@H](O)[C@H]2O)cc1,CYP2E1,0
CCc1ccc(Cc2ccc3c(c2)[C@]2(OC3)O[C@H](CO)[C@@H](O)[C@H](O)[C@H]2O)cc1,CYP3A4,1
CCc1ccc(NS(=O)(=O)O)cc1,CYP2A6,0
CCc1ccc(OCCCC(=O)O)c(Br)c1,CYP2A6,0
CCc1ccc2ccc3cccc4ccc1c2c34,CYP1A2,1
CCc1ccc2ccc3cccc4ccc1c2c34,CYP3A4,1
CCc1cccc(C)c1N(C(=O)CCl)C(C)COC,CYP1A2,0
CCc1cccc(C)c1N(C(=O)CCl)C(C)COC,CYP2B6,1
CCc1cccc(C)c1N(C(=O)CCl)C(C)COC,CYP2D6,0
CCc1cccc(C)c1N(C(=O)CCl)C(C)COC,CYP2E1,0
CCc1cccc(C)c1N(C(=O)CCl)C(C)COC,CYP3A4,1
CCc1cccc(CC)c1N(COC)C(=O)CCl,CYP1A2,0
CCc1cccc(CC)c1N(COC)C(=O)CCl,CYP2B6,1
CCc1cccc(CC)c1N(COC)C(=O)CCl,CYP2D6,0
CCc1cccc(CC)c1N(COC)C(=O)CCl,CYP2E1,0
CCc1cccc(CC)c1N(COC)C(=O)CCl,CYP3A4,1
CCc1cccc2c3c([nH]c12)C(CC)(CC(=O)O)OCC3,CYP2C9,1
CCc1cccc2c3c([nH]c12)[C@@](CC)(CC(=O)O)OCC3,CYP2C9,1
CCc1cccc2c3c([nH]c12)[C@](CC)(CC(=O)O)OCC3,CYP2C9,1
CCc1cccc2cc(C(O)CNC(C)(C)C)oc12,CYP1A2,1
CCc1cccc2cc(C(O)CNC(C)(C)C)oc12,CYP2C19,1
CCc1cccc2cc(C(O)CNC(C)(C)C)oc12,CYP2D6,1
CCc1cccc2cc(C(O)CNC(C)(C)C)oc12,CYP3A4,1
CCc1ccccc1,CYP1A2,1
CCc1ccccc1,CYP2A6,1
CCc1ccccc1,CYP2B6,1
CCc1ccccc1,CYP2C19,1
CCc1ccccc1,CYP2E1,1
CCc1cn([C@H]2C[C@H](O)[C@@H](CO)O2)c(=O)[nH]c1=O,CYP3A4,0
CCc1nc(-c2ccc(-c3ccc(CCC(N)(CO)CO)cc3)cc2)co1,CYP2B6,0
CCc1nc(-c2ccc(-c3ccc(CCC(N)(CO)CO)cc3)cc2)co1,CYP2C9,0
CCc1nc(-c2ccc(-c3ccc(CCC(N)(CO)CO)cc3)cc2)co1,CYP2E1,0
CCc1nc(-c2ccc(-c3ccc(CCC(N)(CO)CO)cc3)cc2)co1,CYP3A4,0
CCc1nc(-c2ccc3c(c2)CC[C@H]3NC(=O)c2cnn(C)c2)no1,CYP2C8,1
CCc1nc(-c2ccc3c(c2)CC[C@H]3NC(=O)c2cnn(C)c2)no1,CYP2C9,1
CCc1nc(-c2ccc3c(c2)CC[C@H]3NC(=O)c2cnn(C)c2)no1,CYP2D6,1
CCc1nc(-c2ccc3c(c2)CC[C@H]3NC(=O)c2cnn(C)c2)no1,CYP3A4,1
CCc1nc(C)ccc1O,CYP3A4,0
CCc1nn(CCCN2CCN(c3ccc(O)c(Cl)c3)CC2)c(=O)n1CCOc1ccccc1,CYP3A4,1
CCc1nn(CCCN2CCN(c3cccc(Cl)c3)CC2)c(=O)n1CC,CYP1A2,0
CCc1nn(CCCN2CCN(c3cccc(Cl)c3)CC2)c(=O)n1CC,CYP2B6,0
CCc1nn(CCCN2CCN(c3cccc(Cl)c3)CC2)c(=O)n1CC,CYP2C8,0
CCc1nn(CCCN2CCN(c3cccc(Cl)c3)CC2)c(=O)n1CC,CYP3A4,1
CCc1nn(CCCN2CCN(c3cccc(Cl)c3)CC2)c(=O)n1CCOc1ccccc1,CYP1A2,0
CCc1nn(CCCN2CCN(c3cccc(Cl)c3)CC2)c(=O)n1CCOc1ccccc1,CYP2C19,0
CCc1nn(CCCN2CCN(c3cccc(Cl)c3)CC2)c(=O)n1CCOc1ccccc1,CYP2C9,0
CCc1nn(CCCN2CCN(c3cccc(Cl)c3)CC2)c(=O)n1CCOc1ccccc1,CYP2D6,0
CCc1nn(CCCN2CCN(c3cccc(Cl)c3)CC2)c(=O)n1CCOc1ccccc1,CYP3A4,1
CCc1nnc(NC(=O)CCC(=O)NC2CCCCCCC2)s1,CYP2C19,0
CCc1oc2cc(O)ccc2c1C(=O)c1cc(Br)c(O)c(Br)c1,CYP1A2,1
CCc1oc2cc(O)ccc2c1C(=O)c1cc(Br)c(O)c(Br)c1,CYP2A6,0
CCc1oc2cc(O)ccc2c1C(=O)c1cc(Br)c(O)c(Br)c1,CYP2B6,0
CCc1oc2cc(O)ccc2c1C(=O)c1cc(Br)c(O)c(Br)c1,CYP2D6,0
CCc1oc2cc(O)ccc2c1C(=O)c1cc(Br)c(O)c(Br)c1,CYP3A4,0
CCc1oc2ccccc2c1C(=O)c1cc(Br)c(O)c(Br)c1,CYP1A2,1
CCc1oc2ccccc2c1C(=O)c1cc(Br)c(O)c(Br)c1,CYP2A6,0
CCc1oc2ccccc2c1C(=O)c1cc(Br)c(O)c(Br)c1,CYP2B6,0
CCc1oc2ccccc2c1C(=O)c1cc(Br)c(O)c(Br)c1,CYP2C19,1
CCc1oc2ccccc2c1C(=O)c1cc(Br)c(O)c(Br)c1,CYP2C9,1
CCc1oc2ccccc2c1C(=O)c1cc(Br)c(O)c(Br)c1,CYP2D6,0
CCc1oc2ccccc2c1C(=O)c1cc(Br)c(O)c(Br)c1,CYP2E1,0
CCc1oc2ccccc2c1C(=O)c1cc(Br)c(O)c(Br)c1,CYP3A4,1
CCn1c(=O)c(-c2cc(NC(=O)Nc3ccccc3)c(F)cc2Br)cc2cnc(N)cc21,CYP2C8,1
CCn1c(=O)c(-c2cc(NC(=O)Nc3ccccc3)c(F)cc2Br)cc2cnc(N)cc21,CYP2D6,1
CCn1c(=O)c(-c2cc(NC(=O)Nc3ccccc3)c(F)cc2Br)cc2cnc(N)cc21,CYP2E1,1
CCn1c(=O)c(-c2cc(NC(=O)Nc3ccccc3)c(F)cc2Br)cc2cnc(N)cc21,CYP3A4,1
CCn1c(=O)c(-c2cc(NC(=O)Nc3ccccc3)c(F)cc2Br)cc2cnc(NC)cc21,CYP2C8,1
CCn1c(=O)c(-c2cc(NC(=O)Nc3ccccc3)c(F)cc2Br)cc2cnc(NC)cc21,CYP2D6,1
CCn1c(=O)c(-c2cc(NC(=O)Nc3ccccc3)c(F)cc2Br)cc2cnc(NC)cc21,CYP3A4,1
CCn1cc(C(=O)N2CCOCC2)c(=O)c2cc(NC3Cc4ccccc4C3)cnc21,CYP2A6,0
CCn1cc(C(=O)N2CCOCC2)c(=O)c2cc(NC3Cc4ccccc4C3)cnc21,CYP2B6,0
CCn1cc(C(=O)O)c(=O)c2cc(F)c(N3CCN(C)CC3)cc21,CYP1A2,1
CCn1cc(C(=O)O)c(=O)c2cc(F)c(N3CCN(C)CC3)cc21,CYP2A6,0
CCn1cc(C(=O)O)c(=O)c2cc(F)c(N3CCN(C)CC3)cc21,CYP2D6,0
CCn1nnc(C2=CCCN(C)C2)n1,CYP1A2,1
CCn1nnc(C2=CCCN(C)C2)n1,CYP2A6,1
CCn1nnc(C2=CCCN(C)C2)n1,CYP2C19,1
CCn1nnc(C2=CCCN(C)C2)n1,CYP2D6,1
CCn1nnc(C2=CCCN(C)C2)n1,CYP3A4,1
CCn1nnn(CCN2CC[C@H](N(C(=O)COC)c3ccccc3F)[C@H](C)C2)c1=O,CYP2B6,0
CN(C(=O)/C=C/c1ccoc1)[C@@H]1CC[C@@]2(O)[C@H]3Cc4ccc(O)c5c4[C@@]2(CCN3CC2CC2)[C@H]1O5,CYP1A2,0
CN(C(=O)/C=C/c1ccoc1)[C@@H]1CC[C@@]2(O)[C@H]3Cc4ccc(O)c5c4[C@@]2(CCN3CC2CC2)[C@H]1O5,CYP2A6,0
CN(C(=O)/C=C/c1ccoc1)[C@@H]1CC[C@@]2(O)[C@H]3Cc4ccc(O)c5c4[C@@]2(CCN3CC2CC2)[C@H]1O5,CYP2C19,1
CN(C(=O)/C=C/c1ccoc1)[C@@H]1CC[C@@]2(O)[C@H]3Cc4ccc(O)c5c4[C@@]2(CCN3CC2CC2)[C@H]1O5,CYP2C8,1
CN(C(=O)/C=C/c1ccoc1)[C@@H]1CC[C@@]2(O)[C@H]3Cc4ccc(O)c5c4[C@@]2(CCN3CC2CC2)[C@H]1O5,CYP2C9,0
CN(C(=O)/C=C/c1ccoc1)[C@@H]1CC[C@@]2(O)[C@H]3Cc4ccc(O)c5c4[C@@]2(CCN3CC2CC2)[C@H]1O5,CYP2D6,0
CN(C(=O)/C=C/c1ccoc1)[C@@H]1CC[C@@]2(O)[C@H]3Cc4ccc(O)c5c4[C@@]2(CCN3CC2CC2)[C@H]1O5,CYP2E1,0
CN(C(=O)/C=C/c1ccoc1)[C@@H]1CC[C@@]2(O)[C@H]3Cc4ccc(O)c5c4[C@@]2(CCN3CC2CC2)[C@H]1O5,CYP3A4,1
CN(C(=O)COc1nc2ccccc2s1)c1ccccc1,CYP1A2,1
CN(C(=O)COc1nc2ccccc2s1)c1ccccc1,CYP2C19,1
CN(C(=O)c1c(O)c2ccccc2n(C)c1=O)c1ccccc1,CYP1A2,0
CN(C(=O)c1c(O)c2ccccc2n(C)c1=O)c1ccccc1,CYP2C19,0
CN(C(=O)c1c(O)c2ccccc2n(C)c1=O)c1ccccc1,CYP2C9,0
CN(C(=O)c1c(O)c2ccccc2n(C)c1=O)c1ccccc1,CYP2D6,0
CN(C(=O)c1c(O)c2ccccc2n(C)c1=O)c1ccccc1,CYP3A4,1
CN(C)/N=N/c1nc[nH]c1C(N)=O,CYP1A2,1
CN(C)/N=N/c1nc[nH]c1C(N)=O,CYP2E1,1
CN(C)C,CYP1A2,0
CN(C)C,CYP2A6,0
CN(C)C,CYP2B6,0
CN(C)C,CYP2C19,0
CN(C)C,CYP2C8,0
CN(C)C,CYP2C9,0
CN(C)C,CYP2D6,0
CN(C)C,CYP2E1,0
CN(C)C,CYP3A4,0
CN(C)C(=O)/C=C/CNCCOc1ccc(/C(=C(/CC(F)(F)F)c2ccccc2)c2ccc3n[nH]c(F)c3c2)cn1,CYP2C8,1
CN(C)C(=O)/C=C/CNCCOc1ccc(/C(=C(/CC(F)(F)F)c2ccccc2)c2ccc3n[nH]c(F)c3c2)cn1,CYP3A4,1
CN(C)C(=O)C(CCN1CCC(O)(c2ccc(Cl)cc2)CC1)(c1ccccc1)c1ccccc1,CYP1A2,0
CN(C)C(=O)C(CCN1CCC(O)(c2ccc(Cl)cc2)CC1)(c1ccccc1)c1ccccc1,CYP2A6,0
CN(C)C(=O)C(CCN1CCC(O)(c2ccc(Cl)cc2)CC1)(c1ccccc1)c1ccccc1,CYP2B6,1
CN(C)C(=O)C(CCN1CCC(O)(c2ccc(Cl)cc2)CC1)(c1ccccc1)c1ccccc1,CYP2C8,1
CN(C)C(=O)C(CCN1CCC(O)(c2ccc(Cl)cc2)CC1)(c1ccccc1)c1ccccc1,CYP2D6,1
CN(C)C(=O)C(CCN1CCC(O)(c2ccc(Cl)cc2)CC1)(c1ccccc1)c1ccccc1,CYP2E1,0
CN(C)C(=O)C(CCN1CCC(O)(c2ccc(Cl)cc2)CC1)(c1ccccc1)c1ccccc1,CYP3A4,1
CN(C)C(=O)N[C@H]1CC[C@H](CCN2CCN(c3cccc(Cl)c3Cl)CC2)CC1,CYP2D6,1
CN(C)C(=O)N[C@H]1CC[C@H](CCN2CCN(c3cccc(Cl)c3Cl)CC2)CC1,CYP3A4,1
CN(C)C(=O)Nc1ccc(Cl)c(Cl)c1,CYP1A2,1
CN(C)C(=O)Nc1ccc(Cl)c(Cl)c1,CYP2B6,1
CN(C)C(=O)Nc1ccc(Cl)c(Cl)c1,CYP2C19,1
CN(C)C(=O)Nc1ccc(Cl)c(Cl)c1,CYP2D6,1
CN(C)C(=O)Nc1ccc(Cl)c(Cl)c1,CYP3A4,1
CN(C)C(=O)Nc1cccc(C(F)(F)F)c1,CYP1A2,1
CN(C)C(C)(C)COC(=O)C(O)(c1ccccc1)c1ccccc1,CYP2A6,0
CN(C)C1=N[C@@H]2[C@@H](O)[C@H](O)[C@@H](CO)[C@@H]2O1,CYP2C8,0
CN(C)C=O,CYP1A2,0
CN(C)C=O,CYP2B6,0
CN(C)C=O,CYP2E1,1
CN(C)C=O,CYP3A4,0
CN(C)CC(=O)O,CYP2C8,0
CN(C)CC(=O)O,CYP3A4,0
CN(C)CC/C=C1/c2ccccc2COc2ccc(CC(=O)O)cc21,CYP3A4,1
CN(C)CC/C=C1\c2ccccc2COc2ccccc21,CYP1A2,1
CN(C)CC/C=C1\c2ccccc2COc2ccccc21,CYP2C19,1
CN(C)CC/C=C1\c2ccccc2COc2ccccc21,CYP2C9,1
CN(C)CC/C=C1\c2ccccc2COc2ccccc21,CYP2D6,1
CN(C)CC/C=C1\c2ccccc2COc2ccccc21,CYP3A4,1
CN(C)CCC(c1ccc(Cl)cc1)c1ccccn1,CYP2D6,1
CN(C)CCC=C1c2ccccc2C=Cc2ccccc21,CYP1A2,1
CN(C)CCC=C1c2ccccc2C=Cc2ccccc21,CYP2C19,0
CN(C)CCC=C1c2ccccc2C=Cc2ccccc21,CYP2C9,0
CN(C)CCC=C1c2ccccc2C=Cc2ccccc21,CYP2D6,1
CN(C)CCC=C1c2ccccc2C=Cc2ccccc21,CYP2E1,0
CN(C)CCC=C1c2ccccc2C=Cc2ccccc21,CYP3A4,1
CN(C)CCC=C1c2ccccc2CCc2ccccc21,CYP1A2,1
CN(C)CCC=C1c2ccccc2CCc2ccccc21,CYP2B6,1
CN(C)CCC=C1c2ccccc2CCc2ccccc21,CYP2C19,1
CN(C)CCC=C1c2ccccc2CCc2ccccc21,CYP2C8,1
CN(C)CCC=C1c2ccccc2CCc2ccccc21,CYP2C9,1
CN(C)CCC=C1c2ccccc2CCc2ccccc21,CYP2D6,1
CN(C)CCC=C1c2ccccc2CCc2ccccc21,CYP3A4,1
CN(C)CCCCCN1c2ccccc2Sc2ccc(C(F)(F)F)cc21,CYP2C9,1
CN(C)CCCCCN1c2ccccc2Sc2ccc(C(F)(F)F)cc21,CYP2D6,1
CN(C)CCCCCN1c2ccccc2Sc2ccc(C(F)(F)F)cc21,CYP2E1,1
CN(C)CCCCCN1c2ccccc2Sc2ccc(C(F)(F)F)cc21,CYP3A4,1
CN(C)CCCC[C@H](N)C(=O)O,CYP2C19,0
CN(C)CCCC[C@H](N)C(=O)O,CYP2D6,0
CN(C)CCCN1c2ccccc2CCc2ccc(Cl)cc21,CYP1A2,1
CN(C)CCCN1c2ccccc2CCc2ccc(Cl)cc21,CYP2C19,1
CN(C)CCCN1c2ccccc2CCc2ccc(Cl)cc21,CYP2C8,1
CN(C)CCCN1c2ccccc2CCc2ccc(Cl)cc21,CYP2D6,1
CN(C)CCCN1c2ccccc2CCc2ccc(Cl)cc21,CYP3A4,1
CN(C)CCCN1c2ccccc2CCc2ccccc21,CYP1A2,1
CN(C)CCCN1c2ccccc2CCc2ccccc21,CYP2B6,1
CN(C)CCCN1c2ccccc2CCc2ccccc21,CYP2C19,1
CN(C)CCCN1c2ccccc2CCc2ccccc21,CYP2C8,1
CN(C)CCCN1c2ccccc2CCc2ccccc21,CYP2D6,1
CN(C)CCCN1c2ccccc2CCc2ccccc21,CYP3A4,1
CN(C)CCCN1c2ccccc2Sc2ccc(Cl)cc21,CYP1A2,1
CN(C)CCCN1c2ccccc2Sc2ccc(Cl)cc21,CYP2A6,0
CN(C)CCCN1c2ccccc2Sc2ccc(Cl)cc21,CYP2B6,1
CN(C)CCCN1c2ccccc2Sc2ccc(Cl)cc21,CYP2C19,1
CN(C)CCCN1c2ccccc2Sc2ccc(Cl)cc21,CYP2C8,0
CN(C)CCCN1c2ccccc2Sc2ccc(Cl)cc21,CYP2C9,1
CN(C)CCCN1c2ccccc2Sc2ccc(Cl)cc21,CYP2D6,1
CN(C)CCCN1c2ccccc2Sc2ccccc21,CYP1A2,1
CN(C)CCCN1c2ccccc2Sc2ccccc21,CYP2A6,1
CN(C)CCCN1c2ccccc2Sc2ccccc21,CYP2B6,1
CN(C)CCCN1c2ccccc2Sc2ccccc21,CYP2C19,1
CN(C)CCCN1c2ccccc2Sc2ccccc21,CYP2C9,1
CN(C)CCCN1c2ccccc2Sc2ccccc21,CYP2D6,1
CN(C)CCCN1c2ccccc2Sc2ccccc21,CYP2E1,1
CN(C)CCCN1c2ccccc2Sc2ccccc21,CYP3A4,1
CN(C)CCCN1c2ccccc2Sc2cccnc21,CYP1A2,1
CN(C)CCCN1c2ccccc2Sc2cccnc21,CYP2C19,1
CN(C)CCCN1c2ccccc2Sc2cccnc21,CYP2D6,1
CN(C)CCCN1c2ccccc2Sc2cccnc21,CYP3A4,1
CN(C)CCC[C@@]1(c2ccc(F)cc2)OCc2cc(C#N)ccc21,CYP2C19,1
CN(C)CCC[C@@]1(c2ccc(F)cc2)OCc2cc(C#N)ccc21,CYP2D6,1
CN(C)CCC[C@@]1(c2ccc(F)cc2)OCc2cc(C#N)ccc21,CYP3A4,1
CN(C)CCCn1cc(C2=C(c3c[nH]c4ccccc34)C(=O)NC2=O)c2ccccc21,CYP2B6,0
CN(C)CCOC(c1ccccc1)c1ccccc1,CYP1A2,1
CN(C)CCOC(c1ccccc1)c1ccccc1,CYP2A6,0
CN(C)CCOC(c1ccccc1)c1ccccc1,CYP2B6,1
CN(C)CCOC(c1ccccc1)c1ccccc1,CYP2C19,1
CN(C)CCOC(c1ccccc1)c1ccccc1,CYP2C9,1
CN(C)CCOC(c1ccccc1)c1ccccc1,CYP2D6,1
CN(C)CCOC(c1ccccc1)c1ccccc1,CYP2E1,0
CN(C)CCOC(c1ccccc1)c1ccccc1,CYP3A4,1
CN(C)CCOC1=Cc2ccccc2Sc2ccc(Cl)cc21,CYP1A2,1
CN(C)CCOC1=Cc2ccccc2Sc2ccc(Cl)cc21,CYP2B6,1
CN(C)CCOC1=Cc2ccccc2Sc2ccc(Cl)cc21,CYP2C19,1
CN(C)CCOC1=Cc2ccccc2Sc2ccc(Cl)cc21,CYP2C8,1
CN(C)CCOC1=Cc2ccccc2Sc2ccc(Cl)cc21,CYP2C9,1
CN(C)CCOC1=Cc2ccccc2Sc2ccc(Cl)cc21,CYP2D6,1
CN(C)CCOC1=Cc2ccccc2Sc2ccc(Cl)cc21,CYP3A4,1
CN(C)CCOCC(=O)NC12CC3CC(CC(C3)C1)C2,CYP2B6,0
CN(C)CCO[P@@](=O)(O)OP(=O)(O)O,CYP2A6,0
CN(C)CCO[P@@](=O)(O)OP(=O)(O)O,CYP2C9,0
CN(C)CCOc1ccc(/C(=C(/CCCO)c2ccccc2)c2ccc(O)cc2)cc1,CYP2A6,0
CN(C)CCOc1ccc(/C(=C(/CCCO)c2ccccc2)c2ccc(O)cc2)cc1,CYP2B6,0
CN(C)CCOc1ccc(/C(=C(/CCCO)c2ccccc2)c2ccc(O)cc2)cc1,CYP2C19,0
CN(C)CCOc1ccc(/C(=C(/CCCO)c2ccccc2)c2ccc(O)cc2)cc1,CYP2C8,0
CN(C)CCOc1ccc(/C(=C(/CCCO)c2ccccc2)c2ccc(O)cc2)cc1,CYP2C9,0
CN(C)CCOc1ccc(/C(=C(/CCCO)c2ccccc2)c2ccc(O)cc2)cc1,CYP3A4,1
CN(C)CCOc1ccc(/C(=C(/CCCl)c2ccccc2)c2ccccc2)cc1,CYP1A2,1
CN(C)CCOc1ccc(/C(=C(/CCCl)c2ccccc2)c2ccccc2)cc1,CYP3A4,1
CN(C)CCc1c[nH]c2ccc(CS(=O)(=O)N3CCCC3)cc12,CYP1A2,1
CN(C)CCc1c[nH]c2ccc(CS(=O)(=O)N3CCCC3)cc12,CYP2A6,0
CN(C)CCc1c[nH]c2ccc(CS(=O)(=O)N3CCCC3)cc12,CYP2B6,0
CN(C)CCc1c[nH]c2ccc(CS(=O)(=O)N3CCCC3)cc12,CYP2C19,1
CN(C)CCc1c[nH]c2ccc(CS(=O)(=O)N3CCCC3)cc12,CYP2C8,1
CN(C)CCc1c[nH]c2ccc(CS(=O)(=O)N3CCCC3)cc12,CYP2C9,0
CN(C)CCc1c[nH]c2ccc(CS(=O)(=O)N3CCCC3)cc12,CYP2D6,1
CN(C)CCc1c[nH]c2ccc(CS(=O)(=O)N3CCCC3)cc12,CYP2E1,0
CN(C)CCc1c[nH]c2ccc(CS(=O)(=O)N3CCCC3)cc12,CYP3A4,1
CN(C)CCc1c[nH]c2ccc(C[C@H]3COC(=O)N3)cc12,CYP1A2,1
CN(C)CCc1c[nH]c2ccc(C[C@H]3COC(=O)N3)cc12,CYP2C19,0
CN(C)CCc1c[nH]c2ccc(C[C@H]3COC(=O)N3)cc12,CYP2C9,0
CN(C)CCc1c[nH]c2ccc(C[C@H]3COC(=O)N3)cc12,CYP2D6,1
CN(C)CCc1c[nH]c2ccc(C[C@H]3COC(=O)N3)cc12,CYP3A4,0
CN(C)CCc1c[nH]c2ccc(O)cc12,CYP2D6,1
CN(C)CCc1c[nH]c2cccc(O)c12,CYP1A2,0
CN(C)CCc1c[nH]c2cccc(O)c12,CYP2B6,0
CN(C)CCc1c[nH]c2cccc(O)c12,CYP2C19,0
CN(C)CCc1c[nH]c2cccc(O)c12,CYP2C8,0
CN(C)CCc1c[nH]c2cccc(O)c12,CYP2C9,0
CN(C)CCc1c[nH]c2cccc(O)c12,CYP2D6,1
CN(C)CCc1c[nH]c2cccc(O)c12,CYP2E1,0
CN(C)CCc1c[nH]c2cccc(O)c12,CYP3A4,1
CN(C)CCc1c[nH]c2cccc(OP(=O)(O)O)c12,CYP2B6,0
CN(C)CCc1c[nH]c2ccccc12,CYP1A2,0
CN(C)CCc1c[nH]c2ccccc12,CYP2A6,0
CN(C)CCc1c[nH]c2ccccc12,CYP2B6,0
CN(C)CCc1c[nH]c2ccccc12,CYP2C19,0
CN(C)CCc1c[nH]c2ccccc12,CYP2C8,0
CN(C)CCc1c[nH]c2ccccc12,CYP2C9,0
CN(C)CCc1c[nH]c2ccccc12,CYP2D6,1
CN(C)CCc1c[nH]c2ccccc12,CYP2E1,0
CN(C)CCc1c[nH]c2ccccc12,CYP3A4,0
CN(C)C[C@@H]1CCn2cc(c3ccccc32)C2=C(C(=O)NC2=O)c2cn(c3ccccc23)CCO1,CYP1A2,0
CN(C)C[C@@H]1CCn2cc(c3ccccc32)C2=C(C(=O)NC2=O)c2cn(c3ccccc23)CCO1,CYP2A6,0
CN(C)C[C@@H]1CCn2cc(c3ccccc32)C2=C(C(=O)NC2=O)c2cn(c3ccccc23)CCO1,CYP2B6,0
CN(C)C[C@@H]1CCn2cc(c3ccccc32)C2=C(C(=O)NC2=O)c2cn(c3ccccc23)CCO1,CYP2C19,0
CN(C)C[C@@H]1CCn2cc(c3ccccc32)C2=C(C(=O)NC2=O)c2cn(c3ccccc23)CCO1,CYP2C8,0
CN(C)C[C@@H]1CCn2cc(c3ccccc32)C2=C(C(=O)NC2=O)c2cn(c3ccccc23)CCO1,CYP2C9,0
CN(C)C[C@@H]1CCn2cc(c3ccccc32)C2=C(C(=O)NC2=O)c2cn(c3ccccc23)CCO1,CYP2E1,0
CN(C)C[C@@H]1CCn2cc(c3ccccc32)C2=C(C(=O)NC2=O)c2cn(c3ccccc23)CCO1,CYP3A4,1
CN(C)C[C@H](O)COc1ccc(Nc2ncc(Br)c(Nc3ccccc3)n2)cc1,CYP2B6,0
CN(C)Cc1nnc2n1-c1ccc(Cl)cc1C(c1ccccc1)=NC2,CYP1A2,0
CN(C)Cc1nnc2n1-c1ccc(Cl)cc1C(c1ccccc1)=NC2,CYP2C19,1
CN(C)Cc1nnc2n1-c1ccc(Cl)cc1C(c1ccccc1)=NC2,CYP2C9,0
CN(C)Cc1nnc2n1-c1ccc(Cl)cc1C(c1ccccc1)=NC2,CYP2D6,0
CN(C)Cc1nnc2n1-c1ccc(Cl)cc1C(c1ccccc1)=NC2,CYP2E1,0
CN(C)Cc1nnc2n1-c1ccc(Cl)cc1C(c1ccccc1)=NC2,CYP3A4,1
CN(C)N=O,CYP1A2,1
CN(C)N=O,CYP2A6,1
CN(C)N=O,CYP2B6,0
CN(C)N=O,CYP2C19,0
CN(C)N=O,CYP2C8,1
CN(C)N=O,CYP2C9,1
CN(C)N=O,CYP2D6,1
CN(C)N=O,CYP2E1,1
CN(C)N=O,CYP3A4,1
CN(C)S(=O)(=O)CCNC(=O)N(CCCl)N=O,CYP1A2,1
CN(C)S(=O)(=O)CCNC(=O)N(CCCl)N=O,CYP2C19,1
CN(C)S(=O)(=O)CCNC(=O)N(CCCl)N=O,CYP2C9,1
CN(C)S(=O)(=O)CCNC(=O)N(CCCl)N=O,CYP2D6,1
CN(C)S(=O)(=O)CCNC(=O)N(CCCl)N=O,CYP3A4,1
CN(C)[C@@H](CCOc1cccc2ccccc12)c1ccccc1,CYP2D6,1
CN(C)[C@@H](CCOc1cccc2ccccc12)c1ccccc1,CYP3A4,1
CN(C)[C@@H]1C(O)=C(C(N)=O)C(=O)[C@@]2(O)C(O)=C3C(=O)c4c(O)ccc(Cl)c4[C@@](C)(O)[C@H]3C[C@@H]12,CYP2C9,0
CN(C)[C@@H]1C(O)=C(C(N)=O)C(=O)[C@@]2(O)C(O)=C3C(=O)c4c(O)cccc4[C@@](C)(O)[C@H]3[C@H](O)[C@@H]12,CYP2B6,0
CN(C)[C@H](Cc1ccccc1)c1ccccc1,CYP1A2,1
CN(C)[C@H](Cc1ccccc1)c1ccccc1,CYP2B6,1
CN(C)[C@H](Cc1ccccc1)c1ccccc1,CYP2D6,1
CN(C)[C@H](Cc1ccccc1)c1ccccc1,CYP3A4,1
CN(C)[C@H]1CCCC[C@@H]1N(C)C(=O)c1ccc(Cl)c(Cl)c1,CYP2B6,1
CN(C)[C@H]1CCCC[C@@H]1N(C)C(=O)c1ccc(Cl)c(Cl)c1,CYP2C19,1
CN(C)[C@H]1CCCC[C@@H]1N(C)C(=O)c1ccc(Cl)c(Cl)c1,CYP3A4,1
CN(C)c1cc(CNCC(C)(C)C)c(O)c2c1C[C@H]1C[C@H]3[C@H](N(C)C)C(=O)C(C(N)=O)=C(O)[C@@]3(O)C(=O)C1=C2O,CYP1A2,0
CN(C)c1cc(CNCC(C)(C)C)c(O)c2c1C[C@H]1C[C@H]3[C@H](N(C)C)C(=O)C(C(N)=O)=C(O)[C@@]3(O)C(=O)C1=C2O,CYP2A6,0
CN(C)c1cc(CNCC(C)(C)C)c(O)c2c1C[C@H]1C[C@H]3[C@H](N(C)C)C(=O)C(C(N)=O)=C(O)[C@@]3(O)C(=O)C1=C2O,CYP2B6,0
CN(C)c1cc(CNCC(C)(C)C)c(O)c2c1C[C@H]1C[C@H]3[C@H](N(C)C)C(=O)C(C(N)=O)=C(O)[C@@]3(O)C(=O)C1=C2O,CYP2C19,0
CN(C)c1cc(CNCC(C)(C)C)c(O)c2c1C[C@H]1C[C@H]3[C@H](N(C)C)C(=O)C(C(N)=O)=C(O)[C@@]3(O)C(=O)C1=C2O,CYP2C8,0
CN(C)c1cc(CNCC(C)(C)C)c(O)c2c1C[C@H]1C[C@H]3[C@H](N(C)C)C(=O)C(C(N)=O)=C(O)[C@@]3(O)C(=O)C1=C2O,CYP2C9,0
CN(C)c1cc(CNCC(C)(C)C)c(O)c2c1C[C@H]1C[C@H]3[C@H](N(C)C)C(=O)C(C(N)=O)=C(O)[C@@]3(O)C(=O)C1=C2O,CYP2D6,0
CN(C)c1cc(CNCC(C)(C)C)c(O)c2c1C[C@H]1C[C@H]3[C@H](N(C)C)C(=O)C(C(N)=O)=C(O)[C@@]3(O)C(=O)C1=C2O,CYP2E1,0
CN(C)c1cc(CNCC(C)(C)C)c(O)c2c1C[C@H]1C[C@H]3[C@H](N(C)C)C(=O)C(C(N)=O)=C(O)[C@@]3(O)C(=O)C1=C2O,CYP3A4,0
CN(C)c1ccc(NC(=O)N(Cc2cccc(CN(C(=O)Nc3ccc(N(C)C)cc3)C3CCCCCC3)c2)C2CCCCCC2)cc1,CYP1A2,1
CN(C)c1ccc(NC(=O)N(Cc2cccc(CN(C(=O)Nc3ccc(N(C)C)cc3)C3CCCCCC3)c2)C2CCCCCC2)cc1,CYP2D6,1
CN(C)c1ccc(NC(=O)N(Cc2cccc(CN(C(=O)Nc3ccc(N(C)C)cc3)C3CCCCCC3)c2)C2CCCCCC2)cc1,CYP3A4,1
CN(C)c1ccc([C@H]2C[C@@]3(C)[C@@H](CC[C@@]3(O)/C=C\CO)[C@@H]3CCC4=CC(=O)CCC4=C32)cc1,CYP3A4,1
CN(C)c1ccc([C@H]2C[C@]3(C)[C@@H](CC[C@]3(O)CCCO)[C@@H]3CCC4=CC(=O)CCC4=C32)cc1,CYP3A4,1
CN(C)c1cccc2c(S(=O)(=O)NCCCCNC(=O)CCS)cccc12,CYP2B6,0
CN(C)c1cccc2c(S(=O)(=O)NCCCC[C@H](N)C(=O)O)cccc12,CYP2C19,0
CN(C)c1ncnc2c1ncn2[C@@H]1O[C@H](COP(=O)(O)O)[C@@H](N)[C@H]1O,CYP2C8,0
CN(C)c1ncnc2c1ncn2[C@@H]1O[C@H](COP(=O)(O)O)[C@@H](N)[C@H]1O,CYP3A4,0
CN(C/C=C/C#CC(C)(C)C)Cc1cccc2ccccc12,CYP1A2,1
CN(C/C=C/C#CC(C)(C)C)Cc1cccc2ccccc12,CYP2B6,1
CN(C/C=C/C#CC(C)(C)C)Cc1cccc2ccccc12,CYP2C19,1
CN(C/C=C/C#CC(C)(C)C)Cc1cccc2ccccc12,CYP2C8,1
CN(C/C=C/C#CC(C)(C)C)Cc1cccc2ccccc12,CYP2C9,1
CN(C/C=C/C#CC(C)(C)C)Cc1cccc2ccccc12,CYP3A4,1
CN(CCC1CCOCC1)C(=O)CC1C(=O)NCCN1C/C=C/c1ccccc1,CYP1A2,0
CN(CCC1CCOCC1)C(=O)CC1C(=O)NCCN1C/C=C/c1ccccc1,CYP2A6,0
CN(CCCC(=O)c1cccnc1)N=O,CYP1A2,1
CN(CCCC(=O)c1cccnc1)N=O,CYP2A6,1
CN(CCCC(=O)c1cccnc1)N=O,CYP3A4,1
CN(CCCC(O)c1cccnc1)N=O,CYP3A4,1
CN(CCCNc1c2ccccc2nc2cccc([N+](=O)[O-])c12)CCCNc1ccc2ncn3c4ccccc4c(=O)c1c23,CYP2C19,1
CN(CCCNc1c2ccccc2nc2cccc([N+](=O)[O-])c12)CCCNc1ccc2ncn3c4ccccc4c(=O)c1c23,CYP3A4,1
CN(CCOc1ccc(CC2SC(=O)NC2=O)cc1)c1ccccn1,CYP1A2,1
CN(CCOc1ccc(CC2SC(=O)NC2=O)cc1)c1ccccn1,CYP2A6,0
CN(CCOc1ccc(CC2SC(=O)NC2=O)cc1)c1ccccn1,CYP2B6,0
CN(CCOc1ccc(CC2SC(=O)NC2=O)cc1)c1ccccn1,CYP2C8,1
CN(CCOc1ccc(CC2SC(=O)NC2=O)cc1)c1ccccn1,CYP2C9,1
CN(CCOc1ccc(CC2SC(=O)NC2=O)cc1)c1ccccn1,CYP2D6,1
CN(CCOc1ccc(CC2SC(=O)NC2=O)cc1)c1ccccn1,CYP2E1,1
CN(CCOc1ccc(CC2SC(=O)NC2=O)cc1)c1ccccn1,CYP3A4,1
CN(CCOc1ccc(NS(C)(=O)=O)cc1)CCc1ccc(NS(C)(=O)=O)cc1,CYP3A4,1
CN(CC[C@H](N)C(=O)O)C[C@H]1O[C@@H](n2cnc3c(N)ncnc32)[C@H](O)[C@@H]1O,CYP2D6,0
CN(Cc1cc(-c2ccccc2F)n(S(=O)(=O)c2cccnc2)c1)S(=O)(=O)O,CYP2C9,1
CN(Cc1cc(-c2ccccc2F)n(S(=O)(=O)c2cccnc2)c1)S(=O)(=O)O,CYP3A4,1
CN(Cc1ccccc1)N=O,CYP1A2,0
CN(Cc1ccccc1)N=O,CYP2A6,1
CN(Cc1ccccc1)N=O,CYP2C19,0
CN(Cc1ccccc1)N=O,CYP2C9,0
CN(Cc1ccccc1)N=O,CYP2D6,0
CN(Cc1ccccc1)N=O,CYP2E1,1
CN(Cc1ccccc1)N=O,CYP3A4,0
CN(Cc1cnc2nc(N)nc(N)c2n1)c1ccc(C(=O)N[C@@H](CCC(=O)O)C(=O)O)cc1,CYP1A2,0
CN(Cc1cnc2nc(N)nc(N)c2n1)c1ccc(C(=O)N[C@@H](CCC(=O)O)C(=O)O)cc1,CYP2A6,0
CN(Cc1cnc2nc(N)nc(N)c2n1)c1ccc(C(=O)N[C@@H](CCC(=O)O)C(=O)O)cc1,CYP2B6,0
CN(Cc1cnc2nc(N)nc(N)c2n1)c1ccc(C(=O)N[C@@H](CCC(=O)O)C(=O)O)cc1,CYP2C19,0
CN(Cc1cnc2nc(N)nc(N)c2n1)c1ccc(C(=O)N[C@@H](CCC(=O)O)C(=O)O)cc1,CYP2C8,0
CN(Cc1cnc2nc(N)nc(N)c2n1)c1ccc(C(=O)N[C@@H](CCC(=O)O)C(=O)O)cc1,CYP2C9,0
CN(Cc1cnc2nc(N)nc(N)c2n1)c1ccc(C(=O)N[C@@H](CCC(=O)O)C(=O)O)cc1,CYP2D6,0
CN(Cc1cnc2nc(N)nc(N)c2n1)c1ccc(C(=O)N[C@@H](CCC(=O)O)C(=O)O)cc1,CYP2E1,0
CN(Cc1cnc2nc(N)nc(N)c2n1)c1ccc(C(=O)N[C@@H](CCC(=O)O)C(=O)O)cc1,CYP3A4,0
CN(N=O)C(=O)N[C@@H](C=O)[C@@H](O)[C@H](O)[C@H](O)CO,CYP2C19,0
CN(N=O)C(=O)N[C@@H](C=O)[C@@H](O)[C@H](O)[C@H](O)CO,CYP3A4,0
CN(N=O)c1ccccc1,CYP2A6,1
CN(N=O)c1ccccc1,CYP2E1,0
CN(c1nc2ccccc2s1)C1CCN(CC(O)COc2ccc(F)cc2)CC1,CYP2D6,1
CN(c1nc2ccccc2s1)C1CCN(CC(O)COc2ccc(F)cc2)CC1,CYP3A4,1
CN/C(=C\[N+](=O)[O-])NCCSCc1ccc(CN(C)C)o1,CYP1A2,1
CN/C(=C\[N+](=O)[O-])NCCSCc1ccc(CN(C)C)o1,CYP2C19,1
CN/C(=C\[N+](=O)[O-])NCCSCc1ccc(CN(C)C)o1,CYP2D6,1
CN1C(=O)C(O)N=C(c2ccccc2)c2cc(Cl)ccc21,CYP2B6,1
CN1C(=O)C(O)N=C(c2ccccc2)c2cc(Cl)ccc21,CYP2C19,1
CN1C(=O)C(O)N=C(c2ccccc2)c2cc(Cl)ccc21,CYP2C8,1
CN1C(=O)C(O)N=C(c2ccccc2)c2cc(Cl)ccc21,CYP2C9,1
CN1C(=O)C(O)N=C(c2ccccc2)c2cc(Cl)ccc21,CYP3A4,1
CN1C(=O)CC(=O)N(c2ccc(O)cc2)c2cc(Cl)ccc21,CYP1A2,0
CN1C(=O)CC(=O)N(c2ccc(O)cc2)c2cc(Cl)ccc21,CYP2A6,0
CN1C(=O)CC(=O)N(c2ccc(O)cc2)c2cc(Cl)ccc21,CYP2D6,0
CN1C(=O)CC(=O)N(c2ccc(O)cc2)c2cc(Cl)ccc21,CYP2E1,0
CN1C(=O)CC(=O)N(c2ccccc2)c2cc(Cl)ccc21,CYP2A6,0
CN1C(=O)CC(=O)N(c2ccccc2)c2cc(Cl)ccc21,CYP2B6,1
CN1C(=O)CC(=O)N(c2ccccc2)c2cc(Cl)ccc21,CYP2C19,1
CN1C(=O)CC(=O)N(c2ccccc2)c2cc(Cl)ccc21,CYP2C8,1
CN1C(=O)CC(=O)N(c2ccccc2)c2cc(Cl)ccc21,CYP2C9,1
CN1C(=O)CC(=O)N(c2ccccc2)c2cc(Cl)ccc21,CYP2D6,1
CN1C(=O)CC(=O)N(c2ccccc2)c2cc(Cl)ccc21,CYP2E1,0
CN1C(=O)CC(=O)N(c2ccccc2)c2cc(Cl)ccc21,CYP3A4,1
CN1C(=O)CN=C(c2ccccc2)c2cc(Cl)ccc21,CYP2B6,1
CN1C(=O)CN=C(c2ccccc2)c2cc(Cl)ccc21,CYP2C19,1
CN1C(=O)CN=C(c2ccccc2)c2cc(Cl)ccc21,CYP2C8,1
CN1C(=O)CN=C(c2ccccc2)c2cc(Cl)ccc21,CYP2C9,1
CN1C(=O)CN=C(c2ccccc2)c2cc(Cl)ccc21,CYP3A4,1
CN1C(=O)CN=C(c2ccccc2)c2cc([N+](=O)[O-])ccc21,CYP3A4,1
CN1C(=O)CN=C(c2ccccc2F)c2cc([N+](=O)[O-])ccc21,CYP1A2,1
CN1C(=O)CN=C(c2ccccc2F)c2cc([N+](=O)[O-])ccc21,CYP2A6,1
CN1C(=O)CN=C(c2ccccc2F)c2cc([N+](=O)[O-])ccc21,CYP2B6,1
CN1C(=O)CN=C(c2ccccc2F)c2cc([N+](=O)[O-])ccc21,CYP2C19,1
CN1C(=O)CN=C(c2ccccc2F)c2cc([N+](=O)[O-])ccc21,CYP2C8,1
CN1C(=O)CN=C(c2ccccc2F)c2cc([N+](=O)[O-])ccc21,CYP2C9,1
CN1C(=O)CN=C(c2ccccc2F)c2cc([N+](=O)[O-])ccc21,CYP2D6,1
CN1C(=O)CN=C(c2ccccc2F)c2cc([N+](=O)[O-])ccc21,CYP3A4,1
CN1C(=O)OC(C)(C)C1=O,CYP1A2,0
CN1C(=O)OC(C)(C)C1=O,CYP2A6,0
CN1C(=O)OC(C)(C)C1=O,CYP2B6,0
CN1C(=O)OC(C)(C)C1=O,CYP2C8,1
CN1C(=O)OC(C)(C)C1=O,CYP2C9,1
CN1C(=O)OC(C)(C)C1=O,CYP2D6,0
CN1C(=O)OC(C)(C)C1=O,CYP2E1,1
CN1C(=O)OC(C)(C)C1=O,CYP3A4,1
CN1C(=O)[C@@H](NC(=O)[C@H](CCC(F)(F)F)[C@H](CCC(F)(F)F)C(N)=O)N=C(c2ccccc2)c2ccccc21,CYP2A6,0
CN1C(=O)[C@H]2[C@@H](/C=C/c3ccccc3)N3C(=O)CN(CC4CC4)C(=O)[C@@]3(C)[C@H]2C1=O,CYP2A6,0
CN1C(=O)[C@H]2[C@@H](/C=C/c3ccccc3)N3C(=O)CN(CC4CC4)C(=O)[C@@]3(C)[C@H]2C1=O,CYP2B6,0
CN1C(C(=O)Nc2ccccn2)=C(O)c2sc(Cl)cc2S1(=O)=O,CYP2C9,1
CN1C(C(=O)Nc2ccccn2)=C(O)c2sccc2S1(=O)=O,CYP2C9,1
CN1C(C)(C)CC(Nc2cc3c(ccc(=O)n3-c3c(Cl)cccc3Cl)c(-c3ccccc3Cl)n2)CC1(C)C,CYP2A6,0
CN1C(C)(C)CC(Nc2cc3c(ccc(=O)n3-c3c(Cl)cccc3Cl)c(-c3ccccc3Cl)n2)CC1(C)C,CYP2B6,0
CN1C(C)(C)CC(Nc2cc3c(ccc(=O)n3-c3c(Cl)cccc3Cl)c(-c3ccccc3Cl)n2)CC1(C)C,CYP2C19,0
CN1C(C)(C)CC(Nc2cc3c(ccc(=O)n3-c3c(Cl)cccc3Cl)c(-c3ccccc3Cl)n2)CC1(C)C,CYP2C8,0
CN1C(C)(C)CC(Nc2cc3c(ccc(=O)n3-c3c(Cl)cccc3Cl)c(-c3ccccc3Cl)n2)CC1(C)C,CYP2C9,0
CN1C(C)(C)CC(Nc2cc3c(ccc(=O)n3-c3c(Cl)cccc3Cl)c(-c3ccccc3Cl)n2)CC1(C)C,CYP2D6,0
CN1C(C)(C)CC(Nc2cc3c(ccc(=O)n3-c3c(Cl)cccc3Cl)c(-c3ccccc3Cl)n2)CC1(C)C,CYP3A4,1
CN1C(C)(C)CC(Nc2ccc([N+](=O)[O-])cc2)CC1(C)C,CYP3A4,1
CN1C(C)(C)CC(OC(c2ccccc2)c2ccccc2)CC1(C)C,CYP2B6,0
CN1C(C)(C)CC(OC(c2ccccc2)c2ccccc2)CC1(C)C,CYP2C8,0
CN1C(C)(C)CC(OC(c2ccccc2)c2ccccc2)CC1(C)C,CYP2D6,0
CN1C(C)(C)CC(OC(c2ccccc2)c2ccccc2)CC1(C)C,CYP2E1,0
CN1C(C)(C)CC(OC(c2ccccc2)c2ccccc2)CC1(C)C,CYP3A4,1
CN1C/C=C/CCOc2cccc(c2)-c2ccnc(n2)Nc2cccc(c2)C1,CYP1A2,1
CN1C/C=C/CCOc2cccc(c2)-c2ccnc(n2)Nc2cccc(c2)C1,CYP3A4,1
CN1CC=C(c2ccccc2)CC1,CYP2D6,1
CN1CCC(COc2cnc(-c3cccc(Cn4nc(-c5cccc(C#N)c5)ccc4=O)c3)nc2)CC1,CYP2C8,1
CN1CCC(COc2cnc(-c3cccc(Cn4nc(-c5cccc(C#N)c5)ccc4=O)c3)nc2)CC1,CYP3A4,1
CN1CCCC(n2nc(Cc3ccc(Cl)cc3)c3ccccc3c2=O)CC1,CYP1A2,1
CN1CCCC(n2nc(Cc3ccc(Cl)cc3)c3ccccc3c2=O)CC1,CYP2C19,1
CN1CCCC(n2nc(Cc3ccc(Cl)cc3)c3ccccc3c2=O)CC1,CYP2D6,1
CN1CCCC(n2nc(Cc3ccc(Cl)cc3)c3ccccc3c2=O)CC1,CYP3A4,1
CN1CCCC1=O,CYP2E1,1
CN1CCCCC1CCN1c2ccccc2Sc2ccc([S+](C)[O-])cc21,CYP1A2,1
CN1CCCCC1CCN1c2ccccc2Sc2ccc([S+](C)[O-])cc21,CYP2C19,1
CN1CCCCC1CCN1c2ccccc2Sc2ccc([S+](C)[O-])cc21,CYP2D6,1
CN1CCCCC1CCN1c2ccccc2Sc2ccc([S+](C)[O-])cc21,CYP3A4,1
CN1CCCCC1CCc1ccccc1NC(=O)c1ccc(O)cc1,CYP2D6,1
CN1CCC[C@@H]1Cc1c[nH]c2ccc(CCS(=O)(=O)c3ccccc3)cc12,CYP1A2,1
CN1CCC[C@@H]1Cc1c[nH]c2ccc(CCS(=O)(=O)c3ccccc3)cc12,CYP2B6,0
CN1CCC[C@@H]1Cc1c[nH]c2ccc(CCS(=O)(=O)c3ccccc3)cc12,CYP2C19,1
CN1CCC[C@@H]1Cc1c[nH]c2ccc(CCS(=O)(=O)c3ccccc3)cc12,CYP2C8,1
CN1CCC[C@@H]1Cc1c[nH]c2ccc(CCS(=O)(=O)c3ccccc3)cc12,CYP2C9,1
CN1CCC[C@@H]1Cc1c[nH]c2ccc(CCS(=O)(=O)c3ccccc3)cc12,CYP2D6,1
CN1CCC[C@@H]1Cc1c[nH]c2ccc(CCS(=O)(=O)c3ccccc3)cc12,CYP2E1,0
CN1CCC[C@@H]1Cc1c[nH]c2ccc(CCS(=O)(=O)c3ccccc3)cc12,CYP3A4,1
CN1CCC[C@H]1c1cccnc1,CYP2A6,1
CN1CCC[C@H]1c1cccnc1,CYP2B6,1
CN1CCC[C@H]1c1cccnc1,CYP2D6,1
CN1CCN(C(=O)C2=C[C@H](C(C)(C)C)C[C@H](OCCCCO)O2)CC1,CYP1A2,0
CN1CCN(C(=O)C2=C[C@H](C(C)(C)C)C[C@H](OCCCCO)O2)CC1,CYP2C19,0
CN1CCN(C(=O)N[C@@H](Cc2ccccc2)C(=O)N[C@H](/C=C/S(=O)(=O)c2ccccc2)CCc2ccccc2)CC1,CYP2D6,1
CN1CCN(C(=O)N[C@@H](Cc2ccccc2)C(=O)N[C@H](/C=C/S(=O)(=O)c2ccccc2)CCc2ccccc2)CC1,CYP3A4,1
CN1CCN(C(=O)OC2c3nccnc3C(=O)N2c2ccc(Cl)cn2)CC1,CYP2C8,1
CN1CCN(C(=O)OC2c3nccnc3C(=O)N2c2ccc(Cl)cn2)CC1,CYP2C9,1
CN1CCN(C(=O)OC2c3nccnc3C(=O)N2c2ccc(Cl)cn2)CC1,CYP3A4,1
CN1CCN(C2=Nc3cc(Cl)ccc3Nc3ccccc32)CC1,CYP1A2,1
CN1CCN(C2=Nc3cc(Cl)ccc3Nc3ccccc32)CC1,CYP2C19,1
CN1CCN(C2=Nc3cc(Cl)ccc3Nc3ccccc32)CC1,CYP2C8,1
CN1CCN(C2=Nc3cc(Cl)ccc3Nc3ccccc32)CC1,CYP2C9,1
CN1CCN(C2=Nc3cc(Cl)ccc3Nc3ccccc32)CC1,CYP2D6,1
CN1CCN(C2=Nc3cc(Cl)ccc3Nc3ccccc32)CC1,CYP2E1,1
CN1CCN(C2=Nc3cc(Cl)ccc3Nc3ccccc32)CC1,CYP3A4,1
CN1CCN(C2=Nc3ccccc3Oc3ccc(Cl)cc32)CC1,CYP1A2,1
CN1CCN(C2=Nc3ccccc3Oc3ccc(Cl)cc32)CC1,CYP2A6,0
CN1CCN(C2=Nc3ccccc3Oc3ccc(Cl)cc32)CC1,CYP2C19,1
CN1CCN(C2=Nc3ccccc3Oc3ccc(Cl)cc32)CC1,CYP2C8,0
CN1CCN(C2=Nc3ccccc3Oc3ccc(Cl)cc32)CC1,CYP2C9,0
CN1CCN(C2=Nc3ccccc3Oc3ccc(Cl)cc32)CC1,CYP2D6,1
CN1CCN(C2=Nc3ccccc3Oc3ccc(Cl)cc32)CC1,CYP2E1,0
CN1CCN(C2=Nc3ccccc3Oc3ccc(Cl)cc32)CC1,CYP3A4,1
CN1CCN(CCCCN2C(=O)CN(/N=C/c3ccc(-c4ccc(Cl)cc4)o3)C2=O)CC1,CYP2D6,1
CN1CCN(CCCCN2C(=O)CN(/N=C/c3ccc(-c4ccc(Cl)cc4)o3)C2=O)CC1,CYP3A4,1
CN1CCN(CCCN2c3ccccc3Sc3ccc(C(F)(F)F)cc32)CC1,CYP1A2,1
CN1CCN(CCCN2c3ccccc3Sc3ccc(Cl)cc32)CC1,CYP1A2,1
CN1CCN(CCCN2c3ccccc3Sc3ccc(Cl)cc32)CC1,CYP2B6,1
CN1CCN(CCCN2c3ccccc3Sc3ccc(Cl)cc32)CC1,CYP2C19,1
CN1CCN(CCCN2c3ccccc3Sc3ccc(Cl)cc32)CC1,CYP2C8,1
CN1CCN(CCCN2c3ccccc3Sc3ccc(Cl)cc32)CC1,CYP2D6,1
CN1CCN(CCCN2c3ccccc3Sc3ccc(Cl)cc32)CC1,CYP2E1,1
CN1CCN(CCCN2c3ccccc3Sc3ccc(Cl)cc32)CC1,CYP3A4,1
CN1CCN(CCCN2c3ccccc3Sc3ccccc32)CC1,CYP1A2,1
CN1CCN(CCCN2c3ccccc3Sc3ccccc32)CC1,CYP2A6,1
CN1CCN(CCCN2c3ccccc3Sc3ccccc32)CC1,CYP2B6,1
CN1CCN(CCCN2c3ccccc3Sc3ccccc32)CC1,CYP2C19,1
CN1CCN(CCCN2c3ccccc3Sc3ccccc32)CC1,CYP2C9,1
CN1CCN(CCCN2c3ccccc3Sc3ccccc32)CC1,CYP2D6,1
CN1CCN(CCCN2c3ccccc3Sc3ccccc32)CC1,CYP2E1,1
CN1CCN(CCCN2c3ccccc3Sc3ccccc32)CC1,CYP3A4,1
CN1CCN(c2ccc(-c3ccn4c(-c5ccnc6c(F)cccc56)cnc4c3)cc2)CC1,CYP2A6,0
CN1CCN(c2ccc(-c3ccn4c(-c5ccnc6c(F)cccc56)cnc4c3)cc2)CC1,CYP2C19,0
CN1CCN2c3c(cccc31)[C@@H]1CN(CCCC(=O)c3ccc(F)cc3)CC[C@@H]12,CYP1A2,1
CN1CCN2c3c(cccc31)[C@@H]1CN(CCCC(=O)c3ccc(F)cc3)CC[C@@H]12,CYP2C8,1
CN1CCN2c3c(cccc31)[C@@H]1CN(CCCC(=O)c3ccc(F)cc3)CC[C@@H]12,CYP3A4,1
CN1CCN2c3cc(O)ccc3Cc3ccccc3C2C1,CYP1A2,1
CN1CCN2c3cc(O)ccc3Cc3ccccc3C2C1,CYP2D6,1
CN1CCN2c3cc(O)ccc3Cc3ccccc3C2C1,CYP3A4,1
CN1CCN2c3ccccc3Cc3ccccc3C2C1,CYP1A2,1
CN1CCN2c3ccccc3Cc3ccccc3C2C1,CYP2B6,1
CN1CCN2c3ccccc3Cc3ccccc3C2C1,CYP2C19,1
CN1CCN2c3ccccc3Cc3ccccc3C2C1,CYP2D6,1
CN1CCN2c3ccccc3Cc3ccccc3C2C1,CYP3A4,1
CN1CCN2c3ncccc3Cc3ccccc3C2C1,CYP1A2,1
CN1CCN2c3ncccc3Cc3ccccc3C2C1,CYP2C8,1
CN1CCN2c3ncccc3Cc3ccccc3C2C1,CYP2C9,1
CN1CCN2c3ncccc3Cc3ccccc3C2C1,CYP2D6,1
CN1CCN2c3ncccc3Cc3ccccc3C2C1,CYP3A4,1
CN1CC[C@@H](NC(=O)Nc2ccc(C#N)cc2)C[C@@H]1c1nc2ccccc2[nH]1,CYP2C8,1
CN1CC[C@@H](NC(=O)Nc2ccc(C#N)cc2)C[C@@H]1c1nc2ccccc2[nH]1,CYP3A4,1
CN1CC[C@]23CCCC[C@H]2[C@H]1Cc1ccc(O)cc13,CYP2D6,1
CN1CC[C@]23CCCC[C@H]2[C@H]1Cc1ccc(O)cc13,CYP3A4,1
CN1CC[C@]23c4c5ccc(O)c4O[C@H]2C(=O)CC[C@H]3[C@H]1C5,CYP2C9,1
CN1CC[C@]23c4c5ccc(O)c4O[C@H]2C(=O)CC[C@H]3[C@H]1C5,CYP2D6,1
CN1CC[C@]23c4c5ccc(O)c4O[C@H]2C(=O)CC[C@H]3[C@H]1C5,CYP3A4,1
CN1CC[C@]23c4c5ccc(O)c4O[C@H]2CCC[C@H]3[C@H]1C5,CYP1A2,0
CN1CC[C@]23c4c5ccc(O)c4O[C@H]2CCC[C@H]3[C@H]1C5,CYP2B6,1
CN1CC[C@]23c4c5ccc(O)c4O[C@H]2CCC[C@H]3[C@H]1C5,CYP2C8,1
CN1CC[C@]23c4c5ccc(O)c4O[C@H]2CCC[C@H]3[C@H]1C5,CYP2D6,1
CN1CC[C@]23c4c5ccc(O)c4O[C@H]2CCC[C@H]3[C@H]1C5,CYP3A4,1
CN1CC[C@]23c4c5ccc(O)c4O[C@H]2[C@@H](O)C=C[C@H]3[C@H]1C5,CYP1A2,0
CN1CC[C@]23c4c5ccc(O)c4O[C@H]2[C@@H](O)C=C[C@H]3[C@H]1C5,CYP2A6,0
CN1CC[C@]23c4c5ccc(O)c4O[C@H]2[C@@H](O)C=C[C@H]3[C@H]1C5,CYP2B6,0
CN1CC[C@]23c4c5ccc(O)c4O[C@H]2[C@@H](O)C=C[C@H]3[C@H]1C5,CYP2C8,1
CN1CC[C@]23c4c5ccc(O)c4O[C@H]2[C@@H](O)C=C[C@H]3[C@H]1C5,CYP2E1,0
CN1CC[C@]23c4c5ccc(O)c4O[C@H]2[C@@H](O)C=C[C@H]3[C@H]1C5,CYP3A4,1
CN1CC[C@]23c4c5ccc(OC(=O)c6cccnc6)c4O[C@H]2[C@@H](OC(=O)c2cccnc2)C=C[C@H]3[C@H]1C5,CYP2C19,0
CN1CC[C@]23c4c5ccc(OC(=O)c6cccnc6)c4O[C@H]2[C@@H](OC(=O)c2cccnc2)C=C[C@H]3[C@H]1C5,CYP2C8,0
CN1C[C@@H]2c3ccccc3Oc3ccc(Cl)cc3[C@H]2C1,CYP1A2,1
CN1C[C@@H]2c3ccccc3Oc3ccc(Cl)cc3[C@H]2C1,CYP2D6,1
CN1C[C@@H]2c3ccccc3Oc3ccc(Cl)cc3[C@H]2C1,CYP3A4,1
CN1Cc2c(N)cccc2C(c2ccccc2)C1,CYP2B6,1
CN1Cc2c(N)cccc2C(c2ccccc2)C1,CYP2C19,1
CN1Cc2c(N)cccc2C(c2ccccc2)C1,CYP3A4,1
CN1Cc2c(ccc3c2OCO3)[C@@H]2[C@H]1c1cc3c(cc1C[C@@H]2O)OCO3,CYP1A2,1
CN1Cc2c(ccc3c2OCO3)[C@@H]2[C@H]1c1cc3c(cc1C[C@@H]2O)OCO3,CYP2A6,0
CN1Cc2c(ccc3c2OCO3)[C@@H]2[C@H]1c1cc3c(cc1C[C@@H]2O)OCO3,CYP2B6,0
CN1Cc2c(ccc3c2OCO3)[C@@H]2[C@H]1c1cc3c(cc1C[C@@H]2O)OCO3,CYP2C19,1
CN1Cc2c(ccc3c2OCO3)[C@@H]2[C@H]1c1cc3c(cc1C[C@@H]2O)OCO3,CYP2C9,0
CN1Cc2c(ccc3c2OCO3)[C@@H]2[C@H]1c1cc3c(cc1C[C@@H]2O)OCO3,CYP2E1,0
CN1Cc2c(ccc3c2OCO3)[C@@H]2[C@H]1c1cc3c(cc1C[C@@H]2O)OCO3,CYP3A4,1
CN1Cc2c(ccc3c2OCO3)[C@@]2(C)[C@@H](O)Cc3cc4c(cc3[C@@H]12)OCO4,CYP1A2,0
CN1Cc2c(ccc3c2OCO3)[C@@]2(C)[C@@H](O)Cc3cc4c(cc3[C@@H]12)OCO4,CYP2A6,0
CN1Cc2c(ccc3c2OCO3)[C@@]2(C)[C@@H](O)Cc3cc4c(cc3[C@@H]12)OCO4,CYP2B6,0
CN1Cc2c(ccc3c2OCO3)[C@@]2(C)[C@@H](O)Cc3cc4c(cc3[C@@H]12)OCO4,CYP2C19,1
CN1Cc2c(ccc3c2OCO3)[C@@]2(C)[C@@H](O)Cc3cc4c(cc3[C@@H]12)OCO4,CYP2C8,0
CN1Cc2c(ccc3c2OCO3)[C@@]2(C)[C@@H](O)Cc3cc4c(cc3[C@@H]12)OCO4,CYP2C9,1
CN1Cc2c(ccc3c2OCO3)[C@@]2(C)[C@@H](O)Cc3cc4c(cc3[C@@H]12)OCO4,CYP2D6,1
CN1Cc2c(ccc3c2OCO3)[C@@]2(C)[C@@H](O)Cc3cc4c(cc3[C@@H]12)OCO4,CYP2E1,0
CN1Cc2c(ccc3c2OCO3)[C@@]2(C)[C@@H](O)Cc3cc4c(cc3[C@@H]12)OCO4,CYP3A4,1
CN1Cc2ccccc2N[C@@H](CC(=O)O)C1=O,CYP2B6,0
CN1Cc2ccccc2N[C@@H](CC(=O)O)C1=O,CYP2C8,0
CN1N=C(N)c2cn([C@@H]3O[C@H](CO)[C@@H](O)[C@H]3O)c3ncnc1c23,CYP3A4,0
CN1N=C(N)c2cn([C@@H]3O[C@H](COP(=O)(O)O)[C@@H](O)[C@H]3O)c3ncnc1c23,CYP3A4,0
CN1[C@@H]2CC[C@H]1CC(=O)C2,CYP2C8,0
CN1[C@@H]2CC[C@H]1CC(=O)C2,CYP2D6,0
CN1[C@@H]2CC[C@H]1CC(OC(=O)c1c[nH]c3ccccc13)C2,CYP2D6,1
CN1[C@@H]2CC[C@H]1CC(OC(=O)c1c[nH]c3ccccc13)C2,CYP3A4,1
CN1[C@@H]2CC[C@H]1C[C@@H](OC(c1ccc(Cl)cc1)c1ccc(Cl)cc1)C2,CYP1A2,0
CN1[C@@H]2CC[C@H]1C[C@@H](OC(c1ccc(Cl)cc1)c1ccc(Cl)cc1)C2,CYP2A6,0
CN1[C@@H]2CC[C@H]1C[C@@H](OC(c1ccc(Cl)cc1)c1ccc(Cl)cc1)C2,CYP2B6,0
CN1[C@@H]2CC[C@H]1C[C@@H](OC(c1ccc(Cl)cc1)c1ccc(Cl)cc1)C2,CYP2E1,0
CN1[C@@H]2CC[C@H]1C[C@H](O)C2,CYP2D6,0
CN1[C@@H]2CC[C@H]1C[C@H](O)C2,CYP3A4,0
CN1[C@H]2CC[C@@H]1[C@@H](C(=O)O)[C@@H](O)C2,CYP3A4,0
CN1c2ccccc2C(=O)N2CCc3c([nH]c4ccccc34)[C@H]21,CYP1A2,1
CN1c2ccccc2C(=O)N2CCc3c([nH]c4ccccc34)[C@H]21,CYP2A6,0
CN1c2ccccc2C(=O)N2CCc3c([nH]c4ccccc34)[C@H]21,CYP2B6,0
CN1c2ccccc2C(=O)N2CCc3c([nH]c4ccccc34)[C@H]21,CYP2C19,1
CN1c2ccccc2C(=O)N2CCc3c([nH]c4ccccc34)[C@H]21,CYP2C8,0
CN1c2ccccc2C(=O)N2CCc3c([nH]c4ccccc34)[C@H]21,CYP2D6,0
CN1c2ccccc2C(=O)N2CCc3c([nH]c4ccccc34)[C@H]21,CYP2E1,0
CN1c2ccccc2C(=O)N2CCc3c([nH]c4ccccc34)[C@H]21,CYP3A4,1
CNC(=N)NCCC[C@H](N)C(=O)O,CYP1A2,0
CNC(=N)NCCC[C@H](N)C(=O)O,CYP2E1,0
CNC(=N)NCCC[C@H](N)C(=O)O,CYP3A4,0
CNC(=O)CCC(=O)N[C@@H](Cc1ccccc1)[C@H](O)CN(CC1CC1)S(=O)(=O)c1ccco1,CYP2C8,0
CNC(=O)CCC(=O)N[C@@H](Cc1ccccc1)[C@H](O)CN(CC1CC1)S(=O)(=O)c1ccco1,CYP2C9,0
CNC(=O)CC[C@H](N)C(=O)O,CYP1A2,0
CNC(=O)CC[C@H](N)C(=O)O,CYP2E1,0
CNC(=O)CC[C@H](N)C(=O)O,CYP3A4,0
CNC(=O)CSP(=S)(OC)OC,CYP1A2,1
CNC(=O)CSP(=S)(OC)OC,CYP2C19,1
CNC(=O)CSP(=S)(OC)OC,CYP2D6,0
CNC(=O)CSP(=S)(OC)OC,CYP3A4,1
CNC(=O)C[C@H]1COc2cc(F)ccc2N1C(=O)c1ccc2c(c1)NC(=O)CO2,CYP1A2,0
CNC(=O)C[C@H]1COc2cc(F)ccc2N1C(=O)c1ccc2c(c1)NC(=O)CO2,CYP2A6,0
CNC(=O)C[C@H]1COc2cc(F)ccc2N1C(=O)c1ccc2c(c1)NC(=O)CO2,CYP2B6,0
CNC(=O)C[C@H]1COc2cc(F)ccc2N1C(=O)c1ccc2c(c1)NC(=O)CO2,CYP2C19,0
CNC(=O)C[C@H]1COc2cc(F)ccc2N1C(=O)c1ccc2c(c1)NC(=O)CO2,CYP2C8,0
CNC(=O)C[C@H]1COc2cc(F)ccc2N1C(=O)c1ccc2c(c1)NC(=O)CO2,CYP2C9,0
CNC(=O)C[C@H]1COc2cc(F)ccc2N1C(=O)c1ccc2c(c1)NC(=O)CO2,CYP2D6,1
CNC(=O)C[C@H]1COc2cc(F)ccc2N1C(=O)c1ccc2c(c1)NC(=O)CO2,CYP2E1,0
CNC(=O)C[C@H]1COc2cc(F)ccc2N1C(=O)c1ccc2c(c1)NC(=O)CO2,CYP3A4,1
CNC(=O)N(C)c1nc2ccccc2s1,CYP1A2,1
CNC(=O)N(C)c1nc2ccccc2s1,CYP2C19,1
CNC(=O)N(N(CCCl)S(C)(=O)=O)S(C)(=O)=O,CYP1A2,0
CNC(=O)N(N(CCCl)S(C)(=O)=O)S(C)(=O)=O,CYP2A6,0
CNC(=O)N(N(CCCl)S(C)(=O)=O)S(C)(=O)=O,CYP2B6,1
CNC(=O)N(N(CCCl)S(C)(=O)=O)S(C)(=O)=O,CYP2C19,0
CNC(=O)N(N(CCCl)S(C)(=O)=O)S(C)(=O)=O,CYP2C8,0
CNC(=O)N(N(CCCl)S(C)(=O)=O)S(C)(=O)=O,CYP2C9,0
CNC(=O)N(N(CCCl)S(C)(=O)=O)S(C)(=O)=O,CYP2D6,0
CNC(=O)N(N(CCCl)S(C)(=O)=O)S(C)(=O)=O,CYP3A4,1
CNC(=O)N[C@H]1CC[C@H](CCN2CCN(c3cccc(Cl)c3Cl)CC2)CC1,CYP2D6,1
CNC(=O)N[C@H]1CC[C@H](CCN2CCN(c3cccc(Cl)c3Cl)CC2)CC1,CYP3A4,1
CNC(=O)Oc1cc(C)c(SC)c(C)c1,CYP1A2,1
CNC(=O)Oc1cc(C)c(SC)c(C)c1,CYP2A6,1
CNC(=O)Oc1cc(C)c(SC)c(C)c1,CYP2B6,1
CNC(=O)Oc1cc(C)c(SC)c(C)c1,CYP2C19,1
CNC(=O)Oc1cc(C)c(SC)c(C)c1,CYP2C9,1
CNC(=O)Oc1cc(C)c(SC)c(C)c1,CYP2D6,1
CNC(=O)Oc1cc(C)c(SC)c(C)c1,CYP3A4,1
CNC(=O)Oc1cccc2c1OC(C)(C)C2,CYP1A2,1
CNC(=O)Oc1cccc2c1OC(C)(C)C2,CYP2A6,0
CNC(=O)Oc1cccc2c1OC(C)(C)C2,CYP2C19,1
CNC(=O)Oc1cccc2c1OC(C)(C)C2,CYP2C8,1
CNC(=O)Oc1cccc2c1OC(C)(C)C2,CYP2E1,0
CNC(=O)Oc1cccc2c1OC(C)(C)C2,CYP3A4,1
CNC(=O)Oc1cccc2ccccc12,CYP1A2,1
CNC(=O)Oc1cccc2ccccc12,CYP2B6,1
CNC(=O)Oc1cccc2ccccc12,CYP2C19,1
CNC(=O)Oc1cccc2ccccc12,CYP3A4,1
CNC(=O)Oc1ccccc1C(C)C,CYP1A2,1
CNC(=O)Oc1ccccc1C(C)C,CYP2A6,1
CNC(=O)Oc1ccccc1C(C)C,CYP2D6,1
CNC(=O)Oc1ccccc1C(C)C,CYP3A4,1
CNC(=O)[C@H]1[C@H](C(=O)O)[C@H]1c1ccc(OP(=O)(O)O)cc1,CYP2C9,0
CNC(=O)c1c(C)oc2cc(Oc3ncnc4cc(OC)c(OC)cc34)ccc12,CYP2C19,1
CNC(=O)c1c(C)oc2cc(Oc3ncnc4cc(OC)c(OC)cc34)ccc12,CYP2C8,1
CNC(=O)c1c(C)oc2cc(Oc3ncnc4cc(OC)c(OC)cc34)ccc12,CYP2C9,1
CNC(=O)c1c(I)c(NC(C)=O)c(I)c(C(=O)O)c1I,CYP2D6,0
CNC(=O)c1cc(Oc2ccc(NC(=O)Nc3ccc(Cl)c(C(F)(F)F)c3)c(F)c2)ccn1,CYP2D6,1
CNC(=O)c1cc(Oc2ccc(NC(=O)Nc3ccc(Cl)c(C(F)(F)F)c3)c(F)c2)ccn1,CYP3A4,1
CNC(=O)c1cc(Oc2ccc(NC(=O)Nc3ccc(Cl)c(C(F)(F)F)c3)cc2)ccn1,CYP1A2,0
CNC(=O)c1cc(Oc2ccc(NC(=O)Nc3ccc(Cl)c(C(F)(F)F)c3)cc2)ccn1,CYP2B6,0
CNC(=O)c1cc(Oc2ccc(NC(=O)Nc3ccc(Cl)c(C(F)(F)F)c3)cc2)ccn1,CYP2C19,0
CNC(=O)c1cc(Oc2ccc(NC(=O)Nc3ccc(Cl)c(C(F)(F)F)c3)cc2)ccn1,CYP2C9,0
CNC(=O)c1cc(Oc2ccc(NC(=O)Nc3ccc(Cl)c(C(F)(F)F)c3)cc2)ccn1,CYP2E1,0
CNC(=O)c1cc(Oc2ccc(NC(=O)Nc3ccc(Cl)c(C(F)(F)F)c3)cc2)ccn1,CYP3A4,1
CNC(=O)c1ccc(N2C(=S)N(c3ccc(C#N)c(C(F)(F)F)c3)C(=O)C2(C)C)cc1F,CYP2C8,1
CNC(=O)c1ccc(N2C(=S)N(c3ccc(C#N)c(C(F)(F)F)c3)C(=O)C2(C)C)cc1F,CYP3A4,1
CNC(=O)c1ccc(N2C(=S)N(c3cnc(C#N)c(C(F)(F)F)c3)C(=O)C23CCC3)cc1F,CYP2C8,1
CNC(=O)c1ccc(N2C(=S)N(c3cnc(C#N)c(C(F)(F)F)c3)C(=O)C23CCC3)cc1F,CYP3A4,1
CNC(=O)c1ccccc1Sc1ccc2c(/C=C/c3ccccn3)n[nH]c2c1,CYP2B6,0
CNC(=O)c1ccccc1Sc1ccc2c(/C=C/c3ccccn3)n[nH]c2c1,CYP3A4,1
CNC(=O)c1cnn(-c2nc(N)c3ncn([C@@H]4O[C@H](CO)[C@@H](O)[C@H]4O)c3n2)c1,CYP2C8,0
CNC(=O)c1cnn(-c2nc(N)c3ncn([C@@H]4O[C@H](CO)[C@@H](O)[C@H]4O)c3n2)c1,CYP3A4,0
CNC(C)(C)Cc1ccccc1,CYP2C8,0
CNC(C)C(=O)c1ccc(C)cc1,CYP2C9,0
CNC(C)C(=O)c1ccc(C)cc1,CYP2D6,1
CNC(C)C(=O)c1ccc(OC)cc1,CYP2D6,1
CNC(C)C(=O)c1cccc(Br)c1,CYP2B6,1
CNC(C)C(=O)c1cccc(Br)c1,CYP2D6,1
CNC(C)C(=O)c1cccc(F)c1,CYP2B6,1
CNC(C)C(=O)c1cccc(F)c1,CYP2D6,1
CNC(C)Cc1ccc(OC)cc1,CYP1A2,0
CNC(C)Cc1ccc(OC)cc1,CYP2A6,0
CNC(C)Cc1ccc(OC)cc1,CYP2B6,0
CNC(C)Cc1ccc(OC)cc1,CYP2C19,0
CNC(C)Cc1ccc(OC)cc1,CYP2C8,0
CNC(C)Cc1ccc(OC)cc1,CYP2C9,0
CNC(C)Cc1ccc(OC)cc1,CYP2D6,1
CNC(C)Cc1ccc(OC)cc1,CYP2E1,0
CNC(C)Cc1ccc(OC)cc1,CYP3A4,0
CNC(C)Cc1ccc2c(c1)OCO2,CYP1A2,1
CNC(C)Cc1ccc2c(c1)OCO2,CYP2D6,1
CNC(C)Cc1ccc2c(c1)OCO2,CYP3A4,1
CNC(C)Cc1ccccc1OC,CYP2D6,1
CNC(CC(C)C)C1(c2ccc(Cl)cc2)CCC1,CYP1A2,0
CNC(CC(C)C)C1(c2ccc(Cl)cc2)CCC1,CYP2A6,0
CNC(CC(C)C)C1(c2ccc(Cl)cc2)CCC1,CYP2B6,1
CNC(CC(C)C)C1(c2ccc(Cl)cc2)CCC1,CYP2C19,0
CNC(CC(C)C)C1(c2ccc(Cl)cc2)CCC1,CYP2C8,0
CNC(CC(C)C)C1(c2ccc(Cl)cc2)CCC1,CYP2C9,0
CNC(CC(C)C)C1(c2ccc(Cl)cc2)CCC1,CYP2D6,0
CNC(CC(C)C)C1(c2ccc(Cl)cc2)CCC1,CYP2E1,0
CNC(CC(C)C)C1(c2ccc(Cl)cc2)CCC1,CYP3A4,0
CNC1(c2ccccc2Cl)CCCCC1=O,CYP2B6,1
CNC1(c2ccccc2Cl)CCCCC1=O,CYP2C9,1
CNC1(c2ccccc2Cl)CCCCC1=O,CYP3A4,1
CNCC(=O)O,CYP2C8,0
CNCC(=O)O,CYP3A4,0
CNCC(O)c1ccc(O)cc1,CYP2D6,1
CNCC/C=C1/c2ccccc2COc2ccccc21,CYP2D6,1
CNCCC(Oc1ccc(C(F)(F)F)cc1)c1ccccc1,CYP1A2,1
CNCCC(Oc1ccc(C(F)(F)F)cc1)c1ccccc1,CYP2B6,1
CNCCC(Oc1ccc(C(F)(F)F)cc1)c1ccccc1,CYP2C19,1
CNCCC(Oc1ccc(C(F)(F)F)cc1)c1ccccc1,CYP2C9,1
CNCCC(Oc1ccc(C(F)(F)F)cc1)c1ccccc1,CYP2D6,1
CNCCC(Oc1ccc(C(F)(F)F)cc1)c1ccccc1,CYP3A4,1
CNCCC=C1c2ccccc2CCc2ccccc21,CYP1A2,1
CNCCC=C1c2ccccc2CCc2ccccc21,CYP2C19,1
CNCCC=C1c2ccccc2CCc2ccccc21,CYP2D6,1
CNCCC=C1c2ccccc2CCc2ccccc21,CYP3A4,1
CNCCCC12CCC(c3ccccc31)c1ccccc12,CYP1A2,1
CNCCCC12CCC(c3ccccc31)c1ccccc12,CYP2D6,1
CNCCCN1c2ccccc2CCc2ccc(Cl)cc21,CYP1A2,1
CNCCCN1c2ccccc2CCc2ccc(Cl)cc21,CYP2C19,1
CNCCCN1c2ccccc2CCc2ccc(Cl)cc21,CYP2D6,1
CNCCCN1c2ccccc2CCc2ccc(Cl)cc21,CYP3A4,1
CNCCCN1c2ccccc2CCc2ccccc21,CYP2D6,1
CNCCC[C@@]1(c2ccc(F)cc2)OCc2cc(C#N)ccc21,CYP2D6,1
CNCCN1C(=O)[C@H](OC(C)=O)[C@H](c2ccc(OC)cc2)Sc2ccccc21,CYP3A4,1
CNCCOC(c1ccccc1)c1ccccc1,CYP1A2,1
CNCCOC(c1ccccc1)c1ccccc1,CYP2C19,1
CNCCOC(c1ccccc1)c1ccccc1,CYP2C9,1
CNCCOC(c1ccccc1)c1ccccc1,CYP2D6,1
CNCC[C@@H](Oc1ccccc1C)c1ccccc1,CYP1A2,1
CNCC[C@@H](Oc1ccccc1C)c1ccccc1,CYP2B6,1
CNCC[C@@H](Oc1ccccc1C)c1ccccc1,CYP2C19,1
CNCC[C@@H](Oc1ccccc1C)c1ccccc1,CYP2C9,1
CNCC[C@@H](Oc1ccccc1C)c1ccccc1,CYP2D6,1
CNCC[C@@H](Oc1ccccc1C)c1ccccc1,CYP2E1,1
CNCC[C@@H](Oc1ccccc1C)c1ccccc1,CYP3A4,1
CNCC[C@H](Oc1cccc2ccccc12)c1cccs1,CYP1A2,1
CNCC[C@H](Oc1cccc2ccccc12)c1cccs1,CYP2D6,1
CNCCc1c[nH]c2ccc(CS(=O)(=O)NC)cc12,CYP2C19,0
CNCCc1c[nH]c2ccc(CS(=O)(=O)NC)cc12,CYP2C9,0
CNCCc1c[nH]c2ccc(CS(=O)(=O)NC)cc12,CYP3A4,0
CNC[C@H](O)[C@@H](O)[C@H](O)[C@H](O)CO,CYP2A6,0
CNC[C@H](O)[C@@H](O)[C@H](O)[C@H](O)CO,CYP3A4,0
CNC[C@H](O)c1ccc(O)c(O)c1,CYP2A6,0
CNC[C@H](O)c1ccc(O)c(O)c1,CYP3A4,0
CNC[C@H](O)c1cccc(O)c1,CYP2C19,0
CNCc1cc(-c2ccccc2F)n(S(=O)(=O)c2cccnc2)c1,CYP2B6,1
CNCc1cc(-c2ccccc2F)n(S(=O)(=O)c2cccnc2)c1,CYP2C19,1
CNCc1cc(-c2ccccc2F)n(S(=O)(=O)c2cccnc2)c1,CYP2D6,1
CNCc1cc(-c2ccccc2F)n(S(=O)(=O)c2cccnc2)c1,CYP3A4,1
CNCc1cc(=O)oc2cc(OC)ccc12,CYP1A2,1
CNCc1cc(=O)oc2cc(OC)ccc12,CYP2C19,1
CNCc1cc(=O)oc2cc(OC)ccc12,CYP2D6,1
CNS(=O)(=O)Cc1ccc2[nH]cc(CCCN3CCN(c4ncncc4OC)CC3)c2c1,CYP2D6,1
CNS(=O)(=O)Cc1ccc2[nH]cc(CCCN3CCN(c4ncncc4OC)CC3)c2c1,CYP3A4,1
CNS(=O)(=O)Cc1ccc2[nH]cc(CCN(C)C)c2c1,CYP2C9,0
CNS(=O)(=O)Cc1ccc2[nH]cc(CCN(C)C)c2c1,CYP3A4,0
CN[C@@H](C)Cc1ccccc1,CYP2D6,1
CN[C@H]1CC[C@@H](c2ccc(Cl)c(Cl)c2)c2ccccc21,CYP2B6,1
CN[C@H]1CC[C@@H](c2ccc(Cl)c(Cl)c2)c2ccccc21,CYP2C19,1
CN[C@H]1CC[C@@H](c2ccc(Cl)c(Cl)c2)c2ccccc21,CYP2C9,1
CN[C@H]1CC[C@@H](c2ccc(Cl)c(Cl)c2)c2ccccc21,CYP2D6,1
CN[C@H]1CC[C@@H](c2ccc(Cl)c(Cl)c2)c2ccccc21,CYP3A4,1
CN[C@H]1CCc2cc(OC)c(OC)c(OC)c2-c2ccc(OC)c(=O)cc21,CYP2C8,0
CN[C@H]1CN(c2ccc3c(=O)c(C(=O)O)cn(-c4nccs4)c3n2)C[C@@H]1OC,CYP1A2,1
CN[C@H]1CN(c2ccc3c(=O)c(C(=O)O)cn(-c4nccs4)c3n2)C[C@@H]1OC,CYP2C19,0
CN[C@H]1CN(c2ccc3c(=O)c(C(=O)O)cn(-c4nccs4)c3n2)C[C@@H]1OC,CYP2C9,0
CN[C@H]1CN(c2ccc3c(=O)c(C(=O)O)cn(-c4nccs4)c3n2)C[C@@H]1OC,CYP2D6,1
CN[C@H]1CN(c2ccc3c(=O)c(C(=O)O)cn(-c4nccs4)c3n2)C[C@@H]1OC,CYP3A4,1
CNc1cccc(-c2ccnc3c(C(=O)c4cccs4)cnn23)c1,CYP1A2,1
CNc1cccc(-c2ccnc3c(C(=O)c4cccs4)cnn23)c1,CYP2D6,1
CNc1cccc(-c2ccnc3c(C(=O)c4cccs4)cnn23)c1,CYP2E1,1
CNc1cccc(-c2ccnc3c(C(=O)c4cccs4)cnn23)c1,CYP3A4,1
CNc1cnn(-c2cccc(C(F)(F)F)c2)c(=O)c1Cl,CYP1A2,1
CNc1cnn(-c2cccc(C(F)(F)F)c2)c(=O)c1Cl,CYP2C19,1
CNc1nc(C)c(C(C)=O)cc1C#N,CYP2C19,0
CNc1nc2ccccc2n2c(-c3cccc(OC)c3)cnc12,CYP2A6,1
CNc1nc2ccccc2n2c(-c3cccc(OC)c3)cnc12,CYP2C8,1
CNc1nc2ccccc2n2c(-c3cccc(OC)c3)cnc12,CYP2E1,1
CNc1nc2ccccc2n2c(-c3cccc(OC)c3)cnc12,CYP3A4,1
CNc1nc2ccccc2n2c(CCc3ccccc3)cnc12,CYP2A6,1
CNc1nc2ccccc2n2c(CCc3ccccc3)cnc12,CYP2C9,1
CNc1nc2ccccc2n2c(CCc3ccccc3)cnc12,CYP3A4,1
CNc1ncnc2c([C@@H]3O[C@H](CO)[C@@H](O)[C@H]3O)[nH]nc12,CYP2C19,0
CNc1ncnc2c([C@@H]3O[C@H](CO)[C@@H](O)[C@H]3O)[nH]nc12,CYP2E1,0
CO/N=C(\C(=O)N[C@@H]1C(=O)N2C(C(=O)O)=C(C)CS[C@H]12)c1csc(N)n1,CYP3A4,0
CO/N=C(\C(=O)N[C@@H]1C(=O)N2C(C(=O)O)=C(COC(C)=O)CS[C@H]12)c1csc(N)n1,CYP3A4,0
CO/N=C(\C(=O)N[C@@H]1C(=O)N2C(C(=O)O)=CCS[C@H]12)c1csc(N)n1,CYP2E1,0
CO/N=C(\C(=O)N[C@@H]1C(=O)N2C(C(=O)O)=CCS[C@H]12)c1csc(N)n1,CYP3A4,0
CO/N=C(\C(=O)N[C@H](C=O)[C@@H]1N[C@@H](C(=O)O)C(C)(C)S1)c1csc(N)n1,CYP2C8,0
CO/N=C(\C(=O)N[C@H](C=O)[C@@H]1N[C@@H](C(=O)O)C(C)(C)S1)c1csc(N)n1,CYP3A4,0
CO/N=C(\C)c1cccc(Oc2nc(OC)cc(OC)n2)c1C(=O)OC,CYP1A2,1
CO/N=C(\C)c1cccc(Oc2nc(OC)cc(OC)n2)c1C(=O)OC,CYP2C19,1
CO/N=C(\C)c1cccc(Oc2nc(OC)cc(OC)n2)c1C(=O)OC,CYP3A4,1
CO/N=C(\N)c1ccc(-c2ccc(-c3ccc(/C(N)=N/OC)cc3)o2)cc1,CYP3A4,1
CO/N=C(\N)c1ccc(-c2ccc(-c3ccc(/C(N)=N/OC)cn3)o2)cc1,CYP1A2,1
CO/N=C(\N)c1ccc(-c2ccc(-c3ccc(/C(N)=N/OC)cn3)o2)cc1,CYP2C8,0
CO/N=C(\N)c1ccc(-c2ccc(-c3ccc(/C(N)=N/OC)cn3)o2)cc1,CYP2D6,0
CO/N=C(\N)c1ccc(-c2ccc(-c3ccc(/C(N)=N/OC)cn3)o2)cc1,CYP3A4,1
COC(=O)/C=C/c1cc(O)ccc1O,CYP3A4,0
COC(=O)C(N)Cc1ccc(O)cc1,CYP2C8,0
COC(=O)C(N)Cc1ccc(O)cc1,CYP3A4,0
COC(=O)C(NC(=O)C(NC(=O)C1CCC(C)CC1)C(C)C)C(C)C,CYP2A6,0
COC(=O)C(NC(=O)C(NC(=O)C1CCC(C)CC1)C(C)C)C(C)C,CYP2C8,0
COC(=O)C1=C(C)NC(C)=C(C(=O)O)C1c1cccc([N+](=O)[O-])c1,CYP2C19,1
COC(=O)C1=C(C)NC(C)=C(C(=O)O)C1c1cccc([N+](=O)[O-])c1,CYP2D6,1
COC(=O)C1=C(C)NC(C)=C(C(=O)O)C1c1cccc([N+](=O)[O-])c1,CYP2E1,1
COC(=O)C1=C(C)NC(C)=C(C(=O)O)C1c1cccc([N+](=O)[O-])c1,CYP3A4,1
COC(=O)C1=C(C)NC(C)=C(C(=O)O)[C@H]1c1cccc([N+](=O)[O-])c1,CYP3A4,0
COC(=O)C1=C(C)NC(C)=C(C(=O)OC)C1c1ccccc1[N+](=O)[O-],CYP3A4,1
COC(=O)C1=C(C)NC(C)=C(C(=O)OC/C=C/c2ccccc2)C1c1cccc([N+](=O)[O-])c1,CYP1A2,1
COC(=O)C1=C(C)NC(C)=C(C(=O)OC/C=C/c2ccccc2)C1c1cccc([N+](=O)[O-])c1,CYP2D6,1
COC(=O)C1=C(C)NC(C)=C(C(=O)OC/C=C/c2ccccc2)C1c1cccc([N+](=O)[O-])c1,CYP3A4,1
COC(=O)C1=C(C)NC(C)=C(C(=O)OCC(C)(C)O)C1c1cccc([N+](=O)[O-])c1,CYP2C19,1
COC(=O)C1=C(C)NC(C)=C(C(=O)OCC(C)(C)O)C1c1cccc([N+](=O)[O-])c1,CYP3A4,1
COC(=O)C1=C(C)NC(C)=C(C(=O)OCC(C)C)C1c1cccc([N+](=O)[O-])c1,CYP1A2,1
COC(=O)C1=C(C)NC(C)=C(C(=O)OCC(C)C)C1c1cccc([N+](=O)[O-])c1,CYP2C19,1
COC(=O)C1=C(C)NC(C)=C(C(=O)OCC(C)C)C1c1cccc([N+](=O)[O-])c1,CYP2C9,1
COC(=O)C1=C(C)NC(C)=C(C(=O)OCC(C)C)C1c1cccc([N+](=O)[O-])c1,CYP2D6,1
COC(=O)C1=C(C)NC(C)=C(C(=O)OCC(C)C)C1c1cccc([N+](=O)[O-])c1,CYP2E1,1
COC(=O)C1=C(C)NC(C)=C(C(=O)OCC(C)C)C1c1cccc([N+](=O)[O-])c1,CYP3A4,1
COC(=O)C1=C(C)NC(C)=C(C(=O)OCCN(C)Cc2ccccc2)C1c1cccc([N+](=O)[O-])c1,CYP2C19,1
COC(=O)C1=C(C)NC(C)=C(C(=O)OCCN(C)Cc2ccccc2)C1c1cccc([N+](=O)[O-])c1,CYP2C8,1
COC(=O)C1=C(C)NC(C)=C(C(=O)OCCN(C)Cc2ccccc2)C1c1cccc([N+](=O)[O-])c1,CYP2C9,1
COC(=O)C1=C(C)NC(C)=C(C(=O)OCCN(C)Cc2ccccc2)C1c1cccc([N+](=O)[O-])c1,CYP2D6,1
COC(=O)C1=C(C)NC(C)=C(C(=O)OCCN(C)Cc2ccccc2)C1c1cccc([N+](=O)[O-])c1,CYP3A4,1
COC(=O)C1=C(C)NC(C)=C(C(=O)O[C@H]2CCN(Cc3ccccc3)C2)[C@H]1c1cccc([N+](=O)[O-])c1,CYP2D6,1
COC(=O)C1=C(C)NC(C)=C(C(=O)O[C@H]2CCN(Cc3ccccc3)C2)[C@H]1c1cccc([N+](=O)[O-])c1,CYP3A4,1
COC(=O)C1=C(CN2CCN3C(=O)N(c4ccc(CCC(=O)O)cc4)CC3C2)NC(c2nccs2)=N[C@H]1c1ccc(F)cc1Cl,CYP1A2,1
COC(=O)C1=C(CN2CCN3C(=O)N(c4ccc(CCC(=O)O)cc4)CC3C2)NC(c2nccs2)=N[C@H]1c1ccc(F)cc1Cl,CYP2A6,1
COC(=O)C1=C(CN2CCN3C(=O)N(c4ccc(CCC(=O)O)cc4)CC3C2)NC(c2nccs2)=N[C@H]1c1ccc(F)cc1Cl,CYP2C19,1
COC(=O)C1=C(CN2CCN3C(=O)N(c4ccc(CCC(=O)O)cc4)CC3C2)NC(c2nccs2)=N[C@H]1c1ccc(F)cc1Cl,CYP2C8,1
COC(=O)C1=C(CN2CCN3C(=O)N(c4ccc(CCC(=O)O)cc4)CC3C2)NC(c2nccs2)=N[C@H]1c1ccc(F)cc1Cl,CYP3A4,1
COC(=O)C1=C(c2ccc(S(C)(=O)=O)cc2)C[C@@H]2CC[C@H]1N2C(=O)NCCO,CYP2B6,0
COC(=O)C1=C(c2ccccc2)C[C@@H]2CC[C@H]1N2C(=O)NCCNC(C)=O,CYP2E1,0
COC(=O)C1=C[C@@H](C(=O)OC)C2C3=C(C(=O)C24CCCCC4)[C@H](C)n2c(=O)n(C)c(=O)n2[C@@H]3C1,CYP2C8,0
COC(=O)C1=C[C@@H](C(=O)OC)C2C3=C(C(=O)C24CCCCC4)[C@H](C)n2c(=O)n(C)c(=O)n2[C@@H]3C1,CYP2D6,0
COC(=O)CCC(=O)CN,CYP2B6,0
COC(=O)CCC(=O)CN,CYP2C8,0
COC(=O)CCCCCCCCO[C@@H]1O[C@H](CO)[C@H](O)[C@H](O)[C@H]1O,CYP2C9,0
COC(=O)CCCCCCCCO[C@@H]1O[C@H](CO)[C@H](O)[C@H](O)[C@H]1O,CYP3A4,0
COC(=O)CSc1nc(NC#N)nc(NC(C)C)n1,CYP2C19,0
COC(=O)C[C@@H](C)OC(=O)C[C@@H](C)OC(=O)C[C@@H](C)O,CYP2C9,0
COC(=O)C[C@@H](C)OC(=O)C[C@@H](C)OC(=O)C[C@@H](C)O,CYP3A4,0
COC(=O)Cc1ccc(NC(C)=O)cc1,CYP2C8,0
COC(=O)N(C)c1c(N)nc(-c2nn(Cc3ccccc3F)c3ncccc23)nc1N,CYP2C8,1
COC(=O)N(C)c1c(N)nc(-c2nn(Cc3ccccc3F)c3ncccc23)nc1N,CYP3A4,1
COC(=O)N1CC[C@@H]2[C@H]1CCC[C@@]2(O)C#Cc1cccc(C)c1,CYP2A6,0
COC(=O)N1CC[C@@H]2[C@H]1CCC[C@@]2(O)C#Cc1cccc(C)c1,CYP2B6,0
COC(=O)N1CC[C@@H]2[C@H]1CCC[C@@]2(O)C#Cc1cccc(C)c1,CYP2C19,1
COC(=O)N1CC[C@@H]2[C@H]1CCC[C@@]2(O)C#Cc1cccc(C)c1,CYP2E1,0
COC(=O)N1CC[C@@H]2[C@H]1CCC[C@@]2(O)C#Cc1cccc(C)c1,CYP3A4,1
COC(=O)NC1(C(=O)O)CCCC1,CYP3A4,0
COC(=O)NCCCCCC(=O)N[C@@H]1O[C@H](CO)[C@H](O)[C@H](O)[C@H]1O,CYP1A2,0
COC(=O)NCCCCCC(=O)N[C@@H]1O[C@H](CO)[C@H](O)[C@H](O)[C@H]1O,CYP3A4,0
COC(=O)N[C@@H](C)CNc1nccc(-c2cn(C(C)C)nc2-c2cc(Cl)cc(NS(C)(=O)=O)c2F)n1,CYP2C19,1
COC(=O)N[C@@H](C)CNc1nccc(-c2cn(C(C)C)nc2-c2cc(Cl)cc(NS(C)(=O)=O)c2F)n1,CYP3A4,1
COC(=O)N[C@@H]1O[C@H](CO)[C@@H](O)[C@H](O)[C@H]1O,CYP3A4,0
COC(=O)N[C@]1(C(N)=O)O[C@H](CO)[C@@H](O)[C@H](O)[C@H]1O,CYP3A4,0
COC(=O)Nc1nc2ccccc2[nH]1,CYP1A2,1
COC(=O)Nc1nc2ccccc2[nH]1,CYP2A6,0
COC(=O)Nc1nc2ccccc2[nH]1,CYP2B6,0
COC(=O)Nc1nc2ccccc2[nH]1,CYP2C8,0
COC(=O)Nc1nc2ccccc2[nH]1,CYP2E1,0
COC(=O)Nc1nc2ccccc2[nH]1,CYP3A4,0
COC(=O)[C@@H](C)N(C(=O)CO)c1c(C)cccc1C,CYP2B6,1
COC(=O)[C@@H](N)Cc1ccc(O)c(O)c1,CYP2C8,0
COC(=O)[C@@H](N)Cc1ccc(O)c(O)c1,CYP3A4,0
COC(=O)[C@@H]1[C@H]2CC[C@@H](C[C@@H]1O)N2C,CYP2C19,0
COC(=O)[C@@H]1[C@H]2CC[C@@H](C[C@@H]1O)N2C,CYP2C8,0
COC(=O)[C@@H]1[C@H]2C[C@H]3c4[nH]c5ccccc5c4CCN3C[C@@H]2CC[C@@H]1O,CYP2D6,1
COC(=O)[C@@H]1[C@H]2C[C@H]3c4[nH]c5ccccc5c4CCN3C[C@@H]2CC[C@@H]1O,CYP3A4,1
COC(=O)[C@@]1(O)C[C@H]2O[C@]1(C)n1c3ccccc3c3c4c(c5c6ccccc6n2c5c31)C(=O)NC4,CYP2D6,0
COC(=O)[C@H](C)NP(=O)(OC[C@H]1O[C@@H](n2cc(/C=C/Br)c(=O)[nH]c2=O)C[C@@H]1O)Oc1ccccc1,CYP2C19,0
COC(=O)[C@H](c1ccccc1Cl)N1CCC2SC(=O)C=C2C1,CYP1A2,1
COC(=O)[C@H](c1ccccc1Cl)N1CCC2SC(=O)C=C2C1,CYP2A6,0
COC(=O)[C@H](c1ccccc1Cl)N1CCC2SC(=O)C=C2C1,CYP2B6,1
COC(=O)[C@H](c1ccccc1Cl)N1CCC2SC(=O)C=C2C1,CYP2C19,1
COC(=O)[C@H](c1ccccc1Cl)N1CCC2SC(=O)C=C2C1,CYP2C8,1
COC(=O)[C@H](c1ccccc1Cl)N1CCC2SC(=O)C=C2C1,CYP2C9,1
COC(=O)[C@H](c1ccccc1Cl)N1CCC2SC(=O)C=C2C1,CYP2D6,1
COC(=O)[C@H](c1ccccc1Cl)N1CCC2SC(=O)C=C2C1,CYP2E1,0
COC(=O)[C@H](c1ccccc1Cl)N1CCC2SC(=O)C=C2C1,CYP3A4,1
COC(=O)[C@H](c1ccccc1Cl)N1CCc2sccc2C1,CYP1A2,1
COC(=O)[C@H](c1ccccc1Cl)N1CCc2sccc2C1,CYP2A6,0
COC(=O)[C@H](c1ccccc1Cl)N1CCc2sccc2C1,CYP2B6,1
COC(=O)[C@H](c1ccccc1Cl)N1CCc2sccc2C1,CYP2C19,1
COC(=O)[C@H](c1ccccc1Cl)N1CCc2sccc2C1,CYP2C8,0
COC(=O)[C@H](c1ccccc1Cl)N1CCc2sccc2C1,CYP2C9,0
COC(=O)[C@H](c1ccccc1Cl)N1CCc2sccc2C1,CYP2D6,0
COC(=O)[C@H](c1ccccc1Cl)N1CCc2sccc2C1,CYP2E1,0
COC(=O)[C@H](c1ccccc1Cl)N1CCc2sccc2C1,CYP3A4,0
COC(=O)[C@H]1[C@H]2C[C@@H]3c4[nH]c5cc(OC)ccc5c4CCN3C[C@H]2C[C@H](OC)[C@@H]1OC,CYP2E1,0
COC(=O)c1c(-c2cc(OC)c(OC)c(OC)c2)c2ccc(OCc3ccccn3)cc2c(=O)n1-c1ccc(N)cc1,CYP1A2,0
COC(=O)c1c(-c2cc(OC)c(OC)c(OC)c2)c2ccc(OCc3ccccn3)cc2c(=O)n1-c1ccc(N)cc1,CYP2A6,0
COC(=O)c1c(-c2cc(OC)c(OC)c(OC)c2)c2ccc(OCc3ccccn3)cc2c(=O)n1-c1ccc(N)cc1,CYP2B6,0
COC(=O)c1c(-c2cc(OC)c(OC)c(OC)c2)c2ccc(OCc3ccccn3)cc2c(=O)n1-c1ccc(N)cc1,CYP2C19,0
COC(=O)c1c(-c2cc(OC)c(OC)c(OC)c2)c2ccc(OCc3ccccn3)cc2c(=O)n1-c1ccc(N)cc1,CYP2E1,0
COC(=O)c1c(C)cc(Oc2cc(C)cc(O)c2O)cc1O,CYP2B6,0
COC(=O)c1c(C)cc(Oc2cc(C)cc(O)c2O)cc1O,CYP3A4,0
COC(=O)c1c(C)nc(C)c(C(=O)OC/C=C/c2ccccc2)c1-c1cccc([N+](=O)[O-])c1,CYP1A2,1
COC(=O)c1c(C)nc(C)c(C(=O)OC/C=C/c2ccccc2)c1-c1cccc([N+](=O)[O-])c1,CYP2D6,1
COC(=O)c1c(C)nc(C)c(C(=O)OC/C=C/c2ccccc2)c1-c1cccc([N+](=O)[O-])c1,CYP3A4,1
COC(=O)c1c(C)nc(C)c(C(=O)OCC(C)C)c1-c1cccc([N+](=O)[O-])c1,CYP2C19,1
COC(=O)c1c(C)nc(C)c(C(=O)OCC(C)C)c1-c1cccc([N+](=O)[O-])c1,CYP3A4,1
COC(=O)c1c(N)c2ccccc2[nH]c1=O,CYP2C8,0
COC(=O)c1cc(OC)c2c(c1-c1c(C(=O)OC)cc(OC)c3c1OCO3)OCO2,CYP1A2,1
COC(=O)c1cc(OC)c2c(c1-c1c(C(=O)OC)cc(OC)c3c1OCO3)OCO2,CYP2C9,1
COC(=O)c1cc(OC)c2c(c1-c1c(C(=O)OC)cc(OC)c3c1OCO3)OCO2,CYP3A4,1
COC(=O)c1ccc(CNC(=O)C2CCC(=O)N(CCN3CCOCC3)C2)cc1,CYP2A6,0
COC(=O)c1ccc(NC(=O)NC[C@H]2CC[C@@H](C(=O)N3CCC[C@H]3CN)N2)cc1,CYP2C8,0
COC(=O)c1ccc(NC(=O)NC[C@H]2CC[C@@H](C(=O)N3CCC[C@H]3CN)N2)cc1,CYP2E1,0
COC(C)(C)C,CYP2A6,1
COC(C)(C)C,CYP2E1,1
COC(CNC(=O)c1c[nH]c2ccc(S(=O)(=O)N3CCOCC3)cc2c1=O)OC,CYP2B6,0
COC(CNC(=O)c1c[nH]c2ccc(S(=O)(=O)N3CCOCC3)cc2c1=O)OC,CYP2C8,0
COC(C[C@H](O)C[C@H](O)COCc1ccccc1)OC,CYP2E1,0
COC(OC)[C@@]1(C)Oc2ccc(N)cc2[C@H](N(Cc2nnn(C)n2)c2ccc(Cl)cc2)[C@H]1O,CYP1A2,1
COC(OC)[C@@]1(C)Oc2ccc(N)cc2[C@H](N(Cc2nnn(C)n2)c2ccc(Cl)cc2)[C@H]1O,CYP2B6,1
COC(OC)[C@@]1(C)Oc2ccc(N)cc2[C@H](N(Cc2nnn(C)n2)c2ccc(Cl)cc2)[C@H]1O,CYP2C19,1
COC(OC)[C@@]1(C)Oc2ccc(N)cc2[C@H](N(Cc2nnn(C)n2)c2ccc(Cl)cc2)[C@H]1O,CYP2C8,1
COC(OC)[C@@]1(C)Oc2ccc(N)cc2[C@H](N(Cc2nnn(C)n2)c2ccc(Cl)cc2)[C@H]1O,CYP2C9,1
COC(OC)[C@@]1(C)Oc2ccc(N)cc2[C@H](N(Cc2nnn(C)n2)c2ccc(Cl)cc2)[C@H]1O,CYP2D6,1
COC(OC)[C@@]1(C)Oc2ccc(N)cc2[C@H](N(Cc2nnn(C)n2)c2ccc(Cl)cc2)[C@H]1O,CYP2E1,1
COC(OC)[C@@]1(C)Oc2ccc(N)cc2[C@H](N(Cc2nnn(C)n2)c2ccc(Cl)cc2)[C@H]1O,CYP3A4,1
COC(c1ccccc1)(c1ccccc1)[C@H](Oc1nc(C)cc(C)n1)C(=O)O,CYP2C19,1
COC(c1ccccc1)(c1ccccc1)[C@H](Oc1nc(C)cc(C)n1)C(=O)O,CYP3A4,1
COC1=C(C(=O)O)N2C(=O)[C@@H](NC(=O)[C@H](N)C3=CCC=CC3)[C@H]2SC1,CYP2B6,0
COC1=C(C(=O)O)N2C(=O)[C@@H](NC(=O)[C@H](N)C3=CCC=CC3)[C@H]2SC1,CYP2D6,0
COC1=C(OC)C(=O)C(C/C=C(\C)CCC=C(C)C)=C(C)C1=O,CYP3A4,0
COC1=C(OC)C(=O)C(CC=C(C)C)=C(C)C1=O,CYP3A4,0
COC1=C(OC)C(=O)C(CCCCCCCCCCO)=C(C)C1=O,CYP1A2,1
COC1=C(OC)C(=O)C(CCCCCCCCCCO)=C(C)C1=O,CYP2C19,1
COC1=C(OC)C(=O)C(CCCCCCCCCCO)=C(C)C1=O,CYP2C9,1
COC1=C(OC)C(=O)C(CCCCCCCCCCO)=C(C)C1=O,CYP2D6,1
COC1=C(OC)C(=O)C(CCCCCCCCCCO)=C(C)C1=O,CYP3A4,1
COC1=C2C[C@@H](C)C[C@H](OC)[C@H](O)[C@@H](C)/C=C(\C)[C@H](OC(N)=O)[C@@H](OC)/C=C\C=C(/C)C(=O)NC(=CC1=O)C2=O,CYP2A6,0
COC1=C2C[C@@H](C)C[C@H](OC)[C@H](O)[C@@H](C)/C=C(\C)[C@H](OC(N)=O)[C@@H](OC)/C=C\C=C(/C)C(=O)NC(=CC1=O)C2=O,CYP2C8,0
COCC(=O)N(c1c(C)cccc1C)[C@H](C)C(=O)O,CYP2B6,1
COCC(=O)N(c1c(C)cccc1C)[C@H](C)C(=O)OC,CYP1A2,0
COCC(=O)N(c1c(C)cccc1C)[C@H](C)C(=O)OC,CYP2A6,0
COCC(=O)N(c1c(C)cccc1C)[C@H](C)C(=O)OC,CYP2B6,1
COCC(=O)N(c1c(C)cccc1C)[C@H](C)C(=O)OC,CYP2C19,0
COCC(=O)N(c1c(C)cccc1C)[C@H](C)C(=O)OC,CYP2C8,0
COCC(=O)N(c1c(C)cccc1C)[C@H](C)C(=O)OC,CYP2C9,0
COCC(=O)N(c1c(C)cccc1C)[C@H](C)C(=O)OC,CYP2D6,0
COCC(=O)N(c1c(C)cccc1C)[C@H](C)C(=O)OC,CYP2E1,0
COCC(=O)N(c1c(C)cccc1C)[C@H](C)C(=O)OC,CYP3A4,1
COCC(=O)O[C@]1(CCN(C)CCCc2nc3ccccc3[nH]2)CCc2cc(F)ccc2[C@@H]1C(C)C,CYP3A4,1
COCC(COC)n1ccc2c3c(N)nc(N)nc3ccc21,CYP2C19,0
COCC(COC)n1ccc2c3c(N)nc(N)nc3ccc21,CYP2C8,0
COCC(O)Cn1ccnc1[N+](=O)[O-],CYP1A2,0
COCCCC/C(=N\OCCN)c1ccc(C(F)(F)F)cc1,CYP1A2,1
COCCCC/C(=N\OCCN)c1ccc(C(F)(F)F)cc1,CYP2D6,1
COCCCCCCCCCN1C[C@H](O)[C@@H](O)[C@H](O)[C@H]1CO,CYP3A4,0
COCCCNC1(c2ccccc2)CCCCC1,CYP2B6,1
COCCCNC1(c2ccccc2)CCCCC1,CYP2C19,1
COCCCOc1cc(C[C@@H](C[C@H](N)[C@@H](O)C[C@H](C(=O)NCC(C)(C)C(N)=O)C(C)C)C(C)C)ccc1OC,CYP3A4,1
COCCCOc1cccc(CSc2nc3cc4c(cc3[nH]2)CCO4)c1C,CYP2C19,1
COCCCOc1cccc(CSc2nc3cc4c(cc3[nH]2)CCO4)c1C,CYP2D6,1
COCCCOc1cccc(CSc2nc3cc4c(cc3[nH]2)CCO4)c1C,CYP3A4,1
COCCCOc1cccc(C[S+]([O-])c2nc3cc4c(cc3[nH]2)CCO4)c1C,CYP2C19,1
COCCCOc1cccc(C[S+]([O-])c2nc3cc4c(cc3[nH]2)CCO4)c1C,CYP2D6,1
COCCCOc1cccc(C[S+]([O-])c2nc3cc4c(cc3[nH]2)CCO4)c1C,CYP3A4,1
COCCCOc1ccnc(CSc2nc3ccccc3[nH]2)c1C,CYP1A2,1
COCCCOc1ccnc(CSc2nc3ccccc3[nH]2)c1C,CYP2A6,1
COCCCOc1ccnc(CSc2nc3ccccc3[nH]2)c1C,CYP2B6,1
COCCCOc1ccnc(CSc2nc3ccccc3[nH]2)c1C,CYP2C19,1
COCCCOc1ccnc(CSc2nc3ccccc3[nH]2)c1C,CYP2C9,1
COCCCOc1ccnc(CSc2nc3ccccc3[nH]2)c1C,CYP2D6,1
COCCCOc1ccnc(CSc2nc3ccccc3[nH]2)c1C,CYP2E1,1
COCCCOc1ccnc(CSc2nc3ccccc3[nH]2)c1C,CYP3A4,1
COCCN(C(=O)C1CCCO1)c1c(N)n(CC(C)C)c(=O)[nH]c1=O,CYP2C19,0
COCCN(C(=O)C1CCCO1)c1c(N)n(CC(C)C)c(=O)[nH]c1=O,CYP2C8,0
COCCN(C(=O)CNC(=O)c1ccco1)C(C(=O)NC1CCCC1)c1ccccc1,CYP2C8,0
COCCOC(=O)C1=C(C)NC(C)=C(C(=O)OC(C)C)C1c1cccc([N+](=O)[O-])c1,CYP3A4,1
COCCOCCOCCOCCOCCO,CYP2B6,0
COCCOCCOCCOCCOCCO,CYP3A4,0
COCCOc1cc(CC2CCN(CCc3ccc4c(c3)C(=O)CCO4)CC2)ccc1Br,CYP1A2,0
COCCOc1cc(CC2CCN(CCc3ccc4c(c3)C(=O)CCO4)CC2)ccc1Br,CYP2C19,1
COCCOc1cc(CC2CCN(CCc3ccc4c(c3)C(=O)CCO4)CC2)ccc1Br,CYP2C8,0
COCCOc1cc(CC2CCN(CCc3ccc4c(c3)C(=O)CCO4)CC2)ccc1Br,CYP2C9,0
COCCOc1cc(CC2CCN(CCc3ccc4c(c3)C(=O)CCO4)CC2)ccc1Br,CYP2D6,1
COCCOc1cc(CC2CCN(CCc3ccc4c(c3)C(=O)CCO4)CC2)ccc1Br,CYP3A4,1
COCC[C@H]1C[C@H]2CN3CCc4c([nH]c5ccccc45)[C@](C(=O)OC)(C2)[C@H]13,CYP2C19,1
COCC[C@H]1C[C@H]2CN3CCc4c([nH]c5ccccc45)[C@](C(=O)OC)(C2)[C@H]13,CYP2C9,1
COCC[C@H]1C[C@H]2CN3CCc4c([nH]c5ccccc45)[C@](C(=O)OC)(C2)[C@H]13,CYP2D6,1
COCC[C@H]1C[C@H]2CN3CCc4c([nH]c5ccccc45)[C@](C(=O)OC)(C2)[C@H]13,CYP3A4,1
COCCc1ccc(OCC(O)CNC(C)C)cc1,CYP2C19,1
COCCc1ccc(OCC(O)CNC(C)C)cc1,CYP2D6,1
COC[C@@H](NC(C)=O)C(=O)NCc1ccccc1,CYP2C19,1
COC[C@@H](NC(C)=O)C(=O)NCc1ccccc1,CYP2C9,1
COC[C@@H](NC(C)=O)C(=O)NCc1ccccc1,CYP3A4,1
COC[C@@H](O)[C@H](CC(C)C)NC(=O)[C@H](CC(C)C)NC(=O)OCc1ccccc1,CYP2D6,0
COC[C@@H](c1ccc(C(F)(F)F)cc1)N1CCN(C2(C)CCN(C(=O)c3c(C)ncnc3C)CC2)C[C@@H]1C,CYP1A2,0
COC[C@@H](c1ccc(C(F)(F)F)cc1)N1CCN(C2(C)CCN(C(=O)c3c(C)ncnc3C)CC2)C[C@@H]1C,CYP2A6,0
COC[C@@H](c1ccc(C(F)(F)F)cc1)N1CCN(C2(C)CCN(C(=O)c3c(C)ncnc3C)CC2)C[C@@H]1C,CYP2B6,0
COC[C@@H](c1ccc(C(F)(F)F)cc1)N1CCN(C2(C)CCN(C(=O)c3c(C)ncnc3C)CC2)C[C@@H]1C,CYP2C19,0
COC[C@@H](c1ccc(C(F)(F)F)cc1)N1CCN(C2(C)CCN(C(=O)c3c(C)ncnc3C)CC2)C[C@@H]1C,CYP2C8,0
COC[C@@H](c1ccc(C(F)(F)F)cc1)N1CCN(C2(C)CCN(C(=O)c3c(C)ncnc3C)CC2)C[C@@H]1C,CYP2C9,1
COC[C@@H](c1ccc(C(F)(F)F)cc1)N1CCN(C2(C)CCN(C(=O)c3c(C)ncnc3C)CC2)C[C@@H]1C,CYP2D6,0
COC[C@@H](c1ccc(C(F)(F)F)cc1)N1CCN(C2(C)CCN(C(=O)c3c(C)ncnc3C)CC2)C[C@@H]1C,CYP2E1,0
COC[C@@H](c1ccc(C(F)(F)F)cc1)N1CCN(C2(C)CCN(C(=O)c3c(C)ncnc3C)CC2)C[C@@H]1C,CYP3A4,1
COC[C@@]12CC[C@H](OC)[C@@]34[C@@H]5C[C@@]6(O)[C@H](OC(=O)c7ccccc7)[C@@H]5[C@@](OC(C)=O)([C@@H]([C@H](OC)[C@H]13)[C@H]4N(C)C2)[C@@H](O)[C@@H]6OC,CYP2D6,1
COC[C@@]12CC[C@H](OC)[C@@]34[C@@H]5C[C@@]6(O)[C@H](OC(=O)c7ccccc7)[C@@H]5[C@@](OC(C)=O)([C@@H]([C@H](OC)[C@H]13)[C@H]4N(C)C2)[C@@H](O)[C@@H]6OC,CYP2E1,1
COC[C@@]12CC[C@H](OC)[C@@]34[C@@H]5C[C@@]6(O)[C@H](OC(=O)c7ccccc7)[C@@H]5[C@@](OC(C)=O)([C@@H]([C@H](OC)[C@H]13)[C@H]4N(C)C2)[C@@H](O)[C@@H]6OC,CYP3A4,1
COC[C@@]12CC[C@H](OC)[C@]34C([C@H]([C@H](OC)[C@H]13)[C@]1(O)[C@H]3[C@@H](OC(=O)c5ccccc5)[C@](O)(C[C@H]34)[C@@H](OC)[C@@H]1O)N(C)C2,CYP3A4,1
COC[C@]12CN(C)C3[C@@H]4[C@H](OC)[C@H]1[C@@]3([C@@H](OC)C[C@H]2O)[C@@H]1C[C@@]2(O)[C@H](OC(=O)c3ccccc3)[C@@H]1[C@]4(O)[C@@H](O)[C@@H]2OC,CYP3A4,1
COC[C@]12CN(C)[C@@H]3[C@@H]4[C@H](OC)[C@H]1[C@@]3([C@@H](OC)C[C@H]2O)[C@@H]1C[C@@]2(O)[C@H](OC(=O)c3ccccc3)[C@@H]1[C@]4(OC(C)=O)[C@@H](O)[C@@H]2OC,CYP2C8,1
COC[C@]12CN(C)[C@@H]3[C@@H]4[C@H](OC)[C@H]1[C@@]3([C@@H](OC)C[C@H]2O)[C@@H]1C[C@@]2(O)[C@H](OC(=O)c3ccccc3)[C@@H]1[C@]4(OC(C)=O)[C@@H](O)[C@@H]2OC,CYP2D6,1
COC[C@]12CN(C)[C@@H]3[C@@H]4[C@H](OC)[C@H]1[C@@]3([C@@H](OC)C[C@H]2O)[C@@H]1C[C@@]2(O)[C@H](OC(=O)c3ccccc3)[C@@H]1[C@]4(OC(C)=O)[C@@H](O)[C@@H]2OC,CYP3A4,1
COCc1c(C(C)C)nc(C(C)C)c(/C=C/[C@@H](O)C[C@@H](O)CC(=O)O)c1-c1ccc(F)cc1,CYP2C8,1
COCc1c(C(C)C)nc(C(C)C)c(/C=C/[C@@H](O)C[C@@H](O)CC(=O)O)c1-c1ccc(F)cc1,CYP3A4,1
COCc1cccc(C[C@H](O)/C=C/[C@H]2[C@H](O)CC(=O)[C@@H]2CCSCCCC(=O)OC)c1,CYP2C9,0
COCc1cccc(C[C@H](O)/C=C/[C@H]2[C@H](O)CC(=O)[C@@H]2CCSCCCC(=O)OC)c1,CYP2D6,0
COCc1cccc(C[C@H](O)/C=C/[C@H]2[C@H](O)CC(=O)[C@@H]2CCSCCCC(=O)OC)c1,CYP2E1,0
CON(C)Cc1ccc(O)c2c1C[C@H]1C[C@H]3[C@H](N(C)C)C(O)=C(C(N)=O)C(=O)[C@@]3(O)C(O)=C1C2=O,CYP2C19,0
CONC(=N)c1ccc(-c2ccc(-c3ccc(C(=N)NOC)cc3)o2)cc1,CYP1A2,0
CONC(=N)c1ccc(-c2ccc(-c3ccc(C(=N)NOC)cc3)o2)cc1,CYP2B6,0
CONC(=N)c1ccc(-c2ccc(-c3ccc(C(=N)NOC)cc3)o2)cc1,CYP2C8,0
CONC(=N)c1ccc(-c2ccc(-c3ccc(C(=N)NOC)cc3)o2)cc1,CYP2D6,0
CONC(=N)c1ccc(-c2ccc(-c3ccc(C(=N)NOC)cc3)o2)cc1,CYP2E1,0
COP(=O)(N[C@@H]1O[C@H](CO)[C@@H](O)[C@H](O)[C@H]1O)OC,CYP3A4,0
COP(=S)(OC)Oc1ccc(SC)c(C)c1,CYP1A2,1
COP(=S)(OC)Oc1ccc(SC)c(C)c1,CYP2B6,1
COP(=S)(OC)Oc1ccc(SC)c(C)c1,CYP2C19,1
COP(=S)(OC)Oc1ccc(SC)c(C)c1,CYP2C9,1
COP(=S)(OC)Oc1ccc(SC)c(C)c1,CYP3A4,1
COP(=S)(OC)Oc1ccc([N+](=O)[O-])c(C)c1,CYP2B6,1
COP(=S)(OC)SCN1C(=O)c2ccccc2C1=O,CYP2B6,1
COP(=S)(OC)SCN1C(=O)c2ccccc2C1=O,CYP2C19,1
COP(=S)(OC)SCN1C(=O)c2ccccc2C1=O,CYP2C9,1
COP(=S)(OC)SCn1nnc2ccccc2c1=O,CYP1A2,1
COP(=S)(OC)SCn1nnc2ccccc2c1=O,CYP2B6,1
COP(=S)(OC)SCn1nnc2ccccc2c1=O,CYP2C19,1
COP(N)(=S)Oc1ccccc1C(=O)OC(C)C,CYP1A2,1
COP(N)(=S)Oc1ccccc1C(=O)OC(C)C,CYP2D6,1
COP(N)(=S)Oc1ccccc1C(=O)OC(C)C,CYP3A4,1
CO[C@@H](Cc1ccc(N)cc1)C(=O)O,CYP3A4,0
CO[C@@H]1COCC[C@@H]1N[C@@H]1CC[C@@](C(=O)N2C[C@@H]3C[C@H]2CN3c2cc(C(F)(F)F)ncn2)(C(C)C)C1,CYP2C8,0
CO[C@@H]1COCC[C@@H]1N[C@@H]1CC[C@@](C(=O)N2C[C@@H]3C[C@H]2CN3c2cc(C(F)(F)F)ncn2)(C(C)C)C1,CYP2C9,0
CO[C@@H]1O[C@@H]2CO[C@@](C)(C(=O)O)O[C@@H]2[C@H](O)[C@H]1O,CYP3A4,0
CO[C@@H]1O[C@H](C=S)[C@H](O)[C@H](O)[C@H]1O,CYP3A4,0
CO[C@@H]1O[C@H](CO)[C@@H](O)[C@H](O)[C@H]1NC(C)=O,CYP3A4,0
CO[C@@]12[C@H](COC(N)=O)C3=C(C(=O)C(C)=C(N)C3=O)N1C[C@@H]1N[C@@H]12,CYP2C9,0
CO[C@@]12[C@H](COC(N)=O)C3=C(C(=O)C(C)=C(N)C3=O)N1C[C@H]1[C@@H]2N1C,CYP2C9,0
CO[C@H](C)[C@](O)(C(=O)OCC1=CCN2CC[C@H](O)[C@@H]12)C(C)C,CYP3A4,1
CO[C@H](Cc1ccccc1)[C@H](C)/C=C(C)/C=C/[C@H](N)[C@H](C)C(=O)O,CYP2E1,0
CO[C@H]1/C=C\C=C(/C)C(=O)NC2=CC(=O)C(N)=C(C[C@@H](C)C[C@H](OC)[C@H](O)[C@@H](C)/C=C(\C)[C@@H]1OC(N)=O)C2=O,CYP1A2,0
CO[C@H]1/C=C\C=C(/C)C(=O)NC2=CC(=O)C(NC(O)CN(C)C)=C(C[C@@H](C)C[C@H](OC)[C@H](O)[C@@H](C)/C=C(\C)[C@@H]1OC(N)=O)C2=O,CYP2A6,1
CO[C@H]1/C=C\C=C(/C)C(=O)NC2=CC(=O)C(NC(O)CN(C)C)=C(C[C@@H](C)C[C@H](OC)[C@H](O)[C@@H](C)/C=C(\C)[C@@H]1OC(N)=O)C2=O,CYP2C8,1
CO[C@H]1/C=C\C=C(/C)C(=O)NC2=CC(=O)C(NC(O)CN(C)C)=C(C[C@@H](C)C[C@H](OC)[C@H](O)[C@@H](C)/C=C(\C)[C@@H]1OC(N)=O)C2=O,CYP2D6,1
CO[C@H]1/C=C\C=C(/C)C(=O)NC2=CC(=O)C(NC(O)CN(C)C)=C(C[C@@H](C)C[C@H](OC)[C@H](O)[C@@H](C)/C=C(\C)[C@@H]1OC(N)=O)C2=O,CYP3A4,1
CO[C@H]1/C=C\C=C(/C)C(=O)NC2=CC(=O)C(NCCN(C)C)=C(C[C@@H](C)C[C@H](OC)[C@H](O)[C@@H](C)/C=C(\C)[C@@H]1OC(N)=O)C2=O,CYP3A4,1
CO[C@H]1CCCC[C@@H](c2ccccc2)OC(=O)[C@@H](C)[C@@]2(O)O[C@H]([C@@H](C)[C@H](O)[C@H]2OC)[C@@H](C)/C=C\[C@H]1OC,CYP1A2,0
CO[C@H]1CCCC[C@@H](c2ccccc2)OC(=O)[C@@H](C)[C@@]2(O)O[C@H]([C@@H](C)[C@H](O)[C@H]2OC)[C@@H](C)/C=C\[C@H]1OC,CYP2B6,0
CO[C@H]1C[C@H](O[C@H]2CC[C@@]3(C)[C@H](CC[C@@H]4[C@@H]3CC[C@]3(C)[C@@H](C5=CC(=O)OC5)[C@@H](OC(C)=O)C[C@]43O)C2)O[C@@H](C)[C@@H]1O,CYP2C8,0
CO[C@H]1O[C@@H]2O[C@@]3(C)CC[C@H]4[C@H](C)CC[C@@H]([C@H]1C)[C@@]24OO3,CYP3A4,1
CO[C@H]1O[C@H](CNC(=O)N(CCCl)N=O)[C@@H](O)[C@H](O)[C@H]1O,CYP2D6,0
CO[C@H]1O[C@H](CO)[C@@H](S)[C@H](O)[C@H]1O,CYP2C8,0
CO[C@H]1O[C@H](CO)[C@@H](S)[C@H](O)[C@H]1O,CYP3A4,0
CO[C@H]1[C@H](O)[C@@H](O)[C@@H](O)O[C@@H]1C(=O)O,CYP3A4,0
CO[C@H]1[C@H](O)[C@@H](O)[C@@H](O)[C@H](O)[C@@H]1O,CYP3A4,0
CO[C@H]1[C@H](O)[C@H](O[C@H]2CC[C@@]3(C=O)[C@H](CC[C@@H]4[C@@H]3CC[C@]3(C)[C@@H](C5=CC(=O)OC5)CC[C@]43O)C2)O[C@@H](C)[C@@H]1O,CYP3A4,0
CO[C@]12CC[C@@]3(C[C@@H]1[C@](C)(O)C(C)(C)C)[C@H]1Cc4ccc(O)c5c4[C@@]3(CCN1CC1CC1)[C@H]2O5,CYP2C8,1
CO[C@]12CC[C@@]3(C[C@@H]1[C@](C)(O)C(C)(C)C)[C@H]1Cc4ccc(O)c5c4[C@@]3(CCN1CC1CC1)[C@H]2O5,CYP3A4,1
CO[C@]12C[C@@H](CO)CN(C)[C@@H]1Cc1cn(C)c3cccc2c13,CYP2D6,1
COc1c(-c2ccc3cc(NS(C)(=O)=O)ccc3c2)cc(-n2ccc(=O)[nH]c2=O)cc1C(C)(C)C,CYP1A2,0
COc1c(-c2ccc3cc(NS(C)(=O)=O)ccc3c2)cc(-n2ccc(=O)[nH]c2=O)cc1C(C)(C)C,CYP2A6,0
COc1c(-c2ccc3cc(NS(C)(=O)=O)ccc3c2)cc(-n2ccc(=O)[nH]c2=O)cc1C(C)(C)C,CYP2C19,0
COc1c(-c2ccc3cc(NS(C)(=O)=O)ccc3c2)cc(-n2ccc(=O)[nH]c2=O)cc1C(C)(C)C,CYP2C8,1
COc1c(-c2ccc3cc(NS(C)(=O)=O)ccc3c2)cc(-n2ccc(=O)[nH]c2=O)cc1C(C)(C)C,CYP2C9,0
COc1c(-c2ccc3cc(NS(C)(=O)=O)ccc3c2)cc(-n2ccc(=O)[nH]c2=O)cc1C(C)(C)C,CYP2E1,0
COc1c(C)c2c(c(O)c1C/C=C(\C)CCC(=O)O)C(=O)OC2,CYP1A2,0
COc1c(C)c2c(c(O)c1C/C=C(\C)CCC(=O)O)C(=O)OC2,CYP2A6,0
COc1c(C)c2c(c(O)c1C/C=C(\C)CCC(=O)O)C(=O)OC2,CYP2B6,0
COc1c(C)c2c(c(O)c1C/C=C(\C)CCC(=O)O)C(=O)OC2,CYP2C19,0
COc1c(C)c2c(c(O)c1C/C=C(\C)CCC(=O)O)C(=O)OC2,CYP2C8,0
COc1c(C)c2c(c(O)c1C/C=C(\C)CCC(=O)O)C(=O)OC2,CYP2C9,0
COc1c(C)c2c(c(O)c1C/C=C(\C)CCC(=O)O)C(=O)OC2,CYP2D6,0
COc1c(C)c2c(c(O)c1C/C=C(\C)CCC(=O)O)C(=O)OC2,CYP2E1,0
COc1c(C)c2c(c(O)c1C/C=C(\C)CCC(=O)O)C(=O)OC2,CYP3A4,1
COc1c(C)cnc(Cn2cnc3c(Cl)nc(N)nc32)c1C,CYP1A2,0
COc1c(C)cnc(Cn2cnc3c(Cl)nc(N)nc32)c1C,CYP2A6,0
COc1c(C)cnc(Cn2cnc3c(Cl)nc(N)nc32)c1C,CYP2C19,1
COc1c(C)cnc(Cn2cnc3c(Cl)nc(N)nc32)c1C,CYP2C8,0
COc1c(C)cnc(Cn2cnc3c(Cl)nc(N)nc32)c1C,CYP2D6,0
COc1c(C)cnc(Cn2cnc3c(Cl)nc(N)nc32)c1C,CYP3A4,1
COc1c(O)c(O)c2c(c1O)C(=O)c1cc(C)cc(O)c1C2=O,CYP1A2,1
COc1c(O)c(O)c2c(c1O)C(=O)c1cc(C)cc(O)c1C2=O,CYP2B6,1
COc1c(O)c(O)c2c(c1O)C(=O)c1cc(C)cc(O)c1C2=O,CYP2C9,1
COc1c(O)c(O)c2c(c1O)C(=O)c1cc(C)cc(O)c1C2=O,CYP2D6,1
COc1c(O)c(O)c2c(c1O)C(=O)c1cc(C)cc(O)c1C2=O,CYP2E1,1
COc1c(O)c(O)c2c(c1O)C(=O)c1cc(C)cc(O)c1C2=O,CYP3A4,1
COc1c(OC)c(OC)c2c(=O)cc(-c3ccc(O)cc3)oc2c1OC,CYP1A2,1
COc1c(OC)c(OC)c2c(=O)cc(-c3ccc(O)cc3)oc2c1OC,CYP2C9,0
COc1c(OC)c(OC)c2c(=O)cc(-c3ccc(O)cc3)oc2c1OC,CYP2D6,0
COc1c(OC)c(OC)c2c(=O)cc(-c3ccc(O)cc3)oc2c1OC,CYP3A4,1
COc1c(OC)c2nccc3c4ccccc4n(c1=O)c23,CYP2C9,1
COc1c(OC)c2nccc3c4ccccc4n(c1=O)c23,CYP2D6,1
COc1c(OC)c2nccc3c4ccccc4n(c1=O)c23,CYP3A4,1
COc1c2ccoc2cc2oc(=O)ccc12,CYP2A6,1
COc1c2occc2c(OCC=C(C)C)c2ccc(=O)oc12,CYP1A2,1
COc1c2occc2c(OCC=C(C)C)c2ccc(=O)oc12,CYP3A4,1
COc1c2occc2cc2ccc(=O)oc12,CYP2A6,1
COc1cc(-c2cc(=O)c3c(O)c(OC)c(O)cc3o2)ccc1O,CYP1A2,1
COc1cc(-c2cc(=O)c3c(O)cc(O)c(CC=C(C)C)c3o2)ccc1O,CYP2C19,0
COc1cc(-c2cc3c(c(=O)o2)CC2(O)C(C)(CCC4(O)C(C)(C)C=CC(=O)C42C)O3)cc2c1OCO2,CYP1A2,0
COc1cc(-c2cc3c(c(=O)o2)CC2(O)C(C)(CCC4(O)C(C)(C)C=CC(=O)C42C)O3)cc2c1OCO2,CYP2A6,0
COc1cc(-c2cc3c(c(=O)o2)CC2(O)C(C)(CCC4(O)C(C)(C)C=CC(=O)C42C)O3)cc2c1OCO2,CYP2B6,0
COc1cc(-c2cc3c(c(=O)o2)CC2(O)C(C)(CCC4(O)C(C)(C)C=CC(=O)C42C)O3)cc2c1OCO2,CYP2C19,0
COc1cc(-c2cc3c(c(=O)o2)CC2(O)C(C)(CCC4(O)C(C)(C)C=CC(=O)C42C)O3)cc2c1OCO2,CYP2E1,0
COc1cc(-c2cc3c(c(=O)o2)CC2(O)C(C)(CCC4(O)C(C)(C)C=CC(=O)C42C)O3)cc2c1OCO2,CYP3A4,1
COc1cc(/C=C/C(=O)CC(=O)/C=C/c2ccc(O)c(OC)c2)ccc1O,CYP1A2,1
COc1cc(/C=C/C(=O)CC(=O)/C=C/c2ccc(O)c(OC)c2)ccc1O,CYP2D6,1
COc1cc(/C=C/C(=O)O)ccc1O,CYP1A2,1
COc1cc(/C=C/C(=O)O)ccc1O,CYP2B6,1
COc1cc(/C=C/C(=O)O)ccc1O,CYP2C19,1
COc1cc(/C=C/C(=O)O)ccc1O,CYP2D6,1
COc1cc(/C=C/C(=O)O)ccc1O,CYP3A4,1
COc1cc(/C=C/C(O)O)cc(O)c1O,CYP2C19,0
COc1cc(/C=C/C(O)O)cc(O)c1O,CYP3A4,0
COc1cc(/C=C/c2ccccc2)c(C(=O)O)c(O)c1CC=C(C)C,CYP1A2,1
COc1cc(/C=C/c2ccccc2)c(C(=O)O)c(O)c1CC=C(C)C,CYP2C19,0
COc1cc(/C=C/c2ccccc2)c(C(=O)O)c(O)c1CC=C(C)C,CYP2C9,1
COc1cc(/C=C/c2ccccc2)c(C(=O)O)c(O)c1CC=C(C)C,CYP2E1,0
COc1cc(/C=C/c2ccccc2)c(C(=O)O)c(O)c1CC=C(C)C,CYP3A4,1
COc1cc(C(=O)O)ccc1O,CYP2C8,0
COc1cc(C(=O)O)ccc1O,CYP3A4,0
COc1cc(C(C)=O)ccc1O,CYP3A4,0
COc1cc(C(C)=O)ccc1OCCCN1CCC(c2noc3cc(F)ccc23)CC1,CYP1A2,1
COc1cc(C(C)=O)ccc1OCCCN1CCC(c2noc3cc(F)ccc23)CC1,CYP2D6,1
COc1cc(C(C)=O)ccc1OCCCN1CCC(c2noc3cc(F)ccc23)CC1,CYP2E1,1
COc1cc(C(C)=O)ccc1OCCCN1CCC(c2noc3cc(F)ccc23)CC1,CYP3A4,1
COc1cc(C(CO)C(c2ccc(O)c(OC)c2)c2ccc(O)c(OC)c2)ccc1O,CYP1A2,0
COc1cc(C(CO)C(c2ccc(O)c(OC)c2)c2ccc(O)c(OC)c2)ccc1O,CYP2A6,0
COc1cc(C(CO)C(c2ccc(O)c(OC)c2)c2ccc(O)c(OC)c2)ccc1O,CYP2B6,0
COc1cc(C(CO)C(c2ccc(O)c(OC)c2)c2ccc(O)c(OC)c2)ccc1O,CYP2C19,0
COc1cc(C(CO)C(c2ccc(O)c(OC)c2)c2ccc(O)c(OC)c2)ccc1O,CYP2C8,0
COc1cc(C(CO)C(c2ccc(O)c(OC)c2)c2ccc(O)c(OC)c2)ccc1O,CYP2C9,0
COc1cc(C(CO)C(c2ccc(O)c(OC)c2)c2ccc(O)c(OC)c2)ccc1O,CYP2D6,0
COc1cc(C(CO)C(c2ccc(O)c(OC)c2)c2ccc(O)c(OC)c2)ccc1O,CYP2E1,0
COc1cc(C(CO)C(c2ccc(O)c(OC)c2)c2ccc(O)c(OC)c2)ccc1O,CYP3A4,0
COc1cc(C)c(C(=O)Oc2cc(C)c(C(=O)O)c(O)c2C)c(O)c1C,CYP2C19,1
COc1cc(C)c(C(=O)Oc2cc(C)c(C(=O)O)c(O)c2C)c(O)c1C,CYP2C8,1
COc1cc(C)c(C(=O)Oc2cc(C)c(C(=O)O)c(O)c2C)c(O)c1C,CYP2C9,1
COc1cc(C)c2c(Oc3cccc(C(F)(F)F)c3)c(OC)cc(NC(C)CCCN)c2n1,CYP2D6,1
COc1cc(C2Cc3ccccc3-c3nc(N)c4ccccc4c32)cc(OC)c1OC,CYP1A2,1
COc1cc(C2Cc3ccccc3-c3nc(N)c4ccccc4c32)cc(OC)c1OC,CYP2D6,1
COc1cc(C2Cc3ccccc3-c3nc(N)c4ccccc4c32)cc(OC)c1OC,CYP3A4,1
COc1cc(C=O)ccc1O,CYP1A2,0
COc1cc(C=O)ccc1O,CYP2A6,0
COc1cc(C=O)ccc1O,CYP2B6,0
COc1cc(C=O)ccc1O,CYP2C9,0
COc1cc(C=O)ccc1O,CYP2E1,0
COc1cc(C=O)ccc1O,CYP3A4,1
COc1cc(CC(C)N)c(OC)cc1C,CYP3A4,0
COc1cc(CCC(C)=O)ccc1O,CYP3A4,0
COc1cc(CCNCc2ccccc2O)c(OC)cc1I,CYP1A2,1
COc1cc(CCNCc2ccccc2O)c(OC)cc1I,CYP2A6,0
COc1cc(CCNCc2ccccc2O)c(OC)cc1I,CYP2B6,1
COc1cc(CCNCc2ccccc2O)c(OC)cc1I,CYP2C19,1
COc1cc(CCNCc2ccccc2O)c(OC)cc1I,CYP2C9,1
COc1cc(CCNCc2ccccc2O)c(OC)cc1I,CYP2D6,1
COc1cc(CCNCc2ccccc2O)c(OC)cc1I,CYP3A4,0
COc1cc(CCNCc2ccccc2OC)c(OC)cc1Br,CYP1A2,1
COc1cc(CCNCc2ccccc2OC)c(OC)cc1Br,CYP2A6,0
COc1cc(CCNCc2ccccc2OC)c(OC)cc1Br,CYP2C19,1
COc1cc(CCNCc2ccccc2OC)c(OC)cc1Br,CYP2E1,0
COc1cc(CCNCc2ccccc2OC)c(OC)cc1Br,CYP3A4,1
COc1cc(CCNCc2ccccc2OC)c(OC)cc1Cl,CYP1A2,1
COc1cc(CCNCc2ccccc2OC)c(OC)cc1Cl,CYP2A6,0
COc1cc(CCNCc2ccccc2OC)c(OC)cc1Cl,CYP2C19,1
COc1cc(CCNCc2ccccc2OC)c(OC)cc1Cl,CYP2E1,0
COc1cc(CCNCc2ccccc2OC)c(OC)cc1Cl,CYP3A4,1
COc1cc(CCNCc2ccccc2OC)c(OC)cc1I,CYP1A2,1
COc1cc(CCNCc2ccccc2OC)c(OC)cc1I,CYP2A6,0
COc1cc(CCNCc2ccccc2OC)c(OC)cc1I,CYP2B6,1
COc1cc(CCNCc2ccccc2OC)c(OC)cc1I,CYP2C19,1
COc1cc(CCNCc2ccccc2OC)c(OC)cc1I,CYP2C9,1
COc1cc(CCNCc2ccccc2OC)c(OC)cc1I,CYP3A4,1
COc1cc(CNC(=O)CCCC/C=C/C(C)C)ccc1O,CYP1A2,1
COc1cc(CNC(=O)CCCC/C=C/C(C)C)ccc1O,CYP2A6,0
COc1cc(CNC(=O)CCCC/C=C/C(C)C)ccc1O,CYP2B6,1
COc1cc(CNC(=O)CCCC/C=C/C(C)C)ccc1O,CYP2C19,1
COc1cc(CNC(=O)CCCC/C=C/C(C)C)ccc1O,CYP2C8,1
COc1cc(CNC(=O)CCCC/C=C/C(C)C)ccc1O,CYP2C9,1
COc1cc(CNC(=O)CCCC/C=C/C(C)C)ccc1O,CYP2D6,1
COc1cc(CNC(=O)CCCC/C=C/C(C)C)ccc1O,CYP2E1,1
COc1cc(CNC(=O)CCCC/C=C/C(C)C)ccc1O,CYP3A4,1
COc1cc(CO)ccc1O,CYP3A4,0
COc1cc(COC(=O)CCCCCCC(C)C)ccc1O,CYP1A2,0
COc1cc(C[C@@H](CO)[C@H](CO)Cc2ccc(O)c(OC)c2)ccc1O,CYP2A6,0
COc1cc(C[C@@H](CO)[C@H](CO)Cc2ccc(O)c(OC)c2)ccc1O,CYP2E1,0
COc1cc(Cc2cnc(N)nc2N)cc(OC)c1OC,CYP2C9,1
COc1cc(Cc2cnc(N)nc2N)cc(OC)c1OC,CYP3A4,1
COc1cc(F)c(-n2c(=O)[nH]c3csc(C(=O)O)c3c2=O)cc1OCc1c(OC)ccc(F)c1F,CYP2C8,1
COc1cc(F)c(-n2c(=O)[nH]c3csc(C(=O)O)c3c2=O)cc1OCc1c(OC)ccc(F)c1F,CYP2C9,1
COc1cc(F)c(-n2c(=O)[nH]c3csc(C(=O)O)c3c2=O)cc1OCc1c(OC)ccc(F)c1F,CYP3A4,1
COc1cc(N)c(Cl)cc1C(=O)N[C@@H]1CCN(CCCOc2ccc(F)cc2)C[C@@H]1OC,CYP2A6,1
COc1cc(N)c(Cl)cc1C(=O)N[C@@H]1CCN(CCCOc2ccc(F)cc2)C[C@@H]1OC,CYP2B6,1
COc1cc(N)c(Cl)cc1C(=O)N[C@@H]1CCN(CCCOc2ccc(F)cc2)C[C@@H]1OC,CYP2C8,1
COc1cc(N)c(Cl)cc1C(=O)N[C@@H]1CCN(CCCOc2ccc(F)cc2)C[C@@H]1OC,CYP3A4,1
COc1cc(N)c(Cl)cc1C(=O)N[C@@H]1CCNC[C@@H]1OC,CYP2C8,1
COc1cc(N)c(Cl)cc1C(=O)N[C@@H]1CCNC[C@@H]1OC,CYP3A4,1
COc1cc(N2CCC(N3CCN(C)CC3)CC2)ccc1Nc1ncc(Cl)c(Nc2ccccc2P(C)(C)=O)n1,CYP2C8,1
COc1cc(N2CCC(N3CCN(C)CC3)CC2)ccc1Nc1ncc(Cl)c(Nc2ccccc2P(C)(C)=O)n1,CYP3A4,1
COc1cc(N=Nc2ccccc2)ccc1N,CYP1A2,1
COc1cc(N=Nc2ccccc2)ccc1N,CYP3A4,1
COc1cc(NC(C)CCCN)c2ncccc2c1,CYP2D6,1
COc1cc(N[C@H](C)CCCN)c2nccc(C)c2c1Oc1ccc(Cl)c(Cl)c1,CYP2D6,1
COc1cc(Nc2ncc3c(n2)-c2ccc(Cl)cc2C(c2c(F)cccc2OC)=NC3)ccc1C(=O)O,CYP2C8,1
COc1cc(Nc2ncc3c(n2)-c2ccc(Cl)cc2C(c2c(F)cccc2OC)=NC3)ccc1C(=O)O,CYP3A4,1
COc1cc(O)c(C)c(O)c1C(C)=O,CYP3A4,1
COc1cc(O)c(CC=C(C)C)c2c1C(=O)CC(c1ccc(O)cc1)O2,CYP1A2,1
COc1cc(O)c(CC=C(C)C)c2c1C(=O)CC(c1ccc(O)cc1)O2,CYP2C19,1
COc1cc(O)c2c(=O)oc3cc(O)cc(C)c3c2c1,CYP1A2,1
COc1cc(O)c2c(=O)oc3cc(O)cc(C)c3c2c1,CYP2B6,1
COc1cc(O)c2c(=O)oc3cc(O)cc(C)c3c2c1,CYP2C19,1
COc1cc(O)c2c(=O)oc3cc(O)cc(C)c3c2c1,CYP2C8,0
COc1cc(O)c2c(=O)oc3cc(O)cc(C)c3c2c1,CYP2D6,1
COc1cc(O)c2c(=O)oc3cc(O)cc(C)c3c2c1,CYP3A4,1
COc1cc(O)c2c(c1)C(=O)c1cc(C)cc(O)c1C2=O,CYP1A2,1
COc1cc(O)c2c(c1)C(=O)c1cc(C)cc(O)c1C2=O,CYP2A6,1
COc1cc(O)c2c(c1)C(=O)c1cc(C)cc(O)c1C2=O,CYP2B6,1
COc1cc(O)c2c(c1)C(=O)c1cc(C)cc(O)c1C2=O,CYP2C19,1
COc1cc(O)c2c(c1)C(=O)c1cc(C)cc(O)c1C2=O,CYP2C9,1
COc1cc(O)c2c(c1)C(=O)c1cc(C)cc(O)c1C2=O,CYP2D6,1
COc1cc(O)c2c(c1)C(=O)c1cc(C)cc(O)c1C2=O,CYP2E1,1
COc1cc(O)c2c(c1)C(=O)c1cc(C)cc(O)c1C2=O,CYP3A4,1
COc1cc(O)c2c(c1)C1=C[C@@H](O)[C@H](O)C[C@@]1(C)OC2=O,CYP1A2,0
COc1cc(O)c2c(c1)C1=C[C@@H](O)[C@H](O)C[C@@]1(C)OC2=O,CYP2A6,0
COc1cc(O)c2c(c1)C1=C[C@@H](O)[C@H](O)C[C@@]1(C)OC2=O,CYP2B6,0
COc1cc(O)c2c(c1)C1=C[C@@H](O)[C@H](O)C[C@@]1(C)OC2=O,CYP2C19,1
COc1cc(O)c2c(c1)C1=C[C@@H](O)[C@H](O)C[C@@]1(C)OC2=O,CYP2C8,0
COc1cc(O)c2c(c1)C1=C[C@@H](O)[C@H](O)C[C@@]1(C)OC2=O,CYP2C9,1
COc1cc(O)c2c(c1)C1=C[C@@H](O)[C@H](O)C[C@@]1(C)OC2=O,CYP2D6,1
COc1cc(O)c2c(c1)C1=C[C@@H](O)[C@H](O)C[C@@]1(C)OC2=O,CYP2E1,0
COc1cc(O)c2c(c1)C1=C[C@@H](O)[C@H](O)C[C@@]1(C)OC2=O,CYP3A4,0
COc1cc(O)c2c(c1)C1=C[C@@H](O)[C@H](O)C[C@]1(C)OC2=O,CYP1A2,1
COc1cc(O)c2c(c1)C1=C[C@@H](O)[C@H](O)C[C@]1(C)OC2=O,CYP2A6,0
COc1cc(O)c2c(c1)C1=C[C@@H](O)[C@H](O)C[C@]1(C)OC2=O,CYP2C19,1
COc1cc(O)c2c(c1)C1=C[C@@H](O)[C@H](O)C[C@]1(C)OC2=O,CYP2C9,1
COc1cc(O)c2c(c1)C1=C[C@@H](O)[C@H](O)C[C@]1(C)OC2=O,CYP2D6,1
COc1cc(O)c2c(c1)C1=C[C@@H](O)[C@H](O)C[C@]1(C)OC2=O,CYP3A4,0
COc1cc(O)c2c(c1)O[C@H](c1ccc(O)cc1)CC2=O,CYP1A2,1
COc1cc(O)c2c(c1)O[C@H](c1ccc(O)cc1)CC2=O,CYP3A4,1
COc1cc(O)c2c(c1)O[C@H](c1ccccc1)CC2=O,CYP1A2,1
COc1cc(O)c2c(c1)O[C@H](c1ccccc1)CC2=O,CYP2C9,1
COc1cc(O)c2c(c1)O[C@H](c1ccccc1)CC2=O,CYP2E1,1
COc1cc(O)cc(O)c1C(=O)/C=C/c1ccccc1,CYP1A2,1
COc1cc(O)cc(O)c1C(=O)/C=C/c1ccccc1,CYP2E1,1
COc1cc(O)cc2c1C(=O)c1c(O)c(C(=O)O)c(C)c(O)c1C2=O,CYP1A2,0
COc1cc(O)cc2c1C(=O)c1c(O)c(C(=O)O)c(C)c(O)c1C2=O,CYP2A6,0
COc1cc(O)cc2c1C(=O)c1c(O)c(C(=O)O)c(C)c(O)c1C2=O,CYP2B6,0
COc1cc(O)cc2c1C(=O)c1c(O)c(C(=O)O)c(C)c(O)c1C2=O,CYP2C19,0
COc1cc(O)cc2c1C(=O)c1c(O)c(C(=O)O)c(C)c(O)c1C2=O,CYP2C8,0
COc1cc(O)cc2c1C(=O)c1c(O)c(C(=O)O)c(C)c(O)c1C2=O,CYP2C9,0
COc1cc(O)cc2c1C(=O)c1c(O)c(C(=O)O)c(C)c(O)c1C2=O,CYP2D6,0
COc1cc(O)cc2c1C(=O)c1c(O)c(C(=O)O)c(C)c(O)c1C2=O,CYP2E1,0
COc1cc(O)cc2c1C(=O)c1c(O)c(C(=O)O)c(C)c(O)c1C2=O,CYP3A4,0
COc1cc(OC)c(C(=O)CCCN2CCCC2)c(OC)c1,CYP2C19,1
COc1cc(OC)c(C(=O)CCCN2CCCC2)c(OC)c1,CYP2D6,1
COc1cc(OC)cc(N(CCNC(C)C)c2ccc3ncc(-c4cnn(C)c4)nc3c2)c1,CYP2C9,1
COc1cc(OC)cc(N(CCNC(C)C)c2ccc3ncc(-c4cnn(C)c4)nc3c2)c1,CYP3A4,1
COc1cc(OO)ccc1O,CYP2B6,0
COc1cc(S(=O)(=O)O)ccc1O,CYP2E1,0
COc1cc([C@@H]2Oc3c(O)cc(-c4oc5cc(O)cc(O)c5c(=O)c4O)cc3[C@H]2CO)ccc1O,CYP1A2,0
COc1cc([C@@H]2Oc3c(O)cc(-c4oc5cc(O)cc(O)c5c(=O)c4O)cc3[C@H]2CO)ccc1O,CYP2A6,0
COc1cc([C@@H]2Oc3c(O)cc(-c4oc5cc(O)cc(O)c5c(=O)c4O)cc3[C@H]2CO)ccc1O,CYP2C8,0
COc1cc([C@@H]2Oc3c(O)cc(-c4oc5cc(O)cc(O)c5c(=O)c4O)cc3[C@H]2CO)ccc1O,CYP2E1,0
COc1cc([C@@H]2Oc3c(O)cc([C@H]4Oc5cc(O)cc(O)c5C(=O)[C@@H]4O)cc3[C@H]2CO)ccc1O,CYP1A2,0
COc1cc([C@@H]2Oc3c(O)cc([C@H]4Oc5cc(O)cc(O)c5C(=O)[C@@H]4O)cc3[C@H]2CO)ccc1O,CYP2A6,0
COc1cc([C@@H]2Oc3c(O)cc([C@H]4Oc5cc(O)cc(O)c5C(=O)[C@@H]4O)cc3[C@H]2CO)ccc1O,CYP2B6,0
COc1cc([C@@H]2Oc3c(O)cc([C@H]4Oc5cc(O)cc(O)c5C(=O)[C@@H]4O)cc3[C@H]2CO)ccc1O,CYP2C19,0
COc1cc([C@@H]2Oc3c(O)cc([C@H]4Oc5cc(O)cc(O)c5C(=O)[C@@H]4O)cc3[C@H]2CO)ccc1O,CYP2C8,0
COc1cc([C@@H]2Oc3c(O)cc([C@H]4Oc5cc(O)cc(O)c5C(=O)[C@@H]4O)cc3[C@H]2CO)ccc1O,CYP2C9,0
COc1cc([C@@H]2Oc3c(O)cc([C@H]4Oc5cc(O)cc(O)c5C(=O)[C@@H]4O)cc3[C@H]2CO)ccc1O,CYP2D6,0
COc1cc([C@@H]2Oc3c(O)cc([C@H]4Oc5cc(O)cc(O)c5C(=O)[C@@H]4O)cc3[C@H]2CO)ccc1O,CYP2E1,0
COc1cc([C@@H]2Oc3ccc([C@H]4Oc5cc(O)cc(O)c5C(=O)[C@@H]4O)cc3O[C@H]2CO)ccc1O,CYP1A2,0
COc1cc([C@@H]2Oc3ccc([C@H]4Oc5cc(O)cc(O)c5C(=O)[C@@H]4O)cc3O[C@H]2CO)ccc1O,CYP2A6,0
COc1cc([C@@H]2Oc3ccc([C@H]4Oc5cc(O)cc(O)c5C(=O)[C@@H]4O)cc3O[C@H]2CO)ccc1O,CYP2B6,0
COc1cc([C@@H]2Oc3ccc([C@H]4Oc5cc(O)cc(O)c5C(=O)[C@@H]4O)cc3O[C@H]2CO)ccc1O,CYP2C19,0
COc1cc([C@@H]2Oc3ccc([C@H]4Oc5cc(O)cc(O)c5C(=O)[C@@H]4O)cc3O[C@H]2CO)ccc1O,CYP2C9,0
COc1cc([C@@H]2Oc3ccc([C@H]4Oc5cc(O)cc(O)c5C(=O)[C@@H]4O)cc3O[C@H]2CO)ccc1O,CYP2E1,0
COc1cc([C@@H]2[C@H]3CO[C@@]4(O)C(=O)[C@@H]2C=C([C@H]2Oc5cc(O)cc(O)c5C(=O)[C@@H]2O)[C@@H]34)ccc1O,CYP1A2,0
COc1cc([C@@H]2[C@H]3CO[C@@]4(O)C(=O)[C@@H]2C=C([C@H]2Oc5cc(O)cc(O)c5C(=O)[C@@H]2O)[C@@H]34)ccc1O,CYP2A6,0
COc1cc([C@@H]2[C@H]3CO[C@@]4(O)C(=O)[C@@H]2C=C([C@H]2Oc5cc(O)cc(O)c5C(=O)[C@@H]2O)[C@@H]34)ccc1O,CYP2C9,0
COc1cc([C@@H]2[C@H]3CO[C@@]4(O)C(=O)[C@@H]2C=C([C@H]2Oc5cc(O)cc(O)c5C(=O)[C@@H]2O)[C@@H]34)ccc1O,CYP2D6,0
COc1cc([C@@H]2[C@H]3CO[C@@]4(O)C(=O)[C@@H]2C=C([C@H]2Oc5cc(O)cc(O)c5C(=O)[C@@H]2O)[C@@H]34)ccc1O,CYP2E1,0
COc1cc([C@@H]2[C@H]3CO[C@@]4(O)C(=O)[C@@H]2C=C(c2oc5cc(O)cc(O)c5c(=O)c2O)[C@@H]34)ccc1O,CYP1A2,0
COc1cc([C@@H]2[C@H]3CO[C@@]4(O)C(=O)[C@@H]2C=C(c2oc5cc(O)cc(O)c5c(=O)c2O)[C@@H]34)ccc1O,CYP2A6,0
COc1cc([C@@H]2[C@H]3CO[C@@]4(O)C(=O)[C@@H]2C=C(c2oc5cc(O)cc(O)c5c(=O)c2O)[C@@H]34)ccc1O,CYP2C8,0
COc1cc([C@@H]2[C@H]3CO[C@@]4(O)C(=O)[C@@H]2C=C(c2oc5cc(O)cc(O)c5c(=O)c2O)[C@@H]34)ccc1O,CYP2C9,0
COc1cc([C@@H]2[C@H]3CO[C@@]4(O)C(=O)[C@@H]2C=C(c2oc5cc(O)cc(O)c5c(=O)c2O)[C@@H]34)ccc1O,CYP2E1,0
COc1cc([C@@H]2[C@H]3CO[C@@]4(O)C(=O)[C@@H]2C=C(c2oc5cc(O)cc(O)c5c(=O)c2O)[C@@H]34)ccc1O,CYP3A4,0
COc1cc([C@@H]2c3cc4c(cc3[C@@H](O[C@@H]3O[C@@H]5CO[C@@H](C)O[C@H]5[C@H](O)[C@H]3O)[C@H]3COC(=O)[C@H]23)OCO4)cc(OC)c1O,CYP1A2,1
COc1cc([C@@H]2c3cc4c(cc3[C@@H](O[C@@H]3O[C@@H]5CO[C@@H](C)O[C@H]5[C@H](O)[C@H]3O)[C@H]3COC(=O)[C@H]23)OCO4)cc(OC)c1O,CYP2E1,1
COc1cc([C@@H]2c3cc4c(cc3[C@@H](O[C@@H]3O[C@@H]5CO[C@@H](C)O[C@H]5[C@H](O)[C@H]3O)[C@H]3COC(=O)[C@H]23)OCO4)cc(OC)c1O,CYP3A4,1
COc1cc([C@@H]2c3cc4c(cc3[C@@H](O[C@@H]3O[C@@H]5CO[C@@H](c6cccs6)O[C@H]5[C@H](O)[C@H]3O)[C@H]3COC(=O)[C@H]23)OCO4)cc(OC)c1O,CYP2A6,0
COc1cc([C@@H]2c3cc4c(cc3[C@@H](O[C@@H]3O[C@@H]5CO[C@@H](c6cccs6)O[C@H]5[C@H](O)[C@H]3O)[C@H]3COC(=O)[C@H]23)OCO4)cc(OC)c1O,CYP2B6,0
COc1cc([C@@H]2c3cc4c(cc3[C@@H](O[C@@H]3O[C@@H]5CO[C@@H](c6cccs6)O[C@H]5[C@H](O)[C@H]3O)[C@H]3COC(=O)[C@H]23)OCO4)cc(OC)c1O,CYP2C8,0
COc1cc([C@@H]2c3cc4c(cc3[C@@H](O[C@@H]3O[C@@H]5CO[C@@H](c6cccs6)O[C@H]5[C@H](O)[C@H]3O)[C@H]3COC(=O)[C@H]23)OCO4)cc(OC)c1O,CYP2C9,0
COc1cc([C@@H]2c3cc4c(cc3[C@@H](O[C@@H]3O[C@@H]5CO[C@@H](c6cccs6)O[C@H]5[C@H](O)[C@H]3O)[C@H]3COC(=O)[C@H]23)OCO4)cc(OC)c1O,CYP3A4,1
COc1cc([C@H]2OC[C@H]3[C@@H]2CO[C@@H]3c2ccc3c(c2)OCO3)cc(OC)c1OC,CYP1A2,0
COc1cc([C@H]2OC[C@H]3[C@@H]2CO[C@@H]3c2ccc3c(c2)OCO3)cc(OC)c1OC,CYP2A6,0
COc1cc([C@H]2OC[C@H]3[C@@H]2CO[C@@H]3c2ccc3c(c2)OCO3)cc(OC)c1OC,CYP2B6,0
COc1cc([C@H]2OC[C@H]3[C@@H]2CO[C@@H]3c2ccc3c(c2)OCO3)cc(OC)c1OC,CYP2C19,1
COc1cc([C@H]2OC[C@H]3[C@@H]2CO[C@@H]3c2ccc3c(c2)OCO3)cc(OC)c1OC,CYP2C8,1
COc1cc([C@H]2OC[C@H]3[C@@H]2CO[C@@H]3c2ccc3c(c2)OCO3)cc(OC)c1OC,CYP2C9,1
COc1cc([C@H]2OC[C@H]3[C@@H]2CO[C@@H]3c2ccc3c(c2)OCO3)cc(OC)c1OC,CYP2D6,0
COc1cc([C@H]2OC[C@H]3[C@@H]2CO[C@@H]3c2ccc3c(c2)OCO3)cc(OC)c1OC,CYP2E1,0
COc1cc([C@H]2OC[C@H]3[C@@H]2CO[C@@H]3c2ccc3c(c2)OCO3)cc(OC)c1OC,CYP3A4,1
COc1cc([C@H]2Oc3cc([C@H]4Oc5cc(O)cc(O)c5C(=O)[C@@H]4O)ccc3O[C@@H]2CO)ccc1O,CYP1A2,0
COc1cc([C@H]2Oc3cc([C@H]4Oc5cc(O)cc(O)c5C(=O)[C@@H]4O)ccc3O[C@@H]2CO)ccc1O,CYP2A6,0
COc1cc([C@H]2Oc3cc([C@H]4Oc5cc(O)cc(O)c5C(=O)[C@@H]4O)ccc3O[C@@H]2CO)ccc1O,CYP2B6,0
COc1cc([C@H]2Oc3cc([C@H]4Oc5cc(O)cc(O)c5C(=O)[C@@H]4O)ccc3O[C@@H]2CO)ccc1O,CYP2C19,0
COc1cc([C@H]2Oc3cc([C@H]4Oc5cc(O)cc(O)c5C(=O)[C@@H]4O)ccc3O[C@@H]2CO)ccc1O,CYP2C9,0
COc1cc([C@H]2Oc3cc([C@H]4Oc5cc(O)cc(O)c5C(=O)[C@@H]4O)ccc3O[C@@H]2CO)ccc1O,CYP2D6,0
COc1cc([C@H]2Oc3cc([C@H]4Oc5cc(O)cc(O)c5C(=O)[C@@H]4O)ccc3O[C@@H]2CO)ccc1O,CYP2E1,0
COc1cc([C@H]2Oc3ccc([C@H]4Oc5cc(O)cc(O)c5C(=O)[C@@H]4O)cc3O[C@@H]2CO)ccc1O,CYP1A2,0
COc1cc([C@H]2Oc3ccc([C@H]4Oc5cc(O)cc(O)c5C(=O)[C@@H]4O)cc3O[C@@H]2CO)ccc1O,CYP2A6,0
COc1cc([C@H]2Oc3ccc([C@H]4Oc5cc(O)cc(O)c5C(=O)[C@@H]4O)cc3O[C@@H]2CO)ccc1O,CYP2B6,0
COc1cc([C@H]2Oc3ccc([C@H]4Oc5cc(O)cc(O)c5C(=O)[C@@H]4O)cc3O[C@@H]2CO)ccc1O,CYP2C19,0
COc1cc([C@H]2Oc3ccc([C@H]4Oc5cc(O)cc(O)c5C(=O)[C@@H]4O)cc3O[C@@H]2CO)ccc1O,CYP2C8,0
COc1cc([C@H]2Oc3ccc([C@H]4Oc5cc(O)cc(O)c5C(=O)[C@@H]4O)cc3O[C@@H]2CO)ccc1O,CYP2C9,0
COc1cc([C@H]2Oc3ccc([C@H]4Oc5cc(O)cc(O)c5C(=O)[C@@H]4O)cc3O[C@@H]2CO)ccc1O,CYP2D6,0
COc1cc([C@H]2Oc3ccc([C@H]4Oc5cc(O)cc(O)c5C(=O)[C@@H]4O)cc3O[C@@H]2CO)ccc1O,CYP2E1,0
COc1cc([N+](=O)[O-])ccc1N/N=C(\C(C)=O)C(=O)Nc1ccc(O)cc1OC,CYP1A2,1
COc1cc([N+](=O)[O-])ccc1N/N=C(\C(C)=O)C(=O)Nc1ccc(O)cc1OC,CYP2B6,0
COc1cc([N+](=O)[O-])ccc1N/N=C(\C(C)=O)C(=O)Nc1ccc(O)cc1OC,CYP2C9,0
COc1cc([N+](=O)[O-])ccc1N/N=C(\C(C)=O)C(=O)Nc1ccc(O)cc1OC,CYP2D6,0
COc1cc([N+](=O)[O-])ccc1N/N=C(\C(C)=O)C(=O)Nc1ccc(O)cc1OC,CYP2E1,0
COc1cc([N+](=O)[O-])ccc1N/N=C(\C(C)=O)C(=O)Nc1ccc(O)cc1OC,CYP3A4,0
COc1cc([N+](=O)[O-])ccc1N/N=C(\C(C)=O)C(=O)Nc1ccccc1OC,CYP1A2,1
COc1cc([N+](=O)[O-])ccc1N/N=C(\C(C)=O)C(=O)Nc1ccccc1OC,CYP2B6,0
COc1cc([N+](=O)[O-])ccc1N/N=C(\C(C)=O)C(=O)Nc1ccccc1OC,CYP2C9,0
COc1cc([N+](=O)[O-])ccc1N/N=C(\C(C)=O)C(=O)Nc1ccccc1OC,CYP2D6,0
COc1cc([N+](=O)[O-])ccc1N/N=C(\C(C)=O)C(=O)Nc1ccccc1OC,CYP2E1,0
COc1cc([N+](=O)[O-])ccc1N/N=C(\C(C)=O)C(=O)Nc1ccccc1OC,CYP3A4,1
COc1cc2c(CCN3CCN(c4cccc(Cl)c4C)CC3)nn(Cc3c[nH]cn3)c2cc1OC,CYP1A2,1
COc1cc2c(CCN3CCN(c4cccc(Cl)c4C)CC3)nn(Cc3c[nH]cn3)c2cc1OC,CYP2C19,1
COc1cc2c(CCN3CCN(c4cccc(Cl)c4C)CC3)nn(Cc3c[nH]cn3)c2cc1OC,CYP2C8,1
COc1cc2c(CCN3CCN(c4cccc(Cl)c4C)CC3)nn(Cc3c[nH]cn3)c2cc1OC,CYP2C9,1
COc1cc2c(CCN3CCN(c4cccc(Cl)c4C)CC3)nn(Cc3c[nH]cn3)c2cc1OC,CYP2D6,1
COc1cc2c(CCN3CCN(c4cccc(Cl)c4C)CC3)nn(Cc3c[nH]cn3)c2cc1OC,CYP3A4,1
COc1cc2c(Nc3ccc(Br)cc3F)ncnc2cc1OCC1CCN(C)CC1,CYP1A2,0
COc1cc2c(Nc3ccc(Br)cc3F)ncnc2cc1OCC1CCN(C)CC1,CYP2A6,0
COc1cc2c(Nc3ccc(Br)cc3F)ncnc2cc1OCC1CCN(C)CC1,CYP2B6,0
COc1cc2c(Nc3ccc(Br)cc3F)ncnc2cc1OCC1CCN(C)CC1,CYP2C19,0
COc1cc2c(Nc3ccc(Br)cc3F)ncnc2cc1OCC1CCN(C)CC1,CYP2C9,0
COc1cc2c(Nc3ccc(Br)cc3F)ncnc2cc1OCC1CCN(C)CC1,CYP2E1,0
COc1cc2c(Nc3ccc(Br)cc3F)ncnc2cc1OCC1CCN(C)CC1,CYP3A4,1
COc1cc2c(Oc3ccc4[nH]c(C)cc4c3F)ccnc2cc1OCC1(N)CC1,CYP1A2,1
COc1cc2c(Oc3ccc4[nH]c(C)cc4c3F)ccnc2cc1OCC1(N)CC1,CYP2A6,1
COc1cc2c(Oc3ccc4[nH]c(C)cc4c3F)ccnc2cc1OCC1(N)CC1,CYP2B6,1
COc1cc2c(Oc3ccc4[nH]c(C)cc4c3F)ccnc2cc1OCC1(N)CC1,CYP2C19,1
COc1cc2c(Oc3ccc4[nH]c(C)cc4c3F)ccnc2cc1OCC1(N)CC1,CYP2C8,1
COc1cc2c(Oc3ccc4[nH]c(C)cc4c3F)ccnc2cc1OCC1(N)CC1,CYP2C9,1
COc1cc2c(Oc3ccc4[nH]c(C)cc4c3F)ccnc2cc1OCC1(N)CC1,CYP2D6,1
COc1cc2c(Oc3ccc4[nH]c(C)cc4c3F)ccnc2cc1OCC1(N)CC1,CYP2E1,1
COc1cc2c(Oc3ccc4[nH]c(C)cc4c3F)ccnc2cc1OCC1(N)CC1,CYP3A4,1
COc1cc2c(c(OC)c1OC)-c1c(cc(O)c(OC)c1OC)C[C@H](C)[C@](C)(O)[C@H]2OC(=O)c1ccccc1,CYP1A2,0
COc1cc2c(c(OC)c1OC)-c1c(cc(O)c(OC)c1OC)C[C@H](C)[C@](C)(O)[C@H]2OC(=O)c1ccccc1,CYP2A6,0
COc1cc2c(c(OC)c1OC)-c1c(cc(O)c(OC)c1OC)C[C@H](C)[C@](C)(O)[C@H]2OC(=O)c1ccccc1,CYP2B6,0
COc1cc2c(c(OC)c1OC)-c1c(cc(O)c(OC)c1OC)C[C@H](C)[C@](C)(O)[C@H]2OC(=O)c1ccccc1,CYP2C19,0
COc1cc2c(c(OC)c1OC)-c1c(cc(O)c(OC)c1OC)C[C@H](C)[C@](C)(O)[C@H]2OC(=O)c1ccccc1,CYP2C8,0
COc1cc2c(c(OC)c1OC)-c1c(cc(O)c(OC)c1OC)C[C@H](C)[C@](C)(O)[C@H]2OC(=O)c1ccccc1,CYP2C9,0
COc1cc2c(c(OC)c1OC)-c1c(cc(O)c(OC)c1OC)C[C@H](C)[C@](C)(O)[C@H]2OC(=O)c1ccccc1,CYP2D6,0
COc1cc2c(c(OC)c1OC)-c1c(cc(O)c(OC)c1OC)C[C@H](C)[C@](C)(O)[C@H]2OC(=O)c1ccccc1,CYP2E1,0
COc1cc2c(c(OC)c1OC)-c1c(cc(OC)c(OC)c1OC)CC(C)C(C)C2,CYP1A2,0
COc1cc2c(c(OC)c1OC)-c1c(cc(OC)c(OC)c1OC)CC(C)C(C)C2,CYP2A6,0
COc1cc2c(c(OC)c1OC)-c1c(cc(OC)c(OC)c1OC)CC(C)C(C)C2,CYP2B6,0
COc1cc2c(c(OC)c1OC)-c1c(cc(OC)c(OC)c1OC)CC(C)C(C)C2,CYP2C19,0
COc1cc2c(c(OC)c1OC)-c1c(cc(OC)c(OC)c1OC)CC(C)C(C)C2,CYP2C8,0
COc1cc2c(c(OC)c1OC)-c1c(cc(OC)c(OC)c1OC)CC(C)C(C)C2,CYP2C9,0
COc1cc2c(c(OC)c1OC)-c1c(cc(OC)c(OC)c1OC)CC(C)C(C)C2,CYP2D6,0
COc1cc2c(c(OC)c1OC)-c1c(cc(OC)c(OC)c1OC)CC(C)C(C)C2,CYP2E1,0
COc1cc2c(c(OC)c1OC)-c1c(cc(OC)c(OC)c1OC)CC(C)C(C)C2,CYP3A4,1
COc1cc2c(c(OC)c1OC)-c1c(cc(OC)c(OC)c1OC)C[C@@](C)(O)[C@@](C)(O)C2,CYP1A2,0
COc1cc2c(c(OC)c1OC)-c1c(cc(OC)c(OC)c1OC)C[C@@](C)(O)[C@@](C)(O)C2,CYP2A6,0
COc1cc2c(c(OC)c1OC)-c1c(cc(OC)c(OC)c1OC)C[C@@](C)(O)[C@@](C)(O)C2,CYP2B6,0
COc1cc2c(c(OC)c1OC)-c1c(cc(OC)c(OC)c1OC)C[C@@](C)(O)[C@@](C)(O)C2,CYP2C19,0
COc1cc2c(c(OC)c1OC)-c1c(cc(OC)c(OC)c1OC)C[C@@](C)(O)[C@@](C)(O)C2,CYP2C8,0
COc1cc2c(c(OC)c1OC)-c1c(cc(OC)c(OC)c1OC)C[C@@](C)(O)[C@@](C)(O)C2,CYP2C9,0
COc1cc2c(c(OC)c1OC)-c1c(cc(OC)c(OC)c1OC)C[C@@](C)(O)[C@@](C)(O)C2,CYP2D6,0
COc1cc2c(c(OC)c1OC)-c1c(cc(OC)c(OC)c1OC)C[C@@](C)(O)[C@@](C)(O)C2,CYP2E1,0
COc1cc2c(c(OC)c1OC)-c1c(cc(OC)c(OC)c1OC)C[C@@](C)(O)[C@@](C)(O)C2,CYP3A4,1
COc1cc2c(c(OC)c1OC)-c1c(cc(OC)c(OC)c1OC)C[C@](C)(O)[C@@H](C)C2,CYP1A2,0
COc1cc2c(c(OC)c1OC)-c1c(cc(OC)c(OC)c1OC)C[C@](C)(O)[C@@H](C)C2,CYP2A6,0
COc1cc2c(c(OC)c1OC)-c1c(cc(OC)c(OC)c1OC)C[C@](C)(O)[C@@H](C)C2,CYP2B6,0
COc1cc2c(c(OC)c1OC)-c1c(cc(OC)c(OC)c1OC)C[C@](C)(O)[C@@H](C)C2,CYP2C19,0
COc1cc2c(c(OC)c1OC)-c1c(cc(OC)c(OC)c1OC)C[C@](C)(O)[C@@H](C)C2,CYP2C8,0
COc1cc2c(c(OC)c1OC)-c1c(cc(OC)c(OC)c1OC)C[C@](C)(O)[C@@H](C)C2,CYP2C9,0
COc1cc2c(c(OC)c1OC)-c1c(cc(OC)c(OC)c1OC)C[C@](C)(O)[C@@H](C)C2,CYP2D6,0
COc1cc2c(c(OC)c1OC)-c1c(cc(OC)c(OC)c1OC)C[C@](C)(O)[C@@H](C)C2,CYP2E1,0
COc1cc2c(c(OC)c1OC)-c1c(cc(OC)c(OC)c1OC)C[C@](C)(O)[C@@H](C)C2,CYP3A4,1
COc1cc2c(c(OC)c1OC)-c1c(cc3c(c1OC)OCO3)C[C@@H](C)[C@](C)(O)C2,CYP1A2,0
COc1cc2c(c(OC)c1OC)-c1c(cc3c(c1OC)OCO3)C[C@@H](C)[C@](C)(O)C2,CYP2A6,0
COc1cc2c(c(OC)c1OC)-c1c(cc3c(c1OC)OCO3)C[C@@H](C)[C@](C)(O)C2,CYP2B6,0
COc1cc2c(c(OC)c1OC)-c1c(cc3c(c1OC)OCO3)C[C@@H](C)[C@](C)(O)C2,CYP2C19,0
COc1cc2c(c(OC)c1OC)-c1c(cc3c(c1OC)OCO3)C[C@@H](C)[C@](C)(O)C2,CYP2C8,0
COc1cc2c(c(OC)c1OC)-c1c(cc3c(c1OC)OCO3)C[C@@H](C)[C@](C)(O)C2,CYP2C9,0
COc1cc2c(c(OC)c1OC)-c1c(cc3c(c1OC)OCO3)C[C@@H](C)[C@](C)(O)C2,CYP2D6,0
COc1cc2c(c(OC)c1OC)-c1c(cc3c(c1OC)OCO3)C[C@@H](C)[C@](C)(O)C2,CYP2E1,0
COc1cc2c(c(OC)c1OC)-c1c(cc3c(c1OC)OCO3)C[C@@H](C)[C@](C)(O)C2,CYP3A4,1
COc1cc2c(c(OC)c1OC)-c1ccc(OC)c(=O)cc1[C@@H](NC(C)=O)CC2,CYP3A4,1
COc1cc2c(c3oc(=O)c4c(c13)CCC4=O)[C@@H]1C=CO[C@@H]1O2,CYP1A2,1
COc1cc2c(c3oc(=O)c4c(c13)CCC4=O)[C@@H]1C=CO[C@@H]1O2,CYP2A6,1
COc1cc2c(c3oc(=O)c4c(c13)CCC4=O)[C@@H]1C=CO[C@@H]1O2,CYP3A4,1
COc1cc2c(cc1O)CCN[C@]21CS[C@@H]2c3c(OC(C)=O)c(C)c4c(c3[C@H](COC1=O)N1[C@@H]2[C@H]2c3c(cc(C)c(OC)c3O)C[C@@H]([C@@H]1O)N2C)OCO4,CYP2C19,1
COc1cc2c(cc1O)CCN[C@]21CS[C@@H]2c3c(OC(C)=O)c(C)c4c(c3[C@H](COC1=O)N1[C@@H]2[C@H]2c3c(cc(C)c(OC)c3O)C[C@@H]([C@@H]1O)N2C)OCO4,CYP2C9,1
COc1cc2c(cc1O)CCN[C@]21CS[C@@H]2c3c(OC(C)=O)c(C)c4c(c3[C@H](COC1=O)N1[C@@H]2[C@H]2c3c(cc(C)c(OC)c3O)C[C@@H]([C@@H]1O)N2C)OCO4,CYP2D6,1
COc1cc2c(cc1O)CCN[C@]21CS[C@@H]2c3c(OC(C)=O)c(C)c4c(c3[C@H](COC1=O)N1[C@@H]2[C@H]2c3c(cc(C)c(OC)c3O)C[C@@H]([C@@H]1O)N2C)OCO4,CYP2E1,1
COc1cc2c(cc1O)CCN[C@]21CS[C@@H]2c3c(OC(C)=O)c(C)c4c(c3[C@H](COC1=O)N1[C@@H]2[C@H]2c3c(cc(C)c(OC)c3O)C[C@@H]([C@@H]1O)N2C)OCO4,CYP3A4,1
COc1cc2c(cc1O)CC[n+]1cc3c(OC)c(OC)ccc3cc1-2,CYP1A2,1
COc1cc2c(cc1O)CC[n+]1cc3c(OC)c(OC)ccc3cc1-2,CYP2A6,0
COc1cc2c(cc1O)CC[n+]1cc3c(OC)c(OC)ccc3cc1-2,CYP2C19,0
COc1cc2c(cc1O)CC[n+]1cc3c(OC)c(OC)ccc3cc1-2,CYP2C9,0
COc1cc2c(cc1O)CC[n+]1cc3c(OC)c(OC)ccc3cc1-2,CYP3A4,0
COc1cc2c(cc1OC)-c1c(OC)c(OC)cc3c1[C@H](C2)N(C)CC3,CYP1A2,1
COc1cc2c(cc1OC)-c1c(OC)c(OC)cc3c1[C@H](C2)N(C)CC3,CYP2A6,0
COc1cc2c(cc1OC)-c1c(OC)c(OC)cc3c1[C@H](C2)N(C)CC3,CYP2B6,0
COc1cc2c(cc1OC)-c1c(OC)c(OC)cc3c1[C@H](C2)N(C)CC3,CYP2C19,1
COc1cc2c(cc1OC)-c1c(OC)c(OC)cc3c1[C@H](C2)N(C)CC3,CYP2C8,0
COc1cc2c(cc1OC)-c1c(OC)c(OC)cc3c1[C@H](C2)N(C)CC3,CYP2C9,0
COc1cc2c(cc1OC)-c1c(OC)c(OC)cc3c1[C@H](C2)N(C)CC3,CYP2D6,1
COc1cc2c(cc1OC)-c1c(OC)c(OC)cc3c1[C@H](C2)N(C)CC3,CYP2E1,0
COc1cc2c(cc1OC)-c1c(OC)c(OC)cc3c1[C@H](C2)N(C)CC3,CYP3A4,1
COc1cc2c(cc1OC)-c1cc3ccc(OC)c(OC)c3c[n+]1CC2,CYP2A6,0
COc1cc2c(cc1OC)-c1cc3ccc(OC)c(OC)c3c[n+]1CC2,CYP2B6,0
COc1cc2c(cc1OC)-c1cc3ccc(OC)c(OC)c3c[n+]1CC2,CYP2C19,0
COc1cc2c(cc1OC)-c1cc3ccc(OC)c(OC)c3c[n+]1CC2,CYP2C8,0
COc1cc2c(cc1OC)-c1cc3ccc(OC)c(OC)c3c[n+]1CC2,CYP2C9,0
COc1cc2c(cc1OC)-c1cc3ccc(OC)c(OC)c3c[n+]1CC2,CYP2E1,0
COc1cc2c(cc1OC)-c1cc3ccc(OC)c(OC)c3c[n+]1CC2,CYP3A4,0
COc1cc2c(cc1OC)C(=O)C(CC1CCN(Cc3ccccc3)CC1)C2,CYP2C9,1
COc1cc2c(cc1OC)C(=O)C(CC1CCN(Cc3ccccc3)CC1)C2,CYP2D6,1
COc1cc2c(cc1OC)C(=O)C(CC1CCN(Cc3ccccc3)CC1)C2,CYP3A4,1
COc1cc2c(cc1OC)C1Cc3ccc(OC)c(OC)c3CN1CC2,CYP2C19,1
COc1cc2c(cc1OC)C1Cc3ccc(OC)c(OC)c3CN1CC2,CYP2D6,1
COc1cc2c(cc1OC)C1Cc3ccc(OC)c(OC)c3CN1CC2,CYP3A4,1
COc1cc2c(cc1OC)CN(CCc1ccc(-n3nnc(-c4cc(OC)c(OC)cc4NC(=O)c4cc(=O)c5ccccc5o4)n3)cc1)CC2,CYP2C9,1
COc1cc2c(cc1OC)CN(CCc1ccc(-n3nnc(-c4cc(OC)c(OC)cc4NC(=O)c4cc(=O)c5ccccc5o4)n3)cc1)CC2,CYP3A4,1
COc1cc2c(cc1OC)[C@@H]1Cc3ccc(O)c(OC)c3CN1CC2,CYP1A2,1
COc1cc2c(cc1OC)[C@@H]1Cc3ccc(O)c(OC)c3CN1CC2,CYP2C19,1
COc1cc2c(cc1OC)[C@@H]1Cc3ccc(O)c(OC)c3CN1CC2,CYP2C9,1
COc1cc2c(cc1OC)[C@@H]1Cc3ccc(O)c(OC)c3CN1CC2,CYP2D6,1
COc1cc2c(cc1OC)[C@@H]1Cc3ccc(O)c(OC)c3CN1CC2,CYP3A4,1
COc1cc2c(cc1OC)[C@@H]1Cc3ccc(OC)c(OC)c3CN1CC2,CYP1A2,1
COc1cc2c(cc1OC)[C@@H]1Cc3ccc(OC)c(OC)c3CN1CC2,CYP3A4,1
COc1cc2c(cc1OC)[C@H]1C[C@@H](O)[C@H](CC(C)C)CN1CC2,CYP2D6,1
COc1cc2c(cc1OC)[C@H]1C[C@@H](OC(=O)[C@@H](N)C(C)C)[C@H](CC(C)C)CN1CC2,CYP3A4,1
COc1cc2c(cc1OC)[C@H]1Cc3ccc(OC)c(OC)c3CN1CC2,CYP1A2,1
COc1cc2c(cc1OC)[C@H]1Cc3ccc(OC)c(OC)c3CN1CC2,CYP3A4,1
COc1cc2c(cc1OS(N)(=O)=O)CC[C@@H]1[C@@H]2CC[C@]2(C)[C@@H](OS(N)(=O)=O)CC[C@@H]12,CYP2A6,0
COc1cc2c(cc1OS(N)(=O)=O)CC[C@@H]1[C@@H]2CC[C@]2(C)[C@@H](OS(N)(=O)=O)CC[C@@H]12,CYP2B6,0
COc1cc2c3c(c1OC)-c1ccccc1C[C@H]3N(C)CC2,CYP1A2,1
COc1cc2c3c(c1OC)-c1ccccc1C[C@H]3N(C)CC2,CYP2A6,1
COc1cc2c3c(c1OC)-c1ccccc1C[C@H]3N(C)CC2,CYP2C8,1
COc1cc2c3c(c1OC)-c1ccccc1C[C@H]3N(C)CC2,CYP3A4,1
COc1cc2c[n+](C)c3c4cc5c(cc4ccc3c2cc1OC)OCO5,CYP2B6,1
COc1cc2c[n+](C)c3c4cc5c(cc4ccc3c2cc1OC)OCO5,CYP2C8,1
COc1cc2c[n+](C)c3c4cc5c(cc4ccc3c2cc1OC)OCO5,CYP2D6,1
COc1cc2c[n+](C)c3c4cc5c(cc4ccc3c2cc1OC)OCO5,CYP3A4,1
COc1cc2ccc(=O)oc2cc1OC,CYP2B6,0
COc1cc2ccc(=O)oc2cc1OC,CYP2C19,0
COc1cc2ccc(=O)oc2cc1OC,CYP2C8,0
COc1cc2ccc(=O)oc2cc1OC,CYP2C9,0
COc1cc2ccc(=O)oc2cc1OC,CYP2D6,0
COc1cc2ccc(=O)oc2cc1OC,CYP2E1,0
COc1cc2nc(N3CCN(C(=O)C4COc5ccccc5O4)CC3)nc(N)c2cc1OC,CYP2C19,1
COc1cc2nc(N3CCN(C(=O)C4COc5ccccc5O4)CC3)nc(N)c2cc1OC,CYP2D6,1
COc1cc2nccc(Oc3ccc(NC(=O)C4(C(=O)Nc5ccc(F)cc5)CC4)cc3)c2cc1OC,CYP1A2,0
COc1cc2nccc(Oc3ccc(NC(=O)C4(C(=O)Nc5ccc(F)cc5)CC4)cc3)c2cc1OC,CYP2A6,0
COc1cc2nccc(Oc3ccc(NC(=O)C4(C(=O)Nc5ccc(F)cc5)CC4)cc3)c2cc1OC,CYP2B6,0
COc1cc2nccc(Oc3ccc(NC(=O)C4(C(=O)Nc5ccc(F)cc5)CC4)cc3)c2cc1OC,CYP2C19,0
COc1cc2nccc(Oc3ccc(NC(=O)C4(C(=O)Nc5ccc(F)cc5)CC4)cc3)c2cc1OC,CYP2C8,0
COc1cc2nccc(Oc3ccc(NC(=O)C4(C(=O)Nc5ccc(F)cc5)CC4)cc3)c2cc1OC,CYP2C9,0
COc1cc2nccc(Oc3ccc(NC(=O)C4(C(=O)Nc5ccc(F)cc5)CC4)cc3)c2cc1OC,CYP2D6,0
COc1cc2nccc(Oc3ccc(NC(=O)C4(C(=O)Nc5ccc(F)cc5)CC4)cc3)c2cc1OC,CYP2E1,0
COc1cc2nccc(Oc3ccc(NC(=O)C4(C(=O)Nc5ccc(F)cc5)CC4)cc3)c2cc1OC,CYP3A4,1
COc1cc2ncnc(Nc3ccc(F)c(Cl)c3)c2cc1NC(=O)/C=C/CN1CCCCC1,CYP2D6,1
COc1cc2ncnc(Nc3ccc(F)c(Cl)c3)c2cc1NC(=O)/C=C/CN1CCCCC1,CYP3A4,1
COc1cc2ncnc(Nc3ccc(F)c(Cl)c3)c2cc1OCCCN1CCOCC1,CYP1A2,0
COc1cc2ncnc(Nc3ccc(F)c(Cl)c3)c2cc1OCCCN1CCOCC1,CYP2D6,1
COc1cc2ncnc(Nc3ccc(F)c(Cl)c3)c2cc1OCCCN1CCOCC1,CYP3A4,1
COc1cc2ncnc(Nc3cccc(SC)c3)c2cc1OC,CYP2E1,0
COc1cc2oc(-c3ccc(O)cc3O)c(CC=C(C)C)c(=O)c2c(O)c1/C=C/C(C)C,CYP2D6,1
COc1cc2oc(=O)ccc2c(OC)c1C[C@@H](O)C(C)(C)O,CYP1A2,0
COc1cc2oc(=O)ccc2c(OC)c1C[C@@H](O)C(C)(C)O,CYP2A6,0
COc1cc2oc(=O)ccc2c(OC)c1C[C@@H](O)C(C)(C)O,CYP2B6,0
COc1cc2oc(=O)ccc2c(OC)c1C[C@@H](O)C(C)(C)O,CYP2C19,0
COc1cc2oc(=O)ccc2c(OC)c1C[C@@H](O)C(C)(C)O,CYP2C8,0
COc1cc2oc(=O)ccc2c(OC)c1C[C@@H](O)C(C)(C)O,CYP2C9,0
COc1cc2oc(=O)ccc2c(OC)c1C[C@@H](O)C(C)(C)O,CYP2D6,0
COc1cc2oc(=O)ccc2c(OC)c1C[C@@H](O)C(C)(C)O,CYP2E1,0
COc1cc2oc(=O)ccc2c(OC)c1C[C@@H](O)C(C)(C)O,CYP3A4,0
COc1cc2oc3c(OC)cccc3c(=O)c2c(O)c1OC,CYP1A2,1
COc1cc2oc3c(OC)cccc3c(=O)c2c(O)c1OC,CYP2A6,1
COc1cc2oc3c(OC)cccc3c(=O)c2c(O)c1OC,CYP2C8,1
COc1cc2oc3c(OC)cccc3c(=O)c2c(O)c1OC,CYP2C9,1
COc1cc2oc3c(OC)cccc3c(=O)c2c(O)c1OC,CYP2D6,0
COc1cc2oc3c(OC)cccc3c(=O)c2c(O)c1OC,CYP3A4,1
COc1ccc(-c2c3ccc(=O)cc-3oc3cc(OCc4cc(C(F)(F)F)ccc4C(F)(F)F)ccc23)c(C)c1,CYP1A2,0
COc1ccc(-c2c3ccc(=O)cc-3oc3cc(OCc4cc(C(F)(F)F)ccc4C(F)(F)F)ccc23)c(C)c1,CYP2A6,0
COc1ccc(-c2c3ccc(=O)cc-3oc3cc(OCc4cc(C(F)(F)F)ccc4C(F)(F)F)ccc23)c(C)c1,CYP2B6,0
COc1ccc(-c2c3ccc(=O)cc-3oc3cc(OCc4cc(C(F)(F)F)ccc4C(F)(F)F)ccc23)c(C)c1,CYP2C19,0
COc1ccc(-c2c3ccc(=O)cc-3oc3cc(OCc4cc(C(F)(F)F)ccc4C(F)(F)F)ccc23)c(C)c1,CYP2C8,0
COc1ccc(-c2c3ccc(=O)cc-3oc3cc(OCc4cc(C(F)(F)F)ccc4C(F)(F)F)ccc23)c(C)c1,CYP2C9,0
COc1ccc(-c2c3ccc(=O)cc-3oc3cc(OCc4cc(C(F)(F)F)ccc4C(F)(F)F)ccc23)c(C)c1,CYP2D6,0
COc1ccc(-c2c3ccc(=O)cc-3oc3cc(OCc4cc(C(F)(F)F)ccc4C(F)(F)F)ccc23)c(C)c1,CYP3A4,1
COc1ccc(-c2cc(=O)c3c(O)c(OC)c(O)cc3o2)cc1OC,CYP1A2,1
COc1ccc(-c2cc(=O)c3c(O)c(OC)c(O)cc3o2)cc1OC,CYP2C19,1
COc1ccc(-c2cc(=O)c3c(O)c(OC)c(O)cc3o2)cc1OC,CYP2C8,1
COc1ccc(-c2cc(=O)c3c(O)c(OC)c(O)cc3o2)cc1OC,CYP2C9,1
COc1ccc(-c2cc(=O)c3c(O)c(OC)c(O)cc3o2)cc1OC,CYP2D6,1
COc1ccc(-c2cc(=O)c3c(O)c(OC)c(O)cc3o2)cc1OC,CYP2E1,1
COc1ccc(-c2cc(=O)c3c(O)cc(O)cc3o2)cc1,CYP1A2,1
COc1ccc(-c2cc(=O)c3c(O)cc(O)cc3o2)cc1,CYP2D6,1
COc1ccc(-c2cc(=O)c3c(O)cc(O)cc3o2)cc1O,CYP1A2,1
COc1ccc(-c2cc(=O)c3c(OC)c(OC)c(OC)c(OC)c3o2)cc1,CYP1A2,1
COc1ccc(-c2cc(=O)c3c(OC)c(OC)c(OC)c(OC)c3o2)cc1,CYP2C9,0
COc1ccc(-c2cc(=O)c3c(OC)c(OC)c(OC)c(OC)c3o2)cc1,CYP2D6,1
COc1ccc(-c2cc(=O)c3c(OC)c(OC)c(OC)c(OC)c3o2)cc1,CYP3A4,1
COc1ccc(-c2cc(=O)c3c(OC)c(OC)c(OC)c(OC)c3o2)cc1OC,CYP1A2,1
COc1ccc(-c2cc(=O)c3c(OC)c(OC)c(OC)c(OC)c3o2)cc1OC,CYP2A6,0
COc1ccc(-c2cc(=O)c3c(OC)c(OC)c(OC)c(OC)c3o2)cc1OC,CYP2B6,0
COc1ccc(-c2cc(=O)c3c(OC)c(OC)c(OC)c(OC)c3o2)cc1OC,CYP2C19,0
COc1ccc(-c2cc(=O)c3c(OC)c(OC)c(OC)c(OC)c3o2)cc1OC,CYP2C8,0
COc1ccc(-c2cc(=O)c3c(OC)c(OC)c(OC)c(OC)c3o2)cc1OC,CYP2C9,0
COc1ccc(-c2cc(=O)c3c(OC)c(OC)c(OC)c(OC)c3o2)cc1OC,CYP2D6,0
COc1ccc(-c2cc(=O)c3c(OC)c(OC)c(OC)c(OC)c3o2)cc1OC,CYP2E1,0
COc1ccc(-c2cc(=O)c3c(OC)c(OC)c(OC)c(OC)c3o2)cc1OC,CYP3A4,1
COc1ccc(-c2cc(=S)ss2)cc1,CYP1A2,1
COc1ccc(-c2cc(=S)ss2)cc1,CYP2C19,1
COc1ccc(-c2cc(=S)ss2)cc1,CYP2D6,1
COc1ccc(-c2cc(=S)ss2)cc1,CYP2E1,1
COc1ccc(-c2cc(=S)ss2)cc1,CYP3A4,1
COc1ccc(-c2cc(C(F)(F)F)nn2-c2ccc(S(N)(=O)=O)c(CO)c2)cc1,CYP2C19,1
COc1ccc(-c2cc(C(F)(F)F)nn2-c2ccc(S(N)(=O)=O)c(CO)c2)cc1,CYP2D6,1
COc1ccc(-c2cc3cc(CCCO)cc(OC)c3o2)cc1OC,CYP1A2,1
COc1ccc(-c2cc3cc(CCCO)cc(OC)c3o2)cc1OC,CYP2A6,0
COc1ccc(-c2cc3cc(CCCO)cc(OC)c3o2)cc1OC,CYP2B6,0
COc1ccc(-c2cc3cc(CCCO)cc(OC)c3o2)cc1OC,CYP2C19,0
COc1ccc(-c2cc3cc(CCCO)cc(OC)c3o2)cc1OC,CYP2C8,0
COc1ccc(-c2cc3cc(CCCO)cc(OC)c3o2)cc1OC,CYP2C9,0
COc1ccc(-c2cc3cc(CCCO)cc(OC)c3o2)cc1OC,CYP2E1,0
COc1ccc(-c2coc3cc(O)cc(O)c3c2=O)cc1,CYP1A2,1
COc1ccc(-c2coc3cc(O)cc(O)c3c2=O)cc1,CYP2C19,1
COc1ccc(-c2coc3cc(O)cc(O)c3c2=O)cc1,CYP2C9,1
COc1ccc(-c2coc3cc(O)cc(O)c3c2=O)cc1,CYP2D6,1
COc1ccc(-c2coc3cc(O)cc(O)c3c2=O)cc1,CYP2E1,1
COc1ccc(-c2coc3cc(O)ccc3c2=O)cc1,CYP1A2,1
COc1ccc(-c2coc3cc(O)ccc3c2=O)cc1,CYP2A6,1
COc1ccc(-c2coc3cc(O)ccc3c2=O)cc1,CYP2B6,1
COc1ccc(-c2coc3cc(O)ccc3c2=O)cc1,CYP2C19,1
COc1ccc(-c2coc3cc(O)ccc3c2=O)cc1,CYP2C9,1
COc1ccc(-c2coc3cc(O)ccc3c2=O)cc1,CYP2D6,1
COc1ccc(-c2nc3ccc(C4=NNC(=O)CC4C)cc3[nH]2)cc1,CYP1A2,1
COc1ccc(-c2nc3ccc(C4=NNC(=O)CC4C)cc3[nH]2)cc1,CYP3A4,1
COc1ccc(-c2oc3cc(O)cc(O)c3c(=O)c2O)cc1,CYP1A2,1
COc1ccc(-c2oc3cc(O)cc(O)c3c(=O)c2O)cc1,CYP2C9,1
COc1ccc(-c2oc3cc(O)cc(O)c3c(=O)c2O)cc1,CYP3A4,0
COc1ccc(-c2oc3cc(O)cc(O)c3c(=O)c2O)cc1O,CYP1A2,1
COc1ccc(-c2oc3cc(O)cc(O)c3c(=O)c2O)cc1O,CYP2C9,1
COc1ccc(-c2oc3cc(O)cc(O)c3c(=O)c2O)cc1O,CYP2D6,0
COc1ccc(-c2oc3cc(O)cc(O)c3c(=O)c2O)cc1O,CYP3A4,1
COc1ccc(-n2cnnc2SCC(=O)Nc2cccc(S(N)(=O)=O)c2)cc1,CYP2A6,0
COc1ccc(-n2nc(C(N)=O)c3c2C(=O)N(c2ccc(N4CCCCC4=O)cc2)CC3)cc1,CYP2B6,0
COc1ccc(-n2nc(C(N)=O)c3c2C(=O)N(c2ccc(N4CCCCC4=O)cc2)CC3)cc1,CYP2D6,0
COc1ccc(-n2nc(C(N)=O)c3c2C(=O)N(c2ccc(N4CCCCC4=O)cc2)CC3)cc1,CYP2E1,0
COc1ccc(-n2nc(C(N)=O)c3c2C(=O)N(c2ccc(N4CCCCC4=O)cc2)CC3)cc1,CYP3A4,1
COc1ccc(/C=C2\CCCN=C2c2cccnc2)c(OC)c1,CYP1A2,1
COc1ccc(/C=C2\CCCN=C2c2cccnc2)c(OC)c1,CYP2E1,1
COc1ccc(/C=C2\CCCN=C2c2cccnc2)c(OC)c1,CYP3A4,1
COc1ccc(Br)cc1NC(=O)Nc1cccc2c1ccn2Cc1ccnc(N)c1,CYP1A2,0
COc1ccc(Br)cc1NC(=O)Nc1cccc2c1ccn2Cc1ccnc(N)c1,CYP2A6,0
COc1ccc(Br)cc1NC(=O)Nc1cccc2c1ccn2Cc1ccnc(N)c1,CYP2B6,0
COc1ccc(Br)cc1NC(=O)Nc1cccc2c1ccn2Cc1ccnc(N)c1,CYP2C9,0
COc1ccc(Br)cc1NC(=O)Nc1cccc2c1ccn2Cc1ccnc(N)c1,CYP2E1,0
COc1ccc(Br)cc1NC(=O)Nc1cccc2c1ccn2Cc1ccnc(N)c1,CYP3A4,1
COc1ccc(C(=O)C(C)N2CCCC2)cc1,CYP1A2,0
COc1ccc(C(=O)C(C)N2CCCC2)cc1,CYP2A6,0
COc1ccc(C(=O)C(C)N2CCCC2)cc1,CYP2B6,0
COc1ccc(C(=O)C(C)N2CCCC2)cc1,CYP2C19,1
COc1ccc(C(=O)C(C)N2CCCC2)cc1,CYP2C8,0
COc1ccc(C(=O)C(C)N2CCCC2)cc1,CYP2C9,0
COc1ccc(C(=O)C(C)N2CCCC2)cc1,CYP2D6,1
COc1ccc(C(=O)C(C)N2CCCC2)cc1,CYP2E1,0
COc1ccc(C(=O)C(C)N2CCCC2)cc1,CYP3A4,0
COc1ccc(C(=O)N(CC(C)(C)C)c2cccc(C)n2)c(N2CCC(COc3cc([C@@H](CC(=O)O)C4CC4)ccn3)CC2)c1,CYP1A2,0
COc1ccc(C(=O)N(CC(C)(C)C)c2cccc(C)n2)c(N2CCC(COc3cc([C@@H](CC(=O)O)C4CC4)ccn3)CC2)c1,CYP2B6,0
COc1ccc(C(=O)N(CC(C)(C)C)c2cccc(C)n2)c(N2CCC(COc3cc([C@@H](CC(=O)O)C4CC4)ccn3)CC2)c1,CYP2C19,0
COc1ccc(C(=O)N(CC(C)(C)C)c2cccc(C)n2)c(N2CCC(COc3cc([C@@H](CC(=O)O)C4CC4)ccn3)CC2)c1,CYP2C8,0
COc1ccc(C(=O)N(CC(C)(C)C)c2cccc(C)n2)c(N2CCC(COc3cc([C@@H](CC(=O)O)C4CC4)ccn3)CC2)c1,CYP2C9,0
COc1ccc(C(=O)N(CC(C)(C)C)c2cccc(C)n2)c(N2CCC(COc3cc([C@@H](CC(=O)O)C4CC4)ccn3)CC2)c1,CYP2D6,0
COc1ccc(C(=O)N(CC(C)(C)C)c2cccc(C)n2)c(N2CCC(COc3cc([C@@H](CC(=O)O)C4CC4)ccn3)CC2)c1,CYP2E1,0
COc1ccc(C(=O)N(CC(C)(C)C)c2cccc(C)n2)c(N2CCC(COc3cc([C@@H](CC(=O)O)C4CC4)ccn3)CC2)c1,CYP3A4,1
COc1ccc(C(=O)N/N=C/c2cc(Br)c(O)c(Br)c2O)cc1,CYP2B6,0
COc1ccc(C(=O)N2CCN(c3ccc4c(c3)CCC(=O)N4)CC2)cc1OC,CYP2E1,1
COc1ccc(C(=O)N2CCN(c3ccc4c(c3)CCC(=O)N4)CC2)cc1OC,CYP3A4,1
COc1ccc(C(=O)Nc2c(Cl)cncc2Cl)cc1OC1CCCC1,CYP1A2,0
COc1ccc(C(=O)Nc2c(Cl)cncc2Cl)cc1OC1CCCC1,CYP2A6,0
COc1ccc(C(=O)Nc2c(Cl)cncc2Cl)cc1OC1CCCC1,CYP2B6,1
COc1ccc(C(=O)Nc2c(Cl)cncc2Cl)cc1OC1CCCC1,CYP2C19,0
COc1ccc(C(=O)Nc2c(Cl)cncc2Cl)cc1OC1CCCC1,CYP2C8,0
COc1ccc(C(=O)Nc2c(Cl)cncc2Cl)cc1OC1CCCC1,CYP2C9,0
COc1ccc(C(=O)Nc2c(Cl)cncc2Cl)cc1OC1CCCC1,CYP2D6,0
COc1ccc(C(=O)Nc2c(Cl)cncc2Cl)cc1OC1CCCC1,CYP2E1,0
COc1ccc(C(=O)Nc2c(Cl)cncc2Cl)cc1OC1CCCC1,CYP3A4,0
COc1ccc(C(=O)Nc2cccc(O[C@@H]3O[C@H](C(=O)O)[C@@H](O)[C@H](O)[C@H]3O)c2NC(=O)c2ccc(N3CCCN(C)CC3)cc2)cc1,CYP1A2,0
COc1ccc(C(=O)Nc2cccc(O[C@@H]3O[C@H](C(=O)O)[C@@H](O)[C@H](O)[C@H]3O)c2NC(=O)c2ccc(N3CCCN(C)CC3)cc2)cc1,CYP2A6,0
COc1ccc(C(=O)Nc2cccc(O[C@@H]3O[C@H](C(=O)O)[C@@H](O)[C@H](O)[C@H]3O)c2NC(=O)c2ccc(N3CCCN(C)CC3)cc2)cc1,CYP2B6,0
COc1ccc(C(=O)Nc2cccc(O[C@@H]3O[C@H](C(=O)O)[C@@H](O)[C@H](O)[C@H]3O)c2NC(=O)c2ccc(N3CCCN(C)CC3)cc2)cc1,CYP2C19,0
COc1ccc(C(=O)Nc2cccc(O[C@@H]3O[C@H](C(=O)O)[C@@H](O)[C@H](O)[C@H]3O)c2NC(=O)c2ccc(N3CCCN(C)CC3)cc2)cc1,CYP2C8,0
COc1ccc(C(=O)Nc2cccc(O[C@@H]3O[C@H](C(=O)O)[C@@H](O)[C@H](O)[C@H]3O)c2NC(=O)c2ccc(N3CCCN(C)CC3)cc2)cc1,CYP2C9,0
COc1ccc(C(=O)Nc2cccc(O[C@@H]3O[C@H](C(=O)O)[C@@H](O)[C@H](O)[C@H]3O)c2NC(=O)c2ccc(N3CCCN(C)CC3)cc2)cc1,CYP2D6,0
COc1ccc(C(=O)Nc2cccc(O[C@@H]3O[C@H](C(=O)O)[C@@H](O)[C@H](O)[C@H]3O)c2NC(=O)c2ccc(N3CCCN(C)CC3)cc2)cc1,CYP2E1,0
COc1ccc(C(=O)Nc2ccccc2CCC2CCCCN2C)cc1,CYP2D6,1
COc1ccc(C(=O)c2ccccc2)c(O)c1,CYP1A2,1
COc1ccc(C(=O)c2ccccc2)c(O)c1,CYP2B6,1
COc1ccc(C(=O)c2ccccc2)c(O)c1,CYP2C19,1
COc1ccc(C(C(=O)NC(C)(C)C)N(C(=O)Cn2nnc3ccccc32)c2cccc(C(C)=O)c2)cc1O,CYP2A6,0
COc1ccc(C(C(=O)NC(C)(C)C)N(C(=O)Cn2nnc3ccccc32)c2cccc(C(C)=O)c2)cc1O,CYP2E1,0
COc1ccc(C(C)(C)C)cc1CN[C@H]1C2CCN(CC2)[C@H]1C(c1ccccc1)c1ccccc1,CYP3A4,1
COc1ccc(C(C)=O)c(O)c1,CYP1A2,1
COc1ccc(C(C)=O)c(O)c1,CYP2A6,1
COc1ccc(C(C)=O)c(O)c1,CYP2B6,0
COc1ccc(C(C)=O)c(O)c1,CYP2C19,0
COc1ccc(C(C)=O)c(O)c1,CYP2C8,0
COc1ccc(C(C)=O)c(O)c1,CYP2C9,0
COc1ccc(C(C)=O)c(O)c1,CYP2D6,0
COc1ccc(C(C)=O)c(O)c1,CYP2E1,0
COc1ccc(C(C)=O)c(O)c1,CYP3A4,0
COc1ccc(C(C)C)cc1CN[C@H]1C2CCN(CC2)[C@H]1C(c1ccccc1)c1ccccc1,CYP2D6,1
COc1ccc(C(C)C)cc1CN[C@H]1C2CCN(CC2)[C@H]1C(c1ccccc1)c1ccccc1,CYP3A4,1
COc1ccc(C(CN(C)C)C2(O)CCCCC2)cc1,CYP2C19,1
COc1ccc(C(CN(C)C)C2(O)CCCCC2)cc1,CYP2C9,1
COc1ccc(C(CN(C)C)C2(O)CCCCC2)cc1,CYP2D6,1
COc1ccc(C(CN(C)C)C2(O)CCCCC2)cc1,CYP3A4,1
COc1ccc(C(NC(=O)Cc2ccccc2)c2ccc3cccnc3c2O)cc1OC,CYP2B6,1
COc1ccc(C(NC(=O)Cc2ccccc2)c2ccc3cccnc3c2O)cc1OC,CYP3A4,1
COc1ccc(C(O)CNC(=O)/C=C/c2ccccc2)cc1,CYP2A6,1
COc1ccc(C(O)CNC(=O)/C=C/c2ccccc2)cc1,CYP2C19,1
COc1ccc(C(c2ccc(O)c(O)c2)C(Cl)(Cl)Cl)cc1,CYP1A2,1
COc1ccc(C(c2ccc(O)c(O)c2)C(Cl)(Cl)Cl)cc1,CYP2C19,1
COc1ccc(C(c2ccc(O)c(O)c2)C(Cl)(Cl)Cl)cc1,CYP2C8,1
COc1ccc(C(c2ccc(O)c(O)c2)C(Cl)(Cl)Cl)cc1,CYP2C9,1
COc1ccc(C(c2ccc(O)c(O)c2)C(Cl)(Cl)Cl)cc1,CYP2D6,1
COc1ccc(C(c2ccc(O)cc2)C(Cl)(Cl)Cl)cc1,CYP1A2,1
COc1ccc(C(c2ccc(O)cc2)C(Cl)(Cl)Cl)cc1,CYP2B6,1
COc1ccc(C(c2ccc(O)cc2)C(Cl)(Cl)Cl)cc1,CYP2C19,1
COc1ccc(C(c2ccc(O)cc2)C(Cl)(Cl)Cl)cc1,CYP2C8,1
COc1ccc(C(c2ccc(O)cc2)C(Cl)(Cl)Cl)cc1,CYP2D6,1
COc1ccc(C(c2ccc(O)cc2)C(Cl)(Cl)Cl)cc1,CYP3A4,1
COc1ccc(C(c2ccc(OC)cc2)C(Cl)(Cl)Cl)cc1,CYP1A2,1
COc1ccc(C(c2ccc(OC)cc2)C(Cl)(Cl)Cl)cc1,CYP2A6,0
COc1ccc(C(c2ccc(OC)cc2)C(Cl)(Cl)Cl)cc1,CYP2B6,1
COc1ccc(C(c2ccc(OC)cc2)C(Cl)(Cl)Cl)cc1,CYP2C8,0
COc1ccc(C(c2ccc(OC)cc2)C(Cl)(Cl)Cl)cc1,CYP2C9,0
COc1ccc(C(c2ccc(OC)cc2)C(Cl)(Cl)Cl)cc1,CYP2D6,0
COc1ccc(C(c2ccc(OC)cc2)C(Cl)(Cl)Cl)cc1,CYP2E1,0
COc1ccc(CC(C)(C)NC[C@H](O)c2cc(O)cc3c2OCC(=O)N3)cc1,CYP2C8,1
COc1ccc(CC(C)(C)NC[C@H](O)c2cc(O)cc3c2OCC(=O)N3)cc1,CYP2C9,1
COc1ccc(CC(C)N)cc1,CYP2D6,1
COc1ccc(CC(C)NCC(O)c2ccc(O)c(NC=O)c2)cc1,CYP2A6,1
COc1ccc(CC(C)NCC(O)c2ccc(O)c(NC=O)c2)cc1,CYP2C19,1
COc1ccc(CC(C)NCC(O)c2ccc(O)c(NC=O)c2)cc1,CYP2C9,1
COc1ccc(CC(C)NCC(O)c2ccc(O)c(NC=O)c2)cc1,CYP2D6,1
COc1ccc(CC2SC(=O)NC2=O)cc1C(=O)NCc1ccc(C(F)(F)F)cc1,CYP3A4,1
COc1ccc(CC2SC(=O)NC2=O)cc1C(=O)NCc1ccc(OC(F)(F)F)cc1,CYP3A4,1
COc1ccc(CCC(=O)O)cc1OC,CYP2C8,0
COc1ccc(CCN(C)CCCC(C#N)(c2ccc(OC)c(OC)c2)C(C)C)cc1OC,CYP2C8,1
COc1ccc(CCN(C)CCCC(C#N)(c2ccc(OC)c(OC)c2)C(C)C)cc1OC,CYP2E1,1
COc1ccc(CCN(C)CCCC(C#N)(c2ccc(OC)c(OC)c2)C(C)C)cc1OC,CYP3A4,1
COc1ccc(CCN(C)CCC[C@@](C#N)(c2cc(OC)c(OC)c(OC)c2)C(C)C)cc1OC,CYP2C8,1
COc1ccc(CCN(C)CCC[C@@](C#N)(c2cc(OC)c(OC)c(OC)c2)C(C)C)cc1OC,CYP2D6,1
COc1ccc(CCN(C)CCC[C@@](C#N)(c2cc(OC)c(OC)c(OC)c2)C(C)C)cc1OC,CYP3A4,1
COc1ccc(CCN(C)CCC[C@](C#N)(c2cc(OC)c(OC)c(OC)c2)C(C)C)cc1OC,CYP2C8,1
COc1ccc(CCN(C)CCC[C@](C#N)(c2cc(OC)c(OC)c(OC)c2)C(C)C)cc1OC,CYP2D6,1
COc1ccc(CCN(C)CCC[C@](C#N)(c2cc(OC)c(OC)c(OC)c2)C(C)C)cc1OC,CYP3A4,1
COc1ccc(CCN2CCC(Nc3nc4ccccc4n3Cc3ccc(F)cc3)CC2)cc1,CYP1A2,0
COc1ccc(CCN2CCC(Nc3nc4ccccc4n3Cc3ccc(F)cc3)CC2)cc1,CYP2A6,0
COc1ccc(CCN2CCC(Nc3nc4ccccc4n3Cc3ccc(F)cc3)CC2)cc1,CYP2B6,0
COc1ccc(CCN2CCC(Nc3nc4ccccc4n3Cc3ccc(F)cc3)CC2)cc1,CYP2C19,0
COc1ccc(CCN2CCC(Nc3nc4ccccc4n3Cc3ccc(F)cc3)CC2)cc1,CYP2C8,0
COc1ccc(CCN2CCC(Nc3nc4ccccc4n3Cc3ccc(F)cc3)CC2)cc1,CYP2C9,0
COc1ccc(CCN2CCC(Nc3nc4ccccc4n3Cc3ccc(F)cc3)CC2)cc1,CYP2D6,1
COc1ccc(CCN2CCC(Nc3nc4ccccc4n3Cc3ccc(F)cc3)CC2)cc1,CYP2E1,0
COc1ccc(CCN2CCC(Nc3nc4ccccc4n3Cc3ccc(F)cc3)CC2)cc1,CYP3A4,1
COc1ccc(CCNCCCC(C#N)(c2ccc(OC)c(OC)c2)C(C)C)cc1OC,CYP2C8,1
COc1ccc(CCNCCCC(C#N)(c2ccc(OC)c(OC)c2)C(C)C)cc1OC,CYP2D6,1
COc1ccc(CCNCCCC(C#N)(c2ccc(OC)c(OC)c2)C(C)C)cc1OC,CYP2E1,1
COc1ccc(CCNCCCC(C#N)(c2ccc(OC)c(OC)c2)C(C)C)cc1OC,CYP3A4,1
COc1ccc(CCNS(=O)(=O)c2cc3c(cc2C)OCO3)cc1OC,CYP1A2,1
COc1ccc(CCNS(=O)(=O)c2cc3c(cc2C)OCO3)cc1OC,CYP2C19,1
COc1ccc(CCNS(=O)(=O)c2cc3c(cc2C)OCO3)cc1OC,CYP3A4,1
COc1ccc(CN2CCN(C(c3ccc(F)cc3)c3ccc(F)cc3)CC2)c(OC)c1OC,CYP2C8,1
COc1ccc(CN2CCN(C(c3ccc(F)cc3)c3ccc(F)cc3)CC2)c(OC)c1OC,CYP2C9,1
COc1ccc(CN2CCN(C(c3ccc(F)cc3)c3ccc(F)cc3)CC2)c(OC)c1OC,CYP2D6,1
COc1ccc(CN2CCN(C(c3ccc(F)cc3)c3ccc(F)cc3)CC2)c(OC)c1OC,CYP3A4,1
COc1ccc(CSC[C@H](NC(=O)CCCN)C(=O)NCC(=O)O)cc1,CYP2B6,0
COc1ccc(C[C@@H]2c3cc(Oc4cc(C[C@@H]5c6cc(OC)c(OC)cc6CCN5C)ccc4O)c(OC)cc3CCN2C)cc1,CYP2C19,0
COc1ccc(C[C@@H]2c3cc(Oc4cc(C[C@@H]5c6cc(OC)c(OC)cc6CCN5C)ccc4O)c(OC)cc3CCN2C)cc1,CYP2C8,1
COc1ccc(C[C@@H]2c3cc(Oc4cc(C[C@@H]5c6cc(OC)c(OC)cc6CCN5C)ccc4O)c(OC)cc3CCN2C)cc1,CYP2D6,1
COc1ccc(C[C@@H]2c3cc(Oc4cc(C[C@@H]5c6cc(OC)c(OC)cc6CCN5C)ccc4O)c(OC)cc3CCN2C)cc1,CYP3A4,1
COc1ccc(C[C@H](N)C(=O)N[C@H]2[C@@H](O)[C@H](n3cnc4c(N(C)C)ncnc43)O[C@@H]2CO)cc1,CYP1A2,0
COc1ccc(C[C@H](N)C(=O)N[C@H]2[C@@H](O)[C@H](n3cnc4c(N(C)C)ncnc43)O[C@@H]2CO)cc1,CYP2C9,0
COc1ccc(Cl)cc1-c1ccc(C(=O)N=C(N)N)o1,CYP1A2,1
COc1ccc(Cl)cc1-c1ccc(C(=O)N=C(N)N)o1,CYP2A6,0
COc1ccc(Cl)cc1-c1ccc(C(=O)N=C(N)N)o1,CYP2B6,0
COc1ccc(Cl)cc1-c1ccc(C(=O)N=C(N)N)o1,CYP2C19,1
COc1ccc(Cl)cc1-c1ccc(C(=O)N=C(N)N)o1,CYP2C8,0
COc1ccc(Cl)cc1-c1ccc(C(=O)N=C(N)N)o1,CYP2C9,0
COc1ccc(Cl)cc1-c1ccc(C(=O)N=C(N)N)o1,CYP2D6,0
COc1ccc(Cl)cc1-c1ccc(C(=O)N=C(N)N)o1,CYP3A4,1
COc1ccc(N2CCNCC2)cc1,CYP1A2,0
COc1ccc(N2CCNCC2)cc1,CYP2A6,0
COc1ccc(N2CCNCC2)cc1,CYP2B6,0
COc1ccc(N2CCNCC2)cc1,CYP2C19,0
COc1ccc(N2CCNCC2)cc1,CYP2C8,0
COc1ccc(N2CCNCC2)cc1,CYP2C9,0
COc1ccc(N2CCNCC2)cc1,CYP2D6,1
COc1ccc(N2CCNCC2)cc1,CYP2E1,0
COc1ccc(N2CCNCC2)cc1,CYP3A4,0
COc1ccc(N2CCc3c(NCCO)nc4c(OC(F)(F)F)cccc4c32)c(C)c1,CYP1A2,1
COc1ccc(N2CCc3c(NCCO)nc4c(OC(F)(F)F)cccc4c32)c(C)c1,CYP2B6,0
COc1ccc(N2CCc3c(NCCO)nc4c(OC(F)(F)F)cccc4c32)c(C)c1,CYP2C19,1
COc1ccc(N2CCc3c(NCCO)nc4c(OC(F)(F)F)cccc4c32)c(C)c1,CYP2C8,0
COc1ccc(N2CCc3c(NCCO)nc4c(OC(F)(F)F)cccc4c32)c(C)c1,CYP2C9,1
COc1ccc(N2CCc3c(NCCO)nc4c(OC(F)(F)F)cccc4c32)c(C)c1,CYP2D6,1
COc1ccc(N2CCc3c(NCCO)nc4c(OC(F)(F)F)cccc4c32)c(C)c1,CYP2E1,0
COc1ccc(N2CCc3c(NCCO)nc4c(OC(F)(F)F)cccc4c32)c(C)c1,CYP3A4,1
COc1ccc(NC(=O)C2=C3N(C)c4c(OC)cccc4N3CCC2=O)cc1,CYP1A2,1
COc1ccc(NC(=O)C2=C3N(C)c4c(OC)cccc4N3CCC2=O)cc1,CYP2A6,0
COc1ccc(NC(=O)C2=C3N(C)c4c(OC)cccc4N3CCC2=O)cc1,CYP2C19,0
COc1ccc(NC(=O)C2=C3N(C)c4c(OC)cccc4N3CCC2=O)cc1,CYP2C9,0
COc1ccc(NC(=O)C2=C3N(C)c4c(OC)cccc4N3CCC2=O)cc1,CYP2D6,1
COc1ccc(NC(=O)C2=C3N(C)c4c(OC)cccc4N3CCC2=O)cc1,CYP2E1,0
COc1ccc(NC(=O)C2=C3N(C)c4c(OC)cccc4N3CCC2=O)cc1,CYP3A4,1
COc1ccc(NC(=O)C2CCCN2C(=O)NC2CCCCC2)c(OC)c1,CYP2A6,0
COc1ccc(NC(=O)C2CCCN2C(=O)NC2CCCCC2)c(OC)c1,CYP2C8,0
COc1ccc(NC(C)=O)cc1,CYP1A2,1
COc1ccc(NS(=O)(=O)c2c(F)c(F)c(F)c(F)c2F)cc1NC(N)=O,CYP2E1,0
COc1ccc(O)c(-c2nc3cc(C(=N)N)ccc3[nH]2)c1,CYP2A6,0
COc1ccc(OC(=O)N(CC(=O)O)Cc2ccc(OCCc3nc(-c4ccccc4)oc3C)cc2)cc1,CYP1A2,0
COc1ccc(OC(=O)N(CC(=O)O)Cc2ccc(OCCc3nc(-c4ccccc4)oc3C)cc2)cc1,CYP2A6,0
COc1ccc(OC(=O)N(CC(=O)O)Cc2ccc(OCCc3nc(-c4ccccc4)oc3C)cc2)cc1,CYP2B6,0
COc1ccc(OC(=O)N(CC(=O)O)Cc2ccc(OCCc3nc(-c4ccccc4)oc3C)cc2)cc1,CYP2C19,1
COc1ccc(OC(=O)N(CC(=O)O)Cc2ccc(OCCc3nc(-c4ccccc4)oc3C)cc2)cc1,CYP2C8,1
COc1ccc(OC(=O)N(CC(=O)O)Cc2ccc(OCCc3nc(-c4ccccc4)oc3C)cc2)cc1,CYP2C9,1
COc1ccc(OC(=O)N(CC(=O)O)Cc2ccc(OCCc3nc(-c4ccccc4)oc3C)cc2)cc1,CYP2D6,1
COc1ccc(OC(=O)N(CC(=O)O)Cc2ccc(OCCc3nc(-c4ccccc4)oc3C)cc2)cc1,CYP2E1,0
COc1ccc(OC(=O)N(CC(=O)O)Cc2ccc(OCCc3nc(-c4ccccc4)oc3C)cc2)cc1,CYP3A4,1
COc1ccc(OC(F)(F)F)cc1CN,CYP1A2,1
COc1ccc(OC(F)(F)F)cc1CN,CYP2B6,1
COc1ccc(OC(F)(F)F)cc1CN,CYP2C19,1
COc1ccc(OC(F)(F)F)cc1CN,CYP2C9,1
COc1ccc(OC(F)(F)F)cc1CN,CYP2D6,1
COc1ccc(OC(F)(F)F)cc1CN[C@H]1CCCN[C@H]1c1ccccc1,CYP1A2,0
COc1ccc(OC(F)(F)F)cc1CN[C@H]1CCCN[C@H]1c1ccccc1,CYP2A6,0
COc1ccc(OC(F)(F)F)cc1CN[C@H]1CCCN[C@H]1c1ccccc1,CYP2B6,0
COc1ccc(OC(F)(F)F)cc1CN[C@H]1CCCN[C@H]1c1ccccc1,CYP2C19,0
COc1ccc(OC(F)(F)F)cc1CN[C@H]1CCCN[C@H]1c1ccccc1,CYP2C9,0
COc1ccc(OC(F)(F)F)cc1CN[C@H]1CCCN[C@H]1c1ccccc1,CYP2D6,1
COc1ccc(OC(F)(F)F)cc1CN[C@H]1CCCN[C@H]1c1ccccc1,CYP2E1,0
COc1ccc(OC(F)(F)F)cc1CN[C@H]1CCCN[C@H]1c1ccccc1,CYP3A4,1
COc1ccc(OC)c(C(O)C(C)N)c1,CYP2C8,0
COc1ccc(OC)c(C(O)CN)c1,CYP2A6,0
COc1ccc(OC)c(C(O)CN)c1,CYP2B6,0
COc1ccc(OC)c(C(O)CN)c1,CYP2C8,0
COc1ccc(OC)c(C(O)CN)c1,CYP2C9,0
COc1ccc(OC)c(C(O)CN)c1,CYP2D6,1
COc1ccc(OC)c(C(O)CN)c1,CYP2E1,0
COc1ccc(OC)c(C(O)CN)c1,CYP3A4,0
COc1ccc(OCCNC(=O)CCCO)cc1,CYP2B6,0
COc1ccc(S(=O)(=O)N2Cc3[nH]c4ccccc4c3CC2C(N)=O)cc1,CYP2C19,1
COc1ccc(S(=O)(=O)N2Cc3[nH]c4ccccc4c3CC2C(N)=O)cc1,CYP2C9,1
COc1ccc(S(=O)(=O)N2Cc3[nH]c4ccccc4c3CC2C(N)=O)cc1,CYP3A4,1
COc1ccc(S(=O)(=O)NC(C)C)cc1-n1cnnn1,CYP2A6,0
COc1ccc(S(=O)O)cc1,CYP2B6,0
COc1ccc([C@@H]2CC(=O)c3c(O)cc(O)cc3O2)cc1O,CYP1A2,1
COc1ccc([C@@H]2CC(=O)c3c(O)cc(O)cc3O2)cc1O,CYP2C9,0
COc1ccc([C@@H]2CC(=O)c3c(O)cc(O)cc3O2)cc1O,CYP2D6,0
COc1ccc([C@@H]2CC(=O)c3c(O)cc(O)cc3O2)cc1O,CYP3A4,0
COc1ccc([C@@H]2OC[C@H]3[C@@H]2CO[C@@H]3c2ccc3c(c2)OCO3)cc1OC,CYP2A6,0
COc1ccc([C@@H]2OC[C@H]3[C@@H]2CO[C@@H]3c2ccc3c(c2)OCO3)cc1OC,CYP2B6,1
COc1ccc([C@@H]2OC[C@H]3[C@@H]2CO[C@@H]3c2ccc3c(c2)OCO3)cc1OC,CYP2C19,1
COc1ccc([C@@H]2OC[C@H]3[C@@H]2CO[C@@H]3c2ccc3c(c2)OCO3)cc1OC,CYP2C9,1
COc1ccc([C@@H]2OC[C@H]3[C@@H]2CO[C@@H]3c2ccc3c(c2)OCO3)cc1OC,CYP2E1,0
COc1ccc([C@@H]2Sc3ccccc3N(CCN(C)C)C(=O)[C@@H]2OC(C)=O)cc1,CYP2C8,1
COc1ccc([C@@H]2Sc3ccccc3N(CCN(C)C)C(=O)[C@@H]2OC(C)=O)cc1,CYP2C9,1
COc1ccc([C@@H]2Sc3ccccc3N(CCN(C)C)C(=O)[C@@H]2OC(C)=O)cc1,CYP2D6,1
COc1ccc([C@@H]2Sc3ccccc3N(CCN(C)C)C(=O)[C@@H]2OC(C)=O)cc1,CYP3A4,1
COc1ccc([C@H](CC(=O)O)N2CCN(CCCc3ccc4c(n3)NCCC4)C2=O)cn1,CYP2D6,1
COc1ccc([C@H](CC(=O)O)N2CCN(CCCc3ccc4c(n3)NCCC4)C2=O)cn1,CYP3A4,1
COc1ccc([C@H]2OC[C@H]3[C@@H]2CO[C@@H]3c2cc(OC)c(OC)c(OC)c2)cc1OC,CYP1A2,0
COc1ccc([C@H]2OC[C@H]3[C@@H]2CO[C@@H]3c2cc(OC)c(OC)c(OC)c2)cc1OC,CYP2A6,0
COc1ccc([C@H]2OC[C@H]3[C@@H]2CO[C@@H]3c2cc(OC)c(OC)c(OC)c2)cc1OC,CYP2C19,1
COc1ccc([C@H]2OC[C@H]3[C@@H]2CO[C@@H]3c2cc(OC)c(OC)c(OC)c2)cc1OC,CYP2C8,1
COc1ccc([C@H]2OC[C@H]3[C@@H]2CO[C@@H]3c2cc(OC)c(OC)c(OC)c2)cc1OC,CYP2C9,1
COc1ccc([C@H]2OC[C@H]3[C@@H]2CO[C@@H]3c2cc(OC)c(OC)c(OC)c2)cc1OC,CYP2E1,0
COc1ccc([C@H]2OC[C@H]3[C@@H]2CO[C@@H]3c2cc(OC)c(OC)c(OC)c2)cc1OC,CYP3A4,1
COc1ccc([C@H]2OC[C@H]3[C@@H]2CO[C@@H]3c2ccc3c(c2)OCO3)cc1OC,CYP2A6,0
COc1ccc([C@H]2OC[C@H]3[C@@H]2CO[C@@H]3c2ccc3c(c2)OCO3)cc1OC,CYP2C19,1
COc1ccc([C@H]2OC[C@H]3[C@@H]2CO[C@@H]3c2ccc3c(c2)OCO3)cc1OC,CYP2C9,1
COc1ccc([C@H]2OC[C@H]3[C@@H]2CO[C@@H]3c2ccc3c(c2)OCO3)cc1OC,CYP2E1,0
COc1ccc([C@H]2OC[C@H]3[C@@H]2CO[C@@H]3c2ccc3c(c2)OCO3)cc1OC,CYP3A4,1
COc1ccc([N+](=O)[O-])cc1,CYP2A6,1
COc1ccc([N+](=O)[O-])cc1,CYP2E1,1
COc1ccc2[nH]c([S+]([O-])Cc3ncc(C)c(OC)c3C)nc2n1,CYP1A2,0
COc1ccc2[nH]c([S+]([O-])Cc3ncc(C)c(OC)c3C)nc2n1,CYP2A6,0
COc1ccc2[nH]c([S+]([O-])Cc3ncc(C)c(OC)c3C)nc2n1,CYP2C19,1
COc1ccc2[nH]c([S+]([O-])Cc3ncc(C)c(OC)c3C)nc2n1,CYP2E1,0
COc1ccc2[nH]c([S+]([O-])Cc3ncc(C)c(OC)c3C)nc2n1,CYP3A4,1
COc1ccc2[nH]c([S@@+]([O-])Cc3ncc(C)c(OC)c3C)nc2c1,CYP2A6,1
COc1ccc2[nH]c([S@@+]([O-])Cc3ncc(C)c(OC)c3C)nc2c1,CYP2C19,1
COc1ccc2[nH]c([S@@+]([O-])Cc3ncc(C)c(OC)c3C)nc2c1,CYP2C8,1
COc1ccc2[nH]c([S@@+]([O-])Cc3ncc(C)c(OC)c3C)nc2c1,CYP2C9,1
COc1ccc2[nH]c([S@@+]([O-])Cc3ncc(C)c(OC)c3C)nc2c1,CYP3A4,1
COc1ccc2[nH]cc(C(O)CN3CCN(c4ccccc4)CC3)c2c1,CYP2A6,0
COc1ccc2[nH]cc(C(O)CN3CCN(c4ccccc4)CC3)c2c1,CYP2C8,0
COc1ccc2[nH]cc(CCN(C(C)C)C(C)C)c2c1,CYP1A2,1
COc1ccc2[nH]cc(CCN(C(C)C)C(C)C)c2c1,CYP2C19,1
COc1ccc2[nH]cc(CCN(C(C)C)C(C)C)c2c1,CYP2D6,1
COc1ccc2[nH]cc(CCN(C(C)C)C(C)C)c2c1,CYP3A4,1
COc1ccc2[nH]cc(CCN(C)C)c2c1,CYP2D6,1
COc1ccc2[nH]cc(CCN)c2c1,CYP2D6,1
COc1ccc2[nH]cc(CCNC(C)=O)c2c1,CYP1A2,1
COc1ccc2[nH]cc(CCNC(C)=O)c2c1,CYP2A6,1
COc1ccc2[nH]cc(CCNC(C)=O)c2c1,CYP2B6,1
COc1ccc2[nH]cc(CCNC(C)=O)c2c1,CYP2C19,1
COc1ccc2[nH]cc(CCNC(C)=O)c2c1,CYP2C9,1
COc1ccc2[nH]cc(CCNC(C)=O)c2c1,CYP2D6,1
COc1ccc2[nH]cc(CCNC(C)=O)c2c1,CYP2E1,1
COc1ccc2[nH]cc(CCNC(C)=O)c2c1,CYP3A4,1
COc1ccc2c(C(=O)c3cc(OC)c(OC)c(OC)c3)c[nH]c2c1,CYP1A2,1
COc1ccc2c(C(=O)c3cc(OC)c(OC)c(OC)c3)c[nH]c2c1,CYP2C19,1
COc1ccc2c(C(=O)c3cc(OC)c(OC)c(OC)c3)c[nH]c2c1,CYP2C9,1
COc1ccc2c(C(=O)c3cc(OC)c(OC)c(OC)c3)c[nH]c2c1,CYP2D6,1
COc1ccc2c(C(=O)c3cc(OC)c(OC)c(OC)c3)c[nH]c2c1,CYP2E1,1
COc1ccc2c(C(=O)c3cc(OC)c(OC)c(OC)c3)c[nH]c2c1,CYP3A4,1
COc1ccc2c(C(F)(F)F)cc(=O)oc2c1,CYP1A2,1
COc1ccc2c(C(F)(F)F)cc(=O)oc2c1,CYP2A6,1
COc1ccc2c(C(F)(F)F)cc(=O)oc2c1,CYP2B6,1
COc1ccc2c(C(F)(F)F)cc(=O)oc2c1,CYP2C19,1
COc1ccc2c(C(F)(F)F)cc(=O)oc2c1,CYP2C9,1
COc1ccc2c(C(F)(F)F)cc(=O)oc2c1,CYP2D6,1
COc1ccc2c(C(F)(F)F)cc(=O)oc2c1,CYP2E1,1
COc1ccc2c(C(F)(F)F)cc(=O)oc2c1,CYP3A4,0
COc1ccc2c(CN(C)C)cc(=O)oc2c1,CYP1A2,1
COc1ccc2c(CN(C)C)cc(=O)oc2c1,CYP2C19,1
COc1ccc2c(CN(C)C)cc(=O)oc2c1,CYP2D6,1
COc1ccc2c(CN)cc(=O)oc2c1,CYP1A2,1
COc1ccc2c(CN)cc(=O)oc2c1,CYP2C19,1
COc1ccc2c(CN)cc(=O)oc2c1,CYP2D6,1
COc1ccc2c(c1)-c1nn(CCCN(C)C)c3ccc([N+](=O)[O-])c(c13)N2,CYP1A2,1
COc1ccc2c(c1)-c1nn(CCCN(C)C)c3ccc([N+](=O)[O-])c(c13)N2,CYP3A4,1
COc1ccc2c(c1)C(=O)N(CCc1ccc(S(=O)(=O)NC(=O)NC3CCCCC3)cc1)C(=O)C2(C)C,CYP2C19,1
COc1ccc2c(c1)C(=O)N(CCc1ccc(S(=O)(=O)NC(=O)NC3CCCCC3)cc1)C(=O)C2(C)C,CYP2C9,1
COc1ccc2c(c1)C(=O)N(CCc1ccc(S(=O)(=O)NC(=O)NC3CCCCC3)cc1)C(=O)C2(C)C,CYP3A4,1
COc1ccc2c(c1)CC[C@@H]1[C@@H]2CC[C@]2(C)C(O)CC[C@@H]12,CYP1A2,1
COc1ccc2c(c1)CC[C@@H]1[C@@H]2CC[C@]2(C)C(O)CC[C@@H]12,CYP2C19,1
COc1ccc2c(c1)CC[C@@H]1[C@@H]2CC[C@]2(C)C(O)CC[C@@H]12,CYP2C9,1
COc1ccc2c(c1)CC[C@@H]1[C@@H]2CC[C@]2(C)C(O)CC[C@@H]12,CYP3A4,1
COc1ccc2c(c1)CC[C@@H]1[C@@H]2CC[C@]2(C)[C@H](O)[C@H](O)C[C@@H]12,CYP2E1,0
COc1ccc2c(c1)N(C[C@H](C)CN(C)C)c1ccccc1S2,CYP1A2,1
COc1ccc2c(c1)N(C[C@H](C)CN(C)C)c1ccccc1S2,CYP2B6,1
COc1ccc2c(c1)N(C[C@H](C)CN(C)C)c1ccccc1S2,CYP2C19,1
COc1ccc2c(c1)N(C[C@H](C)CN(C)C)c1ccccc1S2,CYP3A4,1
COc1ccc2c(c1)Oc1cc(O)ccc1C21OC(=O)c2ccccc21,CYP1A2,1
COc1ccc2c(c1)Oc1cc(O)ccc1C21OC(=O)c2ccccc21,CYP2A6,0
COc1ccc2c(c1)Oc1cc(O)ccc1C21OC(=O)c2ccccc21,CYP2B6,1
COc1ccc2c(c1)Oc1cc(O)ccc1C21OC(=O)c2ccccc21,CYP2C19,1
COc1ccc2c(c1)Oc1cc(O)ccc1C21OC(=O)c2ccccc21,CYP2C8,1
COc1ccc2c(c1)Oc1cc(O)ccc1C21OC(=O)c2ccccc21,CYP2C9,1
COc1ccc2c(c1)Oc1cc(O)ccc1C21OC(=O)c2ccccc21,CYP2D6,0
COc1ccc2c(c1)Oc1cc(O)ccc1C21OC(=O)c2ccccc21,CYP3A4,0
COc1ccc2c(c1)[C@]13CCCC[C@@H]1[C@H](C2)N(C)CC3,CYP1A2,0
COc1ccc2c(c1)[C@]13CCCC[C@@H]1[C@H](C2)N(C)CC3,CYP2A6,0
COc1ccc2c(c1)[C@]13CCCC[C@@H]1[C@H](C2)N(C)CC3,CYP2B6,1
COc1ccc2c(c1)[C@]13CCCC[C@@H]1[C@H](C2)N(C)CC3,CYP2C19,1
COc1ccc2c(c1)[C@]13CCCC[C@@H]1[C@H](C2)N(C)CC3,CYP2C9,1
COc1ccc2c(c1)[C@]13CCCC[C@@H]1[C@H](C2)N(C)CC3,CYP2D6,1
COc1ccc2c(c1)[C@]13CCCC[C@@H]1[C@H](C2)N(C)CC3,CYP2E1,0
COc1ccc2c(c1)[C@]13CCCC[C@@H]1[C@H](C2)N(C)CC3,CYP3A4,1
COc1ccc2c(c1)[nH]c1c(C)nccc12,CYP1A2,1
COc1ccc2c(c1)[nH]c1c(C)nccc12,CYP2A6,0
COc1ccc2c(c1)[nH]c1c(C)nccc12,CYP2C19,1
COc1ccc2c(c1)[nH]c1c(C)nccc12,CYP2C9,1
COc1ccc2c(c1)[nH]c1c(C)nccc12,CYP2D6,1
COc1ccc2c(c1)[nH]c1c(C)nccc12,CYP2E1,0
COc1ccc2c(c1)c(CC(=O)NCC(O)c1ccccc1)c(C)n2C(=O)c1ccc(Cl)cc1,CYP2C19,1
COc1ccc2c(c1)c(CC(=O)NCC(O)c1ccccc1)c(C)n2C(=O)c1ccc(Cl)cc1,CYP2D6,1
COc1ccc2c(c1)c(CC(=O)NCC(O)c1ccccc1)c(C)n2C(=O)c1ccc(Cl)cc1,CYP3A4,1
COc1ccc2c(c1)c(CC(=O)NCCc1ccccc1)c(C)n2C(=O)c1ccc(Cl)cc1,CYP2C19,1
COc1ccc2c(c1)c(CC(=O)NCCc1ccccc1)c(C)n2C(=O)c1ccc(Cl)cc1,CYP2C9,1
COc1ccc2c(c1)c(CC(=O)NCCc1ccccc1)c(C)n2C(=O)c1ccc(Cl)cc1,CYP2D6,1
COc1ccc2c(c1)c(CC(=O)NCCc1ccccc1)c(C)n2C(=O)c1ccc(Cl)cc1,CYP3A4,1
COc1ccc2c(c1)c(CC(=O)O)c(C)n2C(=O)c1ccc(Cl)cc1,CYP2C19,1
COc1ccc2c(c1)c(CC(=O)O)c(C)n2C(=O)c1ccc(Cl)cc1,CYP2C9,1
COc1ccc2c(c1OC)C(=O)O[C@@H]2[C@H]1c2c(cc3c(c2OC)OCO3)CCN1C,CYP1A2,1
COc1ccc2c(c1OC)C(=O)O[C@@H]2[C@H]1c2c(cc3c(c2OC)OCO3)CCN1C,CYP2B6,1
COc1ccc2c(c1OC)C(=O)O[C@@H]2[C@H]1c2c(cc3c(c2OC)OCO3)CCN1C,CYP2C19,1
COc1ccc2c(c1OC)C(=O)O[C@@H]2[C@H]1c2c(cc3c(c2OC)OCO3)CCN1C,CYP2C8,1
COc1ccc2c(c1OC)C(=O)O[C@@H]2[C@H]1c2c(cc3c(c2OC)OCO3)CCN1C,CYP2C9,1
COc1ccc2c(c1OC)C(=O)O[C@@H]2[C@H]1c2c(cc3c(c2OC)OCO3)CCN1C,CYP2D6,1
COc1ccc2c(c1OC)C(=O)O[C@@H]2[C@H]1c2c(cc3c(c2OC)OCO3)CCN1C,CYP3A4,1
COc1ccc2c(c1OC)C(=O)O[C@@H]2[C@H]1c2cc3c(cc2CCN1C)OCO3,CYP2B6,0
COc1ccc2c(c1OC)[N+]1=C(C2=O)c2cc3c(cc2CC1)OCO3,CYP1A2,1
COc1ccc2c(c1OC)[N+]1=C(C2=O)c2cc3c(cc2CC1)OCO3,CYP2C19,1
COc1ccc2c(c1OC)[N+]1=C(C2=O)c2cc3c(cc2CC1)OCO3,CYP3A4,1
COc1ccc2c(c[n+](C)c3c4cc5c(cc4ccc23)OCO5)c1O,CYP1A2,0
COc1ccc2c(c[n+](C)c3c4cc5c(cc4ccc23)OCO5)c1O,CYP2C8,0
COc1ccc2c(c[n+](C)c3c4cc5c(cc4ccc23)OCO5)c1O,CYP2C9,0
COc1ccc2c(c[n+](C)c3c4cc5c(cc4ccc23)OCO5)c1O,CYP2D6,0
COc1ccc2c(c[n+](C)c3c4cc5c(cc4ccc23)OCO5)c1O,CYP3A4,0
COc1ccc2c3c([nH]c2c1)C(C)=NCC3,CYP1A2,1
COc1ccc2c3c([nH]c2c1)C(C)=NCC3,CYP2A6,0
COc1ccc2c3c([nH]c2c1)C(C)=NCC3,CYP2B6,0
COc1ccc2c3c([nH]c2c1)C(C)=NCC3,CYP2C8,0
COc1ccc2c3c([nH]c2c1)C(C)=NCC3,CYP2D6,1
COc1ccc2c3c([nH]c2c1)C(C)=NCC3,CYP2E1,0
COc1ccc2c3c([nH]c2c1)C(C)=NCC3,CYP3A4,0
COc1ccc2c3c1O[C@H]1C(=O)CC[C@@]4(O)[C@@H](C2)N(C)CC[C@]314,CYP2A6,1
COc1ccc2c3c1O[C@H]1C(=O)CC[C@@]4(O)[C@@H](C2)N(C)CC[C@]314,CYP2B6,1
COc1ccc2c3c1O[C@H]1C(=O)CC[C@@]4(O)[C@@H](C2)N(C)CC[C@]314,CYP2C19,1
COc1ccc2c3c1O[C@H]1C(=O)CC[C@@]4(O)[C@@H](C2)N(C)CC[C@]314,CYP2C9,1
COc1ccc2c3c1O[C@H]1C(=O)CC[C@@]4(O)[C@@H](C2)N(C)CC[C@]314,CYP2D6,1
COc1ccc2c3c1O[C@H]1C(=O)CC[C@@]4(O)[C@@H](C2)N(C)CC[C@]314,CYP3A4,1
COc1ccc2c3c1O[C@H]1C(=O)CC[C@H]4[C@@H](C2)N(C)CC[C@]314,CYP2D6,1
COc1ccc2c3c1O[C@H]1C(=O)CC[C@H]4[C@@H](C2)N(C)CC[C@]314,CYP3A4,1
COc1ccc2c3c1O[C@H]1[C@@H](O)C=C[C@H]4[C@@H](C2)N(C)CC[C@@]341,CYP2D6,1
COc1ccc2c3c1O[C@H]1[C@@H](O)C=C[C@H]4[C@@H](C2)N(C)CC[C@@]341,CYP3A4,1
COc1ccc2c3c1O[C@H]1[C@@H](O)CC[C@H]4[C@@H](C2)N(C)CC[C@@]341,CYP2D6,1
COc1ccc2c3c1O[C@H]1[C@@H](O)CC[C@H]4[C@@H](C2)N(C)CC[C@@]341,CYP3A4,1
COc1ccc2cc(C#N)c(=O)oc2c1,CYP1A2,1
COc1ccc2cc(C#N)c(=O)oc2c1,CYP2B6,1
COc1ccc2cc(C#N)c(=O)oc2c1,CYP2C19,1
COc1ccc2cc(C#N)c(=O)oc2c1,CYP2C8,0
COc1ccc2cc(C#N)c(=O)oc2c1,CYP2E1,1
COc1ccc2cc(C#N)c(=O)oc2c1,CYP3A4,0
COc1ccc2cc(CCC(C)=O)ccc2c1,CYP1A2,1
COc1ccc2cc(CCC(C)=O)ccc2c1,CYP2A6,0
COc1ccc2cc(CCC(C)=O)ccc2c1,CYP2B6,1
COc1ccc2cc(CCC(C)=O)ccc2c1,CYP2C19,1
COc1ccc2cc(CCC(C)=O)ccc2c1,CYP2C8,0
COc1ccc2cc(CCC(C)=O)ccc2c1,CYP2C9,0
COc1ccc2cc(CCC(C)=O)ccc2c1,CYP2D6,1
COc1ccc2cc(CCC(C)=O)ccc2c1,CYP2E1,1
COc1ccc2cc(CCC(C)=O)ccc2c1,CYP3A4,0
COc1ccc2cc([C@H](C)C(=O)O)ccc2c1,CYP1A2,1
COc1ccc2cc([C@H](C)C(=O)O)ccc2c1,CYP2A6,0
COc1ccc2cc([C@H](C)C(=O)O)ccc2c1,CYP2C19,0
COc1ccc2cc([C@H](C)C(=O)O)ccc2c1,CYP2C8,1
COc1ccc2cc([C@H](C)C(=O)O)ccc2c1,CYP2C9,1
COc1ccc2cc([C@H](C)C(=O)O)ccc2c1,CYP2D6,0
COc1ccc2cc([C@H](C)C(=O)O)ccc2c1,CYP2E1,0
COc1ccc2cc([C@H](C)C(=O)O)ccc2c1,CYP3A4,0
COc1ccc2cc3[n+](cc2c1OC)CCc1cc2c(cc1-3)OCO2,CYP1A2,1
COc1ccc2cc3[n+](cc2c1OC)CCc1cc2c(cc1-3)OCO2,CYP2A6,0
COc1ccc2cc3[n+](cc2c1OC)CCc1cc2c(cc1-3)OCO2,CYP2B6,0
COc1ccc2cc3[n+](cc2c1OC)CCc1cc2c(cc1-3)OCO2,CYP2D6,1
COc1ccc2cc3[n+](cc2c1OC)CCc1cc2c(cc1-3)OCO2,CYP2E1,0
COc1ccc2cc3[n+](cc2c1OC)CCc1cc2c(cc1-3)OCO2,CYP3A4,1
COc1ccc2ccc(=O)oc2c1,CYP1A2,1
COc1ccc2ccc(=O)oc2c1,CYP2A6,1
COc1ccc2ccc(=O)oc2c1CC=C(C)C,CYP1A2,1
COc1ccc2ccc(=O)oc2c1CC=C(C)C,CYP2D6,1
COc1ccc2ccc(=O)oc2c1CC=C(C)C,CYP3A4,1
COc1ccc2cccc(CCNC(C)=O)c2c1,CYP1A2,1
COc1ccc2cccc(CCNC(C)=O)c2c1,CYP2C19,1
COc1ccc2cccc(CCNC(C)=O)c2c1,CYP3A4,1
COc1ccc2nc3ccc(=O)cc-3oc2c1,CYP1A2,1
COc1ccc2nc3ccc(=O)cc-3oc2c1,CYP2C8,0
COc1ccc2nc3ccc(=O)cc-3oc2c1,CYP2C9,0
COc1ccc2nc3ccc(=O)cc-3oc2c1,CYP2D6,0
COc1ccc2nc3ccc(=O)cc-3oc2c1,CYP2E1,1
COc1ccc2nc3ccc(=O)cc-3oc2c1,CYP3A4,0
COc1cccc(CNc2nc(Cl)nc3c2ncn3[C@@H]2O[C@H](CO)[C@@H](O)[C@H]2O)c1O,CYP1A2,0
COc1cccc(CNc2nc(Cl)nc3c2ncn3[C@@H]2O[C@H](CO)[C@@H](O)[C@H]2O)c1O,CYP2A6,0
COc1cccc(CNc2nc(Cl)nc3c2ncn3[C@@H]2O[C@H](CO)[C@@H](O)[C@H]2O)c1O,CYP2B6,0
COc1cccc(CNc2nc(Cl)nc3c2ncn3[C@@H]2O[C@H](CO)[C@@H](O)[C@H]2O)c1O,CYP2C19,0
COc1cccc(CNc2nc(Cl)nc3c2ncn3[C@@H]2O[C@H](CO)[C@@H](O)[C@H]2O)c1O,CYP2C8,0
COc1cccc(CNc2nc(Cl)nc3c2ncn3[C@@H]2O[C@H](CO)[C@@H](O)[C@H]2O)c1O,CYP2C9,0
COc1cccc(CNc2nc(Cl)nc3c2ncn3[C@@H]2O[C@H](CO)[C@@H](O)[C@H]2O)c1O,CYP2D6,0
COc1cccc(CNc2nc(Cl)nc3c2ncn3[C@@H]2O[C@H](CO)[C@@H](O)[C@H]2O)c1O,CYP2E1,0
COc1cccc(CNc2nc(Cl)nc3c2ncn3[C@@H]2O[C@H](CO)[C@@H](O)[C@H]2O)c1O,CYP3A4,0
COc1cccc(Nc2ncnn3ccc(CN4CC[C@@H](N)[C@H](O)C4)c23)c1,CYP1A2,0
COc1cccc(Nc2ncnn3ccc(CN4CC[C@@H](N)[C@H](O)C4)c23)c1,CYP2A6,0
COc1cccc(Nc2ncnn3ccc(CN4CC[C@@H](N)[C@H](O)C4)c23)c1,CYP2B6,0
COc1cccc(Nc2ncnn3ccc(CN4CC[C@@H](N)[C@H](O)C4)c23)c1,CYP2C8,0
COc1cccc(Nc2ncnn3ccc(CN4CC[C@@H](N)[C@H](O)C4)c23)c1,CYP2D6,1
COc1cccc(Nc2ncnn3ccc(CN4CC[C@@H](N)[C@H](O)C4)c23)c1,CYP2E1,0
COc1cccc(Nc2ncnn3ccc(CN4CC[C@@H](N)[C@H](O)C4)c23)c1,CYP3A4,1
COc1cccc(OC)c1-c1ccc(C[C@H](NC(=O)c2c(Cl)cccc2Cl)C(=O)O)cc1,CYP1A2,0
COc1cccc(OC)c1-c1ccc(C[C@H](NC(=O)c2c(Cl)cccc2Cl)C(=O)O)cc1,CYP2A6,0
COc1cccc(OC)c1-c1ccc(C[C@H](NC(=O)c2c(Cl)cccc2Cl)C(=O)O)cc1,CYP2B6,0
COc1cccc(OC)c1-c1ccc(C[C@H](NC(=O)c2c(Cl)cccc2Cl)C(=O)O)cc1,CYP2C19,0
COc1cccc(OC)c1-c1ccc(C[C@H](NC(=O)c2c(Cl)cccc2Cl)C(=O)O)cc1,CYP2C9,1
COc1cccc(OC)c1-c1ccc(C[C@H](NC(=O)c2c(Cl)cccc2Cl)C(=O)O)cc1,CYP2D6,0
COc1cccc(OC)c1-c1ccc(C[C@H](NC(=O)c2c(Cl)cccc2Cl)C(=O)O)cc1,CYP2E1,0
COc1cccc(OC)c1-c1ccc(C[C@H](NC(=O)c2c(Cl)cccc2Cl)C(=O)O)cc1,CYP3A4,0
COc1cccc([C@@]2(O)CCCC[C@@H]2CN(C)C)c1,CYP2B6,1
COc1cccc([C@@]2(O)CCCC[C@@H]2CN(C)C)c1,CYP2C19,1
COc1cccc([C@@]2(O)CCCC[C@@H]2CN(C)C)c1,CYP2C9,1
COc1cccc([C@@]2(O)CCCC[C@@H]2CN(C)C)c1,CYP2D6,1
COc1cccc([C@@]2(O)CCCC[C@@H]2CN(C)C)c1,CYP3A4,1
COc1cccc([C@]2(O)C[C@@H](O)CC[C@H]2CN(C)C)c1,CYP2E1,0
COc1cccc2c1C(=O)c1c(O)c3c(c(O)c1C2=O)C[C@@](O)(C(=O)CO)C[C@@H]3O[C@H]1C[C@H](N)[C@H](O)[C@H](C)O1,CYP3A4,1
COc1cccc2c1C(=O)c1c(O)c3c(c(O)c1C2=O)C[C@@](O)(C(=O)CO)C[C@@H]3O[C@H]1C[C@H](N2CCO[C@H](OC)C2)[C@H](O)[C@H](C)O1,CYP1A2,0
COc1cccc2c1C(=O)c1c(O)c3c(c(O)c1C2=O)C[C@@](O)(C(=O)CO)C[C@@H]3O[C@H]1C[C@H](N2CCO[C@H](OC)C2)[C@H](O)[C@H](C)O1,CYP2A6,0
COc1cccc2c1C(=O)c1c(O)c3c(c(O)c1C2=O)C[C@@](O)(C(=O)CO)C[C@@H]3O[C@H]1C[C@H](N2CCO[C@H](OC)C2)[C@H](O)[C@H](C)O1,CYP2B6,0
COc1cccc2c1C(=O)c1c(O)c3c(c(O)c1C2=O)C[C@@](O)(C(=O)CO)C[C@@H]3O[C@H]1C[C@H](N2CCO[C@H](OC)C2)[C@H](O)[C@H](C)O1,CYP2C19,0
COc1cccc2c1C(=O)c1c(O)c3c(c(O)c1C2=O)C[C@@](O)(C(=O)CO)C[C@@H]3O[C@H]1C[C@H](N2CCO[C@H](OC)C2)[C@H](O)[C@H](C)O1,CYP2C8,0
COc1cccc2c1C(=O)c1c(O)c3c(c(O)c1C2=O)C[C@@](O)(C(=O)CO)C[C@@H]3O[C@H]1C[C@H](N2CCO[C@H](OC)C2)[C@H](O)[C@H](C)O1,CYP2C9,0
COc1cccc2c1C(=O)c1c(O)c3c(c(O)c1C2=O)C[C@@](O)(C(=O)CO)C[C@@H]3O[C@H]1C[C@H](N2CCO[C@H](OC)C2)[C@H](O)[C@H](C)O1,CYP2D6,0
COc1cccc2c1C(=O)c1c(O)c3c(c(O)c1C2=O)C[C@@](O)(C(=O)CO)C[C@@H]3O[C@H]1C[C@H](N2CCO[C@H](OC)C2)[C@H](O)[C@H](C)O1,CYP2E1,0
COc1cccc2c1C(=O)c1c(O)c3c(c(O)c1C2=O)C[C@@](O)(C(=O)CO)C[C@@H]3O[C@H]1C[C@H](N2CCO[C@H](OC)C2)[C@H](O)[C@H](C)O1,CYP3A4,1
COc1ccccc1-c1ccc(C(=O)O)o1,CYP2B6,0
COc1ccccc1-c1ccc(NC(=O)/C(C#N)=C(/C)O)c(Cl)c1,CYP2A6,0
COc1ccccc1C(C)=O,CYP2A6,1
COc1ccccc1N1CCN(C[C@@H](O)COc2cccc3ccccc23)CC1,CYP2B6,1
COc1ccccc1N1CCN(C[C@@H](O)COc2cccc3ccccc23)CC1,CYP2C19,1
COc1ccccc1N1CCN(C[C@@H](O)COc2cccc3ccccc23)CC1,CYP2C8,1
COc1ccccc1N1CCN(C[C@@H](O)COc2cccc3ccccc23)CC1,CYP2C9,1
COc1ccccc1N1CCN(C[C@@H](O)COc2cccc3ccccc23)CC1,CYP2E1,0
COc1ccccc1N1CCN(C[C@H](O)COc2cccc3ccccc23)CC1,CYP2C19,1
COc1ccccc1N1CCN(C[C@H](O)COc2cccc3ccccc23)CC1,CYP2C9,1
COc1ccccc1N1CCN(C[C@H](O)COc2cccc3ccccc23)CC1,CYP2E1,0
COc1ccccc1NO,CYP1A2,1
COc1ccccc1NO,CYP2A6,1
COc1ccccc1NO,CYP2B6,1
COc1ccccc1NO,CYP2C19,1
COc1ccccc1NO,CYP2D6,1
COc1ccccc1NO,CYP2E1,1
COc1ccccc1NO,CYP3A4,1
COc1ccccc1O,CYP2C19,0
COc1ccccc1O,CYP3A4,0
COc1ccccc1OCC(O)CN1CCN(CC(=O)Nc2c(C)cccc2C)CC1,CYP2D6,1
COc1ccccc1OCC(O)CN1CCN(CC(=O)Nc2c(C)cccc2C)CC1,CYP3A4,1
COc1ccccc1OCCNCC(O)COc1cccc2[nH]c3ccccc3c12,CYP1A2,1
COc1ccccc1OCCNCC(O)COc1cccc2[nH]c3ccccc3c12,CYP2C9,1
COc1ccccc1OCCNCC(O)COc1cccc2[nH]c3ccccc3c12,CYP2D6,1
COc1ccccc1OCCNCC(O)COc1cccc2[nH]c3ccccc3c12,CYP2E1,1
COc1ccccc1OCCNCC(O)COc1cccc2[nH]c3ccccc3c12,CYP3A4,1
COc1ccccc1Oc1c(NS(=O)(=O)c2ccc(C(C)(C)C)cc2)nc(-c2ncccn2)nc1OCCO,CYP1A2,0
COc1ccccc1Oc1c(NS(=O)(=O)c2ccc(C(C)(C)C)cc2)nc(-c2ncccn2)nc1OCCO,CYP2C19,1
COc1ccccc1Oc1c(NS(=O)(=O)c2ccc(C(C)(C)C)cc2)nc(-c2ncccn2)nc1OCCO,CYP2C9,1
COc1ccccc1Oc1c(NS(=O)(=O)c2ccc(C(C)(C)C)cc2)nc(-c2ncccn2)nc1OCCO,CYP2D6,0
COc1ccccc1Oc1c(NS(=O)(=O)c2ccc(C(C)(C)C)cc2)nc(-c2ncccn2)nc1OCCO,CYP3A4,1
COc1ccccc1[N+](=O)[O-],CYP2B6,1
COc1ccccc1[N+](=O)[O-],CYP2C19,1
COc1ccccc1[N+](=O)[O-],CYP2C8,0
COc1ccccc1[N+](=O)[O-],CYP2C9,1
COc1ccccc1[N+](=O)[O-],CYP2E1,1
COc1ccccc1[N+](=O)[O-],CYP3A4,0
COc1ccnc(C[S+]([O-])c2nc3ccc(-n4cccc4)cc3[nH]2)c1C,CYP2A6,0
COc1ccnc(C[S+]([O-])c2nc3ccc(-n4cccc4)cc3[nH]2)c1C,CYP2C8,0
COc1ccnc(C[S+]([O-])c2nc3ccc(-n4cccc4)cc3[nH]2)c1C,CYP2C9,0
COc1ccnc(C[S+]([O-])c2nc3ccc(-n4cccc4)cc3[nH]2)c1C,CYP2D6,0
COc1ccnc(C[S+]([O-])c2nc3ccc(-n4cccc4)cc3[nH]2)c1C,CYP3A4,1
COc1ccnc(C[S+]([O-])c2nc3ccc(OC(F)F)cc3[nH]2)c1OC,CYP2C19,1
COc1ccnc(C[S+]([O-])c2nc3ccc(OC(F)F)cc3[nH]2)c1OC,CYP3A4,1
COc1ccnc2[nH]cc(-c3ccnc(N)n3)c12,CYP2A6,0
COc1cncc(-c2cccc(CNc3cccnc3N)c2)c1,CYP2B6,0
COc1cncc(-c2cccc(CNc3cccnc3N)c2)c1,CYP2E1,0
COc1nc(C(=O)NC[C@](C)(O)C(F)(F)F)c(N)cc1C(F)(F)F,CYP1A2,1
COc1nc(C(=O)NC[C@](C)(O)C(F)(F)F)c(N)cc1C(F)(F)F,CYP3A4,1
COc1nc(N)nc2c1ncn2[C@@H]1O[C@H](CO)[C@@H](O)[C@@H]1O,CYP2B6,0
COc1nc(N)nc2c1ncn2[C@H]1CC[C@@H](CO)O1,CYP2D6,0
COc1nc2ccc(Br)cc2cc1[C@@H](c1ccccc1)[C@@](O)(CCN(C)C)c1cccc2ccccc12,CYP2C19,1
COc1nc2ccc(Br)cc2cc1[C@@H](c1ccccc1)[C@@](O)(CCN(C)C)c1cccc2ccccc12,CYP2C8,1
COc1nc2ccc(Br)cc2cc1[C@@H](c1ccccc1)[C@@](O)(CCN(C)C)c1cccc2ccccc12,CYP3A4,1
COc1nccnc1CC(C)C,CYP2C19,0
COc1nnc2ccc(N3CCC(c4ccc(OCCN5CCN(C)C(=O)[C@H]5C)cc4)CC3)nn12,CYP2A6,0
COc1nnc2ccc(N3CCC(c4ccc(OCCN5CCN(C)C(=O)[C@H]5C)cc4)CC3)nn12,CYP2B6,0
CP(=O)(O)OC[C@H]1O[C@@H](n2cnc3c(N)ncnc32)[C@H](O)[C@@H]1O,CYP3A4,0
CS(=O)(=O)CC[C@H](N)C(=O)O,CYP2C9,0
CS(=O)(=O)CC[C@H](N)C(=O)O,CYP3A4,0
CS(=O)(=O)N(CC(=O)N1CCC(C(N)=O)CC1)c1cc(C(F)(F)F)ccc1Cl,CYP2A6,0
CS(=O)(=O)N(CC(=O)N1CCC(C(N)=O)CC1)c1cc(C(F)(F)F)ccc1Cl,CYP2E1,0
CS(=O)(=O)Nc1ccc(N)cc1Oc1ccccc1,CYP1A2,1
CS(=O)(=O)Nc1ccc(N)cc1Oc1ccccc1,CYP2C19,1
CS(=O)(=O)Nc1ccc([N+](=O)[O-])cc1Oc1ccccc1,CYP2C9,1
CS(=O)(=O)OC[C@@H](O)[C@@H](O)[C@H](O)[C@H](O)COS(C)(=O)=O,CYP2B6,0
CS(=O)(=O)OC[C@@H](O)[C@@H](O)[C@H](O)[C@H](O)COS(C)(=O)=O,CYP3A4,0
CS(=O)(=O)OC[C@H](O)[C@@H]1CO1,CYP2C8,1
CS(=O)(=O)c1cc(Cl)c(-c2cc(Cl)c(S(C)(=O)=O)cc2Cl)cc1Cl,CYP2E1,0
CS(=O)(=O)c1cc(F)cc2c3c(n(Cc4ccc(Cl)cc4)c12)[C@@H](CC(=O)O)CC3,CYP2A6,0
CS(=O)(=O)c1cc(F)cc2c3c(n(Cc4ccc(Cl)cc4)c12)[C@@H](CC(=O)O)CC3,CYP2C9,1
CS(=O)(=O)c1cc(F)cc2c3c(n(Cc4ccc(Cl)cc4)c12)[C@@H](CC(=O)O)CC3,CYP2D6,0
CS(=O)(=O)c1cc(F)cc2c3c(n(Cc4ccc(Cl)cc4)c12)[C@@H](CC(=O)O)CC3,CYP2E1,0
CS(=O)(=O)c1cc(F)cc2c3c(n(Cc4ccc(Cl)cc4)c12)[C@@H](CC(=O)O)CC3,CYP3A4,1
CS(=O)(=O)c1ccc(C(=O)Nc2ccc(Cl)c(-c3ccccn3)c2)c(Cl)c1,CYP2C9,1
CS(=O)(=O)c1ccc(C(=O)Nc2ccc(Cl)c(-c3ccccn3)c2)c(Cl)c1,CYP3A4,1
CS(=O)(=O)c1ccc(C2=C(c3ccccc3)C(=O)OC2)cc1,CYP1A2,1
CS(=O)(=O)c1ccc(C2=C(c3ccccc3)C(=O)OC2)cc1,CYP2C19,1
CS(=O)(=O)c1ccc(C2=C(c3ccccc3)C(=O)OC2)cc1,CYP2D6,1
CS(=O)(=O)c1ccc(C2=C(c3ccccc3)C(=O)OC2)cc1,CYP3A4,1
CS(=O)(=O)c1ccc(Oc2cc(F)cc(C#N)c2)c2c1[C@H](O)[C@H](F)[C@@H]2F,CYP2C19,1
CS(=O)(=O)c1ccc(Oc2cc(F)cc(C#N)c2)c2c1[C@H](O)[C@H](F)[C@@H]2F,CYP3A4,1
CS(C)(=O)=O,CYP2D6,0
CS(C)(=O)=O,CYP3A4,0
CSCCC(=O)C(=O)O,CYP2D6,0
CSCCC(=O)C(=O)O,CYP3A4,0
CSCCC(N)C(=O)O,CYP2C8,0
CSCCC(N)C(=O)O,CYP3A4,0
CSCCC(NC(=O)c1ccccc1)C(=O)OCC(=O)N(C)CCC#N,CYP1A2,0
CSCC[C@@H](NC(N)=O)C(=O)O,CYP2C9,0
CSCC[C@@H](NC(N)=O)C(=O)O,CYP3A4,0
CSCC[C@H](N)C1=N/C(=C\c2ccc(O)cc2)C(=O)N1CC(=O)O,CYP1A2,0
CSCC[C@H](NC(=O)NCCC1=CCCCC1)C(=O)O,CYP3A4,0
CSCC[C@H](NC(=O)NCc1cccs1)C(=O)O,CYP2B6,0
CSCC[C@H](NC(=O)[C@@H]1CCCN1C(=O)[C@H](Cc1ccc(O)cc1)NC(=O)CS)C(N)=O,CYP2A6,0
CSCC[C@H](NC(=O)[C@@H]1CCCN1C(=O)[C@H](Cc1ccc(O)cc1)NC(=O)CS)C(N)=O,CYP2D6,0
CSC[C@H](N)C(=O)O,CYP2C9,0
CSC[C@H](N)C(=O)O,CYP3A4,0
CSC[C@H]1O[C@@H](n2cnc3c(N)ncnc32)[C@H](O)[C@@H]1O,CYP2C8,0
CSC[C@H]1O[C@@H](n2cnc3c(N)ncnc32)[C@H](O)[C@@H]1O,CYP3A4,0
CSc1ccc(-n2nc(C(F)(F)F)cc2-c2ccc(C)cc2)cc1,CYP2C9,1
CSc1ccc(CC(C)(C)NC[C@@H](O)CO[C@H](C)c2ccccc2-c2ccc(C(=O)O)c(C)c2)cc1,CYP3A4,1
CSc1ccc(CC(C)(C)NC[C@@H](O)CO[C@H](C)c2ccccc2-c2ccc(C(=O)O)c(C)c2)cc1F,CYP3A4,1
CSc1ccc(OCc2ncc([N+](=O)[O-])n2C)cc1,CYP1A2,1
CSc1ccc(OCc2ncc([N+](=O)[O-])n2C)cc1,CYP2B6,1
CSc1ccc(OCc2ncc([N+](=O)[O-])n2C)cc1,CYP2C19,1
CSc1ccc(OCc2ncc([N+](=O)[O-])n2C)cc1,CYP2C8,0
CSc1ccc(OCc2ncc([N+](=O)[O-])n2C)cc1,CYP2C9,0
CSc1ccc(OCc2ncc([N+](=O)[O-])n2C)cc1,CYP2D6,1
CSc1ccc(OCc2ncc([N+](=O)[O-])n2C)cc1,CYP3A4,1
CSc1ccc2c(c1)N(CCC1CCCCN1C)c1ccccc1S2,CYP1A2,1
CSc1ccc2c(c1)N(CCC1CCCCN1C)c1ccccc1S2,CYP2A6,1
CSc1ccc2c(c1)N(CCC1CCCCN1C)c1ccccc1S2,CYP2B6,1
CSc1ccc2c(c1)N(CCC1CCCCN1C)c1ccccc1S2,CYP2C19,1
CSc1ccc2c(c1)N(CCC1CCCCN1C)c1ccccc1S2,CYP2C9,1
CSc1ccc2c(c1)N(CCC1CCCCN1C)c1ccccc1S2,CYP2D6,1
CSc1ccc2c(c1)N(CCC1CCCCN1C)c1ccccc1S2,CYP2E1,1
CSc1ccc2c(c1)N(CCC1CCCCN1C)c1ccccc1S2,CYP3A4,1
CSc1cccc(Nc2ncc3cc(-c4c(Cl)cccc4Cl)c(=O)n(C)c3n2)c1,CYP2A6,0
CSc1nc(-c2ccnc(NC(C)c3ccccc3)c2)c(-c2ccc(F)cc2)[nH]1,CYP1A2,1
CSc1nc(-c2ccnc(NC(C)c3ccccc3)c2)c(-c2ccc(F)cc2)[nH]1,CYP2C19,1
CSc1nc(-c2ccnc(NC(C)c3ccccc3)c2)c(-c2ccc(F)cc2)[nH]1,CYP2C8,1
CSc1nc(-c2ccnc(NC(C)c3ccccc3)c2)c(-c2ccc(F)cc2)[nH]1,CYP2C9,1
CSc1nc(-c2ccnc(NC(C)c3ccccc3)c2)c(-c2ccc(F)cc2)[nH]1,CYP2D6,1
CSc1nc(-c2ccnc(NC(C)c3ccccc3)c2)c(-c2ccc(F)cc2)[nH]1,CYP3A4,1
CSc1nc(NCCC(C)C)c2ncn([C@@H]3O[C@H](COP(=O)(O)O)[C@@H](O)[C@H]3O)c2n1,CYP2C9,0
CSc1nc(NCCC(C)C)c2ncn([C@@H]3O[C@H](COP(=O)(O)O)[C@@H](O)[C@H]3O)c2n1,CYP3A4,0
CSc1nc2cc(Oc3cccc(Cl)c3Cl)c(Cl)cc2[nH]1,CYP1A2,1
CSc1nc2cc(Oc3cccc(Cl)c3Cl)c(Cl)cc2[nH]1,CYP2C19,1
CSc1nc2cc(Oc3cccc(Cl)c3Cl)c(Cl)cc2[nH]1,CYP2C9,1
CSc1nc2cc(Oc3cccc(Cl)c3Cl)c(Cl)cc2[nH]1,CYP2D6,1
CSc1ncnc2c1ncn2[C@@H]1O[C@H](CO)[C@@H](O)[C@H]1O,CYP2C8,0
CSc1ncnc2c1ncn2[C@@H]1O[C@H](CO)[C@@H](O)[C@H]1O,CYP2D6,0
CSc1ncnc2c1ncn2[C@@H]1O[C@H](CO)[C@@H](O)[C@H]1O,CYP3A4,0
C[C@@H](/C=C/C(=O)C=O)NC(=O)[C@@H](Cc1ccccc1)NC(=O)OCc1ccccc1,CYP2E1,0
C[C@@H](C(N)=O)[C@H](N)c1nc2ccc(C(C)(C)C)cc2[nH]1,CYP2C8,0
C[C@@H](CNS(C)(=O)=O)c1ccc(-c2ccc([C@@H](C)CNS(C)(=O)=O)cc2)cc1,CYP2A6,0
C[C@@H](CO)C[C@H](C)[C@H](O)[C@@H](C)C(=O)C[P@H](=O)O,CYP2A6,0
C[C@@H](CO)C[C@H](C)[C@H](O)[C@@H](C)C(=O)C[P@H](=O)O,CYP2B6,0
C[C@@H](CO)C[C@H](C)[C@H](O)[C@@H](C)C(=O)C[P@H](=O)O,CYP2C9,0
C[C@@H](CO)C[C@H](C)[C@H](O)[C@@H](C)C(=O)C[P@H](=O)O,CYP3A4,0
C[C@@H](Cc1ccccc1)C(=O)O,CYP3A4,0
C[C@@H](Cc1ccccc1)N(C)Cc1ccccc1,CYP2B6,1
C[C@@H](Cc1ccccc1)N(C)Cc1ccccc1,CYP3A4,1
C[C@@H](Cc1ccccc1)NC(=O)[C@@H](N)CCCCN,CYP2A6,0
C[C@@H](NC(=O)CCCC[C@H](NC(=O)CN)C(=O)O)C(=O)O,CYP2D6,0
C[C@@H](NC(=O)CCCC[C@H](NC(=O)CN)C(=O)O)C(=O)O,CYP3A4,0
C[C@@H](NCCCC[C@H](N)C(=O)O)C(=O)O,CYP2C8,0
C[C@@H](NCCCC[C@H](N)C(=O)O)C(=O)O,CYP3A4,0
C[C@@H](NCCCc1cccc(C(F)(F)F)c1)c1cccc2ccccc12,CYP1A2,1
C[C@@H](NCCCc1cccc(C(F)(F)F)c1)c1cccc2ccccc12,CYP2D6,1
C[C@@H](NCCCc1cccc(C(F)(F)F)c1)c1cccc2ccccc12,CYP3A4,1
C[C@@H](NCCc1ccc(O)cc1)[C@@H](O)c1ccc(O)cc1,CYP2B6,0
C[C@@H](O)CCCCn1c(=O)c2c(ncn2C)n(C)c1=O,CYP1A2,1
C[C@@H](O)CCCCn1c(=O)c2c(ncn2C)n(C)c1=O,CYP2A6,1
C[C@@H](O)CCCCn1c(=O)c2c(ncn2C)n(C)c1=O,CYP2E1,0
C[C@@H](O)CCCCn1c(=O)c2c(ncn2C)n(C)c1=O,CYP3A4,1
C[C@@H](O)[C@@H](C(N)=O)N1C[C@@]2(CCCN2C(=O)OC(C)(C)C)C1=O,CYP2C8,0
C[C@@H](O)[C@@H](C(N)=O)N1C[C@@]2(CCCN2C(=O)OC(C)(C)C)C1=O,CYP2E1,0
C[C@@H](O)[C@@H](O)c1cnc2nc(N)[nH]c(=O)c2n1,CYP2B6,0
C[C@@H](O)[C@@H](O)c1cnc2nc(N)[nH]c(=O)c2n1,CYP3A4,0
C[C@@H](O)[C@H](N)C(=O)N1CCC[C@H]1C(=O)N1CCC[C@H]1C(=O)N[C@H](C(=O)O)[C@@H](C)O,CYP2C19,0
C[C@@H](O)[C@H](N)C(=O)N1CCC[C@H]1C(=O)N1CCC[C@H]1C(=O)N[C@H](C(=O)O)[C@@H](C)O,CYP3A4,0
C[C@@H](O)[C@H](N)C(=O)N1CCC[C@H]1C(=O)N1CCC[C@H]1C(=O)N[C@H](C(N)=O)[C@@H](C)O,CYP2B6,0
C[C@@H](O)[C@H](N)C1=N/C(=C\c2ccc(O)cc2)C(=O)N1CC(=O)O,CYP2C9,0
C[C@@H](O)[C@H](N)CO,CYP1A2,0
C[C@@H](O)[C@H](N)CO,CYP2C8,0
C[C@@H](O)[C@H](N)CO,CYP2E1,0
C[C@@H](O)[C@H](N)CO,CYP3A4,0
C[C@@H](O)[C@H](N)c1nccs1,CYP2A6,0
C[C@@H](O)[C@H](N)c1nccs1,CYP2C19,0
C[C@@H](O)[C@H](N)c1nccs1,CYP3A4,0
C[C@@H](O)c1ccccc1,CYP3A4,0
C[C@@H](O[C@H]1OCCN(Cc2n[nH]c(=O)[nH]2)[C@H]1c1ccc(F)cc1)c1cc(C(F)(F)F)cc(C(F)(F)F)c1,CYP1A2,1
C[C@@H](O[C@H]1OCCN(Cc2n[nH]c(=O)[nH]2)[C@H]1c1ccc(F)cc1)c1cc(C(F)(F)F)cc(C(F)(F)F)c1,CYP2A6,0
C[C@@H](O[C@H]1OCCN(Cc2n[nH]c(=O)[nH]2)[C@H]1c1ccc(F)cc1)c1cc(C(F)(F)F)cc(C(F)(F)F)c1,CYP2B6,0
C[C@@H](O[C@H]1OCCN(Cc2n[nH]c(=O)[nH]2)[C@H]1c1ccc(F)cc1)c1cc(C(F)(F)F)cc(C(F)(F)F)c1,CYP2C19,1
C[C@@H](O[C@H]1OCCN(Cc2n[nH]c(=O)[nH]2)[C@H]1c1ccc(F)cc1)c1cc(C(F)(F)F)cc(C(F)(F)F)c1,CYP2C8,0
C[C@@H](O[C@H]1OCCN(Cc2n[nH]c(=O)[nH]2)[C@H]1c1ccc(F)cc1)c1cc(C(F)(F)F)cc(C(F)(F)F)c1,CYP2C9,0
C[C@@H](O[C@H]1OCCN(Cc2n[nH]c(=O)[nH]2)[C@H]1c1ccc(F)cc1)c1cc(C(F)(F)F)cc(C(F)(F)F)c1,CYP2D6,0
C[C@@H](O[C@H]1OCCN(Cc2n[nH]c(=O)[nH]2)[C@H]1c1ccc(F)cc1)c1cc(C(F)(F)F)cc(C(F)(F)F)c1,CYP2E1,0
C[C@@H](O[C@H]1OCCN(Cc2n[nH]c(=O)[nH]2)[C@H]1c1ccc(F)cc1)c1cc(C(F)(F)F)cc(C(F)(F)F)c1,CYP3A4,1
C[C@@H](O[C@H]1OCCN(Cc2nn(P(=O)(O)O)c(=O)[nH]2)[C@H]1c1ccc(F)cc1)c1cc(C(F)(F)F)cc(C(F)(F)F)c1,CYP3A4,1
C[C@@H](O[P@H](C)=O)C(C)(C)C,CYP2D6,0
C[C@@H](O[P@H](C)=O)C(C)(C)C,CYP3A4,0
C[C@@H](c1ncncc1F)[C@](O)(Cn1cncn1)c1ccc(F)cc1F,CYP2C19,1
C[C@@H](c1ncncc1F)[C@](O)(Cn1cncn1)c1ccc(F)cc1F,CYP2C9,1
C[C@@H](c1ncncc1F)[C@](O)(Cn1cncn1)c1ccc(F)cc1F,CYP2D6,0
C[C@@H](c1ncncc1F)[C@](O)(Cn1cncn1)c1ccc(F)cc1F,CYP2E1,0
C[C@@H](c1ncncc1F)[C@](O)(Cn1cncn1)c1ccc(F)cc1F,CYP3A4,1
C[C@@H]1C(=O)C[C@@H](CC(O)O)C1(C)C,CYP3A4,0
C[C@@H]1C(=O)O[C@H]2C[C@]34[C@@H]5OC(=O)[C@]3(O[C@@H]3OC(=O)[C@H](O)[C@@]34[C@H](C(C)(C)C)[C@H]5O)[C@]21O,CYP3A4,0
C[C@@H]1C(=O)O[C@H]2[C@H](O)[C@]34[C@@H]5OC(=O)[C@]3(O[C@@H]3OC(=O)[C@H](O)[C@@]34[C@H](C(C)(C)C)[C@H]5O)[C@@]12O,CYP2C9,0
C[C@@H]1C(=O)O[C@H]2[C@H](O)[C@]34[C@@H]5OC(=O)[C@]3(O[C@@H]3OC(=O)[C@H](O)[C@@]34[C@H](C(C)(C)C)[C@H]5O)[C@@]12O,CYP3A4,0
C[C@@H]1CC2=CC(=O)CC[C@@H]2[C@H]2CC[C@@]3(C)[C@@H](CC[C@]3(C)O)[C@@H]21,CYP2A6,0
C[C@@H]1CCN(C(=O)CC#N)C[C@@H]1N(C)c1ncnc2[nH]ccc12,CYP2C19,1
C[C@@H]1CCN(C(=O)CC#N)C[C@@H]1N(C)c1ncnc2[nH]ccc12,CYP3A4,1
C[C@@H]1CCO[C@H]2Cn3cc(C(=O)NCc4ccc(F)cc4F)c(=O)c(O)c3C(=O)N12,CYP1A2,0
C[C@@H]1CCO[C@H]2Cn3cc(C(=O)NCc4ccc(F)cc4F)c(=O)c(O)c3C(=O)N12,CYP2B6,0
C[C@@H]1CCO[C@H]2Cn3cc(C(=O)NCc4ccc(F)cc4F)c(=O)c(O)c3C(=O)N12,CYP2C19,0
C[C@@H]1CCO[C@H]2Cn3cc(C(=O)NCc4ccc(F)cc4F)c(=O)c(O)c3C(=O)N12,CYP2C8,0
C[C@@H]1CCO[C@H]2Cn3cc(C(=O)NCc4ccc(F)cc4F)c(=O)c(O)c3C(=O)N12,CYP2C9,0
C[C@@H]1CCO[C@H]2Cn3cc(C(=O)NCc4ccc(F)cc4F)c(=O)c(O)c3C(=O)N12,CYP2D6,0
C[C@@H]1CCO[C@H]2Cn3cc(C(=O)NCc4ccc(F)cc4F)c(=O)c(O)c3C(=O)N12,CYP3A4,1
C[C@@H]1CC[C@@]2(OC1)O[C@H]1C[C@H]3[C@@H]4CC[C@@H]5C[C@@H](O)CC[C@]5(C)[C@H]4CC[C@]3(C)[C@H]1[C@@H]2C,CYP2B6,0
C[C@@H]1CC[C@@]2(OC1)O[C@H]1C[C@H]3[C@@H]4CC[C@@H]5C[C@@H](O)CC[C@]5(C)[C@H]4CC[C@]3(C)[C@H]1[C@@H]2C,CYP2D6,0
C[C@@H]1CC[C@@]2(OC1)O[C@H]1C[C@H]3[C@@H]4CC[C@@H]5C[C@@H](O)CC[C@]5(C)[C@H]4CC[C@]3(C)[C@H]1[C@@H]2C,CYP3A4,0
C[C@@H]1CC[C@]2(C(=O)O)CC[C@]3(C)C(=CC[C@@H]4[C@@]5(C)CC[C@H](O)[C@@](C)(CO)[C@@H]5CC[C@]43C)[C@@H]2[C@]1(C)O,CYP1A2,0
C[C@@H]1CC[C@]2(C(=O)O)CC[C@]3(C)C(=CC[C@@H]4[C@@]5(C)CC[C@H](O)[C@@](C)(CO)[C@@H]5CC[C@]43C)[C@@H]2[C@]1(C)O,CYP2B6,0
C[C@@H]1CC[C@]2(C(=O)O)CC[C@]3(C)C(=CC[C@@H]4[C@@]5(C)CC[C@H](O)[C@@](C)(CO)[C@@H]5CC[C@]43C)[C@@H]2[C@]1(C)O,CYP2C19,0
C[C@@H]1CC[C@]2(C(=O)O)CC[C@]3(C)C(=CC[C@@H]4[C@@]5(C)CC[C@H](O)[C@@](C)(CO)[C@@H]5CC[C@]43C)[C@@H]2[C@]1(C)O,CYP2C9,0
C[C@@H]1CC[C@]2(C(=O)O)CC[C@]3(C)C(=CC[C@@H]4[C@@]5(C)CC[C@H](O)[C@@](C)(CO)[C@@H]5CC[C@]43C)[C@@H]2[C@]1(C)O,CYP2D6,0
C[C@@H]1CC[C@]2(C(=O)O)CC[C@]3(C)C(=CC[C@@H]4[C@@]5(C)CC[C@H](O)[C@@](C)(CO)[C@@H]5CC[C@]43C)[C@@H]2[C@]1(C)O,CYP3A4,1
C[C@@H]1CC[C@]2(C(=O)O[C@@H]3O[C@H](CO)[C@@H](O)[C@H](O)[C@H]3O)CC[C@]3(C)C(=CC[C@@H]4[C@@]5(C)CC[C@H](O)[C@@](C)(CO)[C@@H]5CC[C@]43C)[C@@H]2[C@]1(C)O,CYP1A2,0
C[C@@H]1CC[C@]2(C(=O)O[C@@H]3O[C@H](CO)[C@@H](O)[C@H](O)[C@H]3O)CC[C@]3(C)C(=CC[C@@H]4[C@@]5(C)CC[C@H](O)[C@@](C)(CO)[C@@H]5CC[C@]43C)[C@@H]2[C@]1(C)O,CYP2B6,0
C[C@@H]1CC[C@]2(C(=O)O[C@@H]3O[C@H](CO)[C@@H](O)[C@H](O)[C@H]3O)CC[C@]3(C)C(=CC[C@@H]4[C@@]5(C)CC[C@H](O)[C@@](C)(CO)[C@@H]5CC[C@]43C)[C@@H]2[C@]1(C)O,CYP2C19,0
C[C@@H]1CC[C@]2(C(=O)O[C@@H]3O[C@H](CO)[C@@H](O)[C@H](O)[C@H]3O)CC[C@]3(C)C(=CC[C@@H]4[C@@]5(C)CC[C@H](O)[C@@](C)(CO)[C@@H]5CC[C@]43C)[C@@H]2[C@]1(C)O,CYP2C8,1
C[C@@H]1CC[C@]2(C(=O)O[C@@H]3O[C@H](CO)[C@@H](O)[C@H](O)[C@H]3O)CC[C@]3(C)C(=CC[C@@H]4[C@@]5(C)CC[C@H](O)[C@@](C)(CO)[C@@H]5CC[C@]43C)[C@@H]2[C@]1(C)O,CYP2C9,0
C[C@@H]1CC[C@]2(C(=O)O[C@@H]3O[C@H](CO)[C@@H](O)[C@H](O)[C@H]3O)CC[C@]3(C)C(=CC[C@@H]4[C@@]5(C)CC[C@H](O)[C@@](C)(CO)[C@@H]5CC[C@]43C)[C@@H]2[C@]1(C)O,CYP2D6,0
C[C@@H]1CC[C@]2(C(=O)O[C@@H]3O[C@H](CO)[C@@H](O)[C@H](O)[C@H]3O)CC[C@]3(C)C(=CC[C@@H]4[C@@]5(C)CC[C@H](O)[C@@](C)(CO)[C@@H]5CC[C@]43C)[C@@H]2[C@]1(C)O,CYP3A4,1
C[C@@H]1COCCN1c1cc(C2([S@@+](C)[O-])CC2)nc(-c2cncc3[nH]ccc23)n1,CYP1A2,0
C[C@@H]1COCCN1c1cc(C2([S@@+](C)[O-])CC2)nc(-c2cncc3[nH]ccc23)n1,CYP2A6,0
C[C@@H]1COCCN1c1cc(C2([S@@+](C)[O-])CC2)nc(-c2cncc3[nH]ccc23)n1,CYP2B6,0
C[C@@H]1COCCN1c1cc(C2([S@@+](C)[O-])CC2)nc(-c2cncc3[nH]ccc23)n1,CYP2C19,0
C[C@@H]1COCCN1c1cc(C2([S@@+](C)[O-])CC2)nc(-c2cncc3[nH]ccc23)n1,CYP2C9,0
C[C@@H]1COCCN1c1cc(C2([S@@+](C)[O-])CC2)nc(-c2cncc3[nH]ccc23)n1,CYP2D6,0
C[C@@H]1COCCN1c1cc(C2([S@@+](C)[O-])CC2)nc(-c2cncc3[nH]ccc23)n1,CYP2E1,0
C[C@@H]1COCCN1c1cc(C2([S@@+](C)[O-])CC2)nc(-c2cncc3[nH]ccc23)n1,CYP3A4,1
C[C@@H]1COCCN1c1cc(C2([S@](C)(=N)=O)CC2)nc(-c2cncc3[nH]ccc23)n1,CYP1A2,0
C[C@@H]1COCCN1c1cc(C2([S@](C)(=N)=O)CC2)nc(-c2cncc3[nH]ccc23)n1,CYP2A6,0
C[C@@H]1COCCN1c1cc(C2([S@](C)(=N)=O)CC2)nc(-c2cncc3[nH]ccc23)n1,CYP2B6,0
C[C@@H]1COCCN1c1cc(C2([S@](C)(=N)=O)CC2)nc(-c2cncc3[nH]ccc23)n1,CYP2C19,0
C[C@@H]1COCCN1c1cc(C2([S@](C)(=N)=O)CC2)nc(-c2cncc3[nH]ccc23)n1,CYP2C8,1
C[C@@H]1COCCN1c1cc(C2([S@](C)(=N)=O)CC2)nc(-c2cncc3[nH]ccc23)n1,CYP2C9,0
C[C@@H]1COCCN1c1cc(C2([S@](C)(=N)=O)CC2)nc(-c2cncc3[nH]ccc23)n1,CYP2D6,0
C[C@@H]1COCCN1c1cc(C2([S@](C)(=N)=O)CC2)nc(-c2cncc3[nH]ccc23)n1,CYP2E1,0
C[C@@H]1C[C@@H](N(C)O)N[C@H]1C(=O)O,CYP2D6,0
C[C@@H]1C[C@@H](N(C)O)N[C@H]1C(=O)O,CYP3A4,0
C[C@@H]1C[C@@H](NO)N[C@H]1C(=O)O,CYP2D6,0
C[C@@H]1C[C@@H](NO)N[C@H]1C(=O)O,CYP3A4,0
C[C@@H]1C[C@@]2(C)[C@@H](CC[C@@H]3[C@@H]2CC[C@]2(C)[C@@H](O)CC[C@@H]32)CC1=O,CYP2B6,0
C[C@@H]1C[C@H](C)CN(C(=O)c2cc(Br)ccc2N)C1,CYP2E1,0
C[C@@H]1C[C@H](C)CN(C(=O)c2cc(Br)ccc2NC(=O)CCC(=O)O)C1,CYP2B6,0
C[C@@H]1C[C@H](N)N[C@H]1C(=O)O,CYP2C8,0
C[C@@H]1C[C@H](N)N[C@H]1C(=O)O,CYP3A4,0
C[C@@H]1C[C@H](O)[C@@H](O)[C@@H](O)O1,CYP3A4,0
C[C@@H]1C[C@H](S(=O)(=O)O)N[C@H]1C(=O)O,CYP1A2,0
C[C@@H]1C[C@H](S(=O)(=O)O)N[C@H]1C(=O)O,CYP2C8,0
C[C@@H]1C[C@H]2OC(=O)[C@@]3(C)CCC[C@@](C)([C@@H]23)[C@@]1(O)CCc1ccoc1,CYP2C19,1
C[C@@H]1C[C@H]2OC(=O)[C@@]3(C)CCC[C@@](C)([C@@H]23)[C@@]1(O)CCc1ccoc1,CYP2C9,1
C[C@@H]1C[C@H]2OC(=O)[C@@]3(C)CCC[C@@](C)([C@@H]23)[C@@]1(O)CCc1ccoc1,CYP3A4,1
C[C@@H]1C[C@H]2[C@@H]3CCC4=CC(=O)C=C[C@]4(C)C3=CC[C@]2(C)[C@@]1(O)C(=O)CO,CYP2C8,1
C[C@@H]1C[C@H]2[C@@H]3CCC4=CC(=O)C=C[C@]4(C)C3=CC[C@]2(C)[C@@]1(O)C(=O)CO,CYP3A4,1
C[C@@H]1C[C@H]2[C@@H]3CCC4=CC(=O)C=C[C@]4(C)[C@@]3(Cl)[C@@H](O)C[C@]2(C)[C@@]1(OC(=O)c1ccco1)C(=O)CCl,CYP3A4,1
C[C@@H]1C[C@H]2[C@@H]3CCC4=CC(=O)C=C[C@]4(C)[C@@]3(F)[C@@H](O)C[C@]2(C)C1=O,CYP3A4,1
C[C@@H]1C[C@H]2[C@@H]3CCC4=CC(=O)C=C[C@]4(C)[C@@]3(F)[C@@H](O)C[C@]2(C)[C@@]1(O)C(=O)CO,CYP3A4,1
C[C@@H]1C[C@H]2[C@@H]3C[C@H](F)C4=CC(=O)C=C[C@]4(C)[C@@]3(Cl)[C@@H](O)C[C@]2(C)[C@H]1C(=O)CO,CYP2B6,0
C[C@@H]1C[C@H]2[C@@H]3C[C@H](F)C4=CC(=O)C=C[C@]4(C)[C@@]3(F)[C@@H](O)C[C@]2(C)[C@@]1(OC(=O)c1ccco1)C(=O)SCF,CYP3A4,1
C[C@@H]1C[C@H]2[C@@H]3C[C@H](F)C4=CC(=O)C=C[C@]4(C)[C@@]3(F)[C@@H](O)C[C@]2(C)[C@H]1C(=O)COC(=O)C(C)(C)C,CYP2D6,0
C[C@@H]1C[C@H]2[C@@H]3C[C@H](F)C4=CC(=O)C=C[C@]4(C)[C@H]3[C@@H](O)C[C@]2(C)[C@H]1C(=O)COC(=O)C(C)(C)C,CYP2A6,0
C[C@@H]1Cc2c(Cl)cc(C(=O)N[C@@H](Cc3ccccc3)C(=O)O)c(O)c2C(=O)O1,CYP1A2,1
C[C@@H]1Cc2c(Cl)cc(C(=O)N[C@@H](Cc3ccccc3)C(=O)O)c(O)c2C(=O)O1,CYP2C9,1
C[C@@H]1Cc2c(Cl)cc(C(=O)N[C@@H](Cc3ccccc3)C(=O)O)c(O)c2C(=O)O1,CYP3A4,1
C[C@@H]1Cc2c([nH]c3ccccc23)[C@@H](c2c(F)cc(/C=C/C(=O)O)cc2F)N1CC(C)(C)F,CYP1A2,0
C[C@@H]1Cc2c([nH]c3ccccc23)[C@@H](c2c(F)cc(/C=C/C(=O)O)cc2F)N1CC(C)(C)F,CYP2A6,0
C[C@@H]1Cc2c([nH]c3ccccc23)[C@@H](c2c(F)cc(/C=C/C(=O)O)cc2F)N1CC(C)(C)F,CYP2C19,0
C[C@@H]1Cc2c([nH]c3ccccc23)[C@@H](c2c(F)cc(/C=C/C(=O)O)cc2F)N1CC(C)(C)F,CYP2C8,1
C[C@@H]1Cc2c([nH]c3ccccc23)[C@@H](c2c(F)cc(/C=C/C(=O)O)cc2F)N1CC(C)(C)F,CYP2C9,0
C[C@@H]1Cc2c([nH]c3ccccc23)[C@@H](c2c(F)cc(/C=C/C(=O)O)cc2F)N1CC(C)(C)F,CYP2D6,0
C[C@@H]1Cc2c([nH]c3ccccc23)[C@@H](c2c(F)cc(/C=C/C(=O)O)cc2F)N1CC(C)(C)F,CYP2E1,0
C[C@@H]1Cc2c([nH]c3ccccc23)[C@@H](c2c(F)cc(/C=C/C(=O)O)cc2F)N1CC(C)(C)F,CYP3A4,0
C[C@@H]1OC(=O)N[C@@H]1C(=O)N[C@@H](Cc1cscn1)C(=O)N1CCC[C@H]1C,CYP1A2,0
C[C@@H]1OC(=O)N[C@@H]1C(=O)N[C@@H](Cc1cscn1)C(=O)N1CCC[C@H]1C,CYP2A6,0
C[C@@H]1OC(=O)N[C@@H]1C(=O)N[C@@H](Cc1cscn1)C(=O)N1CCC[C@H]1C,CYP2B6,0
C[C@@H]1OC(=O)N[C@@H]1C(=O)N[C@@H](Cc1cscn1)C(=O)N1CCC[C@H]1C,CYP2C19,0
C[C@@H]1OC(=O)N[C@@H]1C(=O)N[C@@H](Cc1cscn1)C(=O)N1CCC[C@H]1C,CYP2C8,0
C[C@@H]1OC(=O)N[C@@H]1C(=O)N[C@@H](Cc1cscn1)C(=O)N1CCC[C@H]1C,CYP2C9,0
C[C@@H]1OC(=O)N[C@@H]1C(=O)N[C@@H](Cc1cscn1)C(=O)N1CCC[C@H]1C,CYP2D6,0
C[C@@H]1OC(=O)N[C@@H]1C(=O)N[C@@H](Cc1cscn1)C(=O)N1CCC[C@H]1C,CYP2E1,0
C[C@@H]1OC(=O)N[C@@H]1C(=O)N[C@@H](Cc1cscn1)C(=O)N1CCC[C@H]1C,CYP3A4,1
C[C@@H]1OC(=O)[C@H](C)OC1=O,CYP1A2,0
C[C@@H]1OC(=O)[C@H](C)OC1=O,CYP3A4,0
C[C@@H]1OC(c2ccccc2O)=N[C@H]1[C@H](O)CC(=O)O,CYP2C9,0
C[C@@H]1OC(c2ccccc2O)=N[C@H]1[C@H](O)[C@H](O)C(=O)NC(CO)CO,CYP2A6,0
C[C@@H]1OC(c2ccccc2O)=N[C@H]1[C@H](O)[C@H](O)C(=O)NC(CO)CO,CYP2D6,0
C[C@@H]1O[C@@H](O[C@@H]2C=C3CC[C@@H]4[C@H](CC[C@]5(C)[C@@H](c6ccc(=O)oc6)CC[C@]45O)[C@@]3(C)CC2)[C@H](O)[C@H](O)[C@H]1O,CYP2C19,0
C[C@@H]1O[C@@H](O[C@@H]2C=C3CC[C@@H]4[C@H](CC[C@]5(C)[C@@H](c6ccc(=O)oc6)CC[C@]45O)[C@@]3(C)CC2)[C@H](O)[C@H](O)[C@H]1O,CYP2D6,0
C[C@@H]1O[C@@H](O[C@@H]2[C@@H](O)[C@H](OCCc3ccc(O)c(O)c3)O[C@H](CO)[C@H]2OC(=O)/C=C/c2ccc(O)c(O)c2)[C@H](O)[C@H](O)[C@H]1O,CYP1A2,0
C[C@@H]1O[C@@H](O[C@@H]2[C@@H](O)[C@H](OCCc3ccc(O)c(O)c3)O[C@H](CO)[C@H]2OC(=O)/C=C/c2ccc(O)c(O)c2)[C@H](O)[C@H](O)[C@H]1O,CYP2A6,0
C[C@@H]1O[C@@H](O[C@@H]2[C@@H](O)[C@H](OCCc3ccc(O)c(O)c3)O[C@H](CO)[C@H]2OC(=O)/C=C/c2ccc(O)c(O)c2)[C@H](O)[C@H](O)[C@H]1O,CYP2B6,0
C[C@@H]1O[C@@H](O[C@@H]2[C@@H](O)[C@H](OCCc3ccc(O)c(O)c3)O[C@H](CO)[C@H]2OC(=O)/C=C/c2ccc(O)c(O)c2)[C@H](O)[C@H](O)[C@H]1O,CYP2C19,0
C[C@@H]1O[C@@H](O[C@@H]2[C@@H](O)[C@H](OCCc3ccc(O)c(O)c3)O[C@H](CO)[C@H]2OC(=O)/C=C/c2ccc(O)c(O)c2)[C@H](O)[C@H](O)[C@H]1O,CYP2C8,0
C[C@@H]1O[C@@H](O[C@@H]2[C@@H](O)[C@H](OCCc3ccc(O)c(O)c3)O[C@H](CO)[C@H]2OC(=O)/C=C/c2ccc(O)c(O)c2)[C@H](O)[C@H](O)[C@H]1O,CYP2C9,0
C[C@@H]1O[C@@H](O[C@@H]2[C@@H](O)[C@H](OCCc3ccc(O)c(O)c3)O[C@H](CO)[C@H]2OC(=O)/C=C/c2ccc(O)c(O)c2)[C@H](O)[C@H](O)[C@H]1O,CYP2D6,0
C[C@@H]1O[C@@H](O[C@@H]2[C@@H](O)[C@H](OCCc3ccc(O)c(O)c3)O[C@H](CO)[C@H]2OC(=O)/C=C/c2ccc(O)c(O)c2)[C@H](O)[C@H](O)[C@H]1O,CYP2E1,0
C[C@@H]1O[C@@H](O[C@@H]2[C@@H](O)[C@H](OCCc3ccc(O)c(O)c3)O[C@H](CO)[C@H]2OC(=O)/C=C/c2ccc(O)c(O)c2)[C@H](O)[C@H](O)[C@H]1O,CYP3A4,0
C[C@@H]1O[C@@H]1P(=O)(O)O,CYP3A4,0
C[C@@H]1[C@H](c2c(F)ccc(F)c2F)C[C@H](NC(=O)c2cnc3c(c2)C[C@@]2(C3)C(=O)Nc3ncccc32)C(=O)N1CC(F)(F)F,CYP2D6,1
C[C@@H]1[C@H](c2c(F)ccc(F)c2F)C[C@H](NC(=O)c2cnc3c(c2)C[C@@]2(C3)C(=O)Nc3ncccc32)C(=O)N1CC(F)(F)F,CYP3A4,1
C[C@@H]1[C@H](c2ccccc2)C[C@H](NC(=O)c2cnc3c(c2)C[C@@]2(C3)C(=O)Nc3ncccc32)C(=O)N1CC(F)(F)F,CYP3A4,1
C[C@@](Cc1ccc(O)c(O)c1)(NN)C(=O)O,CYP1A2,0
C[C@@](Cc1ccc(OP(=O)(O)O)c(O)c1)(NN)C(=O)O,CYP2B6,0
C[C@@](N)(C(=O)O)c1ccc(C(=O)O)cc1,CYP2C19,0
C[C@@](N)(C(=O)O)c1ccc(C(=O)O)cc1,CYP3A4,0
C[C@@]1(COc2ccc(N3CCC(Oc4ccc(OC(F)(F)F)cc4)CC3)cc2)OC(N)=NC1O,CYP1A2,0
C[C@@]1(COc2ccc(N3CCC(Oc4ccc(OC(F)(F)F)cc4)CC3)cc2)OC(N)=NC1O,CYP2A6,0
C[C@@]1(COc2ccc(N3CCC(Oc4ccc(OC(F)(F)F)cc4)CC3)cc2)OC(N)=NC1O,CYP2B6,0
C[C@@]1(COc2ccc(N3CCC(Oc4ccc(OC(F)(F)F)cc4)CC3)cc2)OC(N)=NC1O,CYP2C19,0
C[C@@]1(COc2ccc(N3CCC(Oc4ccc(OC(F)(F)F)cc4)CC3)cc2)OC(N)=NC1O,CYP2C8,0
C[C@@]1(COc2ccc(N3CCC(Oc4ccc(OC(F)(F)F)cc4)CC3)cc2)OC(N)=NC1O,CYP2C9,0
C[C@@]1(COc2ccc(N3CCC(Oc4ccc(OC(F)(F)F)cc4)CC3)cc2)OC(N)=NC1O,CYP2D6,0
C[C@@]1(COc2ccc(N3CCC(Oc4ccc(OC(F)(F)F)cc4)CC3)cc2)OC(N)=NC1O,CYP2E1,0
C[C@@]1(O)/C(=C2/C(=O)Nc3ccc(S(=O)(=O)N4CCC(O)CC4)cc32)Nc2ccccc21,CYP2B6,0
C[C@@]1(O)/C(=C2/C(=O)Nc3ccc(S(=O)(=O)N4CCC(O)CC4)cc32)Nc2ccccc21,CYP2C8,0
C[C@@]1(O)OC[C@H](O)C1(O)O,CYP3A4,0
C[C@@]1(O)[C@H](O)[C@@H](CO)O[C@H]1n1ccc(N)nc1=O,CYP3A4,0
C[C@@]12C[C@@H](c3ccoc3)OC(=O)[C@@H]1CC[C@]1(C)[C@H]2[C@@H]2C=C[C@@]1(O)C(=O)O2,CYP1A2,0
C[C@@]12C[C@@H](c3ccoc3)OC(=O)[C@@H]1CC[C@]1(C)[C@H]2[C@@H]2C=C[C@@]1(O)C(=O)O2,CYP2B6,0
C[C@@]12C[C@@H](c3ccoc3)OC(=O)[C@@H]1CC[C@]1(C)[C@H]2[C@@H]2C=C[C@@]1(O)C(=O)O2,CYP2C8,0
C[C@@]12C[C@@H](c3ccoc3)OC(=O)[C@@H]1CC[C@]1(C)[C@H]2[C@@H]2C=C[C@@]1(O)C(=O)O2,CYP2C9,0
C[C@@]12C[C@@H](c3ccoc3)OC(=O)[C@@H]1CC[C@]1(C)[C@H]2[C@@H]2C=C[C@@]1(O)C(=O)O2,CYP2D6,0
C[C@@]12C[C@@H](c3ccoc3)OC(=O)[C@@H]1CC[C@]1(C)[C@H]2[C@@H]2C=C[C@@]1(O)C(=O)O2,CYP2E1,0
C[C@@]12C[C@@H](c3ccoc3)OC(=O)[C@@H]1CC[C@]1(C)[C@H]2[C@@H]2C=C[C@@]1(O)C(=O)O2,CYP3A4,1
C[C@@]12C[C@H](c3ccoc3)O[C@@]13C[C@H](OC3=O)[C@H]1[C@H]2C[C@@H]2C[C@H]1C(=O)O2,CYP1A2,0
C[C@@]12C[C@H](c3ccoc3)O[C@@]13C[C@H](OC3=O)[C@H]1[C@H]2C[C@@H]2C[C@H]1C(=O)O2,CYP2B6,0
C[C@@]12C[C@H](c3ccoc3)O[C@@]13C[C@H](OC3=O)[C@H]1[C@H]2C[C@@H]2C[C@H]1C(=O)O2,CYP2C19,0
C[C@@]12C[C@H](c3ccoc3)O[C@@]13C[C@H](OC3=O)[C@H]1[C@H]2C[C@@H]2C[C@H]1C(=O)O2,CYP2C9,0
C[C@@]12C[C@H](c3ccoc3)O[C@@]13C[C@H](OC3=O)[C@H]1[C@H]2C[C@@H]2C[C@H]1C(=O)O2,CYP2D6,0
C[C@@]12C[C@H](c3ccoc3)O[C@@]13C[C@H](OC3=O)[C@H]1[C@H]2C[C@@H]2C[C@H]1C(=O)O2,CYP2E1,0
C[C@@]12C[C@H](c3ccoc3)O[C@@]13C[C@H](OC3=O)[C@H]1[C@H]2C[C@@H]2C[C@H]1C(=O)O2,CYP3A4,1
C[C@H](C#Cc1ccc(Cc2ccc(F)cc2)s1)N(O)C(N)=O,CYP1A2,1
C[C@H](C#Cc1ccc(Cc2ccc(F)cc2)s1)N(O)C(N)=O,CYP2C19,1
C[C@H](C#Cc1ccc(Cc2ccc(F)cc2)s1)N(O)C(N)=O,CYP2C9,1
C[C@H](C#Cc1ccc(Cc2ccc(F)cc2)s1)N(O)C(N)=O,CYP2D6,1
C[C@H](C#Cc1ccc(Cc2ccc(F)cc2)s1)N(O)C(N)=O,CYP2E1,1
C[C@H](C#Cc1ccc(Cc2ccc(F)cc2)s1)N(O)C(N)=O,CYP3A4,1
C[C@H](C#Cc1ccc(Cc2ccc(F)cc2)s1)NC(N)=O,CYP1A2,1
C[C@H](C#Cc1ccc(Cc2ccc(F)cc2)s1)NC(N)=O,CYP2C19,1
C[C@H](C#Cc1ccc(Cc2ccc(F)cc2)s1)NC(N)=O,CYP2C9,1
C[C@H](C#Cc1ccc(Cc2ccc(F)cc2)s1)NC(N)=O,CYP2D6,1
C[C@H](C#Cc1ccc(Cc2ccc(F)cc2)s1)NC(N)=O,CYP2E1,1
C[C@H](C#Cc1ccc(Cc2ccc(F)cc2)s1)NC(N)=O,CYP3A4,1
C[C@H](C(=O)O)[C@@H](N)C(=O)O,CYP2C8,0
C[C@H](C(=O)O)[C@@H](N)C(=O)O,CYP3A4,0
C[C@H](C1=c2cc(NC(N)=O)ccc2=NC1=O)c1ccc[nH]1,CYP2C8,0
C[C@H](C1=c2cc(O)ccc2=NC1=O)c1ccc[nH]1,CYP2C8,0
C[C@H](C1=c2cc(O)ccc2=NC1=O)c1ccc[nH]1,CYP2E1,0
C[C@H](C=O)CC1CC1,CYP2D6,0
C[C@H](C=O)CC1CC1,CYP3A4,0
C[C@H](C=O)Cc1csc(N)n1,CYP2A6,0
C[C@H](CCC(=O)NCC(=O)O)[C@H]1CC[C@H]2[C@@H]3CC[C@@H]4C[C@H](O)CC[C@]4(C)[C@H]3CC[C@]12C,CYP3A4,1
C[C@H](CCC(=O)NCC(=O)O)[C@H]1CC[C@H]2[C@@H]3CC[C@@H]4C[C@H](O)CC[C@]4(C)[C@H]3C[C@H](O)[C@]12C,CYP3A4,1
C[C@H](CCC(=O)NCC(=O)O)[C@H]1CC[C@H]2[C@@H]3[C@@H](O)C[C@@H]4C[C@H](O)CC[C@]4(C)[C@H]3CC[C@]12C,CYP3A4,1
C[C@H](CCC(=O)NCC(=O)O)[C@H]1CC[C@H]2[C@@H]3[C@H](O)C[C@@H]4C[C@H](O)CC[C@]4(C)[C@H]3CC[C@]12C,CYP3A4,1
C[C@H](CCC(=O)NCC(=O)O)[C@H]1CC[C@H]2[C@@H]3[C@H](O)C[C@@H]4C[C@H](O)CC[C@]4(C)[C@H]3C[C@H](O)[C@]12C,CYP2C8,0
C[C@H](CCC(=O)NCCS(=O)(=O)O)[C@H]1CC[C@H]2[C@@H]3CC[C@@H]4C[C@H](O)CC[C@]4(C)[C@H]3CC[C@]12C,CYP3A4,1
C[C@H](CCC(=O)NCCS(=O)(=O)O)[C@H]1CC[C@H]2[C@@H]3CC[C@@H]4C[C@H](O)CC[C@]4(C)[C@H]3C[C@H](O)[C@]12C,CYP3A4,1
C[C@H](CCC(=O)NCCS(=O)(=O)O)[C@H]1CC[C@H]2[C@@H]3[C@@H](O)C[C@@H]4C[C@H](O)CC[C@]4(C)[C@H]3CC[C@]12C,CYP3A4,1
C[C@H](CCC(=O)NCCS(=O)(=O)O)[C@H]1CC[C@H]2[C@@H]3[C@H](O)C[C@@H]4C[C@H](O)CC[C@]4(C)[C@H]3CC[C@]12C,CYP1A2,0
C[C@H](CCC(=O)NCCS(=O)(=O)O)[C@H]1CC[C@H]2[C@@H]3[C@H](O)C[C@@H]4C[C@H](O)CC[C@]4(C)[C@H]3CC[C@]12C,CYP2A6,0
C[C@H](CCC(=O)NCCS(=O)(=O)O)[C@H]1CC[C@H]2[C@@H]3[C@H](O)C[C@@H]4C[C@H](O)CC[C@]4(C)[C@H]3CC[C@]12C,CYP2B6,0
C[C@H](CCC(=O)NCCS(=O)(=O)O)[C@H]1CC[C@H]2[C@@H]3[C@H](O)C[C@@H]4C[C@H](O)CC[C@]4(C)[C@H]3CC[C@]12C,CYP2C19,0
C[C@H](CCC(=O)NCCS(=O)(=O)O)[C@H]1CC[C@H]2[C@@H]3[C@H](O)C[C@@H]4C[C@H](O)CC[C@]4(C)[C@H]3CC[C@]12C,CYP2C8,0
C[C@H](CCC(=O)NCCS(=O)(=O)O)[C@H]1CC[C@H]2[C@@H]3[C@H](O)C[C@@H]4C[C@H](O)CC[C@]4(C)[C@H]3CC[C@]12C,CYP2C9,0
C[C@H](CCC(=O)NCCS(=O)(=O)O)[C@H]1CC[C@H]2[C@@H]3[C@H](O)C[C@@H]4C[C@H](O)CC[C@]4(C)[C@H]3CC[C@]12C,CYP2D6,0
C[C@H](CCC(=O)NCCS(=O)(=O)O)[C@H]1CC[C@H]2[C@@H]3[C@H](O)C[C@@H]4C[C@H](O)CC[C@]4(C)[C@H]3CC[C@]12C,CYP2E1,0
C[C@H](CCC(=O)NCCS(=O)(=O)O)[C@H]1CC[C@H]2[C@@H]3[C@H](O)C[C@@H]4C[C@H](O)CC[C@]4(C)[C@H]3CC[C@]12C,CYP3A4,1
C[C@H](CCC(=O)O)[C@H]1CC[C@H]2[C@@H]3CC[C@@H]4C[C@H](O)CC[C@]4(C)[C@H]3CC[C@]12C,CYP1A2,0
C[C@H](CCC(=O)O)[C@H]1CC[C@H]2[C@@H]3CC[C@@H]4C[C@H](O)CC[C@]4(C)[C@H]3CC[C@]12C,CYP2A6,0
C[C@H](CCC(=O)O)[C@H]1CC[C@H]2[C@@H]3CC[C@@H]4C[C@H](O)CC[C@]4(C)[C@H]3CC[C@]12C,CYP2B6,0
C[C@H](CCC(=O)O)[C@H]1CC[C@H]2[C@@H]3CC[C@@H]4C[C@H](O)CC[C@]4(C)[C@H]3CC[C@]12C,CYP2C19,0
C[C@H](CCC(=O)O)[C@H]1CC[C@H]2[C@@H]3CC[C@@H]4C[C@H](O)CC[C@]4(C)[C@H]3CC[C@]12C,CYP2C8,0
C[C@H](CCC(=O)O)[C@H]1CC[C@H]2[C@@H]3CC[C@@H]4C[C@H](O)CC[C@]4(C)[C@H]3CC[C@]12C,CYP2C9,0
C[C@H](CCC(=O)O)[C@H]1CC[C@H]2[C@@H]3CC[C@@H]4C[C@H](O)CC[C@]4(C)[C@H]3CC[C@]12C,CYP2D6,0
C[C@H](CCC(=O)O)[C@H]1CC[C@H]2[C@@H]3CC[C@@H]4C[C@H](O)CC[C@]4(C)[C@H]3CC[C@]12C,CYP2E1,0
C[C@H](CCC(=O)O)[C@H]1CC[C@H]2[C@@H]3CC[C@@H]4C[C@H](O)CC[C@]4(C)[C@H]3CC[C@]12C,CYP3A4,1
C[C@H](CCC(=O)O)[C@H]1CC[C@H]2[C@@H]3CC[C@@H]4C[C@H](O)CC[C@]4(C)[C@H]3C[C@H](O)[C@]12C,CYP1A2,0
C[C@H](CCC(=O)O)[C@H]1CC[C@H]2[C@@H]3CC[C@@H]4C[C@H](O)CC[C@]4(C)[C@H]3C[C@H](O)[C@]12C,CYP2A6,0
C[C@H](CCC(=O)O)[C@H]1CC[C@H]2[C@@H]3CC[C@@H]4C[C@H](O)CC[C@]4(C)[C@H]3C[C@H](O)[C@]12C,CYP2B6,0
C[C@H](CCC(=O)O)[C@H]1CC[C@H]2[C@@H]3CC[C@@H]4C[C@H](O)CC[C@]4(C)[C@H]3C[C@H](O)[C@]12C,CYP2C19,0
C[C@H](CCC(=O)O)[C@H]1CC[C@H]2[C@@H]3CC[C@@H]4C[C@H](O)CC[C@]4(C)[C@H]3C[C@H](O)[C@]12C,CYP2C9,0
C[C@H](CCC(=O)O)[C@H]1CC[C@H]2[C@@H]3CC[C@@H]4C[C@H](O)CC[C@]4(C)[C@H]3C[C@H](O)[C@]12C,CYP2D6,0
C[C@H](CCC(=O)O)[C@H]1CC[C@H]2[C@@H]3CC[C@@H]4C[C@H](O)CC[C@]4(C)[C@H]3C[C@H](O)[C@]12C,CYP3A4,1
C[C@H](CCC(=O)O)[C@H]1CC[C@H]2[C@@H]3[C@@H](O)C[C@@H]4C[C@H](O)CC[C@]4(C)[C@H]3CC[C@]12C,CYP3A4,1
C[C@H](CCC(=O)O)[C@H]1CC[C@H]2[C@@H]3[C@H](O)C[C@@H]4C[C@H](O)CC[C@]4(C)[C@H]3CC[C@]12C,CYP2C8,0
C[C@H](CCC(=O)O)[C@H]1CC[C@H]2[C@@H]3[C@H](O)C[C@@H]4C[C@H](O)CC[C@]4(C)[C@H]3CC[C@]12C,CYP2C9,0
C[C@H](CCC(=O)O)[C@H]1CC[C@H]2[C@@H]3[C@H](O)C[C@@H]4C[C@H](O)CC[C@]4(C)[C@H]3CC[C@]12C,CYP2E1,0
C[C@H](CCC(=O)O)[C@H]1CC[C@H]2[C@@H]3[C@H](O)C[C@@H]4C[C@H](O)CC[C@]4(C)[C@H]3CC[C@]12C,CYP3A4,1
C[C@H](CCC(=O)O)[C@H]1CC[C@H]2[C@@H]3[C@H](O)C[C@@H]4C[C@H](O)CC[C@]4(C)[C@H]3C[C@H](O)[C@]12C,CYP1A2,0
C[C@H](CCC(=O)O)[C@H]1CC[C@H]2[C@@H]3[C@H](O)C[C@@H]4C[C@H](O)CC[C@]4(C)[C@H]3C[C@H](O)[C@]12C,CYP2A6,0
C[C@H](CCC(=O)O)[C@H]1CC[C@H]2[C@@H]3[C@H](O)C[C@@H]4C[C@H](O)CC[C@]4(C)[C@H]3C[C@H](O)[C@]12C,CYP2B6,0
C[C@H](CCC(=O)O)[C@H]1CC[C@H]2[C@@H]3[C@H](O)C[C@@H]4C[C@H](O)CC[C@]4(C)[C@H]3C[C@H](O)[C@]12C,CYP2C19,0
C[C@H](CCC(=O)O)[C@H]1CC[C@H]2[C@@H]3[C@H](O)C[C@@H]4C[C@H](O)CC[C@]4(C)[C@H]3C[C@H](O)[C@]12C,CYP2C8,0
C[C@H](CCC(=O)O)[C@H]1CC[C@H]2[C@@H]3[C@H](O)C[C@@H]4C[C@H](O)CC[C@]4(C)[C@H]3C[C@H](O)[C@]12C,CYP2C9,0
C[C@H](CCC(=O)O)[C@H]1CC[C@H]2[C@@H]3[C@H](O)C[C@@H]4C[C@H](O)CC[C@]4(C)[C@H]3C[C@H](O)[C@]12C,CYP2D6,0
C[C@H](CCC(=O)O)[C@H]1CC[C@H]2[C@@H]3[C@H](O)C[C@@H]4C[C@H](O)CC[C@]4(C)[C@H]3C[C@H](O)[C@]12C,CYP2E1,0
C[C@H](CCC(=O)O)[C@H]1CC[C@H]2[C@@H]3[C@H](O)C[C@@H]4C[C@H](O)CC[C@]4(C)[C@H]3C[C@H](O)[C@]12C,CYP3A4,1
C[C@H](CCCC(C)(C)O)[C@H]1CC[C@H]2[C@@H]3CC=C4C[C@@H](OS(=O)(=O)O)CC[C@]4(C)[C@H]3CC[C@]12C,CYP2C19,0
C[C@H](CCCC(C)(C)O)[C@H]1CC[C@H]2[C@@H]3CC=C4C[C@@H](OS(=O)(=O)O)CC[C@]4(C)[C@H]3CC[C@]12C,CYP2C8,0
C[C@H](CCCC(C)(C)O)[C@H]1CC[C@H]2[C@@H]3CC=C4C[C@@H](OS(=O)(=O)O)CC[C@]4(C)[C@H]3CC[C@]12C,CYP3A4,0
C[C@H](CF)C[C@H](N)C(=O)O,CYP2C9,0
C[C@H](CF)C[C@H](N)C(=O)O,CYP3A4,0
C[C@H](CO)N1C[C@H](C)[C@@H](CN(C)S(=O)(=O)c2cccs2)Oc2ccc(NC(=O)c3ccncc3)cc2C1=O,CYP2A6,0
C[C@H](CO)N1C[C@H](C)[C@@H](CN(C)S(=O)(=O)c2cccs2)Oc2ccc(NC(=O)c3ccncc3)cc2C1=O,CYP2C8,0
C[C@H](Cc1ccc(O)c(O)c1)[C@@H](C)Cc1ccc(O)c(O)c1,CYP2D6,0
C[C@H](Cc1ccccc1O)C(=O)O,CYP3A4,0
C[C@H](Cn1cnc2c(N)ncnc21)OCP(=O)(O)O,CYP2C8,0
C[C@H](N)C(=O)NS(=O)(=O)OC[C@H]1O[C@@H](n2cnc3c(N)ncnc32)[C@H](O)[C@@H]1O,CYP2C19,0
C[C@H](N)C(=O)N[C@@H](C)C(=O)N[C@@H](Cc1ccccc1)[C@@H](C)O,CYP2B6,0
C[C@H](N)C(=O)N[C@@H](C)C(=O)N[C@@H](Cc1ccccc1)[C@@H](C)O,CYP2D6,0
C[C@H](N)C(=O)O,CYP2D6,0
C[C@H](N)C(=O)O,CYP3A4,0
C[C@H](N)C(=O)c1nnc(C(C)(C)C)o1,CYP2C9,0
C[C@H](N)Cc1cccc(O)c1,CYP3A4,0
C[C@H](N)[C@@H](CCCCCC(=O)O)NC(=O)OP(=O)(O)O,CYP2C19,0
C[C@H](N)[C@@H](CCCCCC(=O)O)NC(=O)OP(=O)(O)O,CYP2C9,0
C[C@H](N)[C@H](O)c1ccc(O)c(O)c1,CYP2C19,0
C[C@H](N)c1ccc([C@H](O)CNC(C)(C)C)cc1,CYP2E1,0
C[C@H](NC(=O)OCc1ccccc1)C(=O)NC[P@@](=O)(O)O[C@@H](Cc1ccccc1)C(=O)O,CYP2C9,0
C[C@H](NC(=O)OCc1ccccc1)C(=O)N[C@@H](C)[P@@](=O)(O)O[C@@H](Cc1ccccc1)C(=O)O,CYP2E1,0
C[C@H](NC(=O)[C@@H](CC(=O)NO)Cc1ccccc1)C(=O)O,CYP3A4,0
C[C@H](NC(=O)[C@H](CCC(=O)O)NC(=O)CCCC[C@@H]1CCSS1)C(=O)O,CYP2C9,0
C[C@H](NC(=O)[C@H](CCC(=O)O)NC(=O)CCCC[C@@H]1CCSS1)C(=O)O,CYP3A4,0
C[C@H](NC(=O)[C@H](Cc1ccccc1)NC(=O)[C@H](S)Cc1ccccc1)C(=O)O,CYP2D6,0
C[C@H](NCc1ccc(OCc2cccc(F)c2)cc1)C(N)=O,CYP2C19,1
C[C@H](NCc1ccc(OCc2cccc(F)c2)cc1)C(N)=O,CYP3A4,1
C[C@H](N[C@@H](CCc1ccccc1)C(=O)O)C(=O)N1[C@H](C(=O)O)C[C@@H]2CCC[C@@H]21,CYP2D6,0
C[C@H](Nc1ccc(C#N)n(C)c1=O)c1cc2cc(Cl)ccc2[nH]c1=O,CYP1A2,1
C[C@H](Nc1ccc(C#N)n(C)c1=O)c1cc2cc(Cl)ccc2[nH]c1=O,CYP2C19,1
C[C@H](Nc1ccc(C#N)n(C)c1=O)c1cc2cc(Cl)ccc2[nH]c1=O,CYP2C8,1
C[C@H](Nc1ccc(C#N)n(C)c1=O)c1cc2cc(Cl)ccc2[nH]c1=O,CYP2C9,1
C[C@H](Nc1ccc(C#N)n(C)c1=O)c1cc2cc(Cl)ccc2[nH]c1=O,CYP3A4,1
C[C@H](O)C(=O)C1=Nc2c([nH]c(N)nc2=O)NC1,CYP3A4,0
C[C@H](O)C(=O)[C@@]1(C)CC[C@H]2[C@@H]3CCC4=CC(=O)CCC4=C3CC[C@@]21C,CYP2D6,0
C[C@H](O)C=O,CYP2C9,0
C[C@H](O)C=O,CYP3A4,0
C[C@H](O)CC1=C[C@H](O)[C@@H](C)OC1=O,CYP2D6,0
C[C@H](O)CN,CYP2D6,0
C[C@H](O)CN,CYP3A4,0
C[C@H](O)C[C@](C)(O)CO,CYP1A2,0
C[C@H](O)C[C@](C)(O)CO,CYP3A4,0
C[C@H](O)[C@@H](N)Cc1ccccc1,CYP2C8,0
C[C@H](O)[C@@H](O)[C@@H](O)[C@H](O)CO,CYP2A6,0
C[C@H](O)[C@@H](O)[C@@H](O)[C@H](O)CO,CYP3A4,0
C[C@H](O)[C@H](O)C1=Nc2c([nH]c(N)nc2=O)NC1,CYP3A4,0
C[C@H](O)[C@H](O)[C@H]1CNc2nc(N)nc(N)c2N1,CYP2B6,0
C[C@H](O)[C@H](O)[C@H]1CNc2nc(N)nc(N)c2N1,CYP3A4,0
C[C@H](OP(=O)(O)O)[C@@H](N)C(=O)O,CYP2A6,0
C[C@H](OP(=O)(O)O)[C@@H](N)C(=O)O,CYP3A4,0
C[C@H]1C(=O)O[C@@H]2CCN3CC=C(COC(=O)[C@](C)(O)[C@]1(C)O)[C@H]23,CYP2A6,1
C[C@H]1C(=O)O[C@@H]2CCN3CC=C(COC(=O)[C@](C)(O)[C@]1(C)O)[C@H]23,CYP2B6,1
C[C@H]1C(=O)O[C@@H]2CCN3CC=C(COC(=O)[C@](C)(O)[C@]1(C)O)[C@H]23,CYP2E1,1
C[C@H]1C=C(c2csc(SC3=C(C(=O)O)N4C(=O)[C@H]([C@@H](C)O)[C@H]4[C@H]3C)n2)CN1,CYP2C9,0
C[C@H]1C=C(c2csc(SC3=C(C(=O)O)N4C(=O)[C@H]([C@@H](C)O)[C@H]4[C@H]3C)n2)CN1,CYP2D6,0
C[C@H]1CC(=O)C[C@@H]2CC[C@H]3[C@@H]4CC[C@H](O)[C@@]4(C)CC[C@@H]3[C@]21C,CYP2C19,0
C[C@H]1CC(=O)C[C@@H]2CC[C@H]3[C@@H]4CC[C@H](O)[C@@]4(C)CC[C@@H]3[C@]21C,CYP2D6,0
C[C@H]1CC(CN)(CC(=O)O)C[C@@H]1C,CYP3A4,0
C[C@H]1CC=CC(=O)O1,CYP1A2,0
C[C@H]1CCC/C=C/[C@@H]2C[C@H](O)C[C@H]2[C@H](O)/C=C/C(=O)O1,CYP1A2,0
C[C@H]1CCC/C=C/[C@@H]2C[C@H](O)C[C@H]2[C@H](O)/C=C/C(=O)O1,CYP3A4,0
C[C@H]1CCCC(=O)CCC/C=C/c2cc(O)cc(O)c2C(=O)O1,CYP2C8,1
C[C@H]1CCCC(=O)CCC/C=C/c2cc(O)cc(O)c2C(=O)O1,CYP3A4,1
C[C@H]1CCC[C@@]2(O[C@H](CCO)C[C@H](O)[C@H]2O)O1,CYP1A2,0
C[C@H]1CCC[C@@]2(O[C@H](CCO)C[C@H](O)[C@H]2O)O1,CYP3A4,0
C[C@H]1CC[C@@H]2[C@@H](C)[C@H]3[C@H](C[C@H]4[C@@H]5CC=C6C[C@@H](O)CC[C@]6(C)[C@H]5CC[C@]34C)N2C1,CYP1A2,0
C[C@H]1CC[C@@H]2[C@@H](C)[C@H]3[C@H](C[C@H]4[C@@H]5CC=C6C[C@@H](O)CC[C@]6(C)[C@H]5CC[C@]34C)N2C1,CYP2A6,0
C[C@H]1CC[C@@H]2[C@@H](C)[C@H]3[C@H](C[C@H]4[C@@H]5CC=C6C[C@@H](O)CC[C@]6(C)[C@H]5CC[C@]34C)N2C1,CYP2B6,0
C[C@H]1CC[C@@H]2[C@@H](C)[C@H]3[C@H](C[C@H]4[C@@H]5CC=C6C[C@@H](O)CC[C@]6(C)[C@H]5CC[C@]34C)N2C1,CYP2C19,0
C[C@H]1CC[C@@H]2[C@@H](C)[C@H]3[C@H](C[C@H]4[C@@H]5CC=C6C[C@@H](O)CC[C@]6(C)[C@H]5CC[C@]34C)N2C1,CYP2C8,0
C[C@H]1CC[C@@H]2[C@@H](C)[C@H]3[C@H](C[C@H]4[C@@H]5CC=C6C[C@@H](O)CC[C@]6(C)[C@H]5CC[C@]34C)N2C1,CYP2C9,0
C[C@H]1CC[C@@H]2[C@@H](C)[C@H]3[C@H](C[C@H]4[C@@H]5CC=C6C[C@@H](O)CC[C@]6(C)[C@H]5CC[C@]34C)N2C1,CYP2D6,1
C[C@H]1CC[C@@H]2[C@@H](C)[C@H]3[C@H](C[C@H]4[C@@H]5CC=C6C[C@@H](O)CC[C@]6(C)[C@H]5CC[C@]34C)N2C1,CYP2E1,0
C[C@H]1CC[C@@]2(O[C@@H](CCO)C[C@H](O)[C@H]2O)O1,CYP2C19,0
C[C@H]1CC[C@@]2(O[C@@H](CCO)C[C@H](O)[C@H]2O)O1,CYP3A4,0
C[C@H]1CN(c2ccc3nc(-c4ccc(F)cc4)c(-c4ccncc4)n3n2)CCN1,CYP3A4,1
C[C@H]1CN(c2ccc3nc(-c4ccccc4)c(-c4ccncc4)n3n2)CCN1,CYP2D6,1
C[C@H]1CN(c2ccc3nc(-c4ccccc4)c(-c4ccncc4)n3n2)CCN1,CYP3A4,1
C[C@H]1CNCCc2ccc(Cl)cc21,CYP2B6,1
C[C@H]1CNCCc2ccc(Cl)cc21,CYP2C19,1
C[C@H]1CNCCc2ccc(Cl)cc21,CYP2D6,1
C[C@H]1COC2=C1C(=O)C(=O)c1c2ccc2c1CCCC2(C)C,CYP1A2,1
C[C@H]1COC2=C1C(=O)C(=O)c1c2ccc2c1CCCC2(C)C,CYP2A6,1
C[C@H]1COC2=C1C(=O)C(=O)c1c2ccc2c1CCCC2(C)C,CYP2C19,1
C[C@H]1COC2=C1C(=O)C(=O)c1c2ccc2c1CCCC2(C)C,CYP2C9,0
C[C@H]1COC2=C1C(=O)C(=O)c1c2ccc2c1CCCC2(C)C,CYP3A4,1
C[C@H]1C[C@@H]2[C@H]([C@@H](O)C[C@@]3(C)[C@H]2CC[C@]3(O)C(=O)CO)[C@@]2(C)C=CC(=O)C=C12,CYP3A4,1
C[C@H]1C[C@H]2[C@@H]3CCC4=CC(=O)C=C[C@]4(C)[C@@]3(F)[C@@H](O)C[C@]2(C)[C@@]1(O)C(=O)CO,CYP3A4,1
C[C@H]1Cc2c([nH]c3cc(Cl)c(F)cc23)[C@@]2(N1)C(=O)Nc1ccc(Cl)cc12,CYP1A2,0
C[C@H]1Cc2c([nH]c3cc(Cl)c(F)cc23)[C@@]2(N1)C(=O)Nc1ccc(Cl)cc12,CYP2A6,0
C[C@H]1Cc2c([nH]c3cc(Cl)c(F)cc23)[C@@]2(N1)C(=O)Nc1ccc(Cl)cc12,CYP2B6,0
C[C@H]1Cc2c([nH]c3cc(Cl)c(F)cc23)[C@@]2(N1)C(=O)Nc1ccc(Cl)cc12,CYP2C19,1
C[C@H]1Cc2c([nH]c3cc(Cl)c(F)cc23)[C@@]2(N1)C(=O)Nc1ccc(Cl)cc12,CYP2C8,0
C[C@H]1Cc2c([nH]c3cc(Cl)c(F)cc23)[C@@]2(N1)C(=O)Nc1ccc(Cl)cc12,CYP2C9,1
C[C@H]1Cc2c([nH]c3cc(Cl)c(F)cc23)[C@@]2(N1)C(=O)Nc1ccc(Cl)cc12,CYP2D6,0
C[C@H]1Cc2c([nH]c3cc(Cl)c(F)cc23)[C@@]2(N1)C(=O)Nc1ccc(Cl)cc12,CYP2E1,0
C[C@H]1Cc2c([nH]c3cc(Cl)c(F)cc23)[C@@]2(N1)C(=O)Nc1ccc(Cl)cc12,CYP3A4,1
C[C@H]1OC(=O)[C@@H]2C[C@@H]3C[C@H](NC(=O)OCCO)CC[C@H]3[C@H](/C=C/c3ccc(-c4cccc(F)c4)cn3)[C@H]12,CYP3A4,1
C[C@H]1O[C@@H](O)CC[C@@H]1O,CYP2C9,0
C[C@H]1O[C@@H](O)[C@H](O)[C@@H](O)[C@@H]1N,CYP2C8,0
C[C@H]1O[C@@H](O)[C@H](O)[C@@H](O)[C@@H]1N,CYP2C9,0
C[C@H]1O[C@@H](n2cc(F)c(=O)[nH]c2=O)[C@H](O)[C@@H]1O,CYP2C9,0
C[C@H]1O[C@@H](n2ccc(=O)[nH]c2=O)C[C@@H]1O,CYP3A4,0
C[C@H]1O[C@@H](n2cnc3c(N)ncnc32)C[C@@H]1OP(=O)(O)O,CYP3A4,0
C[C@H]1O[C@H](O)[C@H](O)C[C@H]1O,CYP3A4,0
C[C@H]1O[C@H](O)[C@H](O)[C@@H](O)[C@@H]1N[C@H]1C=C(CO)[C@@H](O)[C@H](O)[C@H]1O,CYP2D6,0
C[C@H]1O[C@H](O)[C@H](O)[C@@H](O)[C@@H]1N[C@H]1C=C(CO)[C@@H](O)[C@H](O)[C@H]1O,CYP3A4,0
C[C@H]1O[C@]2(CS1)CN1CCC2CC1,CYP2C9,1
C[C@H]1O[C@]2(CS1)CN1CCC2CC1,CYP2D6,1
C[C@H]1O[C@]2(CS1)CN1CCC2CC1,CYP3A4,1
C[C@H]1Oc2cc(cnc2N)-c2c(nn(C)c2C#N)CN(C)C(=O)c2ccc(F)cc21,CYP2C19,1
C[C@H]1Oc2cc(cnc2N)-c2c(nn(C)c2C#N)CN(C)C(=O)c2ccc(F)cc21,CYP2C8,1
C[C@H]1Oc2cc(cnc2N)-c2c(nn(C)c2C#N)CN(C)C(=O)c2ccc(F)cc21,CYP3A4,1
C[C@H]1[C@@H](O)O[C@@H]2O[C@@]3(C)CC[C@H]4[C@H](C)CC[C@@H]1[C@@]24OO3,CYP2C9,0
C[C@H]1[C@H](C)CC[C@]2(C(=O)O)CC[C@]3(C)C(=CC[C@@H]4[C@@]5(C)C[C@@H](O)[C@H](O)[C@@](C)(CO)[C@@H]5CC[C@]43C)[C@H]12,CYP2C8,0
C[C@H]1[C@H](C)CC[C@]2(C(=O)O)CC[C@]3(C)C(=CC[C@@H]4[C@@]5(C)C[C@@H](O)[C@H](O)[C@@](C)(CO)[C@@H]5[C@H](O)C[C@]43C)[C@H]12,CYP2A6,0
C[C@H]1[C@H](C)CC[C@]2(C(=O)O)CC[C@]3(C)C(=CC[C@@H]4[C@@]5(C)C[C@@H](O)[C@H](O)[C@@](C)(CO)[C@@H]5[C@H](O)C[C@]43C)[C@H]12,CYP2D6,0
C[C@H]1[C@H](C)CC[C@]2(C(=O)O)CC[C@]3(C)C(=CC[C@@H]4[C@@]5(C)C[C@@H](O)[C@H](O)[C@@](C)(CO)[C@@H]5[C@H](O)C[C@]43C)[C@H]12,CYP3A4,0
C[C@H]1[C@H](NC(=O)/C(=N\OC(C)(C)C(=O)O)c2csc(N)n2)C(=O)N1S(=O)(=O)O,CYP2C19,0
C[C@H]1[C@H](NC(=O)/C(=N\OC(C)(C)C(=O)O)c2csc(N)n2)C(=O)N1S(=O)(=O)O,CYP2C9,0
C[C@H]1[C@H](NC(=O)/C(=N\OC(C)(C)C(=O)O)c2csc(N)n2)C(=O)N1S(=O)(=O)O,CYP3A4,0
C[C@H]1[C@H](OC(=O)CCC(=O)O)O[C@@H]2O[C@@]3(C)CC[C@H]4[C@H](C)CC[C@@H]1[C@@]24OO3,CYP2A6,1
C[C@](O)(COc1c(F)c(F)c(F)c(F)c1F)C(=O)Nc1ccc([N+](=O)[O-])c(C(F)(F)F)c1,CYP2E1,0
C[C@](O)(COc1ccc(C#N)cc1)C(=O)Nc1ccc(C#N)c(C(F)(F)F)c1,CYP2E1,0
C[C@](O)(COc1ccc(Cl)c(F)c1)C(=O)Nc1ccc(C#N)c(C(F)(F)F)c1,CYP2A6,0
C[C@](O)(COc1ccc([N+](=O)[O-])cc1)[C@@H](O)Nc1ccc(C#N)c(C(F)(F)F)c1,CYP2C8,0
C[C@](O)(COc1ccc([N+](=O)[O-])cc1)[C@@H](O)Nc1ccc(C#N)c(C(F)(F)F)c1,CYP2E1,0
C[C@](O)(c1ccc(C(=O)N(C2CC2)[C@H]2CC[C@H](c3cccnc3)CC2)cc1)C(F)(F)F,CYP2C19,0
C[C@](O)(c1ccc(C(=O)N(C2CC2)[C@H]2CC[C@H](c3cccnc3)CC2)cc1)C(F)(F)F,CYP2C8,0
C[C@](O[C@@H]1CC(C(=O)O)=C[C@@H](OP(=O)(O)O)[C@H]1O)(OP(=O)(O)O)C(=O)O,CYP2B6,0
C[C@](O[C@@H]1CC(C(=O)O)=C[C@@H](OP(=O)(O)O)[C@H]1O)(OP(=O)(O)O)C(=O)O,CYP3A4,0
C[C@]1(C(=O)O)OC[C@H]2O[C@@H](O)[C@@H](O)[C@@H](O)[C@@H]2O1,CYP2C9,0
C[C@]1(CCc2ccoc2)[C@H](CO)CC[C@H]2C(C(=O)O)=C[C@H](O)C[C@@H]21,CYP1A2,0
C[C@]1(CCc2ccoc2)[C@H](CO)CC[C@H]2C(C(=O)O)=C[C@H](O)C[C@@H]21,CYP2B6,0
C[C@]1(CCc2ccoc2)[C@H](CO)CC[C@H]2C(C(=O)O)=C[C@H](O)C[C@@H]21,CYP2C19,0
C[C@]1(CCc2ccoc2)[C@H](CO)CC[C@H]2C(C(=O)O)=C[C@H](O)C[C@@H]21,CYP2C9,1
C[C@]1(CCc2ccoc2)[C@H](CO)CC[C@H]2C(C(=O)O)=C[C@H](O)C[C@@H]21,CYP3A4,1
C[C@]1(COc2ccc(N3CCC(Oc4ccc(OC(F)(F)F)cc4)CC3)cc2)CN=C(N)O1,CYP1A2,0
C[C@]1(COc2ccc(N3CCC(Oc4ccc(OC(F)(F)F)cc4)CC3)cc2)CN=C(N)O1,CYP2A6,0
C[C@]1(COc2ccc(N3CCC(Oc4ccc(OC(F)(F)F)cc4)CC3)cc2)CN=C(N)O1,CYP2B6,0
C[C@]1(COc2ccc(N3CCC(Oc4ccc(OC(F)(F)F)cc4)CC3)cc2)CN=C(N)O1,CYP2C19,0
C[C@]1(COc2ccc(N3CCC(Oc4ccc(OC(F)(F)F)cc4)CC3)cc2)CN=C(N)O1,CYP2C8,0
C[C@]1(COc2ccc(N3CCC(Oc4ccc(OC(F)(F)F)cc4)CC3)cc2)CN=C(N)O1,CYP2C9,0
C[C@]1(O)CC[C@H]2[C@@H]3CCC4=CC(=O)CCC4=C3C=C[C@@]21C,CYP1A2,0
C[C@]1(OP(=O)(O)O)O[C@H](CO)[C@@H](O)[C@H](O)[C@H]1O,CYP1A2,0
C[C@]1(OP(=O)(O)O)O[C@H](CO)[C@@H](O)[C@H](O)[C@H]1O,CYP3A4,0
C[C@]1(c2nc3c(C(N)=O)cccc3[nH]2)CCCN1,CYP2A6,0
C[C@]1(c2nc3c(C(N)=O)cccc3[nH]2)CCCN1,CYP2B6,0
C[C@]1(c2nc3c(C(N)=O)cccc3[nH]2)CCCN1,CYP2C8,0
C[C@]1(c2nc3c(C(N)=O)cccc3[nH]2)CCCN1,CYP2C9,0
C[C@]1(c2nc3c(C(N)=O)cccc3[nH]2)CCCN1,CYP2D6,1
C[C@]1(c2nc3c(C(N)=O)cccc3[nH]2)CCCN1,CYP2E1,0
C[C@]12C=CC(=O)C(Cl)=C1CC[C@@H]1[C@@H]2CC[C@@]2(C)[C@H]1CC[C@]2(C)O,CYP2B6,0
C[C@]12C=CC(=O)C(Cl)=C1CC[C@@H]1[C@@H]2CC[C@@]2(C)[C@H]1CC[C@]2(C)O,CYP2C9,0
C[C@]12C=CC(=O)C(Cl)=C1CC[C@@H]1[C@@H]2CC[C@@]2(C)[C@H]1CC[C@]2(C)O,CYP3A4,1
C[C@]12C=CC(=O)C=C1CC[C@@H]1[C@@H]2CC[C@@]2(C)[C@H]1CC[C@]2(C)O,CYP2B6,0
C[C@]12C=CC(=O)C=C1CC[C@@H]1[C@@H]2CC[C@@]2(C)[C@H]1CC[C@]2(C)O,CYP2C9,0
C[C@]12C=CC(=O)C=C1CC[C@@H]1[C@@H]2CC[C@@]2(C)[C@H]1CC[C@]2(C)O,CYP3A4,1
C[C@]12C=CC(=O)C=C1CC[C@@H]1[C@@H]2[C@@H](O)C[C@@]2(C)[C@H]1CC[C@]2(O)C(=O)CO,CYP1A2,0
C[C@]12C=CC(=O)C=C1CC[C@@H]1[C@@H]2[C@@H](O)C[C@@]2(C)[C@H]1CC[C@]2(O)C(=O)CO,CYP2A6,0
C[C@]12C=CC(=O)C=C1CC[C@@H]1[C@@H]2[C@@H](O)C[C@@]2(C)[C@H]1CC[C@]2(O)C(=O)CO,CYP2B6,0
C[C@]12C=CC(=O)C=C1CC[C@@H]1[C@@H]2[C@@H](O)C[C@@]2(C)[C@H]1CC[C@]2(O)C(=O)CO,CYP2C19,0
C[C@]12C=CC(=O)C=C1CC[C@@H]1[C@@H]2[C@@H](O)C[C@@]2(C)[C@H]1CC[C@]2(O)C(=O)CO,CYP2C8,0
C[C@]12C=CC(=O)C=C1CC[C@@H]1[C@@H]2[C@@H](O)C[C@@]2(C)[C@H]1CC[C@]2(O)C(=O)CO,CYP2C9,0
C[C@]12C=CC(=O)C=C1CC[C@@H]1[C@@H]2[C@@H](O)C[C@@]2(C)[C@H]1CC[C@]2(O)C(=O)CO,CYP2D6,0
C[C@]12C=CC(=O)C=C1CC[C@@H]1[C@@H]2[C@@H](O)C[C@@]2(C)[C@H]1CC[C@]2(O)C(=O)CO,CYP2E1,0
C[C@]12C=CC(=O)C=C1CC[C@@H]1[C@@H]2[C@@H](O)C[C@@]2(C)[C@H]1CC[C@]2(O)C(=O)CO,CYP3A4,1
C[C@]12C=CC(=O)C=C1CC[C@@H]1[C@@H]2[C@@H](O)C[C@@]2(C)[C@H]1CC[C@]2(O)C(=O)COC(=O)CCC(=O)O,CYP2C9,0
C[C@]12C=CC(=O)C=C1CC[C@@H]1[C@@H]2[C@@H](O)C[C@@]2(C)[C@H]1CC[C@]2(O)C(=O)COC(=O)CCC(=O)O,CYP2D6,0
C[C@]12C=CC(=O)C=C1CC[C@@H]1[C@@H]2[C@@H](O)C[C@@]2(C)[C@H]1CC[C@]2(O)C(=O)OCCl,CYP2A6,0
C[C@]12C=CC(=O)C=C1CC[C@@H]1[C@@H]2[C@@H](O)C[C@@]2(C)[C@H]1CC[C@]2(O)C(=O)OCCl,CYP2C8,0
C[C@]12C=CC(=O)C=C1CC[C@@H]1[C@@H]2[C@@H](O)C[C@@]2(C)[C@H]1C[C@H]1O[C@@H](C3CCCCC3)O[C@]12C(=O)CO,CYP2B6,1
C[C@]12C=CC(=O)C=C1CC[C@@H]1[C@@H]2[C@@H](O)C[C@@]2(C)[C@H]1C[C@H]1O[C@@H](C3CCCCC3)O[C@]12C(=O)CO,CYP2D6,1
C[C@]12C=CC(=O)C=C1CC[C@@H]1[C@@H]2[C@@H](O)C[C@@]2(C)[C@H]1C[C@H]1O[C@@H](C3CCCCC3)O[C@]12C(=O)CO,CYP3A4,1
C[C@]12C=CC(=O)C=C1[C@@H](F)C[C@H]1[C@@H]3C[C@@H](O)[C@](O)(C(=O)CO)[C@@]3(C)C[C@H](O)[C@@]12F,CYP2C9,0
C[C@]12C=CC(=O)C[C@@H]1CC[C@@H]1[C@@H]2CC[C@@]2(C)[C@H]1CC[C@]2(C)O,CYP2C9,0
C[C@]12C=CC(=O)C[C@@H]1CC[C@@H]1[C@@H]2CC[C@@]2(C)[C@H]1CC[C@]2(C)O,CYP2D6,0
C[C@]12C=CC(=O)C[C@@H]1CC[C@@H]1[C@@H]2CC[C@]2(C)[C@@H](O)CC[C@@H]12,CYP2C8,0
C[C@]12C=CC3=C4CCC(=O)C=C4CC[C@H]3[C@@H]1CC[C@@H]2O,CYP2D6,0
C[C@]12CCC(=O)C=C1CC[C@@H]1[C@@H]2CC[C@@]2(C)[C@H]1CC[C@]2(C)O,CYP2C9,0
C[C@]12CCC(=O)C=C1CC[C@@H]1[C@@H]2CC[C@@]2(C)[C@H]1CC[C@]2(C)O,CYP3A4,1
C[C@]12CCC(=O)C=C1CC[C@@H]1[C@@H]2CC[C@]2(C)C(=O)CC[C@@H]12,CYP1A2,0
C[C@]12CCC(=O)C=C1CC[C@@H]1[C@@H]2CC[C@]2(C)C(=O)CC[C@@H]12,CYP2A6,0
C[C@]12CCC(=O)C=C1CC[C@@H]1[C@@H]2CC[C@]2(C)C(=O)CC[C@@H]12,CYP2B6,0
C[C@]12CCC(=O)C=C1CC[C@@H]1[C@@H]2CC[C@]2(C)C(=O)CC[C@@H]12,CYP2C9,0
C[C@]12CCC(=O)C=C1CC[C@@H]1[C@@H]2CC[C@]2(C)C(=O)CC[C@@H]12,CYP2D6,0
C[C@]12CCC(=O)C=C1CC[C@@H]1[C@@H]2CC[C@]2(C)C(=O)CC[C@@H]12,CYP2E1,0
C[C@]12CCC(=O)C=C1CC[C@@H]1[C@@H]2CC[C@]2(C)C(=O)CC[C@@H]12,CYP3A4,1
C[C@]12CCC(=O)C=C1CC[C@@H]1[C@@H]2[C@@H](O)C[C@@]2(C)[C@H]1CC[C@]2(O)C(=O)CO,CYP3A4,1
C[C@]12CCC(=O)C[C@@H]1CC[C@@H]1[C@@H]2CC[C@]2(C)[C@@H](O)CC[C@@H]12,CYP3A4,1
C[C@]12CCC3=C4CCC(=O)C=C4CC[C@H]3[C@@H]1CC[C@@]2(O)CC#N,CYP3A4,1
C[C@]12CCCN1CC1=NNC(=O)c3cc(F)cc4[nH]c2c1c34,CYP2C8,1
C[C@]12CCCN1CC1=NNC(=O)c3cc(F)cc4[nH]c2c1c34,CYP2D6,1
C[C@]12CCCN1CC1=NNC(=O)c3cc(F)cc4[nH]c2c1c34,CYP3A4,1
C[C@]12CC[C@@H](O)C[C@@H]1CC[C@@H]1[C@@H]2CC[C@]2(C)[C@@H](O)CC[C@@H]12,CYP2D6,0
C[C@]12CC[C@@H]3c4cc(O)c(O)cc4CC[C@H]3[C@@H]1CC[C@@H]2O,CYP3A4,0
C[C@]12CC[C@@H]3c4ccc(O)cc4CC[C@H]3[C@@H]1CCC2=O,CYP1A2,1
C[C@]12CC[C@@H]3c4ccc(O)cc4CC[C@H]3[C@@H]1CCC2=O,CYP2B6,1
C[C@]12CC[C@@H]3c4ccc(O)cc4CC[C@H]3[C@@H]1CCC2=O,CYP2C9,1
C[C@]12CC[C@@H]3c4ccc(O)cc4CC[C@H]3[C@@H]1CCC2=O,CYP2D6,1
C[C@]12CC[C@@H]3c4ccc(O)cc4CC[C@H]3[C@@H]1CCC2=O,CYP3A4,1
C[C@]12CC[C@@H]3c4ccc(O)cc4CC[C@H]3[C@@H]1CC[C@@H]2O,CYP1A2,1
C[C@]12CC[C@@H]3c4ccc(O)cc4CC[C@H]3[C@@H]1CC[C@@H]2O,CYP2B6,1
C[C@]12CC[C@@H]3c4ccc(O)cc4CC[C@H]3[C@@H]1CC[C@@H]2O,CYP2C19,1
C[C@]12CC[C@@H]3c4ccc(O)cc4CC[C@H]3[C@@H]1CC[C@@H]2O,CYP2C9,1
C[C@]12CC[C@@H]3c4ccc(O)cc4CC[C@H]3[C@@H]1CC[C@@H]2O,CYP2D6,1
C[C@]12CC[C@@H]3c4ccc(O)cc4CC[C@H]3[C@@H]1CC[C@@H]2O,CYP3A4,1
C[C@]12CC[C@@H]3c4ccc(O)cc4CC[C@H]3[C@@H]1CC[C@@H]2OC(=O)CCC(=O)O,CYP1A2,0
C[C@]12CC[C@@H]3c4ccc(O)cc4CC[C@H]3[C@@H]1CC[C@@H]2OC(=O)CCC(=O)O,CYP2D6,0
C[C@]12CC[C@@H]3c4ccc(O)cc4CC[C@H]3[C@@H]1C[C@@H](O)[C@@H]2O,CYP2D6,0
C[C@]12CC[C@@H]3c4ccc(O)cc4CC[C@H]3[C@@H]1C[C@@H](O)[C@@H]2O,CYP3A4,0
C[C@]12CC[C@@H]3c4ccc(O)cc4CC[C@H]3[C@@H]1[C@@H](O)[C@@H](O)[C@@H]2O,CYP2B6,0
C[C@]12CC[C@@H]3c4ccc(O)cc4CC[C@H]3[C@@H]1[C@@H](O)[C@@H](O)[C@@H]2O,CYP2C8,0
C[C@]12CC[C@@H]3c4ccc(O)cc4CC[C@H]3[C@@H]1[C@@H](O)[C@@H](O)[C@@H]2O,CYP2C9,0
C[C@]12CC[C@@H]3c4ccc(O)cc4CC[C@H]3[C@@H]1[C@@H](O)[C@@H](O)[C@@H]2O,CYP2D6,0
C[C@]12CC[C@@H]3c4ccc(O)cc4CC[C@H]3[C@@H]1[C@@H](O)[C@@H](O)[C@@H]2O,CYP3A4,0
C[C@]12CC[C@@H]3c4ccc(O)cc4C[C@@H](CCCCCCCCC[S+]([O-])CCCC(F)(F)C(F)(F)F)[C@H]3[C@@H]1CC[C@@H]2O,CYP1A2,0
C[C@]12CC[C@@H]3c4ccc(O)cc4C[C@@H](CCCCCCCCC[S+]([O-])CCCC(F)(F)C(F)(F)F)[C@H]3[C@@H]1CC[C@@H]2O,CYP2C19,0
C[C@]12CC[C@@H]3c4ccc(O)cc4C[C@@H](CCCCCCCCC[S+]([O-])CCCC(F)(F)C(F)(F)F)[C@H]3[C@@H]1CC[C@@H]2O,CYP2C9,0
C[C@]12CC[C@@H]3c4ccc(O)cc4C[C@@H](CCCCCCCCC[S+]([O-])CCCC(F)(F)C(F)(F)F)[C@H]3[C@@H]1CC[C@@H]2O,CYP2D6,0
C[C@]12CC[C@@H]3c4ccc(O)cc4C[C@@H](CCCCCCCCC[S+]([O-])CCCC(F)(F)C(F)(F)F)[C@H]3[C@@H]1CC[C@@H]2O,CYP3A4,1
C[C@]12CC[C@H](O)CC1=CC[C@@H]1[C@@H]2CC[C@]2(C)C(=O)CC[C@@H]12,CYP2A6,0
C[C@]12CC[C@H](O)CC1=CC[C@@H]1[C@@H]2CC[C@]2(C)C(=O)CC[C@@H]12,CYP2B6,0
C[C@]12CC[C@H](O)CC1=CC[C@@H]1[C@@H]2CC[C@]2(C)C(=O)CC[C@@H]12,CYP2C19,0
C[C@]12CC[C@H](O)CC1=CC[C@@H]1[C@@H]2CC[C@]2(C)C(=O)CC[C@@H]12,CYP2C8,0
C[C@]12CC[C@H](O)CC1=CC[C@@H]1[C@@H]2CC[C@]2(C)C(=O)CC[C@@H]12,CYP2C9,0
C[C@]12CC[C@H](O)CC1=CC[C@@H]1[C@@H]2CC[C@]2(C)C(=O)CC[C@@H]12,CYP2D6,0
C[C@]12CC[C@H](O)CC1=CC[C@@H]1[C@@H]2CC[C@]2(C)C(=O)CC[C@@H]12,CYP3A4,1
C[C@]12CC[C@H](O)C[C@H]1CC[C@@H]1[C@@H]2CC[C@]2(C)[C@@H](c3ccc(=O)oc3)CC[C@]12O,CYP1A2,0
C[C@]12CC[C@H](O)C[C@H]1CC[C@@H]1[C@@H]2CC[C@]2(C)[C@@H](c3ccc(=O)oc3)CC[C@]12O,CYP2A6,0
C[C@]12CC[C@H](O)C[C@H]1CC[C@@H]1[C@@H]2CC[C@]2(C)[C@@H](c3ccc(=O)oc3)CC[C@]12O,CYP2B6,0
C[C@]12CC[C@H](O)C[C@H]1CC[C@@H]1[C@@H]2CC[C@]2(C)[C@@H](c3ccc(=O)oc3)CC[C@]12O,CYP2C19,0
C[C@]12CC[C@H](O)C[C@H]1CC[C@@H]1[C@@H]2CC[C@]2(C)[C@@H](c3ccc(=O)oc3)CC[C@]12O,CYP2C8,0
C[C@]12CC[C@H](O)C[C@H]1CC[C@@H]1[C@@H]2CC[C@]2(C)[C@@H](c3ccc(=O)oc3)CC[C@]12O,CYP2C9,0
C[C@]12CC[C@H](O)C[C@H]1CC[C@@H]1[C@@H]2CC[C@]2(C)[C@@H](c3ccc(=O)oc3)CC[C@]12O,CYP2D6,0
C[C@]12CC[C@H](O)C[C@H]1CC[C@@H]1[C@@H]2CC[C@]2(C)[C@@H](c3ccc(=O)oc3)CC[C@]12O,CYP2E1,0
C[C@]12CC[C@H](O)C[C@H]1CC[C@@H]1[C@@H]2CC[C@]2(C)[C@@H](c3ccc(=O)oc3)CC[C@]12O,CYP3A4,1
C[C@]12CC[C@H](O)C[C@H]1CC[C@@H]1[C@@H]2CC[C@]2(C)[C@@H](c3ccc(=O)oc3)C[C@H]3O[C@]132,CYP1A2,0
C[C@]12CC[C@H](O)C[C@H]1CC[C@@H]1[C@@H]2CC[C@]2(C)[C@@H](c3ccc(=O)oc3)C[C@H]3O[C@]132,CYP2A6,0
C[C@]12CC[C@H](O)C[C@H]1CC[C@@H]1[C@@H]2CC[C@]2(C)[C@@H](c3ccc(=O)oc3)C[C@H]3O[C@]132,CYP2B6,0
C[C@]12CC[C@H](O)C[C@H]1CC[C@@H]1[C@@H]2CC[C@]2(C)[C@@H](c3ccc(=O)oc3)C[C@H]3O[C@]132,CYP2C19,0
C[C@]12CC[C@H](O)C[C@H]1CC[C@@H]1[C@@H]2CC[C@]2(C)[C@@H](c3ccc(=O)oc3)C[C@H]3O[C@]132,CYP2C8,0
C[C@]12CC[C@H](O)C[C@H]1CC[C@@H]1[C@@H]2CC[C@]2(C)[C@@H](c3ccc(=O)oc3)C[C@H]3O[C@]132,CYP2C9,0
C[C@]12CC[C@H](O)C[C@H]1CC[C@@H]1[C@@H]2CC[C@]2(C)[C@@H](c3ccc(=O)oc3)C[C@H]3O[C@]132,CYP2D6,0
C[C@]12CC[C@H](O)C[C@H]1CC[C@@H]1[C@@H]2CC[C@]2(C)[C@@H](c3ccc(=O)oc3)C[C@H]3O[C@]132,CYP2E1,0
C[C@]12CC[C@H](O)C[C@H]1CC[C@@H]1[C@@H]2CC[C@]2(C)[C@@H](c3ccc(=O)oc3)C[C@H]3O[C@]132,CYP3A4,1
C[C@]12CC[C@H](O)C[C@H]1CC[C@@H]1[C@@H]2CC[C@]2(C)[C@@](O)(c3ccoc3)CC[C@]12O,CYP2A6,0
C[C@]12CC[C@H](O)C[C@H]1CC[C@@H]1[C@@H]2CC[C@]2(C)[C@@](O)(c3ccoc3)CC[C@]12O,CYP2D6,0
C[C@]12CC[C@H](O)C[C@H]1CC[C@@H]1[C@@H]2CC[C@]2(C)[C@@](O)(c3ccoc3)CC[C@]12O,CYP2E1,0
C[C@]12CC[C@H]3[C@@H](CC=C4C[C@@H](O)CC[C@@]43C)[C@@H]1CC[C@@H]2O,CYP2C8,0
C[C@]12CC[C@H]3[C@@H](CCC4=C(O)C(=O)CC[C@@H]43)[C@@H]1CC[C@@H]2O,CYP2B6,0
C[C@]12CC[C@H]3[C@@H](CCC4=C(O)C(=O)CC[C@@]43C)[C@@H]1CC[C@@H]2O,CYP2D6,0
C[C@]12CC[C@H]3[C@@H](CCC4=CC(=O)C=C[C@@]43C)[C@@H]1CC[C@@H]2O,CYP2B6,0
C[C@]12CC[C@H]3[C@@H](CCC4=CC(=O)C=C[C@@]43C)[C@@H]1CC[C@@H]2O,CYP2C9,0
C[C@]12CC[C@H]3[C@@H](CCC4=CC(=O)C=C[C@@]43C)[C@@H]1CC[C@@H]2O,CYP3A4,1
C[C@]12CC[C@H]3[C@@H](CCC4=CC(=O)CC[C@@H]43)[C@@H]1CCC2=O,CYP2E1,0
C[C@]12CC[C@H]3[C@@H](CCC4=CC(=O)CC[C@@]43C)[C@@H]1CC[C@@H]2O,CYP2B6,1
C[C@]12CC[C@H]3[C@@H](CCC4=CC(=O)CC[C@@]43C)[C@@H]1CC[C@@H]2O,CYP2C9,0
C[C@]12CC[C@H]3[C@@H](CCC4=CC(=O)CC[C@@]43C)[C@@H]1CC[C@@H]2O,CYP3A4,1
C[C@]12CC[C@H]3[C@@H](CCC4=CC(=O)CC[C@@]43C)[C@@H]1CC[C@@H]2OC(=O)CCC(=O)O,CYP2D6,0
C[C@]12CC[C@H]3[C@@H](CC[C@@]45O[C@@H]4C(O)=C(C#N)C[C@]35C)[C@@H]1CC[C@@H]2O,CYP2C8,0
C[C@]12CC[C@H]3[C@@H](CC[C@@]45O[C@@H]4C(O)=C(C#N)C[C@]35C)[C@@H]1CC[C@@H]2O,CYP2C9,0
C[C@]12C[C@H](c3ccc(S(C)(=O)=O)cc3)C3=C4CCC(=O)C=C4CC[C@H]3[C@@H]1CC[C@@]2(O)C(F)(F)C(F)(F)F,CYP3A4,1
C[C@]12O[C@H](C[C@]1(O)CO)n1c3ccccc3c3c4c(c5c6ccccc6n2c5c31)CNC4=O,CYP2C8,0
C[N+](C)(C)CCCC[C@H](N)C(=O)O,CYP2A6,0
C[N+](C)(C)CCCC[C@H](N)C(=O)O,CYP2C9,0
C[N+](C)(C)CCCC[C@H](N)C(=O)O,CYP3A4,0
C[N+](C)(C)CCOC(N)=O,CYP2C8,0
C[N+](C)(C)CCOC(N)=O,CYP2C9,0
C[N+](C)(C)CCOP(=O)([O-])OP(=O)(O)OC[C@H]1O[C@@H](n2ccc(N)nc2=O)[C@H](O)[C@@H]1O,CYP2C9,0
C[N+](C)(C)CCOP(=O)([O-])OP(=O)(O)OC[C@H]1O[C@@H](n2ccc(N)nc2=O)[C@H](O)[C@@H]1O,CYP3A4,0
C[N+](C)(C)C[C@H](O)CC(=O)O,CYP2C8,0
C[N+](C)(C)C[C@H](O)CC(=O)O,CYP2D6,0
C[N+](C)(C)C[C@H](O)CC(=O)O,CYP3A4,0
C[N+](C)(C)C[C@H](O)CC(=O)[O-],CYP2C19,0
C[N+](C)(C)C[C@H](O)CC(=O)[O-],CYP2D6,0
C[N+](C)(C)C[C@H](O)CC(=O)[O-],CYP3A4,0
C[N+](C)(C)NCCC(=O)[O-],CYP1A2,0
C[N+](C)(C)NCCC(=O)[O-],CYP2B6,0
C[N+](C)(C)NCCC(=O)[O-],CYP3A4,0
C[N+](C)([O-])CCC=C1c2ccccc2CCc2ccccc21,CYP2A6,0
C[N+](C)([O-])CCNc1ccc(NCC[N+](C)(C)[O-])c2c1C(=O)c1c(O)ccc(O)c1C2=O,CYP3A4,1
C[N+]1(C)C2CCC1CC(OC(=O)C(O)c1ccccc1)C2,CYP2C19,0
C[N+]1(C)C2CCC1CC(OC(=O)C(O)c1ccccc1)C2,CYP2C8,0
C[N+]1(C)[C@@H]2CC(OC(=O)C(O)(c3cccs3)c3cccs3)C[C@H]1[C@@H]1O[C@@H]12,CYP2D6,1
C[N+]1(C)[C@@H]2CC(OC(=O)C(O)(c3cccs3)c3cccs3)C[C@H]1[C@@H]1O[C@@H]12,CYP3A4,1
C[N+]1(C)[C@@H]2CC[C@H]1C[C@@H](OC(=O)C(CO)c1ccccc1)C2,CYP2C8,0
C[N+]12CCC(CC1)C(OCC(O)(c1ccccc1)C1CCCC1)C2,CYP1A2,0
C[N+]12CCC(CC1)C(OCC(O)(c1ccccc1)C1CCCC1)C2,CYP2B6,0
C[N+]12CCC(CC1)C(OCC(O)(c1ccccc1)C1CCCC1)C2,CYP2C8,0
C[N+]12CCC(CC1)C(OCC(O)(c1ccccc1)C1CCCC1)C2,CYP2C9,0
C[N+]12CCC(CC1)C(OCC(O)(c1ccccc1)C1CCCC1)C2,CYP2D6,1
C[N+]12CCC(CC1)C(OCC(O)(c1ccccc1)C1CCCC1)C2,CYP2E1,0
C[N+]12CCC(CC1)C(OCC(O)(c1ccccc1)C1CCCC1)C2,CYP3A4,0
C[S+]([O-])CCCC/C(=N\OS(=O)(=O)O)S[C@@H]1O[C@H](CO)[C@@H](O)[C@H](O)[C@H]1O,CYP3A4,0
C[S+]([O-])c1nc2cc(Oc3cccc(Cl)c3Cl)c(Cl)cc2[nH]1,CYP1A2,1
C[S+]([O-])c1nc2cc(Oc3cccc(Cl)c3Cl)c(Cl)cc2[nH]1,CYP2C19,1
C[S+]([O-])c1nc2cc(Oc3cccc(Cl)c3Cl)c(Cl)cc2[nH]1,CYP2C9,1
C[S+]([O-])c1nc2cc(Oc3cccc(Cl)c3Cl)c(Cl)cc2[nH]1,CYP2D6,1
C[S+]([O-])c1nc2cc(Oc3cccc(Cl)c3Cl)c(Cl)cc2[nH]1,CYP3A4,1
C[S@+]([O-])C[C@H](C(=O)O)N1C(=O)[C@@H](NC(=O)CCC[C@H](N)C(=O)O)[C@H]1S,CYP2C8,0
C[S@@+]([O-])CC[C@H](N)C(=O)O,CYP2C8,0
C[S@@+]([O-])CC[C@H](N)C(=O)O,CYP3A4,0
C[n+]1cc2c3c(ccc2c2ccc4cc5c(cc4c21)OCO5)OCO3,CYP1A2,1
C[n+]1cc2c3c(ccc2c2ccc4cc5c(cc4c21)OCO5)OCO3,CYP2C8,0
C[n+]1cc2c3c(ccc2c2ccc4cc5c(cc4c21)OCO5)OCO3,CYP2C9,0
C[n+]1cc2c3c(ccc2c2ccc4cc5c(cc4c21)OCO5)OCO3,CYP2D6,0
C[n+]1cc2c3c(ccc2c2ccc4cc5c(cc4c21)OCO5)OCO3,CYP3A4,0
C[n+]1cccc(C(N)=O)c1,CYP2C8,0
Cc1[nH]c(/C=C2\C(=O)Nc3ccccc32)c(C)c1CCC(=O)O,CYP1A2,1
Cc1[nH]c(/C=C2\C(=O)Nc3ccccc32)c(C)c1CCC(=O)O,CYP2C8,1
Cc1[nH]c(C)c(-c2ccc(Oc3ccc(OC(F)(F)F)cc3)cc2)c(=O)c1Cl,CYP2C19,1
Cc1[nH]c(C)c(-c2ccc(Oc3ccc(OC(F)(F)F)cc3)cc2)c(=O)c1Cl,CYP2C9,1
Cc1[nH]c(C)c(-c2ccc(Oc3ccc(OC(F)(F)F)cc3)cc2)c(=O)c1Cl,CYP2D6,1
Cc1[nH]c2ccccc2c1CCNCc1ccc(/C=C/C(=O)NO)cc1,CYP2C19,1
Cc1[nH]c2ccccc2c1CCNCc1ccc(/C=C/C(=O)NO)cc1,CYP2D6,1
Cc1[nH]c2ccccc2c1CCNCc1ccc(/C=C/C(=O)NO)cc1,CYP3A4,1
Cc1[nH]ccc(=O)c1OC1OC(CO)C(O)C(O)C1O,CYP2B6,0
Cc1[nH]ccc(=O)c1OC1OC(CO)C(O)C(O)C1O,CYP3A4,0
Cc1[nH]cnc1CN1CCc2c(c3cccc(F)c3n2C)C1=O,CYP1A2,1
Cc1[nH]cnc1CN1CCc2c(c3cccc(F)c3n2C)C1=O,CYP2C19,1
Cc1[nH]cnc1CN1CCc2c(c3cccc(F)c3n2C)C1=O,CYP2C9,1
Cc1[nH]cnc1CN1CCc2c(c3cccc(F)c3n2C)C1=O,CYP2D6,1
Cc1[nH]cnc1CN1CCc2c(c3cccc(F)c3n2C)C1=O,CYP3A4,1
Cc1[nH]cnc1CN1CCc2c(c3ccccc3n2C)C1=O,CYP1A2,1
Cc1[nH]cnc1CN1CCc2c(c3ccccc3n2C)C1=O,CYP2C19,1
Cc1[nH]cnc1CN1CCc2c(c3ccccc3n2C)C1=O,CYP2C9,1
Cc1[nH]cnc1CN1CCc2c(c3ccccc3n2C)C1=O,CYP2D6,1
Cc1[nH]cnc1CN1CCc2c(c3ccccc3n2C)C1=O,CYP3A4,1
Cc1[nH]nc2c1N=C(c1ccccc1Cl)c1cnc(N3CCOCC3)cc1N2,CYP2C8,1
Cc1[nH]nc2c1N=C(c1ccccc1Cl)c1cnc(N3CCOCC3)cc1N2,CYP2D6,1
Cc1[nH]nc2c1N=C(c1ccccc1Cl)c1cnc(N3CCOCC3)cc1N2,CYP3A4,1
Cc1c(-c2ccc(O)cc2)[nH]c2ccc(O)cc12,CYP1A2,1
Cc1c(-c2ccc(O)cc2)[nH]c2ccc(O)cc12,CYP2C19,1
Cc1c(-c2ccc(O)cc2)[nH]c2ccc(O)cc12,CYP2C8,1
Cc1c(-c2ccc(O)cc2)[nH]c2ccc(O)cc12,CYP2C9,1
Cc1c(-c2ccc(O)cc2)[nH]c2ccc(O)cc12,CYP2E1,1
Cc1c(-c2ccc(O)cc2)[nH]c2ccc(O)cc12,CYP3A4,1
Cc1c(C(=O)O)oc2c1C(=O)CC(C)(C)C2,CYP1A2,0
Cc1c(C(=O)O)oc2c1C(=O)CC(C)(C)C2,CYP2A6,0
Cc1c(C(=O)O)oc2c1C(O)CCC2,CYP2C8,0
Cc1c(C(=O)O)oc2c1C(O)CCC2,CYP2C9,0
Cc1c(C(=O)O)oc2c1C(O)CCC2,CYP3A4,0
Cc1c(C)c2c(c(C)c1O)CCC(C)(COc1ccc(CC3SC(=O)NC3=O)cc1)O2,CYP1A2,1
Cc1c(C)c2c(c(C)c1O)CCC(C)(COc1ccc(CC3SC(=O)NC3=O)cc1)O2,CYP2C19,1
Cc1c(C)c2c(c(C)c1O)CCC(C)(COc1ccc(CC3SC(=O)NC3=O)cc1)O2,CYP2C8,1
Cc1c(C)c2c(c(C)c1O)CCC(C)(COc1ccc(CC3SC(=O)NC3=O)cc1)O2,CYP2D6,1
Cc1c(C)c2c(c(C)c1O)CCC(C)(COc1ccc(CC3SC(=O)NC3=O)cc1)O2,CYP2E1,1
Cc1c(C)c2c(c(C)c1O)CCC(C)(COc1ccc(CC3SC(=O)NC3=O)cc1)O2,CYP3A4,1
Cc1c(C)c2c(c(C)c1O)CC[C@@](C)(CCC[C@H](C)CCC[C@H](C)CCCC(C)C)O2,CYP3A4,0
Cc1c(CC(CO)CO)[nH]c(=O)[nH]c1=O,CYP2A6,0
Cc1c(CCCO)[nH]c(=O)[nH]c1=O,CYP2B6,0
Cc1c(CCCO)[nH]c(=O)[nH]c1=O,CYP2C19,0
Cc1c(CCOP(=O)([O-])O)sc[n+]1Cc1cnc(C(F)(F)F)nc1N,CYP2C8,0
Cc1c(CCOP(=O)([O-])O)sc[n+]1Cc1cnc(C(F)(F)F)nc1N,CYP2E1,0
Cc1c(CN(C)C(=O)/C=C/c2cnc3c(c2)CCC(=O)N3)oc2ccccc12,CYP2A6,0
Cc1c(CN(C)C(=O)/C=C/c2cnc3c(c2)CCC(=O)N3COP(=O)(O)O)oc2ccccc12,CYP2C8,0
Cc1c(CN(C)C(=O)/C=C/c2cnc3c(c2)CCC(=O)N3COP(=O)(O)O)oc2ccccc12,CYP2E1,0
Cc1c(COC(=O)[C@@H]2[C@H](/C=C(\Cl)C(F)(F)F)C2(C)C)cccc1-c1ccccc1,CYP2C19,1
Cc1c(COC(=O)[C@@H]2[C@H](/C=C(\Cl)C(F)(F)F)C2(C)C)cccc1-c1ccccc1,CYP2C9,1
Cc1c(Cl)cccc1Nc1ccccc1C(=O)O,CYP2C19,1
Cc1c(Cl)cccc1Nc1ccccc1C(=O)O,CYP2C9,1
Cc1c(Cl)cccc1Nc1ccccc1C(=O)O,CYP3A4,1
Cc1c(F)c(N)c2c(=O)cc(-c3ccc(N)c(F)c3)oc2c1F,CYP1A2,1
Cc1c(F)c(N)c2c(=O)cc(-c3ccc(N)c(F)c3)oc2c1F,CYP2C19,1
Cc1c(F)c(N)c2c(=O)cc(-c3ccc(N)c(F)c3)oc2c1F,CYP2C9,1
Cc1c(F)c(N)c2c(=O)cc(-c3ccc(NO)c(F)c3)oc2c1F,CYP1A2,1
Cc1c(F)c(N)c2c(=O)cc(-c3ccc(NO)c(F)c3)oc2c1F,CYP2C19,1
Cc1c(F)c(N)c2c(=O)cc(-c3ccc(NO)c(F)c3)oc2c1F,CYP2C9,1
Cc1c(F)c(NO)c2c(=O)cc(-c3ccc(N)c(F)c3)oc2c1F,CYP1A2,1
Cc1c(F)c(NO)c2c(=O)cc(-c3ccc(N)c(F)c3)oc2c1F,CYP2C19,1
Cc1c(F)c(NO)c2c(=O)cc(-c3ccc(N)c(F)c3)oc2c1F,CYP2C9,1
Cc1c(N(C)C)c(=O)n(-c2ccccc2)n1C,CYP1A2,1
Cc1c(N(C)C)c(=O)n(-c2ccccc2)n1C,CYP2A6,1
Cc1c(N(C)C)c(=O)n(-c2ccccc2)n1C,CYP2B6,1
Cc1c(N(C)C)c(=O)n(-c2ccccc2)n1C,CYP2C19,1
Cc1c(N(C)C)c(=O)n(-c2ccccc2)n1C,CYP2C8,1
Cc1c(N(C)C)c(=O)n(-c2ccccc2)n1C,CYP2C9,1
Cc1c(N(C)C)c(=O)n(-c2ccccc2)n1C,CYP2D6,1
Cc1c(N(C)C)c(=O)n(-c2ccccc2)n1C,CYP3A4,1
Cc1c(N)cccc1F,CYP2C19,0
Cc1c(N)cccc1F,CYP2C9,0
Cc1c(NC(=O)NC(=O)c2ccc(Cl)cc2Cl)cccc1OCCCCC(=O)O,CYP2A6,0
Cc1c(O)c(=O)ccn1C,CYP2A6,1
Cc1c(O)c(C=O)c(COP(=O)(O)O)c[n+]1C,CYP2D6,0
Cc1c(O)c(C=O)c(COP(=O)(O)O)c[n+]1[O-],CYP2B6,0
Cc1c(O)cc2c(c1C)O[C@](C)(CCC[C@H](C)CCC[C@H](C)CCCC(C)C)CC2,CYP3A4,0
Cc1c(O)cccc1C(=O)N[C@@H](CSc1ccccc1)[C@H](O)CN1C[C@H]2CCCC[C@H]2C[C@H]1C(=O)NC(C)(C)C,CYP2C19,1
Cc1c(O)cccc1C(=O)N[C@@H](CSc1ccccc1)[C@H](O)CN1C[C@H]2CCCC[C@H]2C[C@H]1C(=O)NC(C)(C)C,CYP3A4,1
Cc1c(OCC(F)(F)F)ccnc1C[S+]([O-])c1nc2ccccc2[nH]1,CYP2C19,1
Cc1c(OCC(F)(F)F)ccnc1C[S+]([O-])c1nc2ccccc2[nH]1,CYP2C9,1
Cc1c(OCC(F)(F)F)ccnc1C[S+]([O-])c1nc2ccccc2[nH]1,CYP3A4,1
Cc1c(S(=O)(=O)O)oc2c1C(=O)C(=O)c1c-2ccc2c1CCCC2(C)C,CYP1A2,0
Cc1c(S(=O)(=O)O)oc2c1C(=O)C(=O)c1c-2ccc2c1CCCC2(C)C,CYP2A6,0
Cc1c(S(=O)(=O)O)oc2c1C(=O)C(=O)c1c-2ccc2c1CCCC2(C)C,CYP2C19,0
Cc1c(S(=O)(=O)O)oc2c1C(=O)C(=O)c1c-2ccc2c1CCCC2(C)C,CYP2C9,0
Cc1c(S(=O)(=O)O)oc2c1C(=O)C(=O)c1c-2ccc2c1CCCC2(C)C,CYP2D6,0
Cc1c(S(=O)(=O)O)oc2c1C(=O)C(=O)c1c-2ccc2c1CCCC2(C)C,CYP2E1,0
Cc1c(S(=O)(=O)O)oc2c1C(=O)C(=O)c1c-2ccc2c1CCCC2(C)C,CYP3A4,1
Cc1c2ccccc2c(C)c2c1ccc1ccccc12,CYP1A2,1
Cc1c2ccccc2c(C)c2c1ccc1ccccc12,CYP2B6,1
Cc1c2ccccc2c(C)c2c1ccc1ccccc12,CYP2C8,1
Cc1c2ccccc2c(C)c2c1ccc1ccccc12,CYP2C9,1
Cc1c2ccccc2c(C)c2c1ccc1ccccc12,CYP2E1,1
Cc1c2ccccc2c(C)c2c1ccc1ccccc12,CYP3A4,1
Cc1c2ccccc2nc2c1ccc1ccccc12,CYP1A2,1
Cc1c2ccccc2nc2c1ccc1ccccc12,CYP3A4,1
Cc1c2ccncc2c(C)c2c1[nH]c1ccccc12,CYP1A2,1
Cc1c2ccncc2c(C)c2c1[nH]c1ccccc12,CYP2C9,1
Cc1c2ccncc2c(C)c2c1[nH]c1ccccc12,CYP2D6,1
Cc1c2ccncc2c(C)c2c1[nH]c1ccccc12,CYP2E1,0
Cc1c2ccncc2c(C)c2c1[nH]c1ccccc12,CYP3A4,1
Cc1c[nH]c(=O)[nH]c1=O,CYP3A4,0
Cc1c[nH]c2ccccc12,CYP1A2,1
Cc1c[nH]c2ccccc12,CYP2A6,1
Cc1c[nH]c2ccccc12,CYP2E1,1
Cc1cc(-c2csc(Nc3ccc(C(=O)O)c(O)c3)n2)ccc1F,CYP2B6,0
Cc1cc(-c2csc(Nc3ccc(C(=O)O)c(O)c3)n2)ccc1F,CYP2E1,0
Cc1cc(-c2nc3cc(F)c(F)cc3s2)ccc1N,CYP1A2,1
Cc1cc(-c2nc3cc(F)ccc3s2)ccc1N,CYP1A2,1
Cc1cc(-c2nc3ccc(F)cc3s2)ccc1N,CYP1A2,1
Cc1cc(-c2nc3ccccc3o2)cc(C)c1O,CYP2A6,0
Cc1cc(/C=C/C#N)cc(C)c1Nc1ccnc(Nc2ccc(C#N)cc2)n1,CYP1A2,1
Cc1cc(/C=C/C#N)cc(C)c1Nc1ccnc(Nc2ccc(C#N)cc2)n1,CYP3A4,1
Cc1cc(=O)n(-c2ccccc2)n1C,CYP1A2,1
Cc1cc(=O)n(-c2ccccc2)n1C,CYP2B6,1
Cc1cc(=O)n(-c2ccccc2)n1C,CYP2C8,1
Cc1cc(=O)n(-c2ccccc2)n1C,CYP2C9,1
Cc1cc(=O)n(-c2ccccc2)n1C,CYP2D6,1
Cc1cc(=O)n(-c2ccccc2)n1C,CYP2E1,0
Cc1cc(=O)n(-c2ccccc2)n1C,CYP3A4,1
Cc1cc(=O)oc2cc(O[C@@H]3O[C@H](CO)[C@@H](O)[C@H](O)[C@H]3O)ccc12,CYP2C19,0
Cc1cc(=O)oc2cc(O[C@@H]3O[C@H](CO)[C@@H](O)[C@H](O)[C@H]3O)ccc12,CYP3A4,0
Cc1cc(C#N)c(O)c(C)c1Oc1nc(Nc2ccc(C#N)cc2)nc(N)c1Br,CYP2C9,1
Cc1cc(C#N)cc(C)c1Oc1nc(Nc2ccc(C#N)cc2)nc(N)c1Br,CYP1A2,0
Cc1cc(C#N)cc(C)c1Oc1nc(Nc2ccc(C#N)cc2)nc(N)c1Br,CYP2C19,1
Cc1cc(C#N)cc(C)c1Oc1nc(Nc2ccc(C#N)cc2)nc(N)c1Br,CYP3A4,1
Cc1cc(C#N)cc(CO)c1Oc1nc(Nc2ccc(C#N)cc2)nc(N)c1Br,CYP1A2,0
Cc1cc(C#N)cc(CO)c1Oc1nc(Nc2ccc(C#N)cc2)nc(N)c1Br,CYP2B6,0
Cc1cc(C#N)cc(CO)c1Oc1nc(Nc2ccc(C#N)cc2)nc(N)c1Br,CYP2C19,1
Cc1cc(C#N)cc(CO)c1Oc1nc(Nc2ccc(C#N)cc2)nc(N)c1Br,CYP2C8,0
Cc1cc(C#N)cc(CO)c1Oc1nc(Nc2ccc(C#N)cc2)nc(N)c1Br,CYP2C9,0
Cc1cc(C#N)cc(CO)c1Oc1nc(Nc2ccc(C#N)cc2)nc(N)c1Br,CYP2D6,0
Cc1cc(C#N)cc(CO)c1Oc1nc(Nc2ccc(C#N)cc2)nc(N)c1Br,CYP3A4,0
Cc1cc(C(=O)NCCCC(=O)O)c(C)o1,CYP3A4,0
Cc1cc(C(=O)NS(=O)(=O)c2ccccc2S(N)(=O)=O)ccc1C#CC1CCC1,CYP2C8,1
Cc1cc(C(=O)NS(=O)(=O)c2ccccc2S(N)(=O)=O)ccc1C#CC1CCC1,CYP2C9,1
Cc1cc(C(=O)NS(=O)(=O)c2ccccc2S(N)(=O)=O)ccc1C#CC1CCC1,CYP3A4,1
Cc1cc(C(C)(C)C)c(O)c(C)c1CC1=NCCN1,CYP1A2,0
Cc1cc(C(C)(C)C)c(O)c(C)c1CC1=NCCN1,CYP2B6,0
Cc1cc(C(C)(C)C)c(O)c(C)c1CC1=NCCN1,CYP2C19,1
Cc1cc(C(C)(C)C)c(O)c(C)c1CC1=NCCN1,CYP2C8,0
Cc1cc(C(C)(C)C)c(O)c(C)c1CC1=NCCN1,CYP2C9,0
Cc1cc(C(C)(C)C)c(O)c(C)c1CC1=NCCN1,CYP2D6,0
Cc1cc(C(C)(C)C)c(O)c(C)c1CC1=NCCN1,CYP2E1,0
Cc1cc(C(C)(C)C)c(O)c(C)c1CC1=NCCN1,CYP3A4,0
Cc1cc(C)c(NC(=O)CN(CC(=O)O)CC(=O)O)c(C)c1Br,CYP2B6,0
Cc1cc(C)c(Nc2ccnc(Nc3ccc(C#N)cc3)n2)c(C)c1,CYP1A2,0
Cc1cc(C)c(Nc2ccnc(Nc3ccc(C#N)cc3)n2)c(C)c1,CYP2B6,0
Cc1cc(C)c(Nc2ccnc(Nc3ccc(C#N)cc3)n2)c(C)c1,CYP2C19,0
Cc1cc(C)c(Nc2ccnc(Nc3ccc(C#N)cc3)n2)c(C)c1,CYP2C8,0
Cc1cc(C)c(Nc2ccnc(Nc3ccc(C#N)cc3)n2)c(C)c1,CYP3A4,1
Cc1cc(C)c2c(c1)[C@@H](N(Cc1cc(C(F)(F)F)cc(C(F)(F)F)c1)c1nnn(C)n1)CCCN2CC1CCC(C(=O)O)CC1,CYP2C8,1
Cc1cc(C)c2c(c1)[C@@H](N(Cc1cc(C(F)(F)F)cc(C(F)(F)F)c1)c1nnn(C)n1)CCCN2CC1CCC(C(=O)O)CC1,CYP3A4,1
Cc1cc(C)cc(OCC2CNC(=O)O2)c1,CYP2A6,1
Cc1cc(C)cc(OCC2CNC(=O)O2)c1,CYP2C19,1
Cc1cc(C)cc(OCC2CNC(=O)O2)c1,CYP2E1,1
Cc1cc(CC(=O)O)n(C)c1C(=O)c1ccc(Cl)cc1,CYP1A2,0
Cc1cc(CC(=O)O)n(C)c1C(=O)c1ccc(Cl)cc1,CYP2C8,0
Cc1cc(CC(=O)O)n(C)c1C(=O)c1ccc(Cl)cc1,CYP2D6,0
Cc1cc(CC(=O)O)n(C)c1C(=O)c1ccc(Cl)cc1,CYP2E1,0
Cc1cc(CC(=O)O)n(C)c1C(=O)c1ccc(Cl)cc1,CYP3A4,1
Cc1cc(C[C@@H](NC(=O)N2CCC(c3cc4ccccc4[nH]c3=O)CC2)C(=O)N2CCN(C3CCN(C)CC3)CC2)cc2cn[nH]c12,CYP2D6,1
Cc1cc(C[C@@H](NC(=O)N2CCC(c3cc4ccccc4[nH]c3=O)CC2)C(=O)N2CCN(C3CCN(C)CC3)CC2)cc2cn[nH]c12,CYP3A4,1
Cc1cc(N)c(C[n+]2csc(CCO[P@@](=O)(O)O[P@@](=O)([O-])O)c2C)cn1,CYP1A2,0
Cc1cc(N)c(C[n+]2csc(CCO[P@@](=O)(O)O[P@@](=O)([O-])O)c2C)cn1,CYP2C19,0
Cc1cc(N=Nc2ccccc2C)ccc1N,CYP1A2,1
Cc1cc(NC(=O)NC(=O)c2ccccc2N(C)C)ccc1Oc1ncc(Br)cn1,CYP2C8,1
Cc1cc(NC(=O)NC(=O)c2ccccc2N(C)C)ccc1Oc1ncc(Br)cn1,CYP2D6,1
Cc1cc(NC(=O)NC(=O)c2ccccc2N(C)C)ccc1Oc1ncc(Br)cn1,CYP3A4,1
Cc1cc(Nc2cc(N3CCN(C)CC3)nc(Sc3ccc(NC(=O)C4CC4)cc3)n2)n[nH]1,CYP2C8,1
Cc1cc(Nc2cc(N3CCN(C)CC3)nc(Sc3ccc(NC(=O)C4CC4)cc3)n2)n[nH]1,CYP3A4,1
Cc1cc(O)c2c(c1)C(=O)c1cc(O)cc(O)c1C2=O,CYP3A4,0
Cc1cc(O)c2c(c1)C(=O)c1cccc(O)c1C2=O,CYP1A2,1
Cc1cc(O)c2c(c1)C(=O)c1cccc(O)c1C2=O,CYP2B6,1
Cc1cc(O)c2c(c1)C(=O)c1cccc(O)c1C2=O,CYP3A4,1
Cc1cc(O)cc2oc(=O)c3c(O)cc(O)cc3c12,CYP1A2,1
Cc1cc(O)cc2oc(=O)c3c(O)cc(O)cc3c12,CYP2C19,1
Cc1cc(O)cc2oc(=O)c3c(O)cc(O)cc3c12,CYP2C8,0
Cc1cc(O)cc2oc(=O)c3c(O)cc(O)cc3c12,CYP2C9,1
Cc1cc(O)cc2oc(=O)c3c(O)cc(O)cc3c12,CYP3A4,1
Cc1cc([N+](=O)[O-])nn1CC(=O)N1N=C(C(F)F)CC1(O)C(F)F,CYP2B6,0
Cc1cc([N+](=O)[O-])nn1CC(=O)N1N=C(C(F)F)CC1(O)C(F)F,CYP2E1,0
Cc1cc2c(F)c(Oc3ncnn4cc(OC[C@@H](C)O)c(C)c34)ccc2[nH]1,CYP1A2,1
Cc1cc2c(F)c(Oc3ncnn4cc(OC[C@@H](C)O)c(C)c34)ccc2[nH]1,CYP3A4,1
Cc1cc2c(cc1CC(=O)c1sccc1S(=O)(=O)Nc1onc(C)c1Cl)OCO2,CYP2C9,1
Cc1cc2c(cc1CC(=O)c1sccc1S(=O)(=O)Nc1onc(C)c1Cl)OCO2,CYP3A4,1
Cc1cc2c(s1)Nc1ccccc1N=C2N1CCN(C)CC1,CYP1A2,1
Cc1cc2c(s1)Nc1ccccc1N=C2N1CCN(C)CC1,CYP2D6,1
Cc1cc2c(s1)Nc1ccccc1N=C2N1CCN(C)CC1,CYP3A4,1
Cc1cc2c(s1)Nc1ccccc1N=C2N1CCNCC1,CYP2D6,1
Cc1cc2c3ccccc3ccc2c2ccccc12,CYP1A2,1
Cc1cc2c3ccccc3ccc2c2ccccc12,CYP2D6,1
Cc1cc2c3ccccc3ccc2c2ccccc12,CYP2E1,1
Cc1cc2c3ccccc3ccc2c2ccccc12,CYP3A4,1
Cc1cc2ccccc2c2ccc3ccccc3c12,CYP1A2,1
Cc1cc2ccccc2c2ccc3ccccc3c12,CYP2D6,1
Cc1cc2ccccc2c2ccc3ccccc3c12,CYP2E1,1
Cc1cc2ccccc2c2ccc3ccccc3c12,CYP3A4,1
Cc1cc2nc[nH]c2cc1C,CYP3A4,0
Cc1cc2ncn([C@H]3O[C@H](COP(=O)(O)O)[C@@H](O)[C@H]3O)c2cc1C,CYP3A4,0
Cc1cc[nH]c1,CYP2B6,0
Cc1cc[nH]c1,CYP3A4,0
Cc1ccc(-c2cc(C(=O)O)nn2-c2ccc(S(N)(=O)=O)cc2)cc1,CYP2C9,1
Cc1ccc(-c2cc(C(F)(F)F)nn2-c2ccc(C(=O)O)cc2)cc1,CYP2C9,1
Cc1ccc(-c2cc(C(F)(F)F)nn2-c2ccc(C)cc2)cc1,CYP2C9,1
Cc1ccc(-c2cc(C(F)(F)F)nn2-c2ccc(CC(=O)O)cc2)cc1,CYP2C9,1
Cc1ccc(-c2cc(C(F)(F)F)nn2-c2ccc(S(C)(=O)=O)cc2)cc1,CYP2C9,1
Cc1ccc(-c2cc(C(F)(F)F)nn2-c2ccc(S(N)(=O)=O)cc2)cc1,CYP1A2,1
Cc1ccc(-c2cc(C(F)(F)F)nn2-c2ccc(S(N)(=O)=O)cc2)cc1,CYP2C19,1
Cc1ccc(-c2cc(C(F)(F)F)nn2-c2ccc(S(N)(=O)=O)cc2)cc1,CYP2C9,1
Cc1ccc(-c2cc(C(F)(F)F)nn2-c2ccc(S(N)(=O)=O)cc2)cc1,CYP2D6,1
Cc1ccc(-c2cc(C(F)(F)F)nn2-c2ccc(S(N)(=O)=O)cc2)cc1,CYP3A4,1
Cc1ccc(-c2cc(C(F)(F)F)nn2-c2ccc([S+](C)[O-])cc2)cc1,CYP2C9,1
Cc1ccc(-c2nc3ccc(C)cn3c2CC(=O)N(C)C)cc1,CYP1A2,1
Cc1ccc(-c2nc3ccc(C)cn3c2CC(=O)N(C)C)cc1,CYP2A6,0
Cc1ccc(-c2nc3ccc(C)cn3c2CC(=O)N(C)C)cc1,CYP2C19,1
Cc1ccc(-c2nc3ccc(C)cn3c2CC(=O)N(C)C)cc1,CYP2C8,0
Cc1ccc(-c2nc3ccc(C)cn3c2CC(=O)N(C)C)cc1,CYP2C9,1
Cc1ccc(-c2nc3ccc(C)cn3c2CC(=O)N(C)C)cc1,CYP2D6,1
Cc1ccc(-c2nc3ccc(C)cn3c2CC(=O)N(C)C)cc1,CYP2E1,0
Cc1ccc(-c2nc3ccc(C)cn3c2CC(=O)N(C)C)cc1,CYP3A4,1
Cc1ccc(-n2nccn2)c(C(=O)N2CCN(c3nc4cc(Cl)ccc4o3)CC[C@H]2C)c1,CYP1A2,0
Cc1ccc(-n2nccn2)c(C(=O)N2CCN(c3nc4cc(Cl)ccc4o3)CC[C@H]2C)c1,CYP2B6,0
Cc1ccc(-n2nccn2)c(C(=O)N2CCN(c3nc4cc(Cl)ccc4o3)CC[C@H]2C)c1,CYP2C19,1
Cc1ccc(-n2nccn2)c(C(=O)N2CCN(c3nc4cc(Cl)ccc4o3)CC[C@H]2C)c1,CYP2C8,0
Cc1ccc(-n2nccn2)c(C(=O)N2CCN(c3nc4cc(Cl)ccc4o3)CC[C@H]2C)c1,CYP2C9,1
Cc1ccc(-n2nccn2)c(C(=O)N2CCN(c3nc4cc(Cl)ccc4o3)CC[C@H]2C)c1,CYP2D6,1
Cc1ccc(-n2nccn2)c(C(=O)N2CCN(c3nc4cc(Cl)ccc4o3)CC[C@H]2C)c1,CYP3A4,1
Cc1ccc(=O)n(-c2cccc(F)c2)c1,CYP1A2,1
Cc1ccc(=O)n(-c2cccc(F)c2)c1,CYP2C19,1
Cc1ccc(=O)n(-c2cccc(F)c2)c1,CYP2D6,1
Cc1ccc(=O)n(-c2cccc(F)c2)c1,CYP2E1,1
Cc1ccc(=O)n(-c2ccccc2)c1,CYP1A2,1
Cc1ccc(=O)n(-c2ccccc2)c1,CYP2A6,1
Cc1ccc(=O)n(-c2ccccc2)c1,CYP2C19,1
Cc1ccc(=O)n(-c2ccccc2)c1,CYP3A4,1
Cc1ccc(C(=O)C(C)CN2CCCCC2)cc1,CYP1A2,1
Cc1ccc(C(=O)C(C)CN2CCCCC2)cc1,CYP2A6,0
Cc1ccc(C(=O)C(C)CN2CCCCC2)cc1,CYP2B6,1
Cc1ccc(C(=O)C(C)CN2CCCCC2)cc1,CYP2C19,1
Cc1ccc(C(=O)C(C)CN2CCCCC2)cc1,CYP2C9,0
Cc1ccc(C(=O)C(C)CN2CCCCC2)cc1,CYP2D6,1
Cc1ccc(C(=O)C(C)N2CCCC2)cc1,CYP2A6,0
Cc1ccc(C(=O)C(C)N2CCCC2)cc1,CYP2C19,1
Cc1ccc(C(=O)C(C)N2CCCC2)cc1,CYP2C8,0
Cc1ccc(C(=O)C(C)N2CCCC2)cc1,CYP2D6,1
Cc1ccc(C(=O)C(C)N2CCCC2)cc1,CYP2E1,0
Cc1ccc(C(=O)C(C)N2CCCC2)cc1,CYP3A4,0
Cc1ccc(C(=O)NC(C)(C)c2ccccc2)cc1S(=O)(=O)N1CCC(F)(F)CC1,CYP1A2,0
Cc1ccc(C(=O)NC(C)(C)c2ccccc2)cc1S(=O)(=O)N1CCC(F)(F)CC1,CYP2A6,0
Cc1ccc(C(=O)NC(C)(C)c2ccccc2)cc1S(=O)(=O)N1CCC(F)(F)CC1,CYP2B6,0
Cc1ccc(C(=O)NC(C)(C)c2ccccc2)cc1S(=O)(=O)N1CCC(F)(F)CC1,CYP2C19,1
Cc1ccc(C(=O)NC(C)(C)c2ccccc2)cc1S(=O)(=O)N1CCC(F)(F)CC1,CYP2C9,1
Cc1ccc(C(=O)NC(C)(C)c2ccccc2)cc1S(=O)(=O)N1CCC(F)(F)CC1,CYP2D6,1
Cc1ccc(C(=O)NC(C)(C)c2ccccc2)cc1S(=O)(=O)N1CCC(F)(F)CC1,CYP2E1,0
Cc1ccc(C(=O)NC(C)(C)c2ccccc2)cc1S(=O)(=O)N1CCC(F)(F)CC1,CYP3A4,1
Cc1ccc(C(=O)Oc2cccc3cccnc23)cc1S(=O)(=O)N1CCC(F)(F)CC1,CYP1A2,1
Cc1ccc(C(=O)Oc2cccc3cccnc23)cc1S(=O)(=O)N1CCC(F)(F)CC1,CYP2C19,1
Cc1ccc(C(=O)Oc2cccc3cccnc23)cc1S(=O)(=O)N1CCC(F)(F)CC1,CYP2C8,1
Cc1ccc(C(=O)Oc2cccc3cccnc23)cc1S(=O)(=O)N1CCC(F)(F)CC1,CYP2C9,1
Cc1ccc(C(=O)Oc2cccc3cccnc23)cc1S(=O)(=O)N1CCC(F)(F)CC1,CYP3A4,1
Cc1ccc(C(=O)Oc2cccc3cccnc23)cc1S(=O)(=O)N1CCOCC1,CYP2C19,1
Cc1ccc(C(=O)Oc2cccc3cccnc23)cc1S(=O)(=O)N1CCOCC1,CYP2C9,1
Cc1ccc(C(=O)Oc2cccc3cccnc23)cc1S(=O)(=O)N1CCOCC1,CYP3A4,1
Cc1ccc(C(=O)Oc2cccc3cccnc23)cc1S(=O)(=O)NC(C)C,CYP1A2,1
Cc1ccc(C(=O)Oc2cccc3cccnc23)cc1S(=O)(=O)NC(C)C,CYP2C8,1
Cc1ccc(C(=O)Oc2cccc3cccnc23)cc1S(=O)(=O)NC(C)C,CYP2C9,1
Cc1ccc(C(=O)Oc2cccc3cccnc23)cc1S(=O)(=O)NC(C)C,CYP3A4,1
Cc1ccc(C(=O)c2cc(N)c(O)c(O)c2)cc1,CYP1A2,1
Cc1ccc(C(=O)c2cc(N)c(O)c(O)c2)cc1,CYP2A6,1
Cc1ccc(C(=O)c2cc(N)c(O)c(O)c2)cc1,CYP2E1,1
Cc1ccc(C(=O)c2cc(N)c(O)c(O)c2)cc1,CYP3A4,1
Cc1ccc(C(=O)c2ccc(CC(=O)O)n2C)cc1,CYP1A2,0
Cc1ccc(C(=O)c2ccc(CC(=O)O)n2C)cc1,CYP2C8,0
Cc1ccc(C(=O)c2ccc(CC(=O)O)n2C)cc1,CYP2D6,0
Cc1ccc(C(=O)c2ccc(CC(=O)O)n2C)cc1,CYP2E1,0
Cc1ccc(C(=O)c2ccc(CC(=O)O)n2C)cc1,CYP3A4,1
Cc1ccc(C(=O)c2cn(CCCCCF)c3ccccc23)c2ccccc12,CYP1A2,1
Cc1ccc(C(=O)c2cn(CCCCCF)c3ccccc23)c2ccccc12,CYP2A6,0
Cc1ccc(C(=O)c2cn(CCCCCF)c3ccccc23)c2ccccc12,CYP2B6,1
Cc1ccc(C(=O)c2cn(CCCCCF)c3ccccc23)c2ccccc12,CYP2C8,1
Cc1ccc(C(=O)c2cn(CCCCCF)c3ccccc23)c2ccccc12,CYP2E1,0
Cc1ccc(C(C)C)c(O)c1,CYP2A6,1
Cc1ccc(C(C)C)cc1,CYP1A2,1
Cc1ccc(C(C)C)cc1,CYP2A6,1
Cc1ccc(C(C)C)cc1,CYP2D6,1
Cc1ccc(C(C)C)cc1O,CYP2A6,1
Cc1ccc(C)c(C)c1,CYP2E1,1
Cc1ccc(C)c(N)c1,CYP3A4,0
Cc1ccc(C)c(OCCCC(C)(C)C(=O)O)c1,CYP3A4,1
Cc1ccc(C)cc1,CYP2E1,1
Cc1ccc(C2(O)CCN(CCCC(=O)c3ccc(F)cc3)CC2)cc1,CYP2A6,0
Cc1ccc(C23CNCC2C3)cc1,CYP2A6,0
Cc1ccc(C23CNCC2C3)cc1,CYP2B6,0
Cc1ccc(C23CNCC2C3)cc1,CYP2C19,0
Cc1ccc(C23CNCC2C3)cc1,CYP2C8,0
Cc1ccc(C23CNCC2C3)cc1,CYP2C9,0
Cc1ccc(C23CNCC2C3)cc1,CYP2E1,0
Cc1ccc(C23CNCC2C3)cc1,CYP3A4,0
Cc1ccc(CCC(=O)O)cc1,CYP2D6,0
Cc1ccc(CCC(=O)O)cc1,CYP3A4,0
Cc1ccc(CNC(=O)C2CCC(=O)N(CCN3CCOCC3)C2)c(F)c1F,CYP2E1,0
Cc1ccc(Cl)c(Nc2ccccc2C(=O)O)c1Cl,CYP2C19,1
Cc1ccc(Cl)c(Nc2ccccc2C(=O)O)c1Cl,CYP2C9,1
Cc1ccc(Cl)c(Nc2ccccc2C(=O)O)c1Cl,CYP3A4,1
Cc1ccc(Cl)c(OCC(O)CNC(C)(C)C)c1,CYP2D6,1
Cc1ccc(N)cc1C,CYP2C19,0
Cc1ccc(N)cc1C,CYP3A4,0
Cc1ccc(NC(=O)N(C)C)cc1Cl,CYP1A2,1
Cc1ccc(NC(=O)N(C)C)cc1Cl,CYP2C19,1
Cc1ccc(NC(=O)c2ccc(CN3CCN(C)CC3)cc2)cc1Nc1nc(-c2cccnc2)cs1,CYP2C8,1
Cc1ccc(NC(=O)c2ccc(CN3CCN(C)CC3)cc2)cc1Nc1nc(-c2cccnc2)cs1,CYP2D6,1
Cc1ccc(NC(=O)c2ccc(CN3CCN(C)CC3)cc2)cc1Nc1nc(-c2cccnc2)cs1,CYP3A4,1
Cc1ccc(Nc2c(F)cccc2Cl)c(CC(=O)O)c1,CYP2C9,1
Cc1ccc(O)c(N)c1,CYP3A4,0
Cc1ccc(O)c([C@H](CCN(C(C)C)C(C)C)c2ccccc2)c1,CYP2C19,1
Cc1ccc(O)c([C@H](CCN(C(C)C)C(C)C)c2ccccc2)c1,CYP2C9,1
Cc1ccc(O)c([C@H](CCN(C(C)C)C(C)C)c2ccccc2)c1,CYP2D6,1
Cc1ccc(O)c([C@H](CCN(C(C)C)C(C)C)c2ccccc2)c1,CYP3A4,1
Cc1ccc(O)c([C@H](CCNC(C)C)c2ccccc2)c1,CYP2D6,1
Cc1ccc(O)cc1,CYP1A2,1
Cc1ccc(O)cc1,CYP2C19,1
Cc1ccc(O)cc1,CYP2D6,1
Cc1ccc(O)cc1,CYP2E1,1
Cc1ccc(S(=O)(=O)N(C)c2ccnn2-c2ccccc2)cc1,CYP2C19,1
Cc1ccc(S(=O)(=O)N(C)c2ccnn2-c2ccccc2)cc1,CYP2C8,1
Cc1ccc(S(=O)(=O)N(C)c2ccnn2-c2ccccc2)cc1,CYP2C9,1
Cc1ccc(S(=O)(=O)NO)o1,CYP2C8,0
Cc1ccc(S(=O)(=O)Nc2ccc(C(=O)/C=C/c3ccc(O)cc3)cc2)cc1,CYP2A6,0
Cc1ccc(S(=O)(=O)Nc2ccc(C(=O)/C=C/c3ccc(O)cc3)cc2)cc1,CYP2B6,0
Cc1ccc(S(=O)(=O)Nc2ccc(C(=O)/C=C/c3ccc(O)cc3)cc2)cc1,CYP2C19,1
Cc1ccc(S(=O)(=O)Nc2ccc(C(=O)/C=C/c3ccc(O)cc3)cc2)cc1,CYP2C8,1
Cc1ccc(S(=O)(=O)Nc2ccc(C(=O)/C=C/c3ccc(O)cc3)cc2)cc1,CYP2C9,1
Cc1ccc(S(=O)(=O)Nc2ccc(C(=O)/C=C/c3ccc(O)cc3)cc2)cc1,CYP2E1,0
Cc1ccc(S(=O)(=O)Nc2ccc(C(=O)/C=C/c3ccc(O)cc3)cc2)cc1,CYP3A4,1
Cc1ccc(Sc2ccccc2N2CCNCC2)c(C)c1,CYP2A6,1
Cc1ccc(Sc2ccccc2N2CCNCC2)c(C)c1,CYP2C19,1
Cc1ccc(Sc2ccccc2N2CCNCC2)c(C)c1,CYP2C9,1
Cc1ccc(Sc2ccccc2N2CCNCC2)c(C)c1,CYP2D6,1
Cc1ccc(Sc2ccccc2N2CCNCC2)c(C)c1,CYP3A4,1
Cc1ccc([C@@H]2O[C@H](CO)[C@@H](O)[C@H](O)[C@H]2O)cc1Cc1ccc(-c2ccc(F)cc2)s1,CYP1A2,0
Cc1ccc([C@@H]2O[C@H](CO)[C@@H](O)[C@H](O)[C@H]2O)cc1Cc1ccc(-c2ccc(F)cc2)s1,CYP2A6,0
Cc1ccc([C@@H]2O[C@H](CO)[C@@H](O)[C@H](O)[C@H]2O)cc1Cc1ccc(-c2ccc(F)cc2)s1,CYP2B6,0
Cc1ccc([C@@H]2O[C@H](CO)[C@@H](O)[C@H](O)[C@H]2O)cc1Cc1ccc(-c2ccc(F)cc2)s1,CYP2C19,0
Cc1ccc([C@@H]2O[C@H](CO)[C@@H](O)[C@H](O)[C@H]2O)cc1Cc1ccc(-c2ccc(F)cc2)s1,CYP2C8,0
Cc1ccc([C@@H]2O[C@H](CO)[C@@H](O)[C@H](O)[C@H]2O)cc1Cc1ccc(-c2ccc(F)cc2)s1,CYP2E1,0
Cc1ccc([C@@H]2O[C@H](CO)[C@@H](O)[C@H](O)[C@H]2O)cc1Cc1ccc(-c2ccc(F)cc2)s1,CYP3A4,1
Cc1ccc([N+](=O)[O-])c2c(NCCCN(C)CCCNc3ccc4ncn5c6ccc(O)cc6c(=O)c3c45)c3ccccc3nc12,CYP3A4,1
Cc1ccc([N+](=O)[O-])c2c(NCCCN(C)CCCNc3ccc4ncn5c6ccccc6c(=O)c3c45)c3ccccc3nc12,CYP2C19,1
Cc1ccc([N+](=O)[O-])c2c(NCCCN(C)CCCNc3ccc4ncn5c6ccccc6c(=O)c3c45)c3ccccc3nc12,CYP3A4,1
Cc1ccc2c(=O)c3cccc(CC(=O)O)c3oc2c1C,CYP1A2,1
Cc1ccc2c(=O)c3cccc(CC(=O)O)c3oc2c1C,CYP2A6,0
Cc1ccc2c(=O)c3cccc(CC(=O)O)c3oc2c1C,CYP2B6,0
Cc1ccc2c(=O)c3cccc(CC(=O)O)c3oc2c1C,CYP2C19,0
Cc1ccc2c(=O)c3cccc(CC(=O)O)c3oc2c1C,CYP2C9,0
Cc1ccc2c(=O)c3cccc(CC(=O)O)c3oc2c1C,CYP2D6,0
Cc1ccc2c(=O)c3cccc(CC(=O)O)c3oc2c1C,CYP2E1,0
Cc1ccc2c(=O)c3cccc(CC(=O)O)c3oc2c1C,CYP3A4,0
Cc1ccc2c(c1)[C@]13CCCC[C@@H]1[C@H](C2)N(C)CC3,CYP1A2,0
Cc1ccc2c(c1)[C@]13CCCC[C@@H]1[C@H](C2)N(C)CC3,CYP2A6,0
Cc1ccc2c(c1)[C@]13CCCC[C@@H]1[C@H](C2)N(C)CC3,CYP2D6,1
Cc1ccc2c(c1)[C@]13CCCC[C@@H]1[C@H](C2)N(C)CC3,CYP2E1,0
Cc1ccc2ccc3cccc4ccc1c2c34,CYP1A2,1
Cc1ccc2ccc3cccc4ccc1c2c34,CYP3A4,1
Cc1ccc2nc[nH]c2c1,CYP3A4,0
Cc1cccc(-c2[nH]c(Cc3cccc(C(N)=O)c3)nc2-c2ccc3nccnc3c2)n1,CYP1A2,0
Cc1cccc(-c2[nH]c(Cc3cccc(C(N)=O)c3)nc2-c2ccc3nccnc3c2)n1,CYP2A6,0
Cc1cccc(-c2[nH]c(Cc3cccc(C(N)=O)c3)nc2-c2ccc3nccnc3c2)n1,CYP2B6,0
Cc1cccc(-c2[nH]c(Cc3cccc(C(N)=O)c3)nc2-c2ccc3nccnc3c2)n1,CYP2C19,1
Cc1cccc(-c2[nH]c(Cc3cccc(C(N)=O)c3)nc2-c2ccc3nccnc3c2)n1,CYP2C8,1
Cc1cccc(-c2[nH]c(Cc3cccc(C(N)=O)c3)nc2-c2ccc3nccnc3c2)n1,CYP2C9,0
Cc1cccc(-c2[nH]c(Cc3cccc(C(N)=O)c3)nc2-c2ccc3nccnc3c2)n1,CYP2D6,1
Cc1cccc(-c2[nH]c(Cc3cccc(C(N)=O)c3)nc2-c2ccc3nccnc3c2)n1,CYP2E1,0
Cc1cccc(-c2[nH]c(Cc3cccc(C(N)=O)c3)nc2-c2ccc3nccnc3c2)n1,CYP3A4,1
Cc1cccc(C)c1,CYP1A2,1
Cc1cccc(C)c1,CYP2E1,1
Cc1cccc(C)c1CNc1cc(C(=O)N2CCC2)cn2c(C)c(C)nc12,CYP2A6,0
Cc1cccc(C)c1CNc1cc(C(=O)N2CCC2)cn2c(C)c(C)nc12,CYP2D6,1
Cc1cccc(C)c1CNc1cc(C(=O)N2CCC2)cn2c(C)c(C)nc12,CYP2E1,0
Cc1cccc(C)c1CNc1cc(C(=O)N2CCC2)cn2c(C)c(C)nc12,CYP3A4,1
Cc1cccc(C)c1N,CYP2A6,1
Cc1cccc(C)c1N,CYP2E1,1
Cc1cccc(C)c1N(C(=O)CO)[C@H](C)C(=O)O,CYP2B6,1
Cc1cccc(C)c1NC(=O)CN1CCCC1=O,CYP1A2,1
Cc1cccc(C)c1NC(=O)CN1CCCC1=O,CYP2A6,0
Cc1cccc(C)c1NC(=O)CN1CCCC1=O,CYP2B6,0
Cc1cccc(C)c1NC(=O)CN1CCCC1=O,CYP2C19,1
Cc1cccc(C)c1NC(=O)CN1CCCC1=O,CYP2C8,0
Cc1cccc(C)c1NC(=O)CN1CCCC1=O,CYP2C9,0
Cc1cccc(C)c1NC(=O)CN1CCCC1=O,CYP2D6,0
Cc1cccc(C)c1NC(=O)CN1CCCC1=O,CYP2E1,0
Cc1cccc(C)c1NC(=O)CN1CCCC1=O,CYP3A4,1
Cc1cccc(C)c1O,CYP1A2,1
Cc1cccc(C)c1O,CYP2C19,1
Cc1cccc(C)c1O,CYP2D6,1
Cc1cccc(C)c1OCC(=O)N[C@@H](Cc1ccccc1)[C@@H](O)C[C@H](Cc1ccccc1)NC(=O)[C@H](C(C)C)N1CCCNC1=O,CYP1A2,0
Cc1cccc(C)c1OCC(=O)N[C@@H](Cc1ccccc1)[C@@H](O)C[C@H](Cc1ccccc1)NC(=O)[C@H](C(C)C)N1CCCNC1=O,CYP2C19,0
Cc1cccc(C)c1OCC(=O)N[C@@H](Cc1ccccc1)[C@@H](O)C[C@H](Cc1ccccc1)NC(=O)[C@H](C(C)C)N1CCCNC1=O,CYP2C8,0
Cc1cccc(C)c1OCC(=O)N[C@@H](Cc1ccccc1)[C@@H](O)C[C@H](Cc1ccccc1)NC(=O)[C@H](C(C)C)N1CCCNC1=O,CYP2C9,0
Cc1cccc(C)c1OCC(=O)N[C@@H](Cc1ccccc1)[C@@H](O)C[C@H](Cc1ccccc1)NC(=O)[C@H](C(C)C)N1CCCNC1=O,CYP2E1,0
Cc1cccc(C)c1OCC(=O)N[C@@H](Cc1ccccc1)[C@@H](O)C[C@H](Cc1ccccc1)NC(=O)[C@H](C(C)C)N1CCCNC1=O,CYP3A4,1
Cc1cccc(C)c1OCC(=O)O,CYP3A4,0
Cc1cccc(C)c1OCC(C)N,CYP1A2,1
Cc1cccc(C)c1OCC(C)N,CYP2B6,1
Cc1cccc(C)c1OCC(C)N,CYP2D6,1
Cc1cccc(C)c1OCC(C)N,CYP2E1,1
Cc1cccc(CN2CCN(C(c3ccccc3)c3ccc(Cl)cc3)CC2)c1,CYP2D6,1
Cc1cccc(CO)c1CNc1cc(C(=O)N2CCC2)cn2c(C)c(C)nc12,CYP2A6,0
Cc1cccc(CO)c1CNc1cc(C(=O)N2CCC2)cn2c(C)c(C)nc12,CYP2B6,0
Cc1cccc(CO)c1CNc1cc(C(=O)N2CCC2)cn2c(C)c(C)nc12,CYP2E1,0
Cc1cccc(CO)c1CNc1cc(C(=O)N2CCC2)cn2c(C)c(C)nc12,CYP3A4,1
Cc1cccc(C[C@H](N)C(=O)O)c1,CYP2C19,0
Cc1cccc(C[C@H](N)C(=O)O)c1,CYP2C9,0
Cc1cccc(C[C@H](N)C(=O)O)c1,CYP3A4,0
Cc1cccc(Nc2ccccc2C(=O)O)c1C,CYP2C19,1
Cc1cccc(Nc2ccccc2C(=O)O)c1C,CYP2C8,1
Cc1cccc(Nc2ccccc2C(=O)O)c1C,CYP2C9,1
Cc1cccc(Nc2ccccc2C(=O)O)c1C,CYP3A4,1
Cc1cccc(Nc2nc(Nc3ccc(CC(=O)O)cc3)ncc2C(N)=O)c1,CYP2A6,0
Cc1cccc(O)c1O,CYP3A4,0
Cc1ccccc1,CYP1A2,1
Cc1ccccc1,CYP2A6,0
Cc1ccccc1,CYP2B6,1
Cc1ccccc1,CYP2C8,1
Cc1ccccc1,CYP2C9,0
Cc1ccccc1,CYP2D6,0
Cc1ccccc1,CYP2E1,1
Cc1ccccc1,CYP3A4,0
Cc1ccccc1-c1cc(N2CCN(C)CC2)ncc1N(C)C(=O)C(C)(C)c1cc(C(F)(F)F)cc(C(F)(F)F)c1,CYP2C9,1
Cc1ccccc1-c1cc(N2CCN(C)CC2)ncc1N(C)C(=O)C(C)(C)c1cc(C(F)(F)F)cc(C(F)(F)F)c1,CYP2D6,1
Cc1ccccc1-c1cc(N2CCN(C)CC2)ncc1N(C)C(=O)C(C)(C)c1cc(C(F)(F)F)cc(C(F)(F)F)c1,CYP3A4,1
Cc1ccccc1C,CYP2E1,1
Cc1ccccc1C(=O)N1CC/C(=N\OS(=O)(=O)O)c2ccc(Cl)cc21,CYP1A2,0
Cc1ccccc1C(=O)N1CC/C(=N\OS(=O)(=O)O)c2ccc(Cl)cc21,CYP2A6,0
Cc1ccccc1C(=O)N1CC/C(=N\OS(=O)(=O)O)c2ccc(Cl)cc21,CYP2B6,0
Cc1ccccc1C(=O)N1CC/C(=N\OS(=O)(=O)O)c2ccc(Cl)cc21,CYP2C19,0
Cc1ccccc1C(=O)N1CC/C(=N\OS(=O)(=O)O)c2ccc(Cl)cc21,CYP2C8,0
Cc1ccccc1C(=O)N1CC/C(=N\OS(=O)(=O)O)c2ccc(Cl)cc21,CYP2C9,1
Cc1ccccc1C(=O)N1CC/C(=N\OS(=O)(=O)O)c2ccc(Cl)cc21,CYP2D6,0
Cc1ccccc1C(=O)N1CC/C(=N\OS(=O)(=O)O)c2ccc(Cl)cc21,CYP2E1,0
Cc1ccccc1C(=O)N1CC/C(=N\OS(=O)(=O)O)c2ccc(Cl)cc21,CYP3A4,1
Cc1ccccc1C(=O)Nc1ccc(C(=O)N2CCCC(O)c3cc(Cl)ccc32)c(C)c1,CYP1A2,0
Cc1ccccc1C(=O)Nc1ccc(C(=O)N2CCCC(O)c3cc(Cl)ccc32)c(C)c1,CYP2B6,0
Cc1ccccc1C(=O)Nc1ccc(C(=O)N2CCCC(O)c3cc(Cl)ccc32)c(C)c1,CYP2C19,0
Cc1ccccc1C(=O)Nc1ccc(C(=O)N2CCCC(O)c3cc(Cl)ccc32)c(C)c1,CYP2C8,0
Cc1ccccc1C(=O)Nc1ccc(C(=O)N2CCCC(O)c3cc(Cl)ccc32)c(C)c1,CYP2C9,0
Cc1ccccc1C(=O)Nc1ccc(C(=O)N2CCCC(O)c3cc(Cl)ccc32)c(C)c1,CYP3A4,1
Cc1ccccc1N,CYP1A2,1
Cc1ccccc1N,CYP2E1,1
Cc1ccccc1OP(=O)(Oc1ccccc1C)Oc1ccccc1C,CYP1A2,1
Cc1ccccc1OP(=O)(Oc1ccccc1C)Oc1ccccc1C,CYP2B6,1
Cc1ccccc1OP(=O)(Oc1ccccc1C)Oc1ccccc1C,CYP2C19,1
Cc1ccccc1OP(=O)(Oc1ccccc1C)Oc1ccccc1C,CYP2D6,1
Cc1ccccc1OP(=O)(Oc1ccccc1C)Oc1ccccc1C,CYP3A4,1
Cc1ccccn1,CYP2C8,0
Cc1cccnc1,CYP2D6,0
Cc1ccnc2c1NC(=O)c1cccnc1N2C1CC1,CYP2B6,1
Cc1ccnc2c1NC(=O)c1cccnc1N2C1CC1,CYP2C9,1
Cc1ccnc2c1NC(=O)c1cccnc1N2C1CC1,CYP2D6,1
Cc1ccnc2c1NC(=O)c1cccnc1N2C1CC1,CYP3A4,1
Cc1ccsc1-c1ccc([C@H](C)C(=O)O)cc1,CYP1A2,0
Cc1ccsc1-c1ccc([C@H](C)C(=O)O)cc1,CYP2A6,0
Cc1ccsc1-c1ccc([C@H](C)C(=O)O)cc1,CYP2B6,0
Cc1ccsc1-c1ccc([C@H](C)C(=O)O)cc1,CYP2C19,0
Cc1ccsc1-c1ccc([C@H](C)C(=O)O)cc1,CYP2C9,1
Cc1ccsc1-c1ccc([C@H](C)C(=O)O)cc1,CYP2D6,0
Cc1cn([C@@H]2C[C@@H](O)[C@H](CO)O2)c(=O)[nH]c1=O,CYP3A4,0
Cc1cn([C@@H]2O[C@H](COP(=O)(O)O)[C@@H](O)[C@H]2O)c(=O)[nH]c1=O,CYP3A4,0
Cc1cn([C@@H]2O[C@H](COP(=O)(O)O)[C@@H](O)[C@H]2O)c(=O)nc1N,CYP2C19,0
Cc1cn([C@@H]2O[C@H](COP(=O)(O)O)[C@@H](O)[C@H]2O)c(=O)nc1N,CYP2E1,0
Cc1cn([C@@H]2O[C@H](COP(=O)(O)O)[C@@H](O)[C@H]2O)c(=O)nc1N,CYP3A4,0
Cc1cn([C@H]2C=C[C@@H](CO)O2)c(=O)[nH]c1=O,CYP2B6,0
Cc1cn([C@H]2C=C[C@@H](CO)O2)c(=O)[nH]c1=O,CYP2C8,0
Cc1cn([C@H]2C=C[C@@H](CO[P@](=O)(O)OP(=O)(O)O)O2)c(=O)[nH]c1=O,CYP2D6,0
Cc1cn([C@H]2C[C@H](N)[C@@H](COP(=O)(O)O)O2)c(=O)[nH]c1=O,CYP2C19,0
Cc1cn([C@H]2C[C@H](N)[C@@H](COP(=O)(O)O)O2)c(=O)[nH]c1=O,CYP2C9,0
Cc1cn([C@H]2C[C@H](O)[C@@H](COP(O)(=S)S)O2)c(=O)[nH]c1=O,CYP3A4,0
Cc1cn([C@H]2C[C@H](OP(=O)(O)O)[C@@H](COP(=O)(O)O)O2)c(=O)[nH]c1=O,CYP2A6,0
Cc1cnc2c(N)cc(C(=O)N3CCC3)cn12,CYP1A2,1
Cc1cnc2c(N)cc(C(=O)N3CCC3)cn12,CYP2A6,0
Cc1cnc2c(N)cc(C(=O)N3CCC3)cn12,CYP2B6,0
Cc1cnc2c(N)cc(C(=O)N3CCC3)cn12,CYP2C8,0
Cc1cnc2c(N)cc(C(=O)N3CCC3)cn12,CYP2E1,0
Cc1cnc2c(N)cc(C(=O)N3CCC3)cn12,CYP3A4,0
Cc1coc2c1C(=O)C(=O)c1c-2ccc2c1CCCC2(C)C,CYP1A2,0
Cc1coc2c1C(=O)C(=O)c1c-2ccc2c1CCCC2(C)C,CYP2A6,1
Cc1coc2c1C(=O)C(=O)c1c-2ccc2c1CCCC2(C)C,CYP2B6,0
Cc1coc2c1C(=O)C(=O)c1c-2ccc2c1CCCC2(C)C,CYP2C19,0
Cc1coc2c1C(=O)C(=O)c1c-2ccc2c1CCCC2(C)C,CYP2C8,0
Cc1coc2c1C(=O)C(=O)c1c-2ccc2c1CCCC2(C)C,CYP2C9,0
Cc1coc2c1C(=O)C(=O)c1c-2ccc2c1CCCC2(C)C,CYP2D6,0
Cc1coc2c1C(=O)C(=O)c1c-2ccc2c1CCCC2(C)C,CYP2E1,0
Cc1coc2c1C(=O)C(=O)c1c-2ccc2c1CCCC2(C)C,CYP3A4,0
Cc1coc2c1CCC(C)C2,CYP1A2,1
Cc1coc2c1CCC(C)C2,CYP2B6,1
Cc1coc2c1CCC(C)C2,CYP2C19,1
Cc1coc2c1CC[C@@H](C)C2,CYP1A2,1
Cc1coc2c1CC[C@@H](C)C2,CYP2C19,1
Cc1coc2c1CC[C@@H](C)C2,CYP2E1,1
Cc1nc(-c2ccc(OCC(C)C)c(C#N)c2)sc1C(=O)O,CYP1A2,1
Cc1nc(-c2ccc(OCC(C)C)c(C#N)c2)sc1C(=O)O,CYP2A6,0
Cc1nc(-c2ccc(OCC(C)C)c(C#N)c2)sc1C(=O)O,CYP2B6,0
Cc1nc(-c2ccc(OCC(C)C)c(C#N)c2)sc1C(=O)O,CYP2C19,0
Cc1nc(-c2ccc(OCC(C)C)c(C#N)c2)sc1C(=O)O,CYP2C8,1
Cc1nc(-c2ccc(OCC(C)C)c(C#N)c2)sc1C(=O)O,CYP2C9,1
Cc1nc(-c2ccc(OCC(C)C)c(C#N)c2)sc1C(=O)O,CYP2D6,0
Cc1nc(-c2ccc(OCC(C)C)c(C#N)c2)sc1C(=O)O,CYP2E1,0
Cc1nc(-c2ccc(OCC(C)CO)c(C#N)c2)sc1C(=O)O,CYP1A2,0
Cc1nc(-c2ccc(OCC(C)CO)c(C#N)c2)sc1C(=O)O,CYP2A6,0
Cc1nc(-c2ccc(OCC(C)CO)c(C#N)c2)sc1C(=O)O,CYP2B6,0
Cc1nc(-c2ccc(OCC(C)CO)c(C#N)c2)sc1C(=O)O,CYP2C19,0
Cc1nc(-c2ccc(OCC(C)CO)c(C#N)c2)sc1C(=O)O,CYP2C8,0
Cc1nc(-c2ccc(OCC(C)CO)c(C#N)c2)sc1C(=O)O,CYP2C9,0
Cc1nc(-c2ccc(OCC(C)CO)c(C#N)c2)sc1C(=O)O,CYP2D6,0
Cc1nc(-c2ccc(OCC(C)CO)c(C#N)c2)sc1C(=O)O,CYP2E1,0
Cc1nc(-c2ccc(OCC(C)CO)c(C#N)c2)sc1C(=O)O,CYP3A4,0
Cc1nc(C#Cc2cccnc2)cs1,CYP1A2,1
Cc1nc(C#Cc2cccnc2)cs1,CYP2C19,1
Cc1nc(C#Cc2cccnc2)cs1,CYP2C9,1
Cc1nc(C#Cc2ccnc(Cl)c2)c(C)n1-c1ccc(F)cc1,CYP1A2,1
Cc1nc(C#Cc2ccnc(Cl)c2)c(C)n1-c1ccc(F)cc1,CYP2C19,1
Cc1nc(C#Cc2ccnc(Cl)c2)c(C)n1-c1ccc(F)cc1,CYP3A4,1
Cc1nc(C)c(C)nc1C,CYP1A2,1
Cc1nc(C)c(C)nc1C,CYP2C9,1
Cc1nc(C)c(C)nc1C,CYP3A4,1
Cc1nc(NC(=O)N2CCC[C@H]2C(N)=O)sc1-c1ccnc(C(C)(C)C(F)(F)F)c1,CYP2A6,0
Cc1nc(NC(=O)N2CCC[C@H]2C(N)=O)sc1-c1ccnc(C(C)(C)C(F)(F)F)c1,CYP2C9,0
Cc1nc(NC(=O)N2CCC[C@H]2C(N)=O)sc1-c1ccnc(C(C)(C)C(F)(F)F)c1,CYP2D6,0
Cc1nc(NC(=O)N2CCC[C@H]2C(N)=O)sc1-c1ccnc(C(C)(C)C(F)(F)F)c1,CYP3A4,1
Cc1nc(Nc2ncc(C(=O)Nc3c(C)cccc3Cl)s2)cc(N2CCN(CCO)CC2)n1,CYP1A2,0
Cc1nc(Nc2ncc(C(=O)Nc3c(C)cccc3Cl)s2)cc(N2CCN(CCO)CC2)n1,CYP2A6,0
Cc1nc(Nc2ncc(C(=O)Nc3c(C)cccc3Cl)s2)cc(N2CCN(CCO)CC2)n1,CYP2B6,0
Cc1nc(Nc2ncc(C(=O)Nc3c(C)cccc3Cl)s2)cc(N2CCN(CCO)CC2)n1,CYP2C8,0
Cc1nc(Nc2ncc(C(=O)Nc3c(C)cccc3Cl)s2)cc(N2CCN(CCO)CC2)n1,CYP2D6,0
Cc1nc(Nc2ncc(C(=O)Nc3c(C)cccc3Cl)s2)cc(N2CCN(CCO)CC2)n1,CYP3A4,1
Cc1nc([C@H](C)N)n(CC(=O)O)c1O,CYP3A4,0
Cc1nc([N+](=O)[O-])cn1CC(=O)NCCCO,CYP1A2,0
Cc1nc([N+](=O)[O-])cn1CC(=O)NCCCO,CYP3A4,0
Cc1nc2c(F)cc(-c3nc(Nc4ccc(CN5CCNCC5)cn4)ncc3F)cc2n1C(C)C,CYP3A4,1
Cc1nc2c(N3CCNCC3)cccc2n1S(=O)(=O)c1ccccc1,CYP1A2,0
Cc1nc2c(N3CCNCC3)cccc2n1S(=O)(=O)c1ccccc1,CYP2C19,1
Cc1nc2c(N3CCNCC3)cccc2n1S(=O)(=O)c1ccccc1,CYP2C9,0
Cc1nc2c(N3CCNCC3)cccc2n1S(=O)(=O)c1ccccc1,CYP3A4,1
Cc1nc2c(O)cccc2c(=O)[nH]1,CYP2C8,0
Cc1nc2n(c(=O)c1CCN1CCC(c3noc4cc(F)ccc34)CC1)CCCC2,CYP2D6,1
Cc1nc2n(c(=O)c1CCN1CCC(c3noc4cc(F)ccc34)CC1)CCCC2,CYP3A4,1
Cc1nc2n(c(=O)c1CCN1CCC(c3noc4cc(F)ccc34)CC1)CCCC2O,CYP2D6,1
Cc1ncc(C)c(N)n1,CYP2D6,0
Cc1ncc(C)c(N)n1,CYP3A4,0
Cc1ncc(CO)c(N)n1,CYP3A4,0
Cc1ncc(COP(=O)(O)O)c(C/N=C(\C=C\CP(=O)(O)O)C(=O)O)c1O,CYP1A2,0
Cc1ncc(COP(=O)(O)O)c(C/N=C(\C=C\CP(=O)(O)O)C(=O)O)c1O,CYP2C19,0
Cc1ncc(COP(=O)(O)O)c(CNC(C)(C)C(=O)O)c1O,CYP1A2,0
Cc1ncc(C[n+]2csc(CCO)c2C)c(N)n1,CYP2C8,0
Cc1ncc(C[n+]2csc(CCOP(=O)(O)O)c2C)c(N)n1,CYP2C8,0
Cc1ncc(C[n+]2csc(CCO[P@@](=O)(O)O[P@@](=O)([O-])O)c2C)c(N)n1,CYP2D6,0
Cc1ncc(C[n+]2csc(CCO[P@@](=O)(O)O[P@@](=O)([O-])O)c2C)c(N)n1,CYP3A4,0
Cc1ncc(C[n+]2csc(CCO[P@@](=O)([O-])O)c2C)c(N)n1,CYP2B6,0
Cc1ncc([N+](=O)[O-])n1CC(C)O,CYP2A6,0
Cc1ncc([N+](=O)[O-])n1CC(C)O,CYP2C19,0
Cc1ncc([N+](=O)[O-])n1CC(C)O,CYP2E1,0
Cc1ncc([N+](=O)[O-])n1CCNS(N)(=O)=O,CYP2C8,0
Cc1ncc([N+](=O)[O-])n1CCO,CYP1A2,0
Cc1ncc([N+](=O)[O-])n1CCO,CYP2A6,1
Cc1ncc([N+](=O)[O-])n1CCO,CYP2C8,0
Cc1ncc([N+](=O)[O-])n1CCO,CYP2C9,0
Cc1ncc([N+](=O)[O-])n1CCO,CYP2D6,0
Cc1ncc([N+](=O)[O-])n1CCO,CYP2E1,0
Cc1nccn1C,CYP3A4,0
Cc1nccn1CC1CCc2c(c3ccccc3n2C)C1=O,CYP1A2,1
Cc1nccn1CC1CCc2c(c3ccccc3n2C)C1=O,CYP2D6,1
Cc1nccn1CC1CCc2c(c3ccccc3n2C)C1=O,CYP3A4,1
Cc1nccn1CCC(C(N)=O)(c1ccccc1)c1ccccc1,CYP2C8,0
Cc1nccn1CCC(C(N)=O)(c1ccccc1)c1ccccc1,CYP2C9,0
Cc1nccn1CCC(C(N)=O)(c1ccccc1)c1ccccc1,CYP2E1,0
Cc1nccn1CCC(C(N)=O)(c1ccccc1)c1ccccc1,CYP3A4,1
Cc1ncnc2nc[nH]c12,CYP3A4,0
Cc1ncsc1CCCl,CYP2A6,1
Cc1ncsc1CCOP(=O)(O)O,CYP3A4,0
Cc1nn(C)c(Cl)c1C(=O)Nc1cccc2c1C(C)OC2(C)C,CYP1A2,1
Cc1nn(C)c(Cl)c1C(=O)Nc1cccc2c1C(C)OC2(C)C,CYP2C19,1
Cc1nn(C)c(Cl)c1C(=O)Nc1cccc2c1C(C)OC2(C)C,CYP3A4,1
Cc1nnc(C(=O)NC(C)(C)c2nc(C(=O)NCc3ccc(F)cc3)c(O)c(=O)n2C)o1,CYP1A2,0
Cc1nnc(C(=O)NC(C)(C)c2nc(C(=O)NCc3ccc(F)cc3)c(O)c(=O)n2C)o1,CYP2A6,0
Cc1nnc(C(=O)NC(C)(C)c2nc(C(=O)NCc3ccc(F)cc3)c(O)c(=O)n2C)o1,CYP2B6,0
Cc1nnc(C(=O)NC(C)(C)c2nc(C(=O)NCc3ccc(F)cc3)c(O)c(=O)n2C)o1,CYP2C19,0
Cc1nnc(C(=O)NC(C)(C)c2nc(C(=O)NCc3ccc(F)cc3)c(O)c(=O)n2C)o1,CYP2C8,0
Cc1nnc(C(=O)NC(C)(C)c2nc(C(=O)NCc3ccc(F)cc3)c(O)c(=O)n2C)o1,CYP2C9,0
Cc1nnc(C(=O)NC(C)(C)c2nc(C(=O)NCc3ccc(F)cc3)c(O)c(=O)n2C)o1,CYP2D6,0
Cc1nnc(C(=O)NC(C)(C)c2nc(C(=O)NCc3ccc(F)cc3)c(O)c(=O)n2C)o1,CYP2E1,0
Cc1nnc(C(=O)NC(C)(C)c2nc(C(=O)NCc3ccc(F)cc3)c(O)c(=O)n2C)o1,CYP3A4,0
Cc1nnc(C(C)C)n1C1C[C@H]2CC[C@@H](C1)N2CC[C@H](NC(=O)C1CCC(F)(F)CC1)c1ccccc1,CYP1A2,0
Cc1nnc(C(C)C)n1C1C[C@H]2CC[C@@H](C1)N2CC[C@H](NC(=O)C1CCC(F)(F)CC1)c1ccccc1,CYP2B6,0
Cc1nnc(C(C)C)n1C1C[C@H]2CC[C@@H](C1)N2CC[C@H](NC(=O)C1CCC(F)(F)CC1)c1ccccc1,CYP2C19,0
Cc1nnc(C(C)C)n1C1C[C@H]2CC[C@@H](C1)N2CC[C@H](NC(=O)C1CCC(F)(F)CC1)c1ccccc1,CYP2C8,0
Cc1nnc(C(C)C)n1C1C[C@H]2CC[C@@H](C1)N2CC[C@H](NC(=O)C1CCC(F)(F)CC1)c1ccccc1,CYP2C9,0
Cc1nnc(C(C)C)n1C1C[C@H]2CC[C@@H](C1)N2CC[C@H](NC(=O)C1CCC(F)(F)CC1)c1ccccc1,CYP3A4,1
Cc1nnc2n1-c1ccc(Br)cc1C(c1ccccc1)=NC2,CYP1A2,0
Cc1nnc2n1-c1ccc(Br)cc1C(c1ccccc1)=NC2,CYP2A6,0
Cc1nnc2n1-c1ccc(Br)cc1C(c1ccccc1)=NC2,CYP2B6,1
Cc1nnc2n1-c1ccc(Br)cc1C(c1ccccc1)=NC2,CYP2C19,1
Cc1nnc2n1-c1ccc(Br)cc1C(c1ccccc1)=NC2,CYP2C8,0
Cc1nnc2n1-c1ccc(Br)cc1C(c1ccccc1)=NC2,CYP2C9,1
Cc1nnc2n1-c1ccc(Br)cc1C(c1ccccc1)=NC2,CYP2D6,0
Cc1nnc2n1-c1ccc(Br)cc1C(c1ccccc1)=NC2,CYP2E1,0
Cc1nnc2n1-c1ccc(Br)cc1C(c1ccccc1)=NC2,CYP3A4,1
Cc1nnc2n1-c1ccc(Br)cc1C(c1ccccc1Cl)=NC2,CYP1A2,0
Cc1nnc2n1-c1ccc(Br)cc1C(c1ccccc1Cl)=NC2,CYP2A6,0
Cc1nnc2n1-c1ccc(Br)cc1C(c1ccccc1Cl)=NC2,CYP2B6,1
Cc1nnc2n1-c1ccc(Br)cc1C(c1ccccc1Cl)=NC2,CYP2C19,1
Cc1nnc2n1-c1ccc(Br)cc1C(c1ccccc1Cl)=NC2,CYP2C8,0
Cc1nnc2n1-c1ccc(Br)cc1C(c1ccccc1Cl)=NC2,CYP2C9,0
Cc1nnc2n1-c1ccc(Br)cc1C(c1ccccc1Cl)=NC2,CYP2D6,0
Cc1nnc2n1-c1ccc(Br)cc1C(c1ccccc1Cl)=NC2,CYP2E1,0
Cc1nnc2n1-c1ccc(Br)cc1C(c1ccccc1Cl)=NC2,CYP3A4,1
Cc1nnc2n1-c1ccc(Cl)cc1C(c1ccccc1)=NC2,CYP3A4,1
Cc1nnc2n1-c1ccc(Cl)cc1C(c1ccccc1Cl)=NC2,CYP3A4,1
Cc1nnc2n1-c1ccc(Cl)cc1C(c1ccccc1F)=NC2,CYP1A2,0
Cc1nnc2n1-c1ccc(Cl)cc1C(c1ccccc1F)=NC2,CYP2A6,0
Cc1nnc2n1-c1ccc(Cl)cc1C(c1ccccc1F)=NC2,CYP2B6,1
Cc1nnc2n1-c1ccc(Cl)cc1C(c1ccccc1F)=NC2,CYP2C19,1
Cc1nnc2n1-c1ccc(Cl)cc1C(c1ccccc1F)=NC2,CYP2C8,0
Cc1nnc2n1-c1ccc(Cl)cc1C(c1ccccc1F)=NC2,CYP2C9,1
Cc1nnc2n1-c1ccc(Cl)cc1C(c1ccccc1F)=NC2,CYP2D6,0
Cc1nnc2n1-c1ccc(Cl)cc1C(c1ccccc1F)=NC2,CYP2E1,0
Cc1nnc2n1-c1ccc(Cl)cc1C(c1ccccc1F)=NC2,CYP3A4,1
Cc1nnc2n1-c1sc(Br)cc1C(c1ccccc1Cl)=NC2,CYP1A2,0
Cc1nnc2n1-c1sc(Br)cc1C(c1ccccc1Cl)=NC2,CYP2A6,0
Cc1nnc2n1-c1sc(Br)cc1C(c1ccccc1Cl)=NC2,CYP2B6,0
Cc1nnc2n1-c1sc(Br)cc1C(c1ccccc1Cl)=NC2,CYP2C19,0
Cc1nnc2n1-c1sc(Br)cc1C(c1ccccc1Cl)=NC2,CYP2C9,0
Cc1nnc2n1-c1sc(Br)cc1C(c1ccccc1Cl)=NC2,CYP2D6,0
Cc1nnc2n1-c1sc(Br)cc1C(c1ccccc1Cl)=NC2,CYP2E1,0
Cc1nnc2n1-c1sc(Br)cc1C(c1ccccc1Cl)=NC2,CYP3A4,1
Cc1nsc(-c2nnc3n2CCN(C(=O)c2ccc(F)cc2)[C@@H]3C)n1,CYP1A2,1
Cc1nsc(-c2nnc3n2CCN(C(=O)c2ccc(F)cc2)[C@@H]3C)n1,CYP2A6,0
Cc1nsc(-c2nnc3n2CCN(C(=O)c2ccc(F)cc2)[C@@H]3C)n1,CYP2B6,0
Cc1nsc(-c2nnc3n2CCN(C(=O)c2ccc(F)cc2)[C@@H]3C)n1,CYP2C19,1
Cc1nsc(-c2nnc3n2CCN(C(=O)c2ccc(F)cc2)[C@@H]3C)n1,CYP2C8,0
Cc1nsc(-c2nnc3n2CCN(C(=O)c2ccc(F)cc2)[C@@H]3C)n1,CYP2C9,1
Cc1nsc(-c2nnc3n2CCN(C(=O)c2ccc(F)cc2)[C@@H]3C)n1,CYP2D6,1
Cc1nsc(-c2nnc3n2CCN(C(=O)c2ccc(F)cc2)[C@@H]3C)n1,CYP2E1,0
Cc1nsc(-c2nnc3n2CCN(C(=O)c2ccc(F)cc2)[C@@H]3C)n1,CYP3A4,0
Cc1oc2c(C)c3oc(=O)cc(C)c3cc2c1COCCN,CYP2C8,0
Cc1onc(-c2c(F)cccc2Cl)c1C(=O)N[C@@H]1C(=O)N2[C@@H]1SC(C)(C)[C@@H]2C(=O)O,CYP2A6,0
Cc1onc(-c2c(F)cccc2Cl)c1C(=O)N[C@@H]1C(=O)N2[C@@H]1SC(C)(C)[C@@H]2C(=O)O,CYP2B6,0
Cc1onc(-c2c(F)cccc2Cl)c1C(=O)N[C@@H]1C(=O)N2[C@@H]1SC(C)(C)[C@@H]2C(=O)O,CYP3A4,1
Cc1onc(-c2ccccc2)c1C(=O)N[C@@H]1C(=O)N2[C@@H]1SC(C)(C)[C@@H]2C(=O)O,CYP1A2,0
Cc1onc(-c2ccccc2)c1C(=O)N[C@@H]1C(=O)N2[C@@H]1SC(C)(C)[C@@H]2C(=O)O,CYP2D6,0
Cc1onc(-c2ccccc2Cl)c1C(=O)N[C@@H]1C(=O)N2[C@@H]1SC(C)(C)[C@@H]2C(=O)O,CYP2B6,0
Cc1onc(-c2ccccc2Cl)c1C(=O)N[C@@H]1C(=O)N2[C@@H]1SC(C)(C)[C@@H]2C(=O)O,CYP2C8,0
Cc1onc(O)c1C[C@H](N)C(=O)O,CYP3A4,0
Cc1oncc1C(=O)Nc1ccc(C(F)(F)F)cc1,CYP1A2,1
Cc1oncc1C(=O)Nc1ccc(C(F)(F)F)cc1,CYP2C19,1
Cc1oncc1C(=O)Nc1ccc(C(F)(F)F)cc1,CYP3A4,1
Cc1sc(NC(=O)CSc2nnnn2C(C)C)c(C#N)c1C,CYP2A6,0
Cc1sc(NC(=O)CSc2nnnn2C(C)C)c(C#N)c1C,CYP2C8,0
Cc1sc(NC(=O)CSc2nnnn2C(C)C)c(C#N)c1C,CYP2E1,0
Cc1sc2c(c1C)C(c1ccc(Cl)cc1)=N[C@@H](CC(=O)OC(C)(C)C)c1nnc(C)n1-2,CYP1A2,0
Cc1sc2c(c1C)C(c1ccc(Cl)cc1)=N[C@@H](CC(=O)OC(C)(C)C)c1nnc(C)n1-2,CYP2A6,0
Cc1sc2c(c1C)C(c1ccc(Cl)cc1)=N[C@@H](CC(=O)OC(C)(C)C)c1nnc(C)n1-2,CYP2C19,1
Cc1sc2c(c1C)C(c1ccc(Cl)cc1)=N[C@@H](CC(=O)OC(C)(C)C)c1nnc(C)n1-2,CYP2E1,0
Cc1sc2c(c1C)C(c1ccc(Cl)cc1)=N[C@@H](CC(=O)OC(C)(C)C)c1nnc(C)n1-2,CYP3A4,1
ClC(Cl)Br,CYP1A2,1
ClC(Cl)Br,CYP2A6,1
ClC(Cl)Br,CYP2B6,0
ClC(Cl)Br,CYP2D6,0
ClC(Cl)Br,CYP2E1,1
ClC(Cl)Br,CYP3A4,1
ClC=C(Cl)Cl,CYP2B6,0
ClC=C(Cl)Cl,CYP2C9,0
ClC=C(Cl)Cl,CYP2D6,0
ClC=C(Cl)Cl,CYP2E1,1
ClC=C(Cl)Cl,CYP3A4,0
Clc1c(Cl)c(Cl)c(Cl)c(Cl)c1Cl,CYP3A4,1
Clc1cc(Cl)c(-c2cc(Cl)c(Cl)cc2Cl)cc1Cl,CYP2B6,1
Clc1cc(Cl)c(Cl)c(Cl)c1Cl,CYP3A4,1
Clc1cc2c(cc1Cl)Oc1cc(Cl)c(Cl)cc1O2,CYP1A2,0
Clc1cc2c(cc1Cl)Oc1ccccc1O2,CYP1A2,1
Clc1ccc(-c2c(Cl)ccc(Cl)c2Cl)c(Cl)c1,CYP1A2,0
Clc1ccc(-c2c(Cl)ccc(Cl)c2Cl)c(Cl)c1,CYP2A6,1
Clc1ccc(-c2c(Cl)ccc(Cl)c2Cl)c(Cl)c1,CYP2B6,1
Clc1ccc(-c2c(Cl)ccc(Cl)c2Cl)c(Cl)c1,CYP3A4,0
Clc1ccc(-c2c(Cl)ccc(Cl)c2Cl)c(Cl)c1Cl,CYP1A2,0
Clc1ccc(-c2c(Cl)ccc(Cl)c2Cl)c(Cl)c1Cl,CYP2A6,1
Clc1ccc(-c2c(Cl)ccc(Cl)c2Cl)c(Cl)c1Cl,CYP3A4,0
Clc1ccc(-c2ccc(Cl)cc2)cc1,CYP1A2,1
Clc1ccc(-c2ccc(Cl)cc2Cl)cc1,CYP1A2,1
Clc1ccc(-c2ccc(Cl)cc2Cl)cc1,CYP2A6,1
Clc1ccc(-c2ccc(Cl)cc2Cl)cc1,CYP2C8,0
Clc1ccc(-c2ccc(Cl)cc2Cl)cc1,CYP2C9,0
Clc1ccc(-c2ccc(Cl)cc2Cl)cc1,CYP2E1,0
Clc1ccc(-c2ccc(Cl)cc2Cl)cc1,CYP3A4,0
Clc1ccc(Cl)c(-c2c(Cl)ccc(Cl)c2Cl)c1,CYP1A2,0
Clc1ccc(Cl)c(-c2c(Cl)ccc(Cl)c2Cl)c1,CYP2A6,1
Clc1ccc(Cl)c(-c2c(Cl)ccc(Cl)c2Cl)c1,CYP3A4,0
Clc1ccc(Cl)c(-c2c(Cl)ccc(Cl)c2Cl)c1Cl,CYP1A2,0
Clc1ccc(Cl)c(-c2c(Cl)ccc(Cl)c2Cl)c1Cl,CYP2A6,1
Clc1ccc(Cl)c(-c2c(Cl)ccc(Cl)c2Cl)c1Cl,CYP3A4,0
Clc1ccc(Cl)c(-c2cc(Cl)c(Cl)cc2Cl)c1,CYP1A2,0
Clc1ccc(Cl)c(-c2cc(Cl)c(Cl)cc2Cl)c1,CYP2A6,1
Clc1ccc(Cl)c(-c2cc(Cl)c(Cl)cc2Cl)c1,CYP2B6,0
Clc1ccc(Cl)c(-c2cc(Cl)c(Cl)cc2Cl)c1,CYP2C19,0
Clc1ccc(Cl)c(-c2cc(Cl)c(Cl)cc2Cl)c1,CYP2C8,0
Clc1ccc(Cl)c(-c2cc(Cl)c(Cl)cc2Cl)c1,CYP2C9,0
Clc1ccc(Cl)c(-c2cc(Cl)ccc2Cl)c1,CYP1A2,0
Clc1ccc(Cl)c(-c2cc(Cl)ccc2Cl)c1,CYP2A6,1
Clc1ccc(Cl)c(-c2cc(Cl)ccc2Cl)c1,CYP2C9,0
Clc1ccc(Cl)c(-c2cc(Cl)ccc2Cl)c1,CYP2E1,1
Clc1ccc(Cl)c(-c2cc(Cl)ccc2Cl)c1,CYP3A4,1
Clc1ccc(Cl)c(Cl)c1,CYP1A2,1
Clc1ccc(Cl)c(Cl)c1,CYP2E1,1
Clc1ccc(Cl)c(Cl)c1,CYP3A4,1
Clc1ccc(Cl)cc1,CYP2E1,1
Clc1ccc2c(c1)C(c1ccccc1)=NCc1nncn1-2,CYP1A2,0
Clc1ccc2c(c1)C(c1ccccc1)=NCc1nncn1-2,CYP2A6,0
Clc1ccc2c(c1)C(c1ccccc1)=NCc1nncn1-2,CYP2C19,0
Clc1ccc2c(c1)C(c1ccccc1)=NCc1nncn1-2,CYP2C9,0
Clc1ccc2c(c1)C(c1ccccc1)=NCc1nncn1-2,CYP2D6,0
Clc1ccc2c(c1)C(c1ccccc1)=NCc1nncn1-2,CYP2E1,0
Clc1ccc2c(c1)C(c1ccccc1)=NCc1nncn1-2,CYP3A4,1
Clc1ccc2c(c1)CCc1cccnc1C2=C1CCNCC1,CYP2A6,0
Clc1ccc2c(c1)CCc1cccnc1C2=C1CCNCC1,CYP2C19,1
Clc1ccc2c(c1)CCc1cccnc1C2=C1CCNCC1,CYP2C9,0
Clc1ccc2c(c1)CCc1cccnc1C2=C1CCNCC1,CYP2D6,1
Clc1ccc2c(c1)CCc1cccnc1C2=C1CCNCC1,CYP2E1,0
Clc1ccc2c(c1)CCc1cccnc1C2=C1CCNCC1,CYP3A4,1
Clc1ccc2c(c1)Oc1cc(Cl)c(Cl)cc1O2,CYP1A2,1
Clc1ccc2c(c1)Oc1ccc(Cl)cc1O2,CYP1A2,1
Clc1ccc2c(c1)Oc1ccccc1O2,CYP1A2,1
Clc1ccc2ccc3cccc4ccc1c2c34,CYP1A2,1
Clc1cccc(-c2cc(NCc3ccncc3)n3nccc3n2)c1Cl,CYP2E1,0
Clc1cccc(Cl)c1NC1=NCCN1,CYP1A2,1
Clc1cccc(Cl)c1NC1=NCCN1,CYP2A6,0
Clc1cccc(Cl)c1NC1=NCCN1,CYP2B6,0
Clc1cccc(Cl)c1NC1=NCCN1,CYP2C19,0
Clc1cccc(Cl)c1NC1=NCCN1,CYP2C8,0
Clc1cccc(Cl)c1NC1=NCCN1,CYP2C9,0
Clc1cccc(Cl)c1NC1=NCCN1,CYP2D6,1
Clc1cccc(Cl)c1NC1=NCCN1,CYP2E1,0
Clc1cccc(Cl)c1NC1=NCCN1,CYP3A4,1
Clc1cccc(N2CCNCC2)c1,CYP1A2,0
Clc1cccc(N2CCNCC2)c1,CYP2C19,0
Clc1cccc(N2CCNCC2)c1,CYP2C8,0
Clc1cccc(N2CCNCC2)c1,CYP2C9,0
Clc1cccc(N2CCNCC2)c1,CYP2D6,1
Clc1cccc(N2CCNCC2)c1,CYP3A4,0
Clc1ccccc1-c1c(Cl)ccc(Cl)c1Cl,CYP2B6,1
Clc1ccccc1CN1CCc2sccc2C1,CYP1A2,1
Clc1ccccc1CN1CCc2sccc2C1,CYP2B6,1
Clc1ccccc1CN1CCc2sccc2C1,CYP2C19,1
Clc1ccccc1CN1CCc2sccc2C1,CYP2D6,1
Clc1ccccc1CN1CCc2sccc2C1,CYP3A4,1
Clc1ccccc1Cl,CYP1A2,1
Clc1ccccc1Cl,CYP2E1,1
Clc1ccccc1Cl,CYP3A4,1
Cn1c(=O)[nH]c2ncn(C)c2c1=O,CYP1A2,1
Cn1c(=O)[nH]c2ncn(C)c2c1=O,CYP2A6,1
Cn1c(=O)c(-c2c(Cl)cccc2Cl)cc2cnc(Nc3cccc(CO)c3)nc21,CYP2B6,0
Cn1c(=O)c2[nH]cnc2n(C)c1=O,CYP1A2,1
Cn1c(=O)c2[nH]cnc2n(C)c1=O,CYP2A6,1
Cn1c(=O)c2[nH]cnc2n(C)c1=O,CYP2B6,1
Cn1c(=O)c2[nH]cnc2n(C)c1=O,CYP2D6,1
Cn1c(=O)c2[nH]cnc2n(C)c1=O,CYP2E1,1
Cn1c(=O)c2[nH]cnc2n(C)c1=O,CYP3A4,1
Cn1c(=O)c2c(ncn2C)n(C)c1=O,CYP1A2,1
Cn1c(=O)c2c(ncn2C)n(C)c1=O,CYP2D6,1
Cn1c(=O)c2c(ncn2C)n(C)c1=O,CYP2E1,1
Cn1c(=O)c2c(ncn2C)n(C)c1=O,CYP3A4,1
Cn1c(CCCC(=O)O)nc2cc(N(CCCl)CCCl)ccc21,CYP1A2,1
Cn1c(CNc2ccc(C(=N)N)cc2)nc2cc(C(=O)N(CCC(=O)O)c3ccccn3)ccc21,CYP2A6,0
Cn1c(CNc2ccc(C(=N)N)cc2)nc2cc(C(=O)N(CCC(=O)O)c3ccccn3)ccc21,CYP2C8,0
Cn1c(Cn2ccc(C(F)(F)F)c(Oc3cc(Cl)cc(C#N)c3)c2=O)n[nH]c1=O,CYP1A2,0
Cn1c(Cn2ccc(C(F)(F)F)c(Oc3cc(Cl)cc(C#N)c3)c2=O)n[nH]c1=O,CYP2A6,0
Cn1c(Cn2ccc(C(F)(F)F)c(Oc3cc(Cl)cc(C#N)c3)c2=O)n[nH]c1=O,CYP2B6,0
Cn1c(Cn2ccc(C(F)(F)F)c(Oc3cc(Cl)cc(C#N)c3)c2=O)n[nH]c1=O,CYP2C19,0
Cn1c(Cn2ccc(C(F)(F)F)c(Oc3cc(Cl)cc(C#N)c3)c2=O)n[nH]c1=O,CYP2C8,0
Cn1c(Cn2ccc(C(F)(F)F)c(Oc3cc(Cl)cc(C#N)c3)c2=O)n[nH]c1=O,CYP2C9,0
Cn1c(Cn2ccc(C(F)(F)F)c(Oc3cc(Cl)cc(C#N)c3)c2=O)n[nH]c1=O,CYP2D6,0
Cn1c(Cn2ccc(C(F)(F)F)c(Oc3cc(Cl)cc(C#N)c3)c2=O)n[nH]c1=O,CYP2E1,0
Cn1c(Cn2ccc(C(F)(F)F)c(Oc3cc(Cl)cc(C#N)c3)c2=O)n[nH]c1=O,CYP3A4,1
Cn1cc(C2=C(c3cn(C)c4cc([N+](=O)[O-])ccc34)C(=O)NC2=O)c2ccccc21,CYP2E1,0
Cn1cc(C[C@@H](N)C(=O)O)c2ccccc21,CYP3A4,0
Cn1ccnc1,CYP2B6,0
Cn1ccnc1,CYP3A4,0
Cn1cnc(C[C@H](N)C(=O)O)c1,CYP3A4,0
Cn1cnc2c(F)c(Nc3ccc(Br)cc3Cl)c(C(=O)NOCCO)cc21,CYP1A2,1
Cn1cnc2c(F)c(Nc3ccc(Br)cc3Cl)c(C(=O)NOCCO)cc21,CYP2A6,1
Cn1cnc2c(F)c(Nc3ccc(Br)cc3Cl)c(C(=O)NOCCO)cc21,CYP2C19,1
Cn1cnc2c(F)c(Nc3ccc(Br)cc3Cl)c(C(=O)NOCCO)cc21,CYP2C9,1
Cn1cnc2c(F)c(Nc3ccc(Br)cc3Cl)c(C(=O)NOCCO)cc21,CYP2E1,1
Cn1cnc2c(F)c(Nc3ccc(Br)cc3Cl)c(C(=O)NOCCO)cc21,CYP3A4,1
Cn1cnc2c(F)c(Nc3ccc(Br)cc3F)c(C(=O)NOCCO)cc21,CYP1A2,1
Cn1cnc2c(F)c(Nc3ccc(Br)cc3F)c(C(=O)NOCCO)cc21,CYP2C19,1
Cn1cnc2c1c(=O)[nH]c(=O)n2C,CYP1A2,1
Cn1cnc2c1c(=O)[nH]c(=O)n2C,CYP2A6,1
Cn1cnc2c1c(=O)[nH]c(=O)n2C,CYP2E1,1
FC(F)(F)C(Cl)Br,CYP1A2,1
FC(F)(F)C(Cl)Br,CYP2A6,1
FC(F)(F)C(Cl)Br,CYP2B6,1
FC(F)(F)C(Cl)Br,CYP2D6,1
FC(F)(F)C(Cl)Br,CYP2E1,1
FC(F)(F)c1cccc(N2CCNCC2)c1,CYP1A2,1
FC(F)(F)c1cccc(N2CCNCC2)c1,CYP2A6,0
FC(F)(F)c1cccc(N2CCNCC2)c1,CYP2B6,0
FC(F)(F)c1cccc(N2CCNCC2)c1,CYP2C19,0
FC(F)(F)c1cccc(N2CCNCC2)c1,CYP2C8,0
FC(F)(F)c1cccc(N2CCNCC2)c1,CYP2C9,0
FC(F)(F)c1cccc(N2CCNCC2)c1,CYP2D6,1
FC(F)(F)c1cccc(N2CCNCC2)c1,CYP2E1,0
FC(F)(F)c1cccc(N2CCNCC2)c1,CYP3A4,1
Fc1ccc(-c2cncc(CNC[C@H]3CCc4ccccc4O3)c2)cc1,CYP1A2,1
Fc1ccc(-c2cncc(CNC[C@H]3CCc4ccccc4O3)c2)cc1,CYP2A6,1
Fc1ccc(-c2cncc(CNC[C@H]3CCc4ccccc4O3)c2)cc1,CYP2C8,1
Fc1ccc(-c2cncc(CNC[C@H]3CCc4ccccc4O3)c2)cc1,CYP2C9,1
Fc1ccc(-c2cncc(CNC[C@H]3CCc4ccccc4O3)c2)cc1,CYP3A4,1
Fc1ccc(-c2nc3ccc(N4CCC(N5CCCC5)CC4)nn3c2-c2ccncc2)cc1,CYP2D6,0
Fc1ccc(C(c2ccc(F)cc2)N2CCN(C/C=C/c3ccccc3)CC2)cc1,CYP1A2,0
Fc1ccc(C(c2ccc(F)cc2)N2CCN(C/C=C/c3ccccc3)CC2)cc1,CYP2A6,1
Fc1ccc(C(c2ccc(F)cc2)N2CCN(C/C=C/c3ccccc3)CC2)cc1,CYP2B6,0
Fc1ccc(C(c2ccc(F)cc2)N2CCN(C/C=C/c3ccccc3)CC2)cc1,CYP2C19,0
Fc1ccc(C(c2ccc(F)cc2)N2CCN(C/C=C/c3ccccc3)CC2)cc1,CYP2C8,0
Fc1ccc(C(c2ccc(F)cc2)N2CCN(C/C=C/c3ccccc3)CC2)cc1,CYP2C9,1
Fc1ccc(C(c2ccc(F)cc2)N2CCN(C/C=C/c3ccccc3)CC2)cc1,CYP2D6,1
Fc1ccc(C(c2ccc(F)cc2)N2CCN(C/C=C/c3ccccc3)CC2)cc1,CYP2E1,0
Fc1ccc(C(c2ccc(F)cc2)N2CCN(C/C=C/c3ccccc3)CC2)cc1,CYP3A4,0
Fc1ccc(OC[C@@H]2CNCCO2)c2c1CCC2,CYP1A2,1
Fc1ccc(OC[C@@H]2CNCCO2)c2c1CCC2,CYP2C19,1
Fc1ccc(OC[C@@H]2CNCCO2)c2c1CCC2,CYP2C8,0
Fc1ccc(OC[C@@H]2CNCCO2)c2c1CCC2,CYP2C9,0
Fc1ccc(OC[C@@H]2CNCCO2)c2c1CCC2,CYP2D6,1
Fc1ccc(OC[C@@H]2CNCCO2)c2c1CCC2,CYP3A4,1
Fc1cccc(CCN2CCN(CCCc3c[nH]c4ccc(-n5cnnc5)cc34)CC2)c1,CYP1A2,0
Fc1cccc(CCN2CCN(CCCc3c[nH]c4ccc(-n5cnnc5)cc34)CC2)c1,CYP2A6,0
Fc1cccc(CCN2CCN(CCCc3c[nH]c4ccc(-n5cnnc5)cc34)CC2)c1,CYP2C8,1
Fc1cccc(CCN2CCN(CCCc3c[nH]c4ccc(-n5cnnc5)cc34)CC2)c1,CYP2C9,0
Fc1cccc(CCN2CCN(CCCc3c[nH]c4ccc(-n5cnnc5)cc34)CC2)c1,CYP2D6,0
Fc1cccc(CCN2CCN(CCCc3c[nH]c4ccc(-n5cnnc5)cc34)CC2)c1,CYP2E1,0
Fc1cccc(CCN2CCN(CCCc3c[nH]c4ccc(-n5cnnc5)cc34)CC2)c1,CYP3A4,1
Fc1ccccc1-c1cc(NCc2ccncc2)n2nccc2n1,CYP2E1,0
Fc1ccccc1C1=NCC(=S)N(CC(F)(F)F)c2ccc(Cl)cc21,CYP1A2,0
Fc1ccccc1C1=NCC(=S)N(CC(F)(F)F)c2ccc(Cl)cc21,CYP2A6,0
Fc1ccccc1C1=NCC(=S)N(CC(F)(F)F)c2ccc(Cl)cc21,CYP2C19,1
Fc1ccccc1C1=NCC(=S)N(CC(F)(F)F)c2ccc(Cl)cc21,CYP2C9,1
Fc1ccccc1C1=NCC(=S)N(CC(F)(F)F)c2ccc(Cl)cc21,CYP2D6,0
Fc1ccccc1C1=NCC(=S)N(CC(F)(F)F)c2ccc(Cl)cc21,CYP2E1,0
Fc1ccccc1C1=NCC(=S)N(CC(F)(F)F)c2ccc(Cl)cc21,CYP3A4,1
N#CSc1cnn2c(NCc3ccncc3)cc(-c3cccc(Cl)c3Cl)nc12,CYP2E1,0
N#C[C@@H](O)c1ccc(O)cc1,CYP2C19,0
N#C[C@@H](O)c1ccc(O)cc1,CYP2E1,0
N#C[C@@H](O)c1ccccc1,CYP3A4,0
N#C[C@@H]1CCCN1C(=O)CNC12CC3CC(CC(O)(C3)C1)C2,CYP1A2,0
N#C[C@@H]1CCCN1C(=O)CNC12CC3CC(CC(O)(C3)C1)C2,CYP2A6,0
N#C[C@@H]1CCCN1C(=O)CNC12CC3CC(CC(O)(C3)C1)C2,CYP2B6,0
N#C[C@@H]1CCCN1C(=O)CNC12CC3CC(CC(O)(C3)C1)C2,CYP2C19,0
N#C[C@@H]1CCCN1C(=O)CNC12CC3CC(CC(O)(C3)C1)C2,CYP2C8,0
N#C[C@@H]1CCCN1C(=O)CNC12CC3CC(CC(O)(C3)C1)C2,CYP2C9,0
N#C[C@@H]1CCCN1C(=O)CNC12CC3CC(CC(O)(C3)C1)C2,CYP2D6,0
N#C[C@@H]1CCCN1C(=O)CNC12CC3CC(CC(O)(C3)C1)C2,CYP2E1,0
N#C[C@@H]1CCCN1C(=O)CNC12CC3CC(CC(O)(C3)C1)C2,CYP3A4,0
N#C[C@@]1(c2ccc3c(N)ncnn23)O[C@H](CO)[C@@H](O)[C@H]1O,CYP1A2,0
N#C[C@@]1(c2ccc3c(N)ncnn23)O[C@H](CO)[C@@H](O)[C@H]1O,CYP2B6,0
N#C[C@@]1(c2ccc3c(N)ncnn23)O[C@H](CO)[C@@H](O)[C@H]1O,CYP2C19,0
N#C[C@@]1(c2ccc3c(N)ncnn23)O[C@H](CO)[C@@H](O)[C@H]1O,CYP2C8,0
N#C[C@@]1(c2ccc3c(N)ncnn23)O[C@H](CO)[C@@H](O)[C@H]1O,CYP2C9,0
N#C[C@@]1(c2ccc3c(N)ncnn23)O[C@H](CO)[C@@H](O)[C@H]1O,CYP2D6,0
N#C[C@@]1(c2ccc3c(N)ncnn23)O[C@H](CO)[C@@H](O)[C@H]1O,CYP3A4,0
N#Cc1c(Cl)cccc1Cl,CYP2A6,1
N#Cc1c(N(CC(=O)O)CC(=O)O)sc(C(=O)O)c1CC(=O)O,CYP2D6,0
N#Cc1cc(NC(=O)C(=O)O)c(Cl)c(NC(=O)C(=O)O)c1,CYP2B6,0
N#Cc1ccc(-c2ccc(OCCC(=O)NO)cc2)cc1,CYP2C8,0
N#Cc1ccc([C@H]2CCc3cncn32)c(F)c1,CYP2B6,1
N#Cc1ccc([C@H]2CCc3cncn32)c(F)c1,CYP2D6,1
N#Cc1ccc([C@H]2CCc3cncn32)c(F)c1,CYP3A4,1
N#Cc1ccc2cccc(OP(=O)(O)O)c2n1,CYP2A6,0
N#Cc1cccc2sc(C(=O)NC(=N)N)cc12,CYP1A2,1
N#Cc1cccc2sc(C(=O)NC(=N)N)cc12,CYP2A6,0
N#Cc1cccc2sc(C(=O)NC(=N)N)cc12,CYP2B6,0
N#Cc1cccc2sc(C(=O)NC(=N)N)cc12,CYP2C19,1
N#Cc1cccc2sc(C(=O)NC(=N)N)cc12,CYP2C8,0
N#Cc1cccc2sc(C(=O)NC(=N)N)cc12,CYP2C9,0
N#Cc1cccc2sc(C(=O)NC(=N)N)cc12,CYP2D6,0
N#Cc1cccc2sc(C(=O)NC(=N)N)cc12,CYP2E1,0
N#Cc1cccc2sc(C(=O)NC(=N)N)cc12,CYP3A4,1
N#Cc1ccccc1-c1cc(-c2ccccn2)cn(-c2ccccc2)c1=O,CYP1A2,1
N#Cc1ccccc1-c1cc(-c2ccccn2)cn(-c2ccccc2)c1=O,CYP2B6,1
N#Cc1ccccc1-c1cc(-c2ccccn2)cn(-c2ccccc2)c1=O,CYP3A4,1
N#Cc1nn(-c2c(Cl)cc(C(F)(F)F)cc2Cl)c(N)c1[S+]([O-])C(F)(F)F,CYP2B6,0
N#Cc1nn(-c2c(Cl)cc(C(F)(F)F)cc2Cl)c(N)c1[S+]([O-])C(F)(F)F,CYP2C19,1
N#Cc1nn(-c2c(Cl)cc(C(F)(F)F)cc2Cl)c(N)c1[S+]([O-])C(F)(F)F,CYP3A4,1
N/C(=C\c1ccccc1)C(=O)O,CYP3A4,0
N/C(=N\O)c1ccc(CNC(=O)[C@@H]2CCN2C(=O)[C@H](NCC(=O)O)C2CCCCC2)cc1,CYP1A2,0
N/C(=N\O)c1ccc(CNC(=O)[C@@H]2CCN2C(=O)[C@H](NCC(=O)O)C2CCCCC2)cc1,CYP2A6,0
N/C(=N\O)c1ccc(CNC(=O)[C@@H]2CCN2C(=O)[C@H](NCC(=O)O)C2CCCCC2)cc1,CYP2C19,0
N/C(=N\O)c1ccc(CNC(=O)[C@@H]2CCN2C(=O)[C@H](NCC(=O)O)C2CCCCC2)cc1,CYP2C8,0
N/C(=N\O)c1ccc(CNC(=O)[C@@H]2CCN2C(=O)[C@H](NCC(=O)O)C2CCCCC2)cc1,CYP2C9,0
N/C(=N\O)c1ccc(CNC(=O)[C@@H]2CCN2C(=O)[C@H](NCC(=O)O)C2CCCCC2)cc1,CYP2D6,0
N/C(=N\O)c1ccc(CNC(=O)[C@@H]2CCN2C(=O)[C@H](NCC(=O)O)C2CCCCC2)cc1,CYP3A4,0
N/C(=N\O)c1ccccc1,CYP1A2,0
N/C(=N\O)c1ccccc1,CYP2A6,0
N/C(=N\O)c1ccccc1,CYP2C19,0
N/C(=N\O)c1ccccc1,CYP2C8,0
N/C(=N\O)c1ccccc1,CYP2C9,0
N/C(=N\O)c1ccccc1,CYP2D6,0
N/C(=N\O)c1ccccc1,CYP3A4,0
N=C(Cc1c[nH]c2ccccc12)C(=O)O,CYP3A4,0
N=C(Cc1ccc(O)c(O)c1)C(=O)O,CYP2B6,0
N=C(Cc1ccc(O)c(O)c1)C(=O)O,CYP3A4,0
N=C(N)CCCC[C@@H](C=O)[C@H]1CCC[C@@H]1O,CYP3A4,0
N=C(N)NC(=N)N1CCOCC1,CYP2C19,0
N=C(N)NC(=N)NCCc1ccccc1,CYP2D6,1
N=C(N)NC(=O)Cc1c(Cl)cccc1Cl,CYP3A4,1
N=C(N)NCCC[C@@H](C(=O)O)N1CCC1=O,CYP2C8,0
N=C(N)NCCC[C@@H](C(=O)O)N1CCC1=O,CYP3A4,0
N=C(N)NCCC[C@H](N)C(N)=O,CYP2C8,0
N=C(N)NCCC[C@H](N)C(N)=O,CYP2D6,0
N=C(N)NCCC[C@H](N)C(N)=O,CYP3A4,0
N=C(N)NN,CYP2B6,0
N=C(N)NN,CYP2D6,0
N=C(N)NN,CYP3A4,0
N=C(N)NOCCONC(=O)[C@@H]1CC[C@@H]2CN1C(=O)N2OS(=O)(=O)O,CYP2A6,0
N=C(N)NOCCONC(=O)[C@@H]1CC[C@@H]2CN1C(=O)N2OS(=O)(=O)O,CYP2C9,0
N=C(N)NOCCONC(=O)[C@@H]1CC[C@@H]2CN1C(=O)N2OS(=O)(=O)O,CYP3A4,0
N=C(N)NOCC[C@H](N)C(=O)O,CYP2C9,0
N=C(N)NOCC[C@H](N)C(=O)O,CYP2D6,0
N=C(N)NOCC[C@H](N)C(=O)O,CYP3A4,0
N=C(N)Nc1ccc(C(=O)O)cc1,CYP2C8,0
N=C(N)Nc1ccc(C(=O)O)cc1,CYP2D6,0
N=C(N)c1ccc(CC(=O)C(=O)O)cc1,CYP1A2,0
N=C(N)c1ccc(CNC(=O)[C@@H]2CCN2C(=O)[C@H](NCC(=O)O)C2CCCCC2)cc1,CYP1A2,0
N=C(N)c1ccc2[nH]c(-c3cc(F)ccc3O)nc2c1,CYP2A6,0
N=C(N)c1ccc2[nH]c(-c3cc(OC(F)(F)F)ccc3O)nc2c1,CYP2E1,0
N=C(N)c1ncn([C@@H]2O[C@H](CO)[C@@H](O)[C@H]2O)n1,CYP2D6,0
N=C(N)c1ncn([C@@H]2O[C@H](CO)[C@@H](O)[C@H]2O)n1,CYP3A4,0
N=C(N)n1cncn1,CYP2B6,0
N=C(N)n1cncn1,CYP3A4,0
N=C(Nc1ccc(F)c(Br)c1)c1nonc1NCCNS(N)(=O)=O,CYP1A2,1
N=C(Nc1ccc(F)c(Br)c1)c1nonc1NCCNS(N)(=O)=O,CYP2C19,1
N=C(Nc1ccc(F)c(Br)c1)c1nonc1NCCNS(N)(=O)=O,CYP3A4,1
NC(=O)C1=C(O)C[C@@H]2C[C@@H]3Cc4cccc(O)c4C(=O)C3=C(O)[C@]2(O)C1=O,CYP2C19,0
NC(=O)C1=C(O)C[C@@H]2C[C@@H]3Cc4cccc(O)c4C(=O)C3=C(O)[C@]2(O)C1=O,CYP2D6,0
NC(=O)CN1CC(O)CC1=O,CYP1A2,0
NC(=O)CN1CC(O)CC1=O,CYP2D6,0
NC(=O)CN1CC(O)CC1=O,CYP3A4,0
NC(=O)C[S+]([O-])C(c1ccccc1)c1ccccc1,CYP3A4,1
NC(=O)N1CCC(CC(=O)N2CCC([C@H]3c4ncc(Br)cc4CCc4cc(Cl)cc(Br)c43)CC2)CC1,CYP1A2,0
NC(=O)N1CCC(CC(=O)N2CCC([C@H]3c4ncc(Br)cc4CCc4cc(Cl)cc(Br)c43)CC2)CC1,CYP2A6,0
NC(=O)N1CCC(CC(=O)N2CCC([C@H]3c4ncc(Br)cc4CCc4cc(Cl)cc(Br)c43)CC2)CC1,CYP2B6,0
NC(=O)N1CCC(CC(=O)N2CCC([C@H]3c4ncc(Br)cc4CCc4cc(Cl)cc(Br)c43)CC2)CC1,CYP2C19,0
NC(=O)N1CCC(CC(=O)N2CCC([C@H]3c4ncc(Br)cc4CCc4cc(Cl)cc(Br)c43)CC2)CC1,CYP2C8,0
NC(=O)N1CCC(CC(=O)N2CCC([C@H]3c4ncc(Br)cc4CCc4cc(Cl)cc(Br)c43)CC2)CC1,CYP2D6,0
NC(=O)N1CCC(CC(=O)N2CCC([C@H]3c4ncc(Br)cc4CCc4cc(Cl)cc(Br)c43)CC2)CC1,CYP2E1,0
NC(=O)N1CCC(CC(=O)N2CCC([C@H]3c4ncc(Br)cc4CCc4cc(Cl)cc(Br)c43)CC2)CC1,CYP3A4,1
NC(=O)N1c2ccccc2C=Cc2ccccc21,CYP1A2,1
NC(=O)N1c2ccccc2C=Cc2ccccc21,CYP2C8,1
NC(=O)N1c2ccccc2C=Cc2ccccc21,CYP3A4,1
NC(=O)N[C@@H](Cc1ccccc1)C(=O)O,CYP2C9,0
NC(=O)N[C@H]1CC[C@H](CCN2CCN(c3cccc(Cl)c3Cl)CC2)CC1,CYP3A4,1
NC(=O)OCC(COC(N)=O)c1ccccc1,CYP2E1,1
NC(=O)OCC(COC(N)=O)c1ccccc1,CYP3A4,1
NC(=O)O[C@@H](Cn1ncnn1)c1ccccc1Cl,CYP2A6,1
NC(=O)O[C@@H](Cn1ncnn1)c1ccccc1Cl,CYP2B6,1
NC(=O)O[C@@H](Cn1ncnn1)c1ccccc1Cl,CYP2C19,1
NC(=O)O[C@@H](Cn1ncnn1)c1ccccc1Cl,CYP2E1,1
NC(=O)[C@@H](Cc1ccccc1)NC(=O)c1cn(CCCCCF)c2ccccc12,CYP1A2,1
NC(=O)[C@@H](Cc1ccccc1)NC(=O)c1cn(CCCCCF)c2ccccc12,CYP2E1,1
NC(=O)[C@@H](N)Cc1c[nH]c2ccccc12,CYP2C8,0
NC(=O)[C@@H](N)Cc1ccc(O)cc1,CYP3A4,0
NC(=O)[C@@H](N)Cc1cccc2ccccc12,CYP2C8,0
NC(=O)[C@@H](N)Cc1ccccc1,CYP2C9,0
NC(=O)[C@@H]1C[C@@H](NC(=O)[C@@H](N)CCC/N=C(\N)N[N+](=O)[O-])CN1,CYP3A4,0
NC(=O)[C@H](Cc1ccccc1)NC(=O)c1cn(CCCCCF)c2ccccc12,CYP2B6,1
NC(=O)[C@H]1O[C@H](CO)[C@@H](O)[C@H](O)[C@H]1O,CYP3A4,0
NC(=O)[C@]1(O)O[C@H](CO)[C@@H](O)[C@H](O)[C@H]1O,CYP3A4,0
NC(=O)c1c(Cl)c(-c2cccnc2)n2c1C(O)CCC2,CYP2A6,0
NC(=O)c1c(Cl)c(-c2cccnc2)n2c1C(O)CCC2,CYP2B6,0
NC(=O)c1c(Cl)c(-c2cccnc2)n2c1C(O)CCC2,CYP2C19,0
NC(=O)c1c(Cl)c(-c2cccnc2)n2c1C(O)CCC2,CYP2C8,0
NC(=O)c1c(Cl)c(-c2cccnc2)n2c1C(O)CCC2,CYP2C9,0
NC(=O)c1c(Cl)c(-c2cccnc2)n2c1C(O)CCC2,CYP2D6,0
NC(=O)c1c(Cl)c(-c2cccnc2)n2c1C(O)CCC2,CYP2E1,0
NC(=O)c1c(Cl)c(-c2cccnc2)n2c1CCCC2,CYP1A2,1
NC(=O)c1c(Cl)c(-c2cccnc2)n2c1CCCC2,CYP2A6,0
NC(=O)c1c(Cl)c(-c2cccnc2)n2c1CCCC2,CYP2B6,0
NC(=O)c1c(Cl)c(-c2cccnc2)n2c1CCCC2,CYP2C19,0
NC(=O)c1c(Cl)c(-c2cccnc2)n2c1CCCC2,CYP2C8,1
NC(=O)c1c(Cl)c(-c2cccnc2)n2c1CCCC2,CYP2C9,1
NC(=O)c1c(Cl)c(-c2cccnc2)n2c1CCCC2,CYP2D6,0
NC(=O)c1c(Cl)c(-c2cccnc2)n2c1CCCC2,CYP2E1,0
NC(=O)c1c(Cl)c(-c2cccnc2)n2c1CCCC2,CYP3A4,1
NC(=O)c1cc(O[C@H]2O[C@H](CO)[C@H](O)[C@H](O)[C@H]2O)cc([N+](=O)[O-])c1,CYP2D6,0
NC(=O)c1ccc2c(c1O)[C@]13CCN(CC4CC4)[C@H](C2)[C@]1(O)CCC(=O)C3,CYP2C19,1
NC(=O)c1ccc2c(c1O)[C@]13CCN(CC4CC4)[C@H](C2)[C@]1(O)CCC(=O)C3,CYP2C8,1
NC(=O)c1ccc2c(c1O)[C@]13CCN(CC4CC4)[C@H](C2)[C@]1(O)CCC(=O)C3,CYP3A4,1
NC(=O)c1ccc2cncn2c1Nc1ccc(I)cc1F,CYP1A2,0
NC(=O)c1ccc2cncn2c1Nc1ccc(I)cc1F,CYP2B6,0
NC(=O)c1ccc2cncn2c1Nc1ccc(I)cc1F,CYP2C19,1
NC(=O)c1ccc2cncn2c1Nc1ccc(I)cc1F,CYP2C8,0
NC(=O)c1ccc2cncn2c1Nc1ccc(I)cc1F,CYP2C9,1
NC(=O)c1ccc2cncn2c1Nc1ccc(I)cc1F,CYP2D6,0
NC(=O)c1ccc2cncn2c1Nc1ccc(I)cc1F,CYP2E1,0
NC(=O)c1ccc2cncn2c1Nc1ccc(I)cc1F,CYP3A4,0
NC(=O)c1cccnc1,CYP1A2,0
NC(=O)c1cccnc1,CYP2A6,0
NC(=O)c1cccnc1,CYP2B6,0
NC(=O)c1cccnc1,CYP2C9,0
NC(=O)c1cccnc1,CYP2D6,0
NC(=O)c1cccnc1,CYP2E1,1
NC(=O)c1ncn([C@@H]2O[C@H](CO)[C@@H](O)[C@H]2O)c1N,CYP2C19,0
NC(=O)c1ncn([C@@H]2O[C@H](CO)[C@@H](O)[C@H]2O)c1N,CYP3A4,0
NC(=O)c1ncn([C@@H]2O[C@H](CO)[C@@H](O)[C@H]2O)c1O,CYP3A4,0
NC(=O)c1ncn([C@@H]2O[C@H](COP(=O)(O)O)[C@@H](O)[C@H]2O)c1N,CYP3A4,0
NC(=O)c1ncn([C@@H]2O[C@H](COP(=O)(O)O)[C@@H](O)[C@H]2O)c1O,CYP2B6,0
NC(=O)c1ncn([C@@H]2O[C@H](COP(=O)(O)O)[C@@H](O)[C@H]2O)c1O,CYP2E1,0
NC(=O)c1ncn([C@@H]2O[C@H](COP(=O)(O)O)[C@@H](O)[C@H]2O)c1O,CYP3A4,0
NC(=O)c1ncn([C@@H]2O[C@H](COP(=O)(O)O)[C@@H](O)[C@H]2O)n1,CYP3A4,0
NC(N)=N/N=C/c1c(Cl)cccc1Cl,CYP1A2,1
NC1(C(=O)O)CC1,CYP3A4,0
NC1(C(=O)O)CCCC1,CYP2E1,0
NC1(C(=O)O)CCCC1,CYP3A4,0
NC1(c2ccccc2)CCCCC1,CYP2C8,0
NC12CC3CC(CC(C3)C1)C2,CYP2C8,0
NC1=N[C@H]2[C@H](CS[C@H]2CCCCC(=O)O)N1,CYP2D6,0
NC1=N[C@H]2[C@H](CS[C@H]2CCCCC(=O)O)N1,CYP2E1,0
NC1=N[C@H]2[C@H](CS[C@H]2CCCCC(=O)O)N1,CYP3A4,0
NC1CCCCC1,CYP3A4,0
NCC(=O)N1CCC[C@H]1C(=O)N[C@@H](CCC(=O)O)C(=O)O,CYP3A4,0
NCC(=O)NC1O[C@H](COP(=O)(O)O)[C@@H](O)[C@H]1O,CYP3A4,0
NCC(=O)N[C@@H](Cc1ccc(O)cc1)C(=O)O,CYP2D6,0
NCC(=O)N[C@@H](Cc1ccc(O)cc1)C(=O)O,CYP3A4,0
NCC(=O)Nc1ccc(OCc2ccccc2)cc1,CYP2C8,0
NCC(CC(=O)O)c1ccccc1,CYP1A2,0
NCC(N)C(=O)Nc1ccc(-c2nc3ccccc3s2)cc1,CYP1A2,0
NCC(N)C(=O)Nc1ccc(-c2nc3ccccc3s2)cc1,CYP2A6,0
NCC(N)C(=O)Nc1ccc(-c2nc3ccccc3s2)cc1,CYP2C19,0
NCC(N)C(=O)Nc1ccc(-c2nc3ccccc3s2)cc1,CYP2C8,0
NCC(N)C(=O)Nc1ccc(-c2nc3ccccc3s2)cc1,CYP2C9,0
NCC(N)C(=O)Nc1ccc(-c2nc3ccccc3s2)cc1,CYP2E1,1
NCC(N)C(=O)Nc1ccc(-c2nc3ccccc3s2)cc1,CYP3A4,0
NCC1(CC(=O)O)CCCCC1,CYP3A4,0
NCC1CCCCC1,CYP2A6,0
NCCC(=O)N[C@@H](Cc1cnc[nH]1)C(=O)O,CYP2D6,0
NCCCC(=O)Nc1ccc(OCc2ccccc2)cc1,CYP2A6,0
NCCCCC(=O)O,CYP1A2,0
NCCCCC(=O)O,CYP2C9,0
NCCCCC(=O)O,CYP3A4,0
NCCCNc1ccccc1[N+](=O)[O-],CYP2C8,0
NCCCOc1cccc(CN2CCCCC2)c1,CYP2A6,1
NCCCOc1cccc(CN2CCCCC2)c1,CYP2E1,1
NCCN1CCOCC1,CYP1A2,0
NCCNCCN1CC1,CYP2C19,0
NCCNCCN1CC1,CYP2D6,0
NCCNCCN1CC1,CYP2E1,0
NCCOCCOCCNC(=O)c1ccc(S(N)(=O)=O)cc1,CYP1A2,0
NCCOCCOCCNC(=O)c1ccc(S(N)(=O)=O)cc1,CYP2D6,0
NCCONC(=O)[C@@H]1CC[C@@H]2CN1C(=O)N2OS(=O)(=O)O,CYP2B6,0
NCCONC(=O)[C@@H]1CC[C@@H]2CN1C(=O)N2OS(=O)(=O)O,CYP2D6,0
NCCONC(=O)[C@@H]1CC[C@@H]2CN1C(=O)N2OS(=O)(=O)O,CYP3A4,0
NCCSP(=O)(O)O,CYP2B6,0
NCCSP(=O)(O)O,CYP2C19,0
NCCSP(=O)(O)O,CYP2D6,0
NCCSP(=O)(O)O,CYP3A4,0
NCCc1c[nH]c2ccc(O)cc12,CYP2B6,1
NCCc1c[nH]c2ccc(O)cc12,CYP2C19,1
NCCc1c[nH]c2ccc(O)cc12,CYP2C9,1
NCCc1c[nH]c2ccccc12,CYP1A2,0
NCCc1c[nH]c2ccccc12,CYP2A6,0
NCCc1c[nH]c2ccccc12,CYP2B6,0
NCCc1c[nH]c2ccccc12,CYP2C19,0
NCCc1c[nH]c2ccccc12,CYP2C9,0
NCCc1c[nH]c2ccccc12,CYP2D6,0
NCCc1c[nH]c2ccccc12,CYP2E1,0
NCCc1c[nH]c2ccccc12,CYP3A4,0
NCCc1ccc(O)cc1,CYP1A2,0
NCCc1ccc(O)cc1,CYP2A6,0
NCCc1ccc(O)cc1,CYP2B6,0
NCCc1ccc(O)cc1,CYP2C8,0
NCCc1ccc(O)cc1,CYP2C9,0
NCCc1ccc(O)cc1,CYP2D6,1
NCCc1ccc(O)cc1,CYP2E1,0
NCCc1ccc(O)cc1,CYP3A4,0
NCCc1ccc(OS(=O)(=O)O)cc1,CYP3A4,0
NCCc1cccc(O)c1,CYP2D6,1
NCCc1ccn[nH]1,CYP2C9,0
NCCc1ccn[nH]1,CYP3A4,0
NC[C@@H]1CCCN1,CYP2C19,0
NC[C@@H]1CCCN1,CYP3A4,0
NC[C@@H]1O[C@H](O[C@H]2[C@@H](O)[C@H](O[C@@H]3[C@@H](O)[C@H](N)C[C@H](N)[C@H]3O[C@H]3O[C@H](CO)[C@@H](O)[C@H](O)[C@H]3N)O[C@@H]2CO)[C@H](N)[C@@H](O)[C@@H]1O,CYP1A2,0
NC[C@@H]1O[C@H](O[C@H]2[C@@H](O)[C@H](O[C@@H]3[C@@H](O)[C@H](N)C[C@H](N)[C@H]3O[C@H]3O[C@H](CO)[C@@H](O)[C@H](O)[C@H]3N)O[C@@H]2CO)[C@H](N)[C@@H](O)[C@@H]1O,CYP2A6,0
NC[C@@H]1O[C@H](O[C@H]2[C@@H](O)[C@H](O[C@@H]3[C@@H](O)[C@H](N)C[C@H](N)[C@H]3O[C@H]3O[C@H](CO)[C@@H](O)[C@H](O)[C@H]3N)O[C@@H]2CO)[C@H](N)[C@@H](O)[C@@H]1O,CYP2B6,0
NC[C@@H]1O[C@H](O[C@H]2[C@@H](O)[C@H](O[C@@H]3[C@@H](O)[C@H](N)C[C@H](N)[C@H]3O[C@H]3O[C@H](CO)[C@@H](O)[C@H](O)[C@H]3N)O[C@@H]2CO)[C@H](N)[C@@H](O)[C@@H]1O,CYP2C19,0
NC[C@@H]1O[C@H](O[C@H]2[C@@H](O)[C@H](O[C@@H]3[C@@H](O)[C@H](N)C[C@H](N)[C@H]3O[C@H]3O[C@H](CO)[C@@H](O)[C@H](O)[C@H]3N)O[C@@H]2CO)[C@H](N)[C@@H](O)[C@@H]1O,CYP2C8,0
NC[C@@H]1O[C@H](O[C@H]2[C@@H](O)[C@H](O[C@@H]3[C@@H](O)[C@H](N)C[C@H](N)[C@H]3O[C@H]3O[C@H](CO)[C@@H](O)[C@H](O)[C@H]3N)O[C@@H]2CO)[C@H](N)[C@@H](O)[C@@H]1O,CYP2C9,0
NC[C@@H]1O[C@H](O[C@H]2[C@@H](O)[C@H](O[C@@H]3[C@@H](O)[C@H](N)C[C@H](N)[C@H]3O[C@H]3O[C@H](CO)[C@@H](O)[C@H](O)[C@H]3N)O[C@@H]2CO)[C@H](N)[C@@H](O)[C@@H]1O,CYP2D6,0
NC[C@@H]1O[C@H](O[C@H]2[C@@H](O)[C@H](O[C@@H]3[C@@H](O)[C@H](N)C[C@H](N)[C@H]3O[C@H]3O[C@H](CO)[C@@H](O)[C@H](O)[C@H]3N)O[C@@H]2CO)[C@H](N)[C@@H](O)[C@@H]1O,CYP2E1,0
NC[C@@H]1O[C@H](O[C@H]2[C@@H](O)[C@H](O[C@@H]3[C@@H](O)[C@H](N)C[C@H](N)[C@H]3O[C@H]3O[C@H](CO)[C@@H](O)[C@H](O)[C@H]3N)O[C@@H]2CO)[C@H](N)[C@@H](O)[C@@H]1O,CYP3A4,0
NC[C@H](O)c1ccc(O)c(O)c1,CYP2C19,0
NC[C@H](O)c1ccc(O)c(O)c1,CYP3A4,0
NC[C@H](O)c1ccc(O)cc1,CYP2D6,1
NC[C@H](O)c1cccc(C(F)(F)F)c1,CYP2B6,0
NCc1[nH]cc(CCC(=O)O)c1CC(=O)O,CYP2E1,0
NCc1ccc(NC(=O)C(=O)O)cc1,CYP1A2,0
NCc1ccc(NC(=O)C(=O)O)cc1,CYP2C8,0
NCc1ccccc1,CYP3A4,0
NCc1ccccc1O,CYP2C19,0
NCc1ccccc1O,CYP3A4,0
NN1C(=O)N[C@@]2(O[C@H](CO)[C@@H](O)[C@H](O)[C@H]2O)C1=O,CYP3A4,0
NS(=O)(=O)Cc1noc2ccccc12,CYP1A2,0
NS(=O)(=O)Cc1noc2ccccc12,CYP2A6,0
NS(=O)(=O)Cc1noc2ccccc12,CYP2B6,0
NS(=O)(=O)Cc1noc2ccccc12,CYP2C19,1
NS(=O)(=O)Cc1noc2ccccc12,CYP2C8,0
NS(=O)(=O)Cc1noc2ccccc12,CYP2C9,0
NS(=O)(=O)Cc1noc2ccccc12,CYP2D6,0
NS(=O)(=O)Cc1noc2ccccc12,CYP2E1,0
NS(=O)(=O)Cc1noc2ccccc12,CYP3A4,1
NS(=O)(=O)N[C@@H](Cc1ccccc1)C(=O)O,CYP2C19,0
NS(=O)(=O)N[C@@H](Cc1ccccc1)C(=O)O,CYP3A4,0
NS(=O)(=O)Oc1ccc2c3c(c(=O)oc2c1)CCCCC3,CYP1A2,1
NS(=O)(=O)Oc1ccc2c3c(c(=O)oc2c1)CCCCC3,CYP2A6,0
NS(=O)(=O)Oc1ccc2c3c(c(=O)oc2c1)CCCCC3,CYP2C19,1
NS(=O)(=O)Oc1ccc2c3c(c(=O)oc2c1)CCCCC3,CYP2C9,1
NS(=O)(=O)Oc1ccc2c3c(c(=O)oc2c1)CCCCC3,CYP2D6,1
NS(=O)(=O)Oc1ccc2c3c(c(=O)oc2c1)CCCCC3,CYP2E1,1
NS(=O)(=O)Oc1ccc2c3c(c(=O)oc2c1)CCCCC3,CYP3A4,1
NS(=O)(=O)c1ccc(-n2nc(C(F)(F)F)cc2-c2ccc(C(F)(F)F)cc2)cc1,CYP2C9,0
NS(=O)(=O)c1ccc(C(=O)NCc2c(F)c(F)c(F)c(F)c2F)cc1,CYP2B6,0
NS(=O)(=O)c1ccc(C(=O)NCc2cc(F)ccc2F)cc1,CYP2B6,0
NS(=O)(=O)c1ccc(C(=O)NCc2ccccc2F)cc1,CYP2B6,0
NS(=O)(=O)c1ccc(CCC(=O)O)cc1,CYP3A4,0
N[C@@H](C(=O)O)c1ccc(O)cc1,CYP2D6,0
N[C@@H](C(=O)O)c1ccc(O)cc1,CYP3A4,0
N[C@@H](CC(=O)N1CCc2c(nc(C(F)(F)F)nc2C(F)(F)F)C1)CN1CC(F)(F)CCC1=O,CYP1A2,0
N[C@@H](CC(=O)N1CCc2c(nc(C(F)(F)F)nc2C(F)(F)F)C1)CN1CC(F)(F)CCC1=O,CYP2B6,0
N[C@@H](CC(=O)N1CCc2c(nc(C(F)(F)F)nc2C(F)(F)F)C1)CN1CC(F)(F)CCC1=O,CYP2C19,0
N[C@@H](CC(=O)N1CCc2c(nc(C(F)(F)F)nc2C(F)(F)F)C1)CN1CC(F)(F)CCC1=O,CYP2C8,0
N[C@@H](CC(=O)N1CCc2c(nc(C(F)(F)F)nc2C(F)(F)F)C1)CN1CC(F)(F)CCC1=O,CYP2C9,0
N[C@@H](CC(=O)N1CCc2c(nc(C(F)(F)F)nc2C(F)(F)F)C1)CN1CC(F)(F)CCC1=O,CYP2D6,0
N[C@@H](CC(=O)N1CCc2c(nc(C(F)(F)F)nc2C(F)(F)F)C1)CN1CC(F)(F)CCC1=O,CYP2E1,0
N[C@@H](CC(=O)N1CCc2c(nc(C(F)(F)F)nc2C(F)(F)F)C1)CN1CC(F)(F)CCC1=O,CYP3A4,1
N[C@@H](CC(=O)N1CCn2c(nnc2C(F)(F)F)C1)Cc1cc(F)c(F)cc1F,CYP2A6,0
N[C@@H](CC(=O)N1CCn2c(nnc2C(F)(F)F)C1)Cc1cc(F)c(F)cc1F,CYP2B6,0
N[C@@H](CC(=O)N1CCn2c(nnc2C(F)(F)F)C1)Cc1cc(F)c(F)cc1F,CYP2C19,0
N[C@@H](CC(=O)N1CCn2c(nnc2C(F)(F)F)C1)Cc1cc(F)c(F)cc1F,CYP2C9,0
N[C@@H](CC(=O)N1CCn2c(nnc2C(F)(F)F)C1)Cc1cc(F)c(F)cc1F,CYP2D6,0
N[C@@H](CC(=O)Nc1ccn([C@@H]2O[C@H](CO)[C@@H](O)[C@@H]2O)c(=O)n1)C(=O)O,CYP3A4,0
N[C@@H](CC(=O)O)C1=N/C(=C\c2ccc(O)cc2)C(=O)N1CC(=O)O,CYP2E1,0
N[C@@H](CC1=CC(=O)C(O)=CC1=O)C(=O)O,CYP3A4,0
N[C@@H](CC1CCCCC1)C(=O)O,CYP3A4,0
N[C@@H](CCC(=O)NO)C(=O)O,CYP2B6,0
N[C@@H](CCC(=O)NO)C(=O)O,CYP2C9,0
N[C@@H](CCC(=O)NO)C(=O)O,CYP3A4,0
N[C@@H](CCC(=O)N[C@@H](CS)C(=O)O)C(=O)O,CYP1A2,0
N[C@@H](CCC(=O)N[C@@H](CS)C(=O)O)C(=O)O,CYP2D6,0
N[C@@H](CCC(=O)N[C@@H](CS)C(=O)O)C(=O)O,CYP3A4,0
N[C@@H](CCC(=O)N[C@@H](CSc1ccc([N+](=O)[O-])cc1[N+](=O)[O-])C(=O)NCC(=O)O)C(=O)O,CYP2A6,0
N[C@@H](CCC(=O)N[C@@H](CSc1ccc([N+](=O)[O-])cc1[N+](=O)[O-])C(=O)NCC(=O)O)C(=O)O,CYP2C8,0
N[C@@H](CCC(=O)O)C(=O)N[C@@H](Cc1c[nH]c2ccccc12)C(=O)O,CYP3A4,0
N[C@@H](CCSC[C@H]1O[C@@H](O)[C@H](O)[C@@H]1O)C(=O)O,CYP3A4,0
N[C@@H](Cc1c(O)[nH]c2ccccc12)C(=O)O,CYP3A4,0
N[C@@H](Cc1c[nH]c2ccc(F)cc12)C(=O)O,CYP2B6,0
N[C@@H](Cc1c[nH]c2ccc(O)cc12)C(=O)O,CYP2E1,0
N[C@@H](Cc1c[nH]c2ccc(O)cc12)C(=O)O,CYP3A4,0
N[C@@H](Cc1c[nH]c2cccc(F)c12)C(=O)O,CYP2D6,0
N[C@@H](Cc1c[nH]c2ccccc12)C(=O)O,CYP2A6,0
N[C@@H](Cc1c[nH]c2ccccc12)C(=O)O,CYP2B6,0
N[C@@H](Cc1c[nH]c2ccccc12)C(=O)O,CYP3A4,0
N[C@@H](Cc1c[nH]cn1)C(=O)O,CYP1A2,0
N[C@@H](Cc1c[nH]cn1)C(=O)O,CYP3A4,0
N[C@@H](Cc1cc(I)c(O)c(I)c1)C(=O)O,CYP1A2,0
N[C@@H](Cc1cc(I)c(Oc2ccc(O)c(I)c2)c(I)c1)C(=O)O,CYP2C8,0
N[C@@H](Cc1ccc(C(=O)c2ccccc2)cc1)C(=O)O,CYP2D6,0
N[C@@H](Cc1ccc(O)c(F)c1)C(=O)O,CYP3A4,0
N[C@@H](Cc1ccc(O)c(I)c1)C(=O)O,CYP2B6,0
N[C@@H](Cc1ccc(O)c(I)c1)C(=O)O,CYP2C9,0
N[C@@H](Cc1ccc(O)c([N+](=O)[O-])c1)C(=O)O,CYP2C9,0
N[C@@H](Cc1ccc(OP(=O)(O)O)c(O)c1)C(=O)O,CYP3A4,0
N[C@@H](Cc1ccc(OP(=O)(O)O)cc1)C(=O)O,CYP3A4,0
N[C@@H](Cc1ccc2ccccc2c1)C(=O)O,CYP3A4,0
N[C@@H](Cc1cccc(O)c1)C(=O)O,CYP2B6,0
N[C@@H](Cc1cccc(O)c1)C(=O)O,CYP3A4,0
N[C@@H](Cc1cccc2ccccc12)C(=O)O,CYP2A6,0
N[C@@H](Cc1cccc2ccccc12)C(=O)O,CYP3A4,0
N[C@@H](Cc1ccccc1)C(O)O,CYP3A4,0
N[C@@H](Cc1ccccc1)[C@@H](O)CCl,CYP2E1,0
N[C@@H](Cc1cccs1)C(=O)O,CYP3A4,0
N[C@@H](Cc1cn(OO)c2ccccc12)C(=O)O,CYP3A4,0
N[C@@H](Cc1cnc[nH]1)C(=O)O,CYP3A4,0
N[C@@H](Cc1cncn1P(=O)(O)O)C(=O)O,CYP2D6,0
N[C@@H](Cc1cncn1P(=O)(O)O)C(=O)O,CYP3A4,0
N[C@@H](Cn1ccc(=O)c(O)c1)C(=O)O,CYP2C8,0
N[C@@H](O)Cc1c[nH]c2ccccc12,CYP2A6,0
N[C@@H](O)Cc1c[nH]c2ccccc12,CYP3A4,0
N[C@@H]1CCC=NC1,CYP3A4,0
N[C@@H]1CCCC[C@H]1N,CYP2C8,0
N[C@@H]1CCCC[C@H]1N,CYP3A4,0
N[C@@H]1CCOC1=O,CYP3A4,0
N[C@@H]1C[C@H](O)[C@@H](CO)O[C@@H]1O,CYP3A4,0
N[C@@H]1[C@@H](O)[C@H](O)[C@@H](COP(=O)(O)O)O[C@@H]1O,CYP3A4,0
N[C@@H]1[C@H]2CN(c3ccccn3)C[C@@H]12,CYP1A2,1
N[C@@H]1[C@H]2CN(c3ccccn3)C[C@@H]12,CYP2C19,0
N[C@@H]1[C@H]2CN(c3ccccn3)C[C@@H]12,CYP2C9,0
N[C@@H]1[C@H]2CN(c3ccccn3)C[C@@H]12,CYP2D6,0
N[C@@H]1[C@H]2CN(c3ccccn3)C[C@@H]12,CYP2E1,0
N[C@@H]1[C@H]2CN(c3ccccn3)C[C@@H]12,CYP3A4,0
N[C@H](C(=O)O)[C@@H](O)c1c[nH]c2ccccc12,CYP2B6,0
N[C@H](C(=O)O)[C@@H](O)c1c[nH]c2ccccc12,CYP3A4,0
N[C@H](C(=O)O)[C@H](O)c1ccc(O)c(O)c1,CYP3A4,0
N[C@H](C(=O)O)c1ccc(O)c(Cl)c1,CYP2A6,0
N[C@H](CC1CCCCC1)C(=O)N[C@H](CCC(=O)O)C(=O)NCC(=O)O,CYP2B6,0
N[C@H](CC1CCCCC1)C(=O)N[C@H](CCC(=O)O)C(=O)NCC(=O)O,CYP3A4,0
N[C@H](CCC(=O)N[C@@H](Cc1c[nH]c2ccccc12)C(=O)O)C(=O)O,CYP2E1,0
N[C@H](CO)Cc1c[nH]c2ccccc12,CYP3A4,0
N[C@H](CO)Cc1ccccc1,CYP3A4,0
N[C@H](CO)Cc1cnc[nH]1,CYP2C9,0
N[C@H](COP(=O)(O)O)Cc1c[nH]cn1,CYP3A4,0
N[C@H](Cc1ccc(O)cc1)C(=O)O,CYP1A2,0
N[C@H](Cc1ccc(O)cc1)C(=O)O,CYP3A4,0
N[C@H](Cc1ccccc1)C(=O)O,CYP2D6,0
N[C@H](Cc1ccccc1)C(=O)O,CYP3A4,0
N[C@H]1C(C(=O)O)=CC=C[C@@H]1O,CYP3A4,0
N[C@H]1C=C(C(=O)O)C[C@@H](O)[C@@H]1O,CYP3A4,0
N[C@H]1C=C(CO)C[C@H](O)[C@H]1O,CYP2D6,0
N[C@H]1C=C(CO)C[C@H](O)[C@H]1O,CYP3A4,0
N[C@H]1C=C(CO)[C@@H](O)[C@H](O)[C@H]1O,CYP3A4,0
N[C@H]1CC(=O)NC1=O,CYP3A4,0
N[C@H]1[C@@H](OP(=O)(O)O)O[C@H](CO)[C@@H](O)[C@@H]1O,CYP2A6,0
N[C@H]1[C@@H](OP(=O)(O)O)O[C@H](CO)[C@@H](O)[C@@H]1O,CYP3A4,0
N[C@H]1[C@H](O)[C@@H](O)[C@@H](O)O[C@@H]1CO,CYP3A4,0
N[C@](CS(=O)(=O)c1ccc(Oc2ccccc2)cc1)(C(=O)NO)C(F)(F)F,CYP2E1,0
Nc1[nH]c(=O)[nH]c(=O)c1N,CYP3A4,0
Nc1c(Br)c(C(=O)O)c(Br)c(C(=O)O)c1Br,CYP1A2,0
Nc1c(Br)c(C(=O)O)c(Br)c(C(=O)O)c1Br,CYP2B6,0
Nc1c(Br)cc(Br)cc1CNC1CCC(O)CC1,CYP1A2,0
Nc1c(Br)cc(Br)cc1CNC1CCC(O)CC1,CYP2A6,0
Nc1c(Br)cc(Br)cc1CNC1CCC(O)CC1,CYP2B6,0
Nc1c(Br)cc(Br)cc1CNC1CCC(O)CC1,CYP2C19,0
Nc1c(Br)cc(Br)cc1CNC1CCC(O)CC1,CYP2C8,0
Nc1c(Br)cc(Br)cc1CNC1CCC(O)CC1,CYP2C9,0
Nc1c(Br)cc(Br)cc1CNC1CCC(O)CC1,CYP2D6,0
Nc1c(Br)cc(Br)cc1CNC1CCC(O)CC1,CYP2E1,0
Nc1c(Br)cc(Br)cc1CNC1CCC(O)CC1,CYP3A4,1
Nc1c(I)cc(I)c(C(=O)N(CCC(=O)O)c2ccccc2)c1I,CYP2E1,0
Nc1c[nH]c(=O)[nH]c1=O,CYP3A4,0
Nc1cc(C[C@H](N)C(=O)O)c(O)cc1O,CYP3A4,0
Nc1cc(Cl)ccc1C(=O)C[C@H](N)C(=O)O,CYP2D6,0
Nc1cc2c3ccccc3ccc2c2ccccc12,CYP1A2,1
Nc1cc2c3ccccc3ccc2c2ccccc12,CYP2A6,1
Nc1cc2c3ccccc3ccc2c2ccccc12,CYP2B6,1
Nc1cc2c3ccccc3ccc2c2ccccc12,CYP2D6,1
Nc1cc2c3ccccc3ccc2c2ccccc12,CYP3A4,1
Nc1ccc(-c2ccccc2)cc1,CYP1A2,1
Nc1ccc(-c2nc3ccccc3s2)cc1,CYP1A2,1
Nc1ccc(-c2nc3ccccc3s2)cc1,CYP2A6,0
Nc1ccc(-c2nc3ccccc3s2)cc1,CYP2B6,0
Nc1ccc(-c2nc3ccccc3s2)cc1,CYP2C19,1
Nc1ccc(-c2nc3ccccc3s2)cc1,CYP2C9,1
Nc1ccc(-c2nc3ccccc3s2)cc1,CYP3A4,0
Nc1ccc(C(=O)N(CCO)CCO)cc1,CYP2C8,0
Nc1ccc(C(=O)NCC(=O)O)cc1,CYP2C19,0
Nc1ccc(C(=O)O)cc1,CYP3A4,0
Nc1ccc(Cc2ccc(N)c(Cl)c2)cc1Cl,CYP2A6,1
Nc1ccc(Cc2ccc(N)c(Cl)c2)cc1Cl,CYP3A4,1
Nc1ccc(N)c2c1C(=O)c1c(O)ccc(O)c1C2=O,CYP2C19,0
Nc1ccc(N)cc1,CYP2C19,0
Nc1ccc(N)cc1,CYP3A4,0
Nc1ccc(O)c(C(=O)O)c1,CYP2D6,0
Nc1ccc(S(=O)(=O)Nc2ncccn2)cc1,CYP2B6,1
Nc1ccc(S(=O)(=O)Nc2ncccn2)cc1,CYP2C19,1
Nc1ccc(S(=O)(=O)Nc2ncccn2)cc1,CYP2C8,1
Nc1ccc(S(=O)(=O)Nc2ncccn2)cc1,CYP2C9,1
Nc1ccc(S(=O)(=O)c2ccc(N)cc2)cc1,CYP2C19,1
Nc1ccc(S(=O)(=O)c2ccc(N)cc2)cc1,CYP2C8,1
Nc1ccc(S(=O)(=O)c2ccc(N)cc2)cc1,CYP2C9,1
Nc1ccc(S(=O)(=O)c2ccc(N)cc2)cc1,CYP2E1,1
Nc1ccc(S(=O)(=O)c2ccc(N)cc2)cc1,CYP3A4,1
Nc1ccc([C@@H](O)[C@@H](CO)NC(=O)C(Cl)Cl)cc1,CYP2C8,0
Nc1ccc([N+](=O)[O-])c(C(F)(F)F)c1,CYP2A6,1
Nc1ccc([N+](=O)[O-])c(C(F)(F)F)c1,CYP2C19,1
Nc1ccc([N+](=O)[O-])c(C(F)(F)F)c1,CYP2C9,1
Nc1ccc([N+](=O)[O-])c(C(F)(F)F)c1,CYP2D6,1
Nc1ccc([N+](=O)[O-])c(C(F)(F)F)c1,CYP2E1,1
Nc1ccc([N+](=O)[O-])c(C(F)(F)F)c1,CYP3A4,1
Nc1ccc2c(c1)C(c1ccccc1)=NCC(=O)N2,CYP2A6,0
Nc1ccc2c(c1)C(c1ccccc1)=NCC(=O)N2,CYP2C8,0
Nc1ccc2c(c1)C(c1ccccc1)=NCC(=O)N2,CYP2C9,0
Nc1ccc2c(c1)C(c1ccccc1)=NCC(=O)N2,CYP2E1,0
Nc1ccc2c(c1)C(c1ccccc1)=NCC(=O)N2,CYP3A4,1
Nc1ccc2c(c1)CN1C(=O)c3ccccc3C1=N2,CYP2A6,0
Nc1ccc2c(c1)CN1C(=O)c3ccccc3C1=N2,CYP2B6,0
Nc1ccc2c(c1)CN1C(=O)c3ccccc3C1=N2,CYP2C19,0
Nc1ccc2c(c1)CN1C(=O)c3ccccc3C1=N2,CYP2C8,0
Nc1ccc2c(c1)CN1C(=O)c3ccccc3C1=N2,CYP2C9,0
Nc1ccc2c(c1)CN1C(=O)c3ccccc3C1=N2,CYP2D6,0
Nc1ccc2c(c1)CN1C(=O)c3ccccc3C1=N2,CYP3A4,0
Nc1ccc2c3c(cccc13)C(=O)c1ccccc1-2,CYP3A4,1
Nc1ccc2ccc3cccc4ccc1c2c34,CYP1A2,1
Nc1ccc2ccc3cccc4ccc1c2c34,CYP3A4,1
Nc1ccc2ccccc2c1,CYP1A2,1
Nc1cccc(C(=O)O)c1,CYP2D6,0
Nc1cccc(C(=O)O)c1,CYP3A4,0
Nc1cccc2[nH]cc(C[C@H](N)C(=O)O)c12,CYP3A4,0
Nc1cccc2c1C(=O)N(C1CCC(=O)NC1=O)C2=O,CYP2A6,0
Nc1cccc2c1C(=O)N(C1CCC(=O)NC1=O)C2=O,CYP2B6,0
Nc1cccc2c1C(=O)N(C1CCC(=O)NC1=O)C2=O,CYP2C8,0
Nc1cccc2c1C(=O)N(C1CCC(=O)NC1=O)C2=O,CYP2C9,0
Nc1cccc2c1C(=O)N(C1CCC(=O)NC1=O)C2=O,CYP2E1,0
Nc1ccccc1,CYP2E1,1
Nc1ccccc1CO,CYP3A4,0
Nc1ccccc1O,CYP3A4,0
Nc1ccn([C@@H]2CS[C@H](CO)O2)c(=O)n1,CYP2C8,0
Nc1ccn([C@@H]2CS[C@H](CO)O2)c(=O)n1,CYP2E1,0
Nc1ccn([C@@H]2O[C@H](CO)[C@@H](O)C2(F)F)c(=O)n1,CYP2C9,0
Nc1ccn([C@@H]2O[C@H](CO)[C@@H](O)[C@@H]2O)c(=O)n1,CYP1A2,0
Nc1ccn([C@@H]2O[C@H](CO)[C@@H](O)[C@@H]2O)c(=O)n1,CYP2C8,0
Nc1ccn([C@@H]2O[C@H](CO)[C@@H](O)[C@@H]2O)c(=O)n1,CYP2C9,0
Nc1ccn([C@@H]2O[C@H](CO)[C@@H](O)[C@@H]2O)c(=O)n1,CYP2D6,0
Nc1ccn([C@@H]2O[C@H](CO)[C@@H](O)[C@@H]2O)c(=O)n1,CYP3A4,1
Nc1ccn([C@@H]2O[C@H](CO)[C@@H](O)[C@H]2OP(=O)(O)O)c(=O)n1,CYP3A4,0
Nc1ccn([C@@H]2O[C@H](CO)[C@@H](OP(=O)(O)O)[C@H]2O)c(=O)n1,CYP3A4,0
Nc1ccn([C@H]2CC[C@@H](COP(=O)(O)O)O2)c(=O)n1,CYP2E1,0
Nc1ccn([C@H]2C[C@H](O)[C@@H](CO)O2)c(=O)n1,CYP2C8,0
Nc1ccn([C@H]2C[C@H](O)[C@@H](CO)O2)c(=O)n1,CYP3A4,0
Nc1ccn([C@H]2C[C@H](O)[C@@H](COP(=O)(O)O)O2)c(=O)n1,CYP3A4,0
Nc1ccn([C@]2(O)O[C@H](CO)[C@@H](O)[C@@H]2O)c(=S)n1,CYP2C19,0
Nc1ccn([C@]2(O)O[C@H](CO)[C@@H](O)[C@@H]2O)c(=S)n1,CYP2D6,0
Nc1ccn([C@]2(O)O[C@H](CO)[C@@H](O)[C@@H]2O)c(=S)n1,CYP3A4,0
Nc1ccncc1,CYP2A6,0
Nc1ccncc1,CYP2E1,1
Nc1ccncc1,CYP3A4,1
Nc1ccncc1N,CYP2D6,0
Nc1ccncc1N,CYP3A4,0
Nc1cncc(Cl)n1,CYP2D6,0
Nc1cncn1[C@@H]1O[C@H](CO)[C@@H](O)[C@H]1O,CYP2C8,0
Nc1cnn(-c2ccccc2)c(=O)c1Cl,CYP2B6,1
Nc1nc(=O)c2ncn([C@@H]3O[C@H](CO)[C@H]4O[C@@H](CP(=O)(O)O)O[C@H]43)c2[nH]1,CYP2A6,0
Nc1nc(=O)c2ncn([C@@H]3O[C@H](CO)[C@H]4O[C@@H](CP(=O)(O)O)O[C@H]43)c2[nH]1,CYP3A4,0
Nc1nc(=O)c2ncn([C@@H]3O[C@H](CO)[C@H]4O[C@H](P(=O)(O)O)O[C@H]43)c2[nH]1,CYP3A4,0
Nc1nc(=O)c2ncn([C@H]3C[C@H](O)[C@@H](COP(=O)(O)O)O3)c2[nH]1,CYP2E1,0
Nc1nc(=O)c2ncn([C@H]3C[C@H](O)[C@@H](COP(=O)(O)O)O3)c2[nH]1,CYP3A4,0
Nc1nc(=O)n([C@@H]2CS[C@H](CO)O2)cc1F,CYP1A2,0
Nc1nc(=O)n([C@@H]2CS[C@H](CO)O2)cc1F,CYP2A6,0
Nc1nc(=O)n([C@@H]2CS[C@H](CO)O2)cc1F,CYP2B6,0
Nc1nc(=O)n([C@@H]2CS[C@H](CO)O2)cc1F,CYP2C19,0
Nc1nc(=O)n([C@@H]2CS[C@H](CO)O2)cc1F,CYP2C8,0
Nc1nc(=O)n([C@@H]2CS[C@H](CO)O2)cc1F,CYP2C9,0
Nc1nc(=O)n([C@@H]2CS[C@H](CO)O2)cc1F,CYP2D6,0
Nc1nc(=O)n([C@@H]2CS[C@H](CO)O2)cc1F,CYP2E1,0
Nc1nc(=O)n([C@@H]2CS[C@H](CO)O2)cc1F,CYP3A4,0
Nc1nc(=O)n([C@H]2C[C@H](O)[C@@H](COP(=O)(O)O)O2)cc1C=O,CYP3A4,0
Nc1nc(=S)c2[nH]cnc2[nH]1,CYP2A6,0
Nc1nc(=S)c2[nH]cnc2[nH]1,CYP2B6,0
Nc1nc(CC(=O)Nc2ccc(CCNC[C@H](O)c3ccccc3)cc2)cs1,CYP2A6,0
Nc1nc(CC(=O)Nc2ccc(CCNC[C@H](O)c3ccccc3)cc2)cs1,CYP2C19,0
Nc1nc(CC(=O)Nc2ccc(CCNC[C@H](O)c3ccccc3)cc2)cs1,CYP2C8,0
Nc1nc(CC(=O)Nc2ccc(CCNC[C@H](O)c3ccccc3)cc2)cs1,CYP2D6,1
Nc1nc(CC(=O)Nc2ccc(CCNC[C@H](O)c3ccccc3)cc2)cs1,CYP2E1,0
Nc1nc(CC(=O)Nc2ccc(CCNC[C@H](O)c3ccccc3)cc2)cs1,CYP3A4,1
Nc1nc(Cl)nc2c1ncn2[C@H]1CC[C@@H](CO)O1,CYP2C9,0
Nc1nc(Cl)nc2c1ncn2[C@H]1CC[C@@H](CO)O1,CYP2D6,0
Nc1nc(F)nc2c1ncn2[C@@H]1O[C@H](CO)[C@@H](O)[C@H]1O,CYP2C8,0
Nc1nc(F)nc2c1ncn2[C@H]1C[C@H](O)[C@@H](CO)O1,CYP2C9,0
Nc1nc(N)c2ncn(CCOCP(=O)(O)O)c2n1,CYP2C9,0
Nc1nc(Nc2ccnc(C(F)(F)F)c2)nc(-c2cccc(C(F)(F)F)n2)n1,CYP1A2,1
Nc1nc(Nc2ccnc(C(F)(F)F)c2)nc(-c2cccc(C(F)(F)F)n2)n1,CYP2C19,1
Nc1nc(Nc2ccnc(C(F)(F)F)c2)nc(-c2cccc(C(F)(F)F)n2)n1,CYP3A4,1
Nc1nc(O)c(Br)c(-c2ccccc2)n1,CYP1A2,1
Nc1nc(O)c(Br)c(-c2ccccc2)n1,CYP2C19,0
Nc1nc(O)c(Br)c(-c2ccccc2)n1,CYP2C9,0
Nc1nc(O)c(Br)c(-c2ccccc2)n1,CYP2D6,0
Nc1nc(O)c(Br)c(-c2ccccc2)n1,CYP2E1,0
Nc1nc(O)c(Br)c(-c2ccccc2)n1,CYP3A4,0
Nc1nc(O)c(N)c(O)n1,CYP3A4,0
Nc1nc2c(c(=O)[nH]1)N(C=O)C(CNc1ccc(C(=O)N[C@@H](CCC(=O)O)C(=O)O)cc1)CN2,CYP2B6,0
Nc1nc2c(c(=O)[nH]1)N(C=O)C(CNc1ccc(C(=O)N[C@@H](CCC(=O)O)C(=O)O)cc1)CN2,CYP3A4,0
Nc1nc2c(c(=O)[nH]1)N[C@@H](CNc1ccc(C(=O)N[C@@H](CCC(=O)O)C(=O)O)cc1)CN2,CYP1A2,0
Nc1nc2c(nc(O)n2[C@H]2C[C@H](O)[C@@H](CO)O2)c(=O)[nH]1,CYP3A4,0
Nc1nc2c(ncn2[C@@H]2O[C@H](CO)[C@@H](O)[C@H]2O)c(=O)[nH]1,CYP1A2,0
Nc1nc2c(ncn2[C@@H]2O[C@H](CO)[C@@H](O)[C@H]2O)c(=O)[nH]1,CYP2E1,0
Nc1nc2c(ncn2[C@@H]2O[C@H](CO)[C@@H](O)[C@H]2O)c(=O)[nH]1,CYP3A4,0
Nc1nc2c(ncn2[C@@H]2O[C@H](CO)[C@@H](O)[C@H]2OP(=O)(O)O)c(=O)[nH]1,CYP3A4,0
Nc1nc2c(ncn2[C@@H]2O[C@H](CO)[C@@H](OP(=O)(O)O)[C@H]2O)c(=O)[nH]1,CYP2A6,0
Nc1nc2c(ncn2[C@@H]2O[C@H](CO)[C@@H](OP(=O)(O)O)[C@H]2O)c(=O)[nH]1,CYP3A4,0
Nc1nc2c(ncn2[C@@H]2O[C@H](COP(=O)(O)O)[C@@H](O)[C@H]2O)c(=O)[nH]1,CYP2C9,0
Nc1nc2c(ncn2[C@@H]2O[C@H](COP(=O)(O)O)[C@@H](O)[C@H]2O)c(=O)[nH]1,CYP2E1,0
Nc1nc2c(ncn2[C@@H]2O[C@H](COP(=O)(O)O)[C@@H](O)[C@H]2O)c(=O)[nH]1,CYP3A4,0
Nc1nc2ccc(OC(F)(F)F)cc2s1,CYP1A2,1
Nc1nc2ncc(COP(=O)(O)O)nc2c(=O)[nH]1,CYP3A4,0
Nc1ncc2c(ncn2[C@H]2O[C@H](COP(=O)(O)O)[C@@H](O)[C@H]2O)n1,CYP2D6,0
Nc1ncc2ncn(CC(CO)CO)c2n1,CYP2E1,0
Nc1ncc2ncn(CC(CO)CO)c2n1,CYP3A4,0
Nc1ncn([C@@H]2O[C@H](CO)[C@@H](O)[C@H]2O)c(=O)n1,CYP1A2,0
Nc1ncn([C@@H]2O[C@H](CO)[C@@H](O)[C@H]2O)c(=O)n1,CYP3A4,0
Nc1ncn([C@H]2C[C@H](O)[C@@H](CO)O2)c(=O)n1,CYP2C9,0
Nc1ncnc2c([C@@H]3O[C@H](CO)[C@@H](O)[C@H]3O)[nH]nc12,CYP2A6,0
Nc1ncnc2c([C@@H]3O[C@H](COP(=O)(O)O)[C@@H](O)[C@H]3O)[nH]nc12,CYP2D6,0
Nc1ncnc2c1nc(Br)n2[C@@H]1O[C@H](COP(=O)(O)O)[C@@H](O)[C@H]1O,CYP2D6,0
Nc1ncnc2c1ncn2CCNCCCCCO,CYP2A6,0
Nc1ncnc2c1ncn2C[C@@H](O)[C@@H](O)C(=O)O,CYP2B6,0
Nc1ncnc2c1ncn2C[C@@H](O)[C@@H](O)C(=O)O,CYP3A4,0
Nc1ncnc2c1ncn2[C@@H]1OC[C@H](OP(=O)(O)O)[C@H]1O,CYP2C8,0
Nc1ncnc2c1ncn2[C@@H]1OC[C@H](OP(=O)(O)O)[C@H]1O,CYP3A4,0
Nc1ncnc2c1ncn2[C@@H]1O[C@H](CO)C[C@H]1O,CYP2C19,0
Nc1ncnc2c1ncn2[C@@H]1O[C@H](CO)C[C@H]1O,CYP2C9,0
Nc1ncnc2c1ncn2[C@@H]1O[C@H](CO)C[C@H]1O,CYP3A4,0
Nc1ncnc2c1ncn2[C@@H]1O[C@H](CO)[C@@H](O)[C@H]1N,CYP3A4,0
Nc1ncnc2c1ncn2[C@@H]1O[C@H](COP(=O)(O)O)[C@@H](O)[C@H]1O,CYP2C8,0
Nc1ncnc2c1ncn2[C@@H]1O[C@H](COP(=O)(O)O)[C@@H](O)[C@H]1O,CYP3A4,0
Nc1ncnc2c1ncn2[C@@H]1O[C@H](COP(=O)(O)OS(=O)(=O)O)[C@@H](O)[C@H]1O,CYP2C8,0
Nc1ncnc2c1ncn2[C@@H]1O[C@H](COP(=O)(O)OS(=O)(=O)O)[C@@H](O)[C@H]1O,CYP3A4,0
Nc1ncnc2c1ncn2[C@@H]1O[C@H](COP(O)(=S)S)[C@@H](O)C1O,CYP3A4,0
Nc1ncnc2c1ncn2[C@@H]1O[C@H](COS(N)(=O)=O)[C@@H](O)[C@H]1O,CYP3A4,0
Nc1ncnc2c1ncn2[C@H]1CC[C@@H](CO)O1,CYP2C9,0
Nc1ncnc2c1ncn2[C@H]1CC[C@@H](COP(=O)(O)OP(=O)(O)OP(=O)(O)O)O1,CYP2B6,0
Nc1ncnc2nc[nH]c12,CYP3A4,0
Nc1ncnc2ncn([C@H]3O[C@H](COP(=O)(O)O)[C@@H](O)[C@H]3O)c12,CYP3A4,0
Nc1nnc(S)s1,CYP2A6,0
Nc1nnc(S)s1,CYP3A4,0
Nc1nnnn1-c1ccccc1,CYP2B6,0
O=C(/C=C/C=C/c1ccc2c(c1)OCO2)N1CCCCC1,CYP1A2,1
O=C(/C=C/C=C/c1ccc2c(c1)OCO2)N1CCCCC1,CYP2A6,0
O=C(/C=C/C=C/c1ccc2c(c1)OCO2)N1CCCCC1,CYP2C8,0
O=C(/C=C/C=C/c1ccc2c(c1)OCO2)N1CCCCC1,CYP2C9,0
O=C(/C=C/C=C/c1ccc2c(c1)OCO2)N1CCCCC1,CYP2D6,0
O=C(/C=C/C=C/c1ccc2c(c1)OCO2)N1CCCCC1,CYP3A4,0
O=C(/C=C/c1ccc(O)cc1)c1ccc(O)cc1O,CYP3A4,0
O=C(/C=C/c1cccc(S(=O)(=O)Nc2ccccc2)c1)NO,CYP2A6,1
O=C(/C=C/c1cccc(S(=O)(=O)Nc2ccccc2)c1)NO,CYP2C9,1
O=C(/C=C/c1cccc(S(=O)(=O)Nc2ccccc2)c1)NO,CYP3A4,1
O=C(C1CCCCC1)N1CC(=O)N2CCc3ccccc3[C@@H]2C1,CYP1A2,1
O=C(C1CCCCC1)N1CC(=O)N2CCc3ccccc3[C@@H]2C1,CYP2C19,1
O=C(C1CCCCC1)N1CC(=O)N2CCc3ccccc3[C@H]2C1,CYP2C19,1
O=C(CC(=O)C(F)(F)F)c1cccs1,CYP2D6,0
O=C(CCCCCCC(=O)Nc1cccnc1)NO,CYP2B6,0
O=C(CCCCCCCC(=O)NCCO)NCCO,CYP2A6,0
O=C(CCCCCCCC(=O)NCCO)NCCO,CYP2B6,0
O=C(CCCCCCCC(=O)NCCO)NCCO,CYP2C19,0
O=C(CCCN1CCC(O)(c2ccc(Br)cc2)CC1)c1ccc(F)cc1,CYP3A4,1
O=C(CCCN1CCC(O)(c2ccc(Cl)cc2)CC1)c1ccc(F)cc1,CYP3A4,1
O=C(CCCN1CCC(n2c(=O)[nH]c3ccccc32)CC1)c1ccc(F)cc1,CYP2C8,1
O=C(CCCN1CCC(n2c(=O)[nH]c3ccccc32)CC1)c1ccc(F)cc1,CYP2D6,1
O=C(CCCN1CCC(n2c(=O)[nH]c3ccccc32)CC1)c1ccc(F)cc1,CYP3A4,1
O=C(CCCN1CCN(C(c2ccccc2)c2ccccc2)CC1)c1ccc(F)cc1,CYP1A2,1
O=C(CCCN1CCN(C(c2ccccc2)c2ccccc2)CC1)c1ccc(F)cc1,CYP2B6,1
O=C(CCCN1CCN(C(c2ccccc2)c2ccccc2)CC1)c1ccc(F)cc1,CYP2C8,1
O=C(CCCN1CCN(C(c2ccccc2)c2ccccc2)CC1)c1ccc(F)cc1,CYP2C9,1
O=C(CCCN1CCN(C(c2ccccc2)c2ccccc2)CC1)c1ccc(F)cc1,CYP2E1,1
O=C(CCCN1CCN(C(c2ccccc2)c2ccccc2)CC1)c1ccc(F)cc1,CYP3A4,1
O=C(CCc1ccc(O)cc1)c1c(O)cc(O)cc1O,CYP2C19,1
O=C(CCc1ccc(O)cc1)c1c(O)cc(O)cc1O,CYP3A4,1
O=C(CO)NCCCOc1cccc(CN2CCCCC2)c1,CYP1A2,0
O=C(CO)NCCCOc1cccc(CN2CCCCC2)c1,CYP2A6,0
O=C(CO)NCCCOc1cccc(CN2CCCCC2)c1,CYP2B6,0
O=C(CO)NCCCOc1cccc(CN2CCCCC2)c1,CYP2C19,0
O=C(CO)NCCCOc1cccc(CN2CCCCC2)c1,CYP2C8,0
O=C(CO)NCCCOc1cccc(CN2CCCCC2)c1,CYP2C9,0
O=C(CO)NCCCOc1cccc(CN2CCCCC2)c1,CYP2D6,0
O=C(CO)NCCCOc1cccc(CN2CCCCC2)c1,CYP2E1,0
O=C(CO)NCCCOc1cccc(CN2CCCCC2)c1,CYP3A4,0
O=C(CO)[C@@H](O)[C@H](O)[C@H](O)COP(=O)(O)O,CYP1A2,0
O=C(CO)[C@@H](O)[C@H](O)[C@H](O)COP(=O)(O)O,CYP2A6,0
O=C(CO)[C@@H](O)[C@H](O)[C@H](O)COP(=O)(O)O,CYP2C9,0
O=C(COC(=O)C1CCN(S(=O)(=O)c2cccs2)CC1)Nc1ccccc1Br,CYP2E1,0
O=C(COCC(=O)Nc1ccc(Cl)cc1C(=O)O)Nc1cccc(-c2ccoc2)c1,CYP1A2,0
O=C(COCC(=O)Nc1ccc(Cl)cc1C(=O)O)Nc1cccc(-c2ccoc2)c1,CYP2B6,0
O=C(COCC(=O)Nc1ccc(Cl)cc1C(=O)O)Nc1cccc(-c2ccoc2)c1,CYP2C19,0
O=C(COCC(=O)Nc1ccc(Cl)cc1C(=O)O)Nc1cccc(-c2ccoc2)c1,CYP2C8,0
O=C(COCC(=O)Nc1ccc(Cl)cc1C(=O)O)Nc1cccc(-c2ccoc2)c1,CYP2E1,0
O=C(COCC(=O)Nc1ccc(Cl)cc1C(=O)O)Nc1cccc(-c2ccoc2)c1,CYP3A4,1
O=C(N/N=C/c1cc(Br)c(O)c(Br)c1O)c1cccc(Br)c1,CYP2B6,0
O=C(N/N=C1\C(=O)N(CC2CCCCC2)c2ccccc21)c1ccccc1,CYP2C9,1
O=C(N/N=C1\C(=O)N(CC2CCCCC2)c2ccccc21)c1ccccc1,CYP2D6,1
O=C(N/N=C1\C(=O)N(CC2CCCCC2)c2ccccc21)c1ccccc1,CYP3A4,1
O=C(N/N=C1\C(=O)N(CCCCCF)c2ccccc21)c1ccccc1,CYP2B6,0
O=C(N/N=C1\C(=O)N(CCCCCF)c2ccccc21)c1ccccc1,CYP2C19,0
O=C(N/N=C1\C(=O)N(CCCCCF)c2ccccc21)c1ccccc1,CYP2C9,0
O=C(N/N=C1\C(=O)N(CCCCCF)c2ccccc21)c1ccccc1,CYP3A4,1
O=C(NC(=O)c1ccccc1Cl)Nc1ccc(OC(F)(F)F)cc1,CYP2A6,1
O=C(NC(=O)c1ccccc1Cl)Nc1ccc(OC(F)(F)F)cc1,CYP2B6,1
O=C(NC(=O)c1ccccc1Cl)Nc1ccc(OC(F)(F)F)cc1,CYP2C8,1
O=C(NC(=O)c1ccccc1Cl)Nc1ccc(OC(F)(F)F)cc1,CYP2C9,1
O=C(NC(=O)c1ccccc1Cl)Nc1ccc(OC(F)(F)F)cc1,CYP2D6,1
O=C(NC(=O)c1ccccc1Cl)Nc1ccc(OC(F)(F)F)cc1,CYP3A4,1
O=C(NC(Cc1cc(=O)[nH]c2ccccc12)C(=O)O)c1ccc(Cl)cc1,CYP1A2,0
O=C(NC(Cc1cc(=O)[nH]c2ccccc12)C(=O)O)c1ccc(Cl)cc1,CYP2A6,0
O=C(NC(Cc1cc(=O)[nH]c2ccccc12)C(=O)O)c1ccc(Cl)cc1,CYP2B6,0
O=C(NC(Cc1cc(=O)[nH]c2ccccc12)C(=O)O)c1ccc(Cl)cc1,CYP2C19,0
O=C(NC(Cc1cc(=O)[nH]c2ccccc12)C(=O)O)c1ccc(Cl)cc1,CYP2C8,0
O=C(NC(Cc1cc(=O)[nH]c2ccccc12)C(=O)O)c1ccc(Cl)cc1,CYP2C9,0
O=C(NC(Cc1cc(=O)[nH]c2ccccc12)C(=O)O)c1ccc(Cl)cc1,CYP2D6,0
O=C(NC(Cc1cc(=O)[nH]c2ccccc12)C(=O)O)c1ccc(Cl)cc1,CYP2E1,0
O=C(NC(Cc1cc(=O)[nH]c2ccccc12)C(=O)O)c1ccc(Cl)cc1,CYP3A4,1
O=C(NC12CC3CC(CC(C3)C1)C2)c1nn(CCCCCF)c2ccccc12,CYP2C8,1
O=C(NC12CC3CC(CC(C3)C1)C2)c1nn(CCCCCF)c2ccccc12,CYP2D6,1
O=C(NC12CC3CC(CC(C3)C1)C2)c1nn(CCCCCF)c2ccccc12,CYP3A4,1
O=C(NC1C2CC3CC(C2)CC1C3)c1nn(CC2CCOCC2)c2ccccc12,CYP1A2,0
O=C(NC1C2CC3CC(C2)CC1C3)c1nn(CC2CCOCC2)c2ccccc12,CYP2A6,0
O=C(NC1C2CC3CC(C2)CC1C3)c1nn(CC2CCOCC2)c2ccccc12,CYP2B6,0
O=C(NC1C2CC3CC(C2)CC1C3)c1nn(CC2CCOCC2)c2ccccc12,CYP2C8,1
O=C(NC1C2CC3CC(C2)CC1C3)c1nn(CC2CCOCC2)c2ccccc12,CYP2D6,1
O=C(NC1C2CC3CC(C2)CC1C3)c1nn(CC2CCOCC2)c2ccccc12,CYP2E1,0
O=C(NC1C2CC3CC(C2)CC1C3)c1nn(CC2CCOCC2)c2ccccc12,CYP3A4,1
O=C(NC1CCNCC1)[C@@H]1CC[C@@H]2CN1C(=O)N2OS(=O)(=O)O,CYP2C19,0
O=C(NC1CCNCC1)[C@@H]1CC[C@@H]2CN1C(=O)N2OS(=O)(=O)O,CYP2D6,0
O=C(NC1CCNCC1)[C@@H]1CC[C@@H]2CN1C(=O)N2OS(=O)(=O)O,CYP3A4,0
O=C(NCCCN(CCCCN(CCCNC(=O)c1cccc(=O)n1O)C(=O)c1cccc(=O)n1O)C(=O)c1cccc(=O)n1O)c1cccc(=O)n1O,CYP1A2,0
O=C(NCCCN(CCCCN(CCCNC(=O)c1cccc(=O)n1O)C(=O)c1cccc(=O)n1O)C(=O)c1cccc(=O)n1O)c1cccc(=O)n1O,CYP2B6,0
O=C(NCCCN(CCCCN(CCCNC(=O)c1cccc(=O)n1O)C(=O)c1cccc(=O)n1O)C(=O)c1cccc(=O)n1O)c1cccc(=O)n1O,CYP2C19,0
O=C(NCCCN(CCCCN(CCCNC(=O)c1cccc(=O)n1O)C(=O)c1cccc(=O)n1O)C(=O)c1cccc(=O)n1O)c1cccc(=O)n1O,CYP2C9,0
O=C(NCCCN(CCCCN(CCCNC(=O)c1cccc(=O)n1O)C(=O)c1cccc(=O)n1O)C(=O)c1cccc(=O)n1O)c1cccc(=O)n1O,CYP2D6,0
O=C(NCCCN(CCCCN(CCCNC(=O)c1cccc(=O)n1O)C(=O)c1cccc(=O)n1O)C(=O)c1cccc(=O)n1O)c1cccc(=O)n1O,CYP3A4,0
O=C(NCCS)c1cccc(C(=O)NCCS)c1,CYP2C8,0
O=C(NCCS)c1cccc(C(=O)NCCS)c1,CYP2E1,0
O=C(NCP(=O)(O)O)OCc1ccccc1,CYP2B6,0
O=C(NC[C@H]1CN(c2ccc(N3CCOCC3=O)cc2)C(=O)O1)c1ccc(Cl)s1,CYP1A2,0
O=C(NC[C@H]1CN(c2ccc(N3CCOCC3=O)cc2)C(=O)O1)c1ccc(Cl)s1,CYP2B6,0
O=C(NC[C@H]1CN(c2ccc(N3CCOCC3=O)cc2)C(=O)O1)c1ccc(Cl)s1,CYP2C8,0
O=C(NC[C@H]1CN(c2ccc(N3CCOCC3=O)cc2)C(=O)O1)c1ccc(Cl)s1,CYP2D6,1
O=C(NC[C@H]1CN(c2ccc(N3CCOCC3=O)cc2)C(=O)O1)c1ccc(Cl)s1,CYP3A4,1
O=C(NCc1ccccc1)NC[C@@H](O)C(=O)O,CYP2C19,0
O=C(NO)N[C@H](Cc1ccccc1)C(=O)O,CYP3A4,0
O=C(NO)[C@H](O)[C@H](O)COP(=O)(O)O,CYP2D6,0
O=C(NO)[C@H](O)[C@H](O)COP(=O)(O)O,CYP2E1,0
O=C(NO)[C@H](O)[C@H](O)COP(=O)(O)O,CYP3A4,0
O=C(NO)c1ccccc1O,CYP2D6,0
O=C(NOCCO)c1ccc2cncn2c1Nc1ccc(I)cc1F,CYP1A2,0
O=C(NOCCO)c1ccc2cncn2c1Nc1ccc(I)cc1F,CYP2B6,0
O=C(NOCCO)c1ccc2cncn2c1Nc1ccc(I)cc1F,CYP2C19,1
O=C(NOCCO)c1ccc2cncn2c1Nc1ccc(I)cc1F,CYP2C8,0
O=C(NOCCO)c1ccc2cncn2c1Nc1ccc(I)cc1F,CYP2C9,1
O=C(NOCCO)c1ccc2cncn2c1Nc1ccc(I)cc1F,CYP2D6,0
O=C(NOCCO)c1ccc2cncn2c1Nc1ccc(I)cc1F,CYP2E1,0
O=C(NOCCO)c1ccc2cncn2c1Nc1ccc(I)cc1F,CYP3A4,0
O=C(N[C@H]1CCN(CC2CC2)C[C@@H]1C(=O)NC1(c2ncccn2)CC1)c1cc(-c2ccc(F)cc2F)on1,CYP1A2,0
O=C(N[C@H]1CCN(CC2CC2)C[C@@H]1C(=O)NC1(c2ncccn2)CC1)c1cc(-c2ccc(F)cc2F)on1,CYP2B6,0
O=C(N[C@H]1CCN(CC2CC2)C[C@@H]1C(=O)NC1(c2ncccn2)CC1)c1cc(-c2ccc(F)cc2F)on1,CYP2C9,0
O=C(N[C@H]1CCN(CC2CC2)C[C@@H]1C(=O)NC1(c2ncccn2)CC1)c1cc(-c2ccc(F)cc2F)on1,CYP2D6,0
O=C(N[C@H]1CCN(CC2CC2)C[C@@H]1C(=O)NC1(c2ncccn2)CC1)c1cc(-c2ccc(F)cc2F)on1,CYP3A4,1
O=C(N[C@H]1CN2CCC1CC2)c1cc2ccoc2cn1,CYP1A2,0
O=C(N[C@H]1CN2CCC1CC2)c1cc2ccoc2cn1,CYP2C19,0
O=C(N[C@H]1CN2CCC1CC2)c1cc2ccoc2cn1,CYP2C9,0
O=C(N[C@H]1CN2CCC1CC2)c1cc2ccoc2cn1,CYP2D6,1
O=C(N[C@H]1CN2CCC1CC2)c1cc2ccoc2cn1,CYP3A4,0
O=C(Nc1ccc(-n2ccccc2=O)cn1)C1CC=NN1C(=O)Nc1ccc(Cl)cc1,CYP2B6,0
O=C(Nc1ccc(-n2ccccc2=O)cn1)C1CC=NN1C(=O)Nc1ccc(Cl)cc1,CYP2E1,0
O=C(Nc1ccc(-n2ccccc2=O)cn1)C1CC=NN1C(=O)Nc1ccc(Cl)cc1,CYP3A4,1
O=C(Nc1ccc(OC(F)(F)F)cc1)c1sccc1NCc1ccnc2ccccc12,CYP1A2,0
O=C(Nc1ccc(OC(F)(F)F)cc1)c1sccc1NCc1ccnc2ccccc12,CYP2A6,0
O=C(Nc1ccc(OC(F)(F)F)cc1)c1sccc1NCc1ccnc2ccccc12,CYP2B6,0
O=C(Nc1ccc(OC(F)(F)F)cc1)c1sccc1NCc1ccnc2ccccc12,CYP2C19,0
O=C(Nc1ccc(OC(F)(F)F)cc1)c1sccc1NCc1ccnc2ccccc12,CYP2E1,0
O=C(Nc1ccc(OC(F)(F)F)cc1)c1sccc1NCc1ccnc2ccccc12,CYP3A4,1
O=C(Nc1ccc([N+](=O)[O-])cc1Cl)c1cc(Cl)ccc1O,CYP1A2,1
O=C(Nc1ccc([N+](=O)[O-])cc1Cl)c1cc(Cl)ccc1O,CYP2B6,0
O=C(Nc1ccc([N+](=O)[O-])cc1Cl)c1cc(Cl)ccc1O,CYP2C19,0
O=C(Nc1ccc([N+](=O)[O-])cc1Cl)c1cc(Cl)ccc1O,CYP2C8,0
O=C(Nc1ccc([N+](=O)[O-])cc1Cl)c1cc(Cl)ccc1O,CYP2C9,0
O=C(Nc1ccc([N+](=O)[O-])cc1Cl)c1cc(Cl)ccc1O,CYP2D6,0
O=C(Nc1ccc([N+](=O)[O-])cc1Cl)c1cc(Cl)ccc1O,CYP2E1,0
O=C(Nc1ccc([N+](=O)[O-])cc1Cl)c1cc(Cl)ccc1O,CYP3A4,0
O=C(Nc1cccc2c(=O)cc(-c3nn[nH]n3)oc12)c1ccc(OCCCCc2ccccc2)cc1,CYP1A2,0
O=C(Nc1cccc2c(=O)cc(-c3nn[nH]n3)oc12)c1ccc(OCCCCc2ccccc2)cc1,CYP2A6,0
O=C(Nc1cccc2c(=O)cc(-c3nn[nH]n3)oc12)c1ccc(OCCCCc2ccccc2)cc1,CYP2B6,0
O=C(Nc1cccc2c(=O)cc(-c3nn[nH]n3)oc12)c1ccc(OCCCCc2ccccc2)cc1,CYP2C19,0
O=C(Nc1cccc2c(=O)cc(-c3nn[nH]n3)oc12)c1ccc(OCCCCc2ccccc2)cc1,CYP2C9,0
O=C(Nc1cccc2c(=O)cc(-c3nn[nH]n3)oc12)c1ccc(OCCCCc2ccccc2)cc1,CYP2D6,0
O=C(Nc1cccc2c(=O)cc(-c3nn[nH]n3)oc12)c1ccc(OCCCCc2ccccc2)cc1,CYP2E1,0
O=C(Nc1cccc2c(=O)cc(-c3nn[nH]n3)oc12)c1ccc(OCCCCc2ccccc2)cc1,CYP3A4,1
O=C(Nc1ccccc1)c1ccccc1O,CYP2B6,0
O=C(O)/C(=C\O[P+](=O)[O-])c1ccccc1,CYP2C19,0
O=C(O)/C(=C\O[P+](=O)[O-])c1ccccc1,CYP3A4,0
O=C(O)/C(F)=C\c1ccc(O)cc1,CYP2B6,0
O=C(O)/C(O)=C(Cl)\C=C\C(=O)c1ccccc1,CYP2B6,0
O=C(O)/C(O)=C(F)\C=C\C(=O)c1ccc(F)cc1,CYP2C8,0
O=C(O)/C(O)=C(F)\C=C\C(=O)c1ccc(F)cc1,CYP2D6,0
O=C(O)/C(O)=C\C=C\C(=O)c1ccccc1,CYP2E1,0
O=C(O)/C(O)=C\C=C\C(=O)c1ccccc1,CYP3A4,0
O=C(O)/C=C/c1c[nH]cn1,CYP2C19,0
O=C(O)/C=C/c1ccc(O)c(O)c1,CYP2B6,0
O=C(O)/C=C/c1ccc(O)c(O)c1,CYP3A4,0
O=C(O)/C=C/c1ccc(O)cc1,CYP2C19,0
O=C(O)/C=C/c1ccc(O)cc1,CYP3A4,0
O=C(O)/C=C/c1ccc(O)cc1O,CYP2D6,0
O=C(O)/C=C/c1ccccc1O,CYP3A4,0
O=C(O)C(=O)/C=C/CC(=O)c1ccccc1,CYP3A4,0
O=C(O)C(=O)Cc1ccc(O)cc1,CYP2C8,0
O=C(O)C(=O)Cc1ccc(O)cc1,CYP2D6,0
O=C(O)C(=O)Cc1ccccc1,CYP2C9,0
O=C(O)C(=O)Cc1ccccc1,CYP3A4,0
O=C(O)C(=O)N[C@H](Cc1ccccc1)C(=O)O,CYP3A4,0
O=C(O)C(=O)Nc1cc2[nH]ccc2cc1C(=O)O,CYP1A2,0
O=C(O)C(=O)Nc1cc2[nH]ccc2cc1C(=O)O,CYP2E1,0
O=C(O)C(=O)Nc1ccccc1C(=O)O,CYP2D6,0
O=C(O)C(=O)Nc1ccccc1C(=O)O,CYP3A4,0
O=C(O)C(=O)c1ccccc1,CYP3A4,0
O=C(O)C(C(=O)O)c1ccccc1,CYP2D6,0
O=C(O)C/C=C\C[C@H]1[C@@H]2CC[C@@H](C2)[C@@H]1NS(=O)(=O)c1ccccc1,CYP2C9,1
O=C(O)C/C=C\C[C@H]1[C@@H]2CC[C@@H](C2)[C@@H]1NS(=O)(=O)c1ccccc1,CYP3A4,1
O=C(O)C1=C(O)[C@H](O)[C@@H](O)[C@H](O)O1,CYP3A4,0
O=C(O)C1=C[C@@H](OP(=O)(O)O)[C@@H](O)[C@H](O)C1,CYP2C19,0
O=C(O)C1=C[C@@H](OP(=O)(O)O)[C@@H](O)[C@H](O)C1,CYP3A4,0
O=C(O)C1=C[C@H](O)[C@@H](O)[C@H](O)O1,CYP3A4,0
O=C(O)C1=C[C@H](O)[C@@H](OS(=O)(=O)O)[C@H](O)O1,CYP3A4,0
O=C(O)C1N=C(c2ccccc2)c2cc(Cl)ccc2NC1=O,CYP2C19,1
O=C(O)C1N=C(c2ccccc2)c2cc(Cl)ccc2NC1=O,CYP3A4,1
O=C(O)CC(=O)N[C@@H](CS)Cc1ccccc1,CYP2B6,0
O=C(O)CC(CC(=O)O)(C(=O)O)c1ccccc1,CYP2C9,0
O=C(O)CC(CC(=O)O)(C(=O)O)c1ccccc1,CYP3A4,0
O=C(O)CC(CC(=O)O)C(=O)O,CYP2C8,0
O=C(O)CC(CC(=O)O)C(=O)O,CYP2C9,0
O=C(O)CC(CC(=O)O)C(=O)O,CYP3A4,0
O=C(O)CCC(=O)C1=CC=C[C@@H](O)[C@@H]1C(=O)O,CYP3A4,0
O=C(O)CCC(=O)NNC(=O)CCC1CCCCC1,CYP2E1,0
O=C(O)CCC(=O)N[C@@H](C(=O)O)c1ccccc1,CYP3A4,0
O=C(O)CCC(=O)Nc1ccc(Br)cn1,CYP2A6,0
O=C(O)CCC(=O)OC1CC2CCC1C2,CYP2B6,0
O=C(O)CCC(=O)OC1CC2CCC1C2,CYP2C8,0
O=C(O)CCC(=O)OC1CC2CCC1C2,CYP2D6,0
O=C(O)CCC(=O)OC1CC2CCC1C2,CYP3A4,0
O=C(O)CCC(=O)c1ccccc1C(=O)O,CYP3A4,0
O=C(O)CCC/C=C\C[C@H]1[C@@H]2CC[C@@H](C2)[C@@H]1NS(=O)(=O)c1ccccc1,CYP2C9,1
O=C(O)CCC/C=C\C[C@H]1[C@@H]2CC[C@@H](C2)[C@@H]1NS(=O)(=O)c1ccccc1,CYP3A4,1
O=C(O)CCC1CCCCC1,CYP3A4,0
O=C(O)CCCCCCNC(=O)NC1CCCCC1,CYP2C8,0
O=C(O)CCCCCNC(=O)CCCC[C@@H]1SC[C@@H]2NC(=O)N[C@@H]21,CYP3A4,0
O=C(O)CCCC[C@@H]1CCSS1,CYP2A6,0
O=C(O)CCCC[C@@H]1CCSS1,CYP3A4,0
O=C(O)CCCC[C@@H]1SC[C@@H]2NC(=O)N[C@@H]21,CYP3A4,0
O=C(O)CCCCc1ccccc1,CYP3A4,0
O=C(O)CCCc1ccccc1,CYP2A6,0
O=C(O)CCCc1ccccc1,CYP2C8,0
O=C(O)CCCc1ccccc1,CYP2E1,0
O=C(O)CCNC(=O)[C@H]1CCCN1S(=O)(=O)c1ccc(C(=O)N[C@@H](CCC(=O)O)C(=O)O)cc1,CYP2C8,0
O=C(O)CCNC(=O)[C@H]1CCCN1S(=O)(=O)c1ccc(C(=O)N[C@@H](CCC(=O)O)C(=O)O)cc1,CYP2D6,0
O=C(O)CCNC(=O)c1ccc(/N=N/c2ccc(O)c(C(=O)O)c2)cc1,CYP2A6,0
O=C(O)CCSc1nc2ccccc2c(=O)[nH]1,CYP2A6,0
O=C(O)CCSc1nc2ccccc2c(=O)[nH]1,CYP2D6,0
O=C(O)CC[C@H](NC(=O)c1ccc(S(=O)(=O)N2CCC[C@@H]2C(=O)O)cc1)C(=O)O,CYP2D6,0
O=C(O)CC[C@H]1[C@@H]2CC[C@@H](C2)[C@@H]1NS(=O)(=O)c1ccccc1,CYP2C9,1
O=C(O)CC[C@H]1[C@@H]2CC[C@@H](C2)[C@@H]1NS(=O)(=O)c1ccccc1,CYP3A4,1
O=C(O)CCc1c[nH]c2ccccc12,CYP3A4,0
O=C(O)CCc1cc(C(=O)c2ccc(OC3CCCC3)cc2O)ccc1OCc1ccc2c(=O)[nH]oc2c1,CYP1A2,0
O=C(O)CCc1cc(C(=O)c2ccc(OC3CCCC3)cc2O)ccc1OCc1ccc2c(=O)[nH]oc2c1,CYP2A6,0
O=C(O)CCc1cc(C(=O)c2ccc(OC3CCCC3)cc2O)ccc1OCc1ccc2c(=O)[nH]oc2c1,CYP2B6,0
O=C(O)CCc1cc(C(=O)c2ccc(OC3CCCC3)cc2O)ccc1OCc1ccc2c(=O)[nH]oc2c1,CYP2C19,0
O=C(O)CCc1cc(C(=O)c2ccc(OC3CCCC3)cc2O)ccc1OCc1ccc2c(=O)[nH]oc2c1,CYP2C8,0
O=C(O)CCc1cc(C(=O)c2ccc(OC3CCCC3)cc2O)ccc1OCc1ccc2c(=O)[nH]oc2c1,CYP2C9,0
O=C(O)CCc1cc(C(=O)c2ccc(OC3CCCC3)cc2O)ccc1OCc1ccc2c(=O)[nH]oc2c1,CYP2D6,0
O=C(O)CCc1cc(C(=O)c2ccc(OC3CCCC3)cc2O)ccc1OCc1ccc2c(=O)[nH]oc2c1,CYP2E1,0
O=C(O)CCc1cc(C(=O)c2ccc(OC3CCCC3)cc2O)ccc1OCc1ccc2c(=O)[nH]oc2c1,CYP3A4,0
O=C(O)CCc1ccccc1,CYP3A4,0
O=C(O)CN(CCO)CCO,CYP1A2,0
O=C(O)CN(CCO)CCO,CYP2C9,0
O=C(O)CN(CCO)CCO,CYP3A4,0
O=C(O)CNC(=O)C(Cc1ccccc1)NC(=O)OCc1ccccc1,CYP2A6,0
O=C(O)CNC(=O)C(Cc1ccccc1)NC(=O)OCc1ccccc1,CYP2C9,0
O=C(O)CNC(=O)CNC(=O)CNC(=O)CSC(=O)c1ccccc1,CYP2C8,0
O=C(O)CNC(=O)NC1CCCCC1,CYP3A4,0
O=C(O)CNC(=O)c1ccccc1,CYP2E1,0
O=C(O)CO,CYP2C8,0
O=C(O)CO,CYP2C9,0
O=C(O)CO,CYP3A4,0
O=C(O)COC(=O)Cc1ccccc1Nc1c(Cl)cccc1Cl,CYP2C9,1
O=C(O)COc1c(C(=O)O)sc(-c2ccccc2)c1Br,CYP2D6,0
O=C(O)COc1cc(Cl)ccc1C(=O)NCc1ccc(Br)cc1F,CYP2A6,0
O=C(O)COc1ccc(C(=O)c2cccs2)c(Cl)c1Cl,CYP2C8,1
O=C(O)COc1ccc(C(=O)c2cccs2)c(Cl)c1Cl,CYP2C9,1
O=C(O)COc1ccc(Cl)cc1Cl,CYP3A4,1
O=C(O)C[C@@H](Cc1ccccc1)C(=O)O,CYP3A4,0
O=C(O)C[C@@H]1CC[C@@H](C(=O)O)N1,CYP2C19,0
O=C(O)C[C@H](NC(=O)Cc1c[nH]c2ccccc12)C(=O)O,CYP2C8,0
O=C(O)C[C@H](NC(=O)Cc1c[nH]c2ccccc12)C(=O)O,CYP3A4,0
O=C(O)C[C@H]1CCc2c1[nH]c1ccc(OCc3ccc(C4CCCC4)c(C(F)(F)F)c3)cc21,CYP1A2,0
O=C(O)C[C@H]1CCc2c1[nH]c1ccc(OCc3ccc(C4CCCC4)c(C(F)(F)F)c3)cc21,CYP2B6,0
O=C(O)C[C@H]1CCc2c1[nH]c1ccc(OCc3ccc(C4CCCC4)c(C(F)(F)F)c3)cc21,CYP2C19,1
O=C(O)C[C@H]1CCc2c1[nH]c1ccc(OCc3ccc(C4CCCC4)c(C(F)(F)F)c3)cc21,CYP2C8,1
O=C(O)C[C@H]1CCc2c1[nH]c1ccc(OCc3ccc(C4CCCC4)c(C(F)(F)F)c3)cc21,CYP2C9,1
O=C(O)C[C@H]1CCc2c1[nH]c1ccc(OCc3ccc(C4CCCC4)c(C(F)(F)F)c3)cc21,CYP3A4,1
O=C(O)Cc1c[nH]c2ccccc12,CYP2C8,0
O=C(O)Cc1cc(=O)[nH]c(=O)[nH]1,CYP3A4,0
O=C(O)Cc1cc(O)ccc1Nc1c(Cl)cccc1Cl,CYP2C9,1
O=C(O)Cc1cc(O)ccc1O,CYP2D6,0
O=C(O)Cc1cc(O)ccc1O,CYP3A4,0
O=C(O)Cc1ccc(-c2ccccc2)cc1,CYP3A4,0
O=C(O)Cc1ccc(-n2nc(C(F)(F)F)cc2-c2ccc(C(F)(F)F)cc2)cc1,CYP2C9,0
O=C(O)Cc1ccc(O)c(O)c1,CYP2A6,0
O=C(O)Cc1ccc(O)c(O)c1,CYP3A4,0
O=C(O)Cc1ccc2c(c1O)C(=O)c1c(O)cccc1C2=O,CYP3A4,0
O=C(O)Cc1cccc([N+](=O)[O-])c1,CYP2C8,0
O=C(O)Cc1ccccc1Nc1c(Cl)cccc1Cl,CYP2B6,1
O=C(O)Cc1ccccc1Nc1c(Cl)cccc1Cl,CYP2C19,1
O=C(O)Cc1ccccc1Nc1c(Cl)cccc1Cl,CYP2C8,1
O=C(O)Cc1ccccc1Nc1c(Cl)cccc1Cl,CYP2C9,1
O=C(O)Cc1ccccc1Nc1c(Cl)cccc1Cl,CYP3A4,1
O=C(O)Cn1c(=O)c(F)cn(C2CCCO2)c1=O,CYP2C9,0
O=C(O)[C@@H](CS)CCCc1ccccc1,CYP3A4,0
O=C(O)[C@@H](CS)Cc1ccccc1,CYP3A4,0
O=C(O)[C@@H](O)Cc1c[nH]c2ccccc12,CYP2D6,0
O=C(O)[C@@H](O)Cc1c[nH]c2ccccc12,CYP2E1,0
O=C(O)[C@@H](O)Cc1c[nH]c2ccccc12,CYP3A4,0
O=C(O)[C@@H](O)[C@@H](O)c1ccc(F)cc1,CYP2D6,0
O=C(O)[C@@H](O)[C@@H](O)c1ccc(F)cc1,CYP3A4,0
O=C(O)[C@@H](O)[C@H](O)[C@H](O)COP(=O)(O)O,CYP2A6,0
O=C(O)[C@@H](O)[C@H](O)[C@H](O)COP(=O)(O)O,CYP2C19,0
O=C(O)[C@@H](O)[C@H](O)[C@H](O)COP(=O)(O)O,CYP3A4,0
O=C(O)[C@@H](c1ccccc1)S(=O)(=O)O,CYP3A4,0
O=C(O)[C@@H]1CSCN1,CYP2C8,0
O=C(O)[C@@H]1CSCN1,CYP3A4,0
O=C(O)[C@@H]1C[C@@H](O)CN1,CYP2C9,0
O=C(O)[C@@H]1C[C@H](O)[C@@H](O)[C@H](O)O1,CYP2C19,0
O=C(O)[C@@H]1C[C@H](O)[C@@H](O)[C@H](O)O1,CYP3A4,0
O=C(O)[C@@]1(O)C[C@@H](O)[C@@H](O)[C@@H]([C@H](O)CO)O1,CYP3A4,0
O=C(O)[C@@]1(O)O[C@@H]([C@H](O)[C@H](O)CO)[C@H](O)[C@@H](O)[C@H]1F,CYP2E1,0
O=C(O)[C@H]1CCCN1,CYP3A4,0
O=C(O)[C@H]1CCCO1,CYP3A4,0
O=C(O)[C@H]1O[C@@H](O)[C@H](O)[C@@H](O)[C@H]1O,CYP2C19,0
O=C(O)[C@H]1O[C@@H](O)[C@H](O)[C@@H](O)[C@H]1O,CYP2C9,0
O=C(O)[C@H]1O[C@@H](O)[C@H](O)[C@@H](O)[C@H]1O,CYP3A4,0
O=C(O)[C@]1(O)C=C(F)[C@@H](O)[C@H](O)C1,CYP1A2,0
O=C(O)[C@]1(O)C=C[C@@H](O)[C@H](O)C1,CYP3A4,0
O=C(O)[C@]1(O)C=Cc2ccccc2O1,CYP3A4,0
O=C(O)[C@]1(O)C[C@H](CP(=O)(O)O)[C@@H](O)[C@H](O)C1,CYP2C19,0
O=C(O)[C@]1(O)C[C@H](CP(=O)(O)O)[C@@H](O)[C@H](O)C1,CYP3A4,0
O=C(O)[C@]1(O)O[C@H](COP(=O)(O)O)[C@@H](O)[C@H]1O,CYP3A4,0
O=C(O)c1c(C(=O)O)c(C(=O)O)c(C(=O)O)c(C(=O)O)c1C(=O)O,CYP2C9,0
O=C(O)c1c[nH]cn1,CYP3A4,0
O=C(O)c1cc(=O)[nH]c(=O)[nH]1,CYP3A4,0
O=C(O)c1cc(=O)[nH]c(=O)n1[C@@H]1O[C@H](COP(=O)(O)O)[C@@H](O)[C@H]1O,CYP3A4,0
O=C(O)c1cc(I)cc(I)c1O,CYP2C19,0
O=C(O)c1cc(O)c2c(c1)C(=O)c1cccc(O)c1C2=O,CYP1A2,1
O=C(O)c1cc(O)c2c(c1)C(=O)c1cccc(O)c1C2=O,CYP2A6,1
O=C(O)c1cc(O)c2c(c1)C(=O)c1cccc(O)c1C2=O,CYP2B6,1
O=C(O)c1cc(O)c2c(c1)C(=O)c1cccc(O)c1C2=O,CYP2C9,1
O=C(O)c1cc(O)c2c(c1)C(=O)c1cccc(O)c1C2=O,CYP2E1,1
O=C(O)c1cc(O)c2c(c1)C(=O)c1cccc(O)c1C2=O,CYP3A4,1
O=C(O)c1ccc(-n2nc(C(F)(F)F)cc2-c2ccc(C(F)(F)F)cc2)cc1,CYP2C9,0
O=C(O)c1ccc(C(F)(F)F)cc1-c1ccc2c(c1)OC[C@H](Cc1ccccc1)[C@H]2O,CYP1A2,0
O=C(O)c1ccc(C(F)(F)F)cc1-c1ccc2c(c1)OC[C@H](Cc1ccccc1)[C@H]2O,CYP2A6,0
O=C(O)c1ccc(C(F)(F)F)cc1-c1ccc2c(c1)OC[C@H](Cc1ccccc1)[C@H]2O,CYP2E1,0
O=C(O)c1ccc(C(F)(F)F)cc1-c1ccc2c(c1)OC[C@H](Cc1ccccc1)[C@H]2O,CYP3A4,1
O=C(O)c1ccc(NC(=O)[C@H](CC2CCCC2)n2cnc(C(F)(F)F)c2)nc1,CYP1A2,0
O=C(O)c1ccc(NC(=O)[C@H](CC2CCCC2)n2cnc(C(F)(F)F)c2)nc1,CYP2B6,0
O=C(O)c1ccc(NC(=O)[C@H](CC2CCCC2)n2cnc(C(F)(F)F)c2)nc1,CYP2C19,0
O=C(O)c1ccc(NC(=O)[C@H](CC2CCCC2)n2cnc(C(F)(F)F)c2)nc1,CYP2C8,0
O=C(O)c1ccc(NC(=O)[C@H](CC2CCCC2)n2cnc(C(F)(F)F)c2)nc1,CYP2C9,0
O=C(O)c1ccc(NC(=O)[C@H](CC2CCCC2)n2cnc(C(F)(F)F)c2)nc1,CYP2D6,0
O=C(O)c1ccc(NC(=O)[C@H](CC2CCCC2)n2cnc(C(F)(F)F)c2)nc1,CYP3A4,1
O=C(O)c1ccc2nc(-c3c(Cl)cccc3Cl)oc2c1,CYP2E1,0
O=C(O)c1ccc2nc(-c3cc(Cl)cc(Cl)c3)oc2c1,CYP2E1,0
O=C(O)c1ccc[nH]1,CYP3A4,0
O=C(O)c1cccc(-c2noc(-c3ccccc3F)n2)c1,CYP1A2,0
O=C(O)c1cccc(-c2noc(-c3ccccc3F)n2)c1,CYP2A6,0
O=C(O)c1cccc(-c2noc(-c3ccccc3F)n2)c1,CYP2B6,0
O=C(O)c1cccc(-c2noc(-c3ccccc3F)n2)c1,CYP2C19,0
O=C(O)c1cccc(-c2noc(-c3ccccc3F)n2)c1,CYP2C8,0
O=C(O)c1cccc(-c2noc(-c3ccccc3F)n2)c1,CYP2C9,0
O=C(O)c1cccc(-c2noc(-c3ccccc3F)n2)c1,CYP2D6,0
O=C(O)c1cccc(-c2noc(-c3ccccc3F)n2)c1,CYP2E1,0
O=C(O)c1cccc(-c2noc(-c3ccccc3F)n2)c1,CYP3A4,0
O=C(O)c1cccc(O)c1O,CYP1A2,0
O=C(O)c1cccc(O)c1O,CYP2C19,0
O=C(O)c1ccccc1/N=N/c1ccc(O)cc1,CYP2D6,0
O=C(O)c1ccccc1C(=O)O,CYP2C9,0
O=C(O)c1ccccc1C(=O)O,CYP3A4,0
O=C(O)c1ccccc1Nc1cccc(C(F)(F)F)c1,CYP2C8,1
O=C(O)c1ccccc1Nc1cccc(C(F)(F)F)c1,CYP2C9,1
O=C(O)c1ccccc1Nc1cccc(C(F)(F)F)c1,CYP3A4,1
O=C(O)c1ccccc1O,CYP2E1,1
O=C(O)c1ccccc1O,CYP3A4,1
O=C(O)c1cccnc1,CYP2D6,0
O=C(O)c1cccnc1C(=O)O,CYP3A4,0
O=C(O)c1conc1O,CYP2C8,0
O=C(O)c1conc1O,CYP3A4,0
O=C(O)c1cscn1,CYP3A4,0
O=C(OCC(O)CO)c1ccccc1Nc1ccnc2cc(Cl)ccc12,CYP2A6,0
O=C(OCC(O)CO)c1ccccc1Nc1ccnc2cc(Cl)ccc12,CYP2B6,0
O=C(OCC(O)CO)c1ccccc1Nc1ccnc2cc(Cl)ccc12,CYP2C19,1
O=C(OCC(O)CO)c1ccccc1Nc1ccnc2cc(Cl)ccc12,CYP2C8,0
O=C(OCC(O)CO)c1ccccc1Nc1ccnc2cc(Cl)ccc12,CYP2E1,0
O=C(OCC(O)CO)c1ccccc1Nc1ccnc2cc(Cl)ccc12,CYP3A4,1
O=C(OCc1ccccc1)c1ccccc1-c1c2ccc(=O)cc-2oc2cc(OCc3ccccc3)ccc12,CYP2A6,0
O=C(OCc1ccccc1)c1ccccc1-c1c2ccc(=O)cc-2oc2cc(OCc3ccccc3)ccc12,CYP2B6,0
O=C(OCc1ccccc1)c1ccccc1-c1c2ccc(=O)cc-2oc2cc(OCc3ccccc3)ccc12,CYP2C19,1
O=C(OCc1ccccc1)c1ccccc1-c1c2ccc(=O)cc-2oc2cc(OCc3ccccc3)ccc12,CYP2C8,1
O=C(OCc1ccccc1)c1ccccc1-c1c2ccc(=O)cc-2oc2cc(OCc3ccccc3)ccc12,CYP2C9,1
O=C(OCc1ccccc1)c1ccccc1-c1c2ccc(=O)cc-2oc2cc(OCc3ccccc3)ccc12,CYP2E1,0
O=C(OCc1ccccc1)c1ccccc1-c1c2ccc(=O)cc-2oc2cc(OCc3ccccc3)ccc12,CYP3A4,1
O=C(O[C@H]1C[N+]2(CCCOc3ccccc3)CCC1CC2)C(O)(c1cccs1)c1cccs1,CYP1A2,0
O=C(O[C@H]1C[N+]2(CCCOc3ccccc3)CCC1CC2)C(O)(c1cccs1)c1cccs1,CYP2A6,0
O=C(O[C@H]1C[N+]2(CCCOc3ccccc3)CCC1CC2)C(O)(c1cccs1)c1cccs1,CYP2B6,0
O=C(O[C@H]1C[N+]2(CCCOc3ccccc3)CCC1CC2)C(O)(c1cccs1)c1cccs1,CYP2C19,0
O=C(O[C@H]1C[N+]2(CCCOc3ccccc3)CCC1CC2)C(O)(c1cccs1)c1cccs1,CYP2C8,0
O=C(O[C@H]1C[N+]2(CCCOc3ccccc3)CCC1CC2)C(O)(c1cccs1)c1cccs1,CYP2C9,0
O=C(O[C@H]1C[N+]2(CCCOc3ccccc3)CCC1CC2)C(O)(c1cccs1)c1cccs1,CYP2D6,1
O=C(O[C@H]1C[N+]2(CCCOc3ccccc3)CCC1CC2)C(O)(c1cccs1)c1cccs1,CYP2E1,0
O=C(O[C@H]1C[N+]2(CCCOc3ccccc3)CCC1CC2)C(O)(c1cccs1)c1cccs1,CYP3A4,1
O=C(Oc1ccccc1C(=O)O)c1ccccc1O,CYP2E1,0
O=C(c1c(O)cc(O)cc1O)[C@H](c1coc2cc(O)cc(O)c2c1=O)C(c1ccc(O)cc1)c1ccc(O)cc1,CYP1A2,1
O=C(c1c(O)cc(O)cc1O)[C@H](c1coc2cc(O)cc(O)c2c1=O)C(c1ccc(O)cc1)c1ccc(O)cc1,CYP2B6,0
O=C(c1c(O)cc(O)cc1O)[C@H](c1coc2cc(O)cc(O)c2c1=O)C(c1ccc(O)cc1)c1ccc(O)cc1,CYP2C19,0
O=C(c1c(O)cc(O)cc1O)[C@H](c1coc2cc(O)cc(O)c2c1=O)C(c1ccc(O)cc1)c1ccc(O)cc1,CYP2C8,0
O=C(c1c(O)cc(O)cc1O)[C@H](c1coc2cc(O)cc(O)c2c1=O)C(c1ccc(O)cc1)c1ccc(O)cc1,CYP2C9,0
O=C(c1c(O)cc(O)cc1O)[C@H](c1coc2cc(O)cc(O)c2c1=O)C(c1ccc(O)cc1)c1ccc(O)cc1,CYP2D6,0
O=C(c1c(O)cc(O)cc1O)[C@H](c1coc2cc(O)cc(O)c2c1=O)C(c1ccc(O)cc1)c1ccc(O)cc1,CYP2E1,0
O=C(c1c(O)cc(O)cc1O)[C@H](c1coc2cc(O)cc(O)c2c1=O)C(c1ccc(O)cc1)c1ccc(O)cc1,CYP3A4,0
O=C(c1cc(Br)c(O)c(Br)c1)N1CCOc2ccncc21,CYP1A2,0
O=C(c1cc(Br)c(O)c(Br)c1)N1CCOc2ccncc21,CYP2A6,0
O=C(c1cc(Br)c(O)c(Br)c1)N1CCOc2ccncc21,CYP2B6,0
O=C(c1cc(Br)c(O)c(Br)c1)N1CCOc2ccncc21,CYP2C19,0
O=C(c1cc(Br)c(O)c(Br)c1)N1CCOc2ccncc21,CYP2C8,0
O=C(c1cc(Br)c(O)c(Br)c1)N1CCOc2ccncc21,CYP2C9,1
O=C(c1cc(Br)c(O)c(Br)c1)N1CCOc2ccncc21,CYP2D6,0
O=C(c1cc(Br)c(O)c(Br)c1)N1CCOc2ccncc21,CYP2E1,0
O=C(c1cc(Br)c(O)c(Br)c1)N1CCOc2ccncc21,CYP3A4,0
O=C(c1ccc(OCCN2CCCCC2)cc1)c1c(-c2ccc(O)cc2)sc2cc(O)ccc12,CYP1A2,0
O=C(c1ccc(OCCN2CCCCC2)cc1)c1c(-c2ccc(O)cc2)sc2cc(O)ccc12,CYP2C9,0
O=C(c1ccc(OCCN2CCCCC2)cc1)c1c(-c2ccc(O)cc2)sc2cc(O)ccc12,CYP2D6,1
O=C(c1ccc(OCCN2CCCCC2)cc1)c1c(-c2ccc(O)cc2)sc2cc(O)ccc12,CYP2E1,0
O=C(c1ccc(OCCN2CCCCC2)cc1)c1c(-c2ccc(O)cc2)sc2cc(O)ccc12,CYP3A4,1
O=C(c1ccc2c(c1)c1ccccc1n2CCCCCF)c1cccc2ccccc12,CYP1A2,1
O=C(c1ccc2c(c1)c1ccccc1n2CCCCCF)c1cccc2ccccc12,CYP2C19,1
O=C(c1ccc2c(c1)c1ccccc1n2CCCCCF)c1cccc2ccccc12,CYP2C9,1
O=C(c1ccc2c(c1)c1ccccc1n2CCCCCF)c1cccc2ccccc12,CYP2D6,1
O=C(c1ccc2c(c1)c1ccccc1n2CCCCCF)c1cccc2ccccc12,CYP3A4,1
O=C(c1cccc2ccccc12)c1cn(CCCCCF)c2ccccc12,CYP1A2,1
O=C(c1cccc2ccccc12)c1cn(CCCCCF)c2ccccc12,CYP2C9,1
O=C(c1cccc2ccccc12)c1cn(CCN2CCOCC2)c2ccccc12,CYP1A2,1
O=C(c1cccc2ccccc12)c1cn(CCN2CCOCC2)c2ccccc12,CYP2A6,0
O=C(c1cccc2ccccc12)c1cn(CCN2CCOCC2)c2ccccc12,CYP2C19,1
O=C(c1cccc2ccccc12)c1cn(CCN2CCOCC2)c2ccccc12,CYP2E1,0
O=C(c1cccc2ccccc12)c1cn(CCN2CCOCC2)c2ccccc12,CYP3A4,1
O=C(c1cccc2ccccc12)c1nn(CCCCCF)c2ccccc12,CYP2B6,1
O=C(c1cccc2ccccc12)c1nn(CCCCCF)c2ccccc12,CYP2C19,1
O=C(c1cccc2ccccc12)c1nn(CCCCCF)c2ccccc12,CYP3A4,1
O=C(c1ccccc1)c1ccc(O)c(O)c1[N+](=O)[O-],CYP2A6,0
O=C(c1ccccc1)c1ccc(O)cc1O,CYP2B6,0
O=C(c1ccccc1)c1ccc(O)cc1O,CYP2C19,0
O=C(c1ccccc1)c1ccc(O)cc1O,CYP2C9,0
O=C(c1ccccc1)c1ccc(O)cc1O,CYP2D6,1
O=C(c1ccccc1)c1ccc(O)cc1O,CYP3A4,0
O=C(c1cccs1)c1ccc(O)c(Cl)c1Cl,CYP2C9,1
O=C(c1cccs1)c1ccc(OCCCO)c(Cl)c1Cl,CYP2C19,1
O=C(c1cccs1)c1ccc(OCCCO)c(Cl)c1Cl,CYP2C8,1
O=C(c1cccs1)c1ccc(OCCCO)c(Cl)c1Cl,CYP2C9,1
O=C1C(O)=CC(=O)c2c(O)cc(O)cc21,CYP3A4,0
O=C1C=C(O)C(=O)c2ccccc21,CYP2C8,0
O=C1C=C(O)C(=O)c2ccccc21,CYP3A4,0
O=C1C=C2CN(C(C(=O)C3CC3)c3ccccc3F)CCC2S1,CYP1A2,0
O=C1C=C2CN(C(C(=O)C3CC3)c3ccccc3F)CCC2S1,CYP2A6,0
O=C1C=C2CN(C(C(=O)C3CC3)c3ccccc3F)CCC2S1,CYP2B6,1
O=C1C=C2CN(C(C(=O)C3CC3)c3ccccc3F)CCC2S1,CYP2C19,1
O=C1C=C2CN(C(C(=O)C3CC3)c3ccccc3F)CCC2S1,CYP2C8,0
O=C1C=C2CN(C(C(=O)C3CC3)c3ccccc3F)CCC2S1,CYP2C9,1
O=C1C=C2CN(C(C(=O)C3CC3)c3ccccc3F)CCC2S1,CYP2D6,1
O=C1C=C2CN(C(C(=O)C3CC3)c3ccccc3F)CCC2S1,CYP2E1,0
O=C1C=C2CN(C(C(=O)C3CC3)c3ccccc3F)CCC2S1,CYP3A4,1
O=C1C=C2CN(Cc3ccccc3Cl)CCC2S1,CYP1A2,1
O=C1C=C2CN(Cc3ccccc3Cl)CCC2S1,CYP2B6,1
O=C1C=C2CN(Cc3ccccc3Cl)CCC2S1,CYP2C19,1
O=C1C=C2CN(Cc3ccccc3Cl)CCC2S1,CYP2D6,1
O=C1C=C2CN(Cc3ccccc3Cl)CCC2S1,CYP2E1,0
O=C1C=C2CN(Cc3ccccc3Cl)CCC2S1,CYP3A4,1
O=C1C=CC[C@@H]2[C@H]3CCC[N+]4([O-])CCC[C@@H](CN12)[C@@H]34,CYP1A2,0
O=C1C=CC[C@@H]2[C@H]3CCC[N+]4([O-])CCC[C@@H](CN12)[C@@H]34,CYP2C19,0
O=C1C=CC[C@@H]2[C@H]3CCC[N+]4([O-])CCC[C@@H](CN12)[C@@H]34,CYP2C8,0
O=C1C=CC[C@@H]2[C@H]3CCC[N+]4([O-])CCC[C@@H](CN12)[C@@H]34,CYP2E1,0
O=C1CC(=O)N(c2ccccc2)c2cc(Cl)ccc2N1,CYP2A6,0
O=C1CC(=O)N(c2ccccc2)c2cc(Cl)ccc2N1,CYP2B6,0
O=C1CC(=O)N(c2ccccc2)c2cc(Cl)ccc2N1,CYP2C19,1
O=C1CC(=O)N(c2ccccc2)c2cc(Cl)ccc2N1,CYP2C8,0
O=C1CC(=O)N(c2ccccc2)c2cc(Cl)ccc2N1,CYP2C9,0
O=C1CC(=O)N(c2ccccc2)c2cc(Cl)ccc2N1,CYP2E1,0
O=C1CC(c2ccccc2)Oc2ccccc21,CYP1A2,1
O=C1CC(c2ccccc2)Oc2ccccc21,CYP2A6,1
O=C1CCC(=O)N1,CYP1A2,0
O=C1CCC(N2C(=O)c3ccccc3C2=O)C(=O)N1,CYP2B6,1
O=C1CCC(N2C(=O)c3ccccc3C2=O)C(=O)N1,CYP2C19,1
O=C1CCC(N2C(=O)c3ccccc3C2=O)C(=O)N1,CYP2C9,1
O=C1CCCN1,CYP3A4,0
O=C1CCCO1,CYP3A4,0
O=C1CCNC(=O)N1,CYP1A2,0
O=C1CCNC(=O)N1,CYP3A4,0
O=C1CC[C@@H](C(=O)O)N1,CYP3A4,0
O=C1CC[C@@]2(O)[C@H]3Cc4ccc(O)c5c4[C@@]2(CCN3CC2CC2)[C@H]1O5,CYP2C19,0
O=C1CC[C@@]2(O)[C@H]3Cc4ccc(O)c5c4[C@@]2(CCN3CC2CC2)[C@H]1O5,CYP2D6,0
O=C1CC[C@@]2(O)[C@H]3Cc4ccc(O)c5c4[C@@]2(CCN3CC2CC2)[C@H]1O5,CYP3A4,1
O=C1CN=C(c2ccccc2)c2cc(Cl)ccc2N1,CYP1A2,1
O=C1CN=C(c2ccccc2)c2cc(Cl)ccc2N1,CYP2B6,0
O=C1CN=C(c2ccccc2)c2cc(Cl)ccc2N1,CYP2C19,1
O=C1CN=C(c2ccccc2)c2cc(Cl)ccc2N1,CYP2C8,0
O=C1CN=C(c2ccccc2)c2cc(Cl)ccc2N1,CYP2C9,0
O=C1CN=C(c2ccccc2)c2cc(Cl)ccc2N1,CYP2E1,0
O=C1CN=C(c2ccccc2)c2cc(Cl)ccc2N1,CYP3A4,1
O=C1CN=C(c2ccccc2)c2cc(Cl)ccc2N1CC(F)(F)F,CYP2A6,0
O=C1CN=C(c2ccccc2)c2cc([N+](=O)[O-])ccc2N1,CYP3A4,1
O=C1CN=C(c2ccccc2Cl)c2cc(Br)ccc2N1,CYP3A4,1
O=C1CN=C(c2ccccc2Cl)c2cc([N+](=O)[O-])ccc2N1,CYP3A4,1
O=C1CN=C(c2ccccc2F)c2cc(Cl)ccc2N1CC(F)(F)F,CYP1A2,0
O=C1CN=C(c2ccccc2F)c2cc(Cl)ccc2N1CC(F)(F)F,CYP2A6,0
O=C1CN=C(c2ccccc2F)c2cc(Cl)ccc2N1CC(F)(F)F,CYP2C19,0
O=C1CN=C(c2ccccc2F)c2cc(Cl)ccc2N1CC(F)(F)F,CYP2C9,1
O=C1CN=C(c2ccccc2F)c2cc(Cl)ccc2N1CC(F)(F)F,CYP2D6,0
O=C1CN=C(c2ccccc2F)c2cc(Cl)ccc2N1CC(F)(F)F,CYP2E1,0
O=C1CN=C(c2ccccc2F)c2cc(Cl)ccc2N1CC(F)(F)F,CYP3A4,1
O=C1COC(=O)CO1,CYP2C19,0
O=C1COC(=O)CO1,CYP3A4,0
O=C1C[C@@H](C(=O)O)NC(=O)N1,CYP3A4,0
O=C1C[C@@H](c2ccc(O)cc2)Oc2cc(O)cc(O)c21,CYP1A2,1
O=C1C[C@@H](c2ccc(O)cc2)Oc2cc(O)cc(O)c21,CYP2C9,0
O=C1C[C@@H](c2ccc(O)cc2)Oc2cc(O)cc(O)c21,CYP2D6,0
O=C1C[C@@H](c2ccc(O)cc2)Oc2cc(O)cc(O)c21,CYP3A4,1
O=C1C[C@@H](c2ccc(O)cc2)Oc2cc(O)ccc21,CYP1A2,1
O=C1C[C@@H](c2ccc(O)cc2)Oc2cc(O)ccc21,CYP2A6,0
O=C1C[C@@H](c2ccc(O)cc2)Oc2cc(O)ccc21,CYP2B6,0
O=C1C[C@@H](c2ccc(O)cc2)Oc2cc(O)ccc21,CYP2C19,0
O=C1C[C@@H](c2ccc(O)cc2)Oc2cc(O)ccc21,CYP2C8,0
O=C1C[C@@H](c2ccc(O)cc2)Oc2cc(O)ccc21,CYP2C9,0
O=C1C[C@@H](c2ccc(O)cc2)Oc2cc(O)ccc21,CYP2D6,0
O=C1C[C@@H](c2ccc(O)cc2)Oc2cc(O)ccc21,CYP2E1,0
O=C1C[C@@H](c2ccc(O)cc2)Oc2cc(O)ccc21,CYP3A4,0
O=C1C[C@@H](c2ccc(O)cc2)Oc2ccccc21,CYP2B6,0
O=C1C[C@@H](c2ccc(O)cc2)Oc2ccccc21,CYP2D6,0
O=C1C[C@H]2CC[C@@H]1C2,CYP2D6,0
O=C1C[C@H]2CC[C@@H]1C2,CYP3A4,0
O=C1Cc2cc(CCN3CCN(c4nsc5ccccc45)CC3)c(Cl)cc2N1,CYP1A2,0
O=C1Cc2cc(CCN3CCN(c4nsc5ccccc45)CC3)c(Cl)cc2N1,CYP2C19,0
O=C1Cc2cc(CCN3CCN(c4nsc5ccccc45)CC3)c(Cl)cc2N1,CYP2C9,0
O=C1Cc2cc(CCN3CCN(c4nsc5ccccc45)CC3)c(Cl)cc2N1,CYP2D6,0
O=C1Cc2cc(CCN3CCN(c4nsc5ccccc45)CC3)c(Cl)cc2N1,CYP3A4,1
O=C1Cc2cccc(C(=O)c3ccc(Br)cc3)c2N1,CYP1A2,1
O=C1Cc2cccc(C(=O)c3ccc(Br)cc3)c2N1,CYP2C19,1
O=C1Cc2cccc(C(=O)c3ccc(Br)cc3)c2N1,CYP2D6,1
O=C1NC(=O)C(c2ccccc2)(c2ccc(O)cc2)N1,CYP3A4,1
O=C1NC(=O)C(c2ccccc2)(c2cccc(O)c2)N1,CYP3A4,1
O=C1NC(=O)C(c2ccccc2)(c2ccccc2)N1,CYP1A2,0
O=C1NC(=O)C(c2ccccc2)(c2ccccc2)N1,CYP2A6,0
O=C1NC(=O)C(c2ccccc2)(c2ccccc2)N1,CYP2B6,0
O=C1NC(=O)C(c2ccccc2)(c2ccccc2)N1,CYP2C8,1
O=C1NC(=O)C(c2ccccc2)(c2ccccc2)N1,CYP2C9,1
O=C1NC(=O)C(c2ccccc2)(c2ccccc2)N1,CYP2D6,0
O=C1NC(=O)C(c2ccccc2)(c2ccccc2)N1,CYP2E1,0
O=C1NC(=O)C(c2ccccc2)(c2ccccc2)N1,CYP3A4,0
O=C1NC(=O)[C@@H](c2cn3c4c(cccc24)CCC3)[C@@H]1c1c[nH]c2ccccc12,CYP2C19,1
O=C1NC(=O)[C@@H](c2cn3c4c(cccc24)CCC3)[C@@H]1c1c[nH]c2ccccc12,CYP2E1,0
O=C1NC(=O)[C@@H](c2cn3c4c(cccc24)[C@@H](O)CC3)[C@@H]1c1c[nH]c2ccccc12,CYP2E1,0
O=C1NC(=O)[C@@H](c2cn3c4c(cccc24)[C@@H](O)CC3)[C@@H]1c1c[nH]c2ccccc12,CYP3A4,1
O=C1NC(=O)[C@@H](c2cn3c4c(cccc24)[C@H](O)CC3)[C@@H]1c1c[nH]c2ccccc12,CYP3A4,1
O=C1NC(=O)[C@]2(N1)O[C@H](CO)[C@@H](O)[C@H](O)[C@H]2O,CYP3A4,0
O=C1NCCc2c1cnn2-c1ccnc(Cc2cc(F)cc(C(F)(F)F)c2)c1,CYP1A2,0
O=C1NCCc2c1cnn2-c1ccnc(Cc2cc(F)cc(C(F)(F)F)c2)c1,CYP2B6,0
O=C1NCCc2c1cnn2-c1ccnc(Cc2cc(F)cc(C(F)(F)F)c2)c1,CYP2C8,0
O=C1NCCc2c1cnn2-c1ccnc(Cc2cc(F)cc(C(F)(F)F)c2)c1,CYP2C9,0
O=C1NCCc2c1cnn2-c1ccnc(Cc2cc(F)cc(C(F)(F)F)c2)c1,CYP3A4,1
O=C1N[C@@]2(O[C@H](CO)[C@@H](O)[C@H](O)[C@H]2O)C(=O)N1O,CYP2A6,0
O=C1N[C@@]2(O[C@H](CO)[C@@H](O)[C@H](O)[C@H]2O)C(=O)N1O,CYP2C9,0
O=C1N[C@@]2(O[C@H](CO)[C@@H](O)[C@H](O)[C@H]2O)C(=O)N1O,CYP3A4,0
O=C1Nc2c(O)cc(Cl)cc2[C@@](C#CC2CC2)(C(F)(F)F)O1,CYP1A2,0
O=C1Nc2c(O)cc(Cl)cc2[C@@](C#CC2CC2)(C(F)(F)F)O1,CYP2A6,1
O=C1Nc2c(O)cc(Cl)cc2[C@@](C#CC2CC2)(C(F)(F)F)O1,CYP2B6,1
O=C1Nc2c(O)cc(Cl)cc2[C@@](C#CC2CC2)(C(F)(F)F)O1,CYP2C19,1
O=C1Nc2c(O)cc(Cl)cc2[C@@](C#CC2CC2)(C(F)(F)F)O1,CYP2C8,0
O=C1Nc2c(O)cc(Cl)cc2[C@@](C#CC2CC2)(C(F)(F)F)O1,CYP2C9,1
O=C1Nc2c(O)cc(Cl)cc2[C@@](C#CC2CC2)(C(F)(F)F)O1,CYP2D6,1
O=C1Nc2c(O)cc(Cl)cc2[C@@](C#CC2CC2)(C(F)(F)F)O1,CYP2E1,0
O=C1Nc2c(O)cc(Cl)cc2[C@@](C#CC2CC2)(C(F)(F)F)O1,CYP3A4,0
O=C1Nc2ccc(Cl)cc2[C@@](C#CC2CC2)(C(F)(F)F)O1,CYP2B6,1
O=C1Nc2ccc(Cl)cc2[C@@](C#CC2CC2)(C(F)(F)F)O1,CYP2C19,0
O=C1Nc2ccc(Cl)cc2[C@@](C#CC2CC2)(C(F)(F)F)O1,CYP2C8,0
O=C1Nc2ccc(Cl)cc2[C@@](C#CC2CC2)(C(F)(F)F)O1,CYP2D6,0
O=C1Nc2ccc(Cl)cc2[C@@](C#CC2CC2)(C(F)(F)F)O1,CYP2E1,0
O=C1OC2(c3ccc(OCc4ccccc4)cc3Oc3cc(OCc4ccccc4)ccc32)c2ccccc21,CYP2A6,0
O=C1OC2(c3ccc(OCc4ccccc4)cc3Oc3cc(OCc4ccccc4)ccc32)c2ccccc21,CYP2B6,0
O=C1OC2(c3ccc(OCc4ccccc4)cc3Oc3cc(OCc4ccccc4)ccc32)c2ccccc21,CYP2C19,1
O=C1OC2(c3ccc(OCc4ccccc4)cc3Oc3cc(OCc4ccccc4)ccc32)c2ccccc21,CYP2C8,1
O=C1OC2(c3ccc(OCc4ccccc4)cc3Oc3cc(OCc4ccccc4)ccc32)c2ccccc21,CYP2E1,0
O=C1OC2(c3ccc(OCc4ccccc4)cc3Oc3cc(OCc4ccccc4)ccc32)c2ccccc21,CYP3A4,1
O=C1[C@@H]2[C@H]3CC[C@H](C3)[C@@H]2C(=O)N1C[C@@H]1CCCC[C@H]1CN1CCN(c2nsc3ccccc23)CC1,CYP1A2,0
O=C1[C@@H]2[C@H]3CC[C@H](C3)[C@@H]2C(=O)N1C[C@@H]1CCCC[C@H]1CN1CCN(c2nsc3ccccc23)CC1,CYP2A6,0
O=C1[C@@H]2[C@H]3CC[C@H](C3)[C@@H]2C(=O)N1C[C@@H]1CCCC[C@H]1CN1CCN(c2nsc3ccccc23)CC1,CYP2B6,0
O=C1[C@@H]2[C@H]3CC[C@H](C3)[C@@H]2C(=O)N1C[C@@H]1CCCC[C@H]1CN1CCN(c2nsc3ccccc23)CC1,CYP2C19,0
O=C1[C@@H]2[C@H]3CC[C@H](C3)[C@@H]2C(=O)N1C[C@@H]1CCCC[C@H]1CN1CCN(c2nsc3ccccc23)CC1,CYP2C8,0
O=C1[C@@H]2[C@H]3CC[C@H](C3)[C@@H]2C(=O)N1C[C@@H]1CCCC[C@H]1CN1CCN(c2nsc3ccccc23)CC1,CYP2C9,0
O=C1[C@@H]2[C@H]3CC[C@H](C3)[C@@H]2C(=O)N1C[C@@H]1CCCC[C@H]1CN1CCN(c2nsc3ccccc23)CC1,CYP2D6,0
O=C1[C@@H]2[C@H]3CC[C@H](C3)[C@@H]2C(=O)N1C[C@@H]1CCCC[C@H]1CN1CCN(c2nsc3ccccc23)CC1,CYP2E1,0
O=C1[C@@H]2[C@H]3CC[C@H](C3)[C@@H]2C(=O)N1C[C@@H]1CCCC[C@H]1CN1CCN(c2nsc3ccccc23)CC1,CYP3A4,1
O=C1c2c(O)cc(O)cc2O[C@H](c2cc(O)c(O)c(O)c2)[C@H]1O,CYP1A2,0
O=C1c2c(O)cc(O)cc2O[C@H](c2ccc(O)c(O)c2)[C@H]1O,CYP3A4,0
O=C1c2c(O)ccc(O)c2C(=O)c2c(NCCNCCO)ccc(NCCNCCO)c21,CYP2E1,1
O=C1c2cccc(O)c2C(=O)c2c(O)cc(CO)cc21,CYP1A2,1
O=C1c2cccc(O)c2C(=O)c2c(O)cc(CO)cc21,CYP3A4,1
O=C1c2cccc(O)c2C(=O)c2c(O)cccc21,CYP3A4,0
O=C1c2cccc3cccc(c23)C(=O)N1Cc1ccc(F)cc1,CYP1A2,0
O=C1c2cccc3cccc(c23)C(=O)N1Cc1ccc(F)cc1,CYP2A6,0
O=C1c2cccc3cccc(c23)C(=O)N1Cc1ccc(F)cc1,CYP2B6,0
O=C1c2cccc3cccc(c23)C(=O)N1Cc1ccc(F)cc1,CYP2C19,0
O=C1c2cccc3cccc(c23)C(=O)N1Cc1ccc(F)cc1,CYP2C8,0
O=C1c2cccc3cccc(c23)C(=O)N1Cc1ccc(F)cc1,CYP2C9,0
O=C1c2cccc3cccc(c23)C(=O)N1Cc1ccc(F)cc1,CYP2D6,0
O=C1c2cccc3cccc(c23)C(=O)N1Cc1ccc(F)cc1,CYP2E1,0
O=C1c2cccc3cccc(c23)C(=O)N1Cc1ccc(F)cc1,CYP3A4,1
O=C1c2ccccc2-c2ccc([N+](=O)[O-])c3cccc1c23,CYP1A2,1
O=C1c2ccccc2-c2ccc([N+](=O)[O-])c3cccc1c23,CYP2B6,1
O=C1c2ccccc2-c2ccc([N+](=O)[O-])c3cccc1c23,CYP2D6,1
O=CC(=O)O,CYP2B6,0
O=CC(=O)O,CYP2D6,0
O=CC(=O)O,CYP3A4,0
O=CCCCC[C@@H]1SC[C@@H]2NC(=O)N[C@@H]21,CYP3A4,0
O=CCc1ccccc1,CYP3A4,0
O=C[C@H](O)[C@@H](O)[C@@H](CO)O[C@@H]1O[C@H](CO)[C@H](O)[C@H](O)[C@H]1O,CYP2A6,0
O=C[C@H](O)[C@@H](O)[C@@H](CO)O[C@@H]1O[C@H](CO)[C@H](O)[C@H](O)[C@H]1O,CYP2E1,0
O=C[C@H](O)[C@@H](O)[C@@H](CO)O[C@@H]1O[C@H](CO)[C@H](O)[C@H](O)[C@H]1O,CYP3A4,0
O=Cc1c2ccccc2cc2ccccc12,CYP2A6,1
O=Cc1c2ccccc2cc2ccccc12,CYP2B6,1
O=Cc1c2ccccc2cc2ccccc12,CYP2C19,1
O=Cc1c2ccccc2cc2ccccc12,CYP2C8,0
O=Cc1c2ccccc2cc2ccccc12,CYP2C9,0
O=Cc1c2ccccc2cc2ccccc12,CYP2D6,0
O=Cc1c2ccccc2cc2ccccc12,CYP2E1,1
O=Cc1c2ccccc2cc2ccccc12,CYP3A4,1
O=Cc1ccc(O)c(O)c1,CYP1A2,0
O=Cc1ccc(O)cc1,CYP2C19,0
O=Cc1ccc(O)cc1,CYP3A4,0
O=Cc1cccc2ccccc12,CYP3A4,1
O=Cc1ccco1,CYP3A4,0
O=NN1CC=CCC1c1cccnc1,CYP2A6,1
O=NN1CC=CCC1c1cccnc1,CYP3A4,1
O=NN1CC=CC[C@H]1c1cccnc1,CYP2A6,1
O=NN1CCCC1,CYP2A6,1
O=NN1CCCC1,CYP2E1,1
O=NN1CCCCC1,CYP2A6,1
O=NN1CCCCC1,CYP2E1,1
O=NN1CCC[C@H]1c1cccnc1,CYP2A6,1
O=NN1CCC[C@H]1c1cccnc1,CYP2D6,1
O=NN1CCC[C@H]1c1cccnc1,CYP2E1,1
O=NN1CCC[C@H]1c1cccnc1,CYP3A4,1
O=NN1CCOCC1,CYP2A6,1
O=NN1CCOCC1,CYP2B6,1
O=NN1CCOCC1,CYP2E1,1
O=P(O)(O)C(O)(Cn1ccnc1)P(=O)(O)O,CYP3A4,0
O=P(O)(O)CCCC[S@@+]([O-])c1ccccc1O,CYP2A6,0
O=P(O)(O)CP(=O)(O)O[C@H]1O[C@H](COP(=O)(O)O)[C@@H](O)[C@H]1O,CYP1A2,0
O=P(O)(O)CP(=O)(O)O[C@H]1O[C@H](COP(=O)(O)O)[C@@H](O)[C@H]1O,CYP2C19,0
O=P(O)(O)CS,CYP1A2,0
O=P(O)(O)CS,CYP2A6,0
O=P(O)(O)CS,CYP2C9,0
O=P(O)(O)C[C@@H]1O[C@H](COP(=O)(O)O)[C@@H](O)[C@@H]1O,CYP3A4,0
O=P(O)(O)OCCCc1c[nH]c2ccc(F)cc12,CYP2C8,0
O=P(O)(O)OC[C@@H](O)[C@@H](O)c1c[nH]c2ccccc12,CYP3A4,0
O=P(O)(O)OC[C@@H](O)[C@H]1O[C@H](O)[C@@H](O)[C@@H](O)[C@@H]1O,CYP3A4,0
O=P(O)(O)OC[C@@H]1O[C@H](COP(=O)(O)O)[C@@H](O)[C@@H]1O,CYP2D6,0
O=P(O)(O)OC[C@@H]1O[C@H](COP(=O)(O)O)[C@@H](O)[C@@H]1O,CYP3A4,0
O=P(O)(O)OC[C@H]1C[C@H](OP(=O)(O)OP(=O)(O)O)[C@H](O)[C@@H]1O,CYP3A4,0
O=P(O)(O)OC[C@H]1O[C@@H](O)C[C@@H](O)[C@@H]1O,CYP3A4,0
O=P(O)(O)OC[C@H]1O[C@@H](O)[C@H](O)[C@@H](O)[C@@H]1O,CYP3A4,0
O=P(O)(O)OC[C@H]1O[C@@H](n2cnc3c(Cl)ncnc32)[C@H](O)[C@@H]1O,CYP1A2,0
O=P(O)(O)OC[C@H]1O[C@@H](n2cnc3cncnc32)[C@H](O)[C@@H]1O,CYP3A4,0
O=P(O)(O)OC[C@H]1O[C@H](OP(=O)(O)O)[C@H](O)[C@@H](O)[C@@H]1O,CYP2C9,0
O=P(O)(O)OC[C@H]1O[C@H](OP(=O)(O)O)[C@H](O)[C@@H](O)[C@@H]1O,CYP3A4,0
O=P(O)(O)OC[C@H]1O[C@H](OP(=O)(O)OP(=O)(O)O)[C@H](O)[C@@H]1O,CYP2C8,0
O=P(O)(O)OC[C@H]1O[C@H](OP(=O)(O)OP(=O)(O)O)[C@H](O)[C@@H]1O,CYP3A4,0
O=P(O)(O)OC[C@H]1O[C@H](n2cnc3ccccc32)[C@H](O)[C@@H]1O,CYP3A4,0
O=P(O)(O)OC[C@H]1O[C@H](n2cnc3ncncc32)[C@H](O)[C@@H]1O,CYP3A4,0
O=P(O)(O)OC[C@H]1O[C@](O)(COP(=O)(O)O)[C@@H](O)[C@@H]1O,CYP2B6,0
O=P(O)(O)O[C@@H]1[C@H](O)[C@H](OP(=O)(O)O)[C@@H](O)[C@H](O)[C@H]1O,CYP2C19,0
O=P(O)(O)O[C@@H]1[C@H](O)[C@H](OP(=O)(O)O)[C@@H](O)[C@H](O)[C@H]1O,CYP2C9,0
O=P(O)(O)O[C@H]1O[C@H](CO)[C@@H](O)[C@H](O)[C@H]1O,CYP3A4,0
O=P(O)(O)O[C@H]1[C@@H](O)[C@H](O)[C@@H](OP(=O)(O)O)[C@H](OP(=O)(O)O)[C@H]1O,CYP2E1,0
O=P(O)(O)O[C@H]1[C@H](O)[C@@H](O)[C@H](OP(=O)(O)O)[C@@H](O)[C@H]1O,CYP3A4,0
O=P(O)(O)Oc1ccc(Cc2ccc(OP(=O)(O)O)cc2)cc1,CYP2B6,0
O=P(O)(O)Oc1ccccc1,CYP2C8,0
O=P(OC(CCl)CCl)(OC(CCl)CCl)OC(CCl)CCl,CYP2D6,0
O=P(OC(CCl)CCl)(OC(CCl)CCl)OC(CCl)CCl,CYP2E1,0
O=P(OC(CCl)CCl)(OC(CCl)CCl)OC(CCl)CCl,CYP3A4,1
O=P(OCCCl)(OCCCl)OCC(CCl)(CCl)COP(=O)(OCCCl)OCCCl,CYP1A2,1
O=P(OCCCl)(OCCCl)OCC(CCl)(CCl)COP(=O)(OCCCl)OCCCl,CYP2B6,1
O=P(OCCCl)(OCCCl)OCC(CCl)(CCl)COP(=O)(OCCCl)OCCCl,CYP2C19,1
O=P(OCCCl)(OCCCl)OCC(CCl)(CCl)COP(=O)(OCCCl)OCCCl,CYP2C9,1
O=P(OCCCl)(OCCCl)OCC(CCl)(CCl)COP(=O)(OCCCl)OCCCl,CYP3A4,1
O=P(Oc1ccccc1)(Oc1ccccc1)Oc1ccccc1,CYP2E1,1
O=P1(N(CCCl)CCCl)NCCCO1,CYP2A6,1
O=P1(N(CCCl)CCCl)NCCCO1,CYP2B6,1
O=P1(N(CCCl)CCCl)NCCCO1,CYP2C19,1
O=P1(N(CCCl)CCCl)NCCCO1,CYP2C8,1
O=P1(N(CCCl)CCCl)NCCCO1,CYP2C9,1
O=P1(N(CCCl)CCCl)NCCCO1,CYP3A4,1
O=P1(N(CCCl)CCCl)OCCCN1CCCl,CYP1A2,0
O=P1(N(CCCl)CCCl)OCCCN1CCCl,CYP2A6,0
O=P1(N(CCCl)CCCl)OCCCN1CCCl,CYP2B6,1
O=P1(N(CCCl)CCCl)OCCCN1CCCl,CYP2D6,0
O=P1(N(CCCl)CCCl)OCCCN1CCCl,CYP2E1,0
O=P1(N(CCCl)CCCl)OCCCN1CCCl,CYP3A4,1
O=P1(NCCCl)OCCCN1CCCl,CYP2A6,1
O=P1(NCCCl)OCCCN1CCCl,CYP2B6,1
O=P1(NCCCl)OCCCN1CCCl,CYP2C19,1
O=P1(NCCCl)OCCCN1CCCl,CYP2C8,1
O=P1(NCCCl)OCCCN1CCCl,CYP2C9,1
O=P1(NCCCl)OCCCN1CCCl,CYP3A4,1
O=S(=O)(N[C@H](CO)C(C(F)(F)F)C(F)(F)F)c1ccc(Cl)s1,CYP2A6,0
O=S(=O)(Nc1ccc(CCNC[C@H](O)c2cccnc2)cc1)c1ccc(-c2nc(-c3ccc(C(F)(F)F)cc3)cs2)cc1,CYP1A2,0
O=S(=O)(Nc1ccc(CCNC[C@H](O)c2cccnc2)cc1)c1ccc(-c2nc(-c3ccc(C(F)(F)F)cc3)cs2)cc1,CYP2A6,0
O=S(=O)(Nc1ccc(CCNC[C@H](O)c2cccnc2)cc1)c1ccc(-c2nc(-c3ccc(C(F)(F)F)cc3)cs2)cc1,CYP2C19,0
O=S(=O)(Nc1ccc(CCNC[C@H](O)c2cccnc2)cc1)c1ccc(-c2nc(-c3ccc(C(F)(F)F)cc3)cs2)cc1,CYP2C8,0
O=S(=O)(Nc1ccc(CCNC[C@H](O)c2cccnc2)cc1)c1ccc(-c2nc(-c3ccc(C(F)(F)F)cc3)cs2)cc1,CYP2C9,0
O=S(=O)(Nc1ccc(CCNC[C@H](O)c2cccnc2)cc1)c1ccc(-c2nc(-c3ccc(C(F)(F)F)cc3)cs2)cc1,CYP2D6,0
O=S(=O)(Nc1ccc(CCNC[C@H](O)c2cccnc2)cc1)c1ccc(-c2nc(-c3ccc(C(F)(F)F)cc3)cs2)cc1,CYP2E1,0
O=S(=O)(Nc1ccc(CCNC[C@H](O)c2cccnc2)cc1)c1ccc(-c2nc(-c3ccc(C(F)(F)F)cc3)cs2)cc1,CYP3A4,1
O=S(=O)(O)CCCNC1CCCCC1,CYP1A2,0
O=S(=O)(O)CCN1CCN(CCO)CC1,CYP2C8,0
O=S(=O)(O)CCN1CCOCC1,CYP2C9,0
O=S(=O)(O)CCN1CCOCC1,CYP2D6,0
O=S(=O)(O)Cc1ccccc1,CYP2B6,0
O=S(=O)(O)N[C@@H]1[C@@H](O)[C@H](O)[C@@H](COS(=O)(=O)O)O[C@@H]1O,CYP3A4,0
O=S(=O)(O)O[C@@H]1[C@@H](O)[C@H](O)O[C@H](CO)[C@@H]1O,CYP1A2,0
O=S(=O)(O)O[C@@H]1[C@@H](O)[C@H](O)O[C@H](CO)[C@@H]1O,CYP2C9,0
O=S(=O)(O)O[C@@H]1[C@@H](O)[C@H](O)O[C@H](CO)[C@@H]1O,CYP2D6,0
O=S(=O)(O)O[C@@H]1[C@@H](O)[C@H](O)O[C@H](CO)[C@@H]1O,CYP3A4,0
O=S(=O)(O)O[C@@H]1[C@@H](OS(=O)(=O)O)[C@H](O)[C@@H](CO)O[C@@H]1O,CYP3A4,0
O=S(=O)(O)O[C@@H]1[C@H](O)[C@@H](O)[C@H](O)O[C@@H]1CO,CYP3A4,0
O=S(=O)(O)Oc1ccccc1,CYP2B6,0
O=S(=O)(O)c1cc(I)c(O)c2ncccc12,CYP2A6,0
O=S(=O)(O)c1cc(O)ccc1O,CYP2D6,0
O=S(=O)(O)c1ccc2cc(S(=O)(=O)O)ccc2c1,CYP2D6,0
O=S(=O)(O)c1ccc2cc(S(=O)(=O)O)ccc2c1,CYP2E1,0
O=S(O)CNc1ccc(S(=O)(=O)c2ccc(NCS(=O)O)cc2)cc1,CYP2B6,0
O=S1OCC2C(CO1)C1(Cl)C(Cl)=C(Cl)C2(Cl)C1(Cl)Cl,CYP1A2,0
O=S1OCC2C(CO1)C1(Cl)C(Cl)=C(Cl)C2(Cl)C1(Cl)Cl,CYP2A6,0
O=S1OCC2C(CO1)C1(Cl)C(Cl)=C(Cl)C2(Cl)C1(Cl)Cl,CYP2B6,1
O=S1OCC2C(CO1)C1(Cl)C(Cl)=C(Cl)C2(Cl)C1(Cl)Cl,CYP2C8,0
O=S1OCC2C(CO1)C1(Cl)C(Cl)=C(Cl)C2(Cl)C1(Cl)Cl,CYP2D6,0
O=S1OCC2C(CO1)C1(Cl)C(Cl)=C(Cl)C2(Cl)C1(Cl)Cl,CYP2E1,0
O=S1OCC2C(CO1)C1(Cl)C(Cl)=C(Cl)C2(Cl)C1(Cl)Cl,CYP3A4,1
O=[N+]([O-])OCC(CO[N+](=O)[O-])O[N+](=O)[O-],CYP2A6,1
O=[N+]([O-])OCC(CO[N+](=O)[O-])O[N+](=O)[O-],CYP2C8,1
O=[N+]([O-])OCC(CO[N+](=O)[O-])O[N+](=O)[O-],CYP2C9,1
O=[N+]([O-])OCC(CO[N+](=O)[O-])O[N+](=O)[O-],CYP2D6,1
O=[N+]([O-])OCC(CO[N+](=O)[O-])O[N+](=O)[O-],CYP2E1,1
O=[N+]([O-])OCC(CO[N+](=O)[O-])O[N+](=O)[O-],CYP3A4,1
O=[N+]([O-])O[C@H]1CO[C@H]2[C@@H]1OC[C@H]2O[N+](=O)[O-],CYP2A6,1
O=[N+]([O-])O[C@H]1CO[C@H]2[C@@H]1OC[C@H]2O[N+](=O)[O-],CYP2C9,1
O=[N+]([O-])O[C@H]1CO[C@H]2[C@@H]1OC[C@H]2O[N+](=O)[O-],CYP2D6,1
O=[N+]([O-])O[C@H]1CO[C@H]2[C@@H]1OC[C@H]2O[N+](=O)[O-],CYP2E1,1
O=[N+]([O-])O[C@H]1CO[C@H]2[C@@H]1OC[C@H]2O[N+](=O)[O-],CYP3A4,1
O=[N+]([O-])c1cc(Br)cc2c1NCC2,CYP3A4,1
O=[N+]([O-])c1cc([N+](=O)[O-])c2ccc3cccc4ccc1c2c43,CYP1A2,1
O=[N+]([O-])c1cc2c3ccccc3ccc2c2ccccc12,CYP1A2,1
O=[N+]([O-])c1cc2c3ccccc3ccc2c2ccccc12,CYP2E1,1
O=[N+]([O-])c1cc2c3ccccc3ccc2c2ccccc12,CYP3A4,1
O=[N+]([O-])c1cc2ccc3cccc4ccc(c1)c2c34,CYP1A2,0
O=[N+]([O-])c1cc2ccc3cccc4ccc(c1)c2c34,CYP2A6,0
O=[N+]([O-])c1cc2ccc3cccc4ccc(c1)c2c34,CYP2C9,0
O=[N+]([O-])c1cc2ccc3cccc4ccc(c1)c2c34,CYP2D6,0
O=[N+]([O-])c1cc2ccc3cccc4ccc(c1)c2c34,CYP2E1,0
O=[N+]([O-])c1cc2ccc3cccc4ccc(c1)c2c34,CYP3A4,0
O=[N+]([O-])c1cc2cccc3ccc4cccc1c4c32,CYP1A2,1
O=[N+]([O-])c1cc2cccc3ccc4cccc1c4c32,CYP3A4,1
O=[N+]([O-])c1ccc(O)cc1,CYP2E1,1
O=[N+]([O-])c1ccc2c(c1)NCC2,CYP3A4,1
O=[N+]([O-])c1ccc2ccc3c([N+](=O)[O-])ccc4ccc1c2c43,CYP3A4,1
O=[N+]([O-])c1ccc2ccc3cccc4ccc1c2c34,CYP1A2,1
O=[N+]([O-])c1ccc2ccc3cccc4ccc1c2c34,CYP3A4,1
O=[N+]([O-])c1nccn1CO[C@@H](CO)[C@H](O)CO,CYP3A4,0
O=c1[nH]c(=O)n(C2CCCO2)cc1F,CYP1A2,1
O=c1[nH]c(=O)n(C2CCCO2)cc1F,CYP2A6,1
O=c1[nH]c(=O)n(C2CCCO2)cc1F,CYP2B6,1
O=c1[nH]c(=O)n(C2CCCO2)cc1F,CYP2C19,1
O=c1[nH]c(=O)n(C2CCCO2)cc1F,CYP2C8,1
O=c1[nH]c(=O)n(C2CCCO2)cc1F,CYP2C9,1
O=c1[nH]c(=O)n(C2CCCO2)cc1F,CYP2D6,1
O=c1[nH]c(=O)n(C2CCCO2)cc1F,CYP2E1,1
O=c1[nH]c(=O)n(C2CCCO2)cc1F,CYP3A4,1
O=c1[nH]c(=O)n(COCc2ccccc2)c(Cc2ccccc2)c1I,CYP2B6,0
O=c1[nH]c(=O)n(COCc2ccccc2)c(Cc2ccccc2)c1I,CYP2C19,1
O=c1[nH]c(=O)n(COCc2ccccc2)c(Cc2ccccc2)c1I,CYP2C8,0
O=c1[nH]c(=O)n(COCc2ccccc2)c(Cc2ccccc2)c1I,CYP2C9,0
O=c1[nH]c(=O)n(COCc2ccccc2)c(Cc2ccccc2)c1I,CYP3A4,1
O=c1[nH]c(=O)n([C@@H]2O[C@H](CO)[C@@H](O)[C@@H]2O)cc1/C=C/Br,CYP3A4,0
O=c1[nH]c(=O)n([C@@H]2O[C@H](CO)[C@@H](O)[C@H]2O)cc1F,CYP1A2,0
O=c1[nH]c(=O)n([C@H]2C[C@H](O)[C@@H](CO)O2)cc1Br,CYP1A2,0
O=c1[nH]c(=O)n([C@H]2C[C@H](O)[C@@H](CO)O2)cc1C(F)(F)F,CYP2A6,0
O=c1[nH]c(=O)n([C@H]2C[C@H](O)[C@@H](CO)O2)cc1C(F)(F)F,CYP2B6,0
O=c1[nH]c(=O)n([C@H]2C[C@H](O)[C@@H](CO)O2)cc1I,CYP2E1,0
O=c1[nH]c(=O)n([C@H]2C[C@H](O)[C@@H](COP(=O)(O)O)O2)cc1Br,CYP2B6,0
O=c1[nH]c(=O)n([C@H]2C[C@H](O)[C@@H](COP(=O)(O)O)O2)cc1CO,CYP3A4,0
O=c1[nH]c2cc(Cl)ccc2o1,CYP1A2,1
O=c1[nH]c2cc(Cl)ccc2o1,CYP2A6,1
O=c1[nH]c2cc(Cl)ccc2o1,CYP2B6,1
O=c1[nH]c2cc(Cl)ccc2o1,CYP2C19,1
O=c1[nH]c2cc(Cl)ccc2o1,CYP2C9,1
O=c1[nH]c2cc(Cl)ccc2o1,CYP2D6,1
O=c1[nH]c2cc(Cl)ccc2o1,CYP2E1,1
O=c1[nH]c2cc(Cl)ccc2o1,CYP3A4,1
O=c1[nH]c2cc([N+](=O)[O-])c([N+](=O)[O-])cc2[nH]c1=O,CYP2C8,0
O=c1[nH]c2ccccc2n1C1CCN(CCCC(c2ccc(F)cc2)c2ccc(F)cc2)CC1,CYP1A2,1
O=c1[nH]c2ccccc2n1C1CCN(CCCC(c2ccc(F)cc2)c2ccc(F)cc2)CC1,CYP2D6,1
O=c1[nH]c2ccccc2n1C1CCN(CCCC(c2ccc(F)cc2)c2ccc(F)cc2)CC1,CYP3A4,1
O=c1[nH]c2ccccc2n1CCCN1CCC(n2c(=O)[nH]c3cc(Cl)ccc32)CC1,CYP1A2,1
O=c1[nH]c2ccccc2n1CCCN1CCC(n2c(=O)[nH]c3cc(Cl)ccc32)CC1,CYP2B6,1
O=c1[nH]c2ccccc2n1CCCN1CCC(n2c(=O)[nH]c3cc(Cl)ccc32)CC1,CYP2C8,1
O=c1[nH]c2ccccc2n1CCCN1CCC(n2c(=O)[nH]c3cc(Cl)ccc32)CC1,CYP2D6,1
O=c1[nH]c2ccccc2n1CCCN1CCC(n2c(=O)[nH]c3cc(Cl)ccc32)CC1,CYP2E1,0
O=c1[nH]c2ccccc2n1CCCN1CCC(n2c(=O)[nH]c3cc(Cl)ccc32)CC1,CYP3A4,1
O=c1[nH]cnc2c1ncn2[C@@H]1O[C@H](CO)[C@@H](O)[C@H]1O,CYP3A4,0
O=c1[nH]cnc2c1ncn2[C@@H]1O[C@H](COP(=O)(O)O)[C@@H](O)[C@H]1O,CYP2D6,0
O=c1[nH]cnc2c1ncn2[C@@H]1O[C@H](COP(=O)(O)O)[C@@H](O)[C@H]1O,CYP3A4,0
O=c1[nH]cnc2c1ncn2[C@@H]1O[C@H](COS(=O)(=O)O)[C@@H](O)[C@H]1O,CYP1A2,0
O=c1[nH]cnc2c1ncn2[C@@H]1O[C@H](COS(=O)(=O)O)[C@@H](O)[C@H]1O,CYP2C9,0
O=c1[nH]cnc2c1ncn2[C@@H]1O[C@H](COS(=O)(=O)O)[C@@H](O)[C@H]1O,CYP3A4,0
O=c1[nH]cnc2c1ncn2[C@H]1C[C@H](O)[C@@H](CO)O1,CYP3A4,0
O=c1c(-c2ccc(O)cc2)coc2cc(O)cc(O)c12,CYP1A2,1
O=c1c(-c2ccc(O)cc2)coc2cc(O)cc(O)c12,CYP2E1,1
O=c1c(-c2ccc(O)cc2)coc2cc(O)ccc12,CYP1A2,1
O=c1c(O)c(-c2ccc(O)c(O)c2)oc2cc(O)ccc12,CYP2C19,0
O=c1c(O)c(-c2ccc(O)c(O)c2)oc2cc(O)ccc12,CYP3A4,0
O=c1c(O)c(-c2ccc(O)cc2)oc2cc(O)cc(O)c12,CYP1A2,1
O=c1c(O)c(-c2ccc(O)cc2)oc2cc(O)cc(O)c12,CYP2C9,0
O=c1c(O)c(-c2ccc(O)cc2)oc2cc(O)cc(O)c12,CYP2D6,0
O=c1c(O)c(-c2ccc(O)cc2)oc2cc(O)cc(O)c12,CYP3A4,0
O=c1c(O)c(-c2ccc(O)cc2O)oc2cc(O)cc(O)c12,CYP3A4,0
O=c1c(O)c(-c2ccccc2)oc2cc(O)ccc12,CYP1A2,1
O=c1c(O)c(-c2ccccc2)oc2cc(O)ccc12,CYP2E1,1
O=c1c2ccccc2nc2n1CCc1c-2[nH]c2ccccc12,CYP1A2,1
O=c1c2ccccc2nc2n1CCc1c-2[nH]c2ccccc12,CYP2A6,0
O=c1c2ccccc2nc2n1CCc1c-2[nH]c2ccccc12,CYP2C9,1
O=c1c2ccccc2nc2n1CCc1c-2[nH]c2ccccc12,CYP2D6,1
O=c1c2ccccc2nc2n1CCc1c-2[nH]c2ccccc12,CYP3A4,1
O=c1cc(-c2cc(O)c(O)c(O)c2)oc2cc(O)cc(O)c12,CYP2D6,0
O=c1cc(-c2ccc(O)c(O)c2)oc2cc(O)cc(O)c12,CYP1A2,1
O=c1cc(-c2ccc(O)cc2)oc2cc(O)cc(O)c12,CYP1A2,1
O=c1cc(-c2ccc(O)cc2)oc2cc(O)cc(O)c12,CYP2C9,0
O=c1cc(-c2ccc(O)cc2)oc2cc(O)cc(O)c12,CYP2D6,0
O=c1cc(-c2ccc(O)cc2)oc2cc(O)cc(O)c12,CYP3A4,1
O=c1cc(-c2ccccc2)oc2cc(O)ccc12,CYP1A2,1
O=c1cc(-c2ccccc2)oc2cc(O)ccc12,CYP2D6,1
O=c1cc(-c2ccccc2)oc2cc(O)ccc12,CYP3A4,1
O=c1cc(-c2ccccc2)oc2ccccc12,CYP1A2,1
O=c1cc(-c2ccccc2)oc2ccccc12,CYP2A6,1
O=c1cc(-c2ccccc2)oc2ccccc12,CYP2B6,1
O=c1cc(C(F)(F)F)c2ccc(OCc3cc(C(F)(F)F)ccc3C(F)(F)F)cc2o1,CYP1A2,0
O=c1cc(C(F)(F)F)c2ccc(OCc3cc(C(F)(F)F)ccc3C(F)(F)F)cc2o1,CYP2A6,0
O=c1cc(C(F)(F)F)c2ccc(OCc3cc(C(F)(F)F)ccc3C(F)(F)F)cc2o1,CYP2C19,0
O=c1cc(C(F)(F)F)c2ccc(OCc3cc(C(F)(F)F)ccc3C(F)(F)F)cc2o1,CYP2C8,0
O=c1cc(C(F)(F)F)c2ccc(OCc3cc(C(F)(F)F)ccc3C(F)(F)F)cc2o1,CYP2C9,0
O=c1cc(C(F)(F)F)c2ccc(OCc3cc(C(F)(F)F)ccc3C(F)(F)F)cc2o1,CYP2D6,0
O=c1cc(C(F)(F)F)c2ccc(OCc3cc(C(F)(F)F)ccc3C(F)(F)F)cc2o1,CYP2E1,0
O=c1cc(C(F)(F)F)c2ccc(OCc3cc(C(F)(F)F)ccc3C(F)(F)F)cc2o1,CYP3A4,1
O=c1cc(C(F)(F)F)c2ccc(OCc3ccccc3)cc2o1,CYP1A2,1
O=c1cc(C(F)(F)F)c2ccc(OCc3ccccc3)cc2o1,CYP2B6,1
O=c1cc(C(F)(F)F)c2ccc(OCc3ccccc3)cc2o1,CYP2C19,1
O=c1cc(C(F)(F)F)c2ccc(OCc3ccccc3)cc2o1,CYP2C9,1
O=c1cc(C(F)(F)F)c2ccc(OCc3ccccc3)cc2o1,CYP3A4,1
O=c1cc(O)n([C@@H]2O[C@H](COP(=O)(O)O)[C@@H](O)[C@H]2O)c(=O)[nH]1,CYP2E1,0
O=c1ccc2cc3ccoc3c(O)c2o1,CYP1A2,1
O=c1ccc2cc3ccoc3c(O)c2o1,CYP2D6,0
O=c1ccc2cc3ccoc3cc2o1,CYP2A6,1
O=c1ccc2ccc(O)c(O)c2o1,CYP3A4,0
O=c1ccc2ccccc2[nH]1,CYP2C8,0
O=c1ccc2ccccc2o1,CYP1A2,1
O=c1ccc2ccccc2o1,CYP2A6,1
O=c1ccc2ccccc2o1,CYP2C8,1
O=c1ccc2ccccc2o1,CYP2E1,1
O=c1ccc2ccccc2o1,CYP3A4,1
O=c1ccc2nc3ccc(OCc4ccccc4)cc3oc-2c1,CYP1A2,1
O=c1ccc2nc3ccc(OCc4ccccc4)cc3oc-2c1,CYP2B6,1
O=c1ccc2nc3ccc(OCc4ccccc4)cc3oc-2c1,CYP2C9,0
O=c1ccc2nc3ccc(OCc4ccccc4)cc3oc-2c1,CYP3A4,1
O=c1ccn([C@@H]2O[C@H](CO)[C@@H](O)[C@@H]2F)c(=O)[nH]1,CYP2C8,0
O=c1ccn([C@@H]2O[C@H](CO)[C@@H](O)[C@@H]2F)c(=O)[nH]1,CYP2E1,0
O=c1ccn([C@@H]2O[C@H](CO)[C@@H](O)[C@H]2O)c(=O)[nH]1,CYP2E1,0
O=c1ccn([C@@H]2O[C@H](CO)[C@@H](O)[C@H]2O)c(=O)[nH]1,CYP3A4,0
O=c1ccn([C@@H]2O[C@H](CO)[C@@H](OP(=O)(O)O)[C@@H]2O)c(=O)[nH]1,CYP2C19,0
O=c1ccn([C@@H]2O[C@H](CO)[C@@H](OP(=O)(O)O)[C@@H]2O)c(=O)[nH]1,CYP3A4,0
O=c1ccn([C@@H]2O[C@H](COP(=O)(O)O)[C@@H](O)[C@H]2O)c(=O)[nH]1,CYP3A4,0
O=c1ccn([C@H]2C[C@H](O)[C@@H](CO)O2)c(=O)[nH]1,CYP3A4,0
O=c1ccn([C@H]2C[C@H](O)[C@@H](COP(=O)(O)NP(=O)(O)O)O2)c(=O)[nH]1,CYP3A4,0
O=c1ccn([C@H]2C[C@H](O)[C@@H](COP(=O)(O)NP(=O)(O)OP(=O)(O)O)O2)c(=O)[nH]1,CYP2B6,0
O=c1ccn([C@H]2C[C@H](O)[C@@H](COP(=O)(O)NP(=O)(O)OP(=O)(O)O)O2)c(=O)[nH]1,CYP3A4,0
O=c1ccn([C@H]2C[C@H](O)[C@@H](COP(=O)(O)OP(=O)(O)O)O2)c(=O)[nH]1,CYP3A4,0
O=c1ccn([C@H]2C[C@H](OP(=O)(O)O)[C@@H](CO)O2)c(=O)[nH]1,CYP3A4,0
O=c1n(CCCN2CCN(c3cccc(Cl)c3)CC2)nc2ccccn12,CYP1A2,0
O=c1n(CCCN2CCN(c3cccc(Cl)c3)CC2)nc2ccccn12,CYP2A6,0
O=c1n(CCCN2CCN(c3cccc(Cl)c3)CC2)nc2ccccn12,CYP2D6,1
O=c1n(CCCN2CCN(c3cccc(Cl)c3)CC2)nc2ccccn12,CYP2E1,0
O=c1n(CCCN2CCN(c3cccc(Cl)c3)CC2)nc2ccccn12,CYP3A4,1
O=c1nc(NO)ccn1[C@@H]1O[C@H](CO)[C@@H](O)[C@H]1O,CYP1A2,0
O=c1nc(NO)ccn1[C@@H]1O[C@H](CO)[C@@H](O)[C@H]1O,CYP3A4,0
O=c1nc[nH]c2c1ncn2[C@H]1CC[C@@H](CO)O1,CYP2D6,0
O=c1nc[nH]c2c1ncn2[C@H]1CC[C@@H](CO)O1,CYP3A4,0
O=c1oc2ccccc2c2oc3ccccc3c(=O)c12,CYP1A2,0
O=c1oc2ccccc2c2oc3ccccc3c(=O)c12,CYP2C19,0
O=c1oc2ccccc2c2oc3ccccc3c(=O)c12,CYP2C8,1
O=c1oc2ccccc2c2oc3ccccc3c(=O)c12,CYP2C9,1
O=c1oc2ccccc2c2oc3ccccc3c(=O)c12,CYP2D6,0
O=c1oc2ccccc2c2oc3ccccc3c(=O)c12,CYP2E1,0
O=c1oc2ccccc2c2oc3ccccc3c(=O)c12,CYP3A4,0
OC(CNCC(F)(F)F)COc1cccc2ccccc12,CYP2D6,1
OC(O)(C(F)(F)F)C(F)(F)F,CYP2B6,0
OC(O)(C(F)(F)F)C(F)(F)F,CYP2D6,0
OC(O)(C(F)(F)F)C(F)(F)F,CYP3A4,0
OC1CCCCC1,CYP3A4,0
OC1O[C@H](F)[C@@H](O)[C@H](O)[C@H]1O,CYP2C19,0
OCC(CO)N[C@H]1C[C@](O)(CO)[C@@H](O)[C@H](O)[C@H]1O,CYP3A4,0
OCC(O)CNc1ccccc1,CYP1A2,0
OCC(O)CNc1ccccc1,CYP2B6,0
OCC(O)CNc1ccccc1,CYP2C8,1
OCC(O)CNc1ccccc1,CYP2C9,1
OCC(O)CNc1ccccc1,CYP2D6,1
OCC(O)CNc1ccccc1,CYP2E1,1
OCC(OS(O)(O)O)[C@H](O)CN1C[C@@H](O)[C@H](O)[C@H]1CO,CYP2C19,0
OCC(OS(O)(O)O)[C@H](O)CN1C[C@@H](O)[C@H](O)[C@H]1CO,CYP3A4,0
OCC(S)CS,CYP2B6,0
OCC(S)CS,CYP2C8,0
OCC(S)CS,CYP2C9,0
OCC(S)CS,CYP3A4,0
OCC1=C[C@H](O)[C@H](O)[C@@H](O)[C@@H]1O,CYP3A4,0
OCC1COC(CI)O1,CYP3A4,0
OCCC(F)(F)C(F)(F)C(F)(F)C(F)(F)C(F)(F)C(F)(F)C(F)(F)C(F)(F)F,CYP1A2,0
OCCC(F)(F)C(F)(F)C(F)(F)C(F)(F)C(F)(F)C(F)(F)C(F)(F)C(F)(F)F,CYP2A6,0
OCCC(F)(F)C(F)(F)C(F)(F)C(F)(F)C(F)(F)C(F)(F)C(F)(F)C(F)(F)F,CYP2B6,0
OCCC(F)(F)C(F)(F)C(F)(F)C(F)(F)C(F)(F)C(F)(F)C(F)(F)C(F)(F)F,CYP2C19,1
OCCC(F)(F)C(F)(F)C(F)(F)C(F)(F)C(F)(F)C(F)(F)C(F)(F)C(F)(F)F,CYP2C8,0
OCCC(F)(F)C(F)(F)C(F)(F)C(F)(F)C(F)(F)C(F)(F)C(F)(F)C(F)(F)F,CYP2C9,0
OCCC(F)(F)C(F)(F)C(F)(F)C(F)(F)C(F)(F)C(F)(F)C(F)(F)C(F)(F)F,CYP2D6,0
OCCC(F)(F)C(F)(F)C(F)(F)C(F)(F)C(F)(F)C(F)(F)C(F)(F)C(F)(F)F,CYP2E1,0
OCCC(F)(F)C(F)(F)C(F)(F)C(F)(F)C(F)(F)C(F)(F)C(F)(F)C(F)(F)F,CYP3A4,0
OCCCOc1cccc(CN2CCCCC2)c1,CYP1A2,0
OCCCOc1cccc(CN2CCCCC2)c1,CYP2A6,0
OCCCOc1cccc(CN2CCCCC2)c1,CYP2B6,0
OCCCOc1cccc(CN2CCCCC2)c1,CYP2D6,1
OCCCOc1cccc(CN2CCCCC2)c1,CYP2E1,0
OCCCOc1cccc(CN2CCCCC2)c1,CYP3A4,0
OCCN(CCO)c1nc(N2CCCCC2)c2nc(N(CCO)CCO)nc(N3CCCCC3)c2n1,CYP2A6,0
OCCN(CCO)c1nc(N2CCCCC2)c2nc(N(CCO)CCO)nc(N3CCCCC3)c2n1,CYP2B6,0
OCCN(CCO)c1nc(N2CCCCC2)c2nc(N(CCO)CCO)nc(N3CCCCC3)c2n1,CYP2C9,0
OCCN(CCO)c1nc(N2CCCCC2)c2nc(N(CCO)CCO)nc(N3CCCCC3)c2n1,CYP2D6,1
OCCN(CCO)c1nc(N2CCCCC2)c2nc(N(CCO)CCO)nc(N3CCCCC3)c2n1,CYP2E1,0
OCCN(CCO)c1nc(N2CCCCC2)c2nc(N(CCO)CCO)nc(N3CCCCC3)c2n1,CYP3A4,1
OCCN1CCN(CC/C=C2/c3ccccc3Sc3ccc(C(F)(F)F)cc32)CC1,CYP2E1,0
OCCN1CCN(CC/C=C2/c3ccccc3Sc3ccc(Cl)cc32)CC1,CYP2D6,1
OCCN1CCN(CC/C=C2/c3ccccc3Sc3ccc(Cl)cc32)CC1,CYP3A4,1
OCCN1CCN(CCCN2c3ccccc3Sc3ccc(C(F)(F)F)cc32)CC1,CYP2D6,1
OCCN1CCN(CCCN2c3ccccc3Sc3ccc(Cl)cc32)CC1,CYP1A2,1
OCCN1CCN(CCCN2c3ccccc3Sc3ccc(Cl)cc32)CC1,CYP2C19,1
OCCN1CCN(CCCN2c3ccccc3Sc3ccc(Cl)cc32)CC1,CYP2C8,1
OCCN1CCN(CCCN2c3ccccc3Sc3ccc(Cl)cc32)CC1,CYP2C9,1
OCCN1CCN(CCCN2c3ccccc3Sc3ccc(Cl)cc32)CC1,CYP2D6,1
OCCN1CCN(CCCN2c3ccccc3Sc3ccc(Cl)cc32)CC1,CYP3A4,1
OCCN1C[C@H](O)[C@@H](O)[C@H](O)[C@H]1CO,CYP3A4,0
OCCOc1ccc(/C(=C(/CCCl)c2ccccc2)c2ccccc2)cc1,CYP2B6,1
OCCOc1ccc(/C(=C(/CCCl)c2ccccc2)c2ccccc2)cc1,CYP2C19,1
OCCOc1ccc(/C(=C(/CCCl)c2ccccc2)c2ccccc2)cc1,CYP2C9,1
OCCOc1ccc(/C(=C(/CCCl)c2ccccc2)c2ccccc2)cc1,CYP3A4,1
OCC[C@@H]1C[C@H](O)[C@@H](O)[C@]2(CCCCO2)O1,CYP3A4,0
OCCc1ccc(F)cc1,CYP2C9,0
OCCc1ccc(O)c(O)c1,CYP2C9,0
OCCc1ccc(O)c(O)c1,CYP3A4,0
OCCc1ccc(O)cc1,CYP2A6,1
OCCc1ccc(O)cc1,CYP2D6,1
OCCc1ccc(O)cc1,CYP3A4,1
OCCc1ccccc1,CYP1A2,0
OCCc1ccccc1,CYP2C8,0
OCCc1ccccc1,CYP3A4,0
OCCc1ccccc1Nc1c(Cl)cccc1Cl,CYP1A2,1
OCCc1ccccc1Nc1c(Cl)cccc1Cl,CYP2C19,1
OCCc1ccccc1Nc1c(Cl)cccc1Cl,CYP2C8,1
OCCc1ccccc1Nc1c(Cl)cccc1Cl,CYP2C9,1
OCCc1ccccc1Nc1c(Cl)cccc1Cl,CYP2D6,1
OCCc1ccccc1Nc1c(Cl)cccc1Cl,CYP3A4,1
OCN(O)CCCc1ccccc1,CYP2C8,0
OC[C@@H]1C[C@H](O)[C@@H](O)[C@@H](O)O1,CYP2C8,0
OC[C@@H]1C[C@H](O)[C@@H](O)[C@@H](O)O1,CYP3A4,0
OC[C@@H]1C[C@H](O)[C@@H](O)[C@H](O[C@H]2[C@H](O)[C@@H](O)[C@H](O)O[C@@H]2CO)O1,CYP1A2,0
OC[C@@H]1C[C@H](O)[C@@H](O)[C@H](O[C@H]2[C@H](O)[C@@H](O)[C@H](O)O[C@@H]2CO)O1,CYP2C19,0
OC[C@@H]1C[C@H](O)[C@@H](O)[C@H](O[C@H]2[C@H](O)[C@@H](O)[C@H](O)O[C@@H]2CO)O1,CYP2C8,0
OC[C@@H]1C[C@H](O)[C@@H](O)[C@H](O[C@H]2[C@H](O)[C@@H](O)[C@H](O)O[C@@H]2CO)O1,CYP3A4,0
OC[C@@H]1N[C@@H](CO)[C@H](O)[C@H]1O,CYP2C9,0
OC[C@@H]1O[C@@](O)(CO)[C@H](O)[C@H]1O,CYP2D6,0
OC[C@@H]1O[C@@](O)(CO)[C@H](O)[C@H]1O,CYP3A4,0
OC[C@@]12O[C@@H]1C[C@H](O)[C@@H](O)[C@@H]2O,CYP3A4,0
OC[C@H](O)[C@H]1O[C@H](O)[C@@H](O)[C@@H](O)[C@@H]1O,CYP3A4,0
OC[C@H]1CN(CCCc2ccccc2)C[C@@H](O)[C@@H]1O,CYP2C9,0
OC[C@H]1CNC[C@@H](O)[C@@H]1O,CYP2D6,0
OC[C@H]1CNC[C@@H](O)[C@@H]1O,CYP3A4,0
OC[C@H]1N=C(NO)[C@H](O)[C@@H](O)[C@H]1O,CYP3A4,0
OC[C@H]1NC[C@H](O)[C@@H](O)[C@@H]1O,CYP1A2,0
OC[C@H]1OC(F)[C@@H](F)[C@@H](O)[C@@H]1O,CYP2C19,0
OC[C@H]1OC(F)[C@@H](F)[C@@H](O)[C@@H]1O,CYP2D6,0
OC[C@H]1OC(O)[C@H](O)[C@H](O)[C@@H]1O,CYP3A4,0
OC[C@H]1O[C@@H](O)[C@H](O)[C@@H](O)[C@@H]1S,CYP3A4,0
OC[C@H]1O[C@@H](O[C@H]2[C@H](O)[C@@H](O)[C@H](O)O[C@@H]2CO)[C@H](F)[C@@H](O)[C@H]1O,CYP2D6,0
OC[C@H]1O[C@@H](S)[C@H](O)[C@@H](O)[C@@H]1O,CYP2C8,0
OC[C@H]1O[C@@H](S)[C@H](O)[C@@H](O)[C@@H]1O,CYP3A4,0
OC[C@H]1O[C@@H](S)[C@H](O)[C@@H](O)[C@@H]1S,CYP3A4,0
OC[C@H]1O[C@@H](c2cc(Cc3ccc(C4(O)CC4)cc3)c(Cl)c3c2CCO3)[C@H](O)[C@@H](O)[C@@H]1O,CYP1A2,0
OC[C@H]1O[C@@H](c2cc(Cc3ccc(C4(O)CC4)cc3)c(Cl)c3c2CCO3)[C@H](O)[C@@H](O)[C@@H]1O,CYP2A6,0
OC[C@H]1O[C@@H](c2cc(Cc3ccc(C4(O)CC4)cc3)c(Cl)c3c2CCO3)[C@H](O)[C@@H](O)[C@@H]1O,CYP2B6,0
OC[C@H]1O[C@@H](c2cc(Cc3ccc(C4(O)CC4)cc3)c(Cl)c3c2CCO3)[C@H](O)[C@@H](O)[C@@H]1O,CYP2C19,0
OC[C@H]1O[C@@H](c2cc(Cc3ccc(C4(O)CC4)cc3)c(Cl)c3c2CCO3)[C@H](O)[C@@H](O)[C@@H]1O,CYP2C8,0
OC[C@H]1O[C@@H](c2cc(Cc3ccc(C4(O)CC4)cc3)c(Cl)c3c2CCO3)[C@H](O)[C@@H](O)[C@@H]1O,CYP2C9,0
OC[C@H]1O[C@@H](c2cc(Cc3ccc(C4(O)CC4)cc3)c(Cl)c3c2CCO3)[C@H](O)[C@@H](O)[C@@H]1O,CYP2D6,0
OC[C@H]1O[C@@H](c2cc(Cc3ccc(C4(O)CC4)cc3)c(Cl)c3c2CCO3)[C@H](O)[C@@H](O)[C@@H]1O,CYP2E1,0
OC[C@H]1O[C@@H](c2cc(Cc3ccc(C4(O)CC4)cc3)c(Cl)c3c2CCO3)[C@H](O)[C@@H](O)[C@@H]1O,CYP3A4,1
OC[C@H]1O[C@@H](c2cc(Cc3ccc(C4CC4)cc3)c(Cl)c3c2CC(O)O3)[C@H](O)[C@@H](O)[C@@H]1O,CYP1A2,0
OC[C@H]1O[C@@H](c2cc(Cc3ccc(C4CC4)cc3)c(Cl)c3c2CC(O)O3)[C@H](O)[C@@H](O)[C@@H]1O,CYP2A6,0
OC[C@H]1O[C@@H](c2cc(Cc3ccc(C4CC4)cc3)c(Cl)c3c2CC(O)O3)[C@H](O)[C@@H](O)[C@@H]1O,CYP2B6,0
OC[C@H]1O[C@@H](c2cc(Cc3ccc(C4CC4)cc3)c(Cl)c3c2CC(O)O3)[C@H](O)[C@@H](O)[C@@H]1O,CYP2C19,0
OC[C@H]1O[C@@H](c2cc(Cc3ccc(C4CC4)cc3)c(Cl)c3c2CC(O)O3)[C@H](O)[C@@H](O)[C@@H]1O,CYP2C8,0
OC[C@H]1O[C@@H](c2cc(Cc3ccc(C4CC4)cc3)c(Cl)c3c2CC(O)O3)[C@H](O)[C@@H](O)[C@@H]1O,CYP2C9,0
OC[C@H]1O[C@@H](c2cc(Cc3ccc(C4CC4)cc3)c(Cl)c3c2CC(O)O3)[C@H](O)[C@@H](O)[C@@H]1O,CYP2D6,0
OC[C@H]1O[C@@H](c2cc(Cc3ccc(C4CC4)cc3)c(Cl)c3c2CC(O)O3)[C@H](O)[C@@H](O)[C@@H]1O,CYP2E1,0
OC[C@H]1O[C@@H](c2cc(Cc3ccc(C4CC4)cc3)c(Cl)c3c2CC(O)O3)[C@H](O)[C@@H](O)[C@@H]1O,CYP3A4,1
OC[C@H]1O[C@@H](c2cc(Cc3ccc(C4CC4)cc3)c(Cl)c3c2CCO3)[C@H](O)[C@@H](O)[C@@H]1O,CYP1A2,0
OC[C@H]1O[C@@H](c2cc(Cc3ccc(C4CC4)cc3)c(Cl)c3c2CCO3)[C@H](O)[C@@H](O)[C@@H]1O,CYP2A6,0
OC[C@H]1O[C@@H](c2cc(Cc3ccc(C4CC4)cc3)c(Cl)c3c2CCO3)[C@H](O)[C@@H](O)[C@@H]1O,CYP2B6,0
OC[C@H]1O[C@@H](c2cc(Cc3ccc(C4CC4)cc3)c(Cl)c3c2CCO3)[C@H](O)[C@@H](O)[C@@H]1O,CYP2C19,1
OC[C@H]1O[C@@H](c2cc(Cc3ccc(C4CC4)cc3)c(Cl)c3c2CCO3)[C@H](O)[C@@H](O)[C@@H]1O,CYP2E1,0
OC[C@H]1O[C@@H](c2cc(Cc3ccc(C4CC4)cc3)c(Cl)c3c2CCO3)[C@H](O)[C@@H](O)[C@@H]1O,CYP3A4,1
OC[C@H]1O[C@@H](c2ccc(Cl)c(Cc3ccc(OCCOC4CC4)cc3)c2)[C@H](O)[C@@H](O)[C@@H]1O,CYP1A2,0
OC[C@H]1O[C@@H](c2ccc(Cl)c(Cc3ccc(OCCOC4CC4)cc3)c2)[C@H](O)[C@@H](O)[C@@H]1O,CYP2B6,0
OC[C@H]1O[C@@H](c2ccc(Cl)c(Cc3ccc(OCCOC4CC4)cc3)c2)[C@H](O)[C@@H](O)[C@@H]1O,CYP2C19,0
OC[C@H]1O[C@@H](c2ccc(Cl)c(Cc3ccc(OCCOC4CC4)cc3)c2)[C@H](O)[C@@H](O)[C@@H]1O,CYP2C9,0
OC[C@H]1O[C@@H](c2ccc(Cl)c(Cc3ccc(OCCOC4CC4)cc3)c2)[C@H](O)[C@@H](O)[C@@H]1O,CYP3A4,1
OC[C@H]1O[C@@H](n2cnc3cc(Cl)c(Cl)cc32)[C@H](O)[C@@H]1O,CYP2E1,0
OC[C@H]1O[C@@H](n2cnc3cncnc32)[C@H](O)[C@@H]1O,CYP3A4,0
OC[C@H]1O[C@H](O)C[C@@H](O)[C@H]1O,CYP2A6,0
OC[C@H]1O[C@H](O)C[C@@H](O)[C@H]1O,CYP2C19,0
OC[C@H]1O[C@H](O)[C@@H](O)[C@@H]1O,CYP3A4,0
OC[C@H]1O[C@H](O)[C@H](F)[C@@H](O)[C@@H]1O,CYP1A2,0
OC[C@H]1O[C@H](O)[C@H](F)[C@@H](O)[C@@H]1O,CYP2B6,0
OC[C@H]1O[C@H](O)[C@H](F)[C@@H](O)[C@@H]1O,CYP3A4,0
OC[C@H]1O[C@H](O[C@H]2[C@H](O)C[C@@H](O)O[C@@H]2CO)[C@H](O)[C@@H](O)[C@@H]1O,CYP3A4,0
OC[C@]1(O)OC[C@H](O)[C@@H](O)[C@@H]1O,CYP1A2,0
OCc1ccc(F)cc1F,CYP3A4,0
OCc1cccc(F)c1F,CYP3A4,0
OCc1ccccc1O[C@@H]1O[C@H](CO)[C@@H](O)[C@H](O)[C@H]1O,CYP2C8,0
OCc1ccccc1O[C@@H]1O[C@H](CO)[C@@H](O)[C@H](O)[C@H]1O,CYP3A4,0
ONC1=NC[C@@H](O)[C@H](O)[C@H]1O,CYP3A4,0
O[C@@H]1CO[C@H]2[C@@H]1OC[C@@H]2O,CYP2A6,0
O[C@@H]1CO[C@H]2[C@@H]1OC[C@@H]2O,CYP3A4,0
O[C@@H]1[C@@H](O)[C@@H](O)OC[C@H]1O,CYP2C9,0
O[C@@H]1[C@@H](O)[C@@H](O)OC[C@H]1O,CYP3A4,0
O[C@@H]1[C@@H](O)[C@H](O)[C@]2(O)CC[C@H]1N2,CYP2E1,0
O[C@@H]1[C@@H](O)[C@H](O)[C@]2(O)CC[C@H]1N2,CYP3A4,0
O[C@H]1C[N+]2(CCCOc3ccccc3)CCC1CC2,CYP1A2,0
O[C@H]1C[N+]2(CCCOc3ccccc3)CCC1CC2,CYP2A6,0
O[C@H]1C[N+]2(CCCOc3ccccc3)CCC1CC2,CYP2B6,0
O[C@H]1C[N+]2(CCCOc3ccccc3)CCC1CC2,CYP2C19,0
O[C@H]1C[N+]2(CCCOc3ccccc3)CCC1CC2,CYP2C8,0
O[C@H]1C[N+]2(CCCOc3ccccc3)CCC1CC2,CYP2C9,0
O[C@H]1C[N+]2(CCCOc3ccccc3)CCC1CC2,CYP2D6,1
O[C@H]1C[N+]2(CCCOc3ccccc3)CCC1CC2,CYP2E1,0
O[C@H]1C[N+]2(CCCOc3ccccc3)CCC1CC2,CYP3A4,0
O[C@H]1[C@H](O)[C@@H](O)[C@H](O)[C@H](O)[C@H]1O,CYP3A4,0
Oc1c(Br)c(Br)c(Br)c(Br)c1Br,CYP2A6,0
Oc1c(Br)cc(Br)cc1Br,CYP2B6,0
Oc1c(Cl)c(Cl)c(Cl)c(Cl)c1Cl,CYP3A4,1
Oc1cc(Cl)ccc1Oc1ccc(Cl)cc1Cl,CYP1A2,1
Oc1cc(Cl)ccc1Oc1ccc(Cl)cc1Cl,CYP2B6,1
Oc1cc(Cl)ccc1Oc1ccc(Cl)cc1Cl,CYP2C19,1
Oc1cc(Cl)ccc1Oc1ccc(Cl)cc1Cl,CYP2D6,1
Oc1cc(O)c2c(O)cc(O)c(O)c2c1,CYP3A4,0
Oc1cc(O)c2c(c1)O[C@H](c1cc(O)c(O)c(O)c1)[C@H](O)C2,CYP3A4,0
Oc1cc(O)c2c(c1)O[C@H](c1ccc(O)c(O)c1)[C@@H](O)C2,CYP2C8,0
Oc1cc(O)c2c(c1)O[C@H](c1ccc(O)c(O)c1)[C@@H](O)C2,CYP3A4,0
Oc1cc(O)cc(O)c1,CYP3A4,0
Oc1cc2cc[nH]c2cc1O,CYP3A4,0
Oc1ccc(/C=C/c2cc(O)cc(O)c2)cc1,CYP1A2,1
Oc1ccc(/C=C/c2cc(O)cc(O)c2)cc1,CYP2C8,0
Oc1ccc(/C=C/c2cc(O)cc(O)c2)cc1,CYP2C9,0
Oc1ccc(/C=C/c2cc(O)cc(O)c2)cc1,CYP3A4,0
Oc1ccc(C(c2ccc(O)cc2)C(Cl)(Cl)Cl)cc1,CYP2B6,1
Oc1ccc(C(c2ccc(O)cc2)C(Cl)(Cl)Cl)cc1,CYP2C19,1
Oc1ccc(C(c2ccc(O)cc2)C(Cl)(Cl)Cl)cc1,CYP3A4,1
Oc1ccc(CCc2cc(O)cc(O)c2)cc1,CYP3A4,0
Oc1ccc(Cl)cc1Cl,CYP3A4,1
Oc1ccc(OC(F)(F)F)cc1CN[C@H]1CCCN[C@H]1c1ccccc1,CYP1A2,1
Oc1ccc(OC(F)(F)F)cc1CN[C@H]1CCCN[C@H]1c1ccccc1,CYP2A6,1
Oc1ccc(OC(F)(F)F)cc1CN[C@H]1CCCN[C@H]1c1ccccc1,CYP2B6,1
Oc1ccc(OC(F)(F)F)cc1CN[C@H]1CCCN[C@H]1c1ccccc1,CYP2C19,1
Oc1ccc(OC(F)(F)F)cc1CN[C@H]1CCCN[C@H]1c1ccccc1,CYP2C8,1
Oc1ccc(OC(F)(F)F)cc1CN[C@H]1CCCN[C@H]1c1ccccc1,CYP2C9,1
Oc1ccc(OC(F)(F)F)cc1CN[C@H]1CCCN[C@H]1c1ccccc1,CYP2D6,1
Oc1ccc(OC(F)(F)F)cc1CN[C@H]1CCCN[C@H]1c1ccccc1,CYP2E1,1
Oc1ccc(OC(F)(F)F)cc1CN[C@H]1CCCN[C@H]1c1ccccc1,CYP3A4,1
Oc1ccc2c(c1)CC[C@H](c1ccccc1)[C@@H]2c1ccc(OCCN2CCCC2)cc1,CYP1A2,0
Oc1ccc2c(c1)CC[C@H](c1ccccc1)[C@@H]2c1ccc(OCCN2CCCC2)cc1,CYP2C8,0
Oc1ccc2c(c1)CC[C@H](c1ccccc1)[C@@H]2c1ccc(OCCN2CCCC2)cc1,CYP2C9,0
Oc1ccc2c(c1)CC[C@H](c1ccccc1)[C@@H]2c1ccc(OCCN2CCCC2)cc1,CYP2D6,1
Oc1ccc2c(c1)CC[C@H](c1ccccc1)[C@@H]2c1ccc(OCCN2CCCC2)cc1,CYP2E1,0
Oc1ccc2c(c1)CC[C@H](c1ccccc1)[C@@H]2c1ccc(OCCN2CCCC2)cc1,CYP3A4,1
Oc1ccc2c(cc3ccc4cccc5ccc2c3c45)c1O,CYP1A2,1
Oc1ccc2ccccc2c1O,CYP2B6,0
Oc1cccc(O)c1,CYP3A4,0
Oc1ccccc1,CYP2E1,1
Oc1ccccc1-c1ccccc1,CYP1A2,1
Oc1ccccc1-c1ccccc1,CYP2B6,1
Oc1ccccc1-c1ccccc1,CYP2D6,1
Oc1ccccc1-c1ccccc1,CYP2E1,1
Oc1ccccc1-c1ccccc1,CYP3A4,1
Oc1ccccc1Cl,CYP2C8,0
Oc1ccccc1O,CYP2C9,0
Oc1ccccc1O,CYP3A4,0
S=C=NCCc1ccccc1,CYP2E1,1
S=P(N1CC1)(N1CC1)N1CC1,CYP2A6,0
S=P(N1CC1)(N1CC1)N1CC1,CYP2B6,1
S=P(N1CC1)(N1CC1)N1CC1,CYP2E1,0
S=P(N1CC1)(N1CC1)N1CC1,CYP3A4,1
S=c1nc[nH]c2nc[nH]c12,CYP3A4,0
Sc1ccccn1,CYP2C19,0
Sc1nc2ccccc2s1,CYP2E1,1
[O-][S+](Cc1cc(OCC2CC2)ccn1)c1nc2ccc(F)cc2[nH]1,CYP1A2,1
[O-][S+](Cc1cc(OCC2CC2)ccn1)c1nc2ccc(F)cc2[nH]1,CYP2C19,1
[O-][S+](Cc1cc(OCC2CC2)ccn1)c1nc2ccc(F)cc2[nH]1,CYP2C9,1
[O-][S+](Cc1cc(OCC2CC2)ccn1)c1nc2ccc(F)cc2[nH]1,CYP3A4,1
c1cc2c(cc1[C@H]1OC[C@H]3[C@@H]1CO[C@@H]3c1ccc3c(c1)OCO3)OCO2,CYP1A2,1
c1cc2c(cc1[C@H]1OC[C@H]3[C@@H]1CO[C@@H]3c1ccc3c(c1)OCO3)OCO2,CYP2C19,1
c1cc2c(cc1[C@H]1OC[C@H]3[C@@H]1CO[C@@H]3c1ccc3c(c1)OCO3)OCO2,CYP2C9,1
c1cc2c(cc1[C@H]1OC[C@H]3[C@@H]1CO[C@@H]3c1ccc3c(c1)OCO3)OCO2,CYP2D6,1
c1cc2c(cc1[C@H]1OC[C@H]3[C@@H]1CO[C@@H]3c1ccc3c(c1)OCO3)OCO2,CYP2E1,0
c1cc2c(cc1[C@H]1OC[C@H]3[C@@H]1CO[C@H]3c1ccc3c(c1)OCO3)OCO2,CYP1A2,1
c1cc2c(cc1[C@H]1OC[C@H]3[C@@H]1CO[C@H]3c1ccc3c(c1)OCO3)OCO2,CYP2C19,1
c1cc2c(cc1[C@H]1OC[C@H]3[C@@H]1CO[C@H]3c1ccc3c(c1)OCO3)OCO2,CYP2C9,1
c1cc2c(cc1[C@H]1OC[C@H]3[C@@H]1CO[C@H]3c1ccc3c(c1)OCO3)OCO2,CYP2D6,0
c1cc2c(cc1[C@H]1OC[C@H]3[C@@H]1CO[C@H]3c1ccc3c(c1)OCO3)OCO2,CYP2E1,0
c1cc2c(cc1[C@H]1OC[C@H]3[C@@H]1CO[C@H]3c1ccc3c(c1)OCO3)OCO2,CYP3A4,0
c1cc2cc(-c3ccc(O[C@H]4CN5CCC4CC5)nn3)ccc2[nH]1,CYP1A2,1
c1cc2cc(-c3ccc(O[C@H]4CN5CCC4CC5)nn3)ccc2[nH]1,CYP2C19,0
c1cc2cc(-c3ccc(O[C@H]4CN5CCC4CC5)nn3)ccc2[nH]1,CYP2C8,0
c1cc2cc(-c3ccc(O[C@H]4CN5CCC4CC5)nn3)ccc2[nH]1,CYP2C9,0
c1cc2cc(-c3ccc(O[C@H]4CN5CCC4CC5)nn3)ccc2[nH]1,CYP2D6,1
c1cc2cc(-c3ccc(O[C@H]4CN5CCC4CC5)nn3)ccc2[nH]1,CYP3A4,1
c1cc2ccc3cccc4ccc(c1)c2c34,CYP1A2,1
c1ccc(-c2nc3ccc(N4CCC(N5CCCC5)CC4)nn3c2-c2ccncc2)cc1,CYP2D6,1
c1ccc(-c2nc3ccc(N4CCC(N5CCCC5)CC4)nn3c2-c2ccncc2)cc1,CYP3A4,1
c1ccc(-c2nnc(O[C@@H]3[C@@H]4C[C@@H]5C[C@H]3CN(C5)C4)s2)cc1,CYP1A2,0
c1ccc(-c2nnc(O[C@@H]3[C@@H]4C[C@@H]5C[C@H]3CN(C5)C4)s2)cc1,CYP2A6,0
c1ccc(-c2nnc(O[C@@H]3[C@@H]4C[C@@H]5C[C@H]3CN(C5)C4)s2)cc1,CYP2C19,0
c1ccc(-c2nnc(O[C@@H]3[C@@H]4C[C@@H]5C[C@H]3CN(C5)C4)s2)cc1,CYP2C8,0
c1ccc(-c2nnc(O[C@@H]3[C@@H]4C[C@@H]5C[C@H]3CN(C5)C4)s2)cc1,CYP2C9,0
c1ccc(-c2nnc(O[C@@H]3[C@@H]4C[C@@H]5C[C@H]3CN(C5)C4)s2)cc1,CYP2E1,0
c1ccc(COc2ccc3cccnc3c2)cc1,CYP1A2,1
c1ccc(COc2ccc3cccnc3c2)cc1,CYP2B6,0
c1ccc(COc2ccc3cccnc3c2)cc1,CYP2C19,0
c1ccc(COc2ccc3cccnc3c2)cc1,CYP2C8,0
c1ccc(COc2ccc3cccnc3c2)cc1,CYP2C9,0
c1ccc(COc2ccc3cccnc3c2)cc1,CYP2D6,0
c1ccc(COc2ccc3cccnc3c2)cc1,CYP2E1,0
c1ccc(COc2ccc3cccnc3c2)cc1,CYP3A4,1
c1ccc2[nH]ccc2c1,CYP2A6,1
c1ccc2[nH]ccc2c1,CYP2C19,1
c1ccc2[nH]ccc2c1,CYP2E1,1
c1ccc2c(c1)CCN2,CYP1A2,1
c1ccc2c(c1)CCN2,CYP2B6,1
c1ccc2c(c1)CCN2,CYP2C19,1
c1ccc2c(c1)CCN2,CYP2D6,1
c1ccc2c(c1)CCN2,CYP2E1,1
c1ccc2c(c1)CCN2,CYP3A4,1
c1ccc2c(c1)Cc1ccccc1-2,CYP3A4,1
c1ccc2c(c1)Cc1ccccc1N1CCNCC21,CYP1A2,1
c1ccc2c(c1)Cc1ccccc1N1CCNCC21,CYP2D6,1
c1ccc2c(c1)Cc1ccccc1N1CCNCC21,CYP3A4,1
c1ccc2c(c1)Oc1ccccc1O2,CYP1A2,1
c1ccc2c(c1)cc1ccc3cccc4c5ccccc5c2c1c34,CYP1A2,1
c1ccc2c(c1)cc1ccc3cccc4c5ccccc5c2c1c34,CYP2A6,1
c1ccc2c(c1)cc1ccc3cccc4c5ccccc5c2c1c34,CYP2B6,1
c1ccc2c(c1)cc1ccc3cccc4c5ccccc5c2c1c34,CYP2C8,1
c1ccc2c(c1)cc1ccc3cccc4c5ccccc5c2c1c34,CYP2C9,1
c1ccc2c(c1)cc1ccc3cccc4c5ccccc5c2c1c34,CYP2D6,1
c1ccc2c(c1)cc1ccc3cccc4c5ccccc5c2c1c34,CYP2E1,1
c1ccc2c(c1)cc1ccc3cccc4c5ccccc5c2c1c34,CYP3A4,1
c1ccc2c(c1)cc1ccc3cccc4ccc2c1c34,CYP1A2,1
c1ccc2c(c1)cc1ccc3cccc4ccc2c1c34,CYP3A4,1
c1ccc2c(c1)ccc1cc3c(ccc4ccccc43)cc12,CYP1A2,1
c1ccc2c(c1)ccc1cc3c(ccc4ccccc43)cc12,CYP2B6,1
c1ccc2c(c1)ccc1cc3c(ccc4ccccc43)cc12,CYP2C8,1
c1ccc2c(c1)ccc1cc3c(ccc4ccccc43)cc12,CYP2C9,1
c1ccc2c(c1)ccc1cc3c(ccc4ccccc43)cc12,CYP2E1,1
c1ccc2c(c1)ccc1cc3c(ccc4ccccc43)cc12,CYP3A4,1
c1ccc2c(c1)ccc1ccccc12,CYP1A2,1
c1ccc2c(c1)ccc1ccccc12,CYP2B6,1
c1ccc2c(c1)ccc1ccccc12,CYP2C8,1
c1ccc2c(c1)ccc1ccccc12,CYP2C9,1
c1ccc2c(c1)ccc1ccccc12,CYP2E1,1
c1ccc2c(c1)ccc1ccccc12,CYP3A4,1
c1ccc2ccccc2c1,CYP1A2,1
c1ccc2ccccc2c1,CYP2A6,1
c1ccc2ccccc2c1,CYP2B6,1
c1ccc2ccccc2c1,CYP2C19,1
c1ccc2ccccc2c1,CYP2D6,1
c1ccc2ccccc2c1,CYP2E1,1
c1ccc2ccccc2c1,CYP3A4,1
c1ccc2ncccc2c1,CYP1A2,1
c1ccc2ncccc2c1,CYP2A6,1
c1ccc2ncccc2c1,CYP2B6,1
c1ccc2ncccc2c1,CYP2C9,0
c1ccc2ncccc2c1,CYP2D6,1
c1ccc2ncccc2c1,CYP2E1,1
c1ccc2ncccc2c1,CYP3A4,1
c1ccccc1,CYP2E1,1
c1ccoc1,CYP2E1,1
c1cnc2cc3c(cc2n1)[C@@H]1CNC[C@H]3C1,CYP1A2,0
c1cnc2cc3c(cc2n1)[C@@H]1CNC[C@H]3C1,CYP2A6,0
c1cnc2cc3c(cc2n1)[C@@H]1CNC[C@H]3C1,CYP2B6,0
c1cnc2cc3c(cc2n1)[C@@H]1CNC[C@H]3C1,CYP2C19,0
c1cnc2cc3c(cc2n1)[C@@H]1CNC[C@H]3C1,CYP2C8,0
c1cnc2cc3c(cc2n1)[C@@H]1CNC[C@H]3C1,CYP2C9,0
c1cnc2cc3c(cc2n1)[C@@H]1CNC[C@H]3C1,CYP2D6,0
c1cnc2cc3c(cc2n1)[C@@H]1CNC[C@H]3C1,CYP2E1,0
c1cnc2cc3c(cc2n1)[C@@H]1CNC[C@H]3C1,CYP3A4,0
c1nc[nH]n1,CYP2D6,0
c1nc[nH]n1,CYP3A4,0
