node 2,AS %,distance,neighbor_pca_0,neighbor_pca_1,neighbor_pca_2,neighbor_pca_3,neighbor_pca_4,hit,score,Substrate ID
197.0,1.0,8.444091822922324,5.002988722071422,6.261881105658931,2.530106160591749,0.2799427908949684,0.7627780996614345,False,0.4232260292471693,409
72.0,1.0,8.444091822922324,5.002988722071422,6.261881105658931,2.530106160591749,0.2799427908949684,0.7627780996614345,False,0.4232260292471693,409
196.0,1.0,8.444091822922324,5.002988722071422,6.261881105658931,2.530106160591749,0.2799427908949684,0.7627780996614345,False,0.4232260292471693,409
96.0,1.0,8.000992247571729,2.538409294239881,6.685388473106832,3.541911723843909,0.4874253419863521,0.30856772474831784,False,0.41665169783424433,409
90.0,1.0,7.668017129246261,4.835772465214865,4.644358517234693,3.5476589631066364,0.860293305708018,0.7195391803901152,False,0.406192246095421,409
61.0,1.0,7.347747092180449,3.8740856166994138,5.386146555244009,2.8135212030199144,1.2320858841785491,0.7323496874631692,False,0.38201969065962094,409
84.0,1.0,7.1546515605903895,5.212055966542423,4.495271683994275,1.9159519575412725,0.3040618679674377,0.22960513715771289,False,0.3763623739798075,409
65.0,1.0,8.606378126421575,6.72513645604163,4.960603327201708,1.9739511538672478,0.5810223289208775,0.02507245828441837,False,0.3763623739798075,409
83.0,1.0,7.1546515605903895,5.212055966542423,4.495271683994275,1.9159519575412725,0.3040618679674377,0.22960513715771289,False,0.3763623739798075,409
82.0,1.0,7.1546515605903895,5.212055966542423,4.495271683994275,1.9159519575412725,0.3040618679674377,0.22960513715771289,False,0.3763623739798075,409
85.0,1.0,7.1546515605903895,5.212055966542423,4.495271683994275,1.9159519575412725,0.3040618679674377,0.22960513715771289,False,0.3763623739798075,409
53.0,1.0,8.45202111826515,3.2452496993642175,6.787188501731731,3.6337005639760096,0.6839077715672539,1.080545226118493,False,0.3687707541496222,409
50.0,1.0,8.364510951133546,3.3331709497661173,6.94803455925742,2.725414000241555,1.2330901643768932,1.2772774986028295,False,0.3471089815303822,409
57.0,1.0,7.99073943917261,2.631272748005073,6.548805455869564,3.369024991991048,1.533538343708898,0.5825790617948308,False,0.3239019771099544,409
123.0,1.0,5.221858607652459,2.89925510330972,3.66194215179703,1.1689613032727257,1.5681766337828846,1.275405173992592,False,0.28435121038875816,409
130.0,1.0,5.221858607652459,2.89925510330972,3.66194215179703,1.1689613032727257,1.5681766337828846,1.275405173992592,False,0.28435121038875816,409
202.0,1.0,5.221858607652459,2.89925510330972,3.66194215179703,1.1689613032727257,1.5681766337828846,1.275405173992592,False,0.28435121038875816,409
60.0,0.37674399999999997,7.347747092180449,3.8740856166994138,5.386146555244009,2.8135212030199144,1.2320858841785491,0.7323496874631692,False,0.034622570432158446,409
91.0,0.35814,7.347747092180449,3.8740856166994138,5.386146555244009,2.8135212030199144,1.2320858841785491,0.7323496874631692,False,0.0007462023322918343,409
87.0,0.497674,7.668017129246261,4.835772465214865,4.644358517234693,3.5476589631066364,0.860293305708018,0.7195391803901152,False,-0.03537686289511174,409
88.0,0.5023259999999999,7.668017129246261,4.835772465214865,4.644358517234693,3.5476589631066364,0.860293305708018,0.7195391803901152,False,-0.03537686289511174,409
86.0,0.45116300000000004,7.668017129246261,4.835772465214865,4.644358517234693,3.5476589631066364,0.860293305708018,0.7195391803901152,False,-0.05974506781012465,409
132.0,0.5023259999999999,5.221858607652459,2.89925510330972,3.66194215179703,1.1689613032727257,1.5681766337828846,1.275405173992592,False,-0.13267264937470793,409
189.0,0.265116,8.444091822922324,5.002988722071422,6.261881105658931,2.530106160591749,0.2799427908949684,0.7627780996614345,False,-0.20764666614174238,409
95.0,0.2,7.347747092180449,3.8740856166994138,5.386146555244009,2.8135212030199144,1.2320858841785491,0.7323496874631692,False,-0.2356049038311443,409
49.0,0.223256,7.347747092180449,3.8740856166994138,5.386146555244009,2.8135212030199144,1.2320858841785491,0.7323496874631692,False,-0.2356049038311443,409
142.0,0.255814,7.347747092180449,3.8740856166994138,5.386146555244009,2.8135212030199144,1.2320858841785491,0.7323496874631692,False,-0.24453456164574547,409
52.0,0.237209,7.347747092180449,3.8740856166994138,5.386146555244009,2.8135212030199144,1.2320858841785491,0.7323496874631692,False,-0.24453456164574547,409
58.0,0.25116299999999997,7.347747092180449,3.8740856166994138,5.386146555244009,2.8135212030199144,1.2320858841785491,0.7323496874631692,False,-0.24453456164574547,409
97.0,0.190698,8.364510951133546,3.3331709497661173,6.94803455925742,2.725414000241555,1.2330901643768932,1.2772774986028295,False,-0.24734560096899685,409
131.0,0.339535,5.221858607652459,2.89925510330972,3.66194215179703,1.1689613032727257,1.5681766337828846,1.275405173992592,False,-0.2504390851545521,409
108.0,0.237209,7.99073943917261,2.631272748005073,6.548805455869564,3.369024991991048,1.533538343708898,0.5825790617948308,True,-0.277510149471201,409
101.0,0.274419,8.606378126421575,6.72513645604163,4.960603327201708,1.9739511538672478,0.5810223289208775,0.02507245828441837,False,-0.2827066153027613,409
70.0,0.227907,8.606378126421575,6.72513645604163,4.960603327201708,1.9739511538672478,0.5810223289208775,0.02507245828441837,False,-0.30736583886096613,409
124.0,0.255814,8.606378126421575,6.72513645604163,4.960603327201708,1.9739511538672478,0.5810223289208775,0.02507245828441837,False,-0.30736583886096613,409
8.0,0.051163,7.668017129246261,4.835772465214865,4.644358517234693,3.5476589631066364,0.860293305708018,0.7195391803901152,False,-0.3142332771431495,409
7.0,0.055814,7.668017129246261,4.835772465214865,4.644358517234693,3.5476589631066364,0.860293305708018,0.7195391803901152,False,-0.3142332771431495,409
45.0,0.046512000000000005,7.668017129246261,4.835772465214865,4.644358517234693,3.5476589631066364,0.860293305708018,0.7195391803901152,False,-0.3142332771431495,409
6.0,0.046512000000000005,7.668017129246261,4.835772465214865,4.644358517234693,3.5476589631066364,0.860293305708018,0.7195391803901152,False,-0.3142332771431495,409
13.0,0.051163,7.668017129246261,4.835772465214865,4.644358517234693,3.5476589631066364,0.860293305708018,0.7195391803901152,False,-0.3142332771431495,409
259.0,0.046512000000000005,7.668017129246261,4.835772465214865,4.644358517234693,3.5476589631066364,0.860293305708018,0.7195391803901152,False,-0.3142332771431495,409
64.0,0.204651,5.221858607652459,2.89925510330972,3.66194215179703,1.1689613032727257,1.5681766337828846,1.275405173992592,False,-0.3206941539780978,409
293.0,0.18604700000000002,5.221858607652459,2.89925510330972,3.66194215179703,1.1689613032727257,1.5681766337828846,1.275405173992592,False,-0.3206941539780978,409
109.0,0.190698,5.221858607652459,2.89925510330972,3.66194215179703,1.1689613032727257,1.5681766337828846,1.275405173992592,False,-0.3206941539780978,409
67.0,0.190698,5.221858607652459,2.89925510330972,3.66194215179703,1.1689613032727257,1.5681766337828846,1.275405173992592,False,-0.3206941539780978,409
71.0,0.18604700000000002,5.221858607652459,2.89925510330972,3.66194215179703,1.1689613032727257,1.5681766337828846,1.275405173992592,False,-0.3206941539780978,409
76.0,0.18604700000000002,5.221858607652459,2.89925510330972,3.66194215179703,1.1689613032727257,1.5681766337828846,1.275405173992592,False,-0.3206941539780978,409
63.0,0.15814,8.000992247571729,2.538409294239881,6.685388473106832,3.541911723843909,0.4874253419863521,0.30856772474831784,False,-0.32248318526610076,409
248.0,0.032558,8.444091822922324,5.002988722071422,6.261881105658931,2.530106160591749,0.2799427908949684,0.7627780996614345,False,-0.3269012397936546,409
144.0,0.032558,8.444091822922324,5.002988722071422,6.261881105658931,2.530106160591749,0.2799427908949684,0.7627780996614345,False,-0.3269012397936546,409
221.0,0.060465,8.444091822922324,5.002988722071422,6.261881105658931,2.530106160591749,0.2799427908949684,0.7627780996614345,False,-0.3269012397936546,409
107.0,0.209302,8.606378126421575,6.72513645604163,4.960603327201708,1.9739511538672478,0.5810223289208775,0.02507245828441837,False,-0.3401575113143729,409
68.0,0.204651,8.606378126421575,6.72513645604163,4.960603327201708,1.9739511538672478,0.5810223289208775,0.02507245828441837,False,-0.3401575113143729,409
157.0,0.102326,5.221858607652459,2.89925510330972,3.66194215179703,1.1689613032727257,1.5681766337828846,1.275405173992592,False,-0.3433091517842624,409
244.0,0.08372099999999999,5.221858607652459,2.89925510330972,3.66194215179703,1.1689613032727257,1.5681766337828846,1.275405173992592,False,-0.3433091517842624,409
25.0,0.102326,7.1546515605903895,5.212055966542423,4.495271683994275,1.9159519575412725,0.3040618679674377,0.22960513715771289,False,-0.3627725091205376,409
31.0,0.08837199999999999,7.1546515605903895,5.212055966542423,4.495271683994275,1.9159519575412725,0.3040618679674377,0.22960513715771289,False,-0.3627725091205376,409
294.0,0.134884,7.1546515605903895,5.212055966542423,4.495271683994275,1.9159519575412725,0.3040618679674377,0.22960513715771289,False,-0.3627725091205376,409
11.0,0.125581,7.1546515605903895,5.212055966542423,4.495271683994275,1.9159519575412725,0.3040618679674377,0.22960513715771289,False,-0.3627725091205376,409
18.0,0.09302300000000001,7.1546515605903895,5.212055966542423,4.495271683994275,1.9159519575412725,0.3040618679674377,0.22960513715771289,False,-0.3627725091205376,409
310.0,0.097674,7.1546515605903895,5.212055966542423,4.495271683994275,1.9159519575412725,0.3040618679674377,0.22960513715771289,False,-0.3627725091205376,409
69.0,0.111628,7.1546515605903895,5.212055966542423,4.495271683994275,1.9159519575412725,0.3040618679674377,0.22960513715771289,False,-0.3627725091205376,409
309.0,0.097674,7.1546515605903895,5.212055966542423,4.495271683994275,1.9159519575412725,0.3040618679674377,0.22960513715771289,False,-0.3627725091205376,409
20.0,0.08837199999999999,7.1546515605903895,5.212055966542423,4.495271683994275,1.9159519575412725,0.3040618679674377,0.22960513715771289,False,-0.3627725091205376,409
15.0,0.10697699999999999,7.1546515605903895,5.212055966542423,4.495271683994275,1.9159519575412725,0.3040618679674377,0.22960513715771289,False,-0.3627725091205376,409
22.0,0.10697699999999999,7.1546515605903895,5.212055966542423,4.495271683994275,1.9159519575412725,0.3040618679674377,0.22960513715771289,False,-0.3627725091205376,409
47.0,0.111628,7.1546515605903895,5.212055966542423,4.495271683994275,1.9159519575412725,0.3040618679674377,0.22960513715771289,False,-0.3627725091205376,409
56.0,0.10697699999999999,7.1546515605903895,5.212055966542423,4.495271683994275,1.9159519575412725,0.3040618679674377,0.22960513715771289,False,-0.3627725091205376,409
61.0,1.0,1.8216061130297478,1.2428128686943407,1.162658900625554,0.555503788971134,0.30145245953034894,0.14977062566833843,False,0.5620482218581596,31
111.0,1.0,2.622374471056954,1.560303056901598,1.7494117881966835,0.5144562967974189,1.0533319279261621,0.08767668270464568,False,0.5223995873268767,31
309.0,1.0,2.931028579652626,2.451275586030287,1.4244669958051268,0.670313973168992,0.0023992530488565755,0.322092742689882,False,0.5157915292154199,31
50.0,1.0,1.2802949261382779,0.7018982017610442,0.39922910338785633,0.6436109917494931,0.30044817933200474,0.6946984368079986,False,0.5107748100415203,31
110.0,1.0,2.955808353648126,1.9592852627785629,1.642871332503697,0.789744911033519,1.2305731845235264,0.2469224178170072,False,0.5045372461032447,31
96.0,1.0,1.3948703779322056,0.09286345376519178,0.13658301723726773,0.17288673185286063,1.046113001722546,0.8911467865431486,False,0.4931742950346932,31
53.0,1.0,1.213956235491757,0.6139769513591449,0.2383830458621674,0.2646755719849614,0.8496305721416442,0.49796616432366203,False,0.49186670776023855,31
57.0,1.0,2.324329187538796,0.057619142013236146,1.8441603215261875,0.14571294410681213,1.0728715260760724,0.9088307551363851,True,0.44184657641391123,31
54.0,1.0,2.324329187538796,0.057619142013236146,1.8441603215261875,0.14571294410681213,1.0728715260760724,0.9088307551363851,False,0.44184657641391123,31
130.0,1.0,2.324329187538796,0.057619142013236146,1.8441603215261875,0.14571294410681213,1.0728715260760724,0.9088307551363851,False,0.44184657641391123,31
108.0,1.0,2.324329187538796,0.057619142013236146,1.8441603215261875,0.14571294410681213,1.0728715260760724,0.9088307551363851,False,0.44184657641391123,31
299.0,1.0,2.324329187538796,0.057619142013236146,1.8441603215261875,0.14571294410681213,1.0728715260760724,0.9088307551363851,False,0.44184657641391123,31
249.0,1.0,2.324329187538796,0.057619142013236146,1.8441603215261875,0.14571294410681213,1.0728715260760724,0.9088307551363851,False,0.44184657641391123,31
302.0,1.0,2.324329187538796,0.057619142013236146,1.8441603215261875,0.14571294410681213,1.0728715260760724,0.9088307551363851,False,0.44184657641391123,31
310.0,1.0,2.324329187538796,0.057619142013236146,1.8441603215261875,0.14571294410681213,1.0728715260760724,0.9088307551363851,False,0.44184657641391123,31
115.0,1.0,2.046850589708526,0.3420026886299532,1.5168503278850103,0.1622110906890848,1.2907079074300343,0.2820589302082116,False,0.40521476214052904,31
300.0,0.7534879999999999,2.324329187538796,0.057619142013236146,1.8441603215261875,0.14571294410681213,1.0728715260760724,0.9088307551363851,False,0.40302428498885423,31
304.0,0.7534879999999999,2.324329187538796,0.057619142013236146,1.8441603215261875,0.14571294410681213,1.0728715260760724,0.9088307551363851,False,0.40302428498885423,31
311.0,0.772093,2.324329187538796,0.057619142013236146,1.8441603215261875,0.14571294410681213,1.0728715260760724,0.9088307551363851,False,0.40302428498885423,31
114.0,1.0,2.546441564584209,0.888999917203152,2.094028398621956,0.6109494277157896,0.2874107011251168,0.923701651223028,False,0.4000374613870393,31
301.0,0.6976739999999999,2.324329187538796,0.057619142013236146,1.8441603215261875,0.14571294410681213,1.0728715260760724,0.9088307551363851,False,0.3672919916219954,31
312.0,0.7209300000000001,2.324329187538796,0.057619142013236146,1.8441603215261875,0.14571294410681213,1.0728715260760724,0.9088307551363851,False,0.3672919916219954,31
313.0,0.702326,2.324329187538796,0.057619142013236146,1.8441603215261875,0.14571294410681213,1.0728715260760724,0.9088307551363851,False,0.3672919916219954,31
7.0,0.595349,2.931028579652626,2.451275586030287,1.4244669958051268,0.670313973168992,0.0023992530488565755,0.322092742689882,False,0.3472212998869864,31
6.0,0.5906980000000001,2.931028579652626,2.451275586030287,1.4244669958051268,0.670313973168992,0.0023992530488565755,0.322092742689882,False,0.3472212998869864,31
24.0,0.613953,2.931028579652626,2.451275586030287,1.4244669958051268,0.670313973168992,0.0023992530488565755,0.322092742689882,False,0.3472212998869864,31
1.0,0.6,2.931028579652626,2.451275586030287,1.4244669958051268,0.670313973168992,0.0023992530488565755,0.322092742689882,False,0.3472212998869864,31
25.0,0.604651,2.931028579652626,2.451275586030287,1.4244669958051268,0.670313973168992,0.0023992530488565755,0.322092742689882,False,0.3472212998869864,31
15.0,0.6,2.931028579652626,2.451275586030287,1.4244669958051268,0.670313973168992,0.0023992530488565755,0.322092742689882,False,0.3472212998869864,31
8.0,0.5906980000000001,2.931028579652626,2.451275586030287,1.4244669958051268,0.670313973168992,0.0023992530488565755,0.322092742689882,False,0.3472212998869864,31
41.0,0.665116,2.324329187538796,0.057619142013236146,1.8441603215261875,0.14571294410681213,1.0728715260760724,0.9088307551363851,False,0.3091615017257444,31
3.0,0.683721,2.324329187538796,0.057619142013236146,1.8441603215261875,0.14571294410681213,1.0728715260760724,0.9088307551363851,False,0.3091615017257444,31
39.0,0.6511629999999999,2.324329187538796,0.057619142013236146,1.8441603215261875,0.14571294410681213,1.0728715260760724,0.9088307551363851,False,0.3091615017257444,31
43.0,0.6418600000000001,2.324329187538796,0.057619142013236146,1.8441603215261875,0.14571294410681213,1.0728715260760724,0.9088307551363851,False,0.29529885226602004,31
34.0,0.637209,2.324329187538796,0.057619142013236146,1.8441603215261875,0.14571294410681213,1.0728715260760724,0.9088307551363851,False,0.29529885226602004,31
40.0,0.613953,2.324329187538796,0.057619142013236146,1.8441603215261875,0.14571294410681213,1.0728715260760724,0.9088307551363851,False,0.277787480757214,31
18.0,0.539535,2.931028579652626,2.451275586030287,1.4244669958051268,0.670313973168992,0.0023992530488565755,0.322092742689882,False,0.26824931623649495,31
28.0,0.534884,2.931028579652626,2.451275586030287,1.4244669958051268,0.670313973168992,0.0023992530488565755,0.322092742689882,False,0.24496501712876348,31
60.0,0.37674399999999997,1.8216061130297478,1.2428128686943407,1.162658900625554,0.555503788971134,0.30145245953034894,0.14977062566833843,False,0.16972948683367603,31
295.0,0.38604700000000003,2.955808353648126,1.9592852627785629,1.642871332503697,0.789744911033519,1.2305731845235264,0.2469224178170072,False,0.1451205414100276,31
91.0,0.35814,1.8216061130297478,1.2428128686943407,1.162658900625554,0.555503788971134,0.30145245953034894,0.14977062566833843,False,0.13074678775345303,31
303.0,0.37674399999999997,2.324329187538796,0.057619142013236146,1.8441603215261875,0.14571294410681213,1.0728715260760724,0.9088307551363851,False,0.12807315189558618,31
306.0,0.381395,2.324329187538796,0.057619142013236146,1.8441603215261875,0.14571294410681213,1.0728715260760724,0.9088307551363851,False,0.12807315189558618,31
307.0,0.38604700000000003,2.324329187538796,0.057619142013236146,1.8441603215261875,0.14571294410681213,1.0728715260760724,0.9088307551363851,False,0.12807315189558618,31
81.0,0.362791,2.622374471056954,1.560303056901598,1.7494117881966835,0.5144562967974189,1.0533319279261621,0.08767668270464568,False,0.11597052385526661,31
305.0,0.34883699999999995,2.324329187538796,0.057619142013236146,1.8441603215261875,0.14571294410681213,1.0728715260760724,0.9088307551363851,False,0.11438106370442994,31
308.0,0.35348799999999997,2.324329187538796,0.057619142013236146,1.8441603215261875,0.14571294410681213,1.0728715260760724,0.9088307551363851,False,0.11438106370442994,31
132.0,0.5023259999999999,2.324329187538796,0.057619142013236146,1.8441603215261875,0.14571294410681213,1.0728715260760724,0.9088307551363851,False,0.0342742763147572,31
131.0,0.339535,2.324329187538796,0.057619142013236146,1.8441603215261875,0.14571294410681213,1.0728715260760724,0.9088307551363851,False,0.01892471291934803,31
142.0,0.293023,2.324329187538796,0.057619142013236146,1.8441603215261875,0.14571294410681213,1.0728715260760724,0.9088307551363851,False,0.014027445409810907,31
293.0,0.18604700000000002,2.324329187538796,0.057619142013236146,1.8441603215261875,0.14571294410681213,1.0728715260760724,0.9088307551363851,False,-0.02319592681355535,31
64.0,0.204651,2.324329187538796,0.057619142013236146,1.8441603215261875,0.14571294410681213,1.0728715260760724,0.9088307551363851,False,-0.02319592681355535,31
52.0,0.16744199999999998,2.324329187538796,0.057619142013236146,1.8441603215261875,0.14571294410681213,1.0728715260760724,0.9088307551363851,False,-0.02319592681355535,31
124.0,0.204651,2.324329187538796,0.057619142013236146,1.8441603215261875,0.14571294410681213,1.0728715260760724,0.9088307551363851,False,-0.02319592681355535,31
76.0,0.18604700000000002,2.324329187538796,0.057619142013236146,1.8441603215261875,0.14571294410681213,1.0728715260760724,0.9088307551363851,False,-0.02319592681355535,31
71.0,0.18604700000000002,2.324329187538796,0.057619142013236146,1.8441603215261875,0.14571294410681213,1.0728715260760724,0.9088307551363851,False,-0.02319592681355535,31
109.0,0.190698,2.324329187538796,0.057619142013236146,1.8441603215261875,0.14571294410681213,1.0728715260760724,0.9088307551363851,False,-0.02319592681355535,31
67.0,0.190698,2.324329187538796,0.057619142013236146,1.8441603215261875,0.14571294410681213,1.0728715260760724,0.9088307551363851,False,-0.02319592681355535,31
58.0,0.255814,2.324329187538796,0.057619142013236146,1.8441603215261875,0.14571294410681213,1.0728715260760724,0.9088307551363851,False,-0.03212558462815654,31
116.0,0.102326,2.324329187538796,0.057619142013236146,1.8441603215261875,0.14571294410681213,1.0728715260760724,0.9088307551363851,False,-0.04581092461971999,31
97.0,0.153488,2.324329187538796,0.057619142013236146,1.8441603215261875,0.14571294410681213,1.0728715260760724,0.9088307551363851,False,-0.04581092461971999,31
63.0,0.15814,1.3948703779322056,0.09286345376519178,0.13658301723726773,0.17288673185286063,1.046113001722546,0.8911467865431486,False,-0.0826226541361967,31
11.0,0.074419,2.324329187538796,0.057619142013236146,1.8441603215261875,0.14571294410681213,1.0728715260760724,0.9088307551363851,False,-0.08499960445385588,31
80.0,0.074419,2.324329187538796,0.057619142013236146,1.8441603215261875,0.14571294410681213,1.0728715260760724,0.9088307551363851,False,-0.08499960445385588,31
134.0,0.074419,2.324329187538796,0.057619142013236146,1.8441603215261875,0.14571294410681213,1.0728715260760724,0.9088307551363851,False,-0.08499960445385588,31
169.0,0.065116,2.324329187538796,0.057619142013236146,1.8441603215261875,0.14571294410681213,1.0728715260760724,0.9088307551363851,False,-0.08499960445385588,31
69.0,0.074419,2.324329187538796,0.057619142013236146,1.8441603215261875,0.14571294410681213,1.0728715260760724,0.9088307551363851,False,-0.08499960445385588,31
101.0,0.074419,2.324329187538796,0.057619142013236146,1.8441603215261875,0.14571294410681213,1.0728715260760724,0.9088307551363851,False,-0.08499960445385588,31
49.0,0.209302,1.213956235491757,0.6139769513591449,0.2383830458621674,0.2646755719849614,0.8496305721416442,0.49796616432366203,False,-0.14203452907810124,31
171.0,0.04186,2.046850589708526,0.3420026886299532,1.5168503278850103,0.1622110906890848,1.2907079074300343,0.2820589302082116,False,-0.2131584384817486,31
77.0,0.18604700000000002,2.955808353648126,1.9592852627785629,1.642871332503697,0.789744911033519,1.2305731845235264,0.2469224178170072,False,-0.25246318947152935,31
107.0,0.21395299999999998,2.955808353648126,1.9592852627785629,1.642871332503697,0.789744911033519,1.2305731845235264,0.2469224178170072,False,-0.25246318947152935,31
102.0,0.190698,2.955808353648126,1.9592852627785629,1.642871332503697,0.789744911033519,1.2305731845235264,0.2469224178170072,False,-0.25246318947152935,31
95.0,0.2,1.8216061130297478,1.2428128686943407,1.162658900625554,0.555503788971134,0.30145245953034894,0.14977062566833843,False,-0.2905235812594689,31
65.0,1.0,2.3910229268060172,1.4029930635270962,1.0496707449396525,0.6999943751272173,1.3685775931667936,0.5327247635475049,False,0.5292491780353292,74
72.0,1.0,2.6117431995162788,1.4697525308975288,2.008396991896518,0.7579724745011986,0.04777004161473353,0.22487176813355159,False,0.5157915292154199,74
1.0,1.0,2.835251790882859,1.6979286411601737,1.9909798070540485,0.4236762997420741,0.6470729475233004,0.7703800677300932,False,0.513228784167101,74
130.0,1.0,1.6133539528565297,0.3516115258112141,1.0089425195901813,0.3998215536516416,1.1394589225903908,0.055600298940285175,False,0.4859706433101554,74
131.0,1.0,1.6133539528565297,0.3516115258112141,1.0089425195901813,0.3998215536516416,1.1394589225903908,0.055600298940285175,False,0.4859706433101554,74
132.0,1.0,1.6133539528565297,0.3516115258112141,1.0089425195901813,0.3998215536516416,1.1394589225903908,0.055600298940285175,False,0.4859706433101554,74
6.0,0.809302,2.835251790882859,1.6979286411601737,1.9909798070540485,0.4236762997420741,0.6470729475233004,0.7703800677300932,False,0.4744064927420441,74
64.0,1.0,2.7540536443720707,1.148213857054947,1.6264079498725268,1.3510965478653034,1.1892702086270392,0.6175662590817201,False,0.39892075130497207,74
7.0,0.660465,2.835251790882859,1.6979286411601737,1.9909798070540485,0.4236762997420741,0.6470729475233004,0.7703800677300932,False,0.3896110404732411,74
8.0,0.6418600000000001,2.835251790882859,1.6979286411601737,1.9909798070540485,0.4236762997420741,0.6470729475233004,0.7703800677300932,False,0.3757483910135167,74
196.0,1.0,2.2319861708043427,0.16721625685655767,1.617522588424238,1.0175528025148874,1.1402360966029863,0.04323891927131929,False,0.3498489097404398,74
197.0,1.0,2.2319861708043427,0.16721625685655767,1.617522588424238,1.0175528025148874,1.1402360966029863,0.04323891927131929,False,0.3498489097404398,74
309.0,0.6,2.835251790882859,1.6979286411601737,1.9909798070540485,0.4236762997420741,0.6470729475233004,0.7703800677300932,False,0.34465855483866764,74
12.0,0.539535,2.835251790882859,1.6979286411601737,1.9909798070540485,0.4236762997420741,0.6470729475233004,0.7703800677300932,False,0.2656865711881761,74
18.0,0.530233,2.835251790882859,1.6979286411601737,1.9909798070540485,0.4236762997420741,0.6470729475233004,0.7703800677300932,False,0.23721700290785874,74
84.0,1.0,2.2545247426511428,0.37628350132755833,0.1490868332404176,1.631707005565364,1.1643551736754558,0.949144317547828,False,0.15052803265085113,74
82.0,1.0,2.2545247426511428,0.37628350132755833,0.1490868332404176,1.631707005565364,1.1643551736754558,0.949144317547828,False,0.15052803265085113,74
83.0,1.0,2.2545247426511428,0.37628350132755833,0.1490868332404176,1.631707005565364,1.1643551736754558,0.949144317547828,False,0.15052803265085113,74
85.0,1.0,2.2545247426511428,0.37628350132755833,0.1490868332404176,1.631707005565364,1.1643551736754558,0.949144317547828,False,0.15052803265085113,74
61.0,1.0,2.915489889811505,0.9616868485154513,0.7417880380093167,0.7341377600867222,2.092379189886567,1.4518888678532844,False,0.1378170621915717,74
2.0,0.47906999999999994,2.835251790882859,1.6979286411601737,1.9909798070540485,0.4236762997420741,0.6470729475233004,0.7703800677300932,False,0.05931105472731002,74
15.0,0.47906999999999994,2.835251790882859,1.6979286411601737,1.9909798070540485,0.4236762997420741,0.6470729475233004,0.7703800677300932,False,0.05931105472731002,74
24.0,0.48837200000000003,2.835251790882859,1.6979286411601737,1.9909798070540485,0.4236762997420741,0.6470729475233004,0.7703800677300932,False,0.05931105472731002,74
75.0,0.395349,2.7540536443720707,1.148213857054947,1.6264079498725268,1.3510965478653034,1.1892702086270392,0.6175662590817201,False,0.024702937402422936,74
74.0,0.35814,2.7540536443720707,1.148213857054947,1.6264079498725268,1.3510965478653034,1.1892702086270392,0.6175662590817201,False,0.019206143177931546,74
67.0,1.0,3.0795983799221553,0.8981174412650224,1.9255237452022365,1.2045376603038065,1.8755779557468766,0.031079041222069947,False,-0.0856157214888651,74
68.0,0.790698,3.0795983799221553,0.8981174412650224,1.9255237452022365,1.2045376603038065,1.8755779557468766,0.031079041222069947,False,-0.11640835321575199,74
60.0,0.37674399999999997,2.915489889811505,0.9616868485154513,0.7417880380093167,0.7341377600867222,2.092379189886567,1.4518888678532844,False,-0.17712184768385733,74
50.0,0.372093,2.915489889811505,0.9616868485154513,0.7417880380093167,0.7341377600867222,2.092379189886567,1.4518888678532844,False,-0.17840682246647319,74
53.0,0.372093,2.915489889811505,0.9616868485154513,0.7417880380093167,0.7341377600867222,2.092379189886567,1.4518888678532844,False,-0.17840682246647319,74
91.0,0.35814,2.915489889811505,0.9616868485154513,0.7417880380093167,0.7341377600867222,2.092379189886567,1.4518888678532844,False,-0.19081393587501363,74
101.0,0.274419,2.3910229268060172,1.4029930635270962,1.0496707449396525,0.6999943751272173,1.3685775931667936,0.5327247635475049,False,-0.22071735300103495,74
124.0,0.30232600000000004,2.7540536443720707,1.148213857054947,1.6264079498725268,1.3510965478653034,1.1892702086270392,0.6175662590817201,False,-0.23135452602433945,74
109.0,0.218605,2.3910229268060172,1.4029930635270962,1.0496707449396525,0.6999943751272173,1.3685775931667936,0.5327247635475049,False,-0.23644691874463866,74
107.0,0.209302,2.3910229268060172,1.4029930635270962,1.0496707449396525,0.6999943751272173,1.3685775931667936,0.5327247635475049,False,-0.23644691874463866,74
76.0,0.209302,2.3910229268060172,1.4029930635270962,1.0496707449396525,0.6999943751272173,1.3685775931667936,0.5327247635475049,False,-0.23644691874463866,74
71.0,0.209302,2.3910229268060172,1.4029930635270962,1.0496707449396525,0.6999943751272173,1.3685775931667936,0.5327247635475049,False,-0.23644691874463866,74
70.0,0.227907,2.3910229268060172,1.4029930635270962,1.0496707449396525,0.6999943751272173,1.3685775931667936,0.5327247635475049,False,-0.2453765765592398,74
293.0,0.18604700000000002,1.6133539528565297,0.3516115258112141,1.0089425195901813,0.3998215536516416,1.1394589225903908,0.055600298940285175,False,-0.2733981853805482,74
128.0,0.21395299999999998,1.6133539528565297,0.3516115258112141,1.0089425195901813,0.3998215536516416,1.1394589225903908,0.055600298940285175,False,-0.2733981853805482,74
129.0,0.153488,1.6133539528565297,0.3516115258112141,1.0089425195901813,0.3998215536516416,1.1394589225903908,0.055600298940285175,False,-0.2960131831867128,74
189.0,0.265116,2.2319861708043427,0.16721625685655767,1.617522588424238,1.0175528025148874,1.1402360966029863,0.04323891927131929,False,-0.32529313522265346,74
66.0,0.227907,2.7540536443720707,1.148213857054947,1.6264079498725268,1.3510965478653034,1.1892702086270392,0.6175662590817201,False,-0.3321478370101011,74
117.0,0.23255800000000001,2.7540536443720707,1.148213857054947,1.6264079498725268,1.3510965478653034,1.1892702086270392,0.6175662590817201,False,-0.3321478370101011,74
221.0,0.060465,2.6117431995162788,1.4697525308975288,2.008396991896518,0.7579724745011986,0.04777004161473353,0.22487176813355159,False,-0.3737115809094127,74
248.0,0.032558,2.6117431995162788,1.4697525308975288,2.008396991896518,0.7579724745011986,0.04777004161473353,0.22487176813355159,False,-0.3737115809094127,74
49.0,0.223256,2.915489889811505,0.9616868485154513,0.7417880380093167,0.7341377600867222,2.092379189886567,1.4518888678532844,False,-0.3872669446822814,74
95.0,0.2,2.915489889811505,0.9616868485154513,0.7417880380093167,0.7341377600867222,2.092379189886567,1.4518888678532844,False,-0.3872669446822814,74
142.0,0.255814,2.915489889811505,0.9616868485154513,0.7417880380093167,0.7341377600867222,2.092379189886567,1.4518888678532844,False,-0.3961966024968826,74
52.0,0.237209,2.915489889811505,0.9616868485154513,0.7417880380093167,0.7341377600867222,2.092379189886567,1.4518888678532844,False,-0.3961966024968826,74
58.0,0.25116299999999997,2.915489889811505,0.9616868485154513,0.7417880380093167,0.7341377600867222,2.092379189886567,1.4518888678532844,False,-0.3961966024968826,74
144.0,0.032558,2.2319861708043427,0.16721625685655767,1.617522588424238,1.0175528025148874,1.1402360966029863,0.04323891927131929,False,-0.40282637860655757,74
25.0,0.102326,2.2545247426511428,0.37628350132755833,0.1490868332404176,1.631707005565364,1.1643551736754558,0.949144317547828,False,-0.5380315668952361,74
11.0,0.125581,2.2545247426511428,0.37628350132755833,0.1490868332404176,1.631707005565364,1.1643551736754558,0.949144317547828,False,-0.5380315668952361,74
294.0,0.134884,2.2545247426511428,0.37628350132755833,0.1490868332404176,1.631707005565364,1.1643551736754558,0.949144317547828,False,-0.5380315668952361,74
20.0,0.08837199999999999,2.2545247426511428,0.37628350132755833,0.1490868332404176,1.631707005565364,1.1643551736754558,0.949144317547828,False,-0.5380315668952361,74
31.0,0.08837199999999999,2.2545247426511428,0.37628350132755833,0.1490868332404176,1.631707005565364,1.1643551736754558,0.949144317547828,False,-0.5380315668952361,74
45.0,0.102326,2.2545247426511428,0.37628350132755833,0.1490868332404176,1.631707005565364,1.1643551736754558,0.949144317547828,False,-0.5380315668952361,74
56.0,0.10697699999999999,2.2545247426511428,0.37628350132755833,0.1490868332404176,1.631707005565364,1.1643551736754558,0.949144317547828,False,-0.5380315668952361,74
22.0,0.10697699999999999,2.2545247426511428,0.37628350132755833,0.1490868332404176,1.631707005565364,1.1643551736754558,0.949144317547828,False,-0.5380315668952361,74
47.0,0.111628,2.2545247426511428,0.37628350132755833,0.1490868332404176,1.631707005565364,1.1643551736754558,0.949144317547828,False,-0.5380315668952361,74
310.0,0.097674,2.2545247426511428,0.37628350132755833,0.1490868332404176,1.631707005565364,1.1643551736754558,0.949144317547828,False,-0.5380315668952361,74
69.0,0.111628,2.2545247426511428,0.37628350132755833,0.1490868332404176,1.631707005565364,1.1643551736754558,0.949144317547828,False,-0.5380315668952361,74
117.0,1.0,2.4666961439610327,2.0402058273181902,0.6895623740889754,0.43896644589512424,0.9730742762818072,0.5541558384306207,False,0.5525832196488213,143
156.0,1.0,2.8192848631505347,2.4079815001255986,0.9180932547648091,0.3690605685412085,0.8596122568340239,0.6572351746876581,False,0.5361394235259296,143
143.0,1.0,2.8192848631505347,2.4079815001255986,0.9180932547648091,0.3690605685412085,0.8596122568340239,0.6572351746876581,False,0.5361394235259296,143
136.0,1.0,2.8192848631505347,2.4079815001255986,0.9180932547648091,0.3690605685412085,0.8596122568340239,0.6572351746876581,False,0.5361394235259296,143
134.0,1.0,2.8192848631505347,2.4079815001255986,0.9180932547648091,0.3690605685412085,0.8596122568340239,0.6572351746876581,False,0.5361394235259296,143
168.0,1.0,2.8192848631505347,2.4079815001255986,0.9180932547648091,0.3690605685412085,0.8596122568340239,0.6572351746876581,False,0.5361394235259296,143
189.0,1.0,2.8192848631505347,2.4079815001255986,0.9180932547648091,0.3690605685412085,0.8596122568340239,0.6572351746876581,False,0.5361394235259296,143
178.0,1.0,2.8192848631505347,2.4079815001255986,0.9180932547648091,0.3690605685412085,0.8596122568340239,0.6572351746876581,False,0.5361394235259296,143
174.0,1.0,2.8192848631505347,2.4079815001255986,0.9180932547648091,0.3690605685412085,0.8596122568340239,0.6572351746876581,False,0.5361394235259296,143
65.0,1.0,2.7131490094204045,1.97556009860832,0.5862659015086971,0.9243133564760017,1.393896942143212,0.563318977629614,False,0.5347208784251891,143
64.0,1.0,2.7131490094204045,1.97556009860832,0.5862659015086971,0.9243133564760017,1.393896942143212,0.563318977629614,False,0.5347208784251891,143
58.0,1.0,2.220336323311806,1.5254347218856417,0.2782777671408695,1.3274382217981935,0.869592169500386,0.08497651588183902,False,0.48752978335972347,143
66.0,1.0,2.0988569766757044,0.2524134724835987,1.0712758549510928,0.9642949892154413,1.4621855901603034,0.35497121538149035,False,0.4576449977611465,143
88.0,1.0,2.5300070128806373,0.18309366032261964,2.091734033451095,0.02927673759481153,1.3822887308964762,0.28369290993907126,False,0.3867168867830767,143
169.0,0.553488,2.8192848631505347,2.4079815001255986,0.9180932547648091,0.3690605685412085,0.8596122568340239,0.6572351746876581,False,0.3510160011546252,143
103.0,1.0,2.5797012395235948,0.5790466431252632,1.9904679134509073,0.11053612488804121,0.6430797441204922,1.3899032928963018,False,0.3330403091780295,143
87.0,0.637209,2.5300070128806373,0.18309366032261964,2.091734033451095,0.02927673759481153,1.3822887308964762,0.28369290993907126,False,0.27365903728880864,143
105.0,1.0,2.164352105134062,0.018027835027144334,1.1379673381830502,1.6288623675965748,0.7387042222154254,0.43617522728812574,False,0.2362659594466505,143
78.0,0.604651,2.5797012395235948,0.5790466431252632,1.9904679134509073,0.11053612488804121,0.6430797441204922,1.3899032928963018,False,0.19893743353992746,143
79.0,0.604651,2.5797012395235948,0.5790466431252632,1.9904679134509073,0.11053612488804121,0.6430797441204922,1.3899032928963018,False,0.19893743353992746,143
124.0,1.0,2.788975677257032,0.30781618319302373,2.1483127270645133,1.5312414565600756,0.7808262489815341,0.33763430370985265,False,0.1269756232026266,143
75.0,0.395349,2.7131490094204045,1.97556009860832,0.5862659015086971,0.9243133564760017,1.393896942143212,0.563318977629614,False,0.1030171055287084,143
74.0,0.35814,2.7131490094204045,1.97556009860832,0.5862659015086971,0.9243133564760017,1.393896942143212,0.563318977629614,False,0.09241398032386068,143
71.0,0.34883699999999995,2.0988569766757044,0.2524134724835987,1.0712758549510928,0.9642949892154413,1.4621855901603034,0.35497121538149035,False,0.08963518287086594,143
109.0,0.35348799999999997,2.0988569766757044,0.2524134724835987,1.0712758549510928,0.9642949892154413,1.4621855901603034,0.35497121538149035,False,0.08963518287086594,143
142.0,0.390698,2.220336323311806,1.5254347218856417,0.2782777671408695,1.3274382217981935,0.869592169500386,0.08497651588183902,False,0.07617592464044802,143
135.0,0.483721,2.8192848631505347,2.4079815001255986,0.9180932547648091,0.3690605685412085,0.8596122568340239,0.6572351746876581,False,0.04532973898728742,143
86.0,0.5162789999999999,2.5300070128806373,0.18309366032261964,2.091734033451095,0.02927673759481153,1.3822887308964762,0.28369290993907126,False,-0.016851213882096726,143
90.0,0.5023259999999999,2.5300070128806373,0.18309366032261964,2.091734033451095,0.02927673759481153,1.3822887308964762,0.28369290993907126,False,-0.016851213882096726,143
55.0,0.418605,2.5797012395235948,0.5790466431252632,1.9904679134509073,0.11053612488804121,0.6430797441204922,1.3899032928963018,False,-0.06419247718566688,143
62.0,0.437209,2.5797012395235948,0.5790466431252632,1.9904679134509073,0.11053612488804121,0.6430797441204922,1.3899032928963018,False,-0.06419247718566688,143
22.0,1.0,2.4759062051951055,0.7159887765318977,1.2743771125981742,1.1403369393011469,1.6394590674243026,0.07238932791131542,False,-0.0856157214888651,143
24.0,1.0,2.4759062051951055,0.7159887765318977,1.2743771125981742,1.1403369393011469,1.6394590674243026,0.07238932791131542,False,-0.0856157214888651,143
23.0,1.0,2.4759062051951055,0.7159887765318977,1.2743771125981742,1.1403369393011469,1.6394590674243026,0.07238932791131542,False,-0.0856157214888651,143
14.0,1.0,2.4759062051951055,0.7159887765318977,1.2743771125981742,1.1403369393011469,1.6394590674243026,0.07238932791131542,False,-0.0856157214888651,143
38.0,1.0,2.4759062051951055,0.7159887765318977,1.2743771125981742,1.1403369393011469,1.6394590674243026,0.07238932791131542,False,-0.0856157214888651,143
29.0,1.0,2.4759062051951055,0.7159887765318977,1.2743771125981742,1.1403369393011469,1.6394590674243026,0.07238932791131542,False,-0.0856157214888651,143
25.0,1.0,2.4759062051951055,0.7159887765318977,1.2743771125981742,1.1403369393011469,1.6394590674243026,0.07238932791131542,False,-0.0856157214888651,143
13.0,1.0,2.4759062051951055,0.7159887765318977,1.2743771125981742,1.1403369393011469,1.6394590674243026,0.07238932791131542,False,-0.0856157214888651,143
41.0,1.0,2.4759062051951055,0.7159887765318977,1.2743771125981742,1.1403369393011469,1.6394590674243026,0.07238932791131542,True,-0.0856157214888651,143
2.0,1.0,2.4759062051951055,0.7159887765318977,1.2743771125981742,1.1403369393011469,1.6394590674243026,0.07238932791131542,False,-0.0856157214888651,143
193.0,1.0,2.4759062051951055,0.7159887765318977,1.2743771125981742,1.1403369393011469,1.6394590674243026,0.07238932791131542,False,-0.0856157214888651,143
123.0,1.0,2.4759062051951055,0.7159887765318977,1.2743771125981742,1.1403369393011469,1.6394590674243026,0.07238932791131542,False,-0.0856157214888651,143
46.0,1.0,2.4759062051951055,0.7159887765318977,1.2743771125981742,1.1403369393011469,1.6394590674243026,0.07238932791131542,False,-0.0856157214888651,143
45.0,1.0,2.4759062051951055,0.7159887765318977,1.2743771125981742,1.1403369393011469,1.6394590674243026,0.07238932791131542,False,-0.0856157214888651,143
44.0,1.0,2.4759062051951055,0.7159887765318977,1.2743771125981742,1.1403369393011469,1.6394590674243026,0.07238932791131542,False,-0.0856157214888651,143
21.0,1.0,2.4759062051951055,0.7159887765318977,1.2743771125981742,1.1403369393011469,1.6394590674243026,0.07238932791131542,False,-0.0856157214888651,143
19.0,1.0,2.4759062051951055,0.7159887765318977,1.2743771125981742,1.1403369393011469,1.6394590674243026,0.07238932791131542,False,-0.0856157214888651,143
18.0,1.0,2.4759062051951055,0.7159887765318977,1.2743771125981742,1.1403369393011469,1.6394590674243026,0.07238932791131542,False,-0.0856157214888651,143
314.0,0.8046510000000001,2.4759062051951055,0.7159887765318977,1.2743771125981742,1.1403369393011469,1.6394590674243026,0.07238932791131542,False,-0.11640835321575199,143
34.0,0.7860469999999999,2.4759062051951055,0.7159887765318977,1.2743771125981742,1.1403369393011469,1.6394590674243026,0.07238932791131542,False,-0.11640835321575199,143
10.0,0.9953489999999999,2.4759062051951055,0.7159887765318977,1.2743771125981742,1.1403369393011469,1.6394590674243026,0.07238932791131542,False,-0.11640835321575199,143
192.0,0.339535,2.8192848631505347,2.4079815001255986,0.9180932547648091,0.3690605685412085,0.8596122568340239,0.6572351746876581,False,-0.1299585469196899,143
121.0,0.311628,2.5797012395235948,0.5790466431252632,1.9904679134509073,0.11053612488804121,0.6430797441204922,1.3899032928963018,False,-0.14169961295152497,143
70.0,0.33488399999999996,2.0988569766757044,0.2524134724835987,1.0712758549510928,0.9642949892154413,1.4621855901603034,0.35497121538149035,False,-0.1452873234639064,143
311.0,0.734884,2.4759062051951055,0.7159887765318977,1.2743771125981742,1.1403369393011469,1.6394590674243026,0.07238932791131542,False,-0.15214064658261084,143
67.0,0.32093000000000005,2.7131490094204045,1.97556009860832,0.5862659015086971,0.9243133564760017,1.393896942143212,0.563318977629614,False,-0.1581466888784104,143
68.0,0.306977,2.7131490094204045,1.97556009860832,0.5862659015086971,0.9243133564760017,1.393896942143212,0.563318977629614,False,-0.1581466888784104,143
120.0,0.26976700000000003,2.5797012395235948,0.5790466431252632,1.9904679134509073,0.11053612488804121,0.6430797441204922,1.3899032928963018,False,-0.1631934194312876,143
104.0,0.274419,2.5797012395235948,0.5790466431252632,1.9904679134509073,0.11053612488804121,0.6430797441204922,1.3899032928963018,False,-0.1631934194312876,143
313.0,0.6697669999999999,2.4759062051951055,0.7159887765318977,1.2743771125981742,1.1403369393011469,1.6394590674243026,0.07238932791131542,False,-0.18481092152340875,143
312.0,0.655814,2.4759062051951055,0.7159887765318977,1.2743771125981742,1.1403369393011469,1.6394590674243026,0.07238932791131542,False,-0.18481092152340875,143
39.0,0.646512,2.4759062051951055,0.7159887765318977,1.2743771125981742,1.1403369393011469,1.6394590674243026,0.07238932791131542,False,-0.18481092152340875,143
310.0,0.665116,2.4759062051951055,0.7159887765318977,1.2743771125981742,1.1403369393011469,1.6394590674243026,0.07238932791131542,False,-0.18481092152340875,143
43.0,0.562791,2.4759062051951055,0.7159887765318977,1.2743771125981742,1.1403369393011469,1.6394590674243026,0.07238932791131542,False,-0.1881850032978862,143
309.0,0.604651,2.4759062051951055,0.7159887765318977,1.2743771125981742,1.1403369393011469,1.6394590674243026,0.07238932791131542,False,-0.1965041808881118,143
40.0,0.581395,2.4759062051951055,0.7159887765318977,1.2743771125981742,1.1403369393011469,1.6394590674243026,0.07238932791131542,True,-0.1965041808881118,143
35.0,0.581395,2.4759062051951055,0.7159887765318977,1.2743771125981742,1.1403369393011469,1.6394590674243026,0.07238932791131542,False,-0.1965041808881118,143
118.0,0.48837200000000003,2.164352105134062,0.018027835027144334,1.1379673381830502,1.6288623675965748,0.7387042222154254,0.43617522728812574,False,-0.2128903696846842,143
119.0,0.483721,2.164352105134062,0.018027835027144334,1.1379673381830502,1.6288623675965748,0.7387042222154254,0.43617522728812574,False,-0.2128903696846842,143
122.0,0.223256,2.5797012395235948,0.5790466431252632,1.9904679134509073,0.11053612488804121,0.6430797441204922,1.3899032928963018,False,-0.22064431544289922,143
8.0,0.544186,2.4759062051951055,0.7159887765318977,1.2743771125981742,1.1403369393011469,1.6394590674243026,0.07238932791131542,False,-0.2306387623732056,143
298.0,0.544186,2.4759062051951055,0.7159887765318977,1.2743771125981742,1.1403369393011469,1.6394590674243026,0.07238932791131542,True,-0.2306387623732056,143
92.0,0.060465,2.5300070128806373,0.18309366032261964,2.091734033451095,0.02927673759481153,1.3822887308964762,0.28369290993907126,False,-0.23165631383920096,143
12.0,0.055814,2.5300070128806373,0.18309366032261964,2.091734033451095,0.02927673759481153,1.3822887308964762,0.28369290993907126,False,-0.23165631383920096,143
7.0,0.055814,2.5300070128806373,0.18309366032261964,2.091734033451095,0.02927673759481153,1.3822887308964762,0.28369290993907126,False,-0.23165631383920096,143
101.0,0.274419,2.7131490094204045,1.97556009860832,0.5862659015086971,0.9243133564760017,1.393896942143212,0.563318977629614,False,-0.2342807763059671,143
77.0,0.195349,2.0988569766757044,0.2524134724835987,1.0712758549510928,0.9642949892154413,1.4621855901603034,0.35497121538149035,False,-0.2371509766350668,143
76.0,0.21395299999999998,2.0988569766757044,0.2524134724835987,1.0712758549510928,0.9642949892154413,1.4621855901603034,0.35497121538149035,False,-0.2371509766350668,143
196.0,0.265116,2.8192848631505347,2.4079815001255986,0.9180932547648091,0.3690605685412085,0.8596122568340239,0.6572351746876581,False,-0.2428047741521849,143
9.0,0.125581,2.5797012395235948,0.5790466431252632,1.9904679134509073,0.11053612488804121,0.6430797441204922,1.3899032928963018,False,-0.24325931324906389,143
107.0,0.209302,2.7131490094204045,1.97556009860832,0.5862659015086971,0.9243133564760017,1.393896942143212,0.563318977629614,False,-0.2500103420495709,143
89.0,0.18139500000000003,2.4666961439610327,2.0402058273181902,0.6895623740889754,0.43896644589512424,0.9730742762818072,0.5541558384306207,False,-0.2611256674676889,143
15.0,0.539535,2.4759062051951055,0.7159887765318977,1.2743771125981742,1.1403369393011469,1.6394590674243026,0.07238932791131542,False,-0.27547616453860335,143
242.0,0.125581,2.8192848631505347,2.4079815001255986,0.9180932547648091,0.3690605685412085,0.8596122568340239,0.6572351746876581,False,-0.28114933770195333,143
182.0,0.13023300000000002,2.8192848631505347,2.4079815001255986,0.9180932547648091,0.3690605685412085,0.8596122568340239,0.6572351746876581,False,-0.28114933770195333,143
30.0,0.102326,2.8192848631505347,2.4079815001255986,0.9180932547648091,0.3690605685412085,0.8596122568340239,0.6572351746876581,False,-0.28114933770195333,143
1.0,0.08837199999999999,2.8192848631505347,2.4079815001255986,0.9180932547648091,0.3690605685412085,0.8596122568340239,0.6572351746876581,False,-0.28114933770195333,143
20.0,0.08837199999999999,2.8192848631505347,2.4079815001255986,0.9180932547648091,0.3690605685412085,0.8596122568340239,0.6572351746876581,False,-0.28114933770195333,143
26.0,0.08372099999999999,2.8192848631505347,2.4079815001255986,0.9180932547648091,0.3690605685412085,0.8596122568340239,0.6572351746876581,False,-0.28114933770195333,143
236.0,0.08372099999999999,2.8192848631505347,2.4079815001255986,0.9180932547648091,0.3690605685412085,0.8596122568340239,0.6572351746876581,False,-0.28114933770195333,143
11.0,0.09302300000000001,2.8192848631505347,2.4079815001255986,0.9180932547648091,0.3690605685412085,0.8596122568340239,0.6572351746876581,False,-0.28114933770195333,143
31.0,0.08837199999999999,2.8192848631505347,2.4079815001255986,0.9180932547648091,0.3690605685412085,0.8596122568340239,0.6572351746876581,False,-0.28114933770195333,143
290.0,0.09302300000000001,2.8192848631505347,2.4079815001255986,0.9180932547648091,0.3690605685412085,0.8596122568340239,0.6572351746876581,False,-0.28114933770195333,143
60.0,0.265116,2.220336323311806,1.5254347218856417,0.2782777671408695,1.3274382217981935,0.869592169500386,0.08497651588183902,False,-0.2985183314244453,143
6.0,0.534884,2.4759062051951055,0.7159887765318977,1.2743771125981742,1.1403369393011469,1.6394590674243026,0.07238932791131542,False,-0.2987604636463349,143
219.0,0.051163,2.8192848631505347,2.4079815001255986,0.9180932547648091,0.3690605685412085,0.8596122568340239,0.6572351746876581,False,-0.3203380175360892,143
161.0,0.032558,2.8192848631505347,2.4079815001255986,0.9180932547648091,0.3690605685412085,0.8596122568340239,0.6572351746876581,False,-0.3203380175360892,143
102.0,0.04186,2.8192848631505347,2.4079815001255986,0.9180932547648091,0.3690605685412085,0.8596122568340239,0.6572351746876581,False,-0.3203380175360892,143
294.0,0.04186,2.8192848631505347,2.4079815001255986,0.9180932547648091,0.3690605685412085,0.8596122568340239,0.6572351746876581,False,-0.3203380175360892,143
108.0,0.032558,2.8192848631505347,2.4079815001255986,0.9180932547648091,0.3690605685412085,0.8596122568340239,0.6572351746876581,False,-0.3203380175360892,143
249.0,0.074419,2.8192848631505347,2.4079815001255986,0.9180932547648091,0.3690605685412085,0.8596122568340239,0.6572351746876581,False,-0.3203380175360892,143
237.0,0.074419,2.8192848631505347,2.4079815001255986,0.9180932547648091,0.3690605685412085,0.8596122568340239,0.6572351746876581,False,-0.3203380175360892,143
217.0,0.032558,2.8192848631505347,2.4079815001255986,0.9180932547648091,0.3690605685412085,0.8596122568340239,0.6572351746876581,False,-0.3203380175360892,143
160.0,0.037209,2.8192848631505347,2.4079815001255986,0.9180932547648091,0.3690605685412085,0.8596122568340239,0.6572351746876581,False,-0.3203380175360892,143
96.0,0.237209,2.220336323311806,1.5254347218856417,0.2782777671408695,1.3274382217981935,0.869592169500386,0.08497651588183902,False,-0.3231775549826501,143
53.0,0.237209,2.220336323311806,1.5254347218856417,0.2782777671408695,1.3274382217981935,0.869592169500386,0.08497651588183902,False,-0.3231775549826501,143
97.0,0.237209,2.220336323311806,1.5254347218856417,0.2782777671408695,1.3274382217981935,0.869592169500386,0.08497651588183902,False,-0.3231775549826501,143
91.0,0.25116299999999997,2.220336323311806,1.5254347218856417,0.2782777671408695,1.3274382217981935,0.869592169500386,0.08497651588183902,False,-0.3231775549826501,143
61.0,0.25116299999999997,2.220336323311806,1.5254347218856417,0.2782777671408695,1.3274382217981935,0.869592169500386,0.08497651588183902,False,-0.3231775549826501,143
57.0,0.255814,2.220336323311806,1.5254347218856417,0.2782777671408695,1.3274382217981935,0.869592169500386,0.08497651588183902,False,-0.3231775549826501,143
106.0,0.162791,2.164352105134062,0.018027835027144334,1.1379673381830502,1.6288623675965748,0.7387042222154254,0.43617522728812574,False,-0.4156375789484585,143
224.0,0.395349,2.4759062051951055,0.7159887765318977,1.2743771125981742,1.1403369393011469,1.6394590674243026,0.07238932791131542,False,-0.4237598898264409,143
36.0,0.5255810000000001,2.4759062051951055,0.7159887765318977,1.2743771125981742,1.1403369393011469,1.6394590674243026,0.07238932791131542,False,-0.42715977439182656,143
125.0,0.12093,2.164352105134062,0.018027835027144334,1.1379673381830502,1.6288623675965748,0.7387042222154254,0.43617522728812574,False,-0.4382525767546231,143
27.0,0.08837199999999999,2.164352105134062,0.018027835027144334,1.1379673381830502,1.6288623675965748,0.7387042222154254,0.43617522728812574,False,-0.4382525767546231,143
28.0,0.074419,2.164352105134062,0.018027835027144334,1.1379673381830502,1.6288623675965748,0.7387042222154254,0.43617522728812574,False,-0.4774412565887591,143
16.0,0.483721,2.4759062051951055,0.7159887765318977,1.2743771125981742,1.1403369393011469,1.6394590674243026,0.07238932791131542,False,-0.49387126546522414,143
296.0,0.2,2.4759062051951055,0.7159887765318977,1.2743771125981742,1.1403369393011469,1.6394590674243026,0.07238932791131542,False,-0.6352697983252799,143
69.0,0.13023300000000002,2.4759062051951055,0.7159887765318977,1.2743771125981742,1.1403369393011469,1.6394590674243026,0.07238932791131542,False,-0.6578847961314445,143
293.0,0.134884,2.4759062051951055,0.7159887765318977,1.2743771125981742,1.1403369393011469,1.6394590674243026,0.07238932791131542,False,-0.6578847961314445,143
129.0,0.148837,2.4759062051951055,0.7159887765318977,1.2743771125981742,1.1403369393011469,1.6394590674243026,0.07238932791131542,False,-0.6578847961314445,143
128.0,0.139535,2.4759062051951055,0.7159887765318977,1.2743771125981742,1.1403369393011469,1.6394590674243026,0.07238932791131542,False,-0.6578847961314445,143
185.0,0.046512000000000005,2.4759062051951055,0.7159887765318977,1.2743771125981742,1.1403369393011469,1.6394590674243026,0.07238932791131542,False,-0.6703620618615411,143
248.0,0.037209,2.4759062051951055,0.7159887765318977,1.2743771125981742,1.1403369393011469,1.6394590674243026,0.07238932791131542,False,-0.6703620618615411,143
81.0,1.0,3.5640060680542085,1.977803021604255,0.38294789525666273,2.699961197318748,0.9995432033334437,0.5957417964368625,False,0.510259135976416,56
97.0,1.0,3.7474868599810933,1.5005533746579234,2.510025975081514,2.2604073604208397,0.2106540321099107,0.5813350012349976,False,0.49675948067517245,56
117.0,1.0,4.373842861656899,3.4879742597742105,2.0097540361742876,1.0879635034307622,0.4374518703057775,1.2451493613496187,False,0.4781775695976009,56
119.0,1.0,3.7571330536208536,1.6221178126126015,2.8595132060069997,0.8559073228705546,0.48172228740395207,1.5307949247896349,False,0.45086066849819756,56
118.0,0.9069769999999999,3.7571330536208536,1.6221178126126015,2.8595132060069997,0.8559073228705546,0.48172228740395207,1.5307949247896349,False,0.41203837707314056,56
70.0,1.0,4.080859017127772,2.149297266436589,2.6355583063850494,1.8135418255897813,0.8745376637052791,1.0168647468584118,False,0.39190523611541267,56
71.0,1.0,4.080859017127772,2.149297266436589,2.6355583063850494,1.8135418255897813,0.8745376637052791,1.0168647468584118,False,0.39190523611541267,56
114.0,1.0,4.3171071854678,1.8176635596742106,2.9655866830856388,2.0600572997590576,1.1377180783646363,1.0002853371048706,False,0.3806842765593319,56
115.0,1.0,4.3171071854678,1.8176635596742106,2.9655866830856388,2.0600572997590576,1.1377180783646363,1.0002853371048706,False,0.3806842765593319,56
5.0,1.0,2.57103228155661,0.3907240279480386,2.0988024541194434,0.24694232182781617,1.2001378922383383,0.7424678543051237,False,0.3737466522276932,56
109.0,0.87907,4.080859017127772,2.149297266436589,2.6355583063850494,1.8135418255897813,0.8745376637052791,1.0168647468584118,False,0.35308294469035567,56
295.0,0.623256,3.5640060680542085,1.977803021604255,0.38294789525666273,2.699961197318748,0.9995432033334437,0.5957417964368625,False,0.329581469822576,56
95.0,1.0,4.285521636211022,1.624322895417456,3.183671978337724,1.4995903430576203,1.80525249687432,0.28947501747122917,False,0.196482185496854,56
92.0,1.0,3.4792434174466806,2.219207139714147,1.0280150474626355,0.19426962017933747,1.5579497813314318,1.9127182972416317,False,0.18147636072148016,56
57.0,1.0,4.340926063460508,0.9862827844842947,3.2154547601814074,2.525293783368035,0.35225725341368075,1.0151562331915136,False,0.1231834347680491,56
108.0,1.0,4.340926063460508,0.9862827844842947,3.2154547601814074,2.525293783368035,0.35225725341368075,1.0151562331915136,False,0.1231834347680491,56
54.0,1.0,4.340926063460508,0.9862827844842947,3.2154547601814074,2.525293783368035,0.35225725341368075,1.0151562331915136,False,0.1231834347680491,56
310.0,1.0,4.340926063460508,0.9862827844842947,3.2154547601814074,2.525293783368035,0.35225725341368075,1.0151562331915136,False,0.1231834347680491,56
249.0,1.0,4.340926063460508,0.9862827844842947,3.2154547601814074,2.525293783368035,0.35225725341368075,1.0151562331915136,False,0.1231834347680491,56
130.0,1.0,4.340926063460508,0.9862827844842947,3.2154547601814074,2.525293783368035,0.35225725341368075,1.0151562331915136,False,0.1231834347680491,56
302.0,1.0,4.340926063460508,0.9862827844842947,3.2154547601814074,2.525293783368035,0.35225725341368075,1.0151562331915136,False,0.1231834347680491,56
299.0,1.0,4.340926063460508,0.9862827844842947,3.2154547601814074,2.525293783368035,0.35225725341368075,1.0151562331915136,False,0.1231834347680491,56
300.0,0.7534879999999999,4.340926063460508,0.9862827844842947,3.2154547601814074,2.525293783368035,0.35225725341368075,1.0151562331915136,False,0.08436114334299216,56
311.0,0.772093,4.340926063460508,0.9862827844842947,3.2154547601814074,2.525293783368035,0.35225725341368075,1.0151562331915136,False,0.08436114334299216,56
304.0,0.7534879999999999,4.340926063460508,0.9862827844842947,3.2154547601814074,2.525293783368035,0.35225725341368075,1.0151562331915136,False,0.08436114334299216,56
111.0,0.362791,3.5640060680542085,1.977803021604255,0.38294789525666273,2.699961197318748,0.9995432033334437,0.5957417964368625,False,0.06502890915727398,56
110.0,0.35814,3.5640060680542085,1.977803021604255,0.38294789525666273,2.699961197318748,0.9995432033334437,0.5957417964368625,False,0.06502890915727398,56
312.0,0.7209300000000001,4.340926063460508,0.9862827844842947,3.2154547601814074,2.525293783368035,0.35225725341368075,1.0151562331915136,False,0.04862884997613347,56
301.0,0.6976739999999999,4.340926063460508,0.9862827844842947,3.2154547601814074,2.525293783368035,0.35225725341368075,1.0151562331915136,False,0.04862884997613347,56
313.0,0.702326,4.340926063460508,0.9862827844842947,3.2154547601814074,2.525293783368035,0.35225725341368075,1.0151562331915136,False,0.04862884997613347,56
105.0,0.483721,3.7571330536208536,1.6221178126126015,2.8595132060069997,0.8559073228705546,0.48172228740395207,1.5307949247896349,False,0.023656533507311773,56
96.0,0.67907,4.340926063460508,0.9862827844842947,3.2154547601814074,2.525293783368035,0.35225725341368075,1.0151562331915136,False,0.020454580098477497,56
39.0,0.6511629999999999,4.340926063460508,0.9862827844842947,3.2154547601814074,2.525293783368035,0.35225725341368075,1.0151562331915136,False,0.020454580098477497,56
3.0,0.683721,4.340926063460508,0.9862827844842947,3.2154547601814074,2.525293783368035,0.35225725341368075,1.0151562331915136,False,0.020454580098477497,56
41.0,0.665116,4.340926063460508,0.9862827844842947,3.2154547601814074,2.525293783368035,0.35225725341368075,1.0151562331915136,False,0.020454580098477497,56
66.0,0.34883699999999995,4.080859017127772,2.149297266436589,2.6355583063850494,1.8135418255897813,0.8745376637052791,1.0168647468584118,False,0.007098093153055564,56
43.0,0.6418600000000001,4.340926063460508,0.9862827844842947,3.2154547601814074,2.525293783368035,0.35225725341368075,1.0151562331915136,False,0.006591930638753085,56
34.0,0.637209,4.340926063460508,0.9862827844842947,3.2154547601814074,2.525293783368035,0.35225725341368075,1.0151562331915136,False,0.006591930638753085,56
40.0,0.613953,4.340926063460508,0.9862827844842947,3.2154547601814074,2.525293783368035,0.35225725341368075,1.0151562331915136,False,-0.010919440870052883,56
306.0,0.381395,4.340926063460508,0.9862827844842947,3.2154547601814074,2.525293783368035,0.35225725341368075,1.0151562331915136,False,-0.19777599146725205,56
303.0,0.37674399999999997,4.340926063460508,0.9862827844842947,3.2154547601814074,2.525293783368035,0.35225725341368075,1.0151562331915136,False,-0.19777599146725205,56
307.0,0.38604700000000003,4.340926063460508,0.9862827844842947,3.2154547601814074,2.525293783368035,0.35225725341368075,1.0151562331915136,False,-0.19777599146725205,56
308.0,0.35348799999999997,4.340926063460508,0.9862827844842947,3.2154547601814074,2.525293783368035,0.35225725341368075,1.0151562331915136,False,-0.20636174867805196,56
305.0,0.34883699999999995,4.340926063460508,0.9862827844842947,3.2154547601814074,2.525293783368035,0.35225725341368075,1.0151562331915136,False,-0.20636174867805196,56
205.0,0.055814,2.57103228155661,0.3907240279480386,2.0988024541194434,0.24694232182781617,1.2001378922383383,0.7424678543051237,False,-0.21643025450092737,56
36.0,0.148837,3.4792434174466806,2.219207139714147,1.0280150474626355,0.19426962017933747,1.5579497813314318,1.9127182972416317,False,-0.24555397291566217,56
35.0,0.148837,3.4792434174466806,2.219207139714147,1.0280150474626355,0.19426962017933747,1.5579497813314318,1.9127182972416317,False,-0.24555397291566217,56
296.0,0.148837,3.4792434174466806,2.219207139714147,1.0280150474626355,0.19426962017933747,1.5579497813314318,1.9127182972416317,False,-0.24555397291566217,56
69.0,0.153488,3.4792434174466806,2.219207139714147,1.0280150474626355,0.19426962017933747,1.5579497813314318,1.9127182972416317,False,-0.24555397291566217,56
298.0,0.144186,3.4792434174466806,2.219207139714147,1.0280150474626355,0.19426962017933747,1.5579497813314318,1.9127182972416317,False,-0.24555397291566217,56
124.0,0.325581,4.080859017127772,2.149297266436589,2.6355583063850494,1.8135418255897813,0.8745376637052791,1.0168647468584118,False,-0.2457365760645515,56
64.0,0.23255800000000001,4.373842861656899,3.4879742597742105,2.0097540361742876,1.0879635034307622,0.4374518703057775,1.2451493613496187,False,-0.26536388454848137,56
132.0,0.5023259999999999,4.340926063460508,0.9862827844842947,3.2154547601814074,2.525293783368035,0.35225725341368075,1.0151562331915136,False,-0.27189873606639775,56
58.0,0.237209,3.7474868599810933,1.5005533746579234,2.510025975081514,2.2604073604208397,0.2106540321099107,0.5813350012349976,False,-0.2768652389476939,56
101.0,0.204651,4.373842861656899,3.4879742597742105,2.0097540361742876,1.0879635034307622,0.4374518703057775,1.2451493613496187,False,-0.2981555570018881,56
89.0,0.18139500000000003,4.373842861656899,3.4879742597742105,2.0097540361742876,1.0879635034307622,0.4374518703057775,1.2451493613496187,True,-0.2981555570018881,56
76.0,0.172093,4.373842861656899,3.4879742597742105,2.0097540361742876,1.0879635034307622,0.4374518703057775,1.2451493613496187,False,-0.2981555570018881,56
107.0,0.223256,3.5640060680542085,1.977803021604255,0.38294789525666273,2.699961197318748,0.9995432033334437,0.5957417964368625,False,-0.29834342015973764,56
102.0,0.24186,3.5640060680542085,1.977803021604255,0.38294789525666273,2.699961197318748,0.9995432033334437,0.5957417964368625,False,-0.30727307797433884,56
77.0,0.24186,3.5640060680542085,1.977803021604255,0.38294789525666273,2.699961197318748,0.9995432033334437,0.5957417964368625,False,-0.30727307797433884,56
63.0,0.172093,3.7474868599810933,1.5005533746579234,2.510025975081514,2.2604073604208397,0.2106540321099107,0.5813350012349976,False,-0.30965691140110074,56
61.0,0.18139500000000003,3.7474868599810933,1.5005533746579234,2.510025975081514,2.2604073604208397,0.2106540321099107,0.5813350012349976,False,-0.30965691140110074,56
60.0,0.18604700000000002,3.7474868599810933,1.5005533746579234,2.510025975081514,2.2604073604208397,0.2106540321099107,0.5813350012349976,False,-0.30965691140110074,56
91.0,0.190698,3.7474868599810933,1.5005533746579234,2.510025975081514,2.2604073604208397,0.2106540321099107,0.5813350012349976,False,-0.30965691140110074,56
50.0,0.190698,3.7474868599810933,1.5005533746579234,2.510025975081514,2.2604073604208397,0.2106540321099107,0.5813350012349976,False,-0.30965691140110074,56
53.0,0.190698,3.7474868599810933,1.5005533746579234,2.510025975081514,2.2604073604208397,0.2106540321099107,0.5813350012349976,False,-0.30965691140110074,56
142.0,0.209302,3.7474868599810933,1.5005533746579234,2.510025975081514,2.2604073604208397,0.2106540321099107,0.5813350012349976,False,-0.30965691140110074,56
125.0,0.11627900000000001,3.7571330536208536,1.6221178126126015,2.8595132060069997,0.8559073228705546,0.48172228740395207,1.5307949247896349,False,-0.3258698665216928,56
106.0,0.15814,3.7571330536208536,1.6221178126126015,2.8595132060069997,0.8559073228705546,0.48172228740395207,1.5307949247896349,False,-0.3258698665216928,56
131.0,0.218605,4.080859017127772,2.149297266436589,2.6355583063850494,1.8135418255897813,0.8745376637052791,1.0168647468584118,False,-0.33760022923571187,56
65.0,0.227907,4.080859017127772,2.149297266436589,2.6355583063850494,1.8135418255897813,0.8745376637052791,1.0168647468584118,False,-0.34652988705031307,56
78.0,0.065116,3.7571330536208536,1.6221178126126015,2.8595132060069997,0.8559073228705546,0.48172228740395207,1.5307949247896349,False,-0.3650585463558287,56
297.0,0.074419,3.7571330536208536,1.6221178126126015,2.8595132060069997,0.8559073228705546,0.48172228740395207,1.5307949247896349,False,-0.3650585463558287,56
26.0,0.069767,3.7571330536208536,1.6221178126126015,2.8595132060069997,0.8559073228705546,0.48172228740395207,1.5307949247896349,False,-0.3650585463558287,56
79.0,0.069767,3.7571330536208536,1.6221178126126015,2.8595132060069997,0.8559073228705546,0.48172228740395207,1.5307949247896349,False,-0.3650585463558287,56
45.0,0.065116,3.7571330536208536,1.6221178126126015,2.8595132060069997,0.8559073228705546,0.48172228740395207,1.5307949247896349,False,-0.3650585463558287,56
171.0,0.037209,4.3171071854678,1.8176635596742106,2.9655866830856388,2.0600572997590576,1.1377180783646363,1.0002853371048706,False,-0.4025952067339231,56
52.0,0.172093,4.285521636211022,1.624322895417456,3.183671978337724,1.4995903430576203,1.80525249687432,0.28947501747122917,False,-0.44024872315121794,56
293.0,0.18604700000000002,4.340926063460508,0.9862827844842947,3.2154547601814074,2.525293783368035,0.35225725341368075,1.0151562331915136,False,-0.5609665290394262,56
67.0,0.190698,4.340926063460508,0.9862827844842947,3.2154547601814074,2.525293783368035,0.35225725341368075,1.0151562331915136,False,-0.5609665290394262,56
116.0,0.102326,4.340926063460508,0.9862827844842947,3.2154547601814074,2.525293783368035,0.35225725341368075,1.0151562331915136,False,-0.5835815268455908,56
6.0,0.074419,4.340926063460508,0.9862827844842947,3.2154547601814074,2.525293783368035,0.35225725341368075,1.0151562331915136,False,-0.6227702066797267,56
80.0,0.074419,4.340926063460508,0.9862827844842947,3.2154547601814074,2.525293783368035,0.35225725341368075,1.0151562331915136,False,-0.6227702066797267,56
1.0,0.074419,4.340926063460508,0.9862827844842947,3.2154547601814074,2.525293783368035,0.35225725341368075,1.0151562331915136,False,-0.6227702066797267,56
11.0,0.074419,4.340926063460508,0.9862827844842947,3.2154547601814074,2.525293783368035,0.35225725341368075,1.0151562331915136,False,-0.6227702066797267,56
134.0,0.074419,4.340926063460508,0.9862827844842947,3.2154547601814074,2.525293783368035,0.35225725341368075,1.0151562331915136,False,-0.6227702066797267,56
169.0,0.065116,4.340926063460508,0.9862827844842947,3.2154547601814074,2.525293783368035,0.35225725341368075,1.0151562331915136,False,-0.6227702066797267,56
95.0,1.0,20.387940841700672,5.571103129851871,10.976480716334766,16.242559628382427,0.482808266995975,0.3065381883772932,False,0.41665169783424433,453
130.0,1.0,18.478818441297644,8.392072023045033,6.213674308892362,15.213912324081333,0.8282936943065553,0.5300104533080465,False,0.406192246095421,453
123.0,1.0,18.478818441297644,8.392072023045033,6.213674308892362,15.213912324081333,0.8282936943065553,0.5300104533080465,False,0.406192246095421,453
202.0,1.0,18.478818441297644,8.392072023045033,6.213674308892362,15.213912324081333,0.8282936943065553,0.5300104533080465,False,0.406192246095421,453
92.0,1.0,20.557326529654908,4.9762188855551805,13.132137647209856,14.937238905504145,0.7301109825388632,1.3167050913931093,False,0.34131334760995724,453
57.0,1.0,21.320772601513674,8.124089667740385,9.100537612964896,17.413976012799655,0.8629319843805419,1.3279737824793765,False,0.3375139162143494,453
61.0,1.0,20.940305321783363,9.366902536434727,7.937878712339341,16.85847222382852,1.1643844439108908,1.4777444081477147,False,0.32629295665826863,453
108.0,1.0,15.499732488505574,5.492816919735313,2.5517321570953317,14.044951020808607,2.39647032808944,0.7453947206845456,False,0.22380127479590725,453
96.0,0.67907,21.320772601513674,8.124089667740385,9.100537612964896,17.413976012799655,0.8629319843805419,1.3279737824793765,False,0.2183921775836315,453
119.0,1.0,21.28180347567116,8.817543837881928,11.30063948866549,15.598876608195363,1.8063384764663428,0.9347817189411126,False,0.15657803758007208,453
53.0,0.7767440000000001,21.32682416087706,8.82598786950143,9.499766716352752,16.77036502105016,1.1633801637125467,2.022672219287375,False,0.1492765557431453,453
50.0,1.0,21.32682416087706,8.82598786950143,9.499766716352752,16.77036502105016,1.1633801637125467,2.022672219287375,False,0.13763501876752832,453
118.0,0.9069769999999999,21.28180347567116,8.817543837881928,11.30063948866549,15.598876608195363,1.8063384764663428,0.9347817189411126,False,0.12578540585318523,453
84.0,1.0,20.599363786747798,10.704872886277737,7.047003841089607,15.96090297834988,2.092408460122002,0.9749998578422585,False,0.12166732845083358,453
85.0,1.0,20.599363786747798,10.704872886277737,7.047003841089607,15.96090297834988,2.092408460122002,0.9749998578422585,False,0.12166732845083358,453
83.0,1.0,20.599363786747798,10.704872886277737,7.047003841089607,15.96090297834988,2.092408460122002,0.9749998578422585,False,0.12166732845083358,453
82.0,1.0,20.599363786747798,10.704872886277737,7.047003841089607,15.96090297834988,2.092408460122002,0.9749998578422585,False,0.12166732845083358,453
60.0,0.37674399999999997,20.940305321783363,9.366902536434727,7.937878712339341,16.85847222382852,1.1643844439108908,1.4777444081477147,False,0.005609430879711515,453
91.0,0.35814,20.940305321783363,9.366902536434727,7.937878712339341,16.85847222382852,1.1643844439108908,1.4777444081477147,False,-0.028266937220155094,453
132.0,0.5023259999999999,18.478818441297644,8.392072023045033,6.213674308892362,15.213912324081333,0.8282936943065553,0.5300104533080465,False,-0.03537686289511174,453
131.0,0.339535,18.478818441297644,8.392072023045033,6.213674308892362,15.213912324081333,0.8282936943065553,0.5300104533080465,False,-0.22992702273674562,453
293.0,0.18604700000000002,18.478818441297644,8.392072023045033,6.213674308892362,15.213912324081333,0.8282936943065553,0.5300104533080465,False,-0.25242959950284893,453
76.0,0.18604700000000002,18.478818441297644,8.392072023045033,6.213674308892362,15.213912324081333,0.8282936943065553,0.5300104533080465,False,-0.25242959950284893,453
71.0,0.18604700000000002,18.478818441297644,8.392072023045033,6.213674308892362,15.213912324081333,0.8282936943065553,0.5300104533080465,False,-0.25242959950284893,453
109.0,0.190698,18.478818441297644,8.392072023045033,6.213674308892362,15.213912324081333,0.8282936943065553,0.5300104533080465,False,-0.25242959950284893,453
64.0,0.204651,18.478818441297644,8.392072023045033,6.213674308892362,15.213912324081333,0.8282936943065553,0.5300104533080465,False,-0.25242959950284893,453
124.0,0.204651,18.478818441297644,8.392072023045033,6.213674308892362,15.213912324081333,0.8282936943065553,0.5300104533080465,False,-0.25242959950284893,453
67.0,0.190698,18.478818441297644,8.392072023045033,6.213674308892362,15.213912324081333,0.8282936943065553,0.5300104533080465,False,-0.25242959950284893,453
52.0,0.16744199999999998,21.320772601513674,8.124089667740385,9.100537612964896,17.413976012799655,0.8629319843805419,1.3279737824793765,False,-0.2637007435410166,453
49.0,0.223256,20.940305321783363,9.366902536434727,7.937878712339341,16.85847222382852,1.1643844439108908,1.4777444081477147,False,-0.26689204339892725,453
97.0,0.23255800000000001,20.387940841700672,5.571103129851871,10.976480716334766,16.242559628382427,0.482808266995975,0.3065381883772932,False,-0.2670765150065293,453
105.0,0.483721,21.28180347567116,8.817543837881928,11.30063948866549,15.598876608195363,1.8063384764663428,0.9347817189411126,False,-0.2696292705577215,453
142.0,0.237209,21.320772601513674,8.124089667740385,9.100537612964896,17.413976012799655,0.8629319843805419,1.3279737824793765,False,-0.2726304013556178,453
58.0,0.255814,21.320772601513674,8.124089667740385,9.100537612964896,17.413976012799655,0.8629319843805419,1.3279737824793765,False,-0.2726304013556178,453
157.0,0.102326,18.478818441297644,8.392072023045033,6.213674308892362,15.213912324081333,0.8282936943065553,0.5300104533080465,False,-0.27504459730901365,453
244.0,0.08372099999999999,18.478818441297644,8.392072023045033,6.213674308892362,15.213912324081333,0.8282936943065553,0.5300104533080465,False,-0.27504459730901365,453
310.0,0.172093,20.557326529654908,4.9762188855551805,13.132137647209856,14.937238905504145,0.7301109825388632,1.3167050913931093,False,-0.30162264241341674,453
3.0,0.144186,20.557326529654908,4.9762188855551805,13.132137647209856,14.937238905504145,0.7301109825388632,1.3167050913931093,False,-0.32423764021958146,453
36.0,0.148837,20.557326529654908,4.9762188855551805,13.132137647209856,14.937238905504145,0.7301109825388632,1.3167050913931093,False,-0.32423764021958146,453
69.0,0.153488,20.557326529654908,4.9762188855551805,13.132137647209856,14.937238905504145,0.7301109825388632,1.3167050913931093,False,-0.32423764021958146,453
35.0,0.148837,20.557326529654908,4.9762188855551805,13.132137647209856,14.937238905504145,0.7301109825388632,1.3167050913931093,False,-0.32423764021958146,453
296.0,0.148837,20.557326529654908,4.9762188855551805,13.132137647209856,14.937238905504145,0.7301109825388632,1.3167050913931093,False,-0.32423764021958146,453
311.0,0.144186,20.557326529654908,4.9762188855551805,13.132137647209856,14.937238905504145,0.7301109825388632,1.3167050913931093,False,-0.32423764021958146,453
298.0,0.144186,20.557326529654908,4.9762188855551805,13.132137647209856,14.937238905504145,0.7301109825388632,1.3167050913931093,False,-0.32423764021958146,453
312.0,0.144186,20.557326529654908,4.9762188855551805,13.132137647209856,14.937238905504145,0.7301109825388632,1.3167050913931093,False,-0.32423764021958146,453
106.0,0.15814,21.28180347567116,8.817543837881928,11.30063948866549,15.598876608195363,1.8063384764663428,0.9347817189411126,False,-0.36849835877051196,453
125.0,0.11627900000000001,21.28180347567116,8.817543837881928,11.30063948866549,15.598876608195363,1.8063384764663428,0.9347817189411126,False,-0.36849835877051196,453
11.0,0.125581,20.599363786747798,10.704872886277737,7.047003841089607,15.96090297834988,2.092408460122002,0.9749998578422585,False,-0.3802390559083645,453
15.0,0.10697699999999999,20.599363786747798,10.704872886277737,7.047003841089607,15.96090297834988,2.092408460122002,0.9749998578422585,False,-0.3802390559083645,453
309.0,0.10697699999999999,20.599363786747798,10.704872886277737,7.047003841089607,15.96090297834988,2.092408460122002,0.9749998578422585,False,-0.3802390559083645,453
294.0,0.134884,20.599363786747798,10.704872886277737,7.047003841089607,15.96090297834988,2.092408460122002,0.9749998578422585,False,-0.3802390559083645,453
6.0,0.097674,20.599363786747798,10.704872886277737,7.047003841089607,15.96090297834988,2.092408460122002,0.9749998578422585,False,-0.3802390559083645,453
45.0,0.102326,20.599363786747798,10.704872886277737,7.047003841089607,15.96090297834988,2.092408460122002,0.9749998578422585,False,-0.3802390559083645,453
18.0,0.111628,20.599363786747798,10.704872886277737,7.047003841089607,15.96090297834988,2.092408460122002,0.9749998578422585,False,-0.3802390559083645,453
47.0,0.111628,20.599363786747798,10.704872886277737,7.047003841089607,15.96090297834988,2.092408460122002,0.9749998578422585,False,-0.3802390559083645,453
31.0,0.08837199999999999,20.599363786747798,10.704872886277737,7.047003841089607,15.96090297834988,2.092408460122002,0.9749998578422585,False,-0.3802390559083645,453
25.0,0.102326,20.599363786747798,10.704872886277737,7.047003841089607,15.96090297834988,2.092408460122002,0.9749998578422585,False,-0.3802390559083645,453
56.0,0.10697699999999999,20.599363786747798,10.704872886277737,7.047003841089607,15.96090297834988,2.092408460122002,0.9749998578422585,False,-0.3802390559083645,453
22.0,0.10697699999999999,20.599363786747798,10.704872886277737,7.047003841089607,15.96090297834988,2.092408460122002,0.9749998578422585,False,-0.3802390559083645,453
20.0,0.08837199999999999,20.599363786747798,10.704872886277737,7.047003841089607,15.96090297834988,2.092408460122002,0.9749998578422585,False,-0.3802390559083645,453
78.0,0.065116,21.28180347567116,8.817543837881928,11.30063948866549,15.598876608195363,1.8063384764663428,0.9347817189411126,False,-0.3809756245006086,453
297.0,0.074419,21.28180347567116,8.817543837881928,11.30063948866549,15.598876608195363,1.8063384764663428,0.9347817189411126,False,-0.3809756245006086,453
79.0,0.069767,21.28180347567116,8.817543837881928,11.30063948866549,15.598876608195363,1.8063384764663428,0.9347817189411126,False,-0.3809756245006086,453
26.0,0.069767,21.28180347567116,8.817543837881928,11.30063948866549,15.598876608195363,1.8063384764663428,0.9347817189411126,False,-0.3809756245006086,453
134.0,1.0,2.1295188462698906,1.691992723593701,0.35628385783336525,0.7712763707599384,0.7798468105902788,0.5848458467763428,False,0.5842694522364728,10
189.0,1.0,2.1295188462698906,1.691992723593701,0.35628385783336525,0.7712763707599384,0.7798468105902788,0.5848458467763428,False,0.5842694522364728,10
178.0,1.0,2.1295188462698906,1.691992723593701,0.35628385783336525,0.7712763707599384,0.7798468105902788,0.5848458467763428,False,0.5842694522364728,10
156.0,1.0,2.1295188462698906,1.691992723593701,0.35628385783336525,0.7712763707599384,0.7798468105902788,0.5848458467763428,False,0.5842694522364728,10
143.0,1.0,2.1295188462698906,1.691992723593701,0.35628385783336525,0.7712763707599384,0.7798468105902788,0.5848458467763428,False,0.5842694522364728,10
174.0,1.0,2.1295188462698906,1.691992723593701,0.35628385783336525,0.7712763707599384,0.7798468105902788,0.5848458467763428,False,0.5842694522364728,10
168.0,1.0,2.1295188462698906,1.691992723593701,0.35628385783336525,0.7712763707599384,0.7798468105902788,0.5848458467763428,True,0.5842694522364728,10
136.0,1.0,2.1295188462698906,1.691992723593701,0.35628385783336525,0.7712763707599384,0.7798468105902788,0.5848458467763428,False,0.5842694522364728,10
106.0,1.0,1.3531530748370189,1.2137529520486248,0.004529512103351951,0.04725977536263439,0.0013935051133621146,0.5962978036437883,False,0.5842369871207997,10
1.0,1.0,1.950622305067128,1.4130768627832735,0.9993886904269801,0.6366304020115764,0.09269700156714461,0.6288659630427325,False,0.5612175980021243,10
101.0,1.0,2.1416932301721503,1.671213005985988,0.7860562429427015,0.1429144077841,0.6886837618413142,0.8254106323177077,False,0.5602603504657064,10
60.0,1.0,2.1967029962283506,1.9032122650849135,0.6453968120726038,0.05395062617082014,0.8833890129547333,0.05884950604826633,False,0.5551788096778978,10
64.0,1.0,2.1967029962283506,1.9032122650849135,0.6453968120726038,0.05395062617082014,0.8833890129547333,0.05884950604826633,False,0.5551788096778978,10
70.0,1.0,2.1967029962283506,1.9032122650849135,0.6453968120726038,0.05395062617082014,0.8833890129547333,0.05884950604826633,False,0.5551788096778978,10
69.0,1.0,2.1967029962283506,1.9032122650849135,0.6453968120726038,0.05395062617082014,0.8833890129547333,0.05884950604826633,False,0.5551788096778978,10
62.0,1.0,2.1967029962283506,1.9032122650849135,0.6453968120726038,0.05395062617082014,0.8833890129547333,0.05884950604826633,False,0.5551788096778978,10
289.0,1.0,2.1967029962283506,1.9032122650849135,0.6453968120726038,0.05395062617082014,0.8833890129547333,0.05884950604826633,False,0.5551788096778978,10
84.0,1.0,2.1967029962283506,1.9032122650849135,0.6453968120726038,0.05395062617082014,0.8833890129547333,0.05884950604826633,False,0.5551788096778978,10
65.0,1.0,2.1967029962283506,1.9032122650849135,0.6453968120726038,0.05395062617082014,0.8833890129547333,0.05884950604826633,False,0.5551788096778978,10
73.0,1.0,2.1967029962283506,1.9032122650849135,0.6453968120726038,0.05395062617082014,0.8833890129547333,0.05884950604826633,False,0.5551788096778978,10
76.0,1.0,2.1967029962283506,1.9032122650849135,0.6453968120726038,0.05395062617082014,0.8833890129547333,0.05884950604826633,False,0.5551788096778978,10
78.0,1.0,2.1967029962283506,1.9032122650849135,0.6453968120726038,0.05395062617082014,0.8833890129547333,0.05884950604826633,False,0.5551788096778978,10
79.0,1.0,2.1967029962283506,1.9032122650849135,0.6453968120726038,0.05395062617082014,0.8833890129547333,0.05884950604826633,False,0.5551788096778978,10
141.0,1.0,2.1967029962283506,1.9032122650849135,0.6453968120726038,0.05395062617082014,0.8833890129547333,0.05884950604826633,False,0.5551788096778978,10
288.0,1.0,2.1967029962283506,1.9032122650849135,0.6453968120726038,0.05395062617082014,0.8833890129547333,0.05884950604826633,False,0.5551788096778978,10
103.0,1.0,2.1967029962283506,1.9032122650849135,0.6453968120726038,0.05395062617082014,0.8833890129547333,0.05884950604826633,False,0.5551788096778978,10
61.0,1.0,2.1967029962283506,1.9032122650849135,0.6453968120726038,0.05395062617082014,0.8833890129547333,0.05884950604826633,False,0.5551788096778978,10
59.0,1.0,2.1967029962283506,1.9032122650849135,0.6453968120726038,0.05395062617082014,0.8833890129547333,0.05884950604826633,False,0.5551788096778978,10
55.0,1.0,2.1967029962283506,1.9032122650849135,0.6453968120726038,0.05395062617082014,0.8833890129547333,0.05884950604826633,False,0.5551788096778978,10
57.0,1.0,2.1967029962283506,1.9032122650849135,0.6453968120726038,0.05395062617082014,0.8833890129547333,0.05884950604826633,False,0.5551788096778978,10
56.0,1.0,2.1967029962283506,1.9032122650849135,0.6453968120726038,0.05395062617082014,0.8833890129547333,0.05884950604826633,False,0.5551788096778978,10
39.0,1.0,2.0443694297512987,1.22713695702405,0.4476033341698916,1.2813168173845166,0.18624794425103042,0.892620538637376,False,0.5186898278613791,10
41.0,1.0,2.0443694297512987,1.22713695702405,0.4476033341698916,1.2813168173845166,0.18624794425103042,0.892620538637376,True,0.5186898278613791,10
40.0,1.0,2.0443694297512987,1.22713695702405,0.4476033341698916,1.2813168173845166,0.18624794425103042,0.892620538637376,False,0.5186898278613791,10
43.0,1.0,2.0443694297512987,1.22713695702405,0.4476033341698916,1.2813168173845166,0.18624794425103042,0.892620538637376,False,0.5186898278613791,10
298.0,1.0,2.0443694297512987,1.22713695702405,0.4476033341698916,1.2813168173845166,0.18624794425103042,0.892620538637376,False,0.5186898278613791,10
3.0,1.0,2.0443694297512987,1.22713695702405,0.4476033341698916,1.2813168173845166,0.18624794425103042,0.892620538637376,False,0.5186898278613791,10
42.0,1.0,2.0443694297512987,1.22713695702405,0.4476033341698916,1.2813168173845166,0.18624794425103042,0.892620538637376,False,0.5186898278613791,10
6.0,0.809302,1.950622305067128,1.4130768627832735,0.9993886904269801,0.6366304020115764,0.09269700156714461,0.6288659630427325,False,0.5179639659246996,10
109.0,0.87907,2.1967029962283506,1.9032122650849135,0.6453968120726038,0.05395062617082014,0.8833890129547333,0.05884950604826633,False,0.511925177600473,10
105.0,1.0,1.347000888821493,0.6979609415047534,0.13640977441512425,0.48852542829542794,0.9007548452088773,0.5085645551994411,False,0.5069032338074093,10
124.0,1.0,1.665038020435804,1.0238049597249215,0.8739356144663389,0.39090451725892855,0.8586328184427686,0.26524497579853723,False,0.49647729124088225,10
36.0,0.87907,2.0443694297512987,1.22713695702405,0.4476033341698916,1.2813168173845166,0.18624794425103042,0.892620538637376,False,0.4754361957839543,10
34.0,0.7860469999999999,2.0443694297512987,1.22713695702405,0.4476033341698916,1.2813168173845166,0.18624794425103042,0.892620538637376,False,0.4754361957839543,10
77.0,0.702326,2.1967029962283506,1.9032122650849135,0.6453968120726038,0.05395062617082014,0.8833890129547333,0.05884950604826633,False,0.45980000027246776,10
71.0,0.744186,2.1967029962283506,1.9032122650849135,0.6453968120726038,0.05395062617082014,0.8833890129547333,0.05884950604826633,False,0.45980000027246776,10
7.0,0.660465,1.950622305067128,1.4130768627832735,0.9993886904269801,0.6366304020115764,0.09269700156714461,0.6288659630427325,False,0.4331685136558966,10
107.0,0.655814,2.1967029962283506,1.9032122650849135,0.6453968120726038,0.05395062617082014,0.8833890129547333,0.05884950604826633,False,0.4271297253316699,10
96.0,0.67907,2.1967029962283506,1.9032122650849135,0.6453968120726038,0.05395062617082014,0.8833890129547333,0.05884950604826633,False,0.4271297253316699,10
313.0,0.711628,2.0443694297512987,1.22713695702405,0.4476033341698916,1.2813168173845166,0.18624794425103042,0.892620538637376,False,0.42331101845594915,10
312.0,0.739535,2.0443694297512987,1.22713695702405,0.4476033341698916,1.2813168173845166,0.18624794425103042,0.892620538637376,False,0.42331101845594915,10
311.0,0.734884,2.0443694297512987,1.22713695702405,0.4476033341698916,1.2813168173845166,0.18624794425103042,0.892620538637376,False,0.42331101845594915,10
169.0,0.553488,2.1295188462698906,1.691992723593701,0.35628385783336525,0.7712763707599384,0.7798468105902788,0.5848458467763428,False,0.3991460298651685,10
8.0,0.6418600000000001,1.950622305067128,1.4130768627832735,0.9993886904269801,0.6366304020115764,0.09269700156714461,0.6288659630427325,False,0.3988648342154435,10
310.0,0.683721,2.0443694297512987,1.22713695702405,0.4476033341698916,1.2813168173845166,0.18624794425103042,0.892620538637376,False,0.39064074351515127,10
309.0,0.6,1.950622305067128,1.4130768627832735,0.9993886904269801,0.6366304020115764,0.09269700156714461,0.6288659630427325,False,0.36777499804059444,10
314.0,0.627907,2.0443694297512987,1.22713695702405,0.4476033341698916,1.2813168173845166,0.18624794425103042,0.892620538637376,False,0.33801216170753906,10
32.0,0.623256,2.0443694297512987,1.22713695702405,0.4476033341698916,1.2813168173845166,0.18624794425103042,0.892620538637376,False,0.33801216170753906,10
38.0,0.562791,2.0443694297512987,1.22713695702405,0.4476033341698916,1.2813168173845166,0.18624794425103042,0.892620538637376,True,0.3335664054900748,10
33.0,0.581395,2.0443694297512987,1.22713695702405,0.4476033341698916,1.2813168173845166,0.18624794425103042,0.892620538637376,False,0.3252472278998492,10
35.0,0.581395,2.0443694297512987,1.22713695702405,0.4476033341698916,1.2813168173845166,0.18624794425103042,0.892620538637376,False,0.3252472278998492,10
12.0,0.539535,1.950622305067128,1.4130768627832735,0.9993886904269801,0.6366304020115764,0.09269700156714461,0.6288659630427325,False,0.28880301439010286,10
88.0,1.0,1.5156813974345618,0.5328951162092781,0.8173569208529204,1.1110602017063353,0.2571703365278264,0.21130358202775584,False,0.268590122206445,10
116.0,1.0,1.3928598433045325,0.3521572477386652,0.22671770762998988,1.1126893967577338,0.01258685463367265,0.7255389544578558,False,0.26200953571959373,10
274.0,1.0,1.3928598433045325,0.3521572477386652,0.22671770762998988,1.1126893967577338,0.01258685463367265,0.7255389544578558,False,0.26200953571959373,10
171.0,1.0,1.3928598433045325,0.3521572477386652,0.22671770762998988,1.1126893967577338,0.01258685463367265,0.7255389544578558,False,0.26200953571959373,10
18.0,0.530233,1.950622305067128,1.4130768627832735,0.9993886904269801,0.6366304020115764,0.09269700156714461,0.6288659630427325,True,0.2603334461097855,10
83.0,0.530233,2.1967029962283506,1.9032122650849135,0.6453968120726038,0.05395062617082014,0.8833890129547333,0.05884950604826633,False,0.23525953409076686,10
87.0,0.637209,1.5156813974345618,0.5328951162092781,0.8173569208529204,1.1110602017063353,0.2571703365278264,0.21130358202775584,False,0.1226302423809103,10
53.0,0.372093,2.1967029962283506,1.9032122650849135,0.6453968120726038,0.05395062617082014,0.8833890129547333,0.05884950604826633,False,0.11724936528693956,10
50.0,0.372093,2.1967029962283506,1.9032122650849135,0.6453968120726038,0.05395062617082014,0.8833890129547333,0.05884950604826633,False,0.11724936528693956,10
91.0,0.367442,2.1967029962283506,1.9032122650849135,0.6453968120726038,0.05395062617082014,0.8833890129547333,0.05884950604826633,False,0.11724936528693956,10
75.0,0.395349,2.1967029962283506,1.9032122650849135,0.6453968120726038,0.05395062617082014,0.8833890129547333,0.05884950604826633,False,0.11544537708324683,10
74.0,0.35814,2.1967029962283506,1.9032122650849135,0.6453968120726038,0.05395062617082014,0.8833890129547333,0.05884950604826633,False,0.10484225187839911,10
125.0,0.372093,1.3531530748370189,1.2137529520486248,0.004529512103351951,0.04725977536263439,0.0013935051133621146,0.5962978036437883,False,0.10268269537893132,10
135.0,0.483721,2.1295188462698906,1.691992723593701,0.35628385783336525,0.7712763707599384,0.7798468105902788,0.5848458467763428,False,0.07442464400303868,10
2.0,0.47906999999999994,1.950622305067128,1.4130768627832735,0.9993886904269801,0.6366304020115764,0.09269700156714461,0.6288659630427325,True,0.07040791346348219,10
15.0,0.47906999999999994,1.950622305067128,1.4130768627832735,0.9993886904269801,0.6366304020115764,0.09269700156714461,0.6288659630427325,False,0.07040791346348219,10
24.0,0.48837200000000003,1.950622305067128,1.4130768627832735,0.9993886904269801,0.6366304020115764,0.09269700156714461,0.6288659630427325,True,0.07040791346348219,10
82.0,0.497674,2.1967029962283506,1.9032122650849135,0.6453968120726038,0.05395062617082014,0.8833890129547333,0.05884950604826633,False,0.06970220635947647,10
102.0,0.474419,2.1967029962283506,1.9032122650849135,0.6453968120726038,0.05395062617082014,0.8833890129547333,0.05884950604826633,False,0.04533400144446357,10
85.0,0.49302300000000004,2.1967029962283506,1.9032122650849135,0.6453968120726038,0.05395062617082014,0.8833890129547333,0.05884950604826633,False,0.04533400144446357,10
119.0,0.483721,1.347000888821493,0.6979609415047534,0.13640977441512425,0.48852542829542794,0.9007548452088773,0.5085645551994411,False,-0.01659507314974576,10
118.0,0.48837200000000003,1.347000888821493,0.6979609415047534,0.13640977441512425,0.48852542829542794,0.9007548452088773,0.5085645551994411,False,-0.01659507314974576,10
192.0,0.339535,2.1295188462698906,1.691992723593701,0.35628385783336525,0.7712763707599384,0.7798468105902788,0.5848458467763428,False,-0.10086364190393864,10
121.0,0.30232600000000004,2.1967029962283506,1.9032122650849135,0.6453968120726038,0.05395062617082014,0.8833890129547333,0.05884950604826633,False,-0.12412933386200897,10
27.0,0.30232600000000004,2.1967029962283506,1.9032122650849135,0.6453968120726038,0.05395062617082014,0.8833890129547333,0.05884950604826633,False,-0.12412933386200897,10
104.0,0.30232600000000004,2.1967029962283506,1.9032122650849135,0.6453968120726038,0.05395062617082014,0.8833890129547333,0.05884950604826633,False,-0.12412933386200897,10
120.0,0.297674,2.1967029962283506,1.9032122650849135,0.6453968120726038,0.05395062617082014,0.8833890129547333,0.05884950604826633,False,-0.12412933386200897,10
9.0,0.330233,2.1967029962283506,1.9032122650849135,0.6453968120726038,0.05395062617082014,0.8833890129547333,0.05884950604826633,False,-0.12412933386200897,10
11.0,0.32093000000000005,2.1967029962283506,1.9032122650849135,0.6453968120726038,0.05395062617082014,0.8833890129547333,0.05884950604826633,False,-0.12412933386200897,10
67.0,0.32093000000000005,2.1967029962283506,1.9032122650849135,0.6453968120726038,0.05395062617082014,0.8833890129547333,0.05884950604826633,False,-0.12412933386200897,10
20.0,0.293023,2.1967029962283506,1.9032122650849135,0.6453968120726038,0.05395062617082014,0.8833890129547333,0.05884950604826633,False,-0.12412933386200897,10
28.0,0.30232600000000004,2.1967029962283506,1.9032122650849135,0.6453968120726038,0.05395062617082014,0.8833890129547333,0.05884950604826633,False,-0.12412933386200897,10
30.0,0.293023,2.1967029962283506,1.9032122650849135,0.6453968120726038,0.05395062617082014,0.8833890129547333,0.05884950604826633,False,-0.12412933386200897,10
66.0,0.33488399999999996,2.1967029962283506,1.9032122650849135,0.6453968120726038,0.05395062617082014,0.8833890129547333,0.05884950604826633,False,-0.12412933386200897,10
68.0,0.306977,2.1967029962283506,1.9032122650849135,0.6453968120726038,0.05395062617082014,0.8833890129547333,0.05884950604826633,False,-0.12412933386200897,10
111.0,0.237209,2.1416932301721503,1.671213005985988,0.7860562429427015,0.1429144077841,0.6886837618413142,0.8254106323177077,False,-0.1370045292185105,10
295.0,0.24186,2.1416932301721503,1.671213005985988,0.7860562429427015,0.1429144077841,0.6886837618413142,0.8254106323177077,False,-0.1370045292185105,10
89.0,0.237209,2.1416932301721503,1.671213005985988,0.7860562429427015,0.1429144077841,0.6886837618413142,0.8254106323177077,False,-0.1370045292185105,10
58.0,0.265116,2.1967029962283506,1.9032122650849135,0.6453968120726038,0.05395062617082014,0.8833890129547333,0.05884950604826633,False,-0.14562314034177154,10
122.0,0.274419,2.1967029962283506,1.9032122650849135,0.6453968120726038,0.05395062617082014,0.8833890129547333,0.05884950604826633,False,-0.14562314034177154,10
190.0,0.18139500000000003,2.1967029962283506,1.9032122650849135,0.6453968120726038,0.05395062617082014,0.8833890129547333,0.05884950604826633,False,-0.1613527060853752,10
45.0,0.172093,2.1967029962283506,1.9032122650849135,0.6453968120726038,0.05395062617082014,0.8833890129547333,0.05884950604826633,True,-0.1613527060853752,10
49.0,0.223256,2.1967029962283506,1.9032122650849135,0.6453968120726038,0.05395062617082014,0.8833890129547333,0.05884950604826633,False,-0.1613527060853752,10
51.0,0.18139500000000003,2.1967029962283506,1.9032122650849135,0.6453968120726038,0.05395062617082014,0.8833890129547333,0.05884950604826633,False,-0.1613527060853752,10
52.0,0.16744199999999998,2.1967029962283506,1.9032122650849135,0.6453968120726038,0.05395062617082014,0.8833890129547333,0.05884950604826633,False,-0.1613527060853752,10
95.0,0.2,2.1967029962283506,1.9032122650849135,0.6453968120726038,0.05395062617082014,0.8833890129547333,0.05884950604826633,False,-0.1613527060853752,10
97.0,0.18604700000000002,2.1967029962283506,1.9032122650849135,0.6453968120726038,0.05395062617082014,0.8833890129547333,0.05884950604826633,False,-0.1613527060853752,10
293.0,0.223256,2.1416932301721503,1.671213005985988,0.7860562429427015,0.1429144077841,0.6886837618413142,0.8254106323177077,False,-0.1697962016719173,10
142.0,0.24186,2.1967029962283506,1.9032122650849135,0.6453968120726038,0.05395062617082014,0.8833890129547333,0.05884950604826633,False,-0.17028236389997636,10
108.0,0.237209,2.1967029962283506,1.9032122650849135,0.6453968120726038,0.05395062617082014,0.8833890129547333,0.05884950604826633,False,-0.17028236389997636,10
81.0,0.25116299999999997,2.1967029962283506,1.9032122650849135,0.6453968120726038,0.05395062617082014,0.8833890129547333,0.05884950604826633,False,-0.17028236389997636,10
117.0,0.23255800000000001,2.1967029962283506,1.9032122650849135,0.6453968120726038,0.05395062617082014,0.8833890129547333,0.05884950604826633,False,-0.17028236389997636,10
308.0,0.125581,2.1967029962283506,1.9032122650849135,0.6453968120726038,0.05395062617082014,0.8833890129547333,0.05884950604826633,False,-0.1714374105071743,10
301.0,0.13023300000000002,2.1967029962283506,1.9032122650849135,0.6453968120726038,0.05395062617082014,0.8833890129547333,0.05884950604826633,False,-0.1714374105071743,10
306.0,0.134884,2.1967029962283506,1.9032122650849135,0.6453968120726038,0.05395062617082014,0.8833890129547333,0.05884950604826633,False,-0.1714374105071743,10
302.0,0.11627900000000001,2.1967029962283506,1.9032122650849135,0.6453968120726038,0.05395062617082014,0.8833890129547333,0.05884950604826633,False,-0.1714374105071743,10
300.0,0.11627900000000001,2.1967029962283506,1.9032122650849135,0.6453968120726038,0.05395062617082014,0.8833890129547333,0.05884950604826633,False,-0.1714374105071743,10
307.0,0.11627900000000001,2.1967029962283506,1.9032122650849135,0.6453968120726038,0.05395062617082014,0.8833890129547333,0.05884950604826633,False,-0.1714374105071743,10
25.0,0.09302300000000001,2.1967029962283506,1.9032122650849135,0.6453968120726038,0.05395062617082014,0.8833890129547333,0.05884950604826633,True,-0.1714374105071743,10
31.0,0.08837199999999999,2.1967029962283506,1.9032122650849135,0.6453968120726038,0.05395062617082014,0.8833890129547333,0.05884950604826633,False,-0.1714374105071743,10
98.0,0.144186,2.1967029962283506,1.9032122650849135,0.6453968120726038,0.05395062617082014,0.8833890129547333,0.05884950604826633,False,-0.1714374105071743,10
296.0,0.144186,2.1967029962283506,1.9032122650849135,0.6453968120726038,0.05395062617082014,0.8833890129547333,0.05884950604826633,False,-0.1714374105071743,10
304.0,0.11627900000000001,2.1967029962283506,1.9032122650849135,0.6453968120726038,0.05395062617082014,0.8833890129547333,0.05884950604826633,False,-0.1714374105071743,10
294.0,0.134884,2.1967029962283506,1.9032122650849135,0.6453968120726038,0.05395062617082014,0.8833890129547333,0.05884950604826633,False,-0.1714374105071743,10
305.0,0.12093,2.1967029962283506,1.9032122650849135,0.6453968120726038,0.05395062617082014,0.8833890129547333,0.05884950604826633,False,-0.1714374105071743,10
47.0,0.134884,2.1967029962283506,1.9032122650849135,0.6453968120726038,0.05395062617082014,0.8833890129547333,0.05884950604826633,False,-0.1714374105071743,10
37.0,0.08837199999999999,1.3531530748370189,1.2137529520486248,0.004529512103351951,0.04725977536263439,0.0013935051133621146,0.5962978036437883,False,-0.18854711621900425,10
17.0,0.08837199999999999,1.3531530748370189,1.2137529520486248,0.004529512103351951,0.04725977536263439,0.0013935051133621146,0.5962978036437883,False,-0.18854711621900425,10
280.0,0.046512000000000005,2.1967029962283506,1.9032122650849135,0.6453968120726038,0.05395062617082014,0.8833890129547333,0.05884950604826633,False,-0.21062609034131016,10
232.0,0.037209,2.1967029962283506,1.9032122650849135,0.6453968120726038,0.05395062617082014,0.8833890129547333,0.05884950604826633,False,-0.21062609034131016,10
208.0,0.055814,2.1967029962283506,1.9032122650849135,0.6453968120726038,0.05395062617082014,0.8833890129547333,0.05884950604826633,False,-0.21062609034131016,10
284.0,0.046512000000000005,2.1967029962283506,1.9032122650849135,0.6453968120726038,0.05395062617082014,0.8833890129547333,0.05884950604826633,False,-0.21062609034131016,10
196.0,0.265116,2.1295188462698906,1.691992723593701,0.35628385783336525,0.7712763707599384,0.7798468105902788,0.5848458467763428,False,-0.21370986913643356,10
86.0,0.5162789999999999,1.5156813974345618,0.5328951162092781,0.8173569208529204,1.1110602017063353,0.2571703365278264,0.21130358202775584,False,-0.23053997983569716,10
90.0,0.5023259999999999,1.5156813974345618,0.5328951162092781,0.8173569208529204,1.1110602017063353,0.2571703365278264,0.21130358202775584,False,-0.23053997983569716,10
236.0,0.08372099999999999,2.1295188462698906,1.691992723593701,0.35628385783336525,0.7712763707599384,0.7798468105902788,0.5848458467763428,False,-0.23952413930183644,10
26.0,0.08372099999999999,2.1295188462698906,1.691992723593701,0.35628385783336525,0.7712763707599384,0.7798468105902788,0.5848458467763428,False,-0.23952413930183644,10
44.0,0.08372099999999999,2.1295188462698906,1.691992723593701,0.35628385783336525,0.7712763707599384,0.7798468105902788,0.5848458467763428,True,-0.23952413930183644,10
242.0,0.125581,2.1295188462698906,1.691992723593701,0.35628385783336525,0.7712763707599384,0.7798468105902788,0.5848458467763428,False,-0.23952413930183644,10
290.0,0.09302300000000001,2.1295188462698906,1.691992723593701,0.35628385783336525,0.7712763707599384,0.7798468105902788,0.5848458467763428,False,-0.23952413930183644,10
182.0,0.13023300000000002,2.1295188462698906,1.691992723593701,0.35628385783336525,0.7712763707599384,0.7798468105902788,0.5848458467763428,False,-0.23952413930183644,10
249.0,0.074419,2.1295188462698906,1.691992723593701,0.35628385783336525,0.7712763707599384,0.7798468105902788,0.5848458467763428,False,-0.27871281913597223,10
22.0,0.04186,2.1295188462698906,1.691992723593701,0.35628385783336525,0.7712763707599384,0.7798468105902788,0.5848458467763428,True,-0.27871281913597223,10
237.0,0.074419,2.1295188462698906,1.691992723593701,0.35628385783336525,0.7712763707599384,0.7798468105902788,0.5848458467763428,False,-0.27871281913597223,10
217.0,0.032558,2.1295188462698906,1.691992723593701,0.35628385783336525,0.7712763707599384,0.7798468105902788,0.5848458467763428,False,-0.27871281913597223,10
161.0,0.032558,2.1295188462698906,1.691992723593701,0.35628385783336525,0.7712763707599384,0.7798468105902788,0.5848458467763428,False,-0.27871281913597223,10
160.0,0.037209,2.1295188462698906,1.691992723593701,0.35628385783336525,0.7712763707599384,0.7798468105902788,0.5848458467763428,False,-0.27871281913597223,10
219.0,0.051163,2.1295188462698906,1.691992723593701,0.35628385783336525,0.7712763707599384,0.7798468105902788,0.5848458467763428,False,-0.27871281913597223,10
285.0,0.26976700000000003,1.3928598433045325,0.3521572477386652,0.22671770762998988,1.1126893967577338,0.01258685463367265,0.7255389544578558,False,-0.4523903007101712,10
100.0,0.15814,1.3928598433045325,0.3521572477386652,0.22671770762998988,1.1126893967577338,0.01258685463367265,0.7255389544578558,False,-0.519925901143582,10
80.0,0.11627900000000001,1.3928598433045325,0.3521572477386652,0.22671770762998988,1.1126893967577338,0.01258685463367265,0.7255389544578558,False,-0.519925901143582,10
127.0,0.10697699999999999,1.3928598433045325,0.3521572477386652,0.22671770762998988,1.1126893967577338,0.01258685463367265,0.7255389544578558,False,-0.519925901143582,10
177.0,0.139535,1.3928598433045325,0.3521572477386652,0.22671770762998988,1.1126893967577338,0.01258685463367265,0.7255389544578558,False,-0.519925901143582,10
262.0,0.04186,1.3928598433045325,0.3521572477386652,0.22671770762998988,1.1126893967577338,0.01258685463367265,0.7255389544578558,False,-0.5591145809777177,10
246.0,0.055814,1.3928598433045325,0.3521572477386652,0.22671770762998988,1.1126893967577338,0.01258685463367265,0.7255389544578558,False,-0.5591145809777177,10
114.0,0.037209,1.3928598433045325,0.3521572477386652,0.22671770762998988,1.1126893967577338,0.01258685463367265,0.7255389544578558,False,-0.5591145809777177,10
115.0,0.04186,1.3928598433045325,0.3521572477386652,0.22671770762998988,1.1126893967577338,0.01258685463367265,0.7255389544578558,False,-0.5591145809777177,10
92.0,0.060465,1.5156813974345618,0.5328951162092781,0.8173569208529204,1.1110602017063353,0.2571703365278264,0.21130358202775584,False,-0.6162621668051729,10
71.0,1.0,1.9443760001118924,1.3675240697841138,0.6351534479303234,0.5530758652178432,1.0004606571131218,0.4474836386246459,False,0.5842694522364728,389
70.0,1.0,1.9443760001118924,1.3675240697841138,0.6351534479303234,0.5530758652178432,1.0004606571131218,0.4474836386246459,False,0.5842694522364728,389
34.0,1.0,1.9845823526510533,1.8914695886052348,0.05090399379898036,0.2711669401116483,0.47305626427027364,0.2469918109492419,False,0.5796202330896222,389
27.0,1.0,1.9845823526510533,1.8914695886052348,0.05090399379898036,0.2711669401116483,0.47305626427027364,0.2469918109492419,False,0.5796202330896222,389
26.0,1.0,1.9845823526510533,1.8914695886052348,0.05090399379898036,0.2711669401116483,0.47305626427027364,0.2469918109492419,False,0.5796202330896222,389
12.0,1.0,1.9845823526510533,1.8914695886052348,0.05090399379898036,0.2711669401116483,0.47305626427027364,0.2469918109492419,False,0.5796202330896222,389
15.0,1.0,1.9845823526510533,1.8914695886052348,0.05090399379898036,0.2711669401116483,0.47305626427027364,0.2469918109492419,False,0.5796202330896222,389
16.0,1.0,1.9845823526510533,1.8914695886052348,0.05090399379898036,0.2711669401116483,0.47305626427027364,0.2469918109492419,False,0.5796202330896222,389
18.0,1.0,1.9845823526510533,1.8914695886052348,0.05090399379898036,0.2711669401116483,0.47305626427027364,0.2469918109492419,False,0.5796202330896222,389
17.0,1.0,1.9845823526510533,1.8914695886052348,0.05090399379898036,0.2711669401116483,0.47305626427027364,0.2469918109492419,False,0.5796202330896222,389
11.0,1.0,1.9845823526510533,1.8914695886052348,0.05090399379898036,0.2711669401116483,0.47305626427027364,0.2469918109492419,False,0.5796202330896222,389
8.0,1.0,1.9845823526510533,1.8914695886052348,0.05090399379898036,0.2711669401116483,0.47305626427027364,0.2469918109492419,False,0.5796202330896222,389
33.0,1.0,1.9845823526510533,1.8914695886052348,0.05090399379898036,0.2711669401116483,0.47305626427027364,0.2469918109492419,False,0.5796202330896222,389
21.0,1.0,1.9845823526510533,1.8914695886052348,0.05090399379898036,0.2711669401116483,0.47305626427027364,0.2469918109492419,False,0.5796202330896222,389
20.0,1.0,1.9845823526510533,1.8914695886052348,0.05090399379898036,0.2711669401116483,0.47305626427027364,0.2469918109492419,False,0.5796202330896222,389
38.0,1.0,1.9845823526510533,1.8914695886052348,0.05090399379898036,0.2711669401116483,0.47305626427027364,0.2469918109492419,False,0.5796202330896222,389
2.0,1.0,1.9845823526510533,1.8914695886052348,0.05090399379898036,0.2711669401116483,0.47305626427027364,0.2469918109492419,False,0.5796202330896222,389
10.0,1.0,1.9845823526510533,1.8914695886052348,0.05090399379898036,0.2711669401116483,0.47305626427027364,0.2469918109492419,False,0.5796202330896222,389
32.0,1.0,1.9845823526510533,1.8914695886052348,0.05090399379898036,0.2711669401116483,0.47305626427027364,0.2469918109492419,False,0.5796202330896222,389
22.0,1.0,1.9845823526510533,1.8914695886052348,0.05090399379898036,0.2711669401116483,0.47305626427027364,0.2469918109492419,False,0.5796202330896222,389
50.0,1.0,1.9845823526510533,1.8914695886052348,0.05090399379898036,0.2711669401116483,0.47305626427027364,0.2469918109492419,False,0.5796202330896222,389
55.0,1.0,1.9845823526510533,1.8914695886052348,0.05090399379898036,0.2711669401116483,0.47305626427027364,0.2469918109492419,False,0.5796202330896222,389
28.0,1.0,1.9845823526510533,1.8914695886052348,0.05090399379898036,0.2711669401116483,0.47305626427027364,0.2469918109492419,False,0.5796202330896222,389
31.0,1.0,1.9845823526510533,1.8914695886052348,0.05090399379898036,0.2711669401116483,0.47305626427027364,0.2469918109492419,False,0.5796202330896222,389
30.0,1.0,1.9845823526510533,1.8914695886052348,0.05090399379898036,0.2711669401116483,0.47305626427027364,0.2469918109492419,False,0.5796202330896222,389
29.0,1.0,1.9845823526510533,1.8914695886052348,0.05090399379898036,0.2711669401116483,0.47305626427027364,0.2469918109492419,False,0.5796202330896222,389
123.0,1.0,1.9845823526510533,1.8914695886052348,0.05090399379898036,0.2711669401116483,0.47305626427027364,0.2469918109492419,False,0.5796202330896222,389
87.0,1.0,1.9845823526510533,1.8914695886052348,0.05090399379898036,0.2711669401116483,0.47305626427027364,0.2469918109492419,False,0.5796202330896222,389
110.0,1.0,1.9845823526510533,1.8914695886052348,0.05090399379898036,0.2711669401116483,0.47305626427027364,0.2469918109492419,False,0.5796202330896222,389
6.0,1.0,1.9845823526510533,1.8914695886052348,0.05090399379898036,0.2711669401116483,0.47305626427027364,0.2469918109492419,False,0.5796202330896222,389
7.0,1.0,1.9845823526510533,1.8914695886052348,0.05090399379898036,0.2711669401116483,0.47305626427027364,0.2469918109492419,False,0.5796202330896222,389
1.0,1.0,1.9845823526510533,1.8914695886052348,0.05090399379898036,0.2711669401116483,0.47305626427027364,0.2469918109492419,False,0.5796202330896222,389
73.0,1.0,1.9845823526510533,1.8914695886052348,0.05090399379898036,0.2711669401116483,0.47305626427027364,0.2469918109492419,False,0.5796202330896222,389
109.0,0.87907,1.9443760001118924,1.3675240697841138,0.6351534479303234,0.5530758652178432,1.0004606571131218,0.4474836386246459,False,0.541015820159048,389
14.0,0.9953489999999999,1.9845823526510533,1.8914695886052348,0.05090399379898036,0.2711669401116483,0.47305626427027364,0.2469918109492419,False,0.5363666010121976,389
13.0,0.846512,1.9845823526510533,1.8914695886052348,0.05090399379898036,0.2711669401116483,0.47305626427027364,0.2469918109492419,False,0.5363666010121976,389
23.0,0.9953489999999999,1.9845823526510533,1.8914695886052348,0.05090399379898036,0.2711669401116483,0.47305626427027364,0.2469918109492419,False,0.5363666010121976,389
19.0,0.967442,1.9845823526510533,1.8914695886052348,0.05090399379898036,0.2711669401116483,0.47305626427027364,0.2469918109492419,False,0.5363666010121976,389
314.0,0.8046510000000001,1.9845823526510533,1.8914695886052348,0.05090399379898036,0.2711669401116483,0.47305626427027364,0.2469918109492419,False,0.5363666010121976,389
53.0,0.7767440000000001,1.9845823526510533,1.8914695886052348,0.05090399379898036,0.2711669401116483,0.47305626427027364,0.2469918109492419,False,0.5363666010121976,389
41.0,0.7860469999999999,1.9845823526510533,1.8914695886052348,0.05090399379898036,0.2711669401116483,0.47305626427027364,0.2469918109492419,False,0.5363666010121976,389
58.0,1.0,1.2181380152725563,0.4859240289860558,0.4206337846676672,0.390182411473793,0.6668569704950413,0.6883783466822206,False,0.5107748100415203,389
65.0,1.0,1.5319057632599333,0.03579865226337764,1.2851774533172338,0.7933072767959849,0.1425521978522154,0.21003588493444558,False,0.5094491754420651,389
64.0,1.0,1.5319057632599333,0.03579865226337764,1.2851774533172338,0.7933072767959849,0.1425521978522154,0.21003588493444558,False,0.5094491754420651,389
177.0,1.0,1.161473999410846,0.5489997025564813,0.08217770750225539,0.323961565999768,0.16813168376074156,0.9527059582897288,True,0.4939849614837845,389
304.0,1.0,0.8880690539157485,0.6142791358168999,0.5755228964956377,0.11736601911822908,0.1541992533018126,0.2062740683402302,False,0.49199081483050017,389
307.0,1.0,0.8880690539157485,0.6142791358168999,0.5755228964956377,0.11736601911822908,0.1541992533018126,0.2062740683402302,False,0.49199081483050017,389
302.0,1.0,0.8880690539157485,0.6142791358168999,0.5755228964956377,0.11736601911822908,0.1541992533018126,0.2062740683402302,False,0.49199081483050017,389
299.0,1.0,0.8880690539157485,0.6142791358168999,0.5755228964956377,0.11736601911822908,0.1541992533018126,0.2062740683402302,False,0.49199081483050017,389
311.0,0.6930230000000001,1.9845823526510533,1.8914695886052348,0.05090399379898036,0.2711669401116483,0.47305626427027364,0.2469918109492419,False,0.48424142368419226,389
111.0,0.734884,1.9845823526510533,1.8914695886052348,0.05090399379898036,0.2711669401116483,0.47305626427027364,0.2469918109492419,False,0.48424142368419226,389
298.0,1.0,1.0468587546417423,0.41703224785507564,0.3605205992520494,0.08554529553998114,0.10945079684699727,0.879047654802901,False,0.47902058027511674,389
107.0,1.0,1.0468587546417423,0.41703224785507564,0.3605205992520494,0.08554529553998114,0.10945079684699727,0.879047654802901,False,0.47902058027511674,389
130.0,1.0,1.0468587546417423,0.41703224785507564,0.3605205992520494,0.08554529553998114,0.10945079684699727,0.879047654802901,False,0.47902058027511674,389
312.0,0.655814,1.9845823526510533,1.8914695886052348,0.05090399379898036,0.2711669401116483,0.47305626427027364,0.2469918109492419,False,0.4515711487433944,389
9.0,0.67907,1.9845823526510533,1.8914695886052348,0.05090399379898036,0.2711669401116483,0.47305626427027364,0.2469918109492419,False,0.4515711487433944,389
300.0,0.7534879999999999,0.8880690539157485,0.6142791358168999,0.5755228964956377,0.11736601911822908,0.1541992533018126,0.2062740683402302,False,0.44873718275307534,389
310.0,0.772093,1.0468587546417423,0.41703224785507564,0.3605205992520494,0.08554529553998114,0.10945079684699727,0.879047654802901,False,0.4357669481976919,389
36.0,0.87907,1.0468587546417423,0.41703224785507564,0.3605205992520494,0.08554529553998114,0.10945079684699727,0.879047654802901,False,0.4357669481976919,389
313.0,0.790698,1.0468587546417423,0.41703224785507564,0.3605205992520494,0.08554529553998114,0.10945079684699727,0.879047654802901,False,0.4357669481976919,389
88.0,0.637209,1.9845823526510533,1.8914695886052348,0.05090399379898036,0.2711669401116483,0.47305626427027364,0.2469918109492419,False,0.4172674693029414,389
306.0,0.6976739999999999,0.8880690539157485,0.6142791358168999,0.5755228964956377,0.11736601911822908,0.1541992533018126,0.2062740683402302,False,0.41300488938621654,389
301.0,0.739535,0.8880690539157485,0.6142791358168999,0.5755228964956377,0.11736601911822908,0.1541992533018126,0.2062740683402302,False,0.41300488938621654,389
305.0,0.706977,0.8880690539157485,0.6142791358168999,0.5755228964956377,0.11736601911822908,0.1541992533018126,0.2062740683402302,False,0.41300488938621654,389
308.0,0.7488370000000001,0.8880690539157485,0.6142791358168999,0.5755228964956377,0.11736601911822908,0.1541992533018126,0.2062740683402302,False,0.41300488938621654,389
43.0,0.7209300000000001,1.0468587546417423,0.41703224785507564,0.3605205992520494,0.08554529553998114,0.10945079684699727,0.879047654802901,False,0.4000346548308331,389
39.0,0.6976739999999999,1.0468587546417423,0.41703224785507564,0.3605205992520494,0.08554529553998114,0.10945079684699727,0.879047654802901,False,0.4000346548308331,389
40.0,0.623256,1.9845823526510533,1.8914695886052348,0.05090399379898036,0.2711669401116483,0.47305626427027364,0.2469918109492419,False,0.3989425669357822,389
309.0,0.6,1.9845823526510533,1.8914695886052348,0.05090399379898036,0.2711669401116483,0.47305626427027364,0.2469918109492419,False,0.3861776331280922,389
35.0,0.567442,1.9845823526510533,1.8914695886052348,0.05090399379898036,0.2711669401116483,0.47305626427027364,0.2469918109492419,False,0.3861776331280922,389
76.0,0.655814,1.0468587546417423,0.41703224785507564,0.3605205992520494,0.08554529553998114,0.10945079684699727,0.879047654802901,False,0.3673643798900351,389
77.0,0.660465,1.0468587546417423,0.41703224785507564,0.3605205992520494,0.08554529553998114,0.10945079684699727,0.879047654802901,False,0.3673643798900351,389
24.0,0.539535,1.9845823526510533,1.8914695886052348,0.05090399379898036,0.2711669401116483,0.47305626427027364,0.2469918109492419,False,0.2881705257828088,389
117.0,1.0,1.4146785999248446,0.028847076446492537,0.009349177719561341,1.2786541873768624,0.5633748637136202,0.21919902413343897,False,0.28098189495571213,389
295.0,0.38604700000000003,1.9845823526510533,1.8914695886052348,0.05090399379898036,0.2711669401116483,0.47305626427027364,0.2469918109492419,False,0.16826637437034667,389
37.0,0.390698,1.9845823526510533,1.8914695886052348,0.05090399379898036,0.2711669401116483,0.47305626427027364,0.2469918109492419,False,0.16826637437034667,389
61.0,0.372093,1.9845823526510533,1.8914695886052348,0.05090399379898036,0.2711669401116483,0.47305626427027364,0.2469918109492419,False,0.1416907886986641,389
25.0,0.367442,1.9845823526510533,1.8914695886052348,0.05090399379898036,0.2711669401116483,0.47305626427027364,0.2469918109492419,False,0.1416907886986641,389
78.0,0.404651,1.9845823526510533,1.8914695886052348,0.05090399379898036,0.2711669401116483,0.47305626427027364,0.2469918109492419,False,0.1398868004949714,389
66.0,0.34883699999999995,1.9443760001118924,1.3675240697841138,0.6351534479303234,0.5530758652178432,1.0004606571131218,0.4474836386246459,False,0.13393289443697426,389
81.0,0.35814,1.9845823526510533,1.8914695886052348,0.05090399379898036,0.2711669401116483,0.47305626427027364,0.2469918109492419,False,0.12928367529012366,389
60.0,0.362791,1.9845823526510533,1.8914695886052348,0.05090399379898036,0.2711669401116483,0.47305626427027364,0.2469918109492419,False,0.12928367529012366,389
74.0,0.35814,1.5319057632599333,0.03579865226337764,1.2851774533172338,0.7933072767959849,0.1425521978522154,0.21003588493444558,False,0.126339230915919,389
75.0,0.395349,1.5319057632599333,0.03579865226337764,1.2851774533172338,0.7933072767959849,0.1425521978522154,0.21003588493444558,False,0.11165174523169996,389
90.0,0.497674,1.9845823526510533,1.8914695886052348,0.05090399379898036,0.2711669401116483,0.47305626427027364,0.2469918109492419,False,0.09414362977120098,389
142.0,0.390698,1.2181380152725563,0.4859240289860558,0.4206337846676672,0.390182411473793,0.6668569704950413,0.6883783466822206,False,0.08576745259852363,389
62.0,0.432558,1.9845823526510533,1.8914695886052348,0.05090399379898036,0.2711669401116483,0.47305626427027364,0.2469918109492419,False,0.0697754248561881,389
79.0,0.413953,1.9845823526510533,1.8914695886052348,0.05090399379898036,0.2711669401116483,0.47305626427027364,0.2469918109492419,False,0.0697754248561881,389
86.0,0.49302300000000004,1.9845823526510533,1.8914695886052348,0.05090399379898036,0.2711669401116483,0.47305626427027364,0.2469918109492419,False,0.0697754248561881,389
103.0,0.418605,1.9845823526510533,1.8914695886052348,0.05090399379898036,0.2711669401116483,0.47305626427027364,0.2469918109492419,False,0.0697754248561881,389
303.0,0.37674399999999997,0.8880690539157485,0.6142791358168999,0.5755228964956377,0.11736601911822908,0.1541992533018126,0.2062740683402302,False,0.06698345738750361,389
132.0,0.5023259999999999,1.0468587546417423,0.41703224785507564,0.3605205992520494,0.08554529553998114,0.10945079684699727,0.879047654802901,False,-0.008089937301270871,389
102.0,0.432558,1.0468587546417423,0.41703224785507564,0.3605205992520494,0.08554529553998114,0.10945079684699727,0.879047654802901,False,-0.03245814221628375,389
67.0,0.32093000000000005,1.5319057632599333,0.03579865226337764,1.2851774533172338,0.7933072767959849,0.1425521978522154,0.21003588493444558,False,-0.04890489663994802,389
124.0,0.30232600000000004,1.5319057632599333,0.03579865226337764,1.2851774533172338,0.7933072767959849,0.1425521978522154,0.21003588493444558,False,-0.04890489663994802,389
68.0,0.306977,1.5319057632599333,0.03579865226337764,1.2851774533172338,0.7933072767959849,0.1425521978522154,0.21003588493444558,False,-0.04890489663994802,389
91.0,0.325581,1.9845823526510533,1.8914695886052348,0.05090399379898036,0.2711669401116483,0.47305626427027364,0.2469918109492419,False,-0.07668632541400072,389
120.0,0.297674,1.9845823526510533,1.8914695886052348,0.05090399379898036,0.2711669401116483,0.47305626427027364,0.2469918109492419,False,-0.07668632541400072,389
104.0,0.30232600000000004,1.9845823526510533,1.8914695886052348,0.05090399379898036,0.2711669401116483,0.47305626427027364,0.2469918109492419,False,-0.07668632541400072,389
121.0,0.311628,1.9845823526510533,1.8914695886052348,0.05090399379898036,0.2711669401116483,0.47305626427027364,0.2469918109492419,False,-0.07668632541400072,389
122.0,0.274419,1.9845823526510533,1.8914695886052348,0.05090399379898036,0.2711669401116483,0.47305626427027364,0.2469918109492419,False,-0.0981801318937633,389
131.0,0.339535,1.0468587546417423,0.41703224785507564,0.3605205992520494,0.08554529553998114,0.10945079684699727,0.879047654802901,False,-0.12374201740084881,389
101.0,0.274419,1.5319057632599333,0.03579865226337764,1.2851774533172338,0.7933072767959849,0.1425521978522154,0.21003588493444558,False,-0.1250389840675047,389
52.0,0.21395299999999998,1.9845823526510533,1.8914695886052348,0.05090399379898036,0.2711669401116483,0.47305626427027364,0.2469918109492419,False,-0.15563102790537495,389
97.0,0.190698,1.9845823526510533,1.8914695886052348,0.05090399379898036,0.2711669401116483,0.47305626427027364,0.2469918109492419,False,-0.15563102790537495,389
49.0,0.195349,1.9845823526510533,1.8914695886052348,0.05090399379898036,0.2711669401116483,0.47305626427027364,0.2469918109492419,False,-0.15563102790537495,389
84.0,0.046512000000000005,1.9845823526510533,1.8914695886052348,0.05090399379898036,0.2711669401116483,0.47305626427027364,0.2469918109492419,False,-0.20490441216130986,389
45.0,0.04186,1.9845823526510533,1.8914695886052348,0.05090399379898036,0.2711669401116483,0.47305626427027364,0.2469918109492419,False,-0.20490441216130986,389
293.0,0.18604700000000002,1.0468587546417423,0.41703224785507564,0.3605205992520494,0.08554529553998114,0.10945079684699727,0.879047654802901,False,-0.20758398740176015,389
96.0,0.237209,1.2181380152725563,0.4859240289860558,0.4206337846676672,0.390182411473793,0.6668569704950413,0.6883783466822206,False,-0.2684117504288442,389
108.0,0.227907,1.2181380152725563,0.4859240289860558,0.4206337846676672,0.390182411473793,0.6668569704950413,0.6883783466822206,False,-0.2684117504288442,389
57.0,0.255814,1.2181380152725563,0.4859240289860558,0.4206337846676672,0.390182411473793,0.6668569704950413,0.6883783466822206,False,-0.2684117504288442,389
171.0,0.139535,1.161473999410846,0.5489997025564813,0.08217770750225539,0.323961565999768,0.16813168376074156,0.9527059582897288,False,-0.29305680635974746,389
89.0,0.18139500000000003,1.4146785999248446,0.028847076446492537,0.009349177719561341,1.2786541873768624,0.5633748637136202,0.21919902413343897,False,-0.4267567388767179,389
71.0,1.0,1.571067528068365,1.1630144819522943,0.5798964537963579,0.7117519577782537,0.5222804102915983,0.0017085136668981427,False,0.6164131678567537,79
70.0,1.0,1.571067528068365,1.1630144819522943,0.5798964537963579,0.7117519577782537,0.5222804102915983,0.0017085136668981427,False,0.6164131678567537,79
111.0,1.0,1.7543328359672532,1.502683914888362,0.09474853332950395,0.3687433526906067,0.01953959814991023,0.8211540724317394,False,0.5929632989558025,79
192.0,1.0,2.083200781697627,1.6319697123293488,0.3668629760716038,0.5347250598178592,0.9456304463433544,0.6013851353703435,False,0.5842694522364728,79
52.0,1.0,2.083200781697627,1.6319697123293488,0.3668629760716038,0.5347250598178592,0.9456304463433544,0.6013851353703435,False,0.5842694522364728,79
274.0,1.0,2.083200781697627,1.6319697123293488,0.3668629760716038,0.5347250598178592,0.9456304463433544,0.6013851353703435,False,0.5842694522364728,79
57.0,1.0,2.083200781697627,1.6319697123293488,0.3668629760716038,0.5347250598178592,0.9456304463433544,0.6013851353703435,True,0.5842694522364728,79
58.0,1.0,2.083200781697627,1.6319697123293488,0.3668629760716038,0.5347250598178592,0.9456304463433544,0.6013851353703435,False,0.5842694522364728,79
91.0,1.0,2.083200781697627,1.6319697123293488,0.3668629760716038,0.5347250598178592,0.9456304463433544,0.6013851353703435,False,0.5842694522364728,79
96.0,1.0,2.083200781697627,1.6319697123293488,0.3668629760716038,0.5347250598178592,0.9456304463433544,0.6013851353703435,False,0.5842694522364728,79
110.0,1.0,2.1294649390121,1.9016661207653267,0.2012889890224906,0.6440319669267068,0.15770165844745418,0.6619083373193779,False,0.577589249286513,79
109.0,0.87907,1.571067528068365,1.1630144819522943,0.5798964537963579,0.7117519577782537,0.5222804102915983,0.0017085136668981427,False,0.573159535779329,79
97.0,1.0,1.926317095703026,1.684121950928536,0.3046929991697845,0.45172077943921995,0.028300938061213657,0.7594342487556135,False,0.571351179912848,79
49.0,0.781395,2.083200781697627,1.6319697123293488,0.3668629760716038,0.5347250598178592,0.9456304463433544,0.6013851353703435,False,0.541015820159048,79
114.0,1.0,1.2598582801532974,0.8313807751899158,0.2498680770957686,0.46523648360897757,0.7854608249509555,0.014870896086642993,False,0.5135632541506249,79
115.0,1.0,1.2598582801532974,0.8313807751899158,0.2498680770957686,0.46523648360897757,0.7854608249509555,0.014870896086642993,False,0.5135632541506249,79
119.0,1.0,1.8974920771308763,0.6358350281283067,0.35594155417440787,1.6693864604974804,0.1294650339902713,0.5156386915981214,False,0.2159949812771181,79
142.0,0.390698,2.083200781697627,1.6319697123293488,0.3668629760716038,0.5347250598178592,0.9456304463433544,0.6013851353703435,False,0.17291559351719724,79
118.0,0.9069769999999999,1.8974920771308763,0.6358350281283067,0.35594155417440787,1.6693864604974804,0.1294650339902713,0.5156386915981214,False,0.1727413491996933,79
295.0,0.38604700000000003,2.1294649390121,1.9016661207653267,0.2012889890224906,0.6440319669267068,0.15770165844745418,0.6619083373193779,False,0.16623539056723743,79
60.0,0.367442,2.083200781697627,1.6319697123293488,0.3668629760716038,0.5347250598178592,0.9456304463433544,0.6013851353703435,False,0.14634000784551474,79
61.0,0.35814,2.083200781697627,1.6319697123293488,0.3668629760716038,0.5347250598178592,0.9456304463433544,0.6013851353703435,False,0.13393289443697426,79
81.0,0.35814,2.1294649390121,1.9016661207653267,0.2012889890224906,0.6440319669267068,0.15770165844745418,0.6619083373193779,False,0.12725269148701443,79
66.0,0.34883699999999995,1.571067528068365,1.1630144819522943,0.5798964537963579,0.7117519577782537,0.5222804102915983,0.0017085136668981427,False,0.12245176270634486,79
136.0,0.339535,2.083200781697627,1.6319697123293488,0.3668629760716038,0.5347250598178592,0.9456304463433544,0.6013851353703435,False,-0.10086364190393864,79
53.0,0.330233,2.083200781697627,1.6319697123293488,0.3668629760716038,0.5347250598178592,0.9456304463433544,0.6013851353703435,False,-0.13757578170887688,79
50.0,0.325581,2.083200781697627,1.6319697123293488,0.3668629760716038,0.5347250598178592,0.9456304463433544,0.6013851353703435,False,-0.13757578170887688,79
124.0,0.325581,1.571067528068365,1.1630144819522943,0.5798964537963579,0.7117519577782537,0.5222804102915983,0.0017085136668981427,False,-0.16523362286740875,79
95.0,0.23255800000000001,1.0200593911173397,0.5142705901736286,0.7054287850998933,0.26488642294719533,0.14160322130377007,0.433821231956516,False,-0.1805016852019399,79
63.0,0.172093,1.0200593911173397,0.5142705901736286,0.7054287850998933,0.26488642294719533,0.14160322130377007,0.433821231956516,False,-0.2132933576553467,79
285.0,0.26976700000000003,2.083200781697627,1.6319697123293488,0.3668629760716038,0.5347250598178592,0.9456304463433544,0.6013851353703435,False,-0.21370986913643356,79
108.0,0.223256,2.083200781697627,1.6319697123293488,0.3668629760716038,0.5347250598178592,0.9456304463433544,0.6013851353703435,True,-0.22943943488003724,79
107.0,0.237209,1.7543328359672532,1.502683914888362,0.09474853332950395,0.3687433526906067,0.01953959814991023,0.8211540724317394,False,-0.23827892382418062,79
101.0,0.237209,1.7543328359672532,1.502683914888362,0.09474853332950395,0.3687433526906067,0.01953959814991023,0.8211540724317394,False,-0.23827892382418062,79
237.0,0.09302300000000001,2.083200781697627,1.6319697123293488,0.3668629760716038,0.5347250598178592,0.9456304463433544,0.6013851353703435,False,-0.23952413930183644,79
100.0,0.15814,2.083200781697627,1.6319697123293488,0.3668629760716038,0.5347250598178592,0.9456304463433544,0.6013851353703435,False,-0.23952413930183644,79
102.0,0.190698,2.1294649390121,1.9016661207653267,0.2012889890224906,0.6440319669267068,0.15770165844745418,0.6619083373193779,False,-0.2548393830617215,79
77.0,0.18604700000000002,2.1294649390121,1.9016661207653267,0.2012889890224906,0.6440319669267068,0.15770165844745418,0.6619083373193779,False,-0.2548393830617215,79
76.0,0.172093,2.1294649390121,1.9016661207653267,0.2012889890224906,0.6440319669267068,0.15770165844745418,0.6619083373193779,False,-0.2548393830617215,79
105.0,0.483721,1.8974920771308763,0.6358350281283067,0.35594155417440787,1.6693864604974804,0.1294650339902713,0.5156386915981214,False,-0.26387847832912675,79
65.0,0.227907,1.571067528068365,1.1630144819522943,0.5798964537963579,0.7117519577782537,0.5222804102915983,0.0017085136668981427,False,-0.26602693385317044,79
236.0,0.065116,2.083200781697627,1.6319697123293488,0.3668629760716038,0.5347250598178592,0.9456304463433544,0.6013851353703435,False,-0.27871281913597223,79
262.0,0.04186,2.083200781697627,1.6319697123293488,0.3668629760716038,0.5347250598178592,0.9456304463433544,0.6013851353703435,False,-0.27871281913597223,79
246.0,0.055814,2.083200781697627,1.6319697123293488,0.3668629760716038,0.5347250598178592,0.9456304463433544,0.6013851353703435,False,-0.27871281913597223,79
64.0,0.21395299999999998,1.571067528068365,1.1630144819522943,0.5798964537963579,0.7117519577782537,0.5222804102915983,0.0017085136668981427,False,-0.2988186063065772,79
131.0,0.218605,1.571067528068365,1.1630144819522943,0.5798964537963579,0.7117519577782537,0.5222804102915983,0.0017085136668981427,False,-0.2988186063065772,79
171.0,0.037209,1.2598582801532974,0.8313807751899158,0.2498680770957686,0.46523648360897757,0.7854608249509555,0.014870896086642993,False,-0.29914215715269216,79
106.0,0.15814,1.8974920771308763,0.6358350281283067,0.35594155417440787,1.6693864604974804,0.1294650339902713,0.5156386915981214,False,-0.5573367777371855,79
125.0,0.11627900000000001,1.8974920771308763,0.6358350281283067,0.35594155417440787,1.6693864604974804,0.1294650339902713,0.5156386915981214,False,-0.5573367777371855,79
297.0,0.074419,1.8974920771308763,0.6358350281283067,0.35594155417440787,1.6693864604974804,0.1294650339902713,0.5156386915981214,False,-0.5965254575713212,79
26.0,0.069767,1.8974920771308763,0.6358350281283067,0.35594155417440787,1.6693864604974804,0.1294650339902713,0.5156386915981214,False,-0.5965254575713212,79
45.0,0.065116,1.8974920771308763,0.6358350281283067,0.35594155417440787,1.6693864604974804,0.1294650339902713,0.5156386915981214,False,-0.5965254575713212,79
79.0,0.069767,1.8974920771308763,0.6358350281283067,0.35594155417440787,1.6693864604974804,0.1294650339902713,0.5156386915981214,False,-0.5965254575713212,79
78.0,0.065116,1.8974920771308763,0.6358350281283067,0.35594155417440787,1.6693864604974804,0.1294650339902713,0.5156386915981214,False,-0.5965254575713212,79
307.0,1.0,1.1495854188691315,0.9102441098038152,0.0655339132630477,0.5195675996897187,0.28316170469727475,0.37225872777143243,True,0.5069551960391679,81
308.0,1.0,1.1495854188691315,0.9102441098038152,0.0655339132630477,0.5195675996897187,0.28316170469727475,0.37225872777143243,True,0.5069551960391679,81
305.0,0.7534879999999999,1.1495854188691315,0.9102441098038152,0.0655339132630477,0.5195675996897187,0.28316170469727475,0.37225872777143243,False,0.46370156396174317,81
113.0,1.0,3.8925426124332634,1.7838661026252893,1.230357885853957,2.7428107363201994,1.463430884594458,0.8895439848438895,False,0.44924292787545594,81
122.0,1.0,4.144869288533864,2.5897534093460126,2.4894750934914778,1.8186006744481755,0.504958407994702,0.8445951987725366,False,0.4306153766402591,81
306.0,0.6976739999999999,1.1495854188691315,0.9102441098038152,0.0655339132630477,0.5195675996897187,0.28316170469727475,0.37225872777143243,False,0.4279692705948843,81
89.0,1.0,5.103294948028403,3.1579964799016076,1.3728961241675917,0.9970308615580434,0.9433254805021125,3.507406490654194,False,0.2582627937715876,81
66.0,1.0,5.43610024777418,2.6225970796743914,3.0009366794797616,2.6103229083091226,0.8916660369293938,2.4614417523537058,False,0.2160792155394442,81
177.0,1.0,5.106520111535822,0.19017484623738617,3.2911232751200625,3.687610118365436,0.6492708033335283,1.0903521468814077,False,0.1231834347680491,81
103.0,1.0,4.511211042990349,2.949230250316056,2.081744620979947,1.5354917942056403,1.7107718829692051,1.4265096748388943,False,0.12114383527256695,81
304.0,0.37674399999999997,1.1495854188691315,0.9102441098038152,0.0655339132630477,0.5195675996897187,0.28316170469727475,0.37225872777143243,True,0.08194783859617139,81
302.0,0.38604700000000003,1.1495854188691315,0.9102441098038152,0.0655339132630477,0.5195675996897187,0.28316170469727475,0.37225872777143243,True,0.08194783859617139,81
301.0,0.38604700000000003,1.1495854188691315,0.9102441098038152,0.0655339132630477,0.5195675996897187,0.28316170469727475,0.37225872777143243,False,0.08194783859617139,81
300.0,0.38604700000000003,1.1495854188691315,0.9102441098038152,0.0655339132630477,0.5195675996897187,0.28316170469727475,0.37225872777143243,False,0.08194783859617139,81
299.0,0.35348799999999997,1.1495854188691315,0.9102441098038152,0.0655339132630477,0.5195675996897187,0.28316170469727475,0.37225872777143243,True,0.06825575040501515,81
303.0,0.506977,1.1495854188691315,0.9102441098038152,0.0655339132630477,0.5195675996897187,0.28316170469727475,0.37225872777143243,True,0.007825093997025794,81
79.0,0.604651,4.511211042990349,2.949230250316056,2.081744620979947,1.5354917942056403,1.7107718829692051,1.4265096748388943,False,-0.015219967690727108,81
78.0,0.604651,4.511211042990349,2.949230250316056,2.081744620979947,1.5354917942056403,1.7107718829692051,1.4265096748388943,False,-0.015219967690727108,81
109.0,0.35348799999999997,5.43610024777418,2.6225970796743914,3.0009366794797616,2.6103229083091226,0.8916660369293938,2.4614417523537058,False,-0.02400084540966277,81
71.0,0.34883699999999995,5.43610024777418,2.6225970796743914,3.0009366794797616,2.6103229083091226,0.8916660369293938,2.4614417523537058,False,-0.02400084540966277,81
117.0,1.0,4.787772170446199,0.32997777987260263,3.3826501603418793,2.084994364988806,1.38077735080789,2.2622571293045755,False,-0.1548830061360329,81
104.0,0.30232600000000004,4.144869288533864,2.5897534093460126,2.4894750934914778,1.8186006744481755,0.504958407994702,0.8445951987725366,False,-0.23019644753109103,81
120.0,0.293023,4.144869288533864,2.5897534093460126,2.4894750934914778,1.8186006744481755,0.504958407994702,0.8445951987725366,False,-0.23019644753109103,81
70.0,0.33488399999999996,5.43610024777418,2.6225970796743914,3.0009366794797616,2.6103229083091226,0.8916660369293938,2.4614417523537058,False,-0.27683551462726985,81
62.0,0.437209,4.511211042990349,2.949230250316056,2.081744620979947,1.5354917942056403,1.7107718829692051,1.4265096748388943,False,-0.27834987841632136,81
55.0,0.418605,4.511211042990349,2.949230250316056,2.081744620979947,1.5354917942056403,1.7107718829692051,1.4265096748388943,False,-0.27834987841632136,81
124.0,0.18604700000000002,5.103294948028403,3.1579964799016076,1.3728961241675917,0.9970308615580434,0.9433254805021125,3.507406490654194,False,-0.3007736290391489,81
129.0,0.17674399999999998,5.103294948028403,3.1579964799016076,1.3728961241675917,0.9970308615580434,0.9433254805021125,3.507406490654194,False,-0.3007736290391489,81
81.0,0.17674399999999998,5.103294948028403,3.1579964799016076,1.3728961241675917,0.9970308615580434,0.9433254805021125,3.507406490654194,False,-0.3007736290391489,81
64.0,0.18139500000000003,5.103294948028403,3.1579964799016076,1.3728961241675917,0.9970308615580434,0.9433254805021125,3.507406490654194,False,-0.3007736290391489,81
295.0,0.190698,5.103294948028403,3.1579964799016076,1.3728961241675917,0.9970308615580434,0.9433254805021125,3.507406490654194,False,-0.3007736290391489,81
65.0,0.195349,5.103294948028403,3.1579964799016076,1.3728961241675917,0.9970308615580434,0.9433254805021125,3.507406490654194,False,-0.3007736290391489,81
121.0,0.274419,4.144869288533864,2.5897534093460126,2.4894750934914778,1.8186006744481755,0.504958407994702,0.8445951987725366,False,-0.3063305349586478,81
101.0,0.237209,5.103294948028403,3.1579964799016076,1.3728961241675917,0.9970308615580434,0.9433254805021125,3.507406490654194,False,-0.3097032868537501,81
162.0,0.037209,3.8925426124332634,1.7838661026252893,1.230357885853957,2.7428107363201994,1.463430884594458,0.8895439848438895,False,-0.336258560465605,81
154.0,0.051163,3.8925426124332634,1.7838661026252893,1.230357885853957,2.7428107363201994,1.463430884594458,0.8895439848438895,False,-0.336258560465605,81
267.0,0.032558,3.8925426124332634,1.7838661026252893,1.230357885853957,2.7428107363201994,1.463430884594458,0.8895439848438895,False,-0.336258560465605,81
255.0,0.032558,3.8925426124332634,1.7838661026252893,1.230357885853957,2.7428107363201994,1.463430884594458,0.8895439848438895,False,-0.336258560465605,81
93.0,0.051163,3.8925426124332634,1.7838661026252893,1.230357885853957,2.7428107363201994,1.463430884594458,0.8895439848438895,False,-0.336258560465605,81
146.0,0.074419,3.8925426124332634,1.7838661026252893,1.230357885853957,2.7428107363201994,1.463430884594458,0.8895439848438895,False,-0.336258560465605,81
77.0,0.195349,5.43610024777418,2.6225970796743914,3.0009366794797616,2.6103229083091226,0.8916660369293938,2.4614417523537058,False,-0.33785087629093596,81
76.0,0.21395299999999998,5.43610024777418,2.6225970796743914,3.0009366794797616,2.6103229083091226,0.8916660369293938,2.4614417523537058,False,-0.33785087629093596,81
312.0,0.10697699999999999,4.144869288533864,2.5897534093460126,2.4894750934914778,1.8186006744481755,0.504958407994702,0.8445951987725366,False,-0.3863964287764242,81
9.0,0.125581,4.511211042990349,2.949230250316056,2.081744620979947,1.5354917942056403,1.7107718829692051,1.4265096748388943,False,-0.46461817591086313,81
171.0,0.139535,5.106520111535822,0.19017484623738617,3.2911232751200625,3.687610118365436,0.6492708033335283,1.0903521468814077,False,-0.5835815268455908,81
119.0,1.0,4.455564882801341,3.8413249523267483,1.831498158544364,0.6616377026912171,1.0762274939274796,0.3819233724519966,False,0.5223995873268767,75
118.0,0.9069769999999999,4.455564882801341,3.8413249523267483,1.831498158544364,0.6616377026912171,1.0762274939274796,0.3819233724519966,False,0.4835772959018197,75
115.0,1.0,4.824249691367722,2.8058680935552522,2.514749706359949,2.6389481979845946,1.423528909271713,0.29332762129447876,False,0.46221316243083954,75
57.0,1.0,4.770015087081496,3.2054899241984414,2.187439712718772,2.3310241631886974,1.205692527917751,0.897562064050118,False,0.44924292787545594,75
299.0,1.0,4.770015087081496,3.2054899241984414,2.187439712718772,2.3310241631886974,1.205692527917751,0.897562064050118,False,0.44924292787545594,75
249.0,1.0,4.770015087081496,3.2054899241984414,2.187439712718772,2.3310241631886974,1.205692527917751,0.897562064050118,False,0.44924292787545594,75
54.0,1.0,4.770015087081496,3.2054899241984414,2.187439712718772,2.3310241631886974,1.205692527917751,0.897562064050118,False,0.44924292787545594,75
130.0,1.0,4.770015087081496,3.2054899241984414,2.187439712718772,2.3310241631886974,1.205692527917751,0.897562064050118,False,0.44924292787545594,75
310.0,1.0,4.770015087081496,3.2054899241984414,2.187439712718772,2.3310241631886974,1.205692527917751,0.897562064050118,False,0.44924292787545594,75
302.0,1.0,4.770015087081496,3.2054899241984414,2.187439712718772,2.3310241631886974,1.205692527917751,0.897562064050118,False,0.44924292787545594,75
108.0,1.0,4.770015087081496,3.2054899241984414,2.187439712718772,2.3310241631886974,1.205692527917751,0.897562064050118,False,0.44924292787545594,75
114.0,1.0,4.9538672916162,4.036870699388357,1.9375716356230033,1.8657876795797201,0.42023170296679546,0.9124329601367609,False,0.4306153766402591,75
70.0,1.0,5.055657648351258,4.368504406150736,1.607543258922414,1.6192722054104438,0.6834121176261526,0.8958535503832198,False,0.4306153766402591,75
71.0,1.0,5.055657648351258,4.368504406150736,1.607543258922414,1.6192722054104438,0.6834121176261526,0.8958535503832198,False,0.4306153766402591,75
300.0,0.7534879999999999,4.770015087081496,3.2054899241984414,2.187439712718772,2.3310241631886974,1.205692527917751,0.897562064050118,False,0.41845029614856905,75
311.0,0.772093,4.770015087081496,3.2054899241984414,2.187439712718772,2.3310241631886974,1.205692527917751,0.897562064050118,False,0.41845029614856905,75
304.0,0.7534879999999999,4.770015087081496,3.2054899241984414,2.187439712718772,2.3310241631886974,1.205692527917751,0.897562064050118,False,0.41845029614856905,75
109.0,0.87907,5.055657648351258,4.368504406150736,1.607543258922414,1.6192722054104438,0.6834121176261526,0.8958535503832198,False,0.3917930852152021,75
313.0,0.702326,4.770015087081496,3.2054899241984414,2.187439712718772,2.3310241631886974,1.205692527917751,0.897562064050118,False,0.366325118820564,75
312.0,0.7209300000000001,4.770015087081496,3.2054899241984414,2.187439712718772,2.3310241631886974,1.205692527917751,0.897562064050118,False,0.366325118820564,75
301.0,0.734884,4.770015087081496,3.2054899241984414,2.187439712718772,2.3310241631886974,1.205692527917751,0.897562064050118,False,0.366325118820564,75
97.0,1.0,4.887707760522254,3.7197605143720702,1.4820109276188784,2.066137740241502,1.347295749221521,1.331383296006634,False,0.34658548835211556,75
96.0,0.67907,4.770015087081496,3.2054899241984414,2.187439712718772,2.3310241631886974,1.205692527917751,0.897562064050118,False,0.33365484387976624,75
39.0,0.6511629999999999,4.770015087081496,3.2054899241984414,2.187439712718772,2.3310241631886974,1.205692527917751,0.897562064050118,False,0.33365484387976624,75
41.0,0.665116,4.770015087081496,3.2054899241984414,2.187439712718772,2.3310241631886974,1.205692527917751,0.897562064050118,False,0.33365484387976624,75
3.0,0.683721,4.770015087081496,3.2054899241984414,2.187439712718772,2.3310241631886974,1.205692527917751,0.897562064050118,False,0.33365484387976624,75
43.0,0.6418600000000001,4.770015087081496,3.2054899241984414,2.187439712718772,2.3310241631886974,1.205692527917751,0.897562064050118,False,0.31979219442004186,75
34.0,0.637209,4.770015087081496,3.2054899241984414,2.187439712718772,2.3310241631886974,1.205692527917751,0.897562064050118,False,0.31979219442004186,75
40.0,0.613953,4.770015087081496,3.2054899241984414,2.187439712718772,2.3310241631886974,1.205692527917751,0.897562064050118,False,0.28870235824519275,75
5.0,1.0,4.875402101260519,2.6099311676621855,3.126817501582079,0.052672701648478704,0.35781188909309336,2.655186151546755,False,0.24716620456028626,75
89.0,1.0,3.4792434174466806,2.219207139714147,1.0280150474626355,0.19426962017933747,1.5579497813314318,1.9127182972416317,False,0.18147636072148016,75
307.0,0.38604700000000003,4.770015087081496,3.2054899241984414,2.187439712718772,2.3310241631886974,1.205692527917751,0.897562064050118,False,0.10184580764799366,75
306.0,0.381395,4.770015087081496,3.2054899241984414,2.187439712718772,2.3310241631886974,1.205692527917751,0.897562064050118,False,0.10184580764799366,75
303.0,0.37674399999999997,4.770015087081496,3.2054899241984414,2.187439712718772,2.3310241631886974,1.205692527917751,0.897562064050118,False,0.10184580764799366,75
95.0,1.0,3.066053430022444,0.5948842442966908,2.1556569308750886,1.3053207228782828,0.24730271554288819,1.6232432797704024,False,0.07498127034225578,75
305.0,0.395349,4.770015087081496,3.2054899241984414,2.187439712718772,2.3310241631886974,1.205692527917751,0.897562064050118,False,0.07346623377261839,75
308.0,0.404651,4.770015087081496,3.2054899241984414,2.187439712718772,2.3310241631886974,1.205692527917751,0.897562064050118,False,0.07346623377261839,75
105.0,0.483721,4.455564882801341,3.8413249523267483,1.831498158544364,0.6616377026912171,1.0762274939274796,0.3819233724519966,False,0.056462273421331054,75
66.0,0.34883699999999995,5.055657648351258,4.368504406150736,1.607543258922414,1.6192722054104438,0.6834121176261526,0.8958535503832198,False,0.04131222861476007,75
132.0,0.5023259999999999,4.770015087081496,3.2054899241984414,2.187439712718772,2.3310241631886974,1.205692527917751,0.897562064050118,False,0.027723063048847987,75
81.0,1.0,3.65473224830108,0.24140411810989182,0.6450671522059728,2.5056915771394106,0.558406577997988,2.508460093678494,False,-0.05608825699719615,75
295.0,0.623256,3.65473224830108,0.24140411810989182,0.6450671522059728,2.5056915771394106,0.558406577997988,2.508460093678494,False,-0.12970818549978277,75
131.0,0.339535,4.770015087081496,3.2054899241984414,2.187439712718772,2.3310241631886974,1.205692527917751,0.897562064050118,False,-0.14587908984920578,75
142.0,0.293023,4.770015087081496,3.2054899241984414,2.187439712718772,2.3310241631886974,1.205692527917751,0.897562064050118,False,-0.18259122965414404,75
117.0,0.18139500000000003,3.4792434174466806,2.219207139714147,1.0280150474626355,0.19426962017933747,1.5579497813314318,1.9127182972416317,False,-0.2229389751094975,75
64.0,0.18139500000000003,3.4792434174466806,2.219207139714147,1.0280150474626355,0.19426962017933747,1.5579497813314318,1.9127182972416317,False,-0.2229389751094975,75
124.0,0.18604700000000002,3.4792434174466806,2.219207139714147,1.0280150474626355,0.19426962017933747,1.5579497813314318,1.9127182972416317,False,-0.2229389751094975,75
65.0,0.195349,3.4792434174466806,2.219207139714147,1.0280150474626355,0.19426962017933747,1.5579497813314318,1.9127182972416317,False,-0.2229389751094975,75
129.0,0.17674399999999998,3.4792434174466806,2.219207139714147,1.0280150474626355,0.19426962017933747,1.5579497813314318,1.9127182972416317,False,-0.2229389751094975,75
101.0,0.237209,3.4792434174466806,2.219207139714147,1.0280150474626355,0.19426962017933747,1.5579497813314318,1.9127182972416317,False,-0.23186863292409868,75
53.0,0.16744199999999998,4.770015087081496,3.2054899241984414,2.187439712718772,2.3310241631886974,1.205692527917751,0.897562064050118,False,-0.2744548828253045,75
67.0,0.190698,4.770015087081496,3.2054899241984414,2.187439712718772,2.3310241631886974,1.205692527917751,0.897562064050118,False,-0.2744548828253045,75
293.0,0.18604700000000002,4.770015087081496,3.2054899241984414,2.187439712718772,2.3310241631886974,1.205692527917751,0.897562064050118,False,-0.2744548828253045,75
76.0,0.18604700000000002,4.770015087081496,3.2054899241984414,2.187439712718772,2.3310241631886974,1.205692527917751,0.897562064050118,False,-0.2744548828253045,75
60.0,0.16744199999999998,4.770015087081496,3.2054899241984414,2.187439712718772,2.3310241631886974,1.205692527917751,0.897562064050118,False,-0.2744548828253045,75
91.0,0.204651,4.770015087081496,3.2054899241984414,2.187439712718772,2.3310241631886974,1.205692527917751,0.897562064050118,False,-0.2744548828253045,75
61.0,0.172093,4.770015087081496,3.2054899241984414,2.187439712718772,2.3310241631886974,1.205692527917751,0.897562064050118,False,-0.2744548828253045,75
52.0,0.16744199999999998,4.770015087081496,3.2054899241984414,2.187439712718772,2.3310241631886974,1.205692527917751,0.897562064050118,False,-0.2744548828253045,75
58.0,0.227907,4.770015087081496,3.2054899241984414,2.187439712718772,2.3310241631886974,1.205692527917751,0.897562064050118,False,-0.2833845406399056,75
111.0,0.362791,3.65473224830108,0.24140411810989182,0.6450671522059728,2.5056915771394106,0.558406577997988,2.508460093678494,False,-0.28481385275793564,75
110.0,0.35814,3.65473224830108,0.24140411810989182,0.6450671522059728,2.5056915771394106,0.558406577997988,2.508460093678494,False,-0.28481385275793564,75
125.0,0.11627900000000001,4.455564882801341,3.8413249523267483,1.831498158544364,0.6616377026912171,1.0762274939274796,0.3819233724519966,False,-0.28619351269581206,75
106.0,0.15814,4.455564882801341,3.8413249523267483,1.831498158544364,0.6616377026912171,1.0762274939274796,0.3819233724519966,False,-0.28619351269581206,75
116.0,0.102326,4.770015087081496,3.2054899241984414,2.187439712718772,2.3310241631886974,1.205692527917751,0.897562064050118,False,-0.2970698806314691,75
205.0,0.055814,4.875402101260519,2.6099311676621855,3.126817501582079,0.052672701648478704,0.35781188909309336,2.655186151546755,False,-0.3020411453776191,75
26.0,0.069767,4.455564882801341,3.8413249523267483,1.831498158544364,0.6616377026912171,1.0762274939274796,0.3819233724519966,False,-0.32538219252994793,75
297.0,0.074419,4.455564882801341,3.8413249523267483,1.831498158544364,0.6616377026912171,1.0762274939274796,0.3819233724519966,False,-0.32538219252994793,75
45.0,0.065116,4.455564882801341,3.8413249523267483,1.831498158544364,0.6616377026912171,1.0762274939274796,0.3819233724519966,False,-0.32538219252994793,75
78.0,0.065116,4.455564882801341,3.8413249523267483,1.831498158544364,0.6616377026912171,1.0762274939274796,0.3819233724519966,False,-0.32538219252994793,75
79.0,0.069767,4.455564882801341,3.8413249523267483,1.831498158544364,0.6616377026912171,1.0762274939274796,0.3819233724519966,False,-0.32538219252994793,75
63.0,0.172093,4.887707760522254,3.7197605143720702,1.4820109276188784,2.066137740241502,1.347295749221521,1.331383296006634,False,-0.3317247209714954,75
50.0,0.190698,4.887707760522254,3.7197605143720702,1.4820109276188784,2.066137740241502,1.347295749221521,1.331383296006634,False,-0.3317247209714954,75
11.0,0.074419,4.770015087081496,3.2054899241984414,2.187439712718772,2.3310241631886974,1.205692527917751,0.897562064050118,False,-0.336258560465605,75
169.0,0.065116,4.770015087081496,3.2054899241984414,2.187439712718772,2.3310241631886974,1.205692527917751,0.897562064050118,False,-0.336258560465605,75
134.0,0.074419,4.770015087081496,3.2054899241984414,2.187439712718772,2.3310241631886974,1.205692527917751,0.897562064050118,False,-0.336258560465605,75
80.0,0.074419,4.770015087081496,3.2054899241984414,2.187439712718772,2.3310241631886974,1.205692527917751,0.897562064050118,False,-0.336258560465605,75
1.0,0.074419,4.770015087081496,3.2054899241984414,2.187439712718772,2.3310241631886974,1.205692527917751,0.897562064050118,False,-0.336258560465605,75
69.0,0.074419,4.770015087081496,3.2054899241984414,2.187439712718772,2.3310241631886974,1.205692527917751,0.897562064050118,False,-0.336258560465605,75
6.0,0.074419,4.770015087081496,3.2054899241984414,2.187439712718772,2.3310241631886974,1.205692527917751,0.897562064050118,False,-0.336258560465605,75
171.0,0.04186,4.824249691367722,2.8058680935552522,2.514749706359949,2.6389481979845946,1.423528909271713,0.29332762129447876,False,-0.3514846198038787,75
77.0,0.223256,5.055657648351258,4.368504406150736,1.607543258922414,1.6192722054104438,0.6834121176261526,0.8958535503832198,False,-0.3637814309702595,75
102.0,0.24186,3.65473224830108,0.24140411810989182,0.6450671522059728,2.5056915771394106,0.558406577997988,2.508460093678494,False,-0.5757786691584088,75
107.0,0.223256,3.65473224830108,0.24140411810989182,0.6450671522059728,2.5056915771394106,0.558406577997988,2.508460093678494,False,-0.6085703416118156,75
302.0,1.0,2.083200781697627,1.6319697123293488,0.3668629760716038,0.5347250598178592,0.9456304463433544,0.6013851353703435,False,0.5842694522364728,78
310.0,1.0,2.083200781697627,1.6319697123293488,0.3668629760716038,0.5347250598178592,0.9456304463433544,0.6013851353703435,False,0.5842694522364728,78
54.0,1.0,2.083200781697627,1.6319697123293488,0.3668629760716038,0.5347250598178592,0.9456304463433544,0.6013851353703435,False,0.5842694522364728,78
108.0,1.0,2.083200781697627,1.6319697123293488,0.3668629760716038,0.5347250598178592,0.9456304463433544,0.6013851353703435,False,0.5842694522364728,78
57.0,1.0,2.083200781697627,1.6319697123293488,0.3668629760716038,0.5347250598178592,0.9456304463433544,0.6013851353703435,True,0.5842694522364728,78
130.0,1.0,2.083200781697627,1.6319697123293488,0.3668629760716038,0.5347250598178592,0.9456304463433544,0.6013851353703435,False,0.5842694522364728,78
249.0,1.0,2.083200781697627,1.6319697123293488,0.3668629760716038,0.5347250598178592,0.9456304463433544,0.6013851353703435,False,0.5842694522364728,78
299.0,1.0,2.083200781697627,1.6319697123293488,0.3668629760716038,0.5347250598178592,0.9456304463433544,0.6013851353703435,False,0.5842694522364728,78
300.0,0.7534879999999999,2.083200781697627,1.6319697123293488,0.3668629760716038,0.5347250598178592,0.9456304463433544,0.6013851353703435,False,0.541015820159048,78
311.0,0.772093,2.083200781697627,1.6319697123293488,0.3668629760716038,0.5347250598178592,0.9456304463433544,0.6013851353703435,False,0.541015820159048,78
304.0,0.7534879999999999,2.083200781697627,1.6319697123293488,0.3668629760716038,0.5347250598178592,0.9456304463433544,0.6013851353703435,False,0.541015820159048,78
111.0,1.0,1.3736330879290835,0.12928579744098687,0.27211444274209984,0.903468412508466,0.9651700444932646,0.21976893706139583,False,0.5211810556372476,78
307.0,1.0,1.4629961183780176,0.28428970359015937,1.0063899813026473,0.8107671714964988,0.6216494528236434,0.054081085261430684,False,0.500991034261844,78
312.0,0.7209300000000001,2.083200781697627,1.6319697123293488,0.3668629760716038,0.5347250598178592,0.9456304463433544,0.6013851353703435,False,0.48889064283104294,78
301.0,0.734884,2.083200781697627,1.6319697123293488,0.3668629760716038,0.5347250598178592,0.9456304463433544,0.6013851353703435,False,0.48889064283104294,78
313.0,0.702326,2.083200781697627,1.6319697123293488,0.3668629760716038,0.5347250598178592,0.9456304463433544,0.6013851353703435,False,0.48889064283104294,78
96.0,0.67907,2.083200781697627,1.6319697123293488,0.3668629760716038,0.5347250598178592,0.9456304463433544,0.6013851353703435,True,0.45622036789024506,78
39.0,0.6511629999999999,2.083200781697627,1.6319697123293488,0.3668629760716038,0.5347250598178592,0.9456304463433544,0.6013851353703435,False,0.45622036789024506,78
3.0,0.683721,2.083200781697627,1.6319697123293488,0.3668629760716038,0.5347250598178592,0.9456304463433544,0.6013851353703435,False,0.45622036789024506,78
41.0,0.665116,2.083200781697627,1.6319697123293488,0.3668629760716038,0.5347250598178592,0.9456304463433544,0.6013851353703435,False,0.45622036789024506,78
110.0,0.734884,1.3736330879290835,0.12928579744098687,0.27211444274209984,0.903468412508466,0.9651700444932646,0.21976893706139583,False,0.4421951301929638,78
177.0,1.0,2.0080716778412913,0.8985688394070592,1.5819128777982852,0.6934011523782697,0.4674501995218308,0.15219298307879953,False,0.44191306080693976,78
305.0,0.706977,1.4629961183780176,0.28428970359015937,1.0063899813026473,0.8107671714964988,0.6216494528236434,0.054081085261430684,False,0.4220051088175603,78
306.0,0.6976739999999999,1.4629961183780176,0.28428970359015937,1.0063899813026473,0.8107671714964988,0.6216494528236434,0.054081085261430684,False,0.4220051088175603,78
308.0,0.7488370000000001,1.4629961183780176,0.28428970359015937,1.0063899813026473,0.8107671714964988,0.6216494528236434,0.054081085261430684,False,0.4220051088175603,78
43.0,0.6418600000000001,2.083200781697627,1.6319697123293488,0.3668629760716038,0.5347250598178592,0.9456304463433544,0.6013851353703435,False,0.42191668844979197,78
34.0,0.637209,2.083200781697627,1.6319697123293488,0.3668629760716038,0.5347250598178592,0.9456304463433544,0.6013851353703435,False,0.42191668844979197,78
97.0,1.0,1.9442304630746916,0.05215223859918698,0.06216997690181933,0.9864458392570792,0.973931384404568,1.360819384125957,False,0.42027585284640007,78
40.0,0.613953,2.083200781697627,1.6319697123293488,0.3668629760716038,0.5347250598178592,0.9456304463433544,0.6013851353703435,False,0.3908268522749429,78
53.0,1.0,2.1730756259315682,1.0756119029834401,1.2389142995924163,0.12433654372608571,1.1688714002777825,0.8054117840897035,False,0.3767108610587114,78
50.0,0.7767440000000001,2.1730756259315682,1.0756119029834401,1.2389142995924163,0.12433654372608571,1.1688714002777825,0.8054117840897035,False,0.3459182293318245,78
64.0,1.0,1.916953090880023,0.9343674916704369,0.29673542448105134,1.4867084291742545,0.6100023973740463,0.3622288680132451,False,0.2031104356520251,78
65.0,1.0,1.916953090880023,0.9343674916704369,0.29673542448105134,1.4867084291742545,0.6100023973740463,0.3622288680132451,False,0.2031104356520251,78
303.0,0.37674399999999997,2.083200781697627,1.6319697123293488,0.3668629760716038,0.5347250598178592,0.9456304463433544,0.6013851353703435,False,0.17291559351719724,78
81.0,0.362791,1.3736330879290835,0.12928579744098687,0.27211444274209984,0.903468412508466,0.9651700444932646,0.21976893706139583,False,0.10215774098477788,78
132.0,0.5023259999999999,2.083200781697627,1.6319697123293488,0.3668629760716038,0.5347250598178592,0.9456304463433544,0.6013851353703435,False,0.09879284891805158,78
295.0,0.4,1.3736330879290835,0.12928579744098687,0.27211444274209984,0.903468412508466,0.9651700444932646,0.21976893706139583,False,0.08747025530055888,78
61.0,0.372093,2.1730756259315682,1.0756119029834401,1.2389142995924163,0.12433654372608571,1.1688714002777825,0.8054117840897035,False,0.05800011467582236,78
60.0,0.367442,2.1730756259315682,1.0756119029834401,1.2389142995924163,0.12433654372608571,1.1688714002777825,0.8054117840897035,False,0.05800011467582236,78
131.0,0.339535,2.083200781697627,1.6319697123293488,0.3668629760716038,0.5347250598178592,0.9456304463433544,0.6013851353703435,False,-0.10086364190393864,78
91.0,0.18139500000000003,1.9442304630746916,0.05215223859918698,0.06216997690181933,0.9864458392570792,0.973931384404568,1.360819384125957,True,-0.13363903907666144,78
63.0,0.172093,1.9442304630746916,0.05215223859918698,0.06216997690181933,0.9864458392570792,0.973931384404568,1.360819384125957,False,-0.13363903907666144,78
142.0,0.204651,1.9442304630746916,0.05215223859918698,0.06216997690181933,0.9864458392570792,0.973931384404568,1.360819384125957,False,-0.13363903907666144,78
95.0,0.23255800000000001,1.9442304630746916,0.05215223859918698,0.06216997690181933,0.9864458392570792,0.973931384404568,1.360819384125957,False,-0.14256869689126261,78
58.0,0.237209,1.9442304630746916,0.05215223859918698,0.06216997690181933,0.9864458392570792,0.973931384404568,1.360819384125957,True,-0.14256869689126261,78
49.0,0.209302,2.1730756259315682,1.0756119029834401,1.2389142995924163,0.12433654372608571,1.1688714002777825,0.8054117840897035,False,-0.1726103749731887,78
52.0,0.227907,2.1730756259315682,1.0756119029834401,1.2389142995924163,0.12433654372608571,1.1688714002777825,0.8054117840897035,True,-0.18154003278778988,78
102.0,0.218605,1.3736330879290835,0.12928579744098687,0.27211444274209984,0.903468412508466,0.9651700444932646,0.21976893706139583,False,-0.18608156378664006,78
77.0,0.21395299999999998,1.3736330879290835,0.12928579744098687,0.27211444274209984,0.903468412508466,0.9651700444932646,0.21976893706139583,False,-0.18608156378664006,78
124.0,0.2,1.3736330879290835,0.12928579744098687,0.27211444274209984,0.903468412508466,0.9651700444932646,0.21976893706139583,False,-0.18608156378664006,78
76.0,0.209302,1.3736330879290835,0.12928579744098687,0.27211444274209984,0.903468412508466,0.9651700444932646,0.21976893706139583,False,-0.18608156378664006,78
74.0,0.35814,1.916953090880023,0.9343674916704369,0.29673542448105134,1.4867084291742545,0.6100023973740463,0.3622288680132451,False,-0.18685783165086103,78
101.0,0.237209,1.3736330879290835,0.12928579744098687,0.27211444274209984,0.903468412508466,0.9651700444932646,0.21976893706139583,False,-0.19501122160124124,78
107.0,0.237209,1.3736330879290835,0.12928579744098687,0.27211444274209984,0.903468412508466,0.9651700444932646,0.21976893706139583,False,-0.19501122160124124,78
75.0,0.395349,1.916953090880023,0.9343674916704369,0.29673542448105134,1.4867084291742545,0.6100023973740463,0.3622288680132451,False,-0.2066516483154364,78
293.0,0.18604700000000002,2.083200781697627,1.6319697123293488,0.3668629760716038,0.5347250598178592,0.9456304463433544,0.6013851353703435,False,-0.22943943488003724,78
109.0,0.190698,2.083200781697627,1.6319697123293488,0.3668629760716038,0.5347250598178592,0.9456304463433544,0.6013851353703435,False,-0.22943943488003724,78
71.0,0.18604700000000002,2.083200781697627,1.6319697123293488,0.3668629760716038,0.5347250598178592,0.9456304463433544,0.6013851353703435,False,-0.22943943488003724,78
67.0,0.190698,2.083200781697627,1.6319697123293488,0.3668629760716038,0.5347250598178592,0.9456304463433544,0.6013851353703435,False,-0.22943943488003724,78
116.0,0.102326,2.083200781697627,1.6319697123293488,0.3668629760716038,0.5347250598178592,0.9456304463433544,0.6013851353703435,False,-0.23952413930183644,78
80.0,0.074419,2.083200781697627,1.6319697123293488,0.3668629760716038,0.5347250598178592,0.9456304463433544,0.6013851353703435,False,-0.27871281913597223,78
11.0,0.074419,2.083200781697627,1.6319697123293488,0.3668629760716038,0.5347250598178592,0.9456304463433544,0.6013851353703435,False,-0.27871281913597223,78
6.0,0.074419,2.083200781697627,1.6319697123293488,0.3668629760716038,0.5347250598178592,0.9456304463433544,0.6013851353703435,False,-0.27871281913597223,78
69.0,0.074419,2.083200781697627,1.6319697123293488,0.3668629760716038,0.5347250598178592,0.9456304463433544,0.6013851353703435,False,-0.27871281913597223,78
1.0,0.074419,2.083200781697627,1.6319697123293488,0.3668629760716038,0.5347250598178592,0.9456304463433544,0.6013851353703435,False,-0.27871281913597223,78
134.0,0.074419,2.083200781697627,1.6319697123293488,0.3668629760716038,0.5347250598178592,0.9456304463433544,0.6013851353703435,False,-0.27871281913597223,78
169.0,0.065116,2.083200781697627,1.6319697123293488,0.3668629760716038,0.5347250598178592,0.9456304463433544,0.6013851353703435,False,-0.27871281913597223,78
171.0,0.139535,1.9386320596921809,0.3495691368505779,1.6640905853005405,0.3694395863785017,0.29931851576108925,0.8005129752109292,False,-0.3060984783338262,78
68.0,0.306977,1.916953090880023,0.9343674916704369,0.29673542448105134,1.4867084291742545,0.6100023973740463,0.3622288680132451,False,-0.4427283449292137,78
70.0,0.227907,1.916953090880023,0.9343674916704369,0.29673542448105134,1.4867084291742545,0.6100023973740463,0.3622288680132451,False,-0.543521655914975,78
66.0,0.227907,1.916953090880023,0.9343674916704369,0.29673542448105134,1.4867084291742545,0.6100023973740463,0.3622288680132451,False,-0.543521655914975,78
117.0,0.23255800000000001,1.916953090880023,0.9343674916704369,0.29673542448105134,1.4867084291742545,0.6100023973740463,0.3622288680132451,False,-0.543521655914975,78
65.0,1.0,1.8323604246570515,1.5130804894992074,0.4653316432074335,0.05799919632597528,0.8850841968883152,0.25467759544213125,False,0.5758929465325174,72
61.0,1.0,2.122129567495536,1.3379703498430096,0.8908748712497343,0.8975692454786418,0.9280240162111114,0.5027445503054564,False,0.567825656113581,72
1.0,1.0,2.8435025664244025,1.3216451398326154,2.1400666402944664,1.20803070582329,0.5172822261521554,0.17876424981773492,False,0.4742982608073318,72
6.0,0.809302,2.8435025664244025,1.3216451398326154,2.1400666402944664,1.20803070582329,0.5172822261521554,0.17876424981773492,False,0.4354759693822748,72
64.0,1.0,1.9843299110148302,0.7719303557273887,1.7754947831129444,0.28061045770006066,0.024915034951583488,0.33157805846610794,False,0.41646904525270434,72
72.0,1.0,2.1277240340674037,0.20906724447100067,1.7666094216646555,0.6141542030504766,0.02411907707246938,0.9923832368191474,False,0.38362462761525307,72
197.0,1.0,2.1277240340674037,0.20906724447100067,1.7666094216646555,0.6141542030504766,0.02411907707246938,0.9923832368191474,False,0.38362462761525307,72
196.0,1.0,2.1277240340674037,0.20906724447100067,1.7666094216646555,0.6141542030504766,0.02411907707246938,0.9923832368191474,False,0.38362462761525307,72
67.0,1.0,2.4950889846663906,0.5218339399374641,2.074610578442654,0.42716934526155736,0.7112227820714209,0.9802233587698981,False,0.3755342417648654,72
7.0,0.660465,2.8435025664244025,1.3216451398326154,2.1400666402944664,1.20803070582329,0.5172822261521554,0.17876424981773492,False,0.35068051711347176,72
8.0,0.6418600000000001,2.8435025664244025,1.3216451398326154,2.1400666402944664,1.20803070582329,0.5172822261521554,0.17876424981773492,False,0.3368178676537474,72
68.0,0.790698,2.4950889846663906,0.5218339399374641,2.074610578442654,0.42716934526155736,0.7112227820714209,0.9802233587698981,False,0.3367119503398084,72
309.0,0.6,2.8435025664244025,1.3216451398326154,2.1400666402944664,1.20803070582329,0.5172822261521554,0.17876424981773492,False,0.3057280314788983,72
12.0,0.539535,2.8435025664244025,1.3216451398326154,2.1400666402944664,1.20803070582329,0.5172822261521554,0.17876424981773492,False,0.22675604782840691,72
132.0,1.0,2.5035554141689906,0.024671975516344258,1.158029352830599,2.031528559217006,0.02489625108506488,0.893544018607543,False,0.21476554985109372,72
131.0,1.0,2.5035554141689906,0.024671975516344258,1.158029352830599,2.031528559217006,0.02489625108506488,0.893544018607543,False,0.21476554985109372,72
130.0,1.0,2.5035554141689906,0.024671975516344258,1.158029352830599,2.031528559217006,0.02489625108506488,0.893544018607543,False,0.21476554985109372,72
18.0,0.530233,2.8435025664244025,1.3216451398326154,2.1400666402944664,1.20803070582329,0.5172822261521554,0.17876424981773492,False,0.19828647954808948,72
60.0,0.37674399999999997,2.122129567495536,1.3379703498430096,0.8908748712497343,0.8975692454786418,0.9280240162111114,0.5027445503054564,False,0.17550692108909752,72
90.0,1.0,2.2545247426511428,0.37628350132755833,0.1490868332404176,1.631707005565364,1.1643551736754558,0.949144317547828,False,0.15052803265085113,72
53.0,0.372093,2.122129567495536,1.3379703498430096,0.8908748712497343,0.8975692454786418,0.9280240162111114,0.5027445503054564,False,0.14893133541741502,72
50.0,0.372093,2.122129567495536,1.3379703498430096,0.8908748712497343,0.8975692454786418,0.9280240162111114,0.5027445503054564,False,0.14893133541741502,72
91.0,0.35814,2.122129567495536,1.3379703498430096,0.8908748712497343,0.8975692454786418,0.9280240162111114,0.5027445503054564,False,0.13652422200887457,72
74.0,0.35814,1.9843299110148302,0.7719303557273887,1.7754947831129444,0.28061045770006066,0.024915034951583488,0.33157805846610794,False,0.06530194129735019,72
75.0,0.395349,1.9843299110148302,0.7719303557273887,1.7754947831129444,0.28061045770006066,0.024915034951583488,0.33157805846610794,False,0.05061445561313121,72
24.0,0.48837200000000003,2.8435025664244025,1.3216451398326154,2.1400666402944664,1.20803070582329,0.5172822261521554,0.17876424981773492,False,0.008360946901786149,72
2.0,0.47906999999999994,2.8435025664244025,1.3216451398326154,2.1400666402944664,1.20803070582329,0.5172822261521554,0.17876424981773492,False,0.008360946901786149,72
15.0,0.47906999999999994,2.8435025664244025,1.3216451398326154,2.1400666402944664,1.20803070582329,0.5172822261521554,0.17876424981773492,False,0.008360946901786149,72
101.0,0.274419,1.8323604246570515,1.5130804894992074,0.4653316432074335,0.05799919632597528,0.8850841968883152,0.25467759544213125,False,-0.12490900348715181,72
124.0,0.30232600000000004,2.709594956410775,1.0033564171728782,2.161714942655394,0.09020643506594256,1.2189147799213325,0.410217982281524,False,-0.12911895802467574,72
109.0,0.218605,1.8323604246570515,1.5130804894992074,0.4653316432074335,0.05799919632597528,0.8850841968883152,0.25467759544213125,False,-0.14063856923075543,72
71.0,0.209302,1.8323604246570515,1.5130804894992074,0.4653316432074335,0.05799919632597528,0.8850841968883152,0.25467759544213125,False,-0.14063856923075543,72
76.0,0.209302,1.8323604246570515,1.5130804894992074,0.4653316432074335,0.05799919632597528,0.8850841968883152,0.25467759544213125,False,-0.14063856923075543,72
107.0,0.209302,1.8323604246570515,1.5130804894992074,0.4653316432074335,0.05799919632597528,0.8850841968883152,0.25467759544213125,False,-0.14063856923075543,72
70.0,0.227907,1.8323604246570515,1.5130804894992074,0.4653316432074335,0.05799919632597528,0.8850841968883152,0.25467759544213125,False,-0.14956822704535663,72
117.0,0.23255800000000001,2.709594956410775,1.0033564171728782,2.161714942655394,0.09020643506594256,1.2189147799213325,0.410217982281524,False,-0.1752719880626431,72
66.0,0.227907,2.709594956410775,1.0033564171728782,2.161714942655394,0.09020643506594256,1.2189147799213325,0.410217982281524,False,-0.1752719880626431,72
95.0,0.2,2.122129567495536,1.3379703498430096,0.8908748712497343,0.8975692454786418,0.9280240162111114,0.5027445503054564,False,-0.22684810730813695,72
49.0,0.223256,2.122129567495536,1.3379703498430096,0.8908748712497343,0.8975692454786418,0.9280240162111114,0.5027445503054564,False,-0.22684810730813695,72
52.0,0.237209,2.122129567495536,1.3379703498430096,0.8908748712497343,0.8975692454786418,0.9280240162111114,0.5027445503054564,False,-0.23577776512273815,72
58.0,0.25116299999999997,2.122129567495536,1.3379703498430096,0.8908748712497343,0.8975692454786418,0.9280240162111114,0.5027445503054564,False,-0.23577776512273815,72
142.0,0.255814,2.122129567495536,1.3379703498430096,0.8908748712497343,0.8975692454786418,0.9280240162111114,0.5027445503054564,False,-0.23577776512273815,72
189.0,0.265116,2.1277240340674037,0.20906724447100067,1.7666094216646555,0.6141542030504766,0.02411907707246938,0.9923832368191474,False,-0.24818077116096704,72
88.0,0.5023259999999999,2.2545247426511428,0.37628350132755833,0.1490868332404176,1.631707005565364,1.1643551736754558,0.949144317547828,False,-0.2849279778764562,72
87.0,0.497674,2.2545247426511428,0.37628350132755833,0.1490868332404176,1.631707005565364,1.1643551736754558,0.949144317547828,False,-0.2849279778764562,72
86.0,0.45116300000000004,2.2545247426511428,0.37628350132755833,0.1490868332404176,1.631707005565364,1.1643551736754558,0.949144317547828,False,-0.3092961827914691,72
221.0,0.060465,2.1277240340674037,0.20906724447100067,1.7666094216646555,0.6141542030504766,0.02411907707246938,0.9923832368191474,False,-0.3674353448128793,72
248.0,0.032558,2.1277240340674037,0.20906724447100067,1.7666094216646555,0.6141542030504766,0.02411907707246938,0.9923832368191474,False,-0.3674353448128793,72
144.0,0.032558,2.1277240340674037,0.20906724447100067,1.7666094216646555,0.6141542030504766,0.02411907707246938,0.9923832368191474,False,-0.3674353448128793,72
293.0,0.18604700000000002,2.5035554141689906,0.024671975516344258,1.158029352830599,2.031528559217006,0.02489625108506488,0.893544018607543,False,-0.4251184040782607,72
128.0,0.21395299999999998,2.5035554141689906,0.024671975516344258,1.158029352830599,2.031528559217006,0.02489625108506488,0.893544018607543,False,-0.4251184040782607,72
129.0,0.153488,2.5035554141689906,0.024671975516344258,1.158029352830599,2.031528559217006,0.02489625108506488,0.893544018607543,False,-0.4477334018844253,72
13.0,0.051163,2.2545247426511428,0.37628350132755833,0.1490868332404176,1.631707005565364,1.1643551736754558,0.949144317547828,False,-0.5772202467293721,72
45.0,0.046512000000000005,2.2545247426511428,0.37628350132755833,0.1490868332404176,1.631707005565364,1.1643551736754558,0.949144317547828,False,-0.5772202467293721,72
259.0,0.046512000000000005,2.2545247426511428,0.37628350132755833,0.1490868332404176,1.631707005565364,1.1643551736754558,0.949144317547828,False,-0.5772202467293721,72
307.0,1.0,1.1331623613672477,0.06203126225741862,0.31259284712151114,0.3491791715473336,0.7849362063161957,0.6666662056997281,True,0.563234718906645,420
308.0,1.0,1.1331623613672477,0.06203126225741862,0.31259284712151114,0.3491791715473336,0.7849362063161957,0.6666662056997281,False,0.563234718906645,420
305.0,0.7534879999999999,1.1331623613672477,0.06203126225741862,0.31259284712151114,0.3491791715473336,0.7849362063161957,0.6666662056997281,False,0.5199810868292203,420
142.0,1.0,1.172110551908795,0.9722753720612338,0.24705893385846345,0.17038842814238508,0.5017745016189209,0.2944074779282957,False,0.5023261594990618,420
303.0,1.0,1.172110551908795,0.9722753720612338,0.24705893385846345,0.17038842814238508,0.5017745016189209,0.2944074779282957,False,0.5023261594990618,420
302.0,1.0,1.172110551908795,0.9722753720612338,0.24705893385846345,0.17038842814238508,0.5017745016189209,0.2944074779282957,False,0.5023261594990618,420
299.0,1.0,1.172110551908795,0.9722753720612338,0.24705893385846345,0.17038842814238508,0.5017745016189209,0.2944074779282957,False,0.5023261594990618,420
304.0,1.0,1.172110551908795,0.9722753720612338,0.24705893385846345,0.17038842814238508,0.5017745016189209,0.2944074779282957,False,0.5023261594990618,420
177.0,1.0,5.186150339817053,1.1624502182986198,3.538182208978526,3.517221690223051,0.14749630171460737,0.795944668953112,False,0.4904492664630044,420
306.0,0.7209300000000001,1.1331623613672477,0.06203126225741862,0.31259284712151114,0.3491791715473336,0.7849362063161957,0.6666662056997281,False,0.48424879346236127,420
300.0,0.7534879999999999,1.172110551908795,0.9722753720612338,0.24705893385846345,0.17038842814238508,0.5017745016189209,0.2944074779282957,False,0.45907252742163696,420
122.0,1.0,3.622730180160079,1.6174780372847788,2.7365340273499412,1.6482122463057904,0.0031839063757811426,0.550187720844241,False,0.4564701568207356,420
301.0,0.734884,1.172110551908795,0.9722753720612338,0.24705893385846345,0.17038842814238508,0.5017745016189209,0.2944074779282957,False,0.42334023405477816,420
103.0,1.0,3.7334319118047987,1.976954878254822,2.3288035548384105,1.3651033660632552,1.2089973813502841,1.1321021969105987,False,0.37404289489178055,420
89.0,1.0,5.557433544055604,4.130271851962841,1.619955058026055,0.8266424334156584,0.44155097888319167,3.2129990127258985,False,0.26220273060745714,420
66.0,1.0,4.906564018356564,1.6503217076131576,3.247995613338225,2.4399344801667375,0.389891535310473,2.16703427442541,False,0.21987864693505205,420
78.0,0.604651,3.7334319118047987,1.976954878254822,2.3288035548384105,1.3651033660632552,1.2089973813502841,1.1321021969105987,False,0.21799833032465937,420
79.0,0.604651,3.7334319118047987,1.976954878254822,2.3288035548384105,1.3651033660632552,1.2089973813502841,1.1321021969105987,False,0.21799833032465937,420
113.0,1.0,3.276853210856236,0.8115907305640555,1.4774168197124204,2.5724223081778144,0.9616563829755371,0.5951365069155938,False,0.1606049267138479,420
58.0,0.390698,1.172110551908795,0.9722753720612338,0.24705893385846345,0.17038842814238508,0.5017745016189209,0.2944074779282957,False,0.07731880205606519,420
109.0,0.35348799999999997,4.906564018356564,1.6503217076131576,3.247995613338225,2.4399344801667375,0.389891535310473,2.16703427442541,False,-0.020201414014054918,420
71.0,0.34883699999999995,4.906564018356564,1.6503217076131576,3.247995613338225,2.4399344801667375,0.389891535310473,2.16703427442541,False,-0.020201414014054918,420
55.0,0.418605,3.7334319118047987,1.976954878254822,2.3288035548384105,1.3651033660632552,1.2089973813502841,1.1321021969105987,False,-0.06734916978669835,420
62.0,0.437209,3.7334319118047987,1.976954878254822,2.3288035548384105,1.3651033660632552,1.2089973813502841,1.1321021969105987,False,-0.06734916978669835,420
108.0,0.293023,1.172110551908795,0.9722753720612338,0.24705893385846345,0.17038842814238508,0.5017745016189209,0.2944074779282957,False,-0.11052841454381428,420
91.0,0.265116,1.172110551908795,0.9722753720612338,0.24705893385846345,0.17038842814238508,0.5017745016189209,0.2944074779282957,False,-0.1320222210235768,420
117.0,1.0,4.679543616439921,0.6422975921886311,3.6297090942003427,1.9146059368464208,0.8790028491889691,1.9678496513762798,False,-0.1370206649124008,420
60.0,0.24186,1.172110551908795,0.9722753720612338,0.24705893385846345,0.17038842814238508,0.5017745016189209,0.2944074779282957,False,-0.15668144458178163,420
52.0,0.255814,1.172110551908795,0.9722753720612338,0.24705893385846345,0.17038842814238508,0.5017745016189209,0.2944074779282957,False,-0.15668144458178163,420
61.0,0.255814,1.172110551908795,0.9722753720612338,0.24705893385846345,0.17038842814238508,0.5017745016189209,0.2944074779282957,False,-0.15668144458178163,420
53.0,0.25116299999999997,1.172110551908795,0.9722753720612338,0.24705893385846345,0.17038842814238508,0.5017745016189209,0.2944074779282957,False,-0.15668144458178163,420
50.0,0.25116299999999997,1.172110551908795,0.9722753720612338,0.24705893385846345,0.17038842814238508,0.5017745016189209,0.2944074779282957,False,-0.15668144458178163,420
49.0,0.24651199999999998,1.172110551908795,0.9722753720612338,0.24705893385846345,0.17038842814238508,0.5017745016189209,0.2944074779282957,False,-0.15668144458178163,420
104.0,0.30232600000000004,3.622730180160079,1.6174780372847788,2.7365340273499412,1.6482122463057904,0.0031839063757811426,0.550187720844241,False,-0.21636125181636912,420
120.0,0.293023,3.622730180160079,1.6174780372847788,2.7365340273499412,1.6482122463057904,0.0031839063757811426,0.550187720844241,False,-0.21636125181636912,420
121.0,0.311628,3.7334319118047987,1.976954878254822,2.3288035548384105,1.3651033660632552,1.2089973813502841,1.1321021969105987,False,-0.23462125064643344,420
70.0,0.33488399999999996,4.906564018356564,1.6503217076131576,3.247995613338225,2.4399344801667375,0.389891535310473,2.16703427442541,False,-0.27303608323166195,420
101.0,0.237209,5.557433544055604,4.130271851962841,1.619955058026055,0.8266424334156584,0.44155097888319167,3.2129990127258985,False,-0.30576335001788063,420
171.0,0.139535,5.186150339817053,1.1624502182986198,3.538182208978526,3.517221690223051,0.14749630171460737,0.795944668953112,False,-0.3265625389536789,420
124.0,0.288372,4.906564018356564,1.6503217076131576,3.247995613338225,2.4399344801667375,0.389891535310473,2.16703427442541,False,-0.33316679481212824,420
295.0,0.190698,5.557433544055604,4.130271851962841,1.619955058026055,0.8266424334156584,0.44155097888319167,3.2129990127258985,False,-0.3385550224712874,420
65.0,0.195349,5.557433544055604,4.130271851962841,1.619955058026055,0.8266424334156584,0.44155097888319167,3.2129990127258985,False,-0.3385550224712874,420
129.0,0.17674399999999998,5.557433544055604,4.130271851962841,1.619955058026055,0.8266424334156584,0.44155097888319167,3.2129990127258985,False,-0.3385550224712874,420
81.0,0.17674399999999998,5.557433544055604,4.130271851962841,1.619955058026055,0.8266424334156584,0.44155097888319167,3.2129990127258985,False,-0.3385550224712874,420
64.0,0.18139500000000003,5.557433544055604,4.130271851962841,1.619955058026055,0.8266424334156584,0.44155097888319167,3.2129990127258985,False,-0.3385550224712874,420
9.0,0.125581,3.7334319118047987,1.976954878254822,2.3288035548384105,1.3651033660632552,1.2089973813502841,1.1321021969105987,False,-0.3490999016237586,420
312.0,0.10697699999999999,3.622730180160079,1.6174780372847788,2.7365340273499412,1.6482122463057904,0.0031839063757811426,0.550187720844241,False,-0.3725612330617023,420
76.0,0.21395299999999998,4.906564018356564,1.6503217076131576,3.247995613338225,2.4399344801667375,0.389891535310473,2.16703427442541,False,-0.3757727751633361,420
77.0,0.195349,4.906564018356564,1.6503217076131576,3.247995613338225,2.4399344801667375,0.389891535310473,2.16703427442541,False,-0.3757727751633361,420
162.0,0.037209,3.276853210856236,0.8115907305640555,1.4774168197124204,2.5724223081778144,0.9616563829755371,0.5951365069155938,False,-0.5788169809230606,420
154.0,0.051163,3.276853210856236,0.8115907305640555,1.4774168197124204,2.5724223081778144,0.9616563829755371,0.5951365069155938,False,-0.5788169809230606,420
93.0,0.051163,3.276853210856236,0.8115907305640555,1.4774168197124204,2.5724223081778144,0.9616563829755371,0.5951365069155938,False,-0.5788169809230606,420
146.0,0.074419,3.276853210856236,0.8115907305640555,1.4774168197124204,2.5724223081778144,0.9616563829755371,0.5951365069155938,False,-0.5788169809230606,420
267.0,0.032558,3.276853210856236,0.8115907305640555,1.4774168197124204,2.5724223081778144,0.9616563829755371,0.5951365069155938,False,-0.5788169809230606,420
255.0,0.032558,3.276853210856236,0.8115907305640555,1.4774168197124204,2.5724223081778144,0.9616563829755371,0.5951365069155938,False,-0.5788169809230606,420
298.0,1.0,3.001314843573468,2.619201041616811,0.6289803005255705,1.0863863131303269,0.7560700544695693,0.013539821863049084,False,0.562902165947383,34
40.0,1.0,3.001314843573468,2.619201041616811,0.6289803005255705,1.0863863131303269,0.7560700544695693,0.013539821863049084,False,0.562902165947383,34
41.0,1.0,3.001314843573468,2.619201041616811,0.6289803005255705,1.0863863131303269,0.7560700544695693,0.013539821863049084,False,0.562902165947383,34
42.0,1.0,3.001314843573468,2.619201041616811,0.6289803005255705,1.0863863131303269,0.7560700544695693,0.013539821863049084,False,0.562902165947383,34
3.0,1.0,3.001314843573468,2.619201041616811,0.6289803005255705,1.0863863131303269,0.7560700544695693,0.013539821863049084,False,0.562902165947383,34
2.0,1.0,2.1967029962283506,1.9032122650849135,0.6453968120726038,0.05395062617082014,0.8833890129547333,0.05884950604826633,False,0.5551788096778978,34
18.0,1.0,2.1967029962283506,1.9032122650849135,0.6453968120726038,0.05395062617082014,0.8833890129547333,0.05884950604826633,False,0.5551788096778978,34
13.0,1.0,2.1967029962283506,1.9032122650849135,0.6453968120726038,0.05395062617082014,0.8833890129547333,0.05884950604826633,False,0.5551788096778978,34
193.0,1.0,2.1967029962283506,1.9032122650849135,0.6453968120726038,0.05395062617082014,0.8833890129547333,0.05884950604826633,False,0.5551788096778978,34
168.0,1.0,2.1967029962283506,1.9032122650849135,0.6453968120726038,0.05395062617082014,0.8833890129547333,0.05884950604826633,False,0.5551788096778978,34
45.0,1.0,2.1967029962283506,1.9032122650849135,0.6453968120726038,0.05395062617082014,0.8833890129547333,0.05884950604826633,False,0.5551788096778978,34
22.0,1.0,2.1967029962283506,1.9032122650849135,0.6453968120726038,0.05395062617082014,0.8833890129547333,0.05884950604826633,False,0.5551788096778978,34
24.0,1.0,2.1967029962283506,1.9032122650849135,0.6453968120726038,0.05395062617082014,0.8833890129547333,0.05884950604826633,False,0.5551788096778978,34
14.0,1.0,2.1967029962283506,1.9032122650849135,0.6453968120726038,0.05395062617082014,0.8833890129547333,0.05884950604826633,False,0.5551788096778978,34
23.0,1.0,2.1967029962283506,1.9032122650849135,0.6453968120726038,0.05395062617082014,0.8833890129547333,0.05884950604826633,False,0.5551788096778978,34
19.0,1.0,2.1967029962283506,1.9032122650849135,0.6453968120726038,0.05395062617082014,0.8833890129547333,0.05884950604826633,False,0.5551788096778978,34
21.0,1.0,2.1967029962283506,1.9032122650849135,0.6453968120726038,0.05395062617082014,0.8833890129547333,0.05884950604826633,False,0.5551788096778978,34
25.0,1.0,2.1967029962283506,1.9032122650849135,0.6453968120726038,0.05395062617082014,0.8833890129547333,0.05884950604826633,False,0.5551788096778978,34
38.0,1.0,2.1967029962283506,1.9032122650849135,0.6453968120726038,0.05395062617082014,0.8833890129547333,0.05884950604826633,False,0.5551788096778978,34
29.0,1.0,2.1967029962283506,1.9032122650849135,0.6453968120726038,0.05395062617082014,0.8833890129547333,0.05884950604826633,False,0.5551788096778978,34
44.0,1.0,2.1967029962283506,1.9032122650849135,0.6453968120726038,0.05395062617082014,0.8833890129547333,0.05884950604826633,False,0.5551788096778978,34
123.0,1.0,2.1967029962283506,1.9032122650849135,0.6453968120726038,0.05395062617082014,0.8833890129547333,0.05884950604826633,False,0.5551788096778978,34
46.0,1.0,2.1967029962283506,1.9032122650849135,0.6453968120726038,0.05395062617082014,0.8833890129547333,0.05884950604826633,False,0.5551788096778978,34
105.0,1.0,2.7426256256396893,2.601173206589667,0.5089870376574795,0.5424760544662481,0.017365832254143954,0.44971504915117483,False,0.5459751615373646,34
88.0,1.0,3.1075522252691674,2.4361073812941916,1.4627537329255242,1.0571095755355153,0.6262186764269069,0.2701530880760222,False,0.526058513282223,34
34.0,0.7860469999999999,3.001314843573468,2.619201041616811,0.6289803005255705,1.0863863131303269,0.7560700544695693,0.013539821863049084,False,0.5196485338699582,34
36.0,0.87907,3.001314843573468,2.619201041616811,0.6289803005255705,1.0863863131303269,0.7560700544695693,0.013539821863049084,False,0.5196485338699582,34
10.0,0.9069769999999999,2.1967029962283506,1.9032122650849135,0.6453968120726038,0.05395062617082014,0.8833890129547333,0.05884950604826633,False,0.511925177600473,34
314.0,0.8046510000000001,2.1967029962283506,1.9032122650849135,0.6453968120726038,0.05395062617082014,0.8833890129547333,0.05884950604826633,False,0.511925177600473,34
66.0,1.0,3.0203700483945397,2.3667875691332125,1.7002561554766633,0.12209132391488553,0.706115535690734,0.3414313935184412,False,0.5111624926753137,34
174.0,1.0,1.033354205384345,0.21121954149121258,0.28911295423923855,0.7173257445891182,0.1035422023644545,0.6436953528246091,False,0.5002951756959525,34
136.0,1.0,1.033354205384345,0.21121954149121258,0.28911295423923855,0.7173257445891182,0.1035422023644545,0.6436953528246091,False,0.5002951756959525,34
143.0,1.0,1.033354205384345,0.21121954149121258,0.28911295423923855,0.7173257445891182,0.1035422023644545,0.6436953528246091,False,0.5002951756959525,34
189.0,1.0,1.033354205384345,0.21121954149121258,0.28911295423923855,0.7173257445891182,0.1035422023644545,0.6436953528246091,False,0.5002951756959525,34
156.0,1.0,1.033354205384345,0.21121954149121258,0.28911295423923855,0.7173257445891182,0.1035422023644545,0.6436953528246091,False,0.5002951756959525,34
178.0,1.0,1.033354205384345,0.21121954149121258,0.28911295423923855,0.7173257445891182,0.1035422023644545,0.6436953528246091,False,0.5002951756959525,34
134.0,1.0,1.033354205384345,0.21121954149121258,0.28911295423923855,0.7173257445891182,0.1035422023644545,0.6436953528246091,False,0.5002951756959525,34
116.0,1.0,2.835678188237451,2.2553695128235787,0.4186791044426139,1.1666400229285538,0.895975867588406,0.7843884605061221,False,0.49437224752150033,34
274.0,1.0,2.835678188237451,2.2553695128235787,0.4186791044426139,1.1666400229285538,0.895975867588406,0.7843884605061221,False,0.49437224752150033,34
171.0,1.0,2.835678188237451,2.2553695128235787,0.4186791044426139,1.1666400229285538,0.895975867588406,0.7843884605061221,False,0.49437224752150033,34
106.0,1.0,1.4070155270767797,0.6894593130362887,0.6499263241759557,0.10121040153345454,0.8847825180680955,0.5374482975955219,False,0.4919388525987416,34
313.0,0.730233,3.001314843573468,2.619201041616811,0.6289803005255705,1.0863863131303269,0.7560700544695693,0.013539821863049084,False,0.4675233565419529,34
43.0,0.7209300000000001,3.001314843573468,2.619201041616811,0.6289803005255705,1.0863863131303269,0.7560700544695693,0.013539821863049084,False,0.4675233565419529,34
312.0,0.744186,3.001314843573468,2.619201041616811,0.6289803005255705,1.0863863131303269,0.7560700544695693,0.013539821863049084,False,0.4675233565419529,34
311.0,0.734884,3.001314843573468,2.619201041616811,0.6289803005255705,1.0863863131303269,0.7560700544695693,0.013539821863049084,False,0.4675233565419529,34
39.0,0.646512,3.001314843573468,2.619201041616811,0.6289803005255705,1.0863863131303269,0.7560700544695693,0.013539821863049084,False,0.434853081601155,34
310.0,0.665116,3.001314843573468,2.619201041616811,0.6289803005255705,1.0863863131303269,0.7560700544695693,0.013539821863049084,False,0.434853081601155,34
101.0,1.0,1.7208903142394998,0.2319992590989255,1.4314530550153053,0.19686503395492014,0.1947052511134192,0.8842601383659741,False,0.42518307457877835,34
69.0,1.0,2.2871958793069394,0.11714889320962474,1.9593883724085017,0.024948795300440665,0.8112101960638077,0.8483241766117136,True,0.39320503763980147,34
87.0,0.637209,3.1075522252691674,2.4361073812941916,1.4627537329255242,1.0571095755355153,0.6262186764269069,0.2701530880760222,False,0.3885781201286385,34
32.0,0.623256,3.001314843573468,2.619201041616811,0.6289803005255705,1.0863863131303269,0.7560700544695693,0.013539821863049084,False,0.3822244997935427,34
35.0,0.581395,3.001314843573468,2.619201041616811,0.6289803005255705,1.0863863131303269,0.7560700544695693,0.013539821863049084,False,0.36945956598585283,34
33.0,0.581395,3.001314843573468,2.619201041616811,0.6289803005255705,1.0863863131303269,0.7560700544695693,0.013539821863049084,False,0.36945956598585283,34
309.0,0.613953,2.1967029962283506,1.9032122650849135,0.6453968120726038,0.05395062617082014,0.8833890129547333,0.05884950604826633,False,0.3617362097163678,34
169.0,0.553488,1.033354205384345,0.21121954149121258,0.28911295423923855,0.7173257445891182,0.1035422023644545,0.6436953528246091,False,0.3451431019518375,34
8.0,0.544186,2.1967029962283506,1.9032122650849135,0.6453968120726038,0.05395062617082014,0.8833890129547333,0.05884950604826633,False,0.3276016282312739,34
15.0,0.539535,2.1967029962283506,1.9032122650849135,0.6453968120726038,0.05395062617082014,0.8833890129547333,0.05884950604826633,False,0.26372910237108427,34
6.0,0.534884,2.1967029962283506,1.9032122650849135,0.6453968120726038,0.05395062617082014,0.8833890129547333,0.05884950604826633,False,0.24044480326335277,34
1.0,0.530233,2.1967029962283506,1.9032122650849135,0.6453968120726038,0.05395062617082014,0.8833890129547333,0.05884950604826633,False,0.23525953409076686,34
224.0,0.395349,2.1967029962283506,1.9032122650849135,0.6453968120726038,0.05395062617082014,0.8833890129547333,0.05884950604826633,False,0.11544537708324683,34
7.0,0.5255810000000001,2.1967029962283506,1.9032122650849135,0.6453968120726038,0.05395062617082014,0.8833890129547333,0.05884950604826633,False,0.11204549251786111,34
71.0,0.34883699999999995,3.0203700483945397,2.3667875691332125,1.7002561554766633,0.12209132391488553,0.706115535690734,0.3414313935184412,False,0.10473342920370364,34
109.0,0.35348799999999997,3.0203700483945397,2.3667875691332125,1.7002561554766633,0.12209132391488553,0.706115535690734,0.3414313935184412,False,0.10473342920370364,34
90.0,0.5023259999999999,3.1075522252691674,2.4361073812941916,1.4627537329255242,1.0571095755355153,0.6262186764269069,0.2701530880760222,False,0.08448940429169009,34
86.0,0.5162789999999999,3.1075522252691674,2.4361073812941916,1.4627537329255242,1.0571095755355153,0.6262186764269069,0.2701530880760222,False,0.08448940429169009,34
125.0,0.372093,1.4070155270767797,0.6894593130362887,0.6499263241759557,0.10121040153345454,0.8847825180680955,0.5374482975955219,False,0.06564652037312915,34
11.0,0.469767,2.1967029962283506,1.9032122650849135,0.6453968120726038,0.05395062617082014,0.8833890129547333,0.05884950604826633,False,0.04533400144446357,34
28.0,0.46511600000000003,2.1967029962283506,1.9032122650849135,0.6453968120726038,0.05395062617082014,0.8833890129547333,0.05884950604826633,False,0.04533400144446357,34
9.0,0.469767,2.1967029962283506,1.9032122650849135,0.6453968120726038,0.05395062617082014,0.8833890129547333,0.05884950604826633,False,0.04533400144446357,34
16.0,0.483721,2.1967029962283506,1.9032122650849135,0.6453968120726038,0.05395062617082014,0.8833890129547333,0.05884950604826633,False,0.04533400144446357,34
135.0,0.483721,2.1967029962283506,1.9032122650849135,0.6453968120726038,0.05395062617082014,0.8833890129547333,0.05884950604826633,False,0.04533400144446357,34
118.0,0.48837200000000003,2.7426256256396893,2.601173206589667,0.5089870376574795,0.5424760544662481,0.017365832254143954,0.44971504915117483,False,0.03613035330393034,34
119.0,0.483721,2.7426256256396893,2.601173206589667,0.5089870376574795,0.5424760544662481,0.017365832254143954,0.44971504915117483,False,0.03613035330393034,34
20.0,0.293023,2.2871958793069394,0.11714889320962474,1.9593883724085017,0.024948795300440665,0.8112101960638077,0.8483241766117136,False,-0.07075307824340803,34
30.0,0.293023,2.2871958793069394,0.11714889320962474,1.9593883724085017,0.024948795300440665,0.8112101960638077,0.8483241766117136,False,-0.07075307824340803,34
27.0,0.30232600000000004,2.2871958793069394,0.11714889320962474,1.9593883724085017,0.024948795300440665,0.8112101960638077,0.8483241766117136,False,-0.07075307824340803,34
70.0,0.33488399999999996,3.0203700483945397,2.3667875691332125,1.7002561554766633,0.12209132391488553,0.706115535690734,0.3414313935184412,True,-0.12423815653670445,34
124.0,0.288372,3.0203700483945397,2.3667875691332125,1.7002561554766633,0.12209132391488553,0.706115535690734,0.3414313935184412,False,-0.12972858716937646,34
192.0,0.339535,1.033354205384345,0.21121954149121258,0.28911295423923855,0.7173257445891182,0.1035422023644545,0.6436953528246091,False,-0.15019922124282936,34
65.0,0.274419,1.7208903142394998,0.2319992590989255,1.4314530550153053,0.19686503395492014,0.1947052511134192,0.8842601383659741,True,-0.1600631027585983,34
31.0,0.16744199999999998,2.1967029962283506,1.9032122650849135,0.6453968120726038,0.05395062617082014,0.8833890129547333,0.05884950604826633,False,-0.1613527060853752,34
296.0,0.2,2.1967029962283506,1.9032122650849135,0.6453968120726038,0.05395062617082014,0.8833890129547333,0.05884950604826633,False,-0.1613527060853752,34
64.0,0.227907,3.0203700483945397,2.3667875691332125,1.7002561554766633,0.12209132391488553,0.706115535690734,0.3414313935184412,True,-0.17039118657467184,34
129.0,0.148837,2.1967029962283506,1.9032122650849135,0.6453968120726038,0.05395062617082014,0.8833890129547333,0.05884950604826633,False,-0.1714374105071743,34
128.0,0.139535,2.1967029962283506,1.9032122650849135,0.6453968120726038,0.05395062617082014,0.8833890129547333,0.05884950604826633,False,-0.1714374105071743,34
293.0,0.134884,2.1967029962283506,1.9032122650849135,0.6453968120726038,0.05395062617082014,0.8833890129547333,0.05884950604826633,False,-0.1714374105071743,34
17.0,0.08837199999999999,1.4070155270767797,0.6894593130362887,0.6499263241759557,0.10121040153345454,0.8847825180680955,0.5374482975955219,False,-0.175048673697681,34
77.0,0.08372099999999999,1.4070155270767797,0.6894593130362887,0.6499263241759557,0.10121040153345454,0.8847825180680955,0.5374482975955219,False,-0.175048673697681,34
37.0,0.08837199999999999,1.4070155270767797,0.6894593130362887,0.6499263241759557,0.10121040153345454,0.8847825180680955,0.5374482975955219,False,-0.175048673697681,34
295.0,0.24186,1.7208903142394998,0.2319992590989255,1.4314530550153053,0.19686503395492014,0.1947052511134192,0.8842601383659741,False,-0.18472232631680313,34
89.0,0.237209,1.7208903142394998,0.2319992590989255,1.4314530550153053,0.19686503395492014,0.1947052511134192,0.8842601383659741,False,-0.18472232631680313,34
111.0,0.237209,1.7208903142394998,0.2319992590989255,1.4314530550153053,0.19686503395492014,0.1947052511134192,0.8842601383659741,False,-0.18472232631680313,34
76.0,0.21395299999999998,3.0203700483945397,2.3667875691332125,1.7002561554766633,0.12209132391488553,0.706115535690734,0.3414313935184412,True,-0.20318285902807864,34
58.0,0.032558,2.1967029962283506,1.9032122650849135,0.6453968120726038,0.05395062617082014,0.8833890129547333,0.05884950604826633,False,-0.21062609034131016,34
61.0,0.051163,2.1967029962283506,1.9032122650849135,0.6453968120726038,0.05395062617082014,0.8833890129547333,0.05884950604826633,True,-0.21062609034131016,34
108.0,0.046512000000000005,2.1967029962283506,1.9032122650849135,0.6453968120726038,0.05395062617082014,0.8833890129547333,0.05884950604826633,False,-0.21062609034131016,34
142.0,0.037209,2.1967029962283506,1.9032122650849135,0.6453968120726038,0.05395062617082014,0.8833890129547333,0.05884950604826633,False,-0.21062609034131016,34
185.0,0.046512000000000005,2.1967029962283506,1.9032122650849135,0.6453968120726038,0.05395062617082014,0.8833890129547333,0.05884950604826633,False,-0.21062609034131016,34
91.0,0.032558,2.1967029962283506,1.9032122650849135,0.6453968120726038,0.05395062617082014,0.8833890129547333,0.05884950604826633,False,-0.21062609034131016,34
60.0,0.037209,2.1967029962283506,1.9032122650849135,0.6453968120726038,0.05395062617082014,0.8833890129547333,0.05884950604826633,True,-0.21062609034131016,34
248.0,0.037209,2.1967029962283506,1.9032122650849135,0.6453968120726038,0.05395062617082014,0.8833890129547333,0.05884950604826633,False,-0.21062609034131016,34
196.0,0.265116,1.033354205384345,0.21121954149121258,0.28911295423923855,0.7173257445891182,0.1035422023644545,0.6436953528246091,False,-0.23123057617992324,34
285.0,0.26976700000000003,2.835678188237451,2.2553695128235787,0.4186791044426139,1.1666400229285538,0.895975867588406,0.7843884605061221,False,-0.28648115840529514,34
182.0,0.13023300000000002,1.033354205384345,0.21121954149121258,0.28911295423923855,0.7173257445891182,0.1035422023644545,0.6436953528246091,False,-0.2987661766133341,34
236.0,0.08372099999999999,1.033354205384345,0.21121954149121258,0.28911295423923855,0.7173257445891182,0.1035422023644545,0.6436953528246091,False,-0.2987661766133341,34
242.0,0.125581,1.033354205384345,0.21121954149121258,0.28911295423923855,0.7173257445891182,0.1035422023644545,0.6436953528246091,False,-0.2987661766133341,34
290.0,0.09302300000000001,1.033354205384345,0.21121954149121258,0.28911295423923855,0.7173257445891182,0.1035422023644545,0.6436953528246091,False,-0.2987661766133341,34
26.0,0.08372099999999999,1.033354205384345,0.21121954149121258,0.28911295423923855,0.7173257445891182,0.1035422023644545,0.6436953528246091,False,-0.2987661766133341,34
100.0,0.15814,2.835678188237451,2.2553695128235787,0.4186791044426139,1.1666400229285538,0.895975867588406,0.7843884605061221,False,-0.31229542857069786,34
177.0,0.139535,2.835678188237451,2.2553695128235787,0.4186791044426139,1.1666400229285538,0.895975867588406,0.7843884605061221,False,-0.31229542857069786,34
127.0,0.10697699999999999,2.835678188237451,2.2553695128235787,0.4186791044426139,1.1666400229285538,0.895975867588406,0.7843884605061221,False,-0.31229542857069786,34
81.0,0.102326,2.835678188237451,2.2553695128235787,0.4186791044426139,1.1666400229285538,0.895975867588406,0.7843884605061221,False,-0.31229542857069786,34
80.0,0.11627900000000001,2.835678188237451,2.2553695128235787,0.4186791044426139,1.1666400229285538,0.895975867588406,0.7843884605061221,False,-0.31229542857069786,34
12.0,0.08372099999999999,2.7426256256396893,2.601173206589667,0.5089870376574795,0.5424760544662481,0.017365832254143954,0.44971504915117483,False,-0.31953976026895287,34
217.0,0.032558,1.033354205384345,0.21121954149121258,0.28911295423923855,0.7173257445891182,0.1035422023644545,0.6436953528246091,False,-0.33795485644747,34
161.0,0.032558,1.033354205384345,0.21121954149121258,0.28911295423923855,0.7173257445891182,0.1035422023644545,0.6436953528246091,False,-0.33795485644747,34
219.0,0.051163,1.033354205384345,0.21121954149121258,0.28911295423923855,0.7173257445891182,0.1035422023644545,0.6436953528246091,False,-0.33795485644747,34
249.0,0.074419,1.033354205384345,0.21121954149121258,0.28911295423923855,0.7173257445891182,0.1035422023644545,0.6436953528246091,False,-0.33795485644747,34
237.0,0.074419,1.033354205384345,0.21121954149121258,0.28911295423923855,0.7173257445891182,0.1035422023644545,0.6436953528246091,False,-0.33795485644747,34
160.0,0.037209,1.033354205384345,0.21121954149121258,0.28911295423923855,0.7173257445891182,0.1035422023644545,0.6436953528246091,False,-0.33795485644747,34
102.0,0.04186,1.033354205384345,0.21121954149121258,0.28911295423923855,0.7173257445891182,0.1035422023644545,0.6436953528246091,False,-0.33795485644747,34
294.0,0.04186,1.033354205384345,0.21121954149121258,0.28911295423923855,0.7173257445891182,0.1035422023644545,0.6436953528246091,False,-0.33795485644747,34
246.0,0.055814,2.835678188237451,2.2553695128235787,0.4186791044426139,1.1666400229285538,0.895975867588406,0.7843884605061221,False,-0.35148410840483374,34
114.0,0.037209,2.835678188237451,2.2553695128235787,0.4186791044426139,1.1666400229285538,0.895975867588406,0.7843884605061221,False,-0.35148410840483374,34
115.0,0.04186,2.835678188237451,2.2553695128235787,0.4186791044426139,1.1666400229285538,0.895975867588406,0.7843884605061221,False,-0.35148410840483374,34
262.0,0.04186,2.835678188237451,2.2553695128235787,0.4186791044426139,1.1666400229285538,0.895975867588406,0.7843884605061221,False,-0.35148410840483374,34
92.0,0.060465,3.1075522252691674,2.4361073812941916,1.4627537329255242,1.0571095755355153,0.6262186764269069,0.2701530880760222,False,-0.36344459684260966,34
121.0,0.060465,3.1075522252691674,2.4361073812941916,1.4627537329255242,1.0571095755355153,0.6262186764269069,0.2701530880760222,False,-0.36344459684260966,34
120.0,0.055814,3.1075522252691674,2.4361073812941916,1.4627537329255242,1.0571095755355153,0.6262186764269069,0.2701530880760222,False,-0.36344459684260966,34
1.0,1.0,3.519022175581273,3.4334380210778117,0.31460286990891784,0.6656322328819558,0.1648758184580702,0.16060870752071482,False,0.55263518188058,412
124.0,1.0,3.2450338365296485,3.0441661180194597,0.440055945869559,0.41990634812930805,0.7864540015518431,0.52422969476491,False,0.5525832196488213,412
88.0,1.0,2.8818600861734724,2.5532562745038163,0.4966346394829775,1.082058370835956,0.1849915196369008,0.5781710885356914,False,0.5458346560971029,412
6.0,0.809302,3.519022175581273,3.4334380210778117,0.31460286990891784,0.6656322328819558,0.1648758184580702,0.16060870752071482,False,0.5093815498031551,412
101.0,1.0,0.90085796062427,0.34914815230855023,0.5279353173931964,0.17191623865447947,0.6165049449503885,0.03593596175426045,False,0.5023983043375648,412
116.0,1.0,3.0524351736717117,2.3725184060332034,1.5407092679658878,1.1416912276281133,0.08476567152459824,0.06393571610559146,False,0.49384282677564023,412
274.0,1.0,3.0524351736717117,2.3725184060332034,1.5407092679658878,1.1416912276281133,0.08476567152459824,0.06393571610559146,False,0.49384282677564023,412
171.0,1.0,3.0524351736717117,2.3725184060332034,1.5407092679658878,1.1416912276281133,0.08476567152459824,0.06393571610559146,False,0.49384282677564023,412
18.0,1.0,2.537272979764315,2.020361158294538,1.3139915603358978,0.029001830870379473,0.07217881689092559,0.7894746705634472,False,0.48778476861286557,412
44.0,1.0,2.537272979764315,2.020361158294538,1.3139915603358978,0.029001830870379473,0.07217881689092559,0.7894746705634472,False,0.48778476861286557,412
19.0,1.0,2.537272979764315,2.020361158294538,1.3139915603358978,0.029001830870379473,0.07217881689092559,0.7894746705634472,False,0.48778476861286557,412
123.0,1.0,2.537272979764315,2.020361158294538,1.3139915603358978,0.029001830870379473,0.07217881689092559,0.7894746705634472,False,0.48778476861286557,412
14.0,1.0,2.537272979764315,2.020361158294538,1.3139915603358978,0.029001830870379473,0.07217881689092559,0.7894746705634472,False,0.48778476861286557,412
23.0,1.0,2.537272979764315,2.020361158294538,1.3139915603358978,0.029001830870379473,0.07217881689092559,0.7894746705634472,False,0.48778476861286557,412
13.0,1.0,2.537272979764315,2.020361158294538,1.3139915603358978,0.029001830870379473,0.07217881689092559,0.7894746705634472,False,0.48778476861286557,412
45.0,1.0,2.537272979764315,2.020361158294538,1.3139915603358978,0.029001830870379473,0.07217881689092559,0.7894746705634472,False,0.48778476861286557,412
46.0,1.0,2.537272979764315,2.020361158294538,1.3139915603358978,0.029001830870379473,0.07217881689092559,0.7894746705634472,False,0.48778476861286557,412
21.0,1.0,2.537272979764315,2.020361158294538,1.3139915603358978,0.029001830870379473,0.07217881689092559,0.7894746705634472,False,0.48778476861286557,412
41.0,1.0,2.537272979764315,2.020361158294538,1.3139915603358978,0.029001830870379473,0.07217881689092559,0.7894746705634472,False,0.48778476861286557,412
193.0,1.0,2.537272979764315,2.020361158294538,1.3139915603358978,0.029001830870379473,0.07217881689092559,0.7894746705634472,False,0.48778476861286557,412
2.0,1.0,2.537272979764315,2.020361158294538,1.3139915603358978,0.029001830870379473,0.07217881689092559,0.7894746705634472,False,0.48778476861286557,412
29.0,1.0,2.537272979764315,2.020361158294538,1.3139915603358978,0.029001830870379473,0.07217881689092559,0.7894746705634472,False,0.48778476861286557,412
24.0,1.0,2.537272979764315,2.020361158294538,1.3139915603358978,0.029001830870379473,0.07217881689092559,0.7894746705634472,False,0.48778476861286557,412
38.0,1.0,2.537272979764315,2.020361158294538,1.3139915603358978,0.029001830870379473,0.07217881689092559,0.7894746705634472,False,0.48778476861286557,412
25.0,1.0,2.537272979764315,2.020361158294538,1.3139915603358978,0.029001830870379473,0.07217881689092559,0.7894746705634472,False,0.48778476861286557,412
22.0,1.0,2.537272979764315,2.020361158294538,1.3139915603358978,0.029001830870379473,0.07217881689092559,0.7894746705634472,False,0.48778476861286557,412
168.0,1.0,2.537272979764315,2.020361158294538,1.3139915603358978,0.029001830870379473,0.07217881689092559,0.7894746705634472,False,0.48778476861286557,412
105.0,1.0,3.4831333021299544,2.7183220997992916,1.4504013347510223,0.5175272591658074,0.8285760283179517,1.2980392257628883,False,0.47451864364225466,412
34.0,0.7860469999999999,2.537272979764315,2.020361158294538,1.3139915603358978,0.029001830870379473,0.07217881689092559,0.7894746705634472,False,0.4489624771878086,412
10.0,0.967442,2.537272979764315,2.020361158294538,1.3139915603358978,0.029001830870379473,0.07217881689092559,0.7894746705634472,False,0.4489624771878086,412
314.0,0.8046510000000001,2.537272979764315,2.020361158294538,1.3139915603358978,0.029001830870379473,0.07217881689092559,0.7894746705634472,False,0.4489624771878086,412
134.0,1.0,1.997819871471801,0.3283684347008373,1.6702754181692632,0.7422745398895589,0.7076679936993533,0.20462882378710448,False,0.44191306080693976,412
143.0,1.0,1.997819871471801,0.3283684347008373,1.6702754181692632,0.7422745398895589,0.7076679936993533,0.20462882378710448,False,0.44191306080693976,412
178.0,1.0,1.997819871471801,0.3283684347008373,1.6702754181692632,0.7422745398895589,0.7076679936993533,0.20462882378710448,False,0.44191306080693976,412
136.0,1.0,1.997819871471801,0.3283684347008373,1.6702754181692632,0.7422745398895589,0.7076679936993533,0.20462882378710448,False,0.44191306080693976,412
189.0,1.0,1.997819871471801,0.3283684347008373,1.6702754181692632,0.7422745398895589,0.7076679936993533,0.20462882378710448,False,0.44191306080693976,412
156.0,1.0,1.997819871471801,0.3283684347008373,1.6702754181692632,0.7422745398895589,0.7076679936993533,0.20462882378710448,False,0.44191306080693976,412
174.0,1.0,1.997819871471801,0.3283684347008373,1.6702754181692632,0.7422745398895589,0.7076679936993533,0.20462882378710448,False,0.44191306080693976,412
7.0,0.660465,3.519022175581273,3.4334380210778117,0.31460286990891784,0.6656322328819558,0.1648758184580702,0.16060870752071482,False,0.424586097534352,412
311.0,0.734884,2.537272979764315,2.020361158294538,1.3139915603358978,0.029001830870379473,0.07217881689092559,0.7894746705634472,False,0.39683729985980354,412
55.0,1.0,2.2871958793069394,0.11714889320962474,1.9593883724085017,0.024948795300440665,0.8112101960638077,0.8483241766117136,False,0.39320503763980147,412
73.0,1.0,2.2871958793069394,0.11714889320962474,1.9593883724085017,0.024948795300440665,0.8112101960638077,0.8483241766117136,False,0.39320503763980147,412
76.0,1.0,2.2871958793069394,0.11714889320962474,1.9593883724085017,0.024948795300440665,0.8112101960638077,0.8483241766117136,False,0.39320503763980147,412
79.0,1.0,2.2871958793069394,0.11714889320962474,1.9593883724085017,0.024948795300440665,0.8112101960638077,0.8483241766117136,False,0.39320503763980147,412
60.0,1.0,2.2871958793069394,0.11714889320962474,1.9593883724085017,0.024948795300440665,0.8112101960638077,0.8483241766117136,False,0.39320503763980147,412
62.0,1.0,2.2871958793069394,0.11714889320962474,1.9593883724085017,0.024948795300440665,0.8112101960638077,0.8483241766117136,False,0.39320503763980147,412
65.0,1.0,2.2871958793069394,0.11714889320962474,1.9593883724085017,0.024948795300440665,0.8112101960638077,0.8483241766117136,False,0.39320503763980147,412
103.0,1.0,2.2871958793069394,0.11714889320962474,1.9593883724085017,0.024948795300440665,0.8112101960638077,0.8483241766117136,False,0.39320503763980147,412
69.0,1.0,2.2871958793069394,0.11714889320962474,1.9593883724085017,0.024948795300440665,0.8112101960638077,0.8483241766117136,True,0.39320503763980147,412
64.0,1.0,2.2871958793069394,0.11714889320962474,1.9593883724085017,0.024948795300440665,0.8112101960638077,0.8483241766117136,False,0.39320503763980147,412
84.0,1.0,2.2871958793069394,0.11714889320962474,1.9593883724085017,0.024948795300440665,0.8112101960638077,0.8483241766117136,False,0.39320503763980147,412
57.0,1.0,2.2871958793069394,0.11714889320962474,1.9593883724085017,0.024948795300440665,0.8112101960638077,0.8483241766117136,False,0.39320503763980147,412
289.0,1.0,2.2871958793069394,0.11714889320962474,1.9593883724085017,0.024948795300440665,0.8112101960638077,0.8483241766117136,False,0.39320503763980147,412
288.0,1.0,2.2871958793069394,0.11714889320962474,1.9593883724085017,0.024948795300440665,0.8112101960638077,0.8483241766117136,False,0.39320503763980147,412
56.0,1.0,2.2871958793069394,0.11714889320962474,1.9593883724085017,0.024948795300440665,0.8112101960638077,0.8483241766117136,False,0.39320503763980147,412
141.0,1.0,2.2871958793069394,0.11714889320962474,1.9593883724085017,0.024948795300440665,0.8112101960638077,0.8483241766117136,False,0.39320503763980147,412
59.0,1.0,2.2871958793069394,0.11714889320962474,1.9593883724085017,0.024948795300440665,0.8112101960638077,0.8483241766117136,False,0.39320503763980147,412
78.0,1.0,2.2871958793069394,0.11714889320962474,1.9593883724085017,0.024948795300440665,0.8112101960638077,0.8483241766117136,False,0.39320503763980147,412
61.0,1.0,2.2871958793069394,0.11714889320962474,1.9593883724085017,0.024948795300440665,0.8112101960638077,0.8483241766117136,False,0.39320503763980147,412
70.0,1.0,2.2871958793069394,0.11714889320962474,1.9593883724085017,0.024948795300440665,0.8112101960638077,0.8483241766117136,False,0.39320503763980147,412
8.0,0.6418600000000001,3.519022175581273,3.4334380210778117,0.31460286990891784,0.6656322328819558,0.1648758184580702,0.16060870752071482,False,0.390282418093899,412
87.0,0.637209,2.8818600861734724,2.5532562745038163,0.4966346394829775,1.082058370835956,0.1849915196369008,0.5781710885356914,False,0.3834818923104219,412
39.0,0.646512,2.537272979764315,2.020361158294538,1.3139915603358978,0.029001830870379473,0.07217881689092559,0.7894746705634472,False,0.36416702491900566,412
310.0,0.665116,2.537272979764315,2.020361158294538,1.3139915603358978,0.029001830870379473,0.07217881689092559,0.7894746705634472,False,0.36416702491900566,412
313.0,0.6697669999999999,2.537272979764315,2.020361158294538,1.3139915603358978,0.029001830870379473,0.07217881689092559,0.7894746705634472,False,0.36416702491900566,412
312.0,0.67907,2.537272979764315,2.020361158294538,1.3139915603358978,0.029001830870379473,0.07217881689092559,0.7894746705634472,False,0.36416702491900566,412
309.0,0.6,3.519022175581273,3.4334380210778117,0.31460286990891784,0.6656322328819558,0.1648758184580702,0.16060870752071482,False,0.3591925819190499,412
109.0,0.87907,2.2871958793069394,0.11714889320962474,1.9593883724085017,0.024948795300440665,0.8112101960638077,0.8483241766117136,False,0.35438274621474447,412
106.0,1.0,2.0728969399286132,0.8066082062459135,1.3094620482325459,0.07626160623301387,0.0735723220042877,1.3857724742072355,False,0.3411306950284172,412
43.0,0.562791,2.537272979764315,2.020361158294538,1.3139915603358978,0.029001830870379473,0.07217881689092559,0.7894746705634472,False,0.3275337168746577,412
40.0,0.581395,2.537272979764315,2.020361158294538,1.3139915603358978,0.029001830870379473,0.07217881689092559,0.7894746705634472,False,0.3192145392844321,412
35.0,0.581395,2.537272979764315,2.020361158294538,1.3139915603358978,0.029001830870379473,0.07217881689092559,0.7894746705634472,False,0.3192145392844321,412
77.0,0.702326,2.2871958793069394,0.11714889320962474,1.9593883724085017,0.024948795300440665,0.8112101960638077,0.8483241766117136,False,0.3186504528478857,412
71.0,0.744186,2.2871958793069394,0.11714889320962474,1.9593883724085017,0.024948795300440665,0.8112101960638077,0.8483241766117136,False,0.3186504528478857,412
169.0,0.553488,1.997819871471801,0.3283684347008373,1.6702754181692632,0.7422745398895589,0.7076679936993533,0.20462882378710448,False,0.3116333576959212,412
96.0,0.67907,2.2871958793069394,0.11714889320962474,1.9593883724085017,0.024948795300440665,0.8112101960638077,0.8483241766117136,False,0.28598017790708774,412
107.0,0.655814,2.2871958793069394,0.11714889320962474,1.9593883724085017,0.024948795300440665,0.8112101960638077,0.8483241766117136,False,0.28598017790708774,412
298.0,0.544186,2.537272979764315,2.020361158294538,1.3139915603358978,0.029001830870379473,0.07217881689092559,0.7894746705634472,False,0.28507995779933826,412
12.0,0.539535,3.519022175581273,3.4334380210778117,0.31460286990891784,0.6656322328819558,0.1648758184580702,0.16060870752071482,False,0.2611854745737664,412
15.0,0.539535,2.537272979764315,2.020361158294538,1.3139915603358978,0.029001830870379473,0.07217881689092559,0.7894746705634472,False,0.24024255563394073,412
83.0,0.530233,2.2871958793069394,0.11714889320962474,1.9593883724085017,0.024948795300440665,0.8112101960638077,0.8483241766117136,False,0.14716460500774847,412
224.0,0.395349,2.537272979764315,2.020361158294538,1.3139915603358978,0.029001830870379473,0.07217881689092559,0.7894746705634472,False,0.10397841481185784,412
36.0,0.5255810000000001,2.537272979764315,2.020361158294538,1.3139915603358978,0.029001830870379473,0.07217881689092559,0.7894746705634472,False,0.1005785302464721,412
50.0,0.372093,2.2871958793069394,0.11714889320962474,1.9593883724085017,0.024948795300440665,0.8112101960638077,0.8483241766117136,False,0.08614076254042567,412
91.0,0.367442,2.2871958793069394,0.11714889320962474,1.9593883724085017,0.024948795300440665,0.8112101960638077,0.8483241766117136,False,0.08614076254042567,412
53.0,0.372093,2.2871958793069394,0.11714889320962474,1.9593883724085017,0.024948795300440665,0.8112101960638077,0.8483241766117136,False,0.08614076254042567,412
74.0,0.35814,2.2871958793069394,0.11714889320962474,1.9593883724085017,0.024948795300440665,0.8112101960638077,0.8483241766117136,False,0.07373364913188522,412
86.0,0.5162789999999999,2.8818600861734724,2.5532562745038163,0.4966346394829775,1.082058370835956,0.1849915196369008,0.5781710885356914,False,0.060358052778681545,412
90.0,0.5023259999999999,2.8818600861734724,2.5532562745038163,0.4966346394829775,1.082058370835956,0.1849915196369008,0.5781710885356914,False,0.060358052778681545,412
75.0,0.395349,2.2871958793069394,0.11714889320962474,1.9593883724085017,0.024948795300440665,0.8112101960638077,0.8483241766117136,False,0.05904616344766623,412
125.0,0.372093,2.0728969399286132,0.8066082062459135,1.3094620482325459,0.07626160623301387,0.0735723220042877,1.3857724742072355,False,0.04110388339626353,412
16.0,0.483721,2.537272979764315,2.020361158294538,1.3139915603358978,0.029001830870379473,0.07217881689092559,0.7894746705634472,False,0.03386703917307455,412
28.0,0.46511600000000003,2.537272979764315,2.020361158294538,1.3139915603358978,0.029001830870379473,0.07217881689092559,0.7894746705634472,False,0.03386703917307455,412
11.0,0.469767,2.537272979764315,2.020361158294538,1.3139915603358978,0.029001830870379473,0.07217881689092559,0.7894746705634472,False,0.03386703917307455,412
135.0,0.483721,2.537272979764315,2.020361158294538,1.3139915603358978,0.029001830870379473,0.07217881689092559,0.7894746705634472,False,0.03386703917307455,412
9.0,0.469767,2.537272979764315,2.020361158294538,1.3139915603358978,0.029001830870379473,0.07217881689092559,0.7894746705634472,False,0.03386703917307455,412
118.0,0.48837200000000003,3.4831333021299544,2.7183220997992916,1.4504013347510223,0.5175272591658074,0.8285760283179517,1.2980392257628883,False,0.02509691926560554,412
119.0,0.483721,3.4831333021299544,2.7183220997992916,1.4504013347510223,0.5175272591658074,0.8285760283179517,1.2980392257628883,False,0.02509691926560554,412
82.0,0.497674,2.2871958793069394,0.11714889320962474,1.9593883724085017,0.024948795300440665,0.8112101960638077,0.8483241766117136,False,-0.006373138257787442,412
85.0,0.49302300000000004,2.2871958793069394,0.11714889320962474,1.9593883724085017,0.024948795300440665,0.8112101960638077,0.8483241766117136,False,-0.011065212191117047,412
102.0,0.474419,2.2871958793069394,0.11714889320962474,1.9593883724085017,0.024948795300440665,0.8112101960638077,0.8483241766117136,False,-0.011065212191117047,412
30.0,0.293023,2.2871958793069394,0.11714889320962474,1.9593883724085017,0.024948795300440665,0.8112101960638077,0.8483241766117136,False,-0.07075307824340803,412
68.0,0.306977,2.2871958793069394,0.11714889320962474,1.9593883724085017,0.024948795300440665,0.8112101960638077,0.8483241766117136,False,-0.07075307824340803,412
20.0,0.293023,2.2871958793069394,0.11714889320962474,1.9593883724085017,0.024948795300440665,0.8112101960638077,0.8483241766117136,False,-0.07075307824340803,412
104.0,0.306977,2.2871958793069394,0.11714889320962474,1.9593883724085017,0.024948795300440665,0.8112101960638077,0.8483241766117136,False,-0.07075307824340803,412
121.0,0.306977,2.2871958793069394,0.11714889320962474,1.9593883724085017,0.024948795300440665,0.8112101960638077,0.8483241766117136,False,-0.07075307824340803,412
120.0,0.297674,2.2871958793069394,0.11714889320962474,1.9593883724085017,0.024948795300440665,0.8112101960638077,0.8483241766117136,False,-0.07075307824340803,412
27.0,0.30232600000000004,2.2871958793069394,0.11714889320962474,1.9593883724085017,0.024948795300440665,0.8112101960638077,0.8483241766117136,False,-0.07075307824340803,412
67.0,0.32093000000000005,2.2871958793069394,0.11714889320962474,1.9593883724085017,0.024948795300440665,0.8112101960638077,0.8483241766117136,False,-0.07075307824340803,412
66.0,0.33488399999999996,2.2871958793069394,0.11714889320962474,1.9593883724085017,0.024948795300440665,0.8112101960638077,0.8483241766117136,False,-0.07075307824340803,412
122.0,0.274419,2.2871958793069394,0.11714889320962474,1.9593883724085017,0.024948795300440665,0.8112101960638077,0.8483241766117136,False,-0.09224688472317064,412
58.0,0.265116,2.2871958793069394,0.11714889320962474,1.9593883724085017,0.024948795300440665,0.8112101960638077,0.8483241766117136,False,-0.09224688472317064,412
95.0,0.2,2.2871958793069394,0.11714889320962474,1.9593883724085017,0.024948795300440665,0.8112101960638077,0.8483241766117136,False,-0.10797645046677433,412
49.0,0.223256,2.2871958793069394,0.11714889320962474,1.9593883724085017,0.024948795300440665,0.8112101960638077,0.8483241766117136,False,-0.10797645046677433,412
97.0,0.18604700000000002,2.2871958793069394,0.11714889320962474,1.9593883724085017,0.024948795300440665,0.8112101960638077,0.8483241766117136,False,-0.10797645046677433,412
295.0,0.223256,2.2871958793069394,0.11714889320962474,1.9593883724085017,0.024948795300440665,0.8112101960638077,0.8483241766117136,False,-0.10797645046677433,412
190.0,0.17674399999999998,2.2871958793069394,0.11714889320962474,1.9593883724085017,0.024948795300440665,0.8112101960638077,0.8483241766117136,False,-0.10797645046677433,412
51.0,0.18139500000000003,2.2871958793069394,0.11714889320962474,1.9593883724085017,0.024948795300440665,0.8112101960638077,0.8483241766117136,False,-0.10797645046677433,412
52.0,0.16744199999999998,2.2871958793069394,0.11714889320962474,1.9593883724085017,0.024948795300440665,0.8112101960638077,0.8483241766117136,False,-0.10797645046677433,412
142.0,0.24186,2.2871958793069394,0.11714889320962474,1.9593883724085017,0.024948795300440665,0.8112101960638077,0.8483241766117136,False,-0.1169061082813755,412
81.0,0.25116299999999997,2.2871958793069394,0.11714889320962474,1.9593883724085017,0.024948795300440665,0.8112101960638077,0.8483241766117136,False,-0.1169061082813755,412
117.0,0.23255800000000001,2.2871958793069394,0.11714889320962474,1.9593883724085017,0.024948795300440665,0.8112101960638077,0.8483241766117136,False,-0.1169061082813755,412
108.0,0.237209,2.2871958793069394,0.11714889320962474,1.9593883724085017,0.024948795300440665,0.8112101960638077,0.8483241766117136,False,-0.1169061082813755,412
31.0,0.08837199999999999,2.2871958793069394,0.11714889320962474,1.9593883724085017,0.024948795300440665,0.8112101960638077,0.8483241766117136,False,-0.13059144827293898,412
47.0,0.134884,2.2871958793069394,0.11714889320962474,1.9593883724085017,0.024948795300440665,0.8112101960638077,0.8483241766117136,False,-0.13059144827293898,412
296.0,0.144186,2.2871958793069394,0.11714889320962474,1.9593883724085017,0.024948795300440665,0.8112101960638077,0.8483241766117136,False,-0.13059144827293898,412
304.0,0.11627900000000001,2.2871958793069394,0.11714889320962474,1.9593883724085017,0.024948795300440665,0.8112101960638077,0.8483241766117136,False,-0.13059144827293898,412
308.0,0.125581,2.2871958793069394,0.11714889320962474,1.9593883724085017,0.024948795300440665,0.8112101960638077,0.8483241766117136,False,-0.13059144827293898,412
305.0,0.12093,2.2871958793069394,0.11714889320962474,1.9593883724085017,0.024948795300440665,0.8112101960638077,0.8483241766117136,False,-0.13059144827293898,412
301.0,0.13023300000000002,2.2871958793069394,0.11714889320962474,1.9593883724085017,0.024948795300440665,0.8112101960638077,0.8483241766117136,False,-0.13059144827293898,412
306.0,0.134884,2.2871958793069394,0.11714889320962474,1.9593883724085017,0.024948795300440665,0.8112101960638077,0.8483241766117136,False,-0.13059144827293898,412
300.0,0.11627900000000001,2.2871958793069394,0.11714889320962474,1.9593883724085017,0.024948795300440665,0.8112101960638077,0.8483241766117136,False,-0.13059144827293898,412
302.0,0.11627900000000001,2.2871958793069394,0.11714889320962474,1.9593883724085017,0.024948795300440665,0.8112101960638077,0.8483241766117136,False,-0.13059144827293898,412
307.0,0.11627900000000001,2.2871958793069394,0.11714889320962474,1.9593883724085017,0.024948795300440665,0.8112101960638077,0.8483241766117136,False,-0.13059144827293898,412
98.0,0.144186,2.2871958793069394,0.11714889320962474,1.9593883724085017,0.024948795300440665,0.8112101960638077,0.8483241766117136,False,-0.13059144827293898,412
294.0,0.134884,2.2871958793069394,0.11714889320962474,1.9593883724085017,0.024948795300440665,0.8112101960638077,0.8483241766117136,False,-0.13059144827293898,412
192.0,0.339535,1.997819871471801,0.3283684347008373,1.6702754181692632,0.7422745398895589,0.7076679936993533,0.20462882378710448,False,-0.16022728891722962,412
232.0,0.037209,2.2871958793069394,0.11714889320962474,1.9593883724085017,0.024948795300440665,0.8112101960638077,0.8483241766117136,False,-0.16978012810707482,412
280.0,0.046512000000000005,2.2871958793069394,0.11714889320962474,1.9593883724085017,0.024948795300440665,0.8112101960638077,0.8483241766117136,False,-0.16978012810707482,412
284.0,0.046512000000000005,2.2871958793069394,0.11714889320962474,1.9593883724085017,0.024948795300440665,0.8112101960638077,0.8483241766117136,False,-0.16978012810707482,412
208.0,0.055814,2.2871958793069394,0.11714889320962474,1.9593883724085017,0.024948795300440665,0.8112101960638077,0.8483241766117136,False,-0.16978012810707482,412
89.0,0.237209,0.90085796062427,0.34914815230855023,0.5279353173931964,0.17191623865447947,0.6165049449503885,0.03593596175426045,False,-0.1796108847795623,412
111.0,0.237209,0.90085796062427,0.34914815230855023,0.5279353173931964,0.17191623865447947,0.6165049449503885,0.03593596175426045,False,-0.1796108847795623,412
293.0,0.223256,0.90085796062427,0.34914815230855023,0.5279353173931964,0.17191623865447947,0.6165049449503885,0.03593596175426045,False,-0.2124025572329691,412
128.0,0.139535,2.537272979764315,2.020361158294538,1.3139915603358978,0.029001830870379473,0.07217881689092559,0.7894746705634472,False,-0.22097928700303435,412
129.0,0.148837,2.537272979764315,2.020361158294538,1.3139915603358978,0.029001830870379473,0.07217881689092559,0.7894746705634472,False,-0.22097928700303435,412
37.0,0.08837199999999999,2.0728969399286132,0.8066082062459135,1.3094620482325459,0.07626160623301387,0.0735723220042877,1.3857724742072355,False,-0.23516892739867615,412
17.0,0.08837199999999999,2.0728969399286132,0.8066082062459135,1.3094620482325459,0.07626160623301387,0.0735723220042877,1.3857724742072355,False,-0.23516892739867615,412
196.0,0.265116,1.997819871471801,0.3283684347008373,1.6702754181692632,0.7422745398895589,0.7076679936993533,0.20462882378710448,False,-0.24125864385432344,412
248.0,0.037209,2.537272979764315,2.020361158294538,1.3139915603358978,0.029001830870379473,0.07217881689092559,0.7894746705634472,False,-0.26016796683717025,412
185.0,0.046512000000000005,2.537272979764315,2.020361158294538,1.3139915603358978,0.029001830870379473,0.07217881689092559,0.7894746705634472,False,-0.26016796683717025,412
285.0,0.26976700000000003,3.0524351736717117,2.3725184060332034,1.5407092679658878,1.1416912276281133,0.08476567152459824,0.06393571610559146,False,-0.2712993787169238,412
26.0,0.08837199999999999,3.4831333021299544,2.7183220997992916,1.4504013347510223,0.5175272591658074,0.8285760283179517,1.2980392257628883,False,-0.282708150495391,412
242.0,0.125581,1.997819871471801,0.3283684347008373,1.6702754181692632,0.7422745398895589,0.7076679936993533,0.20462882378710448,False,-0.3213245376720998,412
236.0,0.08372099999999999,1.997819871471801,0.3283684347008373,1.6702754181692632,0.7422745398895589,0.7076679936993533,0.20462882378710448,False,-0.3213245376720998,412
182.0,0.13023300000000002,1.997819871471801,0.3283684347008373,1.6702754181692632,0.7422745398895589,0.7076679936993533,0.20462882378710448,False,-0.3213245376720998,412
290.0,0.09302300000000001,1.997819871471801,0.3283684347008373,1.6702754181692632,0.7422745398895589,0.7076679936993533,0.20462882378710448,False,-0.3213245376720998,412
100.0,0.15814,3.0524351736717117,2.3725184060332034,1.5407092679658878,1.1416912276281133,0.08476567152459824,0.06393571610559146,False,-0.35136527253470007,412
177.0,0.139535,3.0524351736717117,2.3725184060332034,1.5407092679658878,1.1416912276281133,0.08476567152459824,0.06393571610559146,False,-0.35136527253470007,412
80.0,0.11627900000000001,3.0524351736717117,2.3725184060332034,1.5407092679658878,1.1416912276281133,0.08476567152459824,0.06393571610559146,False,-0.35136527253470007,412
127.0,0.10697699999999999,3.0524351736717117,2.3725184060332034,1.5407092679658878,1.1416912276281133,0.08476567152459824,0.06393571610559146,False,-0.35136527253470007,412
92.0,0.060465,2.8818600861734724,2.5532562745038163,0.4966346394829775,1.082058370835956,0.1849915196369008,0.5781710885356914,False,-0.3588689455433504,412
161.0,0.032558,1.997819871471801,0.3283684347008373,1.6702754181692632,0.7422745398895589,0.7076679936993533,0.20462882378710448,False,-0.36051321750623566,412
217.0,0.032558,1.997819871471801,0.3283684347008373,1.6702754181692632,0.7422745398895589,0.7076679936993533,0.20462882378710448,False,-0.36051321750623566,412
249.0,0.074419,1.997819871471801,0.3283684347008373,1.6702754181692632,0.7422745398895589,0.7076679936993533,0.20462882378710448,False,-0.36051321750623566,412
219.0,0.051163,1.997819871471801,0.3283684347008373,1.6702754181692632,0.7422745398895589,0.7076679936993533,0.20462882378710448,False,-0.36051321750623566,412
160.0,0.037209,1.997819871471801,0.3283684347008373,1.6702754181692632,0.7422745398895589,0.7076679936993533,0.20462882378710448,False,-0.36051321750623566,412
237.0,0.074419,1.997819871471801,0.3283684347008373,1.6702754181692632,0.7422745398895589,0.7076679936993533,0.20462882378710448,False,-0.36051321750623566,412
114.0,0.037209,3.0524351736717117,2.3725184060332034,1.5407092679658878,1.1416912276281133,0.08476567152459824,0.06393571610559146,False,-0.39055395236883594,412
115.0,0.04186,3.0524351736717117,2.3725184060332034,1.5407092679658878,1.1416912276281133,0.08476567152459824,0.06393571610559146,False,-0.39055395236883594,412
246.0,0.055814,3.0524351736717117,2.3725184060332034,1.5407092679658878,1.1416912276281133,0.08476567152459824,0.06393571610559146,False,-0.39055395236883594,412
262.0,0.04186,3.0524351736717117,2.3725184060332034,1.5407092679658878,1.1416912276281133,0.08476567152459824,0.06393571610559146,False,-0.39055395236883594,412
113.0,1.0,1.9723239386999707,1.1653641476907666,0.8513867351259901,1.2073189421145591,0.24734099837474705,0.5369656899950049,False,0.5492508987782011,407
117.0,1.0,3.10840184024946,2.6192524704434534,1.300905539361932,0.5495025707831654,0.329994532161315,0.835747454465681,False,0.513228784167101,407
174.0,1.0,3.5522433291165334,1.8289348570003354,2.9085611682157166,0.4795966934292497,0.21653251271353163,0.7326681182086435,False,0.5028212946600364,407
189.0,1.0,3.5522433291165334,1.8289348570003354,2.9085611682157166,0.4795966934292497,0.21653251271353163,0.7326681182086435,False,0.5028212946600364,407
168.0,1.0,3.5522433291165334,1.8289348570003354,2.9085611682157166,0.4795966934292497,0.21653251271353163,0.7326681182086435,False,0.5028212946600364,407
178.0,1.0,3.5522433291165334,1.8289348570003354,2.9085611682157166,0.4795966934292497,0.21653251271353163,0.7326681182086435,False,0.5028212946600364,407
156.0,1.0,3.5522433291165334,1.8289348570003354,2.9085611682157166,0.4795966934292497,0.21653251271353163,0.7326681182086435,False,0.5028212946600364,407
143.0,1.0,3.5522433291165334,1.8289348570003354,2.9085611682157166,0.4795966934292497,0.21653251271353163,0.7326681182086435,False,0.5028212946600364,407
136.0,1.0,3.5522433291165334,1.8289348570003354,2.9085611682157166,0.4795966934292497,0.21653251271353163,0.7326681182086435,False,0.5028212946600364,407
134.0,1.0,3.5522433291165334,1.8289348570003354,2.9085611682157166,0.4795966934292497,0.21653251271353163,0.7326681182086435,False,0.5028212946600364,407
122.0,1.0,1.4724907365977316,0.3594768409700433,0.4077304725115307,0.28310888024253533,1.2058134749745029,0.5819144760663578,False,0.4740765113751095,407
177.0,1.0,3.5914782356830046,2.590405393996961,1.2915563616423706,1.8281567581600278,0.8933693958749351,0.616548430332242,False,0.43312615945681926,407
58.0,1.0,3.3440019298361494,2.104481365010905,1.712190146310038,1.4379743466862347,0.2265124253798938,1.3049267770144626,False,0.415249233479329,407
66.0,1.0,1.9618572793409834,0.3266331706416645,0.9191920584998146,1.0748311141034825,0.8191058460398111,1.0349320775148114,False,0.37510226784094397,407
130.0,1.0,3.7056793999948265,2.173373146141885,1.6520769608944201,1.7426114626200466,1.0028201927219325,1.495596085135143,False,0.3644478295757477,407
123.0,1.0,3.7056793999948265,2.173373146141885,1.6520769608944201,1.7426114626200466,1.0028201927219325,1.495596085135143,False,0.3644478295757477,407
70.0,1.0,3.7056793999948265,2.173373146141885,1.6520769608944201,1.7426114626200466,1.0028201927219325,1.495596085135143,False,0.3644478295757477,407
107.0,1.0,3.7056793999948265,2.173373146141885,1.6520769608944201,1.7426114626200466,1.0028201927219325,1.495596085135143,False,0.3644478295757477,407
298.0,1.0,3.7056793999948265,2.173373146141885,1.6520769608944201,1.7426114626200466,1.0028201927219325,1.495596085135143,False,0.3644478295757477,407
311.0,1.0,3.7056793999948265,2.173373146141885,1.6520769608944201,1.7426114626200466,1.0028201927219325,1.495596085135143,False,0.3644478295757477,407
169.0,0.553488,3.5522433291165334,1.8289348570003354,2.9085611682157166,0.4795966934292497,0.21653251271353163,0.7326681182086435,False,0.3425702429218286,407
41.0,1.0,2.5797012395235948,0.5790466431252632,1.9904679134509073,0.11053612488804121,0.6430797441204922,1.3899032928963018,False,0.3330403091780295,407
42.0,1.0,2.5797012395235948,0.5790466431252632,1.9904679134509073,0.11053612488804121,0.6430797441204922,1.3899032928963018,False,0.3330403091780295,407
3.0,1.0,2.5797012395235948,0.5790466431252632,1.9904679134509073,0.11053612488804121,0.6430797441204922,1.3899032928963018,False,0.3330403091780295,407
40.0,1.0,2.5797012395235948,0.5790466431252632,1.9904679134509073,0.11053612488804121,0.6430797441204922,1.3899032928963018,False,0.3330403091780295,407
312.0,0.8,3.7056793999948265,2.173373146141885,1.6520769608944201,1.7426114626200466,1.0028201927219325,1.495596085135143,False,0.3256255381506907,407
313.0,0.790698,3.7056793999948265,2.173373146141885,1.6520769608944201,1.7426114626200466,1.0028201927219325,1.495596085135143,False,0.3256255381506907,407
36.0,0.87907,3.7056793999948265,2.173373146141885,1.6520769608944201,1.7426114626200466,1.0028201927219325,1.495596085135143,False,0.3256255381506907,407
310.0,0.772093,3.7056793999948265,2.173373146141885,1.6520769608944201,1.7426114626200466,1.0028201927219325,1.495596085135143,False,0.3256255381506907,407
109.0,0.87907,3.7056793999948265,2.173373146141885,1.6520769608944201,1.7426114626200466,1.0028201927219325,1.495596085135143,False,0.3256255381506907,407
34.0,0.7860469999999999,2.5797012395235948,0.5790466431252632,1.9904679134509073,0.11053612488804121,0.6430797441204922,1.3899032928963018,False,0.2942180177529725,407
39.0,0.6976739999999999,3.7056793999948265,2.173373146141885,1.6520769608944201,1.7426114626200466,1.0028201927219325,1.495596085135143,False,0.27350036082268564,407
71.0,0.744186,3.7056793999948265,2.173373146141885,1.6520769608944201,1.7426114626200466,1.0028201927219325,1.495596085135143,False,0.27350036082268564,407
43.0,0.7209300000000001,3.7056793999948265,2.173373146141885,1.6520769608944201,1.7426114626200466,1.0028201927219325,1.495596085135143,False,0.27350036082268564,407
76.0,0.655814,3.7056793999948265,2.173373146141885,1.6520769608944201,1.7426114626200466,1.0028201927219325,1.495596085135143,False,0.2453260909450298,407
77.0,0.660465,3.7056793999948265,2.173373146141885,1.6520769608944201,1.7426114626200466,1.0028201927219325,1.495596085135143,False,0.2453260909450298,407
32.0,0.623256,2.5797012395235948,0.5790466431252632,1.9904679134509073,0.11053612488804121,0.6430797441204922,1.3899032928963018,False,0.21170236734761733,407
314.0,0.6,3.7056793999948265,2.173373146141885,1.6520769608944201,1.7426114626200466,1.0028201927219325,1.495596085135143,False,0.20037360531045642,407
33.0,0.581395,2.5797012395235948,0.5790466431252632,1.9904679134509073,0.11053612488804121,0.6430797441204922,1.3899032928963018,False,0.19893743353992746,407
35.0,0.581395,2.5797012395235948,0.5790466431252632,1.9904679134509073,0.11053612488804121,0.6430797441204922,1.3899032928963018,False,0.19893743353992746,407
1.0,1.0,3.0513426371240446,0.6989358053917258,1.342460355441351,2.099323698271676,1.3664256601452087,0.863540241281484,False,0.09614304742361102,407
87.0,1.0,3.0513426371240446,0.6989358053917258,1.342460355441351,2.099323698271676,1.3664256601452087,0.863540241281484,False,0.09614304742361102,407
21.0,1.0,3.0513426371240446,0.6989358053917258,1.342460355441351,2.099323698271676,1.3664256601452087,0.863540241281484,False,0.09614304742361102,407
26.0,1.0,3.0513426371240446,0.6989358053917258,1.342460355441351,2.099323698271676,1.3664256601452087,0.863540241281484,False,0.09614304742361102,407
22.0,1.0,3.0513426371240446,0.6989358053917258,1.342460355441351,2.099323698271676,1.3664256601452087,0.863540241281484,False,0.09614304742361102,407
20.0,1.0,3.0513426371240446,0.6989358053917258,1.342460355441351,2.099323698271676,1.3664256601452087,0.863540241281484,False,0.09614304742361102,407
29.0,1.0,3.0513426371240446,0.6989358053917258,1.342460355441351,2.099323698271676,1.3664256601452087,0.863540241281484,False,0.09614304742361102,407
31.0,1.0,3.0513426371240446,0.6989358053917258,1.342460355441351,2.099323698271676,1.3664256601452087,0.863540241281484,False,0.09614304742361102,407
18.0,1.0,3.0513426371240446,0.6989358053917258,1.342460355441351,2.099323698271676,1.3664256601452087,0.863540241281484,False,0.09614304742361102,407
30.0,1.0,3.0513426371240446,0.6989358053917258,1.342460355441351,2.099323698271676,1.3664256601452087,0.863540241281484,False,0.09614304742361102,407
27.0,1.0,3.0513426371240446,0.6989358053917258,1.342460355441351,2.099323698271676,1.3664256601452087,0.863540241281484,False,0.09614304742361102,407
28.0,1.0,3.0513426371240446,0.6989358053917258,1.342460355441351,2.099323698271676,1.3664256601452087,0.863540241281484,False,0.09614304742361102,407
16.0,1.0,3.0513426371240446,0.6989358053917258,1.342460355441351,2.099323698271676,1.3664256601452087,0.863540241281484,False,0.09614304742361102,407
17.0,1.0,3.0513426371240446,0.6989358053917258,1.342460355441351,2.099323698271676,1.3664256601452087,0.863540241281484,False,0.09614304742361102,407
15.0,1.0,3.0513426371240446,0.6989358053917258,1.342460355441351,2.099323698271676,1.3664256601452087,0.863540241281484,False,0.09614304742361102,407
73.0,1.0,3.0513426371240446,0.6989358053917258,1.342460355441351,2.099323698271676,1.3664256601452087,0.863540241281484,False,0.09614304742361102,407
55.0,1.0,3.0513426371240446,0.6989358053917258,1.342460355441351,2.099323698271676,1.3664256601452087,0.863540241281484,False,0.09614304742361102,407
38.0,1.0,3.0513426371240446,0.6989358053917258,1.342460355441351,2.099323698271676,1.3664256601452087,0.863540241281484,False,0.09614304742361102,407
110.0,1.0,3.0513426371240446,0.6989358053917258,1.342460355441351,2.099323698271676,1.3664256601452087,0.863540241281484,False,0.09614304742361102,407
2.0,1.0,3.0513426371240446,0.6989358053917258,1.342460355441351,2.099323698271676,1.3664256601452087,0.863540241281484,False,0.09614304742361102,407
6.0,1.0,3.0513426371240446,0.6989358053917258,1.342460355441351,2.099323698271676,1.3664256601452087,0.863540241281484,False,0.09614304742361102,407
10.0,1.0,3.0513426371240446,0.6989358053917258,1.342460355441351,2.099323698271676,1.3664256601452087,0.863540241281484,False,0.09614304742361102,407
8.0,1.0,3.0513426371240446,0.6989358053917258,1.342460355441351,2.099323698271676,1.3664256601452087,0.863540241281484,False,0.09614304742361102,407
12.0,1.0,3.0513426371240446,0.6989358053917258,1.342460355441351,2.099323698271676,1.3664256601452087,0.863540241281484,False,0.09614304742361102,407
50.0,1.0,3.0513426371240446,0.6989358053917258,1.342460355441351,2.099323698271676,1.3664256601452087,0.863540241281484,False,0.09614304742361102,407
11.0,1.0,3.0513426371240446,0.6989358053917258,1.342460355441351,2.099323698271676,1.3664256601452087,0.863540241281484,False,0.09614304742361102,407
7.0,1.0,3.0513426371240446,0.6989358053917258,1.342460355441351,2.099323698271676,1.3664256601452087,0.863540241281484,False,0.09614304742361102,407
53.0,0.7767440000000001,3.0513426371240446,0.6989358053917258,1.342460355441351,2.099323698271676,1.3664256601452087,0.863540241281484,False,0.06535041569672413,407
13.0,0.84186,3.0513426371240446,0.6989358053917258,1.342460355441351,2.099323698271676,1.3664256601452087,0.863540241281484,False,0.06535041569672413,407
19.0,0.967442,3.0513426371240446,0.6989358053917258,1.342460355441351,2.099323698271676,1.3664256601452087,0.863540241281484,False,0.06535041569672413,407
14.0,0.9953489999999999,3.0513426371240446,0.6989358053917258,1.342460355441351,2.099323698271676,1.3664256601452087,0.863540241281484,False,0.06535041569672413,407
23.0,0.9953489999999999,3.0513426371240446,0.6989358053917258,1.342460355441351,2.099323698271676,1.3664256601452087,0.863540241281484,False,0.06535041569672413,407
142.0,0.390698,3.3440019298361494,2.104481365010905,1.712190146310038,1.4379743466862347,0.2265124253798938,1.3049267770144626,False,0.0643184586168385,407
135.0,0.483721,3.5522433291165334,1.8289348570003354,2.9085611682157166,0.4795966934292497,0.21653251271353163,0.7326681182086435,False,0.04890356522024538,407
111.0,0.734884,3.0513426371240446,0.6989358053917258,1.342460355441351,2.099323698271676,1.3664256601452087,0.863540241281484,False,0.02961812232986534,407
9.0,0.67907,3.0513426371240446,0.6989358053917258,1.342460355441351,2.099323698271676,1.3664256601452087,0.863540241281484,False,-0.003052152610932575,407
88.0,0.637209,3.0513426371240446,0.6989358053917258,1.342460355441351,2.099323698271676,1.3664256601452087,0.863540241281484,False,-0.016914802070656945,407
309.0,0.6,3.0513426371240446,0.6989358053917258,1.342460355441351,2.099323698271676,1.3664256601452087,0.863540241281484,False,-0.03442617357946295,407
132.0,0.5023259999999999,3.7056793999948265,2.173373146141885,1.6520769608944201,1.7426114626200466,1.0028201927219325,1.495596085135143,False,-0.03838810050012507,407
102.0,0.432558,3.7056793999948265,2.173373146141885,1.6520769608944201,1.7426114626200466,1.0028201927219325,1.495596085135143,False,-0.06275630541513798,407
24.0,0.539535,3.0513426371240446,0.6989358053917258,1.342460355441351,2.099323698271676,1.3664256601452087,0.863540241281484,False,-0.11339815722995443,407
120.0,0.293023,1.4724907365977316,0.3594768409700433,0.4077304725115307,0.28310888024253533,1.2058134749745029,0.5819144760663578,False,-0.11662527163439768,407
104.0,0.30232600000000004,1.4724907365977316,0.3594768409700433,0.4077304725115307,0.28310888024253533,1.2058134749745029,0.5819144760663578,False,-0.11662527163439768,407
192.0,0.339535,3.5522433291165334,1.8289348570003354,2.9085611682157166,0.4795966934292497,0.21653251271353163,0.7326681182086435,False,-0.12638472068673187,407
121.0,0.274419,1.4724907365977316,0.3594768409700433,0.4077304725115307,0.28310888024253533,1.2058134749745029,0.5819144760663578,False,-0.13811907811416022,407
103.0,0.223256,1.4724907365977316,0.3594768409700433,0.4077304725115307,0.28310888024253533,1.2058134749745029,0.5819144760663578,True,-0.15384864385776387,407
62.0,0.227907,1.4724907365977316,0.3594768409700433,0.4077304725115307,0.28310888024253533,1.2058134749745029,0.5819144760663578,False,-0.16277830167236504,407
78.0,0.237209,1.4724907365977316,0.3594768409700433,0.4077304725115307,0.28310888024253533,1.2058134749745029,0.5819144760663578,False,-0.16277830167236504,407
79.0,0.23255800000000001,1.4724907365977316,0.3594768409700433,0.4077304725115307,0.28310888024253533,1.2058134749745029,0.5819144760663578,False,-0.16277830167236504,407
131.0,0.339535,3.7056793999948265,2.173373146141885,1.6520769608944201,1.7426114626200466,1.0028201927219325,1.495596085135143,False,-0.21426425341351482,407
295.0,0.38604700000000003,3.0513426371240446,0.6989358053917258,1.342460355441351,2.099323698271676,1.3664256601452087,0.863540241281484,False,-0.22128272417666206,407
37.0,0.390698,3.0513426371240446,0.6989358053917258,1.342460355441351,2.099323698271676,1.3664256601452087,0.863540241281484,False,-0.22128272417666206,407
25.0,0.367442,3.0513426371240446,0.6989358053917258,1.342460355441351,2.099323698271676,1.3664256601452087,0.863540241281484,False,-0.22256769895927786,407
61.0,0.372093,3.0513426371240446,0.6989358053917258,1.342460355441351,2.099323698271676,1.3664256601452087,0.863540241281484,False,-0.22256769895927786,407
81.0,0.35814,3.0513426371240446,0.6989358053917258,1.342460355441351,2.099323698271676,1.3664256601452087,0.863540241281484,False,-0.22986848138746196,407
60.0,0.362791,3.0513426371240446,0.6989358053917258,1.342460355441351,2.099323698271676,1.3664256601452087,0.863540241281484,False,-0.22986848138746196,407
196.0,0.265116,3.5522433291165334,1.8289348570003354,2.9085611682157166,0.4795966934292497,0.21653251271353163,0.7326681182086435,False,-0.2392309479192269,407
124.0,0.311628,3.7056793999948265,2.173373146141885,1.6520769608944201,1.7426114626200466,1.0028201927219325,1.495596085135143,False,-0.25097639321845316,407
64.0,0.23255800000000001,3.10840184024946,2.6192524704434534,1.300905539361932,0.5495025707831654,0.329994532161315,0.835747454465681,False,-0.25348268197036716,407
89.0,0.18139500000000003,3.10840184024946,2.6192524704434534,1.300905539361932,0.5495025707831654,0.329994532161315,0.835747454465681,False,-0.2862743544237739,407
101.0,0.204651,3.10840184024946,2.6192524704434534,1.300905539361932,0.5495025707831654,0.329994532161315,0.835747454465681,False,-0.2862743544237739,407
90.0,0.497674,3.0513426371240446,0.6989358053917258,1.342460355441351,2.099323698271676,1.3664256601452087,0.863540241281484,False,-0.2954054687758078,407
65.0,0.195349,1.9618572793409834,0.3266331706416645,0.9191920584998146,1.0748311141034825,0.8191058460398111,1.0349320775148114,False,-0.2973050673119764,407
182.0,0.13023300000000002,3.5522433291165334,1.8289348570003354,2.9085611682157166,0.4795966934292497,0.21653251271353163,0.7326681182086435,False,-0.31929684173700335,407
290.0,0.09302300000000001,3.5522433291165334,1.8289348570003354,2.9085611682157166,0.4795966934292497,0.21653251271353163,0.7326681182086435,False,-0.31929684173700335,407
44.0,0.08372099999999999,3.5522433291165334,1.8289348570003354,2.9085611682157166,0.4795966934292497,0.21653251271353163,0.7326681182086435,False,-0.31929684173700335,407
242.0,0.125581,3.5522433291165334,1.8289348570003354,2.9085611682157166,0.4795966934292497,0.21653251271353163,0.7326681182086435,False,-0.31929684173700335,407
45.0,0.08372099999999999,3.5522433291165334,1.8289348570003354,2.9085611682157166,0.4795966934292497,0.21653251271353163,0.7326681182086435,False,-0.31929684173700335,407
236.0,0.08372099999999999,3.5522433291165334,1.8289348570003354,2.9085611682157166,0.4795966934292497,0.21653251271353163,0.7326681182086435,False,-0.31929684173700335,407
86.0,0.49302300000000004,3.0513426371240446,0.6989358053917258,1.342460355441351,2.099323698271676,1.3664256601452087,0.863540241281484,False,-0.3197736736908207,407
97.0,0.237209,3.3440019298361494,2.104481365010905,1.712190146310038,1.4379743466862347,0.2265124253798938,1.3049267770144626,False,-0.32318588968639683,407
57.0,0.255814,3.3440019298361494,2.104481365010905,1.712190146310038,1.4379743466862347,0.2265124253798938,1.3049267770144626,False,-0.32318588968639683,407
108.0,0.227907,3.3440019298361494,2.104481365010905,1.712190146310038,1.4379743466862347,0.2265124253798938,1.3049267770144626,False,-0.32318588968639683,407
96.0,0.237209,3.3440019298361494,2.104481365010905,1.712190146310038,1.4379743466862347,0.2265124253798938,1.3049267770144626,False,-0.32318588968639683,407
91.0,0.25116299999999997,3.3440019298361494,2.104481365010905,1.712190146310038,1.4379743466862347,0.2265124253798938,1.3049267770144626,False,-0.32318588968639683,407
67.0,0.190698,3.7056793999948265,2.173373146141885,1.6520769608944201,1.7426114626200466,1.0028201927219325,1.495596085135143,False,-0.3428400463896135,407
293.0,0.18604700000000002,3.7056793999948265,2.173373146141885,1.6520769608944201,1.7426114626200466,1.0028201927219325,1.495596085135143,False,-0.3428400463896135,407
171.0,0.139535,3.5914782356830046,2.590405393996961,1.2915563616423706,1.8281567581600278,0.8933693958749351,0.616548430332242,False,-0.3541839001576106,407
217.0,0.032558,3.5522433291165334,1.8289348570003354,2.9085611682157166,0.4795966934292497,0.21653251271353163,0.7326681182086435,False,-0.3584855215711392,407
161.0,0.032558,3.5522433291165334,1.8289348570003354,2.9085611682157166,0.4795966934292497,0.21653251271353163,0.7326681182086435,False,-0.3584855215711392,407
160.0,0.037209,3.5522433291165334,1.8289348570003354,2.9085611682157166,0.4795966934292497,0.21653251271353163,0.7326681182086435,False,-0.3584855215711392,407
249.0,0.074419,3.5522433291165334,1.8289348570003354,2.9085611682157166,0.4795966934292497,0.21653251271353163,0.7326681182086435,False,-0.3584855215711392,407
294.0,0.04186,3.5522433291165334,1.8289348570003354,2.9085611682157166,0.4795966934292497,0.21653251271353163,0.7326681182086435,False,-0.3584855215711392,407
219.0,0.051163,3.5522433291165334,1.8289348570003354,2.9085611682157166,0.4795966934292497,0.21653251271353163,0.7326681182086435,False,-0.3584855215711392,407
237.0,0.074419,3.5522433291165334,1.8289348570003354,2.9085611682157166,0.4795966934292497,0.21653251271353163,0.7326681182086435,False,-0.3584855215711392,407
255.0,0.032558,1.9723239386999707,1.1653641476907666,0.8513867351259901,1.2073189421145591,0.24734099837474705,0.5369656899950049,False,-0.36287666526626117,407
162.0,0.037209,1.9723239386999707,1.1653641476907666,0.8513867351259901,1.2073189421145591,0.24734099837474705,0.5369656899950049,False,-0.36287666526626117,407
267.0,0.032558,1.9723239386999707,1.1653641476907666,0.8513867351259901,1.2073189421145591,0.24734099837474705,0.5369656899950049,False,-0.36287666526626117,407
146.0,0.074419,1.9723239386999707,1.1653641476907666,0.8513867351259901,1.2073189421145591,0.24734099837474705,0.5369656899950049,False,-0.36287666526626117,407
93.0,0.051163,1.9723239386999707,1.1653641476907666,0.8513867351259901,1.2073189421145591,0.24734099837474705,0.5369656899950049,False,-0.36287666526626117,407
154.0,0.051163,1.9723239386999707,1.1653641476907666,0.8513867351259901,1.2073189421145591,0.24734099837474705,0.5369656899950049,False,-0.36287666526626117,407
49.0,0.195349,3.0513426371240446,0.6989358053917258,1.342460355441351,2.099323698271676,1.3664256601452087,0.863540241281484,False,-0.5404779314654923,407
52.0,0.21395299999999998,3.0513426371240446,0.6989358053917258,1.342460355441351,2.099323698271676,1.3664256601452087,0.863540241281484,False,-0.5404779314654923,407
84.0,0.046512000000000005,3.0513426371240446,0.6989358053917258,1.342460355441351,2.099323698271676,1.3664256601452087,0.863540241281484,False,-0.6022816091057929,407
72.0,1.0,2.1525574356355235,1.2890957253072532,1.2086892132145006,0.7055897794971153,0.7749531360715058,0.6421812910116649,False,0.5553882015149442,16
3.0,1.0,0.9540789755988556,0.8749797092853848,0.2208856265399017,0.16862742062678282,0.19883479888470307,0.16708158417952018,False,0.4919186699919971,16
43.0,1.0,0.9540789755988556,0.8749797092853848,0.2208856265399017,0.16862742062678282,0.19883479888470307,0.16708158417952018,False,0.4919186699919971,16
298.0,1.0,0.9540789755988556,0.8749797092853848,0.2208856265399017,0.16862742062678282,0.19883479888470307,0.16708158417952018,False,0.4919186699919971,16
42.0,1.0,0.9540789755988556,0.8749797092853848,0.2208856265399017,0.16862742062678282,0.19883479888470307,0.16708158417952018,False,0.4919186699919971,16
40.0,1.0,0.9540789755988556,0.8749797092853848,0.2208856265399017,0.16862742062678282,0.19883479888470307,0.16708158417952018,False,0.4919186699919971,16
41.0,1.0,0.9540789755988556,0.8749797092853848,0.2208856265399017,0.16862742062678282,0.19883479888470307,0.16708158417952018,False,0.4919186699919971,16
39.0,1.0,0.9540789755988556,0.8749797092853848,0.2208856265399017,0.16862742062678282,0.19883479888470307,0.16708158417952018,False,0.4919186699919971,16
124.0,1.0,1.776067583814481,0.6716477119862563,1.1006533220963288,0.7217848794988052,0.8712196730764412,0.46029397865931854,False,0.49053158252302065,16
106.0,1.0,2.3212212334718387,1.56591019978729,0.23124721973334184,1.0654296213950993,0.011193349520310536,1.3218367581016441,False,0.4880562771105599,16
105.0,1.0,1.6954412140119048,0.3458036937660882,0.09030793321486563,0.6241639684623058,0.9133416998425499,1.234103509657297,False,0.4656823104660027,16
36.0,0.87907,0.9540789755988556,0.8749797092853848,0.2208856265399017,0.16862742062678282,0.19883479888470307,0.16708158417952018,False,0.4486650379145723,16
34.0,0.7860469999999999,0.9540789755988556,0.8749797092853848,0.2208856265399017,0.16862742062678282,0.19883479888470307,0.16708158417952018,False,0.4486650379145723,16
1.0,1.0,1.6944859982697436,1.0609196150446083,1.22610639805697,0.4760589947461574,0.08011014693347196,0.09667299141512337,False,0.4482732165076174,16
33.0,1.0,1.8386460333540138,0.4837206910596952,1.6956669629777408,0.2642387626752458,0.3574594822077257,0.27156523075435346,False,0.426876534759769,16
2.0,1.0,1.8386460333540138,0.4837206910596952,1.6956669629777408,0.2642387626752458,0.3574594822077257,0.27156523075435346,False,0.426876534759769,16
16.0,1.0,1.8386460333540138,0.4837206910596952,1.6956669629777408,0.2642387626752458,0.3574594822077257,0.27156523075435346,False,0.426876534759769,16
12.0,1.0,1.8386460333540138,0.4837206910596952,1.6956669629777408,0.2642387626752458,0.3574594822077257,0.27156523075435346,False,0.426876534759769,16
8.0,1.0,1.8386460333540138,0.4837206910596952,1.6956669629777408,0.2642387626752458,0.3574594822077257,0.27156523075435346,False,0.426876534759769,16
10.0,1.0,1.8386460333540138,0.4837206910596952,1.6956669629777408,0.2642387626752458,0.3574594822077257,0.27156523075435346,False,0.426876534759769,16
6.0,1.0,1.8386460333540138,0.4837206910596952,1.6956669629777408,0.2642387626752458,0.3574594822077257,0.27156523075435346,False,0.426876534759769,16
15.0,1.0,1.8386460333540138,0.4837206910596952,1.6956669629777408,0.2642387626752458,0.3574594822077257,0.27156523075435346,False,0.426876534759769,16
26.0,1.0,1.8386460333540138,0.4837206910596952,1.6956669629777408,0.2642387626752458,0.3574594822077257,0.27156523075435346,False,0.426876534759769,16
27.0,1.0,1.8386460333540138,0.4837206910596952,1.6956669629777408,0.2642387626752458,0.3574594822077257,0.27156523075435346,False,0.426876534759769,16
28.0,1.0,1.8386460333540138,0.4837206910596952,1.6956669629777408,0.2642387626752458,0.3574594822077257,0.27156523075435346,False,0.426876534759769,16
73.0,1.0,1.8386460333540138,0.4837206910596952,1.6956669629777408,0.2642387626752458,0.3574594822077257,0.27156523075435346,False,0.426876534759769,16
87.0,1.0,1.8386460333540138,0.4837206910596952,1.6956669629777408,0.2642387626752458,0.3574594822077257,0.27156523075435346,False,0.426876534759769,16
30.0,1.0,1.8386460333540138,0.4837206910596952,1.6956669629777408,0.2642387626752458,0.3574594822077257,0.27156523075435346,False,0.426876534759769,16
29.0,1.0,1.8386460333540138,0.4837206910596952,1.6956669629777408,0.2642387626752458,0.3574594822077257,0.27156523075435346,False,0.426876534759769,16
110.0,1.0,1.8386460333540138,0.4837206910596952,1.6956669629777408,0.2642387626752458,0.3574594822077257,0.27156523075435346,False,0.426876534759769,16
55.0,1.0,1.8386460333540138,0.4837206910596952,1.6956669629777408,0.2642387626752458,0.3574594822077257,0.27156523075435346,False,0.426876534759769,16
17.0,1.0,1.8386460333540138,0.4837206910596952,1.6956669629777408,0.2642387626752458,0.3574594822077257,0.27156523075435346,False,0.426876534759769,16
18.0,1.0,1.8386460333540138,0.4837206910596952,1.6956669629777408,0.2642387626752458,0.3574594822077257,0.27156523075435346,False,0.426876534759769,16
20.0,1.0,1.8386460333540138,0.4837206910596952,1.6956669629777408,0.2642387626752458,0.3574594822077257,0.27156523075435346,False,0.426876534759769,16
21.0,1.0,1.8386460333540138,0.4837206910596952,1.6956669629777408,0.2642387626752458,0.3574594822077257,0.27156523075435346,False,0.426876534759769,16
11.0,1.0,1.8386460333540138,0.4837206910596952,1.6956669629777408,0.2642387626752458,0.3574594822077257,0.27156523075435346,False,0.426876534759769,16
7.0,1.0,1.8386460333540138,0.4837206910596952,1.6956669629777408,0.2642387626752458,0.3574594822077257,0.27156523075435346,False,0.426876534759769,16
22.0,1.0,1.8386460333540138,0.4837206910596952,1.6956669629777408,0.2642387626752458,0.3574594822077257,0.27156523075435346,False,0.426876534759769,16
31.0,1.0,1.8386460333540138,0.4837206910596952,1.6956669629777408,0.2642387626752458,0.3574594822077257,0.27156523075435346,False,0.426876534759769,16
123.0,1.0,1.8386460333540138,0.4837206910596952,1.6956669629777408,0.2642387626752458,0.3574594822077257,0.27156523075435346,False,0.426876534759769,16
38.0,1.0,1.8386460333540138,0.4837206910596952,1.6956669629777408,0.2642387626752458,0.3574594822077257,0.27156523075435346,False,0.426876534759769,16
50.0,1.0,1.8386460333540138,0.4837206910596952,1.6956669629777408,0.2642387626752458,0.3574594822077257,0.27156523075435346,False,0.426876534759769,16
32.0,1.0,1.8386460333540138,0.4837206910596952,1.6956669629777408,0.2642387626752458,0.3574594822077257,0.27156523075435346,False,0.426876534759769,16
311.0,0.6976739999999999,0.9540789755988556,0.8749797092853848,0.2208856265399017,0.16862742062678282,0.19883479888470307,0.16708158417952018,False,0.4129327445477135,16
313.0,0.711628,0.9540789755988556,0.8749797092853848,0.2208856265399017,0.16862742062678282,0.19883479888470307,0.16708158417952018,False,0.4129327445477135,16
312.0,0.739535,0.9540789755988556,0.8749797092853848,0.2208856265399017,0.16862742062678282,0.19883479888470307,0.16708158417952018,False,0.4129327445477135,16
14.0,0.9953489999999999,1.8386460333540138,0.4837206910596952,1.6956669629777408,0.2642387626752458,0.3574594822077257,0.27156523075435346,False,0.388054243334712,16
13.0,0.84186,1.8386460333540138,0.4837206910596952,1.6956669629777408,0.2642387626752458,0.3574594822077257,0.27156523075435346,False,0.388054243334712,16
19.0,0.967442,1.8386460333540138,0.4837206910596952,1.6956669629777408,0.2642387626752458,0.3574594822077257,0.27156523075435346,False,0.388054243334712,16
23.0,0.9953489999999999,1.8386460333540138,0.4837206910596952,1.6956669629777408,0.2642387626752458,0.3574594822077257,0.27156523075435346,False,0.388054243334712,16
314.0,0.8046510000000001,1.8386460333540138,0.4837206910596952,1.6956669629777408,0.2642387626752458,0.3574594822077257,0.27156523075435346,False,0.388054243334712,16
53.0,0.7767440000000001,1.8386460333540138,0.4837206910596952,1.6956669629777408,0.2642387626752458,0.3574594822077257,0.27156523075435346,False,0.388054243334712,16
310.0,0.6511629999999999,0.9540789755988556,0.8749797092853848,0.2208856265399017,0.16862742062678282,0.19883479888470307,0.16708158417952018,False,0.38026246960691557,16
197.0,0.576744,2.1525574356355235,1.2890957253072532,1.2086892132145006,0.7055897794971153,0.7749531360715058,0.6421812910116649,False,0.36194560155341426,16
111.0,0.734884,1.8386460333540138,0.4837206910596952,1.6956669629777408,0.2642387626752458,0.3574594822077257,0.27156523075435346,False,0.35232194996785315,16
35.0,0.581395,0.9540789755988556,0.8749797092853848,0.2208856265399017,0.16862742062678282,0.19883479888470307,0.16708158417952018,False,0.3284474186576565,16
9.0,0.67907,1.8386460333540138,0.4837206910596952,1.6956669629777408,0.2642387626752458,0.3574594822077257,0.27156523075435346,False,0.3196516750270552,16
88.0,0.637209,1.8386460333540138,0.4837206910596952,1.6956669629777408,0.2642387626752458,0.3574594822077257,0.27156523075435346,False,0.3057890255673308,16
309.0,0.6,1.6944859982697436,1.0609196150446083,1.22610639805697,0.4760589947461574,0.08011014693347196,0.09667299141512337,False,0.30524299515400544,16
45.0,1.0,1.3928598433045325,0.3521572477386652,0.22671770762998988,1.1126893967577338,0.01258685463367265,0.7255389544578558,False,0.26200953571959373,16
46.0,1.0,1.3928598433045325,0.3521572477386652,0.22671770762998988,1.1126893967577338,0.01258685463367265,0.7255389544578558,False,0.26200953571959373,16
168.0,1.0,1.3928598433045325,0.3521572477386652,0.22671770762998988,1.1126893967577338,0.01258685463367265,0.7255389544578558,False,0.26200953571959373,16
24.0,1.0,1.3928598433045325,0.3521572477386652,0.22671770762998988,1.1126893967577338,0.01258685463367265,0.7255389544578558,False,0.26200953571959373,16
25.0,1.0,1.3928598433045325,0.3521572477386652,0.22671770762998988,1.1126893967577338,0.01258685463367265,0.7255389544578558,False,0.26200953571959373,16
193.0,1.0,1.3928598433045325,0.3521572477386652,0.22671770762998988,1.1126893967577338,0.01258685463367265,0.7255389544578558,False,0.26200953571959373,16
44.0,1.0,1.3928598433045325,0.3521572477386652,0.22671770762998988,1.1126893967577338,0.01258685463367265,0.7255389544578558,False,0.26200953571959373,16
66.0,1.0,2.5289102420134486,0.11141805630963386,2.1189352599192772,1.2887313468434394,0.18986033189767199,0.4429570669876809,False,0.15127740170995005,16
295.0,0.38604700000000003,1.8386460333540138,0.4837206910596952,1.6956669629777408,0.2642387626752458,0.3574594822077257,0.27156523075435346,False,0.08940151899557108,16
37.0,0.390698,1.8386460333540138,0.4837206910596952,1.6956669629777408,0.2642387626752458,0.3574594822077257,0.27156523075435346,False,0.08940151899557108,16
125.0,0.372093,2.3212212334718387,1.56591019978729,0.23124721973334184,1.0654296213950993,0.011193349520310536,1.3218367581016441,False,0.08886001163426174,16
61.0,0.372093,1.8386460333540138,0.4837206910596952,1.6956669629777408,0.2642387626752458,0.3574594822077257,0.27156523075435346,False,0.08811654421295527,16
60.0,0.362791,1.8386460333540138,0.4837206910596952,1.6956669629777408,0.2642387626752458,0.3574594822077257,0.27156523075435346,False,0.07570943080441482,16
81.0,0.35814,1.8386460333540138,0.4837206910596952,1.6956669629777408,0.2642387626752458,0.3574594822077257,0.27156523075435346,False,0.07570943080441482,16
78.0,0.404651,1.8386460333540138,0.4837206910596952,1.6956669629777408,0.2642387626752458,0.3574594822077257,0.27156523075435346,False,0.06102194512019585,16
90.0,0.497674,1.8386460333540138,0.4837206910596952,1.6956669629777408,0.2642387626752458,0.3574594822077257,0.27156523075435346,False,0.015278774396425474,16
62.0,0.432558,1.8386460333540138,0.4837206910596952,1.6956669629777408,0.2642387626752458,0.3574594822077257,0.27156523075435346,False,-0.009089430518587419,16
86.0,0.49302300000000004,1.8386460333540138,0.4837206910596952,1.6956669629777408,0.2642387626752458,0.3574594822077257,0.27156523075435346,False,-0.009089430518587419,16
103.0,0.418605,1.8386460333540138,0.4837206910596952,1.6956669629777408,0.2642387626752458,0.3574594822077257,0.27156523075435346,False,-0.009089430518587419,16
79.0,0.413953,1.8386460333540138,0.4837206910596952,1.6956669629777408,0.2642387626752458,0.3574594822077257,0.27156523075435346,False,-0.009089430518587419,16
118.0,0.48837200000000003,1.6954412140119048,0.3458036937660882,0.09030793321486563,0.6241639684623058,0.9133416998425499,1.234103509657297,False,-0.041300406962255815,16
119.0,0.483721,1.6954412140119048,0.3458036937660882,0.09030793321486563,0.6241639684623058,0.9133416998425499,1.234103509657297,False,-0.041300406962255815,16
91.0,0.325581,1.8386460333540138,0.4837206910596952,1.6956669629777408,0.2642387626752458,0.3574594822077257,0.27156523075435346,False,-0.1214472826405921,16
104.0,0.30232600000000004,1.8386460333540138,0.4837206910596952,1.6956669629777408,0.2642387626752458,0.3574594822077257,0.27156523075435346,False,-0.1214472826405921,16
121.0,0.311628,1.8386460333540138,0.4837206910596952,1.6956669629777408,0.2642387626752458,0.3574594822077257,0.27156523075435346,False,-0.1214472826405921,16
120.0,0.297674,1.8386460333540138,0.4837206910596952,1.6956669629777408,0.2642387626752458,0.3574594822077257,0.27156523075435346,False,-0.1214472826405921,16
122.0,0.274419,1.8386460333540138,0.4837206910596952,1.6956669629777408,0.2642387626752458,0.3574594822077257,0.27156523075435346,False,-0.1429410891203546,16
142.0,0.25116299999999997,1.8386460333540138,0.4837206910596952,1.6956669629777408,0.2642387626752458,0.3574594822077257,0.27156523075435346,False,-0.16760031267855943,16
109.0,0.32093000000000005,1.776067583814481,0.6716477119862563,1.1006533220963288,0.7217848794988052,0.8712196730764412,0.46029397865931854,False,-0.16882654326679009,16
71.0,0.325581,1.776067583814481,0.6716477119862563,1.1006533220963288,0.7217848794988052,0.8712196730764412,0.46029397865931854,False,-0.16882654326679009,16
64.0,0.30232600000000004,1.776067583814481,0.6716477119862563,1.1006533220963288,0.7217848794988052,0.8712196730764412,0.46029397865931854,False,-0.16882654326679009,16
70.0,0.311628,1.776067583814481,0.6716477119862563,1.1006533220963288,0.7217848794988052,0.8712196730764412,0.46029397865931854,False,-0.16882654326679009,16
224.0,0.395349,1.3928598433045325,0.3521572477386652,0.22671770762998988,1.1126893967577338,0.01258685463367265,0.7255389544578558,False,-0.17935781113302343,16
97.0,0.190698,1.8386460333540138,0.4837206910596952,1.6956669629777408,0.2642387626752458,0.3574594822077257,0.27156523075435346,False,-0.20039198513196624,16
49.0,0.195349,1.8386460333540138,0.4837206910596952,1.6956669629777408,0.2642387626752458,0.3574594822077257,0.27156523075435346,False,-0.20039198513196624,16
102.0,0.190698,1.8386460333540138,0.4837206910596952,1.6956669629777408,0.2642387626752458,0.3574594822077257,0.27156523075435346,False,-0.20039198513196624,16
107.0,0.21395299999999998,1.8386460333540138,0.4837206910596952,1.6956669629777408,0.2642387626752458,0.3574594822077257,0.27156523075435346,False,-0.20039198513196624,16
101.0,0.204651,1.8386460333540138,0.4837206910596952,1.6956669629777408,0.2642387626752458,0.3574594822077257,0.27156523075435346,False,-0.20039198513196624,16
52.0,0.21395299999999998,1.8386460333540138,0.4837206910596952,1.6956669629777408,0.2642387626752458,0.3574594822077257,0.27156523075435346,False,-0.20039198513196624,16
58.0,0.223256,1.8386460333540138,0.4837206910596952,1.6956669629777408,0.2642387626752458,0.3574594822077257,0.27156523075435346,False,-0.20039198513196624,16
77.0,0.18604700000000002,1.8386460333540138,0.4837206910596952,1.6956669629777408,0.2642387626752458,0.3574594822077257,0.27156523075435346,False,-0.20039198513196624,16
76.0,0.172093,1.8386460333540138,0.4837206910596952,1.6956669629777408,0.2642387626752458,0.3574594822077257,0.27156523075435346,False,-0.20039198513196624,16
135.0,0.483721,1.3928598433045325,0.3521572477386652,0.22671770762998988,1.1126893967577338,0.01258685463367265,0.7255389544578558,False,-0.24946918677180677,16
84.0,0.046512000000000005,1.8386460333540138,0.4837206910596952,1.6956669629777408,0.2642387626752458,0.3574594822077257,0.27156523075435346,False,-0.2621956627722669,16
248.0,0.032558,2.1525574356355235,1.2890957253072532,1.2086892132145006,0.7055897794971153,0.7749531360715058,0.6421812910116649,False,-0.34281056981508246,16
221.0,0.060465,2.1525574356355235,1.2890957253072532,1.2086892132145006,0.7055897794971153,0.7749531360715058,0.6421812910116649,False,-0.34281056981508246,16
296.0,0.2,1.3928598433045325,0.3521572477386652,0.22671770762998988,1.1126893967577338,0.01258685463367265,0.7255389544578558,False,-0.5098411967217827,16
65.0,0.195349,2.5289102420134486,0.11141805630963386,2.1189352599192772,1.2887313468434394,0.18986033189767199,0.4429570669876809,False,-0.5118927509311714,16
293.0,0.134884,1.3928598433045325,0.3521572477386652,0.22671770762998988,1.1126893967577338,0.01258685463367265,0.7255389544578558,False,-0.519925901143582,16
69.0,0.13023300000000002,1.3928598433045325,0.3521572477386652,0.22671770762998988,1.1126893967577338,0.01258685463367265,0.7255389544578558,False,-0.519925901143582,16
129.0,0.148837,1.3928598433045325,0.3521572477386652,0.22671770762998988,1.1126893967577338,0.01258685463367265,0.7255389544578558,False,-0.519925901143582,16
128.0,0.139535,1.3928598433045325,0.3521572477386652,0.22671770762998988,1.1126893967577338,0.01258685463367265,0.7255389544578558,False,-0.519925901143582,16
185.0,0.046512000000000005,1.3928598433045325,0.3521572477386652,0.22671770762998988,1.1126893967577338,0.01258685463367265,0.7255389544578558,False,-0.5591145809777177,16
108.0,0.046512000000000005,1.3928598433045325,0.3521572477386652,0.22671770762998988,1.1126893967577338,0.01258685463367265,0.7255389544578558,False,-0.5591145809777177,16
92.0,0.060465,2.530815529439434,0.1807378684706129,1.0440746284829103,2.223749598464069,0.26975719116149904,0.5142353724300999,False,-0.6016668279179804,16
106.0,1.0,2.1658250249314452,1.9117138935533782,0.1409392865184762,0.4412656529327936,0.9021483503222394,0.08773324844434716,False,0.5908573277411852,408
67.0,1.0,2.0752166253263433,1.5149271211736715,1.2012545266939165,0.6327563868455841,0.23505316144755434,0.33597140929001046,False,0.551640732351095,408
68.0,0.790698,2.0752166253263433,1.5149271211736715,1.2012545266939165,0.6327563868455841,0.23505316144755434,0.33597140929001046,False,0.5083871002736702,408
58.0,1.0,2.1834867008455907,1.543462556912786,1.4162451053239196,0.30142414579838134,0.13088794728496062,0.5211517431699648,False,0.5072615639591711,408
46.0,1.0,1.347000888821493,0.6979609415047534,0.13640977441512425,0.48852542829542794,0.9007548452088773,0.5085645551994411,False,0.5069032338074093,408
19.0,1.0,1.347000888821493,0.6979609415047534,0.13640977441512425,0.48852542829542794,0.9007548452088773,0.5085645551994411,False,0.5069032338074093,408
18.0,1.0,1.347000888821493,0.6979609415047534,0.13640977441512425,0.48852542829542794,0.9007548452088773,0.5085645551994411,False,0.5069032338074093,408
123.0,1.0,1.347000888821493,0.6979609415047534,0.13640977441512425,0.48852542829542794,0.9007548452088773,0.5085645551994411,False,0.5069032338074093,408
13.0,1.0,1.347000888821493,0.6979609415047534,0.13640977441512425,0.48852542829542794,0.9007548452088773,0.5085645551994411,False,0.5069032338074093,408
193.0,1.0,1.347000888821493,0.6979609415047534,0.13640977441512425,0.48852542829542794,0.9007548452088773,0.5085645551994411,False,0.5069032338074093,408
168.0,1.0,1.347000888821493,0.6979609415047534,0.13640977441512425,0.48852542829542794,0.9007548452088773,0.5085645551994411,False,0.5069032338074093,408
45.0,1.0,1.347000888821493,0.6979609415047534,0.13640977441512425,0.48852542829542794,0.9007548452088773,0.5085645551994411,False,0.5069032338074093,408
41.0,1.0,1.347000888821493,0.6979609415047534,0.13640977441512425,0.48852542829542794,0.9007548452088773,0.5085645551994411,False,0.5069032338074093,408
24.0,1.0,1.347000888821493,0.6979609415047534,0.13640977441512425,0.48852542829542794,0.9007548452088773,0.5085645551994411,False,0.5069032338074093,408
23.0,1.0,1.347000888821493,0.6979609415047534,0.13640977441512425,0.48852542829542794,0.9007548452088773,0.5085645551994411,False,0.5069032338074093,408
14.0,1.0,1.347000888821493,0.6979609415047534,0.13640977441512425,0.48852542829542794,0.9007548452088773,0.5085645551994411,False,0.5069032338074093,408
29.0,1.0,1.347000888821493,0.6979609415047534,0.13640977441512425,0.48852542829542794,0.9007548452088773,0.5085645551994411,False,0.5069032338074093,408
22.0,1.0,1.347000888821493,0.6979609415047534,0.13640977441512425,0.48852542829542794,0.9007548452088773,0.5085645551994411,False,0.5069032338074093,408
21.0,1.0,1.347000888821493,0.6979609415047534,0.13640977441512425,0.48852542829542794,0.9007548452088773,0.5085645551994411,False,0.5069032338074093,408
2.0,1.0,1.347000888821493,0.6979609415047534,0.13640977441512425,0.48852542829542794,0.9007548452088773,0.5085645551994411,False,0.5069032338074093,408
38.0,1.0,1.347000888821493,0.6979609415047534,0.13640977441512425,0.48852542829542794,0.9007548452088773,0.5085645551994411,False,0.5069032338074093,408
44.0,1.0,1.347000888821493,0.6979609415047534,0.13640977441512425,0.48852542829542794,0.9007548452088773,0.5085645551994411,False,0.5069032338074093,408
25.0,1.0,1.347000888821493,0.6979609415047534,0.13640977441512425,0.48852542829542794,0.9007548452088773,0.5085645551994411,False,0.5069032338074093,408
274.0,1.0,1.6954412140119048,0.3458036937660882,0.09030793321486563,0.6241639684623058,0.9133416998425499,1.234103509657297,False,0.4656823104660027,408
171.0,1.0,1.6954412140119048,0.3458036937660882,0.09030793321486563,0.6241639684623058,0.9133416998425499,1.234103509657297,False,0.4656823104660027,408
116.0,1.0,1.6954412140119048,0.3458036937660882,0.09030793321486563,0.6241639684623058,0.9133416998425499,1.234103509657297,False,0.4656823104660027,408
10.0,0.967442,1.347000888821493,0.6979609415047534,0.13640977441512425,0.48852542829542794,0.9007548452088773,0.5085645551994411,False,0.46364960172998454,408
34.0,0.7860469999999999,1.347000888821493,0.6979609415047534,0.13640977441512425,0.48852542829542794,0.9007548452088773,0.5085645551994411,False,0.46364960172998454,408
314.0,0.8046510000000001,1.347000888821493,0.6979609415047534,0.13640977441512425,0.48852542829542794,0.9007548452088773,0.5085645551994411,False,0.46364960172998454,408
124.0,1.0,1.3179747443398497,0.32584401822016806,1.010345388881463,0.09762091103649939,0.042122026766108656,0.7738095309979784,False,0.46257678415222503,408
311.0,0.734884,1.347000888821493,0.6979609415047534,0.13640977441512425,0.48852542829542794,0.9007548452088773,0.5085645551994411,False,0.4279173083631257,408
3.0,1.0,1.865268520174617,0.5291760155192966,0.31119355975476737,0.7927913890890886,0.7145069009578469,1.401185093836817,False,0.42041221627899106,408
40.0,1.0,1.865268520174617,0.5291760155192966,0.31119355975476737,0.7927913890890886,0.7145069009578469,1.401185093836817,False,0.42041221627899106,408
43.0,1.0,1.865268520174617,0.5291760155192966,0.31119355975476737,0.7927913890890886,0.7145069009578469,1.401185093836817,False,0.42041221627899106,408
298.0,1.0,1.865268520174617,0.5291760155192966,0.31119355975476737,0.7927913890890886,0.7145069009578469,1.401185093836817,False,0.42041221627899106,408
42.0,1.0,1.865268520174617,0.5291760155192966,0.31119355975476737,0.7927913890890886,0.7145069009578469,1.401185093836817,False,0.42041221627899106,408
39.0,1.0,1.865268520174617,0.5291760155192966,0.31119355975476737,0.7927913890890886,0.7145069009578469,1.401185093836817,False,0.42041221627899106,408
1.0,1.0,2.025847667652856,0.7151159212785201,1.1357984648421042,0.1481049737161484,0.9934518467760218,1.1374305182421736,False,0.41258986925298574,408
310.0,0.665116,1.347000888821493,0.6979609415047534,0.13640977441512425,0.48852542829542794,0.9007548452088773,0.5085645551994411,False,0.39524703342232775,408
312.0,0.67907,1.347000888821493,0.6979609415047534,0.13640977441512425,0.48852542829542794,0.9007548452088773,0.5085645551994411,False,0.39524703342232775,408
313.0,0.6697669999999999,1.347000888821493,0.6979609415047534,0.13640977441512425,0.48852542829542794,0.9007548452088773,0.5085645551994411,False,0.39524703342232775,408
36.0,0.87907,1.865268520174617,0.5291760155192966,0.31119355975476737,0.7927913890890886,0.7145069009578469,1.401185093836817,False,0.3771585842015662,408
6.0,0.809302,2.025847667652856,0.7151159212785201,1.1357984648421042,0.1481049737161484,0.9934518467760218,1.1374305182421736,False,0.3693362371755609,408
35.0,0.581395,1.347000888821493,0.6979609415047534,0.13640977441512425,0.48852542829542794,0.9007548452088773,0.5085645551994411,False,0.3434319824730687,408
309.0,0.604651,1.347000888821493,0.6979609415047534,0.13640977441512425,0.48852542829542794,0.9007548452088773,0.5085645551994411,False,0.3434319824730687,408
8.0,0.544186,1.347000888821493,0.6979609415047534,0.13640977441512425,0.48852542829542794,0.9007548452088773,0.5085645551994411,False,0.30929740098797487,408
7.0,0.660465,2.025847667652856,0.7151159212785201,1.1357984648421042,0.1481049737161484,0.9934518467760218,1.1374305182421736,False,0.3054296739310461,408
32.0,0.623256,1.865268520174617,0.5291760155192966,0.31119355975476737,0.7927913890890886,0.7145069009578469,1.401185093836817,False,0.27420190381548226,408
33.0,0.581395,1.865268520174617,0.5291760155192966,0.31119355975476737,0.7927913890890886,0.7145069009578469,1.401185093836817,False,0.2614369700077924,408
15.0,0.539535,1.347000888821493,0.6979609415047534,0.13640977441512425,0.48852542829542794,0.9007548452088773,0.5085645551994411,False,0.2454248751277853,408
88.0,1.0,2.1042820576625,0.1650658252954753,0.9537666952680447,1.5995856300017635,0.6435845086810509,0.719868137227197,False,0.1800066191859179,408
12.0,0.539535,2.025847667652856,0.7151159212785201,1.1357984648421042,0.1481049737161484,0.9934518467760218,1.1374305182421736,False,0.17464263933129565,408
125.0,0.372093,2.1658250249314452,1.9117138935533782,0.1409392865184762,0.4412656529327936,0.9021483503222394,0.08773324844434716,False,0.15292788335022714,408
142.0,0.390698,2.1834867008455907,1.543462556912786,1.4162451053239196,0.30142414579838134,0.13088794728496062,0.5211517431699648,False,0.1398151995677841,408
224.0,0.395349,1.347000888821493,0.6979609415047534,0.13640977441512425,0.48852542829542794,0.9007548452088773,0.5085645551994411,False,0.05351630248903748,408
87.0,0.637209,2.1042820576625,0.1650658252954753,0.9537666952680447,1.5995856300017635,0.6435845086810509,0.719868137227197,False,0.034046739360383424,408
16.0,0.483721,1.347000888821493,0.6979609415047534,0.13640977441512425,0.48852542829542794,0.9007548452088773,0.5085645551994411,False,-0.01659507314974576,408
9.0,0.469767,1.347000888821493,0.6979609415047534,0.13640977441512425,0.48852542829542794,0.9007548452088773,0.5085645551994411,False,-0.01659507314974576,408
11.0,0.469767,1.347000888821493,0.6979609415047534,0.13640977441512425,0.48852542829542794,0.9007548452088773,0.5085645551994411,False,-0.01659507314974576,408
28.0,0.46511600000000003,1.347000888821493,0.6979609415047534,0.13640977441512425,0.48852542829542794,0.9007548452088773,0.5085645551994411,False,-0.01659507314974576,408
135.0,0.483721,1.347000888821493,0.6979609415047534,0.13640977441512425,0.48852542829542794,0.9007548452088773,0.5085645551994411,False,-0.01659507314974576,408
71.0,0.325581,1.3179747443398497,0.32584401822016806,1.010345388881463,0.09762091103649939,0.042122026766108656,0.7738095309979784,False,-0.12604795733848562,408
70.0,0.311628,1.3179747443398497,0.32584401822016806,1.010345388881463,0.09762091103649939,0.042122026766108656,0.7738095309979784,False,-0.12604795733848562,408
109.0,0.32093000000000005,1.3179747443398497,0.32584401822016806,1.010345388881463,0.09762091103649939,0.042122026766108656,0.7738095309979784,False,-0.12604795733848562,408
64.0,0.30232600000000004,1.3179747443398497,0.32584401822016806,1.010345388881463,0.09762091103649939,0.042122026766108656,0.7738095309979784,False,-0.12604795733848562,408
66.0,0.288372,1.3179747443398497,0.32584401822016806,1.010345388881463,0.09762091103649939,0.042122026766108656,0.7738095309979784,False,-0.13153838797115763,408
107.0,0.26976700000000003,1.3179747443398497,0.32584401822016806,1.010345388881463,0.09762091103649939,0.042122026766108656,0.7738095309979784,False,-0.1475417638182482,408
76.0,0.26976700000000003,1.3179747443398497,0.32584401822016806,1.010345388881463,0.09762091103649939,0.042122026766108656,0.7738095309979784,False,-0.1475417638182482,408
77.0,0.260465,1.3179747443398497,0.32584401822016806,1.010345388881463,0.09762091103649939,0.042122026766108656,0.7738095309979784,False,-0.1475417638182482,408
101.0,0.265116,1.3179747443398497,0.32584401822016806,1.010345388881463,0.09762091103649939,0.042122026766108656,0.7738095309979784,False,-0.1475417638182482,408
60.0,0.265116,2.1834867008455907,1.543462556912786,1.4162451053239196,0.30142414579838134,0.13088794728496062,0.5211517431699648,False,-0.1921699821380526,408
105.0,0.162791,2.1658250249314452,1.9117138935533782,0.1409392865184762,0.4412656529327936,0.9021483503222394,0.08773324844434716,True,-0.2160266837669436,408
118.0,0.16744199999999998,2.1658250249314452,1.9117138935533782,0.1409392865184762,0.4412656529327936,0.9021483503222394,0.08773324844434716,False,-0.2160266837669436,408
91.0,0.25116299999999997,2.1834867008455907,1.543462556912786,1.4162451053239196,0.30142414579838134,0.13088794728496062,0.5211517431699648,False,-0.2168292056962574,408
61.0,0.25116299999999997,2.1834867008455907,1.543462556912786,1.4162451053239196,0.30142414579838134,0.13088794728496062,0.5211517431699648,False,-0.2168292056962574,408
57.0,0.255814,2.1834867008455907,1.543462556912786,1.4162451053239196,0.30142414579838134,0.13088794728496062,0.5211517431699648,False,-0.2168292056962574,408
97.0,0.237209,2.1834867008455907,1.543462556912786,1.4162451053239196,0.30142414579838134,0.13088794728496062,0.5211517431699648,False,-0.2168292056962574,408
53.0,0.237209,2.1834867008455907,1.543462556912786,1.4162451053239196,0.30142414579838134,0.13088794728496062,0.5211517431699648,False,-0.2168292056962574,408
108.0,0.227907,2.1834867008455907,1.543462556912786,1.4162451053239196,0.30142414579838134,0.13088794728496062,0.5211517431699648,False,-0.2168292056962574,408
96.0,0.237209,2.1834867008455907,1.543462556912786,1.4162451053239196,0.30142414579838134,0.13088794728496062,0.5211517431699648,False,-0.2168292056962574,408
119.0,0.15814,2.1658250249314452,1.9117138935533782,0.1409392865184762,0.4412656529327936,0.9021483503222394,0.08773324844434716,False,-0.22611138818874268,408
37.0,0.08837199999999999,2.1658250249314452,1.9117138935533782,0.1409392865184762,0.4412656529327936,0.9021483503222394,0.08773324844434716,False,-0.22611138818874268,408
17.0,0.08837199999999999,2.1658250249314452,1.9117138935533782,0.1409392865184762,0.4412656529327936,0.9021483503222394,0.08773324844434716,False,-0.22611138818874268,408
285.0,0.26976700000000003,1.6954412140119048,0.3458036937660882,0.09030793321486563,0.6241639684623058,0.9133416998425499,1.234103509657297,False,-0.23065384495273247,408
296.0,0.2,1.347000888821493,0.6979609415047534,0.13640977441512425,0.48852542829542794,0.9007548452088773,0.5085645551994411,False,-0.2403520838120702,408
31.0,0.16744199999999998,1.347000888821493,0.6979609415047534,0.13640977441512425,0.48852542829542794,0.9007548452088773,0.5085645551994411,False,-0.2403520838120702,408
30.0,0.162791,1.347000888821493,0.6979609415047534,0.13640977441512425,0.48852542829542794,0.9007548452088773,0.5085645551994411,False,-0.2403520838120702,408
69.0,0.13023300000000002,1.347000888821493,0.6979609415047534,0.13640977441512425,0.48852542829542794,0.9007548452088773,0.5085645551994411,False,-0.2504367882338693,408
128.0,0.139535,1.347000888821493,0.6979609415047534,0.13640977441512425,0.48852542829542794,0.9007548452088773,0.5085645551994411,False,-0.2504367882338693,408
20.0,0.15814,1.347000888821493,0.6979609415047534,0.13640977441512425,0.48852542829542794,0.9007548452088773,0.5085645551994411,False,-0.2504367882338693,408
293.0,0.134884,1.347000888821493,0.6979609415047534,0.13640977441512425,0.48852542829542794,0.9007548452088773,0.5085645551994411,False,-0.2504367882338693,408
129.0,0.148837,1.347000888821493,0.6979609415047534,0.13640977441512425,0.48852542829542794,0.9007548452088773,0.5085645551994411,False,-0.2504367882338693,408
27.0,0.134884,1.347000888821493,0.6979609415047534,0.13640977441512425,0.48852542829542794,0.9007548452088773,0.5085645551994411,False,-0.2504367882338693,408
90.0,0.5023259999999999,2.1042820576625,0.1650658252954753,0.9537666952680447,1.5995856300017635,0.6435845086810509,0.719868137227197,False,-0.256463511810522,408
86.0,0.5162789999999999,2.1042820576625,0.1650658252954753,0.9537666952680447,1.5995856300017635,0.6435845086810509,0.719868137227197,False,-0.256463511810522,408
177.0,0.139535,1.6954412140119048,0.3458036937660882,0.09030793321486563,0.6241639684623058,0.9133416998425499,1.234103509657297,False,-0.2564681151181352,408
65.0,0.102326,1.6954412140119048,0.3458036937660882,0.09030793321486563,0.6241639684623058,0.9133416998425499,1.234103509657297,False,-0.2564681151181352,408
100.0,0.15814,1.6954412140119048,0.3458036937660882,0.09030793321486563,0.6241639684623058,0.9133416998425499,1.234103509657297,False,-0.2564681151181352,408
81.0,0.102326,1.6954412140119048,0.3458036937660882,0.09030793321486563,0.6241639684623058,0.9133416998425499,1.234103509657297,False,-0.2564681151181352,408
127.0,0.10697699999999999,1.6954412140119048,0.3458036937660882,0.09030793321486563,0.6241639684623058,0.9133416998425499,1.234103509657297,False,-0.2564681151181352,408
80.0,0.11627900000000001,1.6954412140119048,0.3458036937660882,0.09030793321486563,0.6241639684623058,0.9133416998425499,1.234103509657297,False,-0.2564681151181352,408
248.0,0.037209,1.347000888821493,0.6979609415047534,0.13640977441512425,0.48852542829542794,0.9007548452088773,0.5085645551994411,False,-0.2896254680680051,408
185.0,0.046512000000000005,1.347000888821493,0.6979609415047534,0.13640977441512425,0.48852542829542794,0.9007548452088773,0.5085645551994411,False,-0.2896254680680051,408
115.0,0.04186,1.6954412140119048,0.3458036937660882,0.09030793321486563,0.6241639684623058,0.9133416998425499,1.234103509657297,False,-0.2956567949522711,408
114.0,0.037209,1.6954412140119048,0.3458036937660882,0.09030793321486563,0.6241639684623058,0.9133416998425499,1.234103509657297,False,-0.2956567949522711,408
246.0,0.055814,1.6954412140119048,0.3458036937660882,0.09030793321486563,0.6241639684623058,0.9133416998425499,1.234103509657297,False,-0.2956567949522711,408
262.0,0.04186,1.6954412140119048,0.3458036937660882,0.09030793321486563,0.6241639684623058,0.9133416998425499,1.234103509657297,False,-0.2956567949522711,408
74.0,0.209302,2.0752166253263433,1.5149271211736715,1.2012545266939165,0.6327563868455841,0.23505316144755434,0.33597140929001046,False,-0.30093107076653364,408
75.0,0.2,2.0752166253263433,1.5149271211736715,1.2012545266939165,0.6327563868455841,0.23505316144755434,0.33597140929001046,False,-0.30093107076653364,408
130.0,0.190698,2.0752166253263433,1.5149271211736715,1.2012545266939165,0.6327563868455841,0.23505316144755434,0.33597140929001046,False,-0.30093107076653364,408
92.0,0.060465,2.1042820576625,0.1650658252954753,0.9537666952680447,1.5995856300017635,0.6435845086810509,0.719868137227197,False,-0.626008989352095,408
120.0,0.055814,2.1042820576625,0.1650658252954753,0.9537666952680447,1.5995856300017635,0.6435845086810509,0.719868137227197,False,-0.626008989352095,408
121.0,0.060465,2.1042820576625,0.1650658252954753,0.9537666952680447,1.5995856300017635,0.6435845086810509,0.719868137227197,False,-0.626008989352095,408
197.0,1.0,1.934018031397908,1.5307123843036161,0.37345721862981063,0.5938765027728132,0.493163149079686,0.8136189870014124,False,0.5817586694199126,1
196.0,1.0,1.934018031397908,1.5307123843036161,0.37345721862981063,0.5938765027728132,0.493163149079686,0.8136189870014124,False,0.5817586694199126,1
72.0,1.0,1.934018031397908,1.5307123843036161,0.37345721862981063,0.5938765027728132,0.493163149079686,0.8136189870014124,False,0.5817586694199126,1
45.0,1.0,1.950622305067128,1.4130768627832735,0.9993886904269801,0.6366304020115764,0.09269700156714461,0.6288659630427325,False,0.5612175980021243,1
44.0,1.0,1.950622305067128,1.4130768627832735,0.9993886904269801,0.6366304020115764,0.09269700156714461,0.6288659630427325,False,0.5612175980021243,1
41.0,1.0,1.950622305067128,1.4130768627832735,0.9993886904269801,0.6366304020115764,0.09269700156714461,0.6288659630427325,False,0.5612175980021243,1
38.0,1.0,1.950622305067128,1.4130768627832735,0.9993886904269801,0.6366304020115764,0.09269700156714461,0.6288659630427325,False,0.5612175980021243,1
25.0,1.0,1.950622305067128,1.4130768627832735,0.9993886904269801,0.6366304020115764,0.09269700156714461,0.6288659630427325,False,0.5612175980021243,1
29.0,1.0,1.950622305067128,1.4130768627832735,0.9993886904269801,0.6366304020115764,0.09269700156714461,0.6288659630427325,False,0.5612175980021243,1
22.0,1.0,1.950622305067128,1.4130768627832735,0.9993886904269801,0.6366304020115764,0.09269700156714461,0.6288659630427325,False,0.5612175980021243,1
24.0,1.0,1.950622305067128,1.4130768627832735,0.9993886904269801,0.6366304020115764,0.09269700156714461,0.6288659630427325,False,0.5612175980021243,1
14.0,1.0,1.950622305067128,1.4130768627832735,0.9993886904269801,0.6366304020115764,0.09269700156714461,0.6288659630427325,False,0.5612175980021243,1
23.0,1.0,1.950622305067128,1.4130768627832735,0.9993886904269801,0.6366304020115764,0.09269700156714461,0.6288659630427325,False,0.5612175980021243,1
19.0,1.0,1.950622305067128,1.4130768627832735,0.9993886904269801,0.6366304020115764,0.09269700156714461,0.6288659630427325,False,0.5612175980021243,1
21.0,1.0,1.950622305067128,1.4130768627832735,0.9993886904269801,0.6366304020115764,0.09269700156714461,0.6288659630427325,False,0.5612175980021243,1
168.0,1.0,1.950622305067128,1.4130768627832735,0.9993886904269801,0.6366304020115764,0.09269700156714461,0.6288659630427325,False,0.5612175980021243,1
123.0,1.0,1.950622305067128,1.4130768627832735,0.9993886904269801,0.6366304020115764,0.09269700156714461,0.6288659630427325,False,0.5612175980021243,1
46.0,1.0,1.950622305067128,1.4130768627832735,0.9993886904269801,0.6366304020115764,0.09269700156714461,0.6288659630427325,False,0.5612175980021243,1
13.0,1.0,1.950622305067128,1.4130768627832735,0.9993886904269801,0.6366304020115764,0.09269700156714461,0.6288659630427325,False,0.5612175980021243,1
193.0,1.0,1.950622305067128,1.4130768627832735,0.9993886904269801,0.6366304020115764,0.09269700156714461,0.6288659630427325,False,0.5612175980021243,1
2.0,1.0,1.950622305067128,1.4130768627832735,0.9993886904269801,0.6366304020115764,0.09269700156714461,0.6288659630427325,False,0.5612175980021243,1
18.0,1.0,1.950622305067128,1.4130768627832735,0.9993886904269801,0.6366304020115764,0.09269700156714461,0.6288659630427325,False,0.5612175980021243,1
314.0,0.8046510000000001,1.950622305067128,1.4130768627832735,0.9993886904269801,0.6366304020115764,0.09269700156714461,0.6288659630427325,False,0.5179639659246996,1
34.0,0.7860469999999999,1.950622305067128,1.4130768627832735,0.9993886904269801,0.6366304020115764,0.09269700156714461,0.6288659630427325,False,0.5179639659246996,1
10.0,0.9953489999999999,1.950622305067128,1.4130768627832735,0.9993886904269801,0.6366304020115764,0.09269700156714461,0.6288659630427325,False,0.5179639659246996,1
64.0,1.0,1.269857168977523,0.5497147841052268,0.36457185718152174,0.9274202481232292,0.5421972611037389,0.15281380864837302,False,0.5174348303847358,1
124.0,1.0,1.1246781530823233,0.389271903058352,0.12545307596064115,0.24572588475264778,0.9513298200099132,0.36362098724419517,False,0.49852672810345394,1
65.0,1.0,1.2753236536065078,0.29493557763307754,0.941309062114396,0.2763180753851432,0.7215046456434933,0.2376553041825883,False,0.4859545082146732,1
311.0,0.734884,1.950622305067128,1.4130768627832735,0.9993886904269801,0.6366304020115764,0.09269700156714461,0.6288659630427325,False,0.46583878859669436,1
67.0,1.0,1.8453422919561548,0.7998111998951514,0.06545606185181208,0.7808613605617325,1.2285050082235762,0.8014591089521631,False,0.46104641449015166,1
3.0,1.0,1.640535553077631,0.18593990575922348,1.4469920245968717,0.6446864153729402,0.278944945818175,0.26375457559464355,False,0.45318983518133266,1
40.0,1.0,1.640535553077631,0.18593990575922348,1.4469920245968717,0.6446864153729402,0.278944945818175,0.26375457559464355,False,0.45318983518133266,1
298.0,1.0,1.640535553077631,0.18593990575922348,1.4469920245968717,0.6446864153729402,0.278944945818175,0.26375457559464355,False,0.45318983518133266,1
43.0,1.0,1.640535553077631,0.18593990575922348,1.4469920245968717,0.6446864153729402,0.278944945818175,0.26375457559464355,False,0.45318983518133266,1
39.0,1.0,1.640535553077631,0.18593990575922348,1.4469920245968717,0.6446864153729402,0.278944945818175,0.26375457559464355,False,0.45318983518133266,1
42.0,1.0,1.640535553077631,0.18593990575922348,1.4469920245968717,0.6446864153729402,0.278944945818175,0.26375457559464355,False,0.45318983518133266,1
274.0,1.0,1.6944859982697436,1.0609196150446083,1.22610639805697,0.4760589947461574,0.08011014693347196,0.09667299141512337,False,0.4482732165076174,1
116.0,1.0,1.6944859982697436,1.0609196150446083,1.22610639805697,0.4760589947461574,0.08011014693347196,0.09667299141512337,False,0.4482732165076174,1
171.0,1.0,1.6944859982697436,1.0609196150446083,1.22610639805697,0.4760589947461574,0.08011014693347196,0.09667299141512337,False,0.4482732165076174,1
312.0,0.67907,1.950622305067128,1.4130768627832735,0.9993886904269801,0.6366304020115764,0.09269700156714461,0.6288659630427325,False,0.4331685136558966,1
310.0,0.665116,1.950622305067128,1.4130768627832735,0.9993886904269801,0.6366304020115764,0.09269700156714461,0.6288659630427325,False,0.4331685136558966,1
313.0,0.6697669999999999,1.950622305067128,1.4130768627832735,0.9993886904269801,0.6366304020115764,0.09269700156714461,0.6288659630427325,False,0.4331685136558966,1
68.0,0.790698,1.8453422919561548,0.7998111998951514,0.06545606185181208,0.7808613605617325,1.2285050082235762,0.8014591089521631,False,0.4258224421108969,1
36.0,0.87907,1.640535553077631,0.18593990575922348,1.4469920245968717,0.6446864153729402,0.278944945818175,0.26375457559464355,False,0.41436754375627566,1
105.0,1.0,2.025847667652856,0.7151159212785201,1.1357984648421042,0.1481049737161484,0.9934518467760218,1.1374305182421736,False,0.41258986925298574,1
309.0,0.604651,1.950622305067128,1.4130768627832735,0.9993886904269801,0.6366304020115764,0.09269700156714461,0.6288659630427325,False,0.36777499804059444,1
35.0,0.581395,1.950622305067128,1.4130768627832735,0.9993886904269801,0.6366304020115764,0.09269700156714461,0.6288659630427325,False,0.36777499804059444,1
8.0,0.544186,1.950622305067128,1.4130768627832735,0.9993886904269801,0.6366304020115764,0.09269700156714461,0.6288659630427325,False,0.33364041655550053,1
32.0,0.623256,1.640535553077631,0.18593990575922348,1.4469920245968717,0.6446864153729402,0.278944945818175,0.26375457559464355,False,0.3273558882877784,1
33.0,0.581395,1.640535553077631,0.18593990575922348,1.4469920245968717,0.6446864153729402,0.278944945818175,0.26375457559464355,False,0.3145909544800885,1
15.0,0.539535,1.950622305067128,1.4130768627832735,0.9993886904269801,0.6366304020115764,0.09269700156714461,0.6288659630427325,False,0.28880301439010286,1
6.0,0.534884,1.950622305067128,1.4130768627832735,0.9993886904269801,0.6366304020115764,0.09269700156714461,0.6288659630427325,False,0.2655187152823713,1
1.0,0.530233,1.950622305067128,1.4130768627832735,0.9993886904269801,0.6366304020115764,0.09269700156714461,0.6288659630427325,True,0.2603334461097855,1
224.0,0.395349,1.950622305067128,1.4130768627832735,0.9993886904269801,0.6366304020115764,0.09269700156714461,0.6288659630427325,False,0.1405192891022655,1
7.0,0.5255810000000001,1.950622305067128,1.4130768627832735,0.9993886904269801,0.6366304020115764,0.09269700156714461,0.6288659630427325,False,0.1371194045368798,1
74.0,0.35814,1.269857168977523,0.5497147841052268,0.36457185718152174,0.9274202481232292,0.5421972611037389,0.15281380864837302,False,0.07873538475058284,1
11.0,0.469767,1.950622305067128,1.4130768627832735,0.9993886904269801,0.6366304020115764,0.09269700156714461,0.6288659630427325,False,0.07040791346348219,1
135.0,0.483721,1.950622305067128,1.4130768627832735,0.9993886904269801,0.6366304020115764,0.09269700156714461,0.6288659630427325,False,0.07040791346348219,1
9.0,0.469767,1.950622305067128,1.4130768627832735,0.9993886904269801,0.6366304020115764,0.09269700156714461,0.6288659630427325,False,0.07040791346348219,1
16.0,0.483721,1.950622305067128,1.4130768627832735,0.9993886904269801,0.6366304020115764,0.09269700156714461,0.6288659630427325,False,0.07040791346348219,1
28.0,0.46511600000000003,1.950622305067128,1.4130768627832735,0.9993886904269801,0.6366304020115764,0.09269700156714461,0.6288659630427325,False,0.07040791346348219,1
75.0,0.395349,1.269857168977523,0.5497147841052268,0.36457185718152174,0.9274202481232292,0.5421972611037389,0.15281380864837302,False,0.06404789906636382,1
119.0,0.483721,2.025847667652856,0.7151159212785201,1.1357984648421042,0.1481049737161484,0.9934518467760218,1.1374305182421736,False,-0.03173287712957062,1
118.0,0.48837200000000003,2.025847667652856,0.7151159212785201,1.1357984648421042,0.1481049737161484,0.9934518467760218,1.1374305182421736,False,-0.03173287712957062,1
70.0,0.311628,1.1246781530823233,0.389271903058352,0.12545307596064115,0.24572588475264778,0.9513298200099132,0.36362098724419517,False,-0.11432784593942212,1
109.0,0.32093000000000005,1.1246781530823233,0.389271903058352,0.12545307596064115,0.24572588475264778,0.9513298200099132,0.36362098724419517,False,-0.11432784593942212,1
71.0,0.325581,1.1246781530823233,0.389271903058352,0.12545307596064115,0.24572588475264778,0.9513298200099132,0.36362098724419517,False,-0.11432784593942212,1
66.0,0.288372,1.1246781530823233,0.389271903058352,0.12545307596064115,0.24572588475264778,0.9513298200099132,0.36362098724419517,False,-0.1198182765720941,1
107.0,0.26976700000000003,1.1246781530823233,0.389271903058352,0.12545307596064115,0.24572588475264778,0.9513298200099132,0.36362098724419517,False,-0.13582165241918465,1
76.0,0.26976700000000003,1.1246781530823233,0.389271903058352,0.12545307596064115,0.24572588475264778,0.9513298200099132,0.36362098724419517,False,-0.13582165241918465,1
101.0,0.265116,1.1246781530823233,0.389271903058352,0.12545307596064115,0.24572588475264778,0.9513298200099132,0.36362098724419517,False,-0.13582165241918465,1
77.0,0.260465,1.1246781530823233,0.389271903058352,0.12545307596064115,0.24572588475264778,0.9513298200099132,0.36362098724419517,False,-0.13582165241918465,1
106.0,0.162791,2.025847667652856,0.7151159212785201,1.1357984648421042,0.1481049737161484,0.9934518467760218,1.1374305182421736,False,-0.14646338511879495,1
125.0,0.12093,2.025847667652856,0.7151159212785201,1.1357984648421042,0.1481049737161484,0.9934518467760218,1.1374305182421736,False,-0.1690783829249596,1
12.0,0.08372099999999999,2.025847667652856,0.7151159212785201,1.1357984648421042,0.1481049737161484,0.9934518467760218,1.1374305182421736,False,-0.1690783829249596,1
27.0,0.08837199999999999,2.025847667652856,0.7151159212785201,1.1357984648421042,0.1481049737161484,0.9934518467760218,1.1374305182421736,False,-0.1690783829249596,1
26.0,0.08837199999999999,2.025847667652856,0.7151159212785201,1.1357984648421042,0.1481049737161484,0.9934518467760218,1.1374305182421736,False,-0.1690783829249596,1
130.0,0.190698,1.8453422919561548,0.7998111998951514,0.06545606185181208,0.7808613605617325,1.2285050082235762,0.8014591089521631,False,-0.2015868046709128,1
189.0,0.265116,1.934018031397908,1.5307123843036161,0.37345721862981063,0.5938765027728132,0.493163149079686,0.8136189870014124,False,-0.20420106748723918,1
296.0,0.2,1.950622305067128,1.4130768627832735,0.9993886904269801,0.6366304020115764,0.09269700156714461,0.6288659630427325,False,-0.27517749568760186,1
31.0,0.16744199999999998,1.950622305067128,1.4130768627832735,0.9993886904269801,0.6366304020115764,0.09269700156714461,0.6288659630427325,False,-0.27517749568760186,1
30.0,0.162791,1.950622305067128,1.4130768627832735,0.9993886904269801,0.6366304020115764,0.09269700156714461,0.6288659630427325,False,-0.27517749568760186,1
117.0,0.23255800000000001,1.269857168977523,0.5497147841052268,0.36457185718152174,0.9274202481232292,0.5421972611037389,0.15281380864837302,False,-0.27792843951353124,1
285.0,0.26976700000000003,1.6944859982697436,1.0609196150446083,1.22610639805697,0.4760589947461574,0.08011014693347196,0.09667299141512337,False,-0.28295467615692393,1
20.0,0.15814,1.950622305067128,1.4130768627832735,0.9993886904269801,0.6366304020115764,0.09269700156714461,0.6288659630427325,False,-0.29779249349376646,1
293.0,0.134884,1.950622305067128,1.4130768627832735,0.9993886904269801,0.6366304020115764,0.09269700156714461,0.6288659630427325,False,-0.29779249349376646,1
129.0,0.148837,1.950622305067128,1.4130768627832735,0.9993886904269801,0.6366304020115764,0.09269700156714461,0.6288659630427325,False,-0.29779249349376646,1
128.0,0.139535,1.950622305067128,1.4130768627832735,0.9993886904269801,0.6366304020115764,0.09269700156714461,0.6288659630427325,False,-0.29779249349376646,1
69.0,0.13023300000000002,1.950622305067128,1.4130768627832735,0.9993886904269801,0.6366304020115764,0.09269700156714461,0.6288659630427325,False,-0.29779249349376646,1
248.0,0.032558,1.934018031397908,1.5307123843036161,0.37345721862981063,0.5938765027728132,0.493163149079686,0.8136189870014124,False,-0.31092534775478586,1
144.0,0.032558,1.934018031397908,1.5307123843036161,0.37345721862981063,0.5938765027728132,0.493163149079686,0.8136189870014124,False,-0.31092534775478586,1
221.0,0.060465,1.934018031397908,1.5307123843036161,0.37345721862981063,0.5938765027728132,0.493163149079686,0.8136189870014124,False,-0.31092534775478586,1
91.0,0.032558,1.950622305067128,1.4130768627832735,0.9993886904269801,0.6366304020115764,0.09269700156714461,0.6288659630427325,False,-0.33698117332790234,1
185.0,0.046512000000000005,1.950622305067128,1.4130768627832735,0.9993886904269801,0.6366304020115764,0.09269700156714461,0.6288659630427325,False,-0.33698117332790234,1
61.0,0.051163,1.950622305067128,1.4130768627832735,0.9993886904269801,0.6366304020115764,0.09269700156714461,0.6288659630427325,False,-0.33698117332790234,1
108.0,0.046512000000000005,1.950622305067128,1.4130768627832735,0.9993886904269801,0.6366304020115764,0.09269700156714461,0.6288659630427325,False,-0.33698117332790234,1
60.0,0.037209,1.950622305067128,1.4130768627832735,0.9993886904269801,0.6366304020115764,0.09269700156714461,0.6288659630427325,False,-0.33698117332790234,1
142.0,0.037209,1.950622305067128,1.4130768627832735,0.9993886904269801,0.6366304020115764,0.09269700156714461,0.6288659630427325,False,-0.33698117332790234,1
58.0,0.032558,1.950622305067128,1.4130768627832735,0.9993886904269801,0.6366304020115764,0.09269700156714461,0.6288659630427325,False,-0.33698117332790234,1
127.0,0.10697699999999999,1.6944859982697436,1.0609196150446083,1.22610639805697,0.4760589947461574,0.08011014693347196,0.09667299141512337,False,-0.3630205699747002,1
81.0,0.102326,1.6944859982697436,1.0609196150446083,1.22610639805697,0.4760589947461574,0.08011014693347196,0.09667299141512337,False,-0.3630205699747002,1
177.0,0.139535,1.6944859982697436,1.0609196150446083,1.22610639805697,0.4760589947461574,0.08011014693347196,0.09667299141512337,False,-0.3630205699747002,1
100.0,0.15814,1.6944859982697436,1.0609196150446083,1.22610639805697,0.4760589947461574,0.08011014693347196,0.09667299141512337,False,-0.3630205699747002,1
80.0,0.11627900000000001,1.6944859982697436,1.0609196150446083,1.22610639805697,0.4760589947461574,0.08011014693347196,0.09667299141512337,False,-0.3630205699747002,1
115.0,0.04186,1.6944859982697436,1.0609196150446083,1.22610639805697,0.4760589947461574,0.08011014693347196,0.09667299141512337,False,-0.4022092498088361,1
114.0,0.037209,1.6944859982697436,1.0609196150446083,1.22610639805697,0.4760589947461574,0.08011014693347196,0.09667299141512337,False,-0.4022092498088361,1
246.0,0.055814,1.6944859982697436,1.0609196150446083,1.22610639805697,0.4760589947461574,0.08011014693347196,0.09667299141512337,False,-0.4022092498088361,1
262.0,0.04186,1.6944859982697436,1.0609196150446083,1.22610639805697,0.4760589947461574,0.08011014693347196,0.09667299141512337,False,-0.4022092498088361,1
110.0,1.0,1.7113664303485463,1.4744373407501592,0.309616605453069,0.35671223565162946,0.3636054674232764,0.6320558438536591,False,0.6097531475135382,20
123.0,1.0,1.7113664303485463,1.4744373407501592,0.309616605453069,0.35671223565162946,0.3636054674232764,0.6320558438536591,True,0.6097531475135382,20
21.0,1.0,1.7113664303485463,1.4744373407501592,0.309616605453069,0.35671223565162946,0.3636054674232764,0.6320558438536591,False,0.6097531475135382,20
22.0,1.0,1.7113664303485463,1.4744373407501592,0.309616605453069,0.35671223565162946,0.3636054674232764,0.6320558438536591,False,0.6097531475135382,20
73.0,1.0,1.7113664303485463,1.4744373407501592,0.309616605453069,0.35671223565162946,0.3636054674232764,0.6320558438536591,False,0.6097531475135382,20
87.0,1.0,1.7113664303485463,1.4744373407501592,0.309616605453069,0.35671223565162946,0.3636054674232764,0.6320558438536591,False,0.6097531475135382,20
55.0,1.0,1.7113664303485463,1.4744373407501592,0.309616605453069,0.35671223565162946,0.3636054674232764,0.6320558438536591,False,0.6097531475135382,20
34.0,1.0,1.7113664303485463,1.4744373407501592,0.309616605453069,0.35671223565162946,0.3636054674232764,0.6320558438536591,False,0.6097531475135382,20
38.0,1.0,1.7113664303485463,1.4744373407501592,0.309616605453069,0.35671223565162946,0.3636054674232764,0.6320558438536591,False,0.6097531475135382,20
50.0,1.0,1.7113664303485463,1.4744373407501592,0.309616605453069,0.35671223565162946,0.3636054674232764,0.6320558438536591,False,0.6097531475135382,20
33.0,1.0,1.7113664303485463,1.4744373407501592,0.309616605453069,0.35671223565162946,0.3636054674232764,0.6320558438536591,False,0.6097531475135382,20
26.0,1.0,1.7113664303485463,1.4744373407501592,0.309616605453069,0.35671223565162946,0.3636054674232764,0.6320558438536591,False,0.6097531475135382,20
27.0,1.0,1.7113664303485463,1.4744373407501592,0.309616605453069,0.35671223565162946,0.3636054674232764,0.6320558438536591,False,0.6097531475135382,20
28.0,1.0,1.7113664303485463,1.4744373407501592,0.309616605453069,0.35671223565162946,0.3636054674232764,0.6320558438536591,False,0.6097531475135382,20
29.0,1.0,1.7113664303485463,1.4744373407501592,0.309616605453069,0.35671223565162946,0.3636054674232764,0.6320558438536591,False,0.6097531475135382,20
30.0,1.0,1.7113664303485463,1.4744373407501592,0.309616605453069,0.35671223565162946,0.3636054674232764,0.6320558438536591,False,0.6097531475135382,20
31.0,1.0,1.7113664303485463,1.4744373407501592,0.309616605453069,0.35671223565162946,0.3636054674232764,0.6320558438536591,False,0.6097531475135382,20
32.0,1.0,1.7113664303485463,1.4744373407501592,0.309616605453069,0.35671223565162946,0.3636054674232764,0.6320558438536591,False,0.6097531475135382,20
11.0,1.0,1.7113664303485463,1.4744373407501592,0.309616605453069,0.35671223565162946,0.3636054674232764,0.6320558438536591,False,0.6097531475135382,20
10.0,1.0,1.7113664303485463,1.4744373407501592,0.309616605453069,0.35671223565162946,0.3636054674232764,0.6320558438536591,False,0.6097531475135382,20
15.0,1.0,1.7113664303485463,1.4744373407501592,0.309616605453069,0.35671223565162946,0.3636054674232764,0.6320558438536591,False,0.6097531475135382,20
8.0,1.0,1.7113664303485463,1.4744373407501592,0.309616605453069,0.35671223565162946,0.3636054674232764,0.6320558438536591,False,0.6097531475135382,20
1.0,1.0,1.7113664303485463,1.4744373407501592,0.309616605453069,0.35671223565162946,0.3636054674232764,0.6320558438536591,False,0.6097531475135382,20
7.0,1.0,1.7113664303485463,1.4744373407501592,0.309616605453069,0.35671223565162946,0.3636054674232764,0.6320558438536591,False,0.6097531475135382,20
6.0,1.0,1.7113664303485463,1.4744373407501592,0.309616605453069,0.35671223565162946,0.3636054674232764,0.6320558438536591,False,0.6097531475135382,20
2.0,1.0,1.7113664303485463,1.4744373407501592,0.309616605453069,0.35671223565162946,0.3636054674232764,0.6320558438536591,False,0.6097531475135382,20
16.0,1.0,1.7113664303485463,1.4744373407501592,0.309616605453069,0.35671223565162946,0.3636054674232764,0.6320558438536591,False,0.6097531475135382,20
17.0,1.0,1.7113664303485463,1.4744373407501592,0.309616605453069,0.35671223565162946,0.3636054674232764,0.6320558438536591,False,0.6097531475135382,20
18.0,1.0,1.7113664303485463,1.4744373407501592,0.309616605453069,0.35671223565162946,0.3636054674232764,0.6320558438536591,False,0.6097531475135382,20
12.0,1.0,1.7113664303485463,1.4744373407501592,0.309616605453069,0.35671223565162946,0.3636054674232764,0.6320558438536591,False,0.6097531475135382,20
20.0,1.0,1.7113664303485463,1.4744373407501592,0.309616605453069,0.35671223565162946,0.3636054674232764,0.6320558438536591,False,0.6097531475135382,20
66.0,1.0,2.15394096953168,1.8467399755002205,0.7328849023946055,0.6677803485165641,0.18371434668212133,0.4606640076203318,False,0.577661394125016,20
58.0,1.0,0.8603324820483542,0.06889178113098016,0.06011318541561783,0.3046371159338119,0.7763077673420387,0.19066930812068045,False,0.5698225944113574,20
13.0,0.846512,1.7113664303485463,1.4744373407501592,0.309616605453069,0.35671223565162946,0.3636054674232764,0.6320558438536591,False,0.5664995154361134,20
41.0,0.7860469999999999,1.7113664303485463,1.4744373407501592,0.309616605453069,0.35671223565162946,0.3636054674232764,0.6320558438536591,False,0.5664995154361134,20
14.0,0.9953489999999999,1.7113664303485463,1.4744373407501592,0.309616605453069,0.35671223565162946,0.3636054674232764,0.6320558438536591,False,0.5664995154361134,20
23.0,0.9953489999999999,1.7113664303485463,1.4744373407501592,0.309616605453069,0.35671223565162946,0.3636054674232764,0.6320558438536591,False,0.5664995154361134,20
19.0,0.911628,1.7113664303485463,1.4744373407501592,0.309616605453069,0.35671223565162946,0.3636054674232764,0.6320558438536591,False,0.5664995154361134,20
53.0,0.7767440000000001,1.7113664303485463,1.4744373407501592,0.309616605453069,0.35671223565162946,0.3636054674232764,0.6320558438536591,False,0.5664995154361134,20
314.0,0.8046510000000001,1.7113664303485463,1.4744373407501592,0.309616605453069,0.35671223565162946,0.3636054674232764,0.6320558438536591,False,0.5664995154361134,20
96.0,1.0,1.8631021687811284,1.2634488486629478,1.1592223016444163,0.20749939133882833,0.6159319817297344,0.32957874624425654,False,0.5470116958109887,20
97.0,1.0,1.8631021687811284,1.2634488486629478,1.1592223016444163,0.20749939133882833,0.6159319817297344,0.32957874624425654,False,0.5470116958109887,20
111.0,0.734884,1.7113664303485463,1.4744373407501592,0.309616605453069,0.35671223565162946,0.3636054674232764,0.6320558438536591,False,0.5143743381081084,20
311.0,0.6930230000000001,1.7113664303485463,1.4744373407501592,0.309616605453069,0.35671223565162946,0.3636054674232764,0.6320558438536591,True,0.5143743381081084,20
65.0,1.0,1.4185692199708888,0.381233595591698,0.9246568540651844,0.7077619812560038,0.25200299469921267,0.6690117698684555,False,0.48392352441156383,20
64.0,1.0,1.4185692199708888,0.381233595591698,0.9246568540651844,0.7077619812560038,0.25200299469921267,0.6690117698684555,False,0.48392352441156383,20
312.0,0.655814,1.7113664303485463,1.4744373407501592,0.309616605453069,0.35671223565162946,0.3636054674232764,0.6320558438536591,False,0.48170406316731046,20
9.0,0.67907,1.7113664303485463,1.4744373407501592,0.309616605453069,0.35671223565162946,0.3636054674232764,0.6320558438536591,False,0.48170406316731046,20
177.0,1.0,1.0468587546417423,0.41703224785507564,0.3605205992520494,0.08554529553998114,0.10945079684699727,0.879047654802901,False,0.47902058027511674,20
88.0,0.637209,1.7113664303485463,1.4744373407501592,0.309616605453069,0.35671223565162946,0.3636054674232764,0.6320558438536591,False,0.44740038372685736,20
310.0,0.637209,1.7113664303485463,1.4744373407501592,0.309616605453069,0.35671223565162946,0.3636054674232764,0.6320558438536591,False,0.44740038372685736,20
313.0,0.6418600000000001,1.7113664303485463,1.4744373407501592,0.309616605453069,0.35671223565162946,0.3636054674232764,0.6320558438536591,False,0.44740038372685736,20
307.0,1.0,1.5356680331472403,1.0313113836719754,0.21500229724358833,0.031820723578247945,0.2636500501488099,1.0853217231431311,False,0.4333414114661648,20
304.0,1.0,1.5356680331472403,1.0313113836719754,0.21500229724358833,0.031820723578247945,0.2636500501488099,1.0853217231431311,False,0.4333414114661648,20
299.0,1.0,1.5356680331472403,1.0313113836719754,0.21500229724358833,0.031820723578247945,0.2636500501488099,1.0853217231431311,False,0.4333414114661648,20
302.0,1.0,1.5356680331472403,1.0313113836719754,0.21500229724358833,0.031820723578247945,0.2636500501488099,1.0853217231431311,False,0.4333414114661648,20
40.0,0.623256,1.7113664303485463,1.4744373407501592,0.309616605453069,0.35671223565162946,0.3636054674232764,0.6320558438536591,False,0.42907548135969814,20
43.0,0.562791,1.7113664303485463,1.4744373407501592,0.309616605453069,0.35671223565162946,0.3636054674232764,0.6320558438536591,False,0.4246297251422338,20
298.0,0.562791,1.7113664303485463,1.4744373407501592,0.309616605453069,0.35671223565162946,0.3636054674232764,0.6320558438536591,True,0.4246297251422338,20
36.0,0.55814,1.7113664303485463,1.4744373407501592,0.309616605453069,0.35671223565162946,0.3636054674232764,0.6320558438536591,False,0.4246297251422338,20
57.0,0.67907,1.8631021687811284,1.2634488486629478,1.1592223016444163,0.20749939133882833,0.6159319817297344,0.32957874624425654,False,0.418962611464761,20
309.0,0.6,1.7113664303485463,1.4744373407501592,0.309616605453069,0.35671223565162946,0.3636054674232764,0.6320558438536591,False,0.4163105475520082,20
35.0,0.567442,1.7113664303485463,1.4744373407501592,0.309616605453069,0.35671223565162946,0.3636054674232764,0.6320558438536591,False,0.4163105475520082,20
39.0,0.613953,1.7113664303485463,1.4744373407501592,0.309616605453069,0.35671223565162946,0.3636054674232764,0.6320558438536591,False,0.4163105475520082,20
42.0,1.0,2.0827509142581144,1.0831783225244696,1.1651647309847701,0.7895784189536581,0.19268881366915241,1.0707026587875328,False,0.39408513635324455,20
3.0,1.0,2.0827509142581144,1.0831783225244696,1.1651647309847701,0.7895784189536581,0.19268881366915241,1.0707026587875328,False,0.39408513635324455,20
300.0,0.7534879999999999,1.5356680331472403,1.0313113836719754,0.21500229724358833,0.031820723578247945,0.2636500501488099,1.0853217231431311,False,0.39008777938873995,20
301.0,0.739535,1.5356680331472403,1.0313113836719754,0.21500229724358833,0.031820723578247945,0.2636500501488099,1.0853217231431311,False,0.3543554860218811,20
306.0,0.6976739999999999,1.5356680331472403,1.0313113836719754,0.21500229724358833,0.031820723578247945,0.2636500501488099,1.0853217231431311,False,0.3543554860218811,20
305.0,0.706977,1.5356680331472403,1.0313113836719754,0.21500229724358833,0.031820723578247945,0.2636500501488099,1.0853217231431311,False,0.3543554860218811,20
308.0,0.7488370000000001,1.5356680331472403,1.0313113836719754,0.21500229724358833,0.031820723578247945,0.2636500501488099,1.0853217231431311,False,0.3543554860218811,20
24.0,0.539535,1.7113664303485463,1.4744373407501592,0.309616605453069,0.35671223565162946,0.3636054674232764,0.6320558438536591,False,0.3183034402067248,20
117.0,1.0,1.622878045888291,0.4458793243015682,0.35117142153248804,1.1931088918368813,0.6728256605606174,0.6598486306694621,False,0.24884732880195634,20
142.0,0.390698,0.8603324820483542,0.06889178113098016,0.06011318541561783,0.3046371159338119,0.7763077673420387,0.19066930812068045,False,0.1564972437484789,20
295.0,0.38604700000000003,1.7113664303485463,1.4744373407501592,0.309616605453069,0.35671223565162946,0.3636054674232764,0.6320558438536591,False,0.15477444144335242,20
37.0,0.390698,1.7113664303485463,1.4744373407501592,0.309616605453069,0.35671223565162946,0.3636054674232764,0.6320558438536591,False,0.15477444144335242,20
25.0,0.367442,1.7113664303485463,1.4744373407501592,0.309616605453069,0.35671223565162946,0.3636054674232764,0.6320558438536591,False,0.12819885577166987,20
61.0,0.372093,1.7113664303485463,1.4744373407501592,0.309616605453069,0.35671223565162946,0.3636054674232764,0.6320558438536591,False,0.12819885577166987,20
71.0,0.34883699999999995,2.15394096953168,1.8467399755002205,0.7328849023946055,0.6677803485165641,0.18371434668212133,0.4606640076203318,False,0.12732483632551747,20
109.0,0.35348799999999997,2.15394096953168,1.8467399755002205,0.7328849023946055,0.6677803485165641,0.18371434668212133,0.4606640076203318,False,0.12732483632551747,20
78.0,0.404651,1.7113664303485463,1.4744373407501592,0.309616605453069,0.35671223565162946,0.3636054674232764,0.6320558438536591,False,0.12639486756797713,20
60.0,0.362791,1.7113664303485463,1.4744373407501592,0.309616605453069,0.35671223565162946,0.3636054674232764,0.6320558438536591,False,0.11579174236312942,20
81.0,0.35814,1.7113664303485463,1.4744373407501592,0.309616605453069,0.35671223565162946,0.3636054674232764,0.6320558438536591,False,0.11579174236312942,20
90.0,0.497674,1.7113664303485463,1.4744373407501592,0.309616605453069,0.35671223565162946,0.3636054674232764,0.6320558438536591,False,0.08065169684420675,20
74.0,0.35814,1.4185692199708888,0.381233595591698,0.9246568540651844,0.7077619812560038,0.25200299469921267,0.6690117698684555,False,0.06425920247220304,20
62.0,0.432558,1.7113664303485463,1.4744373407501592,0.309616605453069,0.35671223565162946,0.3636054674232764,0.6320558438536591,False,0.05628349192919386,20
86.0,0.49302300000000004,1.7113664303485463,1.4744373407501592,0.309616605453069,0.35671223565162946,0.3636054674232764,0.6320558438536591,False,0.05628349192919386,20
103.0,0.418605,1.7113664303485463,1.4744373407501592,0.309616605453069,0.35671223565162946,0.3636054674232764,0.6320558438536591,False,0.05628349192919386,20
79.0,0.413953,1.7113664303485463,1.4744373407501592,0.309616605453069,0.35671223565162946,0.3636054674232764,0.6320558438536591,False,0.05628349192919386,20
75.0,0.395349,1.4185692199708888,0.381233595591698,0.9246568540651844,0.7077619812560038,0.25200299469921267,0.6690117698684555,False,0.04957171678798404,20
303.0,0.37674399999999997,1.5356680331472403,1.0313113836719754,0.21500229724358833,0.031820723578247945,0.2636500501488099,1.0853217231431311,False,0.024849643552064725,20
108.0,0.227907,0.8603324820483542,0.06889178113098016,0.06011318541561783,0.3046371159338119,0.7763077673420387,0.19066930812068045,False,-0.11023069794802225,20
91.0,0.25116299999999997,0.8603324820483542,0.06889178113098016,0.06011318541561783,0.3046371159338119,0.7763077673420387,0.19066930812068045,False,-0.11023069794802225,20
70.0,0.33488399999999996,2.15394096953168,1.8467399755002205,0.7328849023946055,0.6677803485165641,0.18371434668212133,0.4606640076203318,True,-0.14418383982033364,20
120.0,0.297674,1.7113664303485463,1.4744373407501592,0.309616605453069,0.35671223565162946,0.3636054674232764,0.6320558438536591,False,-0.1557169337827217,20
104.0,0.30232600000000004,1.7113664303485463,1.4744373407501592,0.309616605453069,0.35671223565162946,0.3636054674232764,0.6320558438536591,False,-0.1557169337827217,20
121.0,0.311628,1.7113664303485463,1.4744373407501592,0.309616605453069,0.35671223565162946,0.3636054674232764,0.6320558438536591,False,-0.1557169337827217,20
95.0,0.23255800000000001,1.8631021687811284,1.2634488486629478,1.1592223016444163,0.20749939133882833,0.6159319817297344,0.32957874624425654,False,-0.15941435407209328,20
124.0,0.30232600000000004,1.4185692199708888,0.381233595591698,0.9246568540651844,0.7077619812560038,0.25200299469921267,0.6690117698684555,False,-0.17543460137824687,20
67.0,0.32093000000000005,1.4185692199708888,0.381233595591698,0.9246568540651844,0.7077619812560038,0.25200299469921267,0.6690117698684555,False,-0.17543460137824687,20
68.0,0.306977,1.4185692199708888,0.381233595591698,0.9246568540651844,0.7077619812560038,0.25200299469921267,0.6690117698684555,False,-0.17543460137824687,20
63.0,0.172093,1.8631021687811284,1.2634488486629478,1.1592223016444163,0.20749939133882833,0.6159319817297344,0.32957874624425654,False,-0.1922060265255001,20
171.0,0.139535,1.0468587546417423,0.41703224785507564,0.3605205992520494,0.08554529553998114,0.10945079684699727,0.879047654802901,False,-0.21766869182355922,20
122.0,0.274419,1.7113664303485463,1.4744373407501592,0.309616605453069,0.35671223565162946,0.3636054674232764,0.6320558438536591,False,-0.23185102121027842,20
101.0,0.274419,1.4185692199708888,0.381233595591698,0.9246568540651844,0.7077619812560038,0.25200299469921267,0.6690117698684555,False,-0.2515686888058038,20
77.0,0.195349,2.15394096953168,1.8467399755002205,0.7328849023946055,0.6677803485165641,0.18371434668212133,0.4606640076203318,False,-0.27776882325950203,20
76.0,0.21395299999999998,2.15394096953168,1.8467399755002205,0.7328849023946055,0.6677803485165641,0.18371434668212133,0.4606640076203318,False,-0.27776882325950203,20
52.0,0.21395299999999998,1.7113664303485463,1.4744373407501592,0.309616605453069,0.35671223565162946,0.3636054674232764,0.6320558438536591,False,-0.28930191722189,20
49.0,0.195349,1.7113664303485463,1.4744373407501592,0.309616605453069,0.35671223565162946,0.3636054674232764,0.6320558438536591,False,-0.28930191722189,20
107.0,0.21395299999999998,1.7113664303485463,1.4744373407501592,0.309616605453069,0.35671223565162946,0.3636054674232764,0.6320558438536591,True,-0.28930191722189,20
102.0,0.190698,1.7113664303485463,1.4744373407501592,0.309616605453069,0.35671223565162946,0.3636054674232764,0.6320558438536591,False,-0.28930191722189,20
45.0,0.04186,1.7113664303485463,1.4744373407501592,0.309616605453069,0.35671223565162946,0.3636054674232764,0.6320558438536591,False,-0.3385753014778251,20
84.0,0.046512000000000005,1.7113664303485463,1.4744373407501592,0.309616605453069,0.35671223565162946,0.3636054674232764,0.6320558438536591,False,-0.3385753014778251,20
89.0,0.18139500000000003,1.622878045888291,0.4458793243015682,0.35117142153248804,1.1931088918368813,0.6728256605606174,0.6598486306694621,False,-0.5580245731414585,20
81.0,1.0,4.224698042449723,2.3685270495522937,2.481750349376106,2.453018875490932,0.20059468890489462,0.1467260578682612,False,0.5034195010183878,57
89.0,1.0,2.57103228155661,0.3907240279480386,2.0988024541194434,0.24694232182781617,1.2001378922383383,0.7424678543051237,False,0.3737466522276932,57
295.0,0.623256,4.224698042449723,2.3685270495522937,2.481750349376106,2.453018875490932,0.20059468890489462,0.1467260578682612,False,0.34761420549764427,57
92.0,1.0,4.875402101260519,2.6099311676621855,3.126817501582079,0.052672701648478704,0.35781188909309336,2.655186151546755,False,0.24716620456028626,57
118.0,0.9069769999999999,5.670617942953643,1.2313937846645628,4.958315660126443,0.6089650010427384,0.7184156048343864,2.273262779094759,False,0.19859137066906887,57
97.0,1.0,5.409121411103349,1.1098293467098848,4.608828429200957,2.0134650385930235,0.9894838601284277,1.3238028555401213,False,0.19652892381166245,57
117.0,1.0,5.631414051941595,3.0972502318261714,4.108556490293731,0.8410211816029461,0.762686021932561,1.9876172156547425,False,0.1949794933916219,57
119.0,1.0,5.670617942953643,1.2313937846645628,4.958315660126443,0.6089650010427384,0.7184156048343864,2.273262779094759,False,0.1949794933916219,57
115.0,1.0,5.832037774464093,1.426939531726172,5.064389137205082,1.8131149779312414,0.0624198138737021,1.7427531914099943,False,0.13191065183308853,57
114.0,1.0,5.832037774464093,1.426939531726172,5.064389137205082,1.8131149779312414,0.0624198138737021,1.7427531914099943,False,0.13191065183308853,57
109.0,0.87907,5.582316039177436,1.7585732384885504,4.734360760504493,1.566599503761965,0.32560022853305925,1.7593326011635355,False,0.11597796314222703,57
71.0,1.0,5.582316039177436,1.7585732384885504,4.734360760504493,1.566599503761965,0.32560022853305925,1.7593326011635355,False,0.11236608586478007,57
70.0,1.0,5.582316039177436,1.7585732384885504,4.734360760504493,1.566599503761965,0.32560022853305925,1.7593326011635355,False,0.11236608586478007,57
111.0,0.362791,4.224698042449723,2.3685270495522937,2.481750349376106,2.453018875490932,0.20059468890489462,0.1467260578682612,False,0.10209676852713423,57
110.0,0.35814,4.224698042449723,2.3685270495522937,2.481750349376106,2.453018875490932,0.20059468890489462,0.1467260578682612,False,0.10209676852713423,57
307.0,1.0,5.805769326219821,3.739547824014803,0.47884739609338833,1.0735847552434745,1.64168887112153,3.9554668670310225,False,0.051802452133566726,57
305.0,0.706977,5.805769326219821,3.739547824014803,0.47884739609338833,1.0735847552434745,1.64168887112153,3.9554668670310225,False,0.037043686387229074,57
306.0,0.6976739999999999,5.805769326219821,3.739547824014803,0.47884739609338833,1.0735847552434745,1.64168887112153,3.9554668670310225,False,0.037043686387229074,57
308.0,0.7488370000000001,5.805769326219821,3.739547824014803,0.47884739609338833,1.0735847552434745,1.64168887112153,3.9554668670310225,False,0.037043686387229074,57
304.0,0.7534879999999999,5.691052036522922,2.767272451953569,0.7259063299518518,1.2439731833858596,2.143463372740451,4.249874344959318,False,-0.023460253629764293,57
302.0,0.7534879999999999,5.691052036522922,2.767272451953569,0.7259063299518518,1.2439731833858596,2.143463372740451,4.249874344959318,False,-0.023460253629764293,57
300.0,0.7534879999999999,5.691052036522922,2.767272451953569,0.7259063299518518,1.2439731833858596,2.143463372740451,4.249874344959318,False,-0.023460253629764293,57
303.0,1.0,5.691052036522922,2.767272451953569,0.7259063299518518,1.2439731833858596,2.143463372740451,4.249874344959318,False,-0.030670449953013452,57
142.0,1.0,5.691052036522922,2.767272451953569,0.7259063299518518,1.2439731833858596,2.143463372740451,4.249874344959318,False,-0.030670449953013452,57
299.0,1.0,5.691052036522922,2.767272451953569,0.7259063299518518,1.2439731833858596,2.143463372740451,4.249874344959318,False,-0.030670449953013452,57
301.0,0.739535,5.691052036522922,2.767272451953569,0.7259063299518518,1.2439731833858596,2.143463372740451,4.249874344959318,False,-0.04542921569935109,57
105.0,0.483721,5.670617942953643,1.2313937846645628,4.958315660126443,0.6089650010427384,0.7184156048343864,2.273262779094759,False,-0.10971514897177698,57
66.0,0.34883699999999995,5.582316039177436,1.7585732384885504,4.734360760504493,1.566599503761965,0.32560022853305925,1.7593326011635355,False,-0.12771397508432691,57
124.0,0.18604700000000002,2.57103228155661,0.3907240279480386,2.0988024541194434,0.24694232182781617,1.2001378922383383,0.7424678543051237,False,-0.1546265768606268,57
64.0,0.18139500000000003,2.57103228155661,0.3907240279480386,2.0988024541194434,0.24694232182781617,1.2001378922383383,0.7424678543051237,False,-0.1546265768606268,57
65.0,0.195349,2.57103228155661,0.3907240279480386,2.0988024541194434,0.24694232182781617,1.2001378922383383,0.7424678543051237,False,-0.1546265768606268,57
129.0,0.17674399999999998,2.57103228155661,0.3907240279480386,2.0988024541194434,0.24694232182781617,1.2001378922383383,0.7424678543051237,False,-0.1546265768606268,57
101.0,0.237209,2.57103228155661,0.3907240279480386,2.0988024541194434,0.24694232182781617,1.2001378922383383,0.7424678543051237,False,-0.16355623467522795,57
310.0,0.172093,4.875402101260519,2.6099311676621855,3.126817501582079,0.052672701648478704,0.35781188909309336,2.655186151546755,False,-0.24023746773731852,57
58.0,0.390698,5.691052036522922,2.767272451953569,0.7259063299518518,1.2439731833858596,2.143463372740451,4.249874344959318,False,-0.2530712158281449,57
298.0,0.144186,4.875402101260519,2.6099311676621855,3.126817501582079,0.052672701648478704,0.35781188909309336,2.655186151546755,False,-0.2628524655434832,57
36.0,0.148837,4.875402101260519,2.6099311676621855,3.126817501582079,0.052672701648478704,0.35781188909309336,2.655186151546755,False,-0.2628524655434832,57
35.0,0.148837,4.875402101260519,2.6099311676621855,3.126817501582079,0.052672701648478704,0.35781188909309336,2.655186151546755,False,-0.2628524655434832,57
3.0,0.144186,4.875402101260519,2.6099311676621855,3.126817501582079,0.052672701648478704,0.35781188909309336,2.655186151546755,False,-0.2628524655434832,57
69.0,0.153488,4.875402101260519,2.6099311676621855,3.126817501582079,0.052672701648478704,0.35781188909309336,2.655186151546755,False,-0.2628524655434832,57
296.0,0.148837,4.875402101260519,2.6099311676621855,3.126817501582079,0.052672701648478704,0.35781188909309336,2.655186151546755,False,-0.2628524655434832,57
311.0,0.144186,4.875402101260519,2.6099311676621855,3.126817501582079,0.052672701648478704,0.35781188909309336,2.655186151546755,False,-0.2628524655434832,57
312.0,0.144186,4.875402101260519,2.6099311676621855,3.126817501582079,0.052672701648478704,0.35781188909309336,2.655186151546755,False,-0.2628524655434832,57
76.0,0.25116299999999997,4.224698042449723,2.3685270495522937,2.481750349376106,2.453018875490932,0.20059468890489462,0.1467260578682612,False,-0.28638192803238094,57
77.0,0.24186,4.224698042449723,2.3685270495522937,2.481750349376106,2.453018875490932,0.20059468890489462,0.1467260578682612,False,-0.28638192803238094,57
102.0,0.24186,4.224698042449723,2.3685270495522937,2.481750349376106,2.453018875490932,0.20059468890489462,0.1467260578682612,False,-0.28638192803238094,57
107.0,0.223256,4.224698042449723,2.3685270495522937,2.481750349376106,2.453018875490932,0.20059468890489462,0.1467260578682612,False,-0.3191736004857878,57
106.0,0.15814,5.670617942953643,1.2313937846645628,4.958315660126443,0.6089650010427384,0.7184156048343864,2.273262779094759,False,-0.3223200412832919,57
125.0,0.11627900000000001,5.670617942953643,1.2313937846645628,4.958315660126443,0.6089650010427384,0.7184156048343864,2.273262779094759,False,-0.3223200412832919,57
61.0,0.18139500000000003,5.409121411103349,1.1098293467098848,4.608828429200957,2.0134650385930235,0.9894838601284277,1.3238028555401213,False,-0.34942377642744754,57
60.0,0.18604700000000002,5.409121411103349,1.1098293467098848,4.608828429200957,2.0134650385930235,0.9894838601284277,1.3238028555401213,False,-0.34942377642744754,57
63.0,0.172093,5.409121411103349,1.1098293467098848,4.608828429200957,2.0134650385930235,0.9894838601284277,1.3238028555401213,False,-0.34942377642744754,57
50.0,0.190698,5.409121411103349,1.1098293467098848,4.608828429200957,2.0134650385930235,0.9894838601284277,1.3238028555401213,False,-0.34942377642744754,57
53.0,0.190698,5.409121411103349,1.1098293467098848,4.608828429200957,2.0134650385930235,0.9894838601284277,1.3238028555401213,False,-0.34942377642744754,57
91.0,0.190698,5.409121411103349,1.1098293467098848,4.608828429200957,2.0134650385930235,0.9894838601284277,1.3238028555401213,False,-0.34942377642744754,57
95.0,0.23255800000000001,5.409121411103349,1.1098293467098848,4.608828429200957,2.0134650385930235,0.9894838601284277,1.3238028555401213,False,-0.35835343424204863,57
79.0,0.069767,5.670617942953643,1.2313937846645628,4.958315660126443,0.6089650010427384,0.7184156048343864,2.273262779094759,False,-0.36150872111742777,57
297.0,0.074419,5.670617942953643,1.2313937846645628,4.958315660126443,0.6089650010427384,0.7184156048343864,2.273262779094759,False,-0.36150872111742777,57
78.0,0.065116,5.670617942953643,1.2313937846645628,4.958315660126443,0.6089650010427384,0.7184156048343864,2.273262779094759,False,-0.36150872111742777,57
26.0,0.069767,5.670617942953643,1.2313937846645628,4.958315660126443,0.6089650010427384,0.7184156048343864,2.273262779094759,False,-0.36150872111742777,57
45.0,0.065116,5.670617942953643,1.2313937846645628,4.958315660126443,0.6089650010427384,0.7184156048343864,2.273262779094759,False,-0.36150872111742777,57
131.0,0.218605,5.582316039177436,1.7585732384885504,4.734360760504493,1.566599503761965,0.32560022853305925,1.7593326011635355,False,-0.37721212002361276,57
171.0,0.04186,5.832037774464093,1.426939531726172,5.064389137205082,1.8131149779312414,0.0624198138737021,1.7427531914099943,False,-0.4194712316956049,57
108.0,0.293023,5.691052036522922,2.767272451953569,0.7259063299518518,1.2439731833858596,2.143463372740451,4.249874344959318,False,-0.4816725360120732,57
52.0,0.255814,5.691052036522922,2.767272451953569,0.7259063299518518,1.2439731833858596,2.143463372740451,4.249874344959318,False,-0.49329683133778746,57
49.0,0.24651199999999998,5.691052036522922,2.767272451953569,0.7259063299518518,1.2439731833858596,2.143463372740451,4.249874344959318,False,-0.49329683133778746,57
82.0,1.0,1.8323604246570515,1.5130804894992074,0.4653316432074335,0.05799919632597528,0.8850841968883152,0.25467759544213125,False,0.5758929465325174,398
84.0,1.0,1.8323604246570515,1.5130804894992074,0.4653316432074335,0.05799919632597528,0.8850841968883152,0.25467759544213125,False,0.5758929465325174,398
85.0,1.0,1.8323604246570515,1.5130804894992074,0.4653316432074335,0.05799919632597528,0.8850841968883152,0.25467759544213125,False,0.5758929465325174,398
83.0,1.0,1.8323604246570515,1.5130804894992074,0.4653316432074335,0.05799919632597528,0.8850841968883152,0.25467759544213125,False,0.5758929465325174,398
65.0,1.0,1.6584917279286138,0.48637092729966946,0.7334259349726366,0.8737134341121714,1.0893066163796532,0.16174195855819196,True,0.5136353989891279,398
197.0,1.0,2.5007790019689873,1.722147733970208,1.301277778457222,0.5561550067245014,0.8609651198158459,0.7377056413770161,False,0.5094293527714931,398
196.0,1.0,2.5007790019689873,1.722147733970208,1.301277778457222,0.5561550067245014,0.8609651198158459,0.7377056413770161,False,0.5094293527714931,398
72.0,1.0,2.5007790019689873,1.722147733970208,1.301277778457222,0.5561550067245014,0.8609651198158459,0.7377056413770161,False,0.5094293527714931,398
90.0,1.0,2.589698755668857,1.8893639908267656,0.31624480996701587,1.5737078092393886,0.2792709767871405,0.6944667221056968,False,0.49331380948589554,398
130.0,1.0,2.8084523345652572,1.5377524650155516,0.6926977096231655,1.9735293628910302,0.8601879458032503,0.6388664231654116,False,0.4699698121219792,398
132.0,1.0,2.8084523345652572,1.5377524650155516,0.6926977096231655,1.9735293628910302,0.8601879458032503,0.6388664231654116,False,0.4699698121219792,398
131.0,1.0,2.8084523345652572,1.5377524650155516,0.6926977096231655,1.9735293628910302,0.8601879458032503,0.6388664231654116,False,0.4699698121219792,398
64.0,1.0,1.7746546229647393,0.7411501337718187,1.310163139905511,0.22261126137408535,0.9099992318398987,0.0769004630239767,False,0.44476136724561866,398
88.0,1.0,2.216060495148106,0.6887463969074035,1.8567667666610923,0.5976590942205972,0.7176693088311308,0.3416490353905802,False,0.4173934281513409,398
124.0,1.0,2.433201477796123,0.1978365533917601,1.8001880730476738,0.9043056247446668,1.3191317907460731,0.28770764161979884,False,0.395731655532101,398
87.0,0.637209,2.216060495148106,0.6887463969074035,1.8567667666610923,0.5976590942205972,0.7176693088311308,0.3416490353905802,False,0.2963059189589028,398
67.0,1.0,2.6044668625331786,0.9912465495617433,1.6092789352352206,0.3691701489355821,1.5963069789597362,0.7255457633277668,False,0.26837884416015245,398
68.0,0.790698,2.6044668625331786,0.9912465495617433,1.6092789352352206,0.3691701489355821,1.5963069789597362,0.7255457633277668,False,0.23758621243326553,398
1.0,1.0,2.0748490070672703,0.19143534966659193,1.6747349970870327,1.1500315094973146,0.36780197073615983,0.07591334562439633,False,0.17998557956737593,398
6.0,0.809302,2.0748490070672703,0.19143534966659193,1.6747349970870327,1.1500315094973146,0.36780197073615983,0.07591334562439633,False,0.14116328814231896,398
7.0,0.660465,2.0748490070672703,0.19143534966659193,1.6747349970870327,1.1500315094973146,0.36780197073615983,0.07591334562439633,False,0.07276071983466219,398
8.0,0.6418600000000001,2.0748490070672703,0.19143534966659193,1.6747349970870327,1.1500315094973146,0.36780197073615983,0.07591334562439633,False,0.05889807037493782,398
74.0,0.35814,1.7746546229647393,0.7411501337718187,1.310163139905511,0.22261126137408535,0.9099992318398987,0.0769004630239767,False,0.049969415939354306,398
309.0,0.6,2.0748490070672703,0.19143534966659193,1.6747349970870327,1.1500315094973146,0.36780197073615983,0.07591334562439633,False,0.041386698866131826,398
75.0,0.395349,1.7746546229647393,0.7411501337718187,1.310163139905511,0.22261126137408535,0.9099992318398987,0.0769004630239767,False,0.0352819302551353,398
86.0,0.5162789999999999,2.216060495148106,0.6887463969074035,1.8567667666610923,0.5976590942205972,0.7176693088311308,0.3416490353905802,False,0.00579566778799745,398
12.0,0.539535,2.0748490070672703,0.19143534966659193,1.6747349970870327,1.1500315094973146,0.36780197073615983,0.07591334562439633,False,-0.03758528478435964,398
18.0,0.530233,2.0748490070672703,0.19143534966659193,1.6747349970870327,1.1500315094973146,0.36780197073615983,0.07591334562439633,False,-0.0660548530646771,398
11.0,0.11627900000000001,1.8323604246570515,1.5130804894992074,0.4653316432074335,0.05799919632597528,0.8850841968883152,0.25467759544213125,False,-0.15072327365255453,398
294.0,0.134884,1.8323604246570515,1.5130804894992074,0.4653316432074335,0.05799919632597528,0.8850841968883152,0.25467759544213125,False,-0.15072327365255453,398
15.0,0.10697699999999999,1.8323604246570515,1.5130804894992074,0.4653316432074335,0.05799919632597528,0.8850841968883152,0.25467759544213125,False,-0.15072327365255453,398
31.0,0.08837199999999999,1.8323604246570515,1.5130804894992074,0.4653316432074335,0.05799919632597528,0.8850841968883152,0.25467759544213125,False,-0.15072327365255453,398
45.0,0.102326,1.8323604246570515,1.5130804894992074,0.4653316432074335,0.05799919632597528,0.8850841968883152,0.25467759544213125,False,-0.15072327365255453,398
22.0,0.10697699999999999,1.8323604246570515,1.5130804894992074,0.4653316432074335,0.05799919632597528,0.8850841968883152,0.25467759544213125,False,-0.15072327365255453,398
47.0,0.111628,1.8323604246570515,1.5130804894992074,0.4653316432074335,0.05799919632597528,0.8850841968883152,0.25467759544213125,False,-0.15072327365255453,398
56.0,0.10697699999999999,1.8323604246570515,1.5130804894992074,0.4653316432074335,0.05799919632597528,0.8850841968883152,0.25467759544213125,False,-0.15072327365255453,398
69.0,0.10697699999999999,1.8323604246570515,1.5130804894992074,0.4653316432074335,0.05799919632597528,0.8850841968883152,0.25467759544213125,False,-0.15072327365255453,398
25.0,0.102326,1.8323604246570515,1.5130804894992074,0.4653316432074335,0.05799919632597528,0.8850841968883152,0.25467759544213125,False,-0.15072327365255453,398
20.0,0.08837199999999999,1.8323604246570515,1.5130804894992074,0.4653316432074335,0.05799919632597528,0.8850841968883152,0.25467759544213125,False,-0.15072327365255453,398
310.0,0.097674,1.8323604246570515,1.5130804894992074,0.4653316432074335,0.05799919632597528,0.8850841968883152,0.25467759544213125,False,-0.15072327365255453,398
109.0,0.32093000000000005,2.433201477796123,0.1978365533917601,1.8001880730476738,0.9043056247446668,1.3191317907460731,0.28770764161979884,False,-0.18232829505985537,398
71.0,0.325581,2.433201477796123,0.1978365533917601,1.8001880730476738,0.9043056247446668,1.3191317907460731,0.28770764161979884,False,-0.18232829505985537,398
70.0,0.311628,2.433201477796123,0.1978365533917601,1.8001880730476738,0.9043056247446668,1.3191317907460731,0.28770764161979884,False,-0.18232829505985537,398
117.0,0.23255800000000001,1.7746546229647393,0.7411501337718187,1.310163139905511,0.22261126137408535,0.9099992318398987,0.0769004630239767,False,-0.19334032754361996,398
66.0,0.227907,1.7746546229647393,0.7411501337718187,1.310163139905511,0.22261126137408535,0.9099992318398987,0.0769004630239767,False,-0.19334032754361996,398
189.0,0.265116,2.5007790019689873,1.722147733970208,1.301277778457222,0.5561550067245014,0.8609651198158459,0.7377056413770161,False,-0.2326228898077701,398
24.0,0.48837200000000003,2.0748490070672703,0.19143534966659193,1.6747349970870327,1.1500315094973146,0.36780197073615983,0.07591334562439633,False,-0.2559803857109805,398
2.0,0.47906999999999994,2.0748490070672703,0.19143534966659193,1.6747349970870327,1.1500315094973146,0.36780197073615983,0.07591334562439633,False,-0.2559803857109805,398
101.0,0.274419,1.6584917279286138,0.48637092729966946,0.7334259349726366,0.8737134341121714,1.0893066163796532,0.16174195855819196,False,-0.2570686473509343,398
77.0,0.260465,2.433201477796123,0.1978365533917601,1.8001880730476738,0.9043056247446668,1.3191317907460731,0.28770764161979884,False,-0.25846238248741216,398
76.0,0.26976700000000003,2.433201477796123,0.1978365533917601,1.8001880730476738,0.9043056247446668,1.3191317907460731,0.28770764161979884,False,-0.25846238248741216,398
107.0,0.26976700000000003,2.433201477796123,0.1978365533917601,1.8001880730476738,0.9043056247446668,1.3191317907460731,0.28770764161979884,False,-0.25846238248741216,398
248.0,0.032558,2.5007790019689873,1.722147733970208,1.301277778457222,0.5561550067245014,0.8609651198158459,0.7377056413770161,False,-0.31015613319167434,398
144.0,0.032558,2.5007790019689873,1.722147733970208,1.301277778457222,0.5561550067245014,0.8609651198158459,0.7377056413770161,False,-0.31015613319167434,398
221.0,0.060465,2.5007790019689873,1.722147733970208,1.301277778457222,0.5561550067245014,0.8609651198158459,0.7377056413770161,False,-0.31015613319167434,398
128.0,0.21395299999999998,2.8084523345652572,1.5377524650155516,0.6926977096231655,1.9735293628910302,0.8601879458032503,0.6388664231654116,False,-0.3386327440141745,398
293.0,0.18604700000000002,2.8084523345652572,1.5377524650155516,0.6926977096231655,1.9735293628910302,0.8601879458032503,0.6388664231654116,False,-0.3386327440141745,398
129.0,0.153488,2.8084523345652572,1.5377524650155516,0.6926977096231655,1.9735293628910302,0.8601879458032503,0.6388664231654116,False,-0.3487174484359736,398
121.0,0.060465,2.216060495148106,0.6887463969074035,1.8567667666610923,0.5976590942205972,0.7176693088311308,0.3416490353905802,False,-0.38503285016183453,398
92.0,0.060465,2.216060495148106,0.6887463969074035,1.8567667666610923,0.5976590942205972,0.7176693088311308,0.3416490353905802,False,-0.38503285016183453,398
120.0,0.055814,2.216060495148106,0.6887463969074035,1.8567667666610923,0.5976590942205972,0.7176693088311308,0.3416490353905802,False,-0.38503285016183453,398
13.0,0.051163,2.589698755668857,1.8893639908267656,0.31624480996701587,1.5737078092393886,0.2792709767871405,0.6944667221056968,False,-0.40628346117420117,398
259.0,0.046512000000000005,2.589698755668857,1.8893639908267656,0.31624480996701587,1.5737078092393886,0.2792709767871405,0.6944667221056968,False,-0.40628346117420117,398
196.0,1.0,1.527847305799185,1.2357768066705386,0.5678518434845854,0.3175584273876701,0.2283414965638073,0.5759636828188242,False,0.5993456580064735,394
197.0,1.0,1.527847305799185,1.2357768066705386,0.5678518434845854,0.3175584273876701,0.2283414965638073,0.5759636828188242,False,0.5993456580064735,394
72.0,1.0,1.527847305799185,1.2357768066705386,0.5678518434845854,0.3175584273876701,0.2283414965638073,0.5759636828188242,False,0.5993456580064735,394
64.0,1.0,1.8299986706920899,0.02335314502665975,0.962957364475324,0.8415061953722041,1.0146923604299947,0.8266375362818472,False,0.5187964446901278,394
65.0,1.0,1.6584917279286138,0.48637092729966946,0.7334259349726366,0.8737134341121714,1.0893066163796532,0.16174195855819196,True,0.5136353989891279,394
67.0,1.0,1.3607005168549233,0.5048756222620738,0.875853000262584,0.5045432851765893,0.507000362580083,0.5638038047695748,False,0.504313017134485,394
1.0,1.0,1.2753236536065078,0.29493557763307754,0.941309062114396,0.2763180753851432,0.7215046456434933,0.2376553041825883,False,0.4859545082146732,394
124.0,1.0,1.2945053812456575,0.6842074806914296,1.0667621380750372,0.03059219063249541,0.22982517436641992,0.12596568306160688,False,0.4755470187076085,394
88.0,1.0,2.2311910074170602,1.175117324207073,1.1233408316884557,1.4713725283327685,0.3716373075485223,0.17990707683238827,False,0.4749575634709427,394
68.0,0.790698,1.3607005168549233,0.5048756222620738,0.875853000262584,0.5045432851765893,0.507000362580083,0.5638038047695748,False,0.4610593850570601,394
6.0,0.809302,1.2753236536065078,0.29493557763307754,0.941309062114396,0.2763180753851432,0.7215046456434933,0.2376553041825883,False,0.44270087613724834,394
82.0,1.0,1.890595864707952,1.026709562199538,1.1987575781800701,0.9317126304381467,0.20422241949133793,0.4164195540003232,False,0.43530605969465114,394
84.0,1.0,1.890595864707952,1.026709562199538,1.1987575781800701,0.9317126304381467,0.20422241949133793,0.4164195540003232,False,0.43530605969465114,394
85.0,1.0,1.890595864707952,1.026709562199538,1.1987575781800701,0.9317126304381467,0.20422241949133793,0.4164195540003232,False,0.43530605969465114,394
83.0,1.0,1.890595864707952,1.026709562199538,1.1987575781800701,0.9317126304381467,0.20422241949133793,0.4164195540003232,False,0.43530605969465114,394
132.0,1.0,1.611459004541865,1.0513815377158822,0.04072822534947118,1.099815928778859,0.2291186705764028,0.4771244646072197,False,0.4238163008537023,394
130.0,1.0,1.611459004541865,1.0513815377158822,0.04072822534947118,1.099815928778859,0.2291186705764028,0.4771244646072197,False,0.4238163008537023,394
131.0,1.0,1.611459004541865,1.0513815377158822,0.04072822534947118,1.099815928778859,0.2291186705764028,0.4771244646072197,False,0.4238163008537023,394
7.0,0.660465,1.2753236536065078,0.29493557763307754,0.941309062114396,0.2763180753851432,0.7215046456434933,0.2376553041825883,False,0.3742983078295916,394
8.0,0.6418600000000001,1.2753236536065078,0.29493557763307754,0.941309062114396,0.2763180753851432,0.7215046456434933,0.2376553041825883,False,0.3399946283891385,394
309.0,0.6,1.2753236536065078,0.29493557763307754,0.941309062114396,0.2763180753851432,0.7215046456434933,0.2376553041825883,False,0.32248325688033247,394
87.0,0.637209,2.2311910074170602,1.175117324207073,1.1233408316884557,1.4713725283327685,0.3716373075485223,0.17990707683238827,False,0.31260479968426186,394
12.0,0.539535,1.2753236536065078,0.29493557763307754,0.941309062114396,0.2763180753851432,0.7215046456434933,0.2376553041825883,False,0.2435112732298411,394
18.0,0.530233,1.2753236536065078,0.29493557763307754,0.941309062114396,0.2763180753851432,0.7215046456434933,0.2376553041825883,False,0.17141685759861347,394
74.0,0.35814,1.8299986706920899,0.02335314502665975,0.962957364475324,0.8415061953722041,1.0146923604299947,0.8266375362818472,False,0.16645856134754974,394
75.0,0.395349,1.8299986706920899,0.02335314502665975,0.962957364475324,0.8415061953722041,1.0146923604299947,0.8266375362818472,False,0.15177107566333076,394
90.0,0.5023259999999999,2.2311910074170602,1.175117324207073,1.1233408316884557,1.4713725283327685,0.3716373075485223,0.17990707683238827,False,0.00851608384731354,394
86.0,0.5162789999999999,2.2311910074170602,1.175117324207073,1.1233408316884557,1.4713725283327685,0.3716373075485223,0.17990707683238827,False,0.00851608384731354,394
2.0,0.47906999999999994,1.2753236536065078,0.29493557763307754,0.941309062114396,0.2763180753851432,0.7215046456434933,0.2376553041825883,False,-0.018508675047689965,394
24.0,0.48837200000000003,1.2753236536065078,0.29493557763307754,0.941309062114396,0.2763180753851432,0.7215046456434933,0.2376553041825883,False,-0.018508675047689965,394
15.0,0.47906999999999994,1.2753236536065078,0.29493557763307754,0.941309062114396,0.2763180753851432,0.7215046456434933,0.2376553041825883,False,-0.018508675047689965,394
70.0,0.223256,1.8299986706920899,0.02335314502665975,0.962957364475324,0.8415061953722041,1.0146923604299947,0.8266375362818472,False,-0.08447250995157514,394
66.0,0.227907,1.8299986706920899,0.02335314502665975,0.962957364475324,0.8415061953722041,1.0146923604299947,0.8266375362818472,False,-0.09340216776617631,394
117.0,0.23255800000000001,1.8299986706920899,0.02335314502665975,0.962957364475324,0.8415061953722041,1.0146923604299947,0.8266375362818472,False,-0.09340216776617631,394
109.0,0.32093000000000005,1.2945053812456575,0.6842074806914296,1.0667621380750372,0.03059219063249541,0.22982517436641992,0.12596568306160688,False,-0.14127401667675923,394
71.0,0.325581,1.2945053812456575,0.6842074806914296,1.0667621380750372,0.03059219063249541,0.22982517436641992,0.12596568306160688,False,-0.14127401667675923,394
107.0,0.26976700000000003,1.2945053812456575,0.6842074806914296,1.0667621380750372,0.03059219063249541,0.22982517436641992,0.12596568306160688,False,-0.1627678231565218,394
101.0,0.265116,1.2945053812456575,0.6842074806914296,1.0667621380750372,0.03059219063249541,0.22982517436641992,0.12596568306160688,False,-0.1627678231565218,394
77.0,0.260465,1.2945053812456575,0.6842074806914296,1.0667621380750372,0.03059219063249541,0.22982517436641992,0.12596568306160688,False,-0.1627678231565218,394
76.0,0.26976700000000003,1.2945053812456575,0.6842074806914296,1.0667621380750372,0.03059219063249541,0.22982517436641992,0.12596568306160688,False,-0.1627678231565218,394
189.0,0.265116,1.527847305799185,1.2357768066705386,0.5678518434845854,0.3175584273876701,0.2283414965638073,0.5759636828188242,False,-0.24225851071734314,394
69.0,0.10697699999999999,1.890595864707952,1.026709562199538,1.1987575781800701,0.9317126304381467,0.20422241949133793,0.4164195540003232,False,-0.33662719998958235,394
47.0,0.111628,1.890595864707952,1.026709562199538,1.1987575781800701,0.9317126304381467,0.20422241949133793,0.4164195540003232,False,-0.33662719998958235,394
25.0,0.09302300000000001,1.890595864707952,1.026709562199538,1.1987575781800701,0.9317126304381467,0.20422241949133793,0.4164195540003232,False,-0.33662719998958235,394
31.0,0.08837199999999999,1.890595864707952,1.026709562199538,1.1987575781800701,0.9317126304381467,0.20422241949133793,0.4164195540003232,False,-0.33662719998958235,394
20.0,0.08837199999999999,1.890595864707952,1.026709562199538,1.1987575781800701,0.9317126304381467,0.20422241949133793,0.4164195540003232,False,-0.33662719998958235,394
310.0,0.097674,1.890595864707952,1.026709562199538,1.1987575781800701,0.9317126304381467,0.20422241949133793,0.4164195540003232,False,-0.33662719998958235,394
11.0,0.11627900000000001,1.890595864707952,1.026709562199538,1.1987575781800701,0.9317126304381467,0.20422241949133793,0.4164195540003232,False,-0.33662719998958235,394
294.0,0.13023300000000002,1.890595864707952,1.026709562199538,1.1987575781800701,0.9317126304381467,0.20422241949133793,0.4164195540003232,False,-0.33662719998958235,394
45.0,0.102326,1.890595864707952,1.026709562199538,1.1987575781800701,0.9317126304381467,0.20422241949133793,0.4164195540003232,False,-0.33662719998958235,394
56.0,0.10697699999999999,1.890595864707952,1.026709562199538,1.1987575781800701,0.9317126304381467,0.20422241949133793,0.4164195540003232,False,-0.33662719998958235,394
22.0,0.10697699999999999,1.890595864707952,1.026709562199538,1.1987575781800701,0.9317126304381467,0.20422241949133793,0.4164195540003232,False,-0.33662719998958235,394
248.0,0.032558,1.527847305799185,1.2357768066705386,0.5678518434845854,0.3175584273876701,0.2283414965638073,0.5759636828188242,False,-0.3489827909848898,394
221.0,0.060465,1.527847305799185,1.2357768066705386,0.5678518434845854,0.3175584273876701,0.2283414965638073,0.5759636828188242,False,-0.3489827909848898,394
144.0,0.032558,1.527847305799185,1.2357768066705386,0.5678518434845854,0.3175584273876701,0.2283414965638073,0.5759636828188242,False,-0.3489827909848898,394
128.0,0.21395299999999998,1.611459004541865,1.0513815377158822,0.04072822534947118,1.099815928778859,0.2291186705764028,0.4771244646072197,False,-0.36516034703378525,394
293.0,0.18604700000000002,1.611459004541865,1.0513815377158822,0.04072822534947118,1.099815928778859,0.2291186705764028,0.4771244646072197,False,-0.36516034703378525,394
129.0,0.153488,1.611459004541865,1.0513815377158822,0.04072822534947118,1.099815928778859,0.2291186705764028,0.4771244646072197,False,-0.37524505145558434,394
92.0,0.060465,2.2311910074170602,1.175117324207073,1.1233408316884557,1.4713725283327685,0.3716373075485223,0.17990707683238827,False,-0.4343115863066299,394
121.0,0.060465,2.2311910074170602,1.175117324207073,1.1233408316884557,1.4713725283327685,0.3716373075485223,0.17990707683238827,False,-0.4343115863066299,394
120.0,0.055814,2.2311910074170602,1.175117324207073,1.1233408316884557,1.4713725283327685,0.3716373075485223,0.17990707683238827,False,-0.4343115863066299,394
97.0,1.0,1.5995926238141338,1.1698513607549073,1.0101217842696777,0.18683435649202462,0.1699041593649837,0.3256130167990975,True,0.5745253561796265,43
96.0,1.0,1.5995926238141338,1.1698513607549073,1.0101217842696777,0.18683435649202462,0.1699041593649837,0.3256130167990975,False,0.5745253561796265,43
299.0,1.0,1.7860148285112312,1.4019888257458797,0.06590177986884971,0.011155688731444235,0.18237777221594084,1.0892874525882903,False,0.5213317998979355,43
307.0,1.0,1.7860148285112312,1.4019888257458797,0.06590177986884971,0.011155688731444235,0.18237777221594084,1.0892874525882903,False,0.5213317998979355,43
304.0,1.0,1.7860148285112312,1.4019888257458797,0.06590177986884971,0.011155688731444235,0.18237777221594084,1.0892874525882903,False,0.5213317998979355,43
302.0,1.0,1.7860148285112312,1.4019888257458797,0.06590177986884971,0.011155688731444235,0.18237777221594084,1.0892874525882903,False,0.5213317998979355,43
110.0,1.0,2.0227795906620165,1.387395530591698,0.9067177741223839,0.3791455439795115,0.01609843714368412,1.095729569275894,False,0.5199966746607176,43
71.0,1.0,1.1254969769686314,0.6487438917786656,0.12553233130353536,0.4468655348310584,0.6638836315953685,0.4355297456234142,False,0.5107026652030172,43
70.0,1.0,1.1254969769686314,0.6487438917786656,0.12553233130353536,0.4468655348310584,0.6638836315953685,0.4355297456234142,False,0.5107026652030172,43
115.0,1.0,1.1760959589715145,0.3171101850162872,0.4555607080041247,0.20035006066178224,0.9270640462547256,0.41895033586987307,False,0.4919388525987416,43
114.0,1.0,1.1760959589715145,0.3171101850162872,0.4555607080041247,0.20035006066178224,0.9270640462547256,0.41895033586987307,False,0.4919388525987416,43
249.0,1.0,1.0200593911173397,0.5142705901736286,0.7054287850998933,0.26488642294719533,0.14160322130377007,0.433821231956516,False,0.4853307944872848,43
310.0,1.0,1.0200593911173397,0.5142705901736286,0.7054287850998933,0.26488642294719533,0.14160322130377007,0.433821231956516,False,0.4853307944872848,43
130.0,1.0,1.0200593911173397,0.5142705901736286,0.7054287850998933,0.26488642294719533,0.14160322130377007,0.433821231956516,False,0.4853307944872848,43
54.0,1.0,1.0200593911173397,0.5142705901736286,0.7054287850998933,0.26488642294719533,0.14160322130377007,0.433821231956516,False,0.4853307944872848,43
57.0,1.0,1.0200593911173397,0.5142705901736286,0.7054287850998933,0.26488642294719533,0.14160322130377007,0.433821231956516,False,0.4853307944872848,43
108.0,1.0,1.0200593911173397,0.5142705901736286,0.7054287850998933,0.26488642294719533,0.14160322130377007,0.433821231956516,False,0.4853307944872848,43
300.0,0.7534879999999999,1.7860148285112312,1.4019888257458797,0.06590177986884971,0.011155688731444235,0.18237777221594084,1.0892874525882903,False,0.4780781678205107,43
109.0,0.87907,1.1254969769686314,0.6487438917786656,0.12553233130353536,0.4468655348310584,0.6638836315953685,0.4355297456234142,False,0.4674490331255924,43
311.0,0.772093,1.0200593911173397,0.5142705901736286,0.7054287850998933,0.26488642294719533,0.14160322130377007,0.433821231956516,False,0.44207716240985995,43
301.0,0.6976739999999999,1.7860148285112312,1.4019888257458797,0.06590177986884971,0.011155688731444235,0.18237777221594084,1.0892874525882903,False,0.4259529904925057,43
306.0,0.6976739999999999,1.7860148285112312,1.4019888257458797,0.06590177986884971,0.011155688731444235,0.18237777221594084,1.0892874525882903,False,0.4259529904925057,43
308.0,0.7488370000000001,1.7860148285112312,1.4019888257458797,0.06590177986884971,0.011155688731444235,0.18237777221594084,1.0892874525882903,False,0.4259529904925057,43
305.0,0.706977,1.7860148285112312,1.4019888257458797,0.06590177986884971,0.011155688731444235,0.18237777221594084,1.0892874525882903,False,0.4259529904925057,43
111.0,0.734884,2.0227795906620165,1.387395530591698,0.9067177741223839,0.3791455439795115,0.01609843714368412,1.095729569275894,False,0.4246178652552878,43
91.0,1.0,2.1809519650080778,1.1176991221557202,1.072291761171497,0.7996114827650546,0.8040272250395842,1.0352063673268597,False,0.4182358266721284,43
52.0,1.0,2.1809519650080778,1.1176991221557202,1.072291761171497,0.7996114827650546,0.8040272250395842,1.0352063673268597,False,0.4182358266721284,43
58.0,1.0,2.1809519650080778,1.1176991221557202,1.072291761171497,0.7996114827650546,0.8040272250395842,1.0352063673268597,False,0.4182358266721284,43
274.0,1.0,2.1809519650080778,1.1176991221557202,1.072291761171497,0.7996114827650546,0.8040272250395842,1.0352063673268597,False,0.4182358266721284,43
192.0,1.0,2.1809519650080778,1.1176991221557202,1.072291761171497,0.7996114827650546,0.8040272250395842,1.0352063673268597,False,0.4182358266721284,43
313.0,0.702326,1.0200593911173397,0.5142705901736286,0.7054287850998933,0.26488642294719533,0.14160322130377007,0.433821231956516,False,0.4063448690430011,43
312.0,0.7209300000000001,1.0200593911173397,0.5142705901736286,0.7054287850998933,0.26488642294719533,0.14160322130377007,0.433821231956516,False,0.4063448690430011,43
49.0,0.781395,2.1809519650080778,1.1176991221557202,1.072291761171497,0.7996114827650546,0.8040272250395842,1.0352063673268597,False,0.37498219459470356,43
3.0,0.683721,1.0200593911173397,0.5142705901736286,0.7054287850998933,0.26488642294719533,0.14160322130377007,0.433821231956516,False,0.37367459410220316,43
41.0,0.665116,1.0200593911173397,0.5142705901736286,0.7054287850998933,0.26488642294719533,0.14160322130377007,0.433821231956516,False,0.37367459410220316,43
39.0,0.6511629999999999,1.0200593911173397,0.5142705901736286,0.7054287850998933,0.26488642294719533,0.14160322130377007,0.433821231956516,False,0.37367459410220316,43
43.0,0.6418600000000001,1.0200593911173397,0.5142705901736286,0.7054287850998933,0.26488642294719533,0.14160322130377007,0.433821231956516,False,0.3393709146617501,43
34.0,0.637209,1.0200593911173397,0.5142705901736286,0.7054287850998933,0.26488642294719533,0.14160322130377007,0.433821231956516,False,0.3393709146617501,43
40.0,0.613953,1.0200593911173397,0.5142705901736286,0.7054287850998933,0.26488642294719533,0.14160322130377007,0.433821231956516,False,0.32185954315294407,43
119.0,1.0,1.756272113910167,0.12156443795467808,0.34948723092548545,1.4045000375502852,0.2710682552940413,0.9494599235546374,False,0.23898683243303034,43
118.0,0.9069769999999999,1.756272113910167,0.12156443795467808,0.34948723092548545,1.4045000375502852,0.2710682552940413,0.9494599235546374,False,0.19573320035560554,43
295.0,0.38604700000000003,2.0227795906620165,1.387395530591698,0.9067177741223839,0.3791455439795115,0.01609843714368412,1.095729569275894,False,0.1441935291651307,43
303.0,0.37674399999999997,1.7860148285112312,1.4019888257458797,0.06590177986884971,0.011155688731444235,0.18237777221594084,1.0892874525882903,False,0.12649353070755648,43
81.0,0.35814,2.0227795906620165,1.387395530591698,0.9067177741223839,0.3791455439795115,0.01609843714368412,1.095729569275894,False,0.1052108300849077,43
142.0,0.390698,2.1809519650080778,1.1176991221557202,1.072291761171497,0.7996114827650546,0.8040272250395842,1.0352063673268597,False,0.07240402980373056,43
66.0,0.34883699999999995,1.1254969769686314,0.6487438917786656,0.12553233130353536,0.4468655348310584,0.6638836315953685,0.4355297456234142,False,0.07200321956886435,43
60.0,0.367442,2.1809519650080778,1.1176991221557202,1.072291761171497,0.7996114827650546,0.8040272250395842,1.0352063673268597,False,0.07111905502111475,43
61.0,0.35814,2.1809519650080778,1.1176991221557202,1.072291761171497,0.7996114827650546,0.8040272250395842,1.0352063673268597,False,0.0587119416125743,43
132.0,0.5023259999999999,1.0200593911173397,0.5142705901736286,0.7054287850998933,0.26488642294719533,0.14160322130377007,0.433821231956516,False,-0.013799307554857428,43
131.0,0.339535,1.0200593911173397,0.5142705901736286,0.7054287850998933,0.26488642294719533,0.14160322130377007,0.433821231956516,False,-0.12945138765443537,43
124.0,0.325581,1.1254969769686314,0.6487438917786656,0.12553233130353536,0.4468655348310584,0.6638836315953685,0.4355297456234142,False,-0.14468899924530185,43
136.0,0.339535,2.1809519650080778,1.1176991221557202,1.072291761171497,0.7996114827650546,0.8040272250395842,1.0352063673268597,False,-0.15741058780009443,43
107.0,0.237209,1.796930974229143,0.9884133247147333,0.8001773184293972,0.10385692974341137,0.16114281945368028,1.2549753043882554,False,-0.17105422152378852,43
101.0,0.237209,1.796930974229143,0.9884133247147333,0.8001773184293972,0.10385692974341137,0.16114281945368028,1.2549753043882554,False,-0.17105422152378852,43
95.0,0.23255800000000001,1.5995926238141338,1.1698513607549073,1.0101217842696777,0.18683435649202462,0.1699041593649837,0.3256130167990975,False,-0.17552554105436582,43
53.0,0.330233,2.1809519650080778,1.1176991221557202,1.072291761171497,0.7996114827650546,0.8040272250395842,1.0352063673268597,False,-0.19412272760503269,43
50.0,0.325581,2.1809519650080778,1.1176991221557202,1.072291761171497,0.7996114827650546,0.8040272250395842,1.0352063673268597,False,-0.19412272760503269,43
76.0,0.209302,1.796930974229143,0.9884133247147333,0.8001773184293972,0.10385692974341137,0.16114281945368028,1.2549753043882554,False,-0.20384589397719532,43
102.0,0.218605,1.796930974229143,0.9884133247147333,0.8001773184293972,0.10385692974341137,0.16114281945368028,1.2549753043882554,False,-0.20384589397719532,43
77.0,0.21395299999999998,1.796930974229143,0.9884133247147333,0.8001773184293972,0.10385692974341137,0.16114281945368028,1.2549753043882554,False,-0.20384589397719532,43
63.0,0.172093,1.5995926238141338,1.1698513607549073,1.0101217842696777,0.18683435649202462,0.1699041593649837,0.3256130167990975,False,-0.20831721350777263,43
293.0,0.18604700000000002,1.0200593911173397,0.5142705901736286,0.7054287850998933,0.26488642294719533,0.14160322130377007,0.433821231956516,False,-0.2132933576553467,43
64.0,0.204651,1.0200593911173397,0.5142705901736286,0.7054287850998933,0.26488642294719533,0.14160322130377007,0.433821231956516,False,-0.2132933576553467,43
67.0,0.190698,1.0200593911173397,0.5142705901736286,0.7054287850998933,0.26488642294719533,0.14160322130377007,0.433821231956516,False,-0.2132933576553467,43
171.0,0.037209,1.1760959589715145,0.3171101850162872,0.4555607080041247,0.20035006066178224,0.9270640462547256,0.41895033586987307,False,-0.2142373535318169,43
116.0,0.102326,1.0200593911173397,0.5142705901736286,0.7054287850998933,0.26488642294719533,0.14160322130377007,0.433821231956516,False,-0.22337806207714578,43
65.0,0.227907,1.1254969769686314,0.6487438917786656,0.12553233130353536,0.4468655348310584,0.6638836315953685,0.4355297456234142,False,-0.24548231023106346,43
105.0,0.483721,1.756272113910167,0.12156443795467808,0.34948723092548545,1.4045000375502852,0.2710682552940413,0.9494599235546374,False,-0.2528157590766869,43
6.0,0.074419,1.0200593911173397,0.5142705901736286,0.7054287850998933,0.26488642294719533,0.14160322130377007,0.433821231956516,False,-0.26256674191128176,43
80.0,0.074419,1.0200593911173397,0.5142705901736286,0.7054287850998933,0.26488642294719533,0.14160322130377007,0.433821231956516,False,-0.26256674191128176,43
11.0,0.074419,1.0200593911173397,0.5142705901736286,0.7054287850998933,0.26488642294719533,0.14160322130377007,0.433821231956516,False,-0.26256674191128176,43
1.0,0.074419,1.0200593911173397,0.5142705901736286,0.7054287850998933,0.26488642294719533,0.14160322130377007,0.433821231956516,False,-0.26256674191128176,43
69.0,0.074419,1.0200593911173397,0.5142705901736286,0.7054287850998933,0.26488642294719533,0.14160322130377007,0.433821231956516,False,-0.26256674191128176,43
169.0,0.065116,1.0200593911173397,0.5142705901736286,0.7054287850998933,0.26488642294719533,0.14160322130377007,0.433821231956516,False,-0.26256674191128176,43
134.0,0.074419,1.0200593911173397,0.5142705901736286,0.7054287850998933,0.26488642294719533,0.14160322130377007,0.433821231956516,False,-0.26256674191128176,43
285.0,0.26976700000000003,2.1809519650080778,1.1176991221557202,1.072291761171497,0.7996114827650546,0.8040272250395842,1.0352063673268597,False,-0.2702568150325895,43
237.0,0.09302300000000001,2.1809519650080778,1.1176991221557202,1.072291761171497,0.7996114827650546,0.8040272250395842,1.0352063673268597,False,-0.30860137858235775,43
100.0,0.15814,2.1809519650080778,1.1176991221557202,1.072291761171497,0.7996114827650546,0.8040272250395842,1.0352063673268597,False,-0.30860137858235775,43
262.0,0.04186,2.1809519650080778,1.1176991221557202,1.072291761171497,0.7996114827650546,0.8040272250395842,1.0352063673268597,False,-0.34779005841649363,43
236.0,0.065116,2.1809519650080778,1.1176991221557202,1.072291761171497,0.7996114827650546,0.8040272250395842,1.0352063673268597,False,-0.34779005841649363,43
246.0,0.055814,2.1809519650080778,1.1176991221557202,1.072291761171497,0.7996114827650546,0.8040272250395842,1.0352063673268597,False,-0.34779005841649363,43
106.0,0.15814,1.756272113910167,0.12156443795467808,0.34948723092548545,1.4045000375502852,0.2710682552940413,0.9494599235546374,False,-0.5097807818429344,43
125.0,0.11627900000000001,1.756272113910167,0.12156443795467808,0.34948723092548545,1.4045000375502852,0.2710682552940413,0.9494599235546374,False,-0.5097807818429344,43
45.0,0.065116,1.756272113910167,0.12156443795467808,0.34948723092548545,1.4045000375502852,0.2710682552940413,0.9494599235546374,False,-0.5489694616770704,43
297.0,0.074419,1.756272113910167,0.12156443795467808,0.34948723092548545,1.4045000375502852,0.2710682552940413,0.9494599235546374,False,-0.5489694616770704,43
26.0,0.069767,1.756272113910167,0.12156443795467808,0.34948723092548545,1.4045000375502852,0.2710682552940413,0.9494599235546374,False,-0.5489694616770704,43
78.0,0.065116,1.756272113910167,0.12156443795467808,0.34948723092548545,1.4045000375502852,0.2710682552940413,0.9494599235546374,False,-0.5489694616770704,43
79.0,0.069767,1.756272113910167,0.12156443795467808,0.34948723092548545,1.4045000375502852,0.2710682552940413,0.9494599235546374,False,-0.5489694616770704,43
82.0,1.0,2.122129567495536,1.3379703498430096,0.8908748712497343,0.8975692454786418,0.9280240162111114,0.5027445503054564,False,0.567825656113581,23
85.0,1.0,2.122129567495536,1.3379703498430096,0.8908748712497343,0.8975692454786418,0.9280240162111114,0.5027445503054564,False,0.567825656113581,23
84.0,1.0,2.122129567495536,1.3379703498430096,0.8908748712497343,0.8975692454786418,0.9280240162111114,0.5027445503054564,False,0.567825656113581,23
83.0,1.0,2.122129567495536,1.3379703498430096,0.8908748712497343,0.8975692454786418,0.9280240162111114,0.5027445503054564,False,0.567825656113581,23
57.0,1.0,1.8216061130297478,1.2428128686943407,1.162658900625554,0.555503788971134,0.30145245953034894,0.14977062566833843,False,0.5620482218581596,23
65.0,1.0,2.6563922941536955,2.3646799120425475,0.3078827069303358,0.03414338495950486,0.7238015967197735,0.9191641043057796,False,0.5350359107850903,23
64.0,1.0,2.669563928657181,2.109900705570398,0.8846199118632101,0.6169587877785812,0.9031089812595279,0.8343226087715643,False,0.5298292093137615,23
96.0,1.0,2.3750035647299925,1.3356763224595327,1.2992419178628218,0.7283905208239946,0.744660542192197,1.040917412211487,False,0.47229631773971603,23
67.0,1.0,2.7069493680830896,1.8598042897804739,1.1837357071929198,0.47039990021708444,0.21680123413969055,1.4829679090753545,False,0.4616100025703346,23
72.0,1.0,2.294262600554542,1.128903105372009,0.8757345504149212,0.28341504242816523,0.9521430932835808,1.4951277871246038,False,0.4570355996183602,23
197.0,1.0,2.294262600554542,1.128903105372009,0.8757345504149212,0.28341504242816523,0.9521430932835808,1.4951277871246038,False,0.4570355996183602,23
196.0,1.0,2.294262600554542,1.128903105372009,0.8757345504149212,0.28341504242816523,0.9521430932835808,1.4951277871246038,False,0.4570355996183602,23
132.0,1.0,2.4371431360822267,1.3132983743266653,0.26715448158086463,1.1339593137383637,0.9529202672961763,1.3962885689129991,False,0.4429040827471256,23
130.0,1.0,2.4371431360822267,1.3132983743266653,0.26715448158086463,1.1339593137383637,0.9529202672961763,1.3962885689129991,False,0.4429040827471256,23
131.0,1.0,2.4371431360822267,1.3132983743266653,0.26715448158086463,1.1339593137383637,0.9529202672961763,1.3962885689129991,False,0.4429040827471256,23
53.0,1.0,1.858167567032856,0.628835917335196,1.4010419464877215,0.8201793609560953,0.5481781126112952,0.3481955386553236,False,0.44191306080693976,23
50.0,1.0,1.74263967047068,0.5409146669332966,1.5618880040134104,0.08810720277835915,0.0010042801983441985,0.5449278111396602,False,0.4314932887909464,23
68.0,0.790698,2.7069493680830896,1.8598042897804739,1.1837357071929198,0.47039990021708444,0.21680123413969055,1.4829679090753545,False,0.41835637049290975,23
75.0,0.395349,2.669563928657181,2.109900705570398,0.8846199118632101,0.6169587877785812,0.9031089812595279,0.8343226087715643,False,0.12115048487965727,23
74.0,0.35814,2.669563928657181,2.109900705570398,0.8846199118632101,0.6169587877785812,0.9031089812595279,0.8343226087715643,False,0.11054735967480954,23
60.0,0.367442,1.858167567032856,0.628835917335196,1.4010419464877215,0.8201793609560953,0.5481781126112952,0.3481955386553236,False,0.10315307026012611,23
61.0,0.372093,1.858167567032856,0.628835917335196,1.4010419464877215,0.8201793609560953,0.5481781126112952,0.3481955386553236,True,0.10315307026012611,23
101.0,0.274419,2.6563922941536955,2.3646799120425475,0.3078827069303358,0.03414338495950486,0.7238015967197735,0.9191641043057796,False,-0.13756974534092192,23
91.0,0.325581,1.74263967047068,0.5409146669332966,1.5618880040134104,0.08810720277835915,0.0010042801983441985,0.5449278111396602,False,-0.14427866653242227,23
189.0,0.265116,2.294262600554542,1.128903105372009,0.8757345504149212,0.28341504242816523,0.9521430932835808,1.4951277871246038,False,-0.15660399046445952,23
124.0,0.30232600000000004,2.669563928657181,2.109900705570398,0.8846199118632101,0.6169587877785812,0.9031089812595279,0.8343226087715643,False,-0.16096131647104156,23
70.0,0.227907,2.6563922941536955,2.3646799120425475,0.3078827069303358,0.03414338495950486,0.7238015967197735,0.9191641043057796,False,-0.16222896889912675,23
142.0,0.25116299999999997,1.74263967047068,0.5409146669332966,1.5618880040134104,0.08810720277835915,0.0010042801983441985,0.5449278111396602,False,-0.1904316965703897,23
109.0,0.218605,2.6563922941536955,2.3646799120425475,0.3078827069303358,0.03414338495950486,0.7238015967197735,0.9191641043057796,False,-0.19502064135253355,23
107.0,0.209302,2.6563922941536955,2.3646799120425475,0.3078827069303358,0.03414338495950486,0.7238015967197735,0.9191641043057796,False,-0.19502064135253355,23
71.0,0.209302,2.6563922941536955,2.3646799120425475,0.3078827069303358,0.03414338495950486,0.7238015967197735,0.9191641043057796,False,-0.19502064135253355,23
76.0,0.209302,2.6563922941536955,2.3646799120425475,0.3078827069303358,0.03414338495950486,0.7238015967197735,0.9191641043057796,False,-0.19502064135253355,23
52.0,0.21395299999999998,1.74263967047068,0.5409146669332966,1.5618880040134104,0.08810720277835915,0.0010042801983441985,0.5449278111396602,False,-0.2232233690237965,23
49.0,0.195349,1.74263967047068,0.5409146669332966,1.5618880040134104,0.08810720277835915,0.0010042801983441985,0.5449278111396602,False,-0.2232233690237965,23
58.0,0.223256,1.74263967047068,0.5409146669332966,1.5618880040134104,0.08810720277835915,0.0010042801983441985,0.5449278111396602,False,-0.2232233690237965,23
97.0,0.190698,1.74263967047068,0.5409146669332966,1.5618880040134104,0.08810720277835915,0.0010042801983441985,0.5449278111396602,False,-0.2232233690237965,23
221.0,0.060465,2.294262600554542,1.128903105372009,0.8757345504149212,0.28341504242816523,0.9521430932835808,1.4951277871246038,False,-0.2341372338483638,23
248.0,0.032558,2.294262600554542,1.128903105372009,0.8757345504149212,0.28341504242816523,0.9521430932835808,1.4951277871246038,False,-0.2341372338483638,23
144.0,0.032558,2.294262600554542,1.128903105372009,0.8757345504149212,0.28341504242816523,0.9521430932835808,1.4951277871246038,False,-0.2341372338483638,23
6.0,0.097674,2.122129567495536,1.3379703498430096,0.8908748712497343,0.8975692454786418,0.9280240162111114,0.5027445503054564,False,-0.24946310511430167,23
310.0,0.097674,2.122129567495536,1.3379703498430096,0.8908748712497343,0.8975692454786418,0.9280240162111114,0.5027445503054564,False,-0.24946310511430167,23
69.0,0.111628,2.122129567495536,1.3379703498430096,0.8908748712497343,0.8975692454786418,0.9280240162111114,0.5027445503054564,False,-0.24946310511430167,23
22.0,0.10697699999999999,2.122129567495536,1.3379703498430096,0.8908748712497343,0.8975692454786418,0.9280240162111114,0.5027445503054564,False,-0.24946310511430167,23
294.0,0.13023300000000002,2.122129567495536,1.3379703498430096,0.8908748712497343,0.8975692454786418,0.9280240162111114,0.5027445503054564,False,-0.24946310511430167,23
309.0,0.097674,2.122129567495536,1.3379703498430096,0.8908748712497343,0.8975692454786418,0.9280240162111114,0.5027445503054564,False,-0.24946310511430167,23
18.0,0.102326,2.122129567495536,1.3379703498430096,0.8908748712497343,0.8975692454786418,0.9280240162111114,0.5027445503054564,False,-0.24946310511430167,23
11.0,0.125581,2.122129567495536,1.3379703498430096,0.8908748712497343,0.8975692454786418,0.9280240162111114,0.5027445503054564,False,-0.24946310511430167,23
56.0,0.10697699999999999,2.122129567495536,1.3379703498430096,0.8908748712497343,0.8975692454786418,0.9280240162111114,0.5027445503054564,False,-0.24946310511430167,23
15.0,0.10697699999999999,2.122129567495536,1.3379703498430096,0.8908748712497343,0.8975692454786418,0.9280240162111114,0.5027445503054564,False,-0.24946310511430167,23
47.0,0.111628,2.122129567495536,1.3379703498430096,0.8908748712497343,0.8975692454786418,0.9280240162111114,0.5027445503054564,False,-0.24946310511430167,23
20.0,0.08837199999999999,2.122129567495536,1.3379703498430096,0.8908748712497343,0.8975692454786418,0.9280240162111114,0.5027445503054564,False,-0.24946310511430167,23
25.0,0.09302300000000001,2.122129567495536,1.3379703498430096,0.8908748712497343,0.8975692454786418,0.9280240162111114,0.5027445503054564,False,-0.24946310511430167,23
31.0,0.08837199999999999,2.122129567495536,1.3379703498430096,0.8908748712497343,0.8975692454786418,0.9280240162111114,0.5027445503054564,False,-0.24946310511430167,23
45.0,0.102326,2.122129567495536,1.3379703498430096,0.8908748712497343,0.8975692454786418,0.9280240162111114,0.5027445503054564,False,-0.24946310511430167,23
108.0,0.237209,1.8216061130297478,1.2428128686943407,1.162658900625554,0.555503788971134,0.30145245953034894,0.14977062566833843,False,-0.2577319088060622,23
117.0,0.23255800000000001,2.669563928657181,2.109900705570398,0.8846199118632101,0.6169587877785812,0.9031089812595279,0.8343226087715643,False,-0.26175462745680317,23
66.0,0.227907,2.669563928657181,2.109900705570398,0.8846199118632101,0.6169587877785812,0.9031089812595279,0.8343226087715643,False,-0.26175462745680317,23
128.0,0.21395299999999998,2.4371431360822267,1.3132983743266653,0.26715448158086463,1.1339593137383637,0.9529202672961763,1.3962885689129991,False,-0.2852897025098403,23
293.0,0.18604700000000002,2.4371431360822267,1.3132983743266653,0.26715448158086463,1.1339593137383637,0.9529202672961763,1.3962885689129991,False,-0.2852897025098403,23
129.0,0.153488,2.4371431360822267,1.3132983743266653,0.26715448158086463,1.1339593137383637,0.9529202672961763,1.3962885689129991,False,-0.2953744069316394,23
63.0,0.15814,2.3750035647299925,1.3356763224595327,1.2992419178628218,0.7283905208239946,0.744660542192197,1.040917412211487,False,-0.3266518066659377,23
114.0,1.0,3.6276450588483153,3.4419864550916666,0.21808529525208553,0.5604669567014373,0.6675344185096836,0.7108103196336415,False,0.5563105062059261,47
115.0,1.0,3.6276450588483153,3.4419864550916666,0.21808529525208553,0.5604669567014373,0.6675344185096836,0.7108103196336415,False,0.5563105062059261,47
71.0,1.0,4.0043138208456845,3.773620161854045,0.5481136719526748,0.31395148253216115,0.9307148331690408,0.7273897293871826,False,0.5462730054366532,47
70.0,1.0,4.0043138208456845,3.773620161854045,0.5481136719526748,0.31395148253216115,0.9307148331690408,0.7273897293871826,False,0.5462730054366532,47
310.0,1.0,3.241318884804477,2.6106056799017505,0.03178278184368309,1.0257034403104148,1.4529952434606392,0.7256812157202844,False,0.5281980139342565,47
299.0,1.0,3.241318884804477,2.6106056799017505,0.03178278184368309,1.0257034403104148,1.4529952434606392,0.7256812157202844,False,0.5281980139342565,47
108.0,1.0,3.241318884804477,2.6106056799017505,0.03178278184368309,1.0257034403104148,1.4529952434606392,0.7256812157202844,False,0.5281980139342565,47
130.0,1.0,3.241318884804477,2.6106056799017505,0.03178278184368309,1.0257034403104148,1.4529952434606392,0.7256812157202844,False,0.5281980139342565,47
57.0,1.0,3.241318884804477,2.6106056799017505,0.03178278184368309,1.0257034403104148,1.4529952434606392,0.7256812157202844,False,0.5281980139342565,47
249.0,1.0,3.241318884804477,2.6106056799017505,0.03178278184368309,1.0257034403104148,1.4529952434606392,0.7256812157202844,False,0.5281980139342565,47
302.0,1.0,3.241318884804477,2.6106056799017505,0.03178278184368309,1.0257034403104148,1.4529952434606392,0.7256812157202844,False,0.5281980139342565,47
54.0,1.0,3.241318884804477,2.6106056799017505,0.03178278184368309,1.0257034403104148,1.4529952434606392,0.7256812157202844,False,0.5281980139342565,47
109.0,0.87907,4.0043138208456845,3.773620161854045,0.5481136719526748,0.31395148253216115,0.9307148331690408,0.7273897293871826,False,0.5030193733592284,47
119.0,1.0,3.7883230245844213,3.2464407080300575,0.32415877233072476,0.6436830201870656,1.3235302094703678,1.2413199073184058,False,0.49349995508378247,47
304.0,0.7534879999999999,3.241318884804477,2.6106056799017505,0.03178278184368309,1.0257034403104148,1.4529952434606392,0.7256812157202844,False,0.4929740415550017,47
311.0,0.772093,3.241318884804477,2.6106056799017505,0.03178278184368309,1.0257034403104148,1.4529952434606392,0.7256812157202844,False,0.4929740415550017,47
300.0,0.7534879999999999,3.241318884804477,2.6106056799017505,0.03178278184368309,1.0257034403104148,1.4529952434606392,0.7256812157202844,False,0.4929740415550017,47
118.0,0.9069769999999999,3.7883230245844213,3.2464407080300575,0.32415877233072476,0.6436830201870656,1.3235302094703678,1.2413199073184058,False,0.45827598270452774,47
312.0,0.7209300000000001,3.241318884804477,2.6106056799017505,0.03178278184368309,1.0257034403104148,1.4529952434606392,0.7256812157202844,False,0.44084886422699654,47
313.0,0.702326,3.241318884804477,2.6106056799017505,0.03178278184368309,1.0257034403104148,1.4529952434606392,0.7256812157202844,False,0.44084886422699654,47
301.0,0.6976739999999999,3.241318884804477,2.6106056799017505,0.03178278184368309,1.0257034403104148,1.4529952434606392,0.7256812157202844,False,0.44084886422699654,47
97.0,1.0,3.6640714633921028,3.1248762700753794,0.6736460032562102,0.7608170173632196,1.5945984647644091,0.2918599837637684,False,0.420976564653693,47
96.0,1.0,3.670350520435348,2.460123084123323,1.7393600861326028,1.3443031162700876,1.4262367191071128,0.7433651843135209,False,0.4089536040210191,47
39.0,0.6511629999999999,3.241318884804477,2.6106056799017505,0.03178278184368309,1.0257034403104148,1.4529952434606392,0.7256812157202844,False,0.40817858928619866,47
3.0,0.683721,3.241318884804477,2.6106056799017505,0.03178278184368309,1.0257034403104148,1.4529952434606392,0.7256812157202844,False,0.40817858928619866,47
41.0,0.665116,3.241318884804477,2.6106056799017505,0.03178278184368309,1.0257034403104148,1.4529952434606392,0.7256812157202844,False,0.40817858928619866,47
34.0,0.637209,3.241318884804477,2.6106056799017505,0.03178278184368309,1.0257034403104148,1.4529952434606392,0.7256812157202844,False,0.37387490984574556,47
43.0,0.6418600000000001,3.241318884804477,2.6106056799017505,0.03178278184368309,1.0257034403104148,1.4529952434606392,0.7256812157202844,False,0.37387490984574556,47
40.0,0.613953,3.241318884804477,2.6106056799017505,0.03178278184368309,1.0257034403104148,1.4529952434606392,0.7256812157202844,False,0.3427850736708965,47
81.0,1.0,3.2928209866682105,0.353480126186799,2.8007240830810614,1.200370854261128,0.8057092935408762,0.8852168139080917,False,0.14471803825893217,47
303.0,0.37674399999999997,3.241318884804477,2.6106056799017505,0.03178278184368309,1.0257034403104148,1.4529952434606392,0.7256812157202844,False,0.1368933993789055,47
306.0,0.381395,3.241318884804477,2.6106056799017505,0.03178278184368309,1.0257034403104148,1.4529952434606392,0.7256812157202844,False,0.1368933993789055,47
307.0,0.38604700000000003,3.241318884804477,2.6106056799017505,0.03178278184368309,1.0257034403104148,1.4529952434606392,0.7256812157202844,False,0.1368933993789055,47
308.0,0.404651,3.241318884804477,2.6106056799017505,0.03178278184368309,1.0257034403104148,1.4529952434606392,0.7256812157202844,False,0.10851382550353021,47
305.0,0.395349,3.241318884804477,2.6106056799017505,0.03178278184368309,1.0257034403104148,1.4529952434606392,0.7256812157202844,False,0.10851382550353021,47
66.0,0.34883699999999995,4.0043138208456845,3.773620161854045,0.5481136719526748,0.31395148253216115,0.9307148331690408,0.7273897293871826,False,0.10795603210290926,47
92.0,1.0,3.066053430022444,0.5948842442966908,2.1556569308750886,1.3053207228782828,0.24730271554288819,1.6232432797704024,False,0.07498127034225578,47
132.0,0.5023259999999999,3.241318884804477,2.6106056799017505,0.03178278184368309,1.0257034403104148,1.4529952434606392,0.7256812157202844,False,0.06277065477975984,47
295.0,0.623256,3.2928209866682105,0.353480126186799,2.8007240830810614,1.200370854261128,0.8057092935408762,0.8852168139080917,False,0.018884091365378046,47
105.0,0.483721,3.7883230245844213,3.2464407080300575,0.32415877233072476,0.6436830201870656,1.3235302094703678,1.2413199073184058,False,0.00820039607741506,47
131.0,0.339535,3.241318884804477,2.6106056799017505,0.03178278184368309,1.0257034403104148,1.4529952434606392,0.7256812157202844,False,-0.09293624406236654,47
142.0,0.293023,3.241318884804477,2.6106056799017505,0.03178278184368309,1.0257034403104148,1.4529952434606392,0.7256812157202844,False,-0.12964838386730482,47
124.0,0.325581,4.0043138208456845,3.773620161854045,0.5481136719526748,0.31395148253216115,0.9307148331690408,0.7273897293871826,False,-0.1635526440429419,47
110.0,0.35814,3.2928209866682105,0.353480126186799,2.8007240830810614,1.200370854261128,0.8057092935408762,0.8852168139080917,False,-0.18932315025031085,47
111.0,0.362791,3.2928209866682105,0.353480126186799,2.8007240830810614,1.200370854261128,0.8057092935408762,0.8852168139080917,False,-0.18932315025031085,47
67.0,0.190698,3.241318884804477,2.6106056799017505,0.03178278184368309,1.0257034403104148,1.4529952434606392,0.7256812157202844,False,-0.22151203703846523,47
61.0,0.172093,3.241318884804477,2.6106056799017505,0.03178278184368309,1.0257034403104148,1.4529952434606392,0.7256812157202844,False,-0.22151203703846523,47
60.0,0.16744199999999998,3.241318884804477,2.6106056799017505,0.03178278184368309,1.0257034403104148,1.4529952434606392,0.7256812157202844,False,-0.22151203703846523,47
91.0,0.204651,3.241318884804477,2.6106056799017505,0.03178278184368309,1.0257034403104148,1.4529952434606392,0.7256812157202844,False,-0.22151203703846523,47
52.0,0.16744199999999998,3.241318884804477,2.6106056799017505,0.03178278184368309,1.0257034403104148,1.4529952434606392,0.7256812157202844,False,-0.22151203703846523,47
293.0,0.18604700000000002,3.241318884804477,2.6106056799017505,0.03178278184368309,1.0257034403104148,1.4529952434606392,0.7256812157202844,False,-0.22151203703846523,47
64.0,0.204651,3.241318884804477,2.6106056799017505,0.03178278184368309,1.0257034403104148,1.4529952434606392,0.7256812157202844,False,-0.22151203703846523,47
76.0,0.18604700000000002,3.241318884804477,2.6106056799017505,0.03178278184368309,1.0257034403104148,1.4529952434606392,0.7256812157202844,False,-0.22151203703846523,47
53.0,0.16744199999999998,3.241318884804477,2.6106056799017505,0.03178278184368309,1.0257034403104148,1.4529952434606392,0.7256812157202844,False,-0.22151203703846523,47
58.0,0.227907,3.241318884804477,2.6106056799017505,0.03178278184368309,1.0257034403104148,1.4529952434606392,0.7256812157202844,False,-0.2304416948530664,47
116.0,0.102326,3.241318884804477,2.6106056799017505,0.03178278184368309,1.0257034403104148,1.4529952434606392,0.7256812157202844,False,-0.2315967414602643,47
77.0,0.223256,4.0043138208456845,3.773620161854045,0.5481136719526748,0.31395148253216115,0.9307148331690408,0.7273897293871826,False,-0.25541629721410236,47
65.0,0.227907,4.0043138208456845,3.773620161854045,0.5481136719526748,0.31395148253216115,0.9307148331690408,0.7273897293871826,False,-0.26434595502870356,47
101.0,0.23255800000000001,4.0043138208456845,3.773620161854045,0.5481136719526748,0.31395148253216115,0.9307148331690408,0.7273897293871826,False,-0.26434595502870356,47
125.0,0.11627900000000001,3.7883230245844213,3.2464407080300575,0.32415877233072476,0.6436830201870656,1.3235302094703678,1.2413199073184058,False,-0.2661263733556359,47
106.0,0.15814,3.7883230245844213,3.2464407080300575,0.32415877233072476,0.6436830201870656,1.3235302094703678,1.2413199073184058,False,-0.2661263733556359,47
169.0,0.065116,3.241318884804477,2.6106056799017505,0.03178278184368309,1.0257034403104148,1.4529952434606392,0.7256812157202844,False,-0.27078542129440025,47
1.0,0.074419,3.241318884804477,2.6106056799017505,0.03178278184368309,1.0257034403104148,1.4529952434606392,0.7256812157202844,False,-0.27078542129440025,47
11.0,0.074419,3.241318884804477,2.6106056799017505,0.03178278184368309,1.0257034403104148,1.4529952434606392,0.7256812157202844,False,-0.27078542129440025,47
80.0,0.074419,3.241318884804477,2.6106056799017505,0.03178278184368309,1.0257034403104148,1.4529952434606392,0.7256812157202844,False,-0.27078542129440025,47
6.0,0.074419,3.241318884804477,2.6106056799017505,0.03178278184368309,1.0257034403104148,1.4529952434606392,0.7256812157202844,False,-0.27078542129440025,47
69.0,0.074419,3.241318884804477,2.6106056799017505,0.03178278184368309,1.0257034403104148,1.4529952434606392,0.7256812157202844,False,-0.27078542129440025,47
134.0,0.074419,3.241318884804477,2.6106056799017505,0.03178278184368309,1.0257034403104148,1.4529952434606392,0.7256812157202844,False,-0.27078542129440025,47
50.0,0.190698,3.6640714633921028,3.1248762700753794,0.6736460032562102,0.7608170173632196,1.5945984647644091,0.2918599837637684,False,-0.28444893090645107,47
63.0,0.172093,3.6640714633921028,3.1248762700753794,0.6736460032562102,0.7608170173632196,1.5945984647644091,0.2918599837637684,False,-0.28444893090645107,47
95.0,0.23255800000000001,3.6640714633921028,3.1248762700753794,0.6736460032562102,0.7608170173632196,1.5945984647644091,0.2918599837637684,True,-0.29337858872105227,47
79.0,0.069767,3.7883230245844213,3.2464407080300575,0.32415877233072476,0.6436830201870656,1.3235302094703678,1.2413199073184058,False,-0.30531505318977187,47
78.0,0.065116,3.7883230245844213,3.2464407080300575,0.32415877233072476,0.6436830201870656,1.3235302094703678,1.2413199073184058,False,-0.30531505318977187,47
26.0,0.069767,3.7883230245844213,3.2464407080300575,0.32415877233072476,0.6436830201870656,1.3235302094703678,1.2413199073184058,False,-0.30531505318977187,47
45.0,0.065116,3.7883230245844213,3.2464407080300575,0.32415877233072476,0.6436830201870656,1.3235302094703678,1.2413199073184058,False,-0.30531505318977187,47
297.0,0.074419,3.7883230245844213,3.2464407080300575,0.32415877233072476,0.6436830201870656,1.3235302094703678,1.2413199073184058,False,-0.30531505318977187,47
171.0,0.04186,3.6276450588483153,3.4419864550916666,0.21808529525208553,0.5604669567014373,0.6675344185096836,0.7108103196336415,False,-0.3253915103982434,47
107.0,0.223256,3.2928209866682105,0.353480126186799,2.8007240830810614,1.200370854261128,0.8057092935408762,0.8852168139080917,False,-0.5208806072719211,47
102.0,0.24186,3.2928209866682105,0.353480126186799,2.8007240830810614,1.200370854261128,0.8057092935408762,0.8852168139080917,False,-0.5298102650865224,47
298.0,0.144186,3.066053430022444,0.5948842442966908,2.1556569308750886,1.3053207228782828,0.24730271554288819,1.6232432797704024,False,-0.6095661018856208,47
296.0,0.148837,3.066053430022444,0.5948842442966908,2.1556569308750886,1.3053207228782828,0.24730271554288819,1.6232432797704024,False,-0.6095661018856208,47
36.0,0.148837,3.066053430022444,0.5948842442966908,2.1556569308750886,1.3053207228782828,0.24730271554288819,1.6232432797704024,False,-0.6095661018856208,47
35.0,0.148837,3.066053430022444,0.5948842442966908,2.1556569308750886,1.3053207228782828,0.24730271554288819,1.6232432797704024,False,-0.6095661018856208,47
65.0,1.0,2.1469160023608134,1.4644119181161677,0.24050787691958567,1.4973404002096617,0.05931418103006025,0.40169088891907734,False,0.5315879175782595,140
64.0,1.0,2.1469160023608134,1.4644119181161677,0.24050787691958567,1.4973404002096617,0.05931418103006025,0.40169088891907734,False,0.5315879175782595,140
13.0,1.0,2.0443694297512987,1.22713695702405,0.4476033341698916,1.2813168173845166,0.18624794425103042,0.892620538637376,False,0.5186898278613791,140
46.0,1.0,2.0443694297512987,1.22713695702405,0.4476033341698916,1.2813168173845166,0.18624794425103042,0.892620538637376,False,0.5186898278613791,140
41.0,1.0,2.0443694297512987,1.22713695702405,0.4476033341698916,1.2813168173845166,0.18624794425103042,0.892620538637376,True,0.5186898278613791,140
45.0,1.0,2.0443694297512987,1.22713695702405,0.4476033341698916,1.2813168173845166,0.18624794425103042,0.892620538637376,False,0.5186898278613791,140
44.0,1.0,2.0443694297512987,1.22713695702405,0.4476033341698916,1.2813168173845166,0.18624794425103042,0.892620538637376,False,0.5186898278613791,140
123.0,1.0,2.0443694297512987,1.22713695702405,0.4476033341698916,1.2813168173845166,0.18624794425103042,0.892620538637376,False,0.5186898278613791,140
19.0,1.0,2.0443694297512987,1.22713695702405,0.4476033341698916,1.2813168173845166,0.18624794425103042,0.892620538637376,False,0.5186898278613791,140
2.0,1.0,2.0443694297512987,1.22713695702405,0.4476033341698916,1.2813168173845166,0.18624794425103042,0.892620538637376,False,0.5186898278613791,140
14.0,1.0,2.0443694297512987,1.22713695702405,0.4476033341698916,1.2813168173845166,0.18624794425103042,0.892620538637376,False,0.5186898278613791,140
21.0,1.0,2.0443694297512987,1.22713695702405,0.4476033341698916,1.2813168173845166,0.18624794425103042,0.892620538637376,False,0.5186898278613791,140
29.0,1.0,2.0443694297512987,1.22713695702405,0.4476033341698916,1.2813168173845166,0.18624794425103042,0.892620538637376,False,0.5186898278613791,140
23.0,1.0,2.0443694297512987,1.22713695702405,0.4476033341698916,1.2813168173845166,0.18624794425103042,0.892620538637376,False,0.5186898278613791,140
18.0,1.0,2.0443694297512987,1.22713695702405,0.4476033341698916,1.2813168173845166,0.18624794425103042,0.892620538637376,False,0.5186898278613791,140
38.0,1.0,2.0443694297512987,1.22713695702405,0.4476033341698916,1.2813168173845166,0.18624794425103042,0.892620538637376,False,0.5186898278613791,140
193.0,1.0,2.0443694297512987,1.22713695702405,0.4476033341698916,1.2813168173845166,0.18624794425103042,0.892620538637376,False,0.5186898278613791,140
168.0,1.0,2.0443694297512987,1.22713695702405,0.4476033341698916,1.2813168173845166,0.18624794425103042,0.892620538637376,False,0.5186898278613791,140
24.0,1.0,2.0443694297512987,1.22713695702405,0.4476033341698916,1.2813168173845166,0.18624794425103042,0.892620538637376,False,0.5186898278613791,140
25.0,1.0,2.0443694297512987,1.22713695702405,0.4476033341698916,1.2813168173845166,0.18624794425103042,0.892620538637376,False,0.5186898278613791,140
22.0,1.0,2.0443694297512987,1.22713695702405,0.4476033341698916,1.2813168173845166,0.18624794425103042,0.892620538637376,False,0.5186898278613791,140
171.0,1.0,0.9540789755988556,0.8749797092853848,0.2208856265399017,0.16862742062678282,0.19883479888470307,0.16708158417952018,False,0.4919186699919971,140
116.0,1.0,0.9540789755988556,0.8749797092853848,0.2208856265399017,0.16862742062678282,0.19883479888470307,0.16708158417952018,False,0.4919186699919971,140
274.0,1.0,0.9540789755988556,0.8749797092853848,0.2208856265399017,0.16862742062678282,0.19883479888470307,0.16708158417952018,False,0.4919186699919971,140
10.0,0.84186,2.0443694297512987,1.22713695702405,0.4476033341698916,1.2813168173845166,0.18624794425103042,0.892620538637376,False,0.4754361957839543,140
34.0,0.7860469999999999,2.0443694297512987,1.22713695702405,0.4476033341698916,1.2813168173845166,0.18624794425103042,0.892620538637376,False,0.4754361957839543,140
314.0,0.8046510000000001,2.0443694297512987,1.22713695702405,0.4476033341698916,1.2813168173845166,0.18624794425103042,0.892620538637376,False,0.4754361957839543,140
32.0,1.0,1.737040902720068,0.39125901822568965,1.474781336437839,0.43286618330202864,0.5562942810924287,0.4386468149338737,False,0.45693730434518187,140
30.0,1.0,1.737040902720068,0.39125901822568965,1.474781336437839,0.43286618330202864,0.5562942810924287,0.4386468149338737,False,0.45693730434518187,140
31.0,1.0,1.737040902720068,0.39125901822568965,1.474781336437839,0.43286618330202864,0.5562942810924287,0.4386468149338737,False,0.45693730434518187,140
1.0,1.0,1.737040902720068,0.39125901822568965,1.474781336437839,0.43286618330202864,0.5562942810924287,0.4386468149338737,False,0.45693730434518187,140
33.0,1.0,1.737040902720068,0.39125901822568965,1.474781336437839,0.43286618330202864,0.5562942810924287,0.4386468149338737,False,0.45693730434518187,140
28.0,1.0,1.737040902720068,0.39125901822568965,1.474781336437839,0.43286618330202864,0.5562942810924287,0.4386468149338737,False,0.45693730434518187,140
26.0,1.0,1.737040902720068,0.39125901822568965,1.474781336437839,0.43286618330202864,0.5562942810924287,0.4386468149338737,False,0.45693730434518187,140
20.0,1.0,1.737040902720068,0.39125901822568965,1.474781336437839,0.43286618330202864,0.5562942810924287,0.4386468149338737,False,0.45693730434518187,140
87.0,1.0,1.737040902720068,0.39125901822568965,1.474781336437839,0.43286618330202864,0.5562942810924287,0.4386468149338737,False,0.45693730434518187,140
27.0,1.0,1.737040902720068,0.39125901822568965,1.474781336437839,0.43286618330202864,0.5562942810924287,0.4386468149338737,False,0.45693730434518187,140
50.0,1.0,1.737040902720068,0.39125901822568965,1.474781336437839,0.43286618330202864,0.5562942810924287,0.4386468149338737,False,0.45693730434518187,140
17.0,1.0,1.737040902720068,0.39125901822568965,1.474781336437839,0.43286618330202864,0.5562942810924287,0.4386468149338737,False,0.45693730434518187,140
16.0,1.0,1.737040902720068,0.39125901822568965,1.474781336437839,0.43286618330202864,0.5562942810924287,0.4386468149338737,False,0.45693730434518187,140
6.0,1.0,1.737040902720068,0.39125901822568965,1.474781336437839,0.43286618330202864,0.5562942810924287,0.4386468149338737,False,0.45693730434518187,140
11.0,1.0,1.737040902720068,0.39125901822568965,1.474781336437839,0.43286618330202864,0.5562942810924287,0.4386468149338737,False,0.45693730434518187,140
8.0,1.0,1.737040902720068,0.39125901822568965,1.474781336437839,0.43286618330202864,0.5562942810924287,0.4386468149338737,False,0.45693730434518187,140
15.0,1.0,1.737040902720068,0.39125901822568965,1.474781336437839,0.43286618330202864,0.5562942810924287,0.4386468149338737,False,0.45693730434518187,140
12.0,1.0,1.737040902720068,0.39125901822568965,1.474781336437839,0.43286618330202864,0.5562942810924287,0.4386468149338737,False,0.45693730434518187,140
55.0,1.0,1.737040902720068,0.39125901822568965,1.474781336437839,0.43286618330202864,0.5562942810924287,0.4386468149338737,False,0.45693730434518187,140
73.0,1.0,1.737040902720068,0.39125901822568965,1.474781336437839,0.43286618330202864,0.5562942810924287,0.4386468149338737,False,0.45693730434518187,140
110.0,1.0,1.737040902720068,0.39125901822568965,1.474781336437839,0.43286618330202864,0.5562942810924287,0.4386468149338737,False,0.45693730434518187,140
7.0,1.0,1.737040902720068,0.39125901822568965,1.474781336437839,0.43286618330202864,0.5562942810924287,0.4386468149338737,False,0.45693730434518187,140
124.0,1.0,1.8510388094235992,0.20333199729912854,1.3215389486362306,0.890412300125588,0.6723848741917382,0.6273755628388387,False,0.4352530404637243,140
72.0,1.0,2.0264930830025607,0.4141160160218684,1.4295748397544024,0.5369623588703325,0.9737879349562089,0.8092628751911851,False,0.42514339485594843,140
311.0,0.734884,2.0443694297512987,1.22713695702405,0.4476033341698916,1.2813168173845166,0.18624794425103042,0.892620538637376,False,0.42331101845594915,140
105.0,1.0,1.865268520174617,0.5291760155192966,0.31119355975476737,0.7927913890890886,0.7145069009578469,1.401185093836817,False,0.42041221627899106,140
53.0,0.7767440000000001,1.737040902720068,0.39125901822568965,1.474781336437839,0.43286618330202864,0.5562942810924287,0.4386468149338737,False,0.4181150129201249,140
58.0,1.0,2.1359526035420293,1.0142865413934894,1.1050515455691523,1.09421553488747,0.5836189536728862,0.8800333506668523,False,0.40780602523196186,140
70.0,1.0,2.0827509142581144,1.0831783225244696,1.1651647309847701,0.7895784189536581,0.19268881366915241,1.0707026587875328,False,0.39408513635324455,140
130.0,1.0,2.0827509142581144,1.0831783225244696,1.1651647309847701,0.7895784189536581,0.19268881366915241,1.0707026587875328,False,0.39408513635324455,140
107.0,1.0,2.0827509142581144,1.0831783225244696,1.1651647309847701,0.7895784189536581,0.19268881366915241,1.0707026587875328,False,0.39408513635324455,140
298.0,1.0,2.0827509142581144,1.0831783225244696,1.1651647309847701,0.7895784189536581,0.19268881366915241,1.0707026587875328,True,0.39408513635324455,140
39.0,0.646512,2.0443694297512987,1.22713695702405,0.4476033341698916,1.2813168173845166,0.18624794425103042,0.892620538637376,True,0.39064074351515127,140
312.0,0.655814,2.0443694297512987,1.22713695702405,0.4476033341698916,1.2813168173845166,0.18624794425103042,0.892620538637376,False,0.39064074351515127,140
310.0,0.665116,2.0443694297512987,1.22713695702405,0.4476033341698916,1.2813168173845166,0.18624794425103042,0.892620538637376,False,0.39064074351515127,140
313.0,0.6697669999999999,2.0443694297512987,1.22713695702405,0.4476033341698916,1.2813168173845166,0.18624794425103042,0.892620538637376,False,0.39064074351515127,140
111.0,0.734884,1.737040902720068,0.39125901822568965,1.474781336437839,0.43286618330202864,0.5562942810924287,0.4386468149338737,False,0.3823827195532661,140
109.0,0.87907,2.0827509142581144,1.0831783225244696,1.1651647309847701,0.7895784189536581,0.19268881366915241,1.0707026587875328,False,0.3508315042758197,140
36.0,0.87907,2.0827509142581144,1.0831783225244696,1.1651647309847701,0.7895784189536581,0.19268881366915241,1.0707026587875328,False,0.3508315042758197,140
9.0,0.67907,1.737040902720068,0.39125901822568965,1.474781336437839,0.43286618330202864,0.5562942810924287,0.4386468149338737,False,0.3497124446124682,140
88.0,0.637209,1.737040902720068,0.39125901822568965,1.474781336437839,0.43286618330202864,0.5562942810924287,0.4386468149338737,False,0.3358497951527438,140
43.0,0.562791,2.0443694297512987,1.22713695702405,0.4476033341698916,1.2813168173845166,0.18624794425103042,0.892620538637376,True,0.3335664054900748,140
40.0,0.623256,1.737040902720068,0.39125901822568965,1.474781336437839,0.43286618330202864,0.5562942810924287,0.4386468149338737,True,0.33110335745162767,140
35.0,0.581395,2.0443694297512987,1.22713695702405,0.4476033341698916,1.2813168173845166,0.18624794425103042,0.892620538637376,False,0.3252472278998492,140
309.0,0.604651,2.0443694297512987,1.22713695702405,0.4476033341698916,1.2813168173845166,0.18624794425103042,0.892620538637376,False,0.3252472278998492,140
71.0,0.744186,2.0827509142581144,1.0831783225244696,1.1651647309847701,0.7895784189536581,0.19268881366915241,1.0707026587875328,False,0.3150992109089609,140
76.0,0.655814,2.0827509142581144,1.0831783225244696,1.1651647309847701,0.7895784189536581,0.19268881366915241,1.0707026587875328,False,0.28692494103130495,140
77.0,0.660465,2.0827509142581144,1.0831783225244696,1.1651647309847701,0.7895784189536581,0.19268881366915241,1.0707026587875328,False,0.28692494103130495,140
197.0,0.576744,2.0264930830025607,0.4141160160218684,1.4295748397544024,0.5369623588703325,0.9737879349562089,0.8092628751911851,False,0.28654451415470433,140
75.0,0.395349,2.1469160023608134,1.4644119181161677,0.24050787691958567,1.4973404002096617,0.05931418103006025,0.40169088891907734,False,0.0918544849836088,140
224.0,0.395349,2.0443694297512987,1.22713695702405,0.4476033341698916,1.2813168173845166,0.18624794425103042,0.892620538637376,False,0.09097597973248296,140
74.0,0.35814,2.1469160023608134,1.4644119181161677,0.24050787691958567,1.4973404002096617,0.05931418103006025,0.40169088891907734,False,0.08635769075911741,140
295.0,0.38604700000000003,1.737040902720068,0.39125901822568965,1.474781336437839,0.43286618330202864,0.5562942810924287,0.4386468149338737,False,0.07583744123007377,140
37.0,0.390698,1.737040902720068,0.39125901822568965,1.474781336437839,0.43286618330202864,0.5562942810924287,0.4386468149338737,False,0.07583744123007377,140
61.0,0.372093,1.737040902720068,0.39125901822568965,1.474781336437839,0.43286618330202864,0.5562942810924287,0.4386468149338737,False,0.07455246644745796,140
60.0,0.362791,1.737040902720068,0.39125901822568965,1.474781336437839,0.43286618330202864,0.5562942810924287,0.4386468149338737,False,0.062145353038917536,140
81.0,0.35814,1.737040902720068,0.39125901822568965,1.474781336437839,0.43286618330202864,0.5562942810924287,0.4386468149338737,False,0.062145353038917536,140
142.0,0.390698,2.1359526035420293,1.0142865413934894,1.1050515455691523,1.09421553488747,0.5836189536728862,0.8800333506668523,False,0.05747822330042207,140
78.0,0.404651,1.737040902720068,0.39125901822568965,1.474781336437839,0.43286618330202864,0.5562942810924287,0.4386468149338737,False,0.047457867354698535,140
135.0,0.483721,2.0443694297512987,1.22713695702405,0.4476033341698916,1.2813168173845166,0.18624794425103042,0.892620538637376,False,0.020864604093699682,140
90.0,0.497674,1.737040902720068,0.39125901822568965,1.474781336437839,0.43286618330202864,0.5562942810924287,0.4386468149338737,False,0.0017146966309281655,140
119.0,0.483721,1.865268520174617,0.5291760155192966,0.31119355975476737,0.7927913890890886,0.7145069009578469,1.401185093836817,False,-0.020728064412593828,140
118.0,0.48837200000000003,1.865268520174617,0.5291760155192966,0.31119355975476737,0.7927913890890886,0.7145069009578469,1.401185093836817,False,-0.020728064412593828,140
62.0,0.432558,1.737040902720068,0.39125901822568965,1.474781336437839,0.43286618330202864,0.5562942810924287,0.4386468149338737,False,-0.02265350828408472,140
86.0,0.49302300000000004,1.737040902720068,0.39125901822568965,1.474781336437839,0.43286618330202864,0.5562942810924287,0.4386468149338737,False,-0.02265350828408472,140
79.0,0.413953,1.737040902720068,0.39125901822568965,1.474781336437839,0.43286618330202864,0.5562942810924287,0.4386468149338737,False,-0.02265350828408472,140
103.0,0.418605,1.737040902720068,0.39125901822568965,1.474781336437839,0.43286618330202864,0.5562942810924287,0.4386468149338737,False,-0.02265350828408472,140
132.0,0.5023259999999999,2.0827509142581144,1.0831783225244696,1.1651647309847701,0.7895784189536581,0.19268881366915241,1.0707026587875328,False,-0.02586940511429886,140
102.0,0.432558,2.0827509142581144,1.0831783225244696,1.1651647309847701,0.7895784189536581,0.19268881366915241,1.0707026587875328,False,-0.05023761002931174,140
285.0,0.26976700000000003,0.9540789755988556,0.8749797092853848,0.2208856265399017,0.16862742062678282,0.19883479888470307,0.16708158417952018,False,-0.14242971053064143,140
91.0,0.325581,1.737040902720068,0.39125901822568965,1.474781336437839,0.43286618330202864,0.5562942810924287,0.4386468149338737,False,-0.17754845081153234,140
121.0,0.311628,1.737040902720068,0.39125901822568965,1.474781336437839,0.43286618330202864,0.5562942810924287,0.4386468149338737,False,-0.17754845081153234,140
120.0,0.297674,1.737040902720068,0.39125901822568965,1.474781336437839,0.43286618330202864,0.5562942810924287,0.4386468149338737,False,-0.17754845081153234,140
104.0,0.30232600000000004,1.737040902720068,0.39125901822568965,1.474781336437839,0.43286618330202864,0.5562942810924287,0.4386468149338737,False,-0.17754845081153234,140
67.0,0.32093000000000005,2.1469160023608134,1.4644119181161677,0.24050787691958567,1.4973404002096617,0.05931418103006025,0.40169088891907734,False,-0.17832610977835248,140
68.0,0.306977,2.1469160023608134,1.4644119181161677,0.24050787691958567,1.4973404002096617,0.05931418103006025,0.40169088891907734,False,-0.17832610977835248,140
131.0,0.339535,2.0827509142581144,1.0831783225244696,1.1651647309847701,0.7895784189536581,0.19268881366915241,1.0707026587875328,False,-0.18156127811897824,140
66.0,0.33488399999999996,2.0827509142581144,1.0831783225244696,1.1651647309847701,0.7895784189536581,0.19268881366915241,1.0707026587875328,False,-0.18645854562851535,140
100.0,0.15814,0.9540789755988556,0.8749797092853848,0.2208856265399017,0.16862742062678282,0.19883479888470307,0.16708158417952018,False,-0.20996531096405213,140
177.0,0.139535,0.9540789755988556,0.8749797092853848,0.2208856265399017,0.16862742062678282,0.19883479888470307,0.16708158417952018,False,-0.20996531096405213,140
101.0,0.10697699999999999,0.9540789755988556,0.8749797092853848,0.2208856265399017,0.16862742062678282,0.19883479888470307,0.16708158417952018,False,-0.20996531096405213,140
127.0,0.10697699999999999,0.9540789755988556,0.8749797092853848,0.2208856265399017,0.16862742062678282,0.19883479888470307,0.16708158417952018,False,-0.20996531096405213,140
293.0,0.111628,0.9540789755988556,0.8749797092853848,0.2208856265399017,0.16862742062678282,0.19883479888470307,0.16708158417952018,False,-0.20996531096405213,140
80.0,0.11627900000000001,0.9540789755988556,0.8749797092853848,0.2208856265399017,0.16862742062678282,0.19883479888470307,0.16708158417952018,False,-0.20996531096405213,140
114.0,0.037209,0.9540789755988556,0.8749797092853848,0.2208856265399017,0.16862742062678282,0.19883479888470307,0.16708158417952018,False,-0.24915399079818815,140
115.0,0.04186,0.9540789755988556,0.8749797092853848,0.2208856265399017,0.16862742062678282,0.19883479888470307,0.16708158417952018,False,-0.24915399079818815,140
246.0,0.055814,0.9540789755988556,0.8749797092853848,0.2208856265399017,0.16862742062678282,0.19883479888470307,0.16708158417952018,False,-0.24915399079818815,140
262.0,0.04186,0.9540789755988556,0.8749797092853848,0.2208856265399017,0.16862742062678282,0.19883479888470307,0.16708158417952018,False,-0.24915399079818815,140
122.0,0.274419,1.737040902720068,0.39125901822568965,1.474781336437839,0.43286618330202864,0.5562942810924287,0.4386468149338737,False,-0.2536825382390893,140
117.0,0.23255800000000001,2.1469160023608134,1.4644119181161677,0.24050787691958567,1.4973404002096617,0.05931418103006025,0.40169088891907734,False,-0.2791194207641141,140
106.0,0.162791,1.865268520174617,0.5291760155192966,0.31119355975476737,0.7927913890890886,0.7145069009578469,1.401185093836817,False,-0.290533983450966,140
108.0,0.227907,2.1359526035420293,1.0142865413934894,1.1050515455691523,1.09421553488747,0.5836189536728862,0.8800333506668523,False,-0.2967009797269457,140
57.0,0.255814,2.1359526035420293,1.0142865413934894,1.1050515455691523,1.09421553488747,0.5836189536728862,0.8800333506668523,False,-0.2967009797269457,140
97.0,0.237209,2.1359526035420293,1.0142865413934894,1.1050515455691523,1.09421553488747,0.5836189536728862,0.8800333506668523,False,-0.2967009797269457,140
96.0,0.237209,2.1359526035420293,1.0142865413934894,1.1050515455691523,1.09421553488747,0.5836189536728862,0.8800333506668523,False,-0.2967009797269457,140
125.0,0.12093,1.865268520174617,0.5291760155192966,0.31119355975476737,0.7927913890890886,0.7145069009578469,1.401185093836817,False,-0.30061868787276497,140
221.0,0.060465,2.0264930830025607,0.4141160160218684,1.4295748397544024,0.5369623588703325,0.9737879349562089,0.8092628751911851,False,-0.3073652592955619,140
248.0,0.032558,2.0264930830025607,0.4141160160218684,1.4295748397544024,0.5369623588703325,0.9737879349562089,0.8092628751911851,False,-0.3073652592955619,140
49.0,0.195349,1.737040902720068,0.39125901822568965,1.474781336437839,0.43286618330202864,0.5562942810924287,0.4386468149338737,False,-0.31113343425070084,140
52.0,0.21395299999999998,1.737040902720068,0.39125901822568965,1.474781336437839,0.43286618330202864,0.5562942810924287,0.4386468149338737,False,-0.31113343425070084,140
296.0,0.2,2.0443694297512987,1.22713695702405,0.4476033341698916,1.2813168173845166,0.18624794425103042,0.892620538637376,False,-0.31961447407702803,140
69.0,0.13023300000000002,2.0443694297512987,1.22713695702405,0.4476033341698916,1.2813168173845166,0.18624794425103042,0.892620538637376,False,-0.329699178498827,140
128.0,0.139535,2.0443694297512987,1.22713695702405,0.4476033341698916,1.2813168173845166,0.18624794425103042,0.892620538637376,False,-0.329699178498827,140
129.0,0.148837,2.0443694297512987,1.22713695702405,0.4476033341698916,1.2813168173845166,0.18624794425103042,0.892620538637376,False,-0.329699178498827,140
185.0,0.046512000000000005,2.0443694297512987,1.22713695702405,0.4476033341698916,1.2813168173845166,0.18624794425103042,0.892620538637376,False,-0.368887858332963,140
84.0,0.046512000000000005,1.737040902720068,0.39125901822568965,1.474781336437839,0.43286618330202864,0.5562942810924287,0.4386468149338737,False,-0.3729371118910013,140
71.0,1.0,1.917588198266005,1.8534480987701696,0.21451966326265615,0.16289345374405023,0.3336036866180805,0.24089470805757468,False,0.5796202330896222,58
70.0,1.0,1.917588198266005,1.8534480987701696,0.21451966326265615,0.16289345374405023,0.3336036866180805,0.24089470805757468,False,0.5796202330896222,58
33.0,1.0,2.010936513165685,1.405545559619179,0.36972979086868685,0.6613493515854414,1.1399132347653151,0.4413865357329787,False,0.5730484926803919,58
55.0,1.0,2.010936513165685,1.405545559619179,0.36972979086868685,0.6613493515854414,1.1399132347653151,0.4413865357329787,False,0.5730484926803919,58
31.0,1.0,2.010936513165685,1.405545559619179,0.36972979086868685,0.6613493515854414,1.1399132347653151,0.4413865357329787,False,0.5730484926803919,58
50.0,1.0,2.010936513165685,1.405545559619179,0.36972979086868685,0.6613493515854414,1.1399132347653151,0.4413865357329787,False,0.5730484926803919,58
38.0,1.0,2.010936513165685,1.405545559619179,0.36972979086868685,0.6613493515854414,1.1399132347653151,0.4413865357329787,False,0.5730484926803919,58
32.0,1.0,2.010936513165685,1.405545559619179,0.36972979086868685,0.6613493515854414,1.1399132347653151,0.4413865357329787,False,0.5730484926803919,58
123.0,1.0,2.010936513165685,1.405545559619179,0.36972979086868685,0.6613493515854414,1.1399132347653151,0.4413865357329787,False,0.5730484926803919,58
11.0,1.0,2.010936513165685,1.405545559619179,0.36972979086868685,0.6613493515854414,1.1399132347653151,0.4413865357329787,False,0.5730484926803919,58
10.0,1.0,2.010936513165685,1.405545559619179,0.36972979086868685,0.6613493515854414,1.1399132347653151,0.4413865357329787,False,0.5730484926803919,58
6.0,1.0,2.010936513165685,1.405545559619179,0.36972979086868685,0.6613493515854414,1.1399132347653151,0.4413865357329787,False,0.5730484926803919,58
8.0,1.0,2.010936513165685,1.405545559619179,0.36972979086868685,0.6613493515854414,1.1399132347653151,0.4413865357329787,False,0.5730484926803919,58
1.0,1.0,2.010936513165685,1.405545559619179,0.36972979086868685,0.6613493515854414,1.1399132347653151,0.4413865357329787,False,0.5730484926803919,58
2.0,1.0,2.010936513165685,1.405545559619179,0.36972979086868685,0.6613493515854414,1.1399132347653151,0.4413865357329787,False,0.5730484926803919,58
73.0,1.0,2.010936513165685,1.405545559619179,0.36972979086868685,0.6613493515854414,1.1399132347653151,0.4413865357329787,False,0.5730484926803919,58
30.0,1.0,2.010936513165685,1.405545559619179,0.36972979086868685,0.6613493515854414,1.1399132347653151,0.4413865357329787,False,0.5730484926803919,58
26.0,1.0,2.010936513165685,1.405545559619179,0.36972979086868685,0.6613493515854414,1.1399132347653151,0.4413865357329787,False,0.5730484926803919,58
29.0,1.0,2.010936513165685,1.405545559619179,0.36972979086868685,0.6613493515854414,1.1399132347653151,0.4413865357329787,False,0.5730484926803919,58
21.0,1.0,2.010936513165685,1.405545559619179,0.36972979086868685,0.6613493515854414,1.1399132347653151,0.4413865357329787,False,0.5730484926803919,58
22.0,1.0,2.010936513165685,1.405545559619179,0.36972979086868685,0.6613493515854414,1.1399132347653151,0.4413865357329787,False,0.5730484926803919,58
27.0,1.0,2.010936513165685,1.405545559619179,0.36972979086868685,0.6613493515854414,1.1399132347653151,0.4413865357329787,False,0.5730484926803919,58
18.0,1.0,2.010936513165685,1.405545559619179,0.36972979086868685,0.6613493515854414,1.1399132347653151,0.4413865357329787,False,0.5730484926803919,58
34.0,1.0,2.010936513165685,1.405545559619179,0.36972979086868685,0.6613493515854414,1.1399132347653151,0.4413865357329787,False,0.5730484926803919,58
28.0,1.0,2.010936513165685,1.405545559619179,0.36972979086868685,0.6613493515854414,1.1399132347653151,0.4413865357329787,False,0.5730484926803919,58
17.0,1.0,2.010936513165685,1.405545559619179,0.36972979086868685,0.6613493515854414,1.1399132347653151,0.4413865357329787,False,0.5730484926803919,58
16.0,1.0,2.010936513165685,1.405545559619179,0.36972979086868685,0.6613493515854414,1.1399132347653151,0.4413865357329787,False,0.5730484926803919,58
12.0,1.0,2.010936513165685,1.405545559619179,0.36972979086868685,0.6613493515854414,1.1399132347653151,0.4413865357329787,False,0.5730484926803919,58
15.0,1.0,2.010936513165685,1.405545559619179,0.36972979086868685,0.6613493515854414,1.1399132347653151,0.4413865357329787,False,0.5730484926803919,58
20.0,1.0,2.010936513165685,1.405545559619179,0.36972979086868685,0.6613493515854414,1.1399132347653151,0.4413865357329787,False,0.5730484926803919,58
87.0,1.0,2.010936513165685,1.405545559619179,0.36972979086868685,0.6613493515854414,1.1399132347653151,0.4413865357329787,False,0.5730484926803919,58
110.0,1.0,2.010936513165685,1.405545559619179,0.36972979086868685,0.6613493515854414,1.1399132347653151,0.4413865357329787,False,0.5730484926803919,58
7.0,1.0,2.010936513165685,1.405545559619179,0.36972979086868685,0.6613493515854414,1.1399132347653151,0.4413865357329787,False,0.5730484926803919,58
298.0,1.0,0.8603324820483542,0.06889178113098016,0.06011318541561783,0.3046371159338119,0.7763077673420387,0.19066930812068045,False,0.5698225944113574,58
130.0,1.0,0.8603324820483542,0.06889178113098016,0.06011318541561783,0.3046371159338119,0.7763077673420387,0.19066930812068045,False,0.5698225944113574,58
107.0,1.0,0.8603324820483542,0.06889178113098016,0.06011318541561783,0.3046371159338119,0.7763077673420387,0.19066930812068045,False,0.5698225944113574,58
311.0,1.0,0.8603324820483542,0.06889178113098016,0.06011318541561783,0.3046371159338119,0.7763077673420387,0.19066930812068045,False,0.5698225944113574,58
96.0,1.0,1.8135563325680533,1.332340629793928,1.0991091162287985,0.09713772459498354,0.1603757856123042,0.520248054364937,False,0.5461810719549535,58
97.0,1.0,1.8135563325680533,1.332340629793928,1.0991091162287985,0.09713772459498354,0.1603757856123042,0.520248054364937,False,0.5461810719549535,58
13.0,0.84186,2.010936513165685,1.405545559619179,0.36972979086868685,0.6613493515854414,1.1399132347653151,0.4413865357329787,False,0.5378245203011373,58
14.0,0.9953489999999999,2.010936513165685,1.405545559619179,0.36972979086868685,0.6613493515854414,1.1399132347653151,0.4413865357329787,False,0.5378245203011373,58
19.0,0.967442,2.010936513165685,1.405545559619179,0.36972979086868685,0.6613493515854414,1.1399132347653151,0.4413865357329787,False,0.5378245203011373,58
23.0,0.9953489999999999,2.010936513165685,1.405545559619179,0.36972979086868685,0.6613493515854414,1.1399132347653151,0.4413865357329787,False,0.5378245203011373,58
53.0,0.7767440000000001,2.010936513165685,1.405545559619179,0.36972979086868685,0.6613493515854414,1.1399132347653151,0.4413865357329787,False,0.5378245203011373,58
314.0,0.8046510000000001,2.010936513165685,1.405545559619179,0.36972979086868685,0.6613493515854414,1.1399132347653151,0.4413865357329787,False,0.5378245203011373,58
41.0,0.7860469999999999,2.010936513165685,1.405545559619179,0.36972979086868685,0.6613493515854414,1.1399132347653151,0.4413865357329787,False,0.5378245203011373,58
109.0,0.87907,1.917588198266005,1.8534480987701696,0.21451966326265615,0.16289345374405023,0.3336036866180805,0.24089470805757468,False,0.5363666010121976,58
310.0,0.772093,0.8603324820483542,0.06889178113098016,0.06011318541561783,0.3046371159338119,0.7763077673420387,0.19066930812068045,False,0.5265689623339327,58
312.0,0.8,0.8603324820483542,0.06889178113098016,0.06011318541561783,0.3046371159338119,0.7763077673420387,0.19066930812068045,False,0.5265689623339327,58
313.0,0.790698,0.8603324820483542,0.06889178113098016,0.06011318541561783,0.3046371159338119,0.7763077673420387,0.19066930812068045,False,0.5265689623339327,58
36.0,0.87907,0.8603324820483542,0.06889178113098016,0.06011318541561783,0.3046371159338119,0.7763077673420387,0.19066930812068045,False,0.5265689623339327,58
177.0,1.0,1.2181380152725563,0.4859240289860558,0.4206337846676672,0.390182411473793,0.6668569704950413,0.6883783466822206,False,0.5107748100415203,58
65.0,1.0,1.2713242199139396,0.45012537672267816,0.8645436686495666,0.4031248653221919,0.524304772642826,0.478342461747775,False,0.504313017134485,58
64.0,1.0,1.2713242199139396,0.45012537672267816,0.8645436686495666,0.4031248653221919,0.524304772642826,0.478342461747775,False,0.504313017134485,58
117.0,1.0,1.2059702312280824,0.5147711054325483,0.41128460694810587,0.8884717759030694,0.1034821067814212,0.4691793225487816,False,0.5003673205344555,58
43.0,0.7209300000000001,0.8603324820483542,0.06889178113098016,0.06011318541561783,0.3046371159338119,0.7763077673420387,0.19066930812068045,False,0.4908366689670737,58
39.0,0.6976739999999999,0.8603324820483542,0.06889178113098016,0.06011318541561783,0.3046371159338119,0.7763077673420387,0.19066930812068045,False,0.4908366689670737,58
111.0,0.734884,2.010936513165685,1.405545559619179,0.36972979086868685,0.6613493515854414,1.1399132347653151,0.4413865357329787,False,0.4856993429731323,58
302.0,1.0,1.5401582072782256,1.1002031648029555,0.1548891118279705,0.27281639235556393,0.5126577171932287,0.8946524150224509,False,0.47865961010246805,58
304.0,1.0,1.5401582072782256,1.1002031648029555,0.1548891118279705,0.27281639235556393,0.5126577171932287,0.8946524150224509,False,0.47865961010246805,58
299.0,1.0,1.5401582072782256,1.1002031648029555,0.1548891118279705,0.27281639235556393,0.5126577171932287,0.8946524150224509,False,0.47865961010246805,58
307.0,1.0,1.5401582072782256,1.1002031648029555,0.1548891118279705,0.27281639235556393,0.5126577171932287,0.8946524150224509,False,0.47865961010246805,58
9.0,0.67907,2.010936513165685,1.405545559619179,0.36972979086868685,0.6613493515854414,1.1399132347653151,0.4413865357329787,False,0.4530290680323344,58
300.0,0.7534879999999999,1.5401582072782256,1.1002031648029555,0.1548891118279705,0.27281639235556393,0.5126577171932287,0.8946524150224509,False,0.4354059780250432,58
76.0,0.655814,0.8603324820483542,0.06889178113098016,0.06011318541561783,0.3046371159338119,0.7763077673420387,0.19066930812068045,False,0.4327061790708226,58
77.0,0.660465,0.8603324820483542,0.06889178113098016,0.06011318541561783,0.3046371159338119,0.7763077673420387,0.19066930812068045,False,0.4327061790708226,58
309.0,1.0,1.8227045384146323,0.6228061367054131,1.214109442780075,0.024257474972023685,0.8817955493536979,0.8259242068371797,False,0.43126369238797946,58
88.0,0.637209,2.010936513165685,1.405545559619179,0.36972979086868685,0.6613493515854414,1.1399132347653151,0.4413865357329787,False,0.4187253885918813,58
57.0,0.67907,1.8135563325680533,1.332340629793928,1.0991091162287985,0.09713772459498354,0.1603757856123042,0.520248054364937,False,0.4181319876087257,58
40.0,0.623256,2.010936513165685,1.405545559619179,0.36972979086868685,0.6613493515854414,1.1399132347653151,0.4413865357329787,False,0.4004004862247221,58
306.0,0.6976739999999999,1.5401582072782256,1.1002031648029555,0.1548891118279705,0.27281639235556393,0.5126577171932287,0.8946524150224509,False,0.39967368465818437,58
301.0,0.734884,1.5401582072782256,1.1002031648029555,0.1548891118279705,0.27281639235556393,0.5126577171932287,0.8946524150224509,False,0.39967368465818437,58
308.0,0.7488370000000001,1.5401582072782256,1.1002031648029555,0.1548891118279705,0.27281639235556393,0.5126577171932287,0.8946524150224509,False,0.39967368465818437,58
305.0,0.706977,1.5401582072782256,1.1002031648029555,0.1548891118279705,0.27281639235556393,0.5126577171932287,0.8946524150224509,False,0.39967368465818437,58
35.0,0.567442,2.010936513165685,1.405545559619179,0.36972979086868685,0.6613493515854414,1.1399132347653151,0.4413865357329787,False,0.38763555241703224,58
24.0,0.539535,2.010936513165685,1.405545559619179,0.36972979086868685,0.6613493515854414,1.1399132347653151,0.4413865357329787,False,0.28962844507174873,58
25.0,0.604651,1.8227045384146323,0.6228061367054131,1.214109442780075,0.024257474972023685,0.8817955493536979,0.8259242068371797,False,0.26779244105363875,58
37.0,0.390698,2.010936513165685,1.405545559619179,0.36972979086868685,0.6613493515854414,1.1399132347653151,0.4413865357329787,False,0.16972429365928657,58
295.0,0.38604700000000003,2.010936513165685,1.405545559619179,0.36972979086868685,0.6613493515854414,1.1399132347653151,0.4413865357329787,False,0.16972429365928657,58
61.0,0.372093,2.010936513165685,1.405545559619179,0.36972979086868685,0.6613493515854414,1.1399132347653151,0.4413865357329787,False,0.143148707987604,58
78.0,0.404651,2.010936513165685,1.405545559619179,0.36972979086868685,0.6613493515854414,1.1399132347653151,0.4413865357329787,False,0.1413447197839113,58
81.0,0.35814,2.010936513165685,1.405545559619179,0.36972979086868685,0.6613493515854414,1.1399132347653151,0.4413865357329787,False,0.13074159457906356,58
60.0,0.362791,2.010936513165685,1.405545559619179,0.36972979086868685,0.6613493515854414,1.1399132347653151,0.4413865357329787,False,0.13074159457906356,58
66.0,0.34883699999999995,1.917588198266005,1.8534480987701696,0.21451966326265615,0.16289345374405023,0.3336036866180805,0.24089470805757468,False,0.12928367529012366,58
90.0,0.497674,2.010936513165685,1.405545559619179,0.36972979086868685,0.6613493515854414,1.1399132347653151,0.4413865357329787,False,0.0956015490601409,58
86.0,0.49302300000000004,2.010936513165685,1.405545559619179,0.36972979086868685,0.6613493515854414,1.1399132347653151,0.4413865357329787,False,0.071233344145128,58
79.0,0.413953,2.010936513165685,1.405545559619179,0.36972979086868685,0.6613493515854414,1.1399132347653151,0.4413865357329787,False,0.071233344145128,58
62.0,0.432558,2.010936513165685,1.405545559619179,0.36972979086868685,0.6613493515854414,1.1399132347653151,0.4413865357329787,False,0.071233344145128,58
103.0,0.418605,2.010936513165685,1.405545559619179,0.36972979086868685,0.6613493515854414,1.1399132347653151,0.4413865357329787,False,0.071233344145128,58
303.0,0.37674399999999997,1.5401582072782256,1.1002031648029555,0.1548891118279705,0.27281639235556393,0.5126577171932287,0.8946524150224509,False,0.06567183712522597,58
74.0,0.35814,1.2713242199139396,0.45012537672267816,0.8645436686495666,0.4031248653221919,0.524304772642826,0.478342461747775,False,0.06561357150033209,58
132.0,0.5023259999999999,0.8603324820483542,0.06889178113098016,0.06011318541561783,0.3046371159338119,0.7763077673420387,0.19066930812068045,False,0.0626983681676499,58
102.0,0.432558,0.8603324820483542,0.06889178113098016,0.06011318541561783,0.3046371159338119,0.7763077673420387,0.19066930812068045,False,0.0580062942343203,58
75.0,0.395349,1.2713242199139396,0.45012537672267816,0.8645436686495666,0.4031248653221919,0.524304772642826,0.478342461747775,False,0.05092608581611309,58
131.0,0.339535,0.8603324820483542,0.06889178113098016,0.06011318541561783,0.3046371159338119,0.7763077673420387,0.19066930812068045,False,-0.004540119452723603,58
124.0,0.311628,0.8603324820483542,0.06889178113098016,0.06011318541561783,0.3046371159338119,0.7763077673420387,0.19066930812068045,False,-0.009437386962260735,58
293.0,0.18604700000000002,0.8603324820483542,0.06889178113098016,0.06011318541561783,0.3046371159338119,0.7763077673420387,0.19066930812068045,False,-0.10130104013342107,58
67.0,0.190698,0.8603324820483542,0.06889178113098016,0.06011318541561783,0.3046371159338119,0.7763077673420387,0.19066930812068045,False,-0.10130104013342107,58
101.0,0.24186,0.8603324820483542,0.06889178113098016,0.06011318541561783,0.3046371159338119,0.7763077673420387,0.19066930812068045,False,-0.11023069794802225,58
91.0,0.325581,2.010936513165685,1.405545559619179,0.36972979086868685,0.6613493515854414,1.1399132347653151,0.4413865357329787,False,-0.14076708156678755,58
120.0,0.297674,2.010936513165685,1.405545559619179,0.36972979086868685,0.6613493515854414,1.1399132347653151,0.4413865357329787,False,-0.14076708156678755,58
104.0,0.30232600000000004,2.010936513165685,1.405545559619179,0.36972979086868685,0.6613493515854414,1.1399132347653151,0.4413865357329787,False,-0.14076708156678755,58
121.0,0.311628,2.010936513165685,1.405545559619179,0.36972979086868685,0.6613493515854414,1.1399132347653151,0.4413865357329787,False,-0.14076708156678755,58
58.0,0.237209,1.8135563325680533,1.332340629793928,1.0991091162287985,0.09713772459498354,0.1603757856123042,0.520248054364937,True,-0.14406826850022605,58
95.0,0.23255800000000001,1.8135563325680533,1.332340629793928,1.0991091162287985,0.09713772459498354,0.1603757856123042,0.520248054364937,False,-0.14406826850022605,58
68.0,0.306977,1.2713242199139396,0.45012537672267816,0.8645436686495666,0.4031248653221919,0.524304772642826,0.478342461747775,False,-0.17408023235011785,58
142.0,0.204651,1.8135563325680533,1.332340629793928,1.0991091162287985,0.09713772459498354,0.1603757856123042,0.520248054364937,False,-0.17685994095363286,58
63.0,0.172093,1.8135563325680533,1.332340629793928,1.0991091162287985,0.09713772459498354,0.1603757856123042,0.520248054364937,False,-0.17685994095363286,58
108.0,0.223256,1.8135563325680533,1.332340629793928,1.0991091162287985,0.09713772459498354,0.1603757856123042,0.520248054364937,False,-0.17685994095363286,58
122.0,0.274419,2.010936513165685,1.405545559619179,0.36972979086868685,0.6613493515854414,1.1399132347653151,0.4413865357329787,False,-0.21690116899434428,58
49.0,0.195349,2.010936513165685,1.405545559619179,0.36972979086868685,0.6613493515854414,1.1399132347653151,0.4413865357329787,False,-0.23263073473794796,58
52.0,0.21395299999999998,2.010936513165685,1.405545559619179,0.36972979086868685,0.6613493515854414,1.1399132347653151,0.4413865357329787,False,-0.23263073473794796,58
84.0,0.046512000000000005,2.010936513165685,1.405545559619179,0.36972979086868685,0.6613493515854414,1.1399132347653151,0.4413865357329787,False,-0.2819041189938829,58
45.0,0.04186,2.010936513165685,1.405545559619179,0.36972979086868685,0.6613493515854414,1.1399132347653151,0.4413865357329787,False,-0.2819041189938829,58
171.0,0.139535,1.2181380152725563,0.4859240289860558,0.4206337846676672,0.390182411473793,0.6668569704950413,0.6883783466822206,False,-0.31128812730405003,58
89.0,0.18139500000000003,1.2059702312280824,0.5147711054325483,0.41128460694810587,0.8884717759030694,0.1034821067814212,0.4691793225487816,False,-0.31161091238931565,58
50.0,1.0,1.0949387973596088,0.08792125040189935,0.16084605752568892,0.9082865637344545,0.5491823928096394,0.19673227248433656,False,0.5396783559449223,25
110.0,1.0,2.365210482986286,1.345308311419418,1.4044882866415296,1.0544204830184805,0.3809426123818823,0.7448885821406692,False,0.5070665214286929,25
53.0,0.7767440000000001,1.0949387973596088,0.08792125040189935,0.16084605752568892,0.9082865637344545,0.5491823928096394,0.19673227248433656,True,0.4964247238674973,25
57.0,1.0,1.213956235491757,0.6139769513591449,0.2383830458621674,0.2646755719849614,0.8496305721416442,0.49796616432366203,False,0.49186670776023855,25
115.0,1.0,1.6733319403669689,0.9559796399890981,1.2784672820228429,0.1024644812958766,0.44107733528839,0.21590723411545043,False,0.4485607986412265,25
61.0,1.0,1.858167567032856,0.628835917335196,1.4010419464877215,0.8201793609560953,0.5481781126112952,0.3481955386553236,False,0.44191306080693976,25
111.0,1.0,2.0421212534441664,0.9463261055424532,1.5110287423345161,0.7791318687823803,0.20370135578451792,0.5856428470283077,False,0.42484555095665966,25
96.0,1.0,1.5769121506022699,0.7068404051243367,0.10180002862489967,0.09178884013210076,0.19648242958090176,1.3891129508668107,False,0.4165803197677101,25
192.0,1.0,2.1730756259315682,1.0756119029834401,1.2389142995924163,0.12433654372608571,1.1688714002777825,0.8054117840897035,False,0.3767108610587114,25
274.0,1.0,2.1730756259315682,1.0756119029834401,1.2389142995924163,0.12433654372608571,1.1688714002777825,0.8054117840897035,False,0.3767108610587114,25
91.0,1.0,2.1730756259315682,1.0756119029834401,1.2389142995924163,0.12433654372608571,1.1688714002777825,0.8054117840897035,False,0.3767108610587114,25
58.0,1.0,2.1730756259315682,1.0756119029834401,1.2389142995924163,0.12433654372608571,1.1688714002777825,0.8054117840897035,False,0.3767108610587114,25
52.0,1.0,2.1730756259315682,1.0756119029834401,1.2389142995924163,0.12433654372608571,1.1688714002777825,0.8054117840897035,False,0.3767108610587114,25
114.0,1.0,2.573520353171646,0.2750229658440071,1.8556453527597887,0.875624999700751,0.5622198710165274,1.4216678155466902,False,0.3480768352252004,25
49.0,0.781395,2.1730756259315682,1.0756119029834401,1.2389142995924163,0.12433654372608571,1.1688714002777825,0.8054117840897035,False,0.3459182293318245,25
130.0,1.0,2.255080375799271,0.5563578093459087,1.60577727566402,0.4103885160917735,0.22324095393442814,1.4067969194600471,False,0.3316475884199892,25
302.0,1.0,2.255080375799271,0.5563578093459087,1.60577727566402,0.4103885160917735,0.22324095393442814,1.4067969194600471,False,0.3316475884199892,25
249.0,1.0,2.255080375799271,0.5563578093459087,1.60577727566402,0.4103885160917735,0.22324095393442814,1.4067969194600471,False,0.3316475884199892,25
108.0,1.0,2.255080375799271,0.5563578093459087,1.60577727566402,0.4103885160917735,0.22324095393442814,1.4067969194600471,False,0.3316475884199892,25
54.0,1.0,2.255080375799271,0.5563578093459087,1.60577727566402,0.4103885160917735,0.22324095393442814,1.4067969194600471,False,0.3316475884199892,25
299.0,1.0,2.255080375799271,0.5563578093459087,1.60577727566402,0.4103885160917735,0.22324095393442814,1.4067969194600471,False,0.3316475884199892,25
310.0,1.0,2.255080375799271,0.5563578093459087,1.60577727566402,0.4103885160917735,0.22324095393442814,1.4067969194600471,False,0.3316475884199892,25
304.0,0.7534879999999999,2.255080375799271,0.5563578093459087,1.60577727566402,0.4103885160917735,0.22324095393442814,1.4067969194600471,False,0.2928252969949322,25
300.0,0.7534879999999999,2.255080375799271,0.5563578093459087,1.60577727566402,0.4103885160917735,0.22324095393442814,1.4067969194600471,False,0.2928252969949322,25
311.0,0.772093,2.255080375799271,0.5563578093459087,1.60577727566402,0.4103885160917735,0.22324095393442814,1.4067969194600471,False,0.2928252969949322,25
301.0,0.6976739999999999,2.255080375799271,0.5563578093459087,1.60577727566402,0.4103885160917735,0.22324095393442814,1.4067969194600471,False,0.2570930036280734,25
313.0,0.702326,2.255080375799271,0.5563578093459087,1.60577727566402,0.4103885160917735,0.22324095393442814,1.4067969194600471,False,0.2570930036280734,25
312.0,0.7209300000000001,2.255080375799271,0.5563578093459087,1.60577727566402,0.4103885160917735,0.22324095393442814,1.4067969194600471,False,0.2570930036280734,25
3.0,0.683721,2.255080375799271,0.5563578093459087,1.60577727566402,0.4103885160917735,0.22324095393442814,1.4067969194600471,False,0.22891873375041755,25
41.0,0.665116,2.255080375799271,0.5563578093459087,1.60577727566402,0.4103885160917735,0.22324095393442814,1.4067969194600471,False,0.22891873375041755,25
39.0,0.6511629999999999,2.255080375799271,0.5563578093459087,1.60577727566402,0.4103885160917735,0.22324095393442814,1.4067969194600471,False,0.22891873375041755,25
34.0,0.637209,2.255080375799271,0.5563578093459087,1.60577727566402,0.4103885160917735,0.22324095393442814,1.4067969194600471,False,0.21505608429069317,25
43.0,0.6418600000000001,2.255080375799271,0.5563578093459087,1.60577727566402,0.4103885160917735,0.22324095393442814,1.4067969194600471,False,0.21505608429069317,25
40.0,0.613953,2.255080375799271,0.5563578093459087,1.60577727566402,0.4103885160917735,0.22324095393442814,1.4067969194600471,False,0.19754471278188718,25
295.0,0.38604700000000003,2.365210482986286,1.345308311419418,1.4044882866415296,1.0544204830184805,0.3809426123818823,0.7448885821406692,False,0.15163974150306042,25
60.0,0.362791,1.0949387973596088,0.08792125040189935,0.16084605752568892,0.9082865637344545,0.5491823928096394,0.19673227248433656,False,0.1381211320463406,25
81.0,0.35814,2.365210482986286,1.345308311419418,1.4044882866415296,1.0544204830184805,0.3809426123818823,0.7448885821406692,False,0.11265704242283739,25
142.0,0.390698,2.1730756259315682,1.0756119029834401,1.2389142995924163,0.12433654372608571,1.1688714002777825,0.8054117840897035,False,0.05928508945843816,25
307.0,0.38604700000000003,2.255080375799271,0.5563578093459087,1.60577727566402,0.4103885160917735,0.22324095393442814,1.4067969194600471,False,0.032905751570451294,25
306.0,0.381395,2.255080375799271,0.5563578093459087,1.60577727566402,0.4103885160917735,0.22324095393442814,1.4067969194600471,False,0.032905751570451294,25
303.0,0.37674399999999997,2.255080375799271,0.5563578093459087,1.60577727566402,0.4103885160917735,0.22324095393442814,1.4067969194600471,False,0.032905751570451294,25
308.0,0.35348799999999997,2.255080375799271,0.5563578093459087,1.60577727566402,0.4103885160917735,0.22324095393442814,1.4067969194600471,False,0.019213663379295046,25
305.0,0.34883699999999995,2.255080375799271,0.5563578093459087,1.60577727566402,0.4103885160917735,0.22324095393442814,1.4067969194600471,False,0.019213663379295046,25
132.0,0.5023259999999999,2.255080375799271,0.5563578093459087,1.60577727566402,0.4103885160917735,0.22324095393442814,1.4067969194600471,False,-0.041216993028694325,25
136.0,0.339535,2.1730756259315682,1.0756119029834401,1.2389142995924163,0.12433654372608571,1.1688714002777825,0.8054117840897035,False,-0.13048973524028537,25
285.0,0.26976700000000003,2.1730756259315682,1.0756119029834401,1.2389142995924163,0.12433654372608571,1.1688714002777825,0.8054117840897035,False,-0.15688080922958506,25
95.0,0.172093,2.1730756259315682,1.0756119029834401,1.2389142995924163,0.12433654372608571,1.1688714002777825,0.8054117840897035,False,-0.1726103749731887,25
97.0,0.237209,2.1730756259315682,1.0756119029834401,1.2389142995924163,0.12433654372608571,1.1688714002777825,0.8054117840897035,False,-0.18154003278778988,25
100.0,0.15814,2.1730756259315682,1.0756119029834401,1.2389142995924163,0.12433654372608571,1.1688714002777825,0.8054117840897035,False,-0.19522537277935337,25
63.0,0.15814,2.1730756259315682,1.0756119029834401,1.2389142995924163,0.12433654372608571,1.1688714002777825,0.8054117840897035,False,-0.19522537277935337,25
237.0,0.09302300000000001,2.1730756259315682,1.0756119029834401,1.2389142995924163,0.12433654372608571,1.1688714002777825,0.8054117840897035,False,-0.19522537277935337,25
131.0,0.339535,2.255080375799271,0.5563578093459087,1.60577727566402,0.4103885160917735,0.22324095393442814,1.4067969194600471,False,-0.19690886603337368,25
236.0,0.065116,2.1730756259315682,1.0756119029834401,1.2389142995924163,0.12433654372608571,1.1688714002777825,0.8054117840897035,False,-0.23441405261348924,25
262.0,0.04186,2.1730756259315682,1.0756119029834401,1.2389142995924163,0.12433654372608571,1.1688714002777825,0.8054117840897035,False,-0.23441405261348924,25
246.0,0.055814,2.1730756259315682,1.0756119029834401,1.2389142995924163,0.12433654372608571,1.1688714002777825,0.8054117840897035,False,-0.23441405261348924,25
101.0,0.237209,2.0421212534441664,0.9463261055424532,1.5110287423345161,0.7791318687823803,0.20370135578451792,0.5856428470283077,False,-0.2668086678349061,25
107.0,0.237209,2.0421212534441664,0.9463261055424532,1.5110287423345161,0.7791318687823803,0.20370135578451792,0.5856428470283077,False,-0.2668086678349061,25
171.0,0.04186,1.6733319403669689,0.9559796399890981,1.2784672820228429,0.1024644812958766,0.44107733528839,0.21590723411545043,False,-0.2841362462417195,25
124.0,0.18604700000000002,2.365210482986286,1.345308311419418,1.4044882866415296,1.0544204830184805,0.3809426123818823,0.7448885821406692,False,-0.2924366171621821,25
76.0,0.172093,2.365210482986286,1.345308311419418,1.4044882866415296,1.0544204830184805,0.3809426123818823,0.7448885821406692,False,-0.2924366171621821,25
77.0,0.18604700000000002,2.365210482986286,1.345308311419418,1.4044882866415296,1.0544204830184805,0.3809426123818823,0.7448885821406692,False,-0.2924366171621821,25
102.0,0.190698,2.365210482986286,1.345308311419418,1.4044882866415296,1.0544204830184805,0.3809426123818823,0.7448885821406692,False,-0.2924366171621821,25
109.0,0.190698,2.255080375799271,0.5563578093459087,1.60577727566402,0.4103885160917735,0.22324095393442814,1.4067969194600471,False,-0.33539111698207935,25
64.0,0.204651,2.255080375799271,0.5563578093459087,1.60577727566402,0.4103885160917735,0.22324095393442814,1.4067969194600471,False,-0.33539111698207935,25
71.0,0.18604700000000002,2.255080375799271,0.5563578093459087,1.60577727566402,0.4103885160917735,0.22324095393442814,1.4067969194600471,False,-0.33539111698207935,25
293.0,0.18604700000000002,2.255080375799271,0.5563578093459087,1.60577727566402,0.4103885160917735,0.22324095393442814,1.4067969194600471,False,-0.33539111698207935,25
67.0,0.190698,2.255080375799271,0.5563578093459087,1.60577727566402,0.4103885160917735,0.22324095393442814,1.4067969194600471,False,-0.33539111698207935,25
116.0,0.102326,2.255080375799271,0.5563578093459087,1.60577727566402,0.4103885160917735,0.22324095393442814,1.4067969194600471,False,-0.35800611478824396,25
11.0,0.074419,2.255080375799271,0.5563578093459087,1.60577727566402,0.4103885160917735,0.22324095393442814,1.4067969194600471,False,-0.39719479462237983,25
6.0,0.074419,2.255080375799271,0.5563578093459087,1.60577727566402,0.4103885160917735,0.22324095393442814,1.4067969194600471,False,-0.39719479462237983,25
80.0,0.074419,2.255080375799271,0.5563578093459087,1.60577727566402,0.4103885160917735,0.22324095393442814,1.4067969194600471,False,-0.39719479462237983,25
69.0,0.074419,2.255080375799271,0.5563578093459087,1.60577727566402,0.4103885160917735,0.22324095393442814,1.4067969194600471,False,-0.39719479462237983,25
1.0,0.074419,2.255080375799271,0.5563578093459087,1.60577727566402,0.4103885160917735,0.22324095393442814,1.4067969194600471,False,-0.39719479462237983,25
134.0,0.074419,2.255080375799271,0.5563578093459087,1.60577727566402,0.4103885160917735,0.22324095393442814,1.4067969194600471,False,-0.39719479462237983,25
169.0,0.065116,2.255080375799271,0.5563578093459087,1.60577727566402,0.4103885160917735,0.22324095393442814,1.4067969194600471,False,-0.39719479462237983,25
249.0,1.0,1.571067528068365,1.1630144819522943,0.5798964537963579,0.7117519577782537,0.5222804102915983,0.0017085136668981427,False,0.6164131678567537,67
299.0,1.0,1.571067528068365,1.1630144819522943,0.5798964537963579,0.7117519577782537,0.5222804102915983,0.0017085136668981427,False,0.6164131678567537,67
302.0,1.0,1.571067528068365,1.1630144819522943,0.5798964537963579,0.7117519577782537,0.5222804102915983,0.0017085136668981427,False,0.6164131678567537,67
117.0,1.0,1.7185193728025432,1.3386769933376212,0.625804270210762,0.7255783221590191,0.4370857933995017,0.22828461449120693,False,0.6164131678567537,67
54.0,1.0,1.571067528068365,1.1630144819522943,0.5798964537963579,0.7117519577782537,0.5222804102915983,0.0017085136668981427,False,0.6164131678567537,67
108.0,1.0,1.571067528068365,1.1630144819522943,0.5798964537963579,0.7117519577782537,0.5222804102915983,0.0017085136668981427,False,0.6164131678567537,67
57.0,1.0,1.571067528068365,1.1630144819522943,0.5798964537963579,0.7117519577782537,0.5222804102915983,0.0017085136668981427,False,0.6164131678567537,67
130.0,1.0,1.571067528068365,1.1630144819522943,0.5798964537963579,0.7117519577782537,0.5222804102915983,0.0017085136668981427,False,0.6164131678567537,67
310.0,1.0,1.571067528068365,1.1630144819522943,0.5798964537963579,0.7117519577782537,0.5222804102915983,0.0017085136668981427,False,0.6164131678567537,67
304.0,0.7534879999999999,1.571067528068365,1.1630144819522943,0.5798964537963579,0.7117519577782537,0.5222804102915983,0.0017085136668981427,False,0.573159535779329,67
300.0,0.7534879999999999,1.571067528068365,1.1630144819522943,0.5798964537963579,0.7117519577782537,0.5222804102915983,0.0017085136668981427,False,0.573159535779329,67
311.0,0.772093,1.571067528068365,1.1630144819522943,0.5798964537963579,0.7117519577782537,0.5222804102915983,0.0017085136668981427,False,0.573159535779329,67
309.0,1.0,1.7864654122152566,1.2306419620647566,0.9995897795174187,0.18715092871607392,0.5481918627356174,0.585029498779605,False,0.5565885614620182,67
301.0,0.734884,1.571067528068365,1.1630144819522943,0.5798964537963579,0.7117519577782537,0.5222804102915983,0.0017085136668981427,False,0.521034358451324,67
312.0,0.7209300000000001,1.571067528068365,1.1630144819522943,0.5798964537963579,0.7117519577782537,0.5222804102915983,0.0017085136668981427,False,0.521034358451324,67
313.0,0.702326,1.571067528068365,1.1630144819522943,0.5798964537963579,0.7117519577782537,0.5222804102915983,0.0017085136668981427,False,0.521034358451324,67
97.0,1.0,1.1254969769686314,0.6487438917786656,0.12553233130353536,0.4468655348310584,0.6638836315953685,0.4355297456234142,False,0.5107026652030172,67
119.0,1.0,1.2897929919348718,0.5271794538239876,0.2239548996219501,0.9576345027192268,0.39281537630132707,0.5139301779312232,False,0.5107026652030172,67
307.0,1.0,1.3799761976920062,0.7532449339672139,0.05963055143468565,0.43570984609961416,0.8462614038113092,0.6537577069648761,False,0.5069032338074093,67
111.0,1.0,1.2698092114414845,0.3396694329360677,0.6746449871258619,0.343008605087647,0.5027408121416881,0.8194455587648413,False,0.5044645958293522,67
114.0,1.0,0.5909385174292935,0.33163370676237847,0.3300283767005893,0.24651547416927616,0.26318041465935715,0.016579409753541136,False,0.49199081483050017,67
115.0,1.0,0.5909385174292935,0.33163370676237847,0.3300283767005893,0.24651547416927616,0.26318041465935715,0.016579409753541136,False,0.49199081483050017,67
110.0,1.0,1.4348109135741893,0.7386516388130325,0.7811854428188485,0.06771999085154688,0.6799820687390525,0.6601998236524798,False,0.48927649108731414,67
3.0,0.683721,1.571067528068365,1.1630144819522943,0.5798964537963579,0.7117519577782537,0.5222804102915983,0.0017085136668981427,False,0.4883640835105258,67
96.0,0.67907,1.571067528068365,1.1630144819522943,0.5798964537963579,0.7117519577782537,0.5222804102915983,0.0017085136668981427,False,0.4883640835105258,67
41.0,0.665116,1.571067528068365,1.1630144819522943,0.5798964537963579,0.7117519577782537,0.5222804102915983,0.0017085136668981427,False,0.4883640835105258,67
39.0,0.6511629999999999,1.571067528068365,1.1630144819522943,0.5798964537963579,0.7117519577782537,0.5222804102915983,0.0017085136668981427,False,0.4883640835105258,67
118.0,0.9069769999999999,1.2897929919348718,0.5271794538239876,0.2239548996219501,0.9576345027192268,0.39281537630132707,0.5139301779312232,False,0.4674490331255924,67
43.0,0.6418600000000001,1.571067528068365,1.1630144819522943,0.5798964537963579,0.7117519577782537,0.5222804102915983,0.0017085136668981427,False,0.4540604040700728,67
34.0,0.637209,1.571067528068365,1.1630144819522943,0.5798964537963579,0.7117519577782537,0.5222804102915983,0.0017085136668981427,False,0.4540604040700728,67
305.0,0.706977,1.3799761976920062,0.7532449339672139,0.05963055143468565,0.43570984609961416,0.8462614038113092,0.6537577069648761,False,0.4279173083631257,67
308.0,0.7488370000000001,1.3799761976920062,0.7532449339672139,0.05963055143468565,0.43570984609961416,0.8462614038113092,0.6537577069648761,False,0.4279173083631257,67
306.0,0.6976739999999999,1.3799761976920062,0.7532449339672139,0.05963055143468565,0.43570984609961416,0.8462614038113092,0.6537577069648761,False,0.4279173083631257,67
40.0,0.613953,1.571067528068365,1.1630144819522943,0.5798964537963579,0.7117519577782537,0.5222804102915983,0.0017085136668981427,False,0.42297056789522364,67
25.0,0.604651,1.7864654122152566,1.2306419620647566,0.9995897795174187,0.18715092871607392,0.5481918627356174,0.585029498779605,False,0.3631459615004882,67
15.0,0.6,1.7864654122152566,1.2306419620647566,0.9995897795174187,0.18715092871607392,0.5481918627356174,0.585029498779605,False,0.3631459615004882,67
8.0,0.5906980000000001,1.7864654122152566,1.2306419620647566,0.9995897795174187,0.18715092871607392,0.5481918627356174,0.585029498779605,False,0.3631459615004882,67
1.0,0.6,1.7864654122152566,1.2306419620647566,0.9995897795174187,0.18715092871607392,0.5481918627356174,0.585029498779605,False,0.3631459615004882,67
7.0,0.595349,1.7864654122152566,1.2306419620647566,0.9995897795174187,0.18715092871607392,0.5481918627356174,0.585029498779605,False,0.3631459615004882,67
6.0,0.5906980000000001,1.7864654122152566,1.2306419620647566,0.9995897795174187,0.18715092871607392,0.5481918627356174,0.585029498779605,False,0.3631459615004882,67
24.0,0.613953,1.7864654122152566,1.2306419620647566,0.9995897795174187,0.18715092871607392,0.5481918627356174,0.585029498779605,False,0.3631459615004882,67
18.0,0.539535,1.7864654122152566,1.2306419620647566,0.9995897795174187,0.18715092871607392,0.5481918627356174,0.585029498779605,False,0.28417397784999665,67
28.0,0.534884,1.7864654122152566,1.2306419620647566,0.9995897795174187,0.18715092871607392,0.5481918627356174,0.585029498779605,False,0.26088967874226515,67
303.0,0.37674399999999997,1.571067528068365,1.1630144819522943,0.5798964537963579,0.7117519577782537,0.5222804102915983,0.0017085136668981427,False,0.16143446178656787,67
132.0,0.5023259999999999,1.571067528068365,1.1630144819522943,0.5798964537963579,0.7117519577782537,0.5222804102915983,0.0017085136668981427,False,0.08731171718742219,67
81.0,0.362791,1.2698092114414845,0.3396694329360677,0.6746449871258619,0.343008605087647,0.5027408121416881,0.8194455587648413,False,0.07778473466095395,67
295.0,0.38604700000000003,1.4348109135741893,0.7386516388130325,0.7811854428188485,0.06771999085154688,0.6799820687390525,0.6601998236524798,False,0.06426913364431751,67
105.0,0.483721,1.2897929919348718,0.5271794538239876,0.2239548996219501,0.9576345027192268,0.39281537630132707,0.5139301779312232,False,-0.012795641754137901,67
131.0,0.339535,1.571067528068365,1.1630144819522943,0.5798964537963579,0.7117519577782537,0.5222804102915983,0.0017085136668981427,False,-0.1285214830624705,67
58.0,0.237209,1.3946403593770444,0.5211074689762416,0.8845894529661424,0.2600311783390338,0.4939794722303847,0.7611427624225117,False,-0.1617934978693884,67
95.0,0.23255800000000001,1.3946403593770444,0.5211074689762416,0.8845894529661424,0.2600311783390338,0.4939794722303847,0.7611427624225117,False,-0.1617934978693884,67
142.0,0.293023,1.571067528068365,1.1630144819522943,0.5798964537963579,0.7117519577782537,0.5222804102915983,0.0017085136668981427,False,-0.16523362286740875,67
91.0,0.18139500000000003,1.3946403593770444,0.5211074689762416,0.8845894529661424,0.2600311783390338,0.4939794722303847,0.7611427624225117,False,-0.1945851703227952,67
50.0,0.190698,1.3946403593770444,0.5211074689762416,0.8845894529661424,0.2600311783390338,0.4939794722303847,0.7611427624225117,False,-0.1945851703227952,67
53.0,0.190698,1.3946403593770444,0.5211074689762416,0.8845894529661424,0.2600311783390338,0.4939794722303847,0.7611427624225117,False,-0.1945851703227952,67
63.0,0.172093,1.3946403593770444,0.5211074689762416,0.8845894529661424,0.2600311783390338,0.4939794722303847,0.7611427624225117,False,-0.1945851703227952,67
60.0,0.162791,1.3946403593770444,0.5211074689762416,0.8845894529661424,0.2600311783390338,0.4939794722303847,0.7611427624225117,False,-0.1945851703227952,67
61.0,0.18139500000000003,1.3946403593770444,0.5211074689762416,0.8845894529661424,0.2600311783390338,0.4939794722303847,0.7611427624225117,False,-0.1945851703227952,67
101.0,0.204651,1.4348109135741893,0.7386516388130325,0.7811854428188485,0.06771999085154688,0.6799820687390525,0.6601998236524798,False,-0.20934766105531738,67
124.0,0.18604700000000002,1.4348109135741893,0.7386516388130325,0.7811854428188485,0.06771999085154688,0.6799820687390525,0.6601998236524798,False,-0.20934766105531738,67
76.0,0.172093,1.4348109135741893,0.7386516388130325,0.7811854428188485,0.06771999085154688,0.6799820687390525,0.6601998236524798,False,-0.20934766105531738,67
107.0,0.21395299999999998,1.4348109135741893,0.7386516388130325,0.7811854428188485,0.06771999085154688,0.6799820687390525,0.6601998236524798,False,-0.20934766105531738,67
102.0,0.190698,1.4348109135741893,0.7386516388130325,0.7811854428188485,0.06771999085154688,0.6799820687390525,0.6601998236524798,False,-0.20934766105531738,67
77.0,0.18604700000000002,1.4348109135741893,0.7386516388130325,0.7811854428188485,0.06771999085154688,0.6799820687390525,0.6601998236524798,False,-0.20934766105531738,67
64.0,0.23255800000000001,1.7185193728025432,1.3386769933376212,0.625804270210762,0.7255783221590191,0.4370857933995017,0.22828461449120693,False,-0.26602693385317044,67
171.0,0.04186,0.5909385174292935,0.33163370676237847,0.3300283767005893,0.24651547416927616,0.26318041465935715,0.016579409753541136,False,-0.2720834309959688,67
125.0,0.11627900000000001,1.2897929919348718,0.5271794538239876,0.2239548996219501,0.9576345027192268,0.39281537630132707,0.5139301779312232,False,-0.2883586871062694,67
106.0,0.15814,1.2897929919348718,0.5271794538239876,0.2239548996219501,0.9576345027192268,0.39281537630132707,0.5139301779312232,False,-0.2883586871062694,67
293.0,0.18604700000000002,1.571067528068365,1.1630144819522943,0.5798964537963579,0.7117519577782537,0.5222804102915983,0.0017085136668981427,False,-0.2988186063065772,67
71.0,0.18604700000000002,1.571067528068365,1.1630144819522943,0.5798964537963579,0.7117519577782537,0.5222804102915983,0.0017085136668981427,True,-0.2988186063065772,67
66.0,0.17674399999999998,1.7185193728025432,1.3386769933376212,0.625804270210762,0.7255783221590191,0.4370857933995017,0.22828461449120693,False,-0.2988186063065772,67
52.0,0.16744199999999998,1.571067528068365,1.1630144819522943,0.5798964537963579,0.7117519577782537,0.5222804102915983,0.0017085136668981427,False,-0.2988186063065772,67
89.0,0.18139500000000003,1.7185193728025432,1.3386769933376212,0.625804270210762,0.7255783221590191,0.4370857933995017,0.22828461449120693,False,-0.2988186063065772,67
109.0,0.190698,1.571067528068365,1.1630144819522943,0.5798964537963579,0.7117519577782537,0.5222804102915983,0.0017085136668981427,False,-0.2988186063065772,67
70.0,0.195349,1.7185193728025432,1.3386769933376212,0.625804270210762,0.7255783221590191,0.4370857933995017,0.22828461449120693,True,-0.2988186063065772,67
67.0,0.190698,1.571067528068365,1.1630144819522943,0.5798964537963579,0.7117519577782537,0.5222804102915983,0.0017085136668981427,False,-0.2988186063065772,67
116.0,0.102326,1.571067528068365,1.1630144819522943,0.5798964537963579,0.7117519577782537,0.5222804102915983,0.0017085136668981427,False,-0.3089033107283762,67
45.0,0.065116,1.2897929919348718,0.5271794538239876,0.2239548996219501,0.9576345027192268,0.39281537630132707,0.5139301779312232,False,-0.32754736694040526,67
78.0,0.065116,1.2897929919348718,0.5271794538239876,0.2239548996219501,0.9576345027192268,0.39281537630132707,0.5139301779312232,False,-0.32754736694040526,67
79.0,0.069767,1.2897929919348718,0.5271794538239876,0.2239548996219501,0.9576345027192268,0.39281537630132707,0.5139301779312232,False,-0.32754736694040526,67
26.0,0.069767,1.2897929919348718,0.5271794538239876,0.2239548996219501,0.9576345027192268,0.39281537630132707,0.5139301779312232,False,-0.32754736694040526,67
297.0,0.074419,1.2897929919348718,0.5271794538239876,0.2239548996219501,0.9576345027192268,0.39281537630132707,0.5139301779312232,False,-0.32754736694040526,67
80.0,0.074419,1.571067528068365,1.1630144819522943,0.5798964537963579,0.7117519577782537,0.5222804102915983,0.0017085136668981427,False,-0.34809199056251205,67
69.0,0.074419,1.571067528068365,1.1630144819522943,0.5798964537963579,0.7117519577782537,0.5222804102915983,0.0017085136668981427,False,-0.34809199056251205,67
11.0,0.074419,1.571067528068365,1.1630144819522943,0.5798964537963579,0.7117519577782537,0.5222804102915983,0.0017085136668981427,False,-0.34809199056251205,67
169.0,0.065116,1.571067528068365,1.1630144819522943,0.5798964537963579,0.7117519577782537,0.5222804102915983,0.0017085136668981427,False,-0.34809199056251205,67
134.0,0.074419,1.571067528068365,1.1630144819522943,0.5798964537963579,0.7117519577782537,0.5222804102915983,0.0017085136668981427,False,-0.34809199056251205,67
110.0,1.0,1.751583737464174,1.26583109263702,0.5572305431968985,1.0253544935707737,0.28716669243772547,0.14626964572125656,False,0.6058651729094274,416
65.0,1.0,2.1715880907395144,1.9305021758714789,0.4260691057649603,0.7174030911410851,0.4650930829595794,0.2764824242410229,False,0.576894725816675,416
64.0,1.0,2.1715880907395144,1.9305021758714789,0.4260691057649603,0.7174030911410851,0.4650930829595794,0.2764824242410229,False,0.576894725816675,416
117.0,1.0,2.083486082700944,1.8658564471616088,0.849759169832712,0.23205618056020771,0.044270417098174614,0.28564556344001624,False,0.5628230955140253,416
302.0,1.0,1.971415946224213,1.2804243877912016,0.28358545105663574,1.3933443488188408,0.4534460275099822,0.13982752903365292,False,0.512043351609951,416
304.0,1.0,1.971415946224213,1.2804243877912016,0.28358545105663574,1.3933443488188408,0.4534460275099822,0.13982752903365292,False,0.512043351609951,416
307.0,1.0,1.971415946224213,1.2804243877912016,0.28358545105663574,1.3933443488188408,0.4534460275099822,0.13982752903365292,False,0.512043351609951,416
299.0,1.0,1.971415946224213,1.2804243877912016,0.28358545105663574,1.3933443488188408,0.4534460275099822,0.13982752903365292,False,0.512043351609951,416
71.0,1.0,1.2897929919348718,0.5271794538239876,0.2239548996219501,0.9576345027192268,0.39281537630132707,0.5139301779312232,False,0.5107026652030172,416
70.0,1.0,1.2897929919348718,0.5271794538239876,0.2239548996219501,0.9576345027192268,0.39281537630132707,0.5139301779312232,False,0.5107026652030172,416
111.0,0.734884,1.751583737464174,1.26583109263702,0.5572305431968985,1.0253544935707737,0.28716669243772547,0.14626964572125656,False,0.5104863635039976,416
300.0,0.7534879999999999,1.971415946224213,1.2804243877912016,0.28358545105663574,1.3933443488188408,0.4534460275099822,0.13982752903365292,False,0.4687897195325263,416
109.0,0.87907,1.2897929919348718,0.5271794538239876,0.2239548996219501,0.9576345027192268,0.39281537630132707,0.5139301779312232,False,0.4674490331255924,416
301.0,0.739535,1.971415946224213,1.2804243877912016,0.28358545105663574,1.3933443488188408,0.4534460275099822,0.13982752903365292,False,0.41666454220452115,416
306.0,0.6976739999999999,1.971415946224213,1.2804243877912016,0.28358545105663574,1.3933443488188408,0.4534460275099822,0.13982752903365292,False,0.41666454220452115,416
308.0,0.7488370000000001,1.971415946224213,1.2804243877912016,0.28358545105663574,1.3933443488188408,0.4534460275099822,0.13982752903365292,False,0.41666454220452115,416
305.0,0.706977,1.971415946224213,1.2804243877912016,0.28358545105663574,1.3933443488188408,0.4534460275099822,0.13982752903365292,False,0.41666454220452115,416
96.0,1.0,2.1573359436909207,1.0482869228002292,0.6606345533441923,1.2176656810582607,0.10116409592905763,1.2750729403537349,False,0.3524334940116505,416
97.0,1.0,2.1573359436909207,1.0482869228002292,0.6606345533441923,1.2176656810582607,0.10116409592905763,1.2750729403537349,False,0.3524334940116505,416
115.0,1.0,1.48702312993363,0.1955457470616091,0.10607347707863923,1.204149976888503,0.6559957909606842,0.5305095876847643,False,0.2487751839634533,416
114.0,1.0,1.48702312993363,0.1955457470616091,0.10607347707863923,1.204149976888503,0.6559957909606842,0.5305095876847643,False,0.2487751839634533,416
57.0,0.67907,2.1573359436909207,1.0482869228002292,0.6606345533441923,1.2176656810582607,0.10116409592905763,1.2750729403537349,False,0.245273298689711,416
130.0,1.0,1.8974920771308763,0.6358350281283067,0.35594155417440787,1.6693864604974804,0.1294650339902713,0.5156386915981214,False,0.2159949812771181,416
54.0,1.0,1.8974920771308763,0.6358350281283067,0.35594155417440787,1.6693864604974804,0.1294650339902713,0.5156386915981214,False,0.2159949812771181,416
249.0,1.0,1.8974920771308763,0.6358350281283067,0.35594155417440787,1.6693864604974804,0.1294650339902713,0.5156386915981214,False,0.2159949812771181,416
310.0,1.0,1.8974920771308763,0.6358350281283067,0.35594155417440787,1.6693864604974804,0.1294650339902713,0.5156386915981214,False,0.2159949812771181,416
108.0,1.0,1.8974920771308763,0.6358350281283067,0.35594155417440787,1.6693864604974804,0.1294650339902713,0.5156386915981214,False,0.2159949812771181,416
311.0,0.772093,1.8974920771308763,0.6358350281283067,0.35594155417440787,1.6693864604974804,0.1294650339902713,0.5156386915981214,False,0.1727413491996933,416
295.0,0.38604700000000003,1.751583737464174,1.26583109263702,0.5572305431968985,1.0253544935707737,0.28716669243772547,0.14626964572125656,False,0.15088646683924153,416
75.0,0.395349,2.1715880907395144,1.9305021758714789,0.4260691057649603,0.7174030911410851,0.4650930829595794,0.2764824242410229,False,0.1371612932220241,416
313.0,0.702326,1.8974920771308763,0.6358350281283067,0.35594155417440787,1.6693864604974804,0.1294650339902713,0.5156386915981214,False,0.13700905583283454,416
312.0,0.7209300000000001,1.8974920771308763,0.6358350281283067,0.35594155417440787,1.6693864604974804,0.1294650339902713,0.5156386915981214,False,0.13700905583283454,416
74.0,0.35814,2.1715880907395144,1.9305021758714789,0.4260691057649603,0.7174030911410851,0.4650930829595794,0.2764824242410229,False,0.1265581680171764,416
81.0,0.35814,1.751583737464174,1.26583109263702,0.5572305431968985,1.0253544935707737,0.28716669243772547,0.14626964572125656,False,0.11190376775901853,416
41.0,0.665116,1.8974920771308763,0.6358350281283067,0.35594155417440787,1.6693864604974804,0.1294650339902713,0.5156386915981214,False,0.10433878089203656,416
39.0,0.6511629999999999,1.8974920771308763,0.6358350281283067,0.35594155417440787,1.6693864604974804,0.1294650339902713,0.5156386915981214,False,0.10433878089203656,416
3.0,0.683721,1.8974920771308763,0.6358350281283067,0.35594155417440787,1.6693864604974804,0.1294650339902713,0.5156386915981214,False,0.10433878089203656,416
303.0,0.37674399999999997,1.971415946224213,1.2804243877912016,0.28358545105663574,1.3933443488188408,0.4534460275099822,0.13982752903365292,False,0.1006894928906756,416
66.0,0.34883699999999995,1.2897929919348718,0.5271794538239876,0.2239548996219501,0.9576345027192268,0.39281537630132707,0.5139301779312232,False,0.07200321956886435,416
34.0,0.637209,1.8974920771308763,0.6358350281283067,0.35594155417440787,1.6693864604974804,0.1294650339902713,0.5156386915981214,False,0.07003510145158352,416
43.0,0.6418600000000001,1.8974920771308763,0.6358350281283067,0.35594155417440787,1.6693864604974804,0.1294650339902713,0.5156386915981214,False,0.07003510145158352,416
40.0,0.613953,1.8974920771308763,0.6358350281283067,0.35594155417440787,1.6693864604974804,0.1294650339902713,0.5156386915981214,False,0.05252372994277755,416
124.0,0.325581,1.2897929919348718,0.5271794538239876,0.2239548996219501,0.9576345027192268,0.39281537630132707,0.5139301779312232,False,-0.14468899924530185,416
67.0,0.32093000000000005,2.1715880907395144,1.9305021758714789,0.4260691057649603,0.7174030911410851,0.4650930829595794,0.2764824242410229,False,-0.16112721755657725,416
68.0,0.306977,2.1715880907395144,1.9305021758714789,0.4260691057649603,0.7174030911410851,0.4650930829595794,0.2764824242410229,False,-0.16112721755657725,416
76.0,0.172093,2.083486082700944,1.8658564471616088,0.849759169832712,0.23205618056020771,0.044270417098174614,0.28564556344001624,False,-0.1954297505172555,416
101.0,0.204651,2.083486082700944,1.8658564471616088,0.849759169832712,0.23205618056020771,0.044270417098174614,0.28564556344001624,False,-0.1954297505172555,416
89.0,0.18139500000000003,2.083486082700944,1.8658564471616088,0.849759169832712,0.23205618056020771,0.044270417098174614,0.28564556344001624,False,-0.1954297505172555,416
132.0,0.5023259999999999,1.8974920771308763,0.6358350281283067,0.35594155417440787,1.6693864604974804,0.1294650339902713,0.5156386915981214,False,-0.23951027341411374,416
77.0,0.223256,1.2897929919348718,0.5271794538239876,0.2239548996219501,0.9576345027192268,0.39281537630132707,0.5139301779312232,False,-0.2782739826844703,416
131.0,0.218605,1.2897929919348718,0.5271794538239876,0.2239548996219501,0.9576345027192268,0.39281537630132707,0.5139301779312232,False,-0.2782739826844703,416
107.0,0.209302,2.1715880907395144,1.9305021758714789,0.4260691057649603,0.7174030911410851,0.4650930829595794,0.2764824242410229,False,-0.2947122009957457,416
102.0,0.190698,1.751583737464174,1.26583109263702,0.5572305431968985,1.0253544935707737,0.28716669243772547,0.14626964572125656,False,-0.3093666012539036,416
58.0,0.237209,2.1573359436909207,1.0482869228002292,0.6606345533441923,1.2176656810582607,0.10116409592905763,1.2750729403537349,False,-0.34283229167030665,416
95.0,0.23255800000000001,2.1573359436909207,1.0482869228002292,0.6606345533441923,1.2176656810582607,0.10116409592905763,1.2750729403537349,False,-0.34283229167030665,416
60.0,0.162791,2.1573359436909207,1.0482869228002292,0.6606345533441923,1.2176656810582607,0.10116409592905763,1.2750729403537349,False,-0.3756239641237135,416
50.0,0.190698,2.1573359436909207,1.0482869228002292,0.6606345533441923,1.2176656810582607,0.10116409592905763,1.2750729403537349,False,-0.3756239641237135,416
142.0,0.204651,2.1573359436909207,1.0482869228002292,0.6606345533441923,1.2176656810582607,0.10116409592905763,1.2750729403537349,False,-0.3756239641237135,416
61.0,0.18139500000000003,2.1573359436909207,1.0482869228002292,0.6606345533441923,1.2176656810582607,0.10116409592905763,1.2750729403537349,False,-0.3756239641237135,416
53.0,0.190698,2.1573359436909207,1.0482869228002292,0.6606345533441923,1.2176656810582607,0.10116409592905763,1.2750729403537349,False,-0.3756239641237135,416
91.0,0.190698,2.1573359436909207,1.0482869228002292,0.6606345533441923,1.2176656810582607,0.10116409592905763,1.2750729403537349,False,-0.3756239641237135,416
63.0,0.172093,2.1573359436909207,1.0482869228002292,0.6606345533441923,1.2176656810582607,0.10116409592905763,1.2750729403537349,False,-0.3756239641237135,416
52.0,0.16744199999999998,1.8974920771308763,0.6358350281283067,0.35594155417440787,1.6693864604974804,0.1294650339902713,0.5156386915981214,False,-0.5472520733153864,416
293.0,0.18604700000000002,1.8974920771308763,0.6358350281283067,0.35594155417440787,1.6693864604974804,0.1294650339902713,0.5156386915981214,False,-0.5472520733153864,416
116.0,0.102326,1.8974920771308763,0.6358350281283067,0.35594155417440787,1.6693864604974804,0.1294650339902713,0.5156386915981214,False,-0.5573367777371855,416
171.0,0.037209,1.48702312993363,0.1955457470616091,0.10607347707863923,1.204149976888503,0.6559957909606842,0.5305095876847643,False,-0.5843685171996127,416
69.0,0.074419,1.8974920771308763,0.6358350281283067,0.35594155417440787,1.6693864604974804,0.1294650339902713,0.5156386915981214,False,-0.5965254575713212,416
1.0,0.074419,1.8974920771308763,0.6358350281283067,0.35594155417440787,1.6693864604974804,0.1294650339902713,0.5156386915981214,False,-0.5965254575713212,416
11.0,0.074419,1.8974920771308763,0.6358350281283067,0.35594155417440787,1.6693864604974804,0.1294650339902713,0.5156386915981214,False,-0.5965254575713212,416
80.0,0.074419,1.8974920771308763,0.6358350281283067,0.35594155417440787,1.6693864604974804,0.1294650339902713,0.5156386915981214,False,-0.5965254575713212,416
6.0,0.074419,1.8974920771308763,0.6358350281283067,0.35594155417440787,1.6693864604974804,0.1294650339902713,0.5156386915981214,False,-0.5965254575713212,416
134.0,0.074419,1.8974920771308763,0.6358350281283067,0.35594155417440787,1.6693864604974804,0.1294650339902713,0.5156386915981214,False,-0.5965254575713212,416
169.0,0.065116,1.8974920771308763,0.6358350281283067,0.35594155417440787,1.6693864604974804,0.1294650339902713,0.5156386915981214,False,-0.5965254575713212,416
96.0,1.0,2.55561478379057,1.8346045467069638,1.4028843051191353,0.7703204553988927,0.0015424137076872763,0.77711821734885,True,0.5028212946600364,404
111.0,1.0,2.5401245867312485,1.6531665106667899,1.6128287709594158,0.6873430286502795,0.007218926203616152,0.8034701038385029,False,0.5028212946600364,404
97.0,1.0,2.55561478379057,1.8346045467069638,1.4028843051191353,0.7703204553988927,0.0015424137076872763,0.77711821734885,False,0.5028212946600364,404
192.0,1.0,2.5114953084853044,1.7824523081077768,1.340714328217316,0.21612538385818647,0.9723889706968807,0.5837011667771071,False,0.5007030409364904,404
52.0,1.0,2.5114953084853044,1.7824523081077768,1.340714328217316,0.21612538385818647,0.9723889706968807,0.5837011667771071,False,0.5007030409364904,404
58.0,1.0,2.5114953084853044,1.7824523081077768,1.340714328217316,0.21612538385818647,0.9723889706968807,0.5837011667771071,False,0.5007030409364904,404
91.0,1.0,2.5114953084853044,1.7824523081077768,1.340714328217316,0.21612538385818647,0.9723889706968807,0.5837011667771071,False,0.5007030409364904,404
57.0,1.0,2.5114953084853044,1.7824523081077768,1.340714328217316,0.21612538385818647,0.9723889706968807,0.5837011667771071,False,0.5007030409364904,404
274.0,1.0,2.5114953084853044,1.7824523081077768,1.340714328217316,0.21612538385818647,0.9723889706968807,0.5837011667771071,False,0.5007030409364904,404
61.0,1.0,2.3750035647299925,1.3356763224595327,1.2992419178628218,0.7283905208239946,0.744660542192197,1.040917412211487,False,0.47229631773971603,404
49.0,0.781395,2.5114953084853044,1.7824523081077768,1.340714328217316,0.21612538385818647,0.9723889706968807,0.5837011667771071,False,0.4618807495114335,404
302.0,1.0,1.743846253729732,0.15048259577842793,1.7075773042889197,0.31859967595967276,0.02675852435352638,0.01768396859323644,False,0.45318983518133266,404
249.0,1.0,1.743846253729732,0.15048259577842793,1.7075773042889197,0.31859967595967276,0.02675852435352638,0.01768396859323644,False,0.45318983518133266,404
108.0,1.0,1.743846253729732,0.15048259577842793,1.7075773042889197,0.31859967595967276,0.02675852435352638,0.01768396859323644,False,0.45318983518133266,404
299.0,1.0,1.743846253729732,0.15048259577842793,1.7075773042889197,0.31859967595967276,0.02675852435352638,0.01768396859323644,False,0.45318983518133266,404
54.0,1.0,1.743846253729732,0.15048259577842793,1.7075773042889197,0.31859967595967276,0.02675852435352638,0.01768396859323644,False,0.45318983518133266,404
130.0,1.0,1.743846253729732,0.15048259577842793,1.7075773042889197,0.31859967595967276,0.02675852435352638,0.01768396859323644,False,0.45318983518133266,404
310.0,1.0,1.743846253729732,0.15048259577842793,1.7075773042889197,0.31859967595967276,0.02675852435352638,0.01768396859323644,False,0.45318983518133266,404
50.0,1.0,2.1067080215561953,0.794761655526236,0.2626460861505886,0.8164977236023537,0.7456648223905412,1.5858452233511473,False,0.420340071440488,404
114.0,1.0,2.446780788208673,0.9818633709683438,1.9574453813846884,0.7838361595686503,0.7587023005974292,0.03255486467987943,False,0.4173934281513409,404
115.0,1.0,2.446780788208673,0.9818633709683438,1.9574453813846884,0.7838361595686503,0.7587023005974292,0.03255486467987943,False,0.4173934281513409,404
53.0,1.0,1.5769121506022699,0.7068404051243367,0.10180002862489967,0.09178884013210076,0.19648242958090176,1.3891129508668107,False,0.4165803197677101,404
304.0,0.7534879999999999,1.743846253729732,0.15048259577842793,1.7075773042889197,0.31859967595967276,0.02675852435352638,0.01768396859323644,False,0.41436754375627566,404
300.0,0.7534879999999999,1.743846253729732,0.15048259577842793,1.7075773042889197,0.31859967595967276,0.02675852435352638,0.01768396859323644,False,0.41436754375627566,404
311.0,0.772093,1.743846253729732,0.15048259577842793,1.7075773042889197,0.31859967595967276,0.02675852435352638,0.01768396859323644,False,0.41436754375627566,404
110.0,0.734884,2.5401245867312485,1.6531665106667899,1.6128287709594158,0.6873430286502795,0.007218926203616152,0.8034701038385029,False,0.4118738259069743,404
313.0,0.702326,1.743846253729732,0.15048259577842793,1.7075773042889197,0.31859967595967276,0.02675852435352638,0.01768396859323644,False,0.3786352503894168,404
301.0,0.6976739999999999,1.743846253729732,0.15048259577842793,1.7075773042889197,0.31859967595967276,0.02675852435352638,0.01768396859323644,False,0.3786352503894168,404
312.0,0.7209300000000001,1.743846253729732,0.15048259577842793,1.7075773042889197,0.31859967595967276,0.02675852435352638,0.01768396859323644,False,0.3786352503894168,404
39.0,0.6511629999999999,1.743846253729732,0.15048259577842793,1.7075773042889197,0.31859967595967276,0.02675852435352638,0.01768396859323644,False,0.3459649754486189,404
3.0,0.683721,1.743846253729732,0.15048259577842793,1.7075773042889197,0.31859967595967276,0.02675852435352638,0.01768396859323644,False,0.3459649754486189,404
41.0,0.665116,1.743846253729732,0.15048259577842793,1.7075773042889197,0.31859967595967276,0.02675852435352638,0.01768396859323644,False,0.3459649754486189,404
34.0,0.637209,1.743846253729732,0.15048259577842793,1.7075773042889197,0.31859967595967276,0.02675852435352638,0.01768396859323644,False,0.33210232598889455,404
43.0,0.6418600000000001,1.743846253729732,0.15048259577842793,1.7075773042889197,0.31859967595967276,0.02675852435352638,0.01768396859323644,False,0.33210232598889455,404
40.0,0.613953,1.743846253729732,0.15048259577842793,1.7075773042889197,0.31859967595967276,0.02675852435352638,0.01768396859323644,False,0.3145909544800885,404
142.0,0.390698,2.5114953084853044,1.7824523081077768,1.340714328217316,0.21612538385818647,0.9723889706968807,0.5837011667771071,False,0.13325667654510334,404
60.0,0.37674399999999997,2.3750035647299925,1.3356763224595327,1.2992419178628218,0.7283905208239946,0.744660542192197,1.040917412211487,False,0.12136554287722542,404
295.0,0.4,2.5401245867312485,1.6531665106667899,1.6128287709594158,0.6873430286502795,0.007218926203616152,0.8034701038385029,False,0.11901494085902868,404
81.0,0.362791,2.5401245867312485,1.6531665106667899,1.6128287709594158,0.6873430286502795,0.007218926203616152,0.8034701038385029,False,0.10841181565418097,404
307.0,0.38604700000000003,1.743846253729732,0.15048259577842793,1.7075773042889197,0.31859967595967276,0.02675852435352638,0.01768396859323644,False,0.07208997206622458,404
306.0,0.381395,1.743846253729732,0.15048259577842793,1.7075773042889197,0.31859967595967276,0.02675852435352638,0.01768396859323644,False,0.07208997206622458,404
303.0,0.37674399999999997,1.743846253729732,0.15048259577842793,1.7075773042889197,0.31859967595967276,0.02675852435352638,0.01768396859323644,False,0.07208997206622458,404
308.0,0.35348799999999997,1.743846253729732,0.15048259577842793,1.7075773042889197,0.31859967595967276,0.02675852435352638,0.01768396859323644,False,0.05839788387506834,404
305.0,0.34883699999999995,1.743846253729732,0.15048259577842793,1.7075773042889197,0.31859967595967276,0.02675852435352638,0.01768396859323644,False,0.05839788387506834,404
132.0,0.5023259999999999,1.743846253729732,0.15048259577842793,1.7075773042889197,0.31859967595967276,0.02675852435352638,0.01768396859323644,False,-0.0020327725329210237,404
136.0,0.339535,2.5114953084853044,1.7824523081077768,1.340714328217316,0.21612538385818647,0.9723889706968807,0.5837011667771071,False,-0.08180875904268695,404
285.0,0.26976700000000003,2.5114953084853044,1.7824523081077768,1.340714328217316,0.21612538385818647,0.9723889706968807,0.5837011667771071,False,-0.1400147053273878,404
95.0,0.172093,2.5114953084853044,1.7824523081077768,1.340714328217316,0.21612538385818647,0.9723889706968807,0.5837011667771071,False,-0.15574427107099145,404
63.0,0.15814,2.5114953084853044,1.7824523081077768,1.340714328217316,0.21612538385818647,0.9723889706968807,0.5837011667771071,False,-0.1783592688771561,404
100.0,0.15814,2.5114953084853044,1.7824523081077768,1.340714328217316,0.21612538385818647,0.9723889706968807,0.5837011667771071,False,-0.1783592688771561,404
237.0,0.09302300000000001,2.5114953084853044,1.7824523081077768,1.340714328217316,0.21612538385818647,0.9723889706968807,0.5837011667771071,False,-0.1783592688771561,404
131.0,0.339535,1.743846253729732,0.15048259577842793,1.7075773042889197,0.31859967595967276,0.02675852435352638,0.01768396859323644,False,-0.19257536189374694,404
262.0,0.04186,2.5114953084853044,1.7824523081077768,1.340714328217316,0.21612538385818647,0.9723889706968807,0.5837011667771071,False,-0.217547948711292,404
236.0,0.065116,2.5114953084853044,1.7824523081077768,1.340714328217316,0.21612538385818647,0.9723889706968807,0.5837011667771071,False,-0.217547948711292,404
246.0,0.055814,2.5114953084853044,1.7824523081077768,1.340714328217316,0.21612538385818647,0.9723889706968807,0.5837011667771071,False,-0.217547948711292,404
107.0,0.237209,2.5401245867312485,1.6531665106667899,1.6128287709594158,0.6873430286502795,0.007218926203616152,0.8034701038385029,False,-0.26389017147743177,404
101.0,0.237209,2.5401245867312485,1.6531665106667899,1.6128287709594158,0.6873430286502795,0.007218926203616152,0.8034701038385029,False,-0.26389017147743177,404
171.0,0.04186,1.8448741144647611,0.24913923486476142,1.3802673106477426,0.01067564116377584,0.24459490570748826,1.1732057167513603,False,-0.26911779007891057,404
76.0,0.209302,2.5401245867312485,1.6531665106667899,1.6128287709594158,0.6873430286502795,0.007218926203616152,0.8034701038385029,False,-0.29668184393083863,404
77.0,0.21395299999999998,2.5401245867312485,1.6531665106667899,1.6128287709594158,0.6873430286502795,0.007218926203616152,0.8034701038385029,False,-0.29668184393083863,404
124.0,0.2,2.5401245867312485,1.6531665106667899,1.6128287709594158,0.6873430286502795,0.007218926203616152,0.8034701038385029,False,-0.29668184393083863,404
102.0,0.218605,2.5401245867312485,1.6531665106667899,1.6128287709594158,0.6873430286502795,0.007218926203616152,0.8034701038385029,False,-0.29668184393083863,404
109.0,0.190698,1.743846253729732,0.15048259577842793,1.7075773042889197,0.31859967595967276,0.02675852435352638,0.01768396859323644,False,-0.3310576128424525,404
67.0,0.190698,1.743846253729732,0.15048259577842793,1.7075773042889197,0.31859967595967276,0.02675852435352638,0.01768396859323644,False,-0.3310576128424525,404
64.0,0.204651,1.743846253729732,0.15048259577842793,1.7075773042889197,0.31859967595967276,0.02675852435352638,0.01768396859323644,False,-0.3310576128424525,404
71.0,0.18604700000000002,1.743846253729732,0.15048259577842793,1.7075773042889197,0.31859967595967276,0.02675852435352638,0.01768396859323644,False,-0.3310576128424525,404
293.0,0.18604700000000002,1.743846253729732,0.15048259577842793,1.7075773042889197,0.31859967595967276,0.02675852435352638,0.01768396859323644,False,-0.3310576128424525,404
116.0,0.102326,1.743846253729732,0.15048259577842793,1.7075773042889197,0.31859967595967276,0.02675852435352638,0.01768396859323644,False,-0.3536726106486172,404
169.0,0.065116,1.743846253729732,0.15048259577842793,1.7075773042889197,0.31859967595967276,0.02675852435352638,0.01768396859323644,False,-0.3928612904827531,404
134.0,0.074419,1.743846253729732,0.15048259577842793,1.7075773042889197,0.31859967595967276,0.02675852435352638,0.01768396859323644,False,-0.3928612904827531,404
80.0,0.074419,1.743846253729732,0.15048259577842793,1.7075773042889197,0.31859967595967276,0.02675852435352638,0.01768396859323644,False,-0.3928612904827531,404
1.0,0.074419,1.743846253729732,0.15048259577842793,1.7075773042889197,0.31859967595967276,0.02675852435352638,0.01768396859323644,False,-0.3928612904827531,404
69.0,0.074419,1.743846253729732,0.15048259577842793,1.7075773042889197,0.31859967595967276,0.02675852435352638,0.01768396859323644,False,-0.3928612904827531,404
11.0,0.074419,1.743846253729732,0.15048259577842793,1.7075773042889197,0.31859967595967276,0.02675852435352638,0.01768396859323644,False,-0.3928612904827531,404
6.0,0.074419,1.743846253729732,0.15048259577842793,1.7075773042889197,0.31859967595967276,0.02675852435352638,0.01768396859323644,False,-0.3928612904827531,404
88.0,1.0,1.7672876606124344,1.4298965306792222,0.5466036267555814,0.8202703555946825,0.19232992300876786,0.26474857236660354,False,0.6060056783496891,396
1.0,1.0,1.269857168977523,0.5497147841052268,0.36457185718152174,0.9274202481232292,0.5421972611037389,0.15281380864837302,False,0.5174348303847358,396
124.0,1.0,1.341028245834994,0.9389866871635788,0.4900249331421629,0.6816943633705814,0.40913255890617434,0.21080717859582213,False,0.5174348303847358,396
65.0,1.0,0.9278046693478043,0.25477920647214924,0.5767372049328743,0.651102172738086,0.17930738453975445,0.08484149553421526,False,0.507027340877671,396
72.0,1.0,1.229940851905338,0.9809976001983893,0.008885361448288887,0.333543745350416,0.04903411202405287,0.6608051783530394,False,0.5002951756959525,396
197.0,1.0,1.229940851905338,0.9809976001983893,0.008885361448288887,0.333543745350416,0.04903411202405287,0.6608051783530394,False,0.5002951756959525,396
196.0,1.0,1.229940851905338,0.9809976001983893,0.008885361448288887,0.333543745350416,0.04903411202405287,0.6608051783530394,False,0.5002951756959525,396
67.0,1.0,1.0321128974549518,0.2500964157899246,0.29911579532970967,0.14655888756149674,0.6863077471198373,0.6486453003037901,False,0.49573828399434944,396
6.0,0.809302,1.269857168977523,0.5497147841052268,0.36457185718152174,0.9274202481232292,0.5421972611037389,0.15281380864837302,False,0.47418119830731087,396
64.0,1.0,1.4882454375690553,0.2314260614454895,0.3862201595424497,0.19040402263411807,1.193999744969749,0.741796040747632,True,0.46776629716294144,396
68.0,0.790698,1.0321128974549518,0.2500964157899246,0.29911579532970967,0.14655888756149674,0.6863077471198373,0.6486453003037901,False,0.4524846519169246,396
87.0,0.637209,1.7672876606124344,1.4298965306792222,0.5466036267555814,0.8202703555946825,0.19232992300876786,0.26474857236660354,False,0.44365291456300815,396
83.0,1.0,1.9843299110148302,0.7719303557273887,1.7754947831129444,0.28061045770006066,0.024915034951583488,0.33157805846610794,False,0.41646904525270434,396
84.0,1.0,1.9843299110148302,0.7719303557273887,1.7754947831129444,0.28061045770006066,0.024915034951583488,0.33157805846610794,False,0.41646904525270434,396
82.0,1.0,1.9843299110148302,0.7719303557273887,1.7754947831129444,0.28061045770006066,0.024915034951583488,0.33157805846610794,False,0.41646904525270434,396
85.0,1.0,1.9843299110148302,0.7719303557273887,1.7754947831129444,0.28061045770006066,0.024915034951583488,0.33157805846610794,False,0.41646904525270434,396
7.0,0.660465,1.269857168977523,0.5497147841052268,0.36457185718152174,0.9274202481232292,0.5421972611037389,0.15281380864837302,False,0.4057786299996541,396
8.0,0.6418600000000001,1.269857168977523,0.5497147841052268,0.36457185718152174,0.9274202481232292,0.5421972611037389,0.15281380864837302,False,0.37147495055920104,396
309.0,0.6,1.269857168977523,0.5497147841052268,0.36457185718152174,0.9274202481232292,0.5421972611037389,0.15281380864837302,False,0.35396357905039505,396
12.0,0.539535,1.269857168977523,0.5497147841052268,0.36457185718152174,0.9274202481232292,0.5421972611037389,0.15281380864837302,False,0.25595647170511154,396
130.0,1.0,2.0975795418841034,0.7966023312437329,0.6174654302823455,1.750918101516945,0.04981128603664837,0.561965960141435,False,0.2159949812771181,396
131.0,1.0,2.0975795418841034,0.7966023312437329,0.6174654302823455,1.750918101516945,0.04981128603664837,0.561965960141435,False,0.2159949812771181,396
132.0,1.0,2.0975795418841034,0.7966023312437329,0.6174654302823455,1.750918101516945,0.04981128603664837,0.561965960141435,False,0.2159949812771181,396
18.0,0.530233,1.269857168977523,0.5497147841052268,0.36457185718152174,0.9274202481232292,0.5421972611037389,0.15281380864837302,False,0.18386205607388398,396
86.0,0.5162789999999999,1.7672876606124344,1.4298965306792222,0.5466036267555814,0.8202703555946825,0.19232992300876786,0.26474857236660354,False,0.07690422768035755,396
90.0,0.5023259999999999,1.7672876606124344,1.4298965306792222,0.5466036267555814,0.8202703555946825,0.19232992300876786,0.26474857236660354,False,0.07690422768035755,396
74.0,0.35814,1.4882454375690553,0.2314260614454895,0.3862201595424497,0.19040402263411807,1.193999744969749,0.741796040747632,False,0.049116095692713274,396
75.0,0.395349,1.4882454375690553,0.2314260614454895,0.3862201595424497,0.19040402263411807,1.193999744969749,0.741796040747632,False,0.03442861000849427,396
24.0,0.48837200000000003,1.269857168977523,0.5497147841052268,0.36457185718152174,0.9274202481232292,0.5421972611037389,0.15281380864837302,False,-0.006063476572419401,396
15.0,0.47906999999999994,1.269857168977523,0.5497147841052268,0.36457185718152174,0.9274202481232292,0.5421972611037389,0.15281380864837302,False,-0.006063476572419401,396
2.0,0.47906999999999994,1.269857168977523,0.5497147841052268,0.36457185718152174,0.9274202481232292,0.5421972611037389,0.15281380864837302,False,-0.006063476572419401,396
70.0,0.223256,1.4882454375690553,0.2314260614454895,0.3862201595424497,0.19040402263411807,1.193999744969749,0.741796040747632,False,-0.1481392736041773,396
66.0,0.227907,1.4882454375690553,0.2314260614454895,0.3862201595424497,0.19040402263411807,1.193999744969749,0.741796040747632,False,-0.15706893141877848,396
117.0,0.23255800000000001,1.4882454375690553,0.2314260614454895,0.3862201595424497,0.19040402263411807,1.193999744969749,0.741796040747632,False,-0.15706893141877848,396
101.0,0.274419,1.7746546229647393,0.7411501337718187,1.310163139905511,0.22261126137408535,0.9099992318398987,0.0769004630239767,False,-0.16868110398541514,396
109.0,0.32093000000000005,1.341028245834994,0.9389866871635788,0.4900249331421629,0.6816943633705814,0.40913255890617434,0.21080717859582213,False,-0.17713512852776958,396
71.0,0.325581,1.341028245834994,0.9389866871635788,0.4900249331421629,0.6816943633705814,0.40913255890617434,0.21080717859582213,False,-0.17713512852776958,396
76.0,0.209302,1.7746546229647393,0.7411501337718187,1.310163139905511,0.22261126137408535,0.9099992318398987,0.0769004630239767,False,-0.1844106697290188,396
107.0,0.209302,1.7746546229647393,0.7411501337718187,1.310163139905511,0.22261126137408535,0.9099992318398987,0.0769004630239767,False,-0.1844106697290188,396
189.0,0.265116,1.229940851905338,0.9809976001983893,0.008885361448288887,0.333543745350416,0.04903411202405287,0.6608051783530394,False,-0.23123057617992324,396
45.0,0.102326,1.9843299110148302,0.7719303557273887,1.7754947831129444,0.28061045770006066,0.024915034951583488,0.33157805846610794,False,-0.23341447244519553,396
20.0,0.08837199999999999,1.9843299110148302,0.7719303557273887,1.7754947831129444,0.28061045770006066,0.024915034951583488,0.33157805846610794,False,-0.23341447244519553,396
11.0,0.125581,1.9843299110148302,0.7719303557273887,1.7754947831129444,0.28061045770006066,0.024915034951583488,0.33157805846610794,False,-0.23341447244519553,396
25.0,0.102326,1.9843299110148302,0.7719303557273887,1.7754947831129444,0.28061045770006066,0.024915034951583488,0.33157805846610794,False,-0.23341447244519553,396
294.0,0.144186,1.9843299110148302,0.7719303557273887,1.7754947831129444,0.28061045770006066,0.024915034951583488,0.33157805846610794,False,-0.23341447244519553,396
22.0,0.10697699999999999,1.9843299110148302,0.7719303557273887,1.7754947831129444,0.28061045770006066,0.024915034951583488,0.33157805846610794,False,-0.23341447244519553,396
56.0,0.10697699999999999,1.9843299110148302,0.7719303557273887,1.7754947831129444,0.28061045770006066,0.024915034951583488,0.33157805846610794,False,-0.23341447244519553,396
47.0,0.111628,1.9843299110148302,0.7719303557273887,1.7754947831129444,0.28061045770006066,0.024915034951583488,0.33157805846610794,False,-0.23341447244519553,396
69.0,0.111628,1.9843299110148302,0.7719303557273887,1.7754947831129444,0.28061045770006066,0.024915034951583488,0.33157805846610794,False,-0.23341447244519553,396
310.0,0.097674,1.9843299110148302,0.7719303557273887,1.7754947831129444,0.28061045770006066,0.024915034951583488,0.33157805846610794,False,-0.23341447244519553,396
31.0,0.08837199999999999,1.9843299110148302,0.7719303557273887,1.7754947831129444,0.28061045770006066,0.024915034951583488,0.33157805846610794,False,-0.23341447244519553,396
77.0,0.260465,1.341028245834994,0.9389866871635788,0.4900249331421629,0.6816943633705814,0.40913255890617434,0.21080717859582213,False,-0.2532692159553265,396
248.0,0.032558,1.229940851905338,0.9809976001983893,0.008885361448288887,0.333543745350416,0.04903411202405287,0.6608051783530394,False,-0.33795485644747,396
221.0,0.060465,1.229940851905338,0.9809976001983893,0.008885361448288887,0.333543745350416,0.04903411202405287,0.6608051783530394,False,-0.33795485644747,396
144.0,0.032558,1.229940851905338,0.9809976001983893,0.008885361448288887,0.333543745350416,0.04903411202405287,0.6608051783530394,False,-0.33795485644747,396
120.0,0.055814,1.7672876606124344,1.4298965306792222,0.5466036267555814,0.8202703555946825,0.19232992300876786,0.26474857236660354,False,-0.35849948006957677,396
121.0,0.060465,1.7672876606124344,1.4298965306792222,0.5466036267555814,0.8202703555946825,0.19232992300876786,0.26474857236660354,False,-0.35849948006957677,396
92.0,0.060465,1.7672876606124344,1.4298965306792222,0.5466036267555814,0.8202703555946825,0.19232992300876786,0.26474857236660354,False,-0.35849948006957677,396
293.0,0.18604700000000002,2.0975795418841034,0.7966023312437329,0.6174654302823455,1.750918101516945,0.04981128603664837,0.561965960141435,False,-0.5472520733153864,396
128.0,0.21395299999999998,2.0975795418841034,0.7966023312437329,0.6174654302823455,1.750918101516945,0.04981128603664837,0.561965960141435,False,-0.5472520733153864,396
129.0,0.153488,2.0975795418841034,0.7966023312437329,0.6174654302823455,1.750918101516945,0.04981128603664837,0.561965960141435,False,-0.5573367777371855,396
177.0,1.0,3.4561625771574316,2.779928255583399,0.8016481816285845,1.8690094439172604,0.14431239533882623,0.24575694810887105,False,0.4935120369220757,411
66.0,1.0,1.9113428065932216,0.03284367032837876,0.5114615859882838,0.7917222338609471,0.38670762893469185,1.6168465535811691,False,0.4766715565397235,411
103.0,1.0,1.4724907365977316,0.3594768409700433,0.4077304725115307,0.28310888024253533,1.2058134749745029,0.5819144760663578,False,0.4740765113751095,411
117.0,1.0,2.95840114991785,2.2597756294734097,0.8931750668504013,0.2663936905406301,0.875818942813188,1.4176619305320388,False,0.4524245675976871,411
113.0,1.0,2.002419689759501,0.8058873067207233,1.2591172076375208,0.9242100618720237,0.9584724765997559,0.044948786071352886,False,0.4381136294113319,411
78.0,0.604651,1.4724907365977316,0.3594768409700433,0.4077304725115307,0.28310888024253533,1.2058134749745029,0.5819144760663578,False,0.3186349197389389,411
79.0,0.604651,1.4724907365977316,0.3594768409700433,0.4077304725115307,0.28310888024253533,1.2058134749745029,0.5819144760663578,False,0.3186349197389389,411
58.0,1.0,3.2556981640100653,1.7450045240408616,1.3044596737985072,1.1548654664436995,0.9793010495946092,1.8868412530808205,False,0.20650254129669654,411
109.0,0.87907,3.3654156030982207,1.8138963051718417,1.2443464883828894,1.4595025823775112,0.20299328225257052,2.077510561201501,False,0.20274576632637067,411
312.0,0.8,3.3654156030982207,1.8138963051718417,1.2443464883828894,1.4595025823775112,0.20299328225257052,2.077510561201501,False,0.20274576632637067,411
310.0,0.772093,3.3654156030982207,1.8138963051718417,1.2443464883828894,1.4595025823775112,0.20299328225257052,2.077510561201501,False,0.20274576632637067,411
313.0,0.790698,3.3654156030982207,1.8138963051718417,1.2443464883828894,1.4595025823775112,0.20299328225257052,2.077510561201501,False,0.20274576632637067,411
36.0,0.87907,3.3654156030982207,1.8138963051718417,1.2443464883828894,1.4595025823775112,0.20299328225257052,2.077510561201501,False,0.20274576632637067,411
70.0,1.0,3.3654156030982207,1.8138963051718417,1.2443464883828894,1.4595025823775112,0.20299328225257052,2.077510561201501,False,0.1991338890489237,411
130.0,1.0,3.3654156030982207,1.8138963051718417,1.2443464883828894,1.4595025823775112,0.20299328225257052,2.077510561201501,False,0.1991338890489237,411
123.0,1.0,3.3654156030982207,1.8138963051718417,1.2443464883828894,1.4595025823775112,0.20299328225257052,2.077510561201501,False,0.1991338890489237,411
311.0,1.0,3.3654156030982207,1.8138963051718417,1.2443464883828894,1.4595025823775112,0.20299328225257052,2.077510561201501,False,0.1991338890489237,411
107.0,1.0,3.3654156030982207,1.8138963051718417,1.2443464883828894,1.4595025823775112,0.20299328225257052,2.077510561201501,False,0.1991338890489237,411
298.0,1.0,3.3654156030982207,1.8138963051718417,1.2443464883828894,1.4595025823775112,0.20299328225257052,2.077510561201501,False,0.1991338890489237,411
71.0,0.744186,3.3654156030982207,1.8138963051718417,1.2443464883828894,1.4595025823775112,0.20299328225257052,2.077510561201501,False,0.18077680425678386,411
34.0,0.6930230000000001,3.3654156030982207,1.8138963051718417,1.2443464883828894,1.4595025823775112,0.20299328225257052,2.077510561201501,False,0.18077680425678386,411
41.0,0.734884,3.3654156030982207,1.8138963051718417,1.2443464883828894,1.4595025823775112,0.20299328225257052,2.077510561201501,False,0.18077680425678386,411
43.0,0.7209300000000001,3.3654156030982207,1.8138963051718417,1.2443464883828894,1.4595025823775112,0.20299328225257052,2.077510561201501,False,0.18077680425678386,411
39.0,0.6976739999999999,3.3654156030982207,1.8138963051718417,1.2443464883828894,1.4595025823775112,0.20299328225257052,2.077510561201501,False,0.18077680425678386,411
77.0,0.660465,3.3654156030982207,1.8138963051718417,1.2443464883828894,1.4595025823775112,0.20299328225257052,2.077510561201501,False,0.1526025343791279,411
76.0,0.655814,3.3654156030982207,1.8138963051718417,1.2443464883828894,1.4595025823775112,0.20299328225257052,2.077510561201501,False,0.1526025343791279,411
40.0,0.637209,3.3654156030982207,1.8138963051718417,1.2443464883828894,1.4595025823775112,0.20299328225257052,2.077510561201501,False,0.1387398849194035,411
314.0,0.6,3.3654156030982207,1.8138963051718417,1.2443464883828894,1.4595025823775112,0.20299328225257052,2.077510561201501,False,0.1076500487445545,411
55.0,1.0,2.5303604924447622,0.33945896442168255,0.9347298829298203,1.8162148180291409,0.16061218517070586,1.4454547173478418,False,0.09538112688452412,411
8.0,1.0,2.5303604924447622,0.33945896442168255,0.9347298829298203,1.8162148180291409,0.16061218517070586,1.4454547173478418,False,0.09538112688452412,411
11.0,1.0,2.5303604924447622,0.33945896442168255,0.9347298829298203,1.8162148180291409,0.16061218517070586,1.4454547173478418,False,0.09538112688452412,411
10.0,1.0,2.5303604924447622,0.33945896442168255,0.9347298829298203,1.8162148180291409,0.16061218517070586,1.4454547173478418,False,0.09538112688452412,411
50.0,1.0,2.5303604924447622,0.33945896442168255,0.9347298829298203,1.8162148180291409,0.16061218517070586,1.4454547173478418,False,0.09538112688452412,411
16.0,1.0,2.5303604924447622,0.33945896442168255,0.9347298829298203,1.8162148180291409,0.16061218517070586,1.4454547173478418,False,0.09538112688452412,411
15.0,1.0,2.5303604924447622,0.33945896442168255,0.9347298829298203,1.8162148180291409,0.16061218517070586,1.4454547173478418,False,0.09538112688452412,411
87.0,1.0,2.5303604924447622,0.33945896442168255,0.9347298829298203,1.8162148180291409,0.16061218517070586,1.4454547173478418,False,0.09538112688452412,411
110.0,1.0,2.5303604924447622,0.33945896442168255,0.9347298829298203,1.8162148180291409,0.16061218517070586,1.4454547173478418,False,0.09538112688452412,411
7.0,1.0,2.5303604924447622,0.33945896442168255,0.9347298829298203,1.8162148180291409,0.16061218517070586,1.4454547173478418,False,0.09538112688452412,411
6.0,1.0,2.5303604924447622,0.33945896442168255,0.9347298829298203,1.8162148180291409,0.16061218517070586,1.4454547173478418,False,0.09538112688452412,411
1.0,1.0,2.5303604924447622,0.33945896442168255,0.9347298829298203,1.8162148180291409,0.16061218517070586,1.4454547173478418,False,0.09538112688452412,411
2.0,1.0,2.5303604924447622,0.33945896442168255,0.9347298829298203,1.8162148180291409,0.16061218517070586,1.4454547173478418,False,0.09538112688452412,411
21.0,1.0,2.5303604924447622,0.33945896442168255,0.9347298829298203,1.8162148180291409,0.16061218517070586,1.4454547173478418,False,0.09538112688452412,411
22.0,1.0,2.5303604924447622,0.33945896442168255,0.9347298829298203,1.8162148180291409,0.16061218517070586,1.4454547173478418,False,0.09538112688452412,411
33.0,1.0,2.5303604924447622,0.33945896442168255,0.9347298829298203,1.8162148180291409,0.16061218517070586,1.4454547173478418,False,0.09538112688452412,411
29.0,1.0,2.5303604924447622,0.33945896442168255,0.9347298829298203,1.8162148180291409,0.16061218517070586,1.4454547173478418,False,0.09538112688452412,411
27.0,1.0,2.5303604924447622,0.33945896442168255,0.9347298829298203,1.8162148180291409,0.16061218517070586,1.4454547173478418,False,0.09538112688452412,411
18.0,1.0,2.5303604924447622,0.33945896442168255,0.9347298829298203,1.8162148180291409,0.16061218517070586,1.4454547173478418,False,0.09538112688452412,411
20.0,1.0,2.5303604924447622,0.33945896442168255,0.9347298829298203,1.8162148180291409,0.16061218517070586,1.4454547173478418,False,0.09538112688452412,411
32.0,1.0,2.5303604924447622,0.33945896442168255,0.9347298829298203,1.8162148180291409,0.16061218517070586,1.4454547173478418,False,0.09538112688452412,411
26.0,1.0,2.5303604924447622,0.33945896442168255,0.9347298829298203,1.8162148180291409,0.16061218517070586,1.4454547173478418,False,0.09538112688452412,411
28.0,1.0,2.5303604924447622,0.33945896442168255,0.9347298829298203,1.8162148180291409,0.16061218517070586,1.4454547173478418,False,0.09538112688452412,411
30.0,1.0,2.5303604924447622,0.33945896442168255,0.9347298829298203,1.8162148180291409,0.16061218517070586,1.4454547173478418,False,0.09538112688452412,411
31.0,1.0,2.5303604924447622,0.33945896442168255,0.9347298829298203,1.8162148180291409,0.16061218517070586,1.4454547173478418,False,0.09538112688452412,411
12.0,1.0,2.5303604924447622,0.33945896442168255,0.9347298829298203,1.8162148180291409,0.16061218517070586,1.4454547173478418,False,0.09538112688452412,411
17.0,1.0,2.5303604924447622,0.33945896442168255,0.9347298829298203,1.8162148180291409,0.16061218517070586,1.4454547173478418,False,0.09538112688452412,411
73.0,1.0,2.5303604924447622,0.33945896442168255,0.9347298829298203,1.8162148180291409,0.16061218517070586,1.4454547173478418,False,0.09538112688452412,411
38.0,1.0,2.5303604924447622,0.33945896442168255,0.9347298829298203,1.8162148180291409,0.16061218517070586,1.4454547173478418,False,0.09538112688452412,411
14.0,0.9953489999999999,2.5303604924447622,0.33945896442168255,0.9347298829298203,1.8162148180291409,0.16061218517070586,1.4454547173478418,False,0.05212749480709932,411
19.0,0.911628,2.5303604924447622,0.33945896442168255,0.9347298829298203,1.8162148180291409,0.16061218517070586,1.4454547173478418,False,0.05212749480709932,411
23.0,0.9069769999999999,2.5303604924447622,0.33945896442168255,0.9347298829298203,1.8162148180291409,0.16061218517070586,1.4454547173478418,False,0.05212749480709932,411
13.0,0.84186,2.5303604924447622,0.33945896442168255,0.9347298829298203,1.8162148180291409,0.16061218517070586,1.4454547173478418,False,0.05212749480709932,411
53.0,0.7767440000000001,2.5303604924447622,0.33945896442168255,0.9347298829298203,1.8162148180291409,0.16061218517070586,1.4454547173478418,False,0.05212749480709932,411
111.0,0.734884,2.5303604924447622,0.33945896442168255,0.9347298829298203,1.8162148180291409,0.16061218517070586,1.4454547173478418,False,0.016395201440240557,411
142.0,0.390698,3.2556981640100653,1.7450045240408616,1.3044596737985072,1.1548654664436995,0.9793010495946092,1.8868412530808205,False,0.0002988484474561459,411
9.0,0.67907,2.5303604924447622,0.33945896442168255,0.9347298829298203,1.8162148180291409,0.16061218517070586,1.4454547173478418,False,-0.011779068437415365,411
62.0,0.437209,1.4724907365977316,0.3594768409700433,0.4077304725115307,0.28310888024253533,1.2058134749745029,0.5819144760663578,False,-0.041392135883875567,411
88.0,0.637209,2.5303604924447622,0.33945896442168255,0.9347298829298203,1.8162148180291409,0.16061218517070586,1.4454547173478418,False,-0.04608274787786846,411
309.0,0.5906980000000001,2.5303604924447622,0.33945896442168255,0.9347298829298203,1.8162148180291409,0.16061218517070586,1.4454547173478418,False,-0.06359411938667445,411
35.0,0.567442,2.5303604924447622,0.33945896442168255,0.9347298829298203,1.8162148180291409,0.16061218517070586,1.4454547173478418,False,-0.06359411938667445,411
124.0,0.288372,1.9113428065932216,0.03284367032837876,0.5114615859882838,0.7917222338609471,0.38670762893469185,1.6168465535811691,False,-0.06851197882892751,411
132.0,0.5023259999999999,3.3654156030982207,1.8138963051718417,1.2443464883828894,1.4595025823775112,0.20299328225257052,2.077510561201501,False,-0.08119254839946233,411
42.0,1.0,3.144760962374213,0.21956980215521993,1.5827374409393766,0.17257275535449412,1.8488932190949952,1.9718177689626595,False,-0.1027210544114995,411
3.0,1.0,3.144760962374213,0.21956980215521993,1.5827374409393766,0.17257275535449412,1.8488932190949952,1.9718177689626595,False,-0.1027210544114995,411
102.0,0.432558,3.3654156030982207,1.8138963051718417,1.2443464883828894,1.4595025823775112,0.20299328225257052,2.077510561201501,False,-0.10556075331447523,411
64.0,0.227907,1.9113428065932216,0.03284367032837876,0.5114615859882838,0.7917222338609471,0.38670762893469185,1.6168465535811691,False,-0.10917457823422295,411
121.0,0.311628,1.4724907365977316,0.3594768409700433,0.4077304725115307,0.28310888024253533,1.2058134749745029,0.5819144760663578,False,-0.11662527163439768,411
104.0,0.274419,1.4724907365977316,0.3594768409700433,0.4077304725115307,0.28310888024253533,1.2058134749745029,0.5819144760663578,False,-0.13811907811416022,411
120.0,0.26976700000000003,1.4724907365977316,0.3594768409700433,0.4077304725115307,0.28310888024253533,1.2058134749745029,0.5819144760663578,False,-0.13811907811416022,411
65.0,0.195349,1.9113428065932216,0.03284367032837876,0.5114615859882838,0.7917222338609471,0.38670762893469185,1.6168465535811691,False,-0.1419662506876297,411
101.0,0.209302,1.9113428065932216,0.03284367032837876,0.5114615859882838,0.7917222338609471,0.38670762893469185,1.6168465535811691,False,-0.1419662506876297,411
24.0,0.539535,2.5303604924447622,0.33945896442168255,0.9347298829298203,1.8162148180291409,0.16061218517070586,1.4454547173478418,False,-0.14461198378105902,411
122.0,0.223256,1.4724907365977316,0.3594768409700433,0.4077304725115307,0.28310888024253533,1.2058134749745029,0.5819144760663578,True,-0.15384864385776387,411
89.0,0.18139500000000003,2.95840114991785,2.2597756294734097,0.8931750668504013,0.2663936905406301,0.875818942813188,1.4176619305320388,False,-0.1714879291999873,411
295.0,0.38604700000000003,2.5303604924447622,0.33945896442168255,0.9347298829298203,1.8162148180291409,0.16061218517070586,1.4454547173478418,False,-0.22823308059811023,411
37.0,0.390698,2.5303604924447622,0.33945896442168255,0.9347298829298203,1.8162148180291409,0.16061218517070586,1.4454547173478418,False,-0.22823308059811023,411
61.0,0.372093,2.5303604924447622,0.33945896442168255,0.9347298829298203,1.8162148180291409,0.16061218517070586,1.4454547173478418,False,-0.22951805538072603,411
25.0,0.367442,2.5303604924447622,0.33945896442168255,0.9347298829298203,1.8162148180291409,0.16061218517070586,1.4454547173478418,False,-0.22951805538072603,411
60.0,0.362791,2.5303604924447622,0.33945896442168255,0.9347298829298203,1.8162148180291409,0.16061218517070586,1.4454547173478418,False,-0.23681883780891014,411
81.0,0.35814,2.5303604924447622,0.33945896442168255,0.9347298829298203,1.8162148180291409,0.16061218517070586,1.4454547173478418,False,-0.23681883780891014,411
131.0,0.339535,3.3654156030982207,1.8138963051718417,1.2443464883828894,1.4595025823775112,0.20299328225257052,2.077510561201501,False,-0.25706870131285203,411
90.0,0.497674,2.5303604924447622,0.33945896442168255,0.9347298829298203,1.8162148180291409,0.16061218517070586,1.4454547173478418,False,-0.302355825197256,411
267.0,0.032558,2.002419689759501,0.8058873067207233,1.2591172076375208,0.9242100618720237,0.9584724765997559,0.044948786071352886,False,-0.3225913186338355,411
146.0,0.074419,2.002419689759501,0.8058873067207233,1.2591172076375208,0.9242100618720237,0.9584724765997559,0.044948786071352886,False,-0.3225913186338355,411
93.0,0.051163,2.002419689759501,0.8058873067207233,1.2591172076375208,0.9242100618720237,0.9584724765997559,0.044948786071352886,False,-0.3225913186338355,411
154.0,0.051163,2.002419689759501,0.8058873067207233,1.2591172076375208,0.9242100618720237,0.9584724765997559,0.044948786071352886,False,-0.3225913186338355,411
162.0,0.037209,2.002419689759501,0.8058873067207233,1.2591172076375208,0.9242100618720237,0.9584724765997559,0.044948786071352886,False,-0.3225913186338355,411
255.0,0.032558,2.002419689759501,0.8058873067207233,1.2591172076375208,0.9242100618720237,0.9584724765997559,0.044948786071352886,False,-0.3225913186338355,411
86.0,0.49302300000000004,2.5303604924447622,0.33945896442168255,0.9347298829298203,1.8162148180291409,0.16061218517070586,1.4454547173478418,False,-0.32672403011226886,411
57.0,0.255814,3.2556981640100653,1.7450045240408616,1.3044596737985072,1.1548654664436995,0.9793010495946092,1.8868412530808205,False,-0.3563572083482848,411
97.0,0.237209,3.2556981640100653,1.7450045240408616,1.3044596737985072,1.1548654664436995,0.9793010495946092,1.8868412530808205,False,-0.3563572083482848,411
96.0,0.237209,3.2556981640100653,1.7450045240408616,1.3044596737985072,1.1548654664436995,0.9793010495946092,1.8868412530808205,False,-0.3563572083482848,411
91.0,0.25116299999999997,3.2556981640100653,1.7450045240408616,1.3044596737985072,1.1548654664436995,0.9793010495946092,1.8868412530808205,False,-0.3563572083482848,411
108.0,0.227907,3.2556981640100653,1.7450045240408616,1.3044596737985072,1.1548654664436995,0.9793010495946092,1.8868412530808205,False,-0.3563572083482848,411
171.0,0.139535,3.4561625771574316,2.779928255583399,0.8016481816285845,1.8690094439172604,0.14431239533882623,0.24575694810887105,False,-0.39560355671615316,411
67.0,0.190698,3.3654156030982207,1.8138963051718417,1.2443464883828894,1.4595025823775112,0.20299328225257052,2.077510561201501,False,-0.3965175330494645,411
293.0,0.18604700000000002,3.3654156030982207,1.8138963051718417,1.2443464883828894,1.4595025823775112,0.20299328225257052,2.077510561201501,False,-0.3965175330494645,411
49.0,0.195349,2.5303604924447622,0.33945896442168255,0.9347298829298203,1.8162148180291409,0.16061218517070586,1.4454547173478418,False,-0.5914236181702844,411
52.0,0.21395299999999998,2.5303604924447622,0.33945896442168255,0.9347298829298203,1.8162148180291409,0.16061218517070586,1.4454547173478418,False,-0.5914236181702844,411
84.0,0.046512000000000005,2.5303604924447622,0.33945896442168255,0.9347298829298203,1.8162148180291409,0.16061218517070586,1.4454547173478418,False,-0.6532272958105849,411
45.0,0.04186,2.5303604924447622,0.33945896442168255,0.9347298829298203,1.8162148180291409,0.16061218517070586,1.4454547173478418,False,-0.6532272958105849,411
89.0,1.0,3.5640060680542085,1.977803021604255,0.38294789525666273,2.699961197318748,0.9995432033334437,0.5957417964368625,False,0.510259135976416,46
5.0,1.0,4.224698042449723,2.3685270495522937,2.481750349376106,2.453018875490932,0.20059468890489462,0.1467260578682612,False,0.5034195010183878,46
97.0,1.0,4.338719611211613,3.4783563962621784,2.127078079824851,0.4395538368979084,0.7888891712235331,1.1770767976718601,False,0.47451864364225466,46
70.0,1.0,5.050651047425832,4.127100288040844,2.2526104111283867,0.8864193717289668,0.12500553962816463,1.6126065432952743,False,0.4404531789911329,46
115.0,1.0,4.904228948897449,3.7954665812784656,2.582638787828976,0.6399038975596907,0.13817487503119252,1.596027133541733,False,0.4404531789911329,46
114.0,1.0,4.904228948897449,3.7954665812784656,2.582638787828976,0.6399038975596907,0.13817487503119252,1.596027133541733,False,0.4404531789911329,46
71.0,1.0,5.050651047425832,4.127100288040844,2.2526104111283867,0.8864193717289668,0.12500553962816463,1.6126065432952743,False,0.4404531789911329,46
130.0,1.0,4.455713194767114,2.9640858060885495,2.8325068649247447,0.17466741395071306,0.647285949919763,1.6108980296283761,False,0.4358241424510267,46
108.0,1.0,4.455713194767114,2.9640858060885495,2.8325068649247447,0.17466741395071306,0.647285949919763,1.6108980296283761,False,0.4358241424510267,46
57.0,1.0,4.455713194767114,2.9640858060885495,2.8325068649247447,0.17466741395071306,0.647285949919763,1.6108980296283761,False,0.4358241424510267,46
299.0,1.0,4.455713194767114,2.9640858060885495,2.8325068649247447,0.17466741395071306,0.647285949919763,1.6108980296283761,False,0.4358241424510267,46
54.0,1.0,4.455713194767114,2.9640858060885495,2.8325068649247447,0.17466741395071306,0.647285949919763,1.6108980296283761,False,0.4358241424510267,46
310.0,1.0,4.455713194767114,2.9640858060885495,2.8325068649247447,0.17466741395071306,0.647285949919763,1.6108980296283761,False,0.4358241424510267,46
302.0,1.0,4.455713194767114,2.9640858060885495,2.8325068649247447,0.17466741395071306,0.647285949919763,1.6108980296283761,False,0.4358241424510267,46
249.0,1.0,4.455713194767114,2.9640858060885495,2.8325068649247447,0.17466741395071306,0.647285949919763,1.6108980296283761,False,0.4358241424510267,46
109.0,0.87907,5.050651047425832,4.127100288040844,2.2526104111283867,0.8864193717289668,0.12500553962816463,1.6126065432952743,False,0.4016308875660759,46
311.0,0.772093,4.455713194767114,2.9640858060885495,2.8325068649247447,0.17466741395071306,0.647285949919763,1.6108980296283761,False,0.3970018510259697,46
300.0,0.7534879999999999,4.455713194767114,2.9640858060885495,2.8325068649247447,0.17466741395071306,0.647285949919763,1.6108980296283761,False,0.3970018510259697,46
304.0,0.7534879999999999,4.455713194767114,2.9640858060885495,2.8325068649247447,0.17466741395071306,0.647285949919763,1.6108980296283761,False,0.3970018510259697,46
312.0,0.7209300000000001,4.455713194767114,2.9640858060885495,2.8325068649247447,0.17466741395071306,0.647285949919763,1.6108980296283761,False,0.3448766736979646,46
313.0,0.702326,4.455713194767114,2.9640858060885495,2.8325068649247447,0.17466741395071306,0.647285949919763,1.6108980296283761,False,0.3448766736979646,46
301.0,0.734884,4.455713194767114,2.9640858060885495,2.8325068649247447,0.17466741395071306,0.647285949919763,1.6108980296283761,False,0.3448766736979646,46
96.0,0.67907,4.455713194767114,2.9640858060885495,2.8325068649247447,0.17466741395071306,0.647285949919763,1.6108980296283761,False,0.3167024038203087,46
3.0,0.683721,4.455713194767114,2.9640858060885495,2.8325068649247447,0.17466741395071306,0.647285949919763,1.6108980296283761,False,0.3167024038203087,46
39.0,0.6511629999999999,4.455713194767114,2.9640858060885495,2.8325068649247447,0.17466741395071306,0.647285949919763,1.6108980296283761,False,0.3167024038203087,46
41.0,0.665116,4.455713194767114,2.9640858060885495,2.8325068649247447,0.17466741395071306,0.647285949919763,1.6108980296283761,False,0.3167024038203087,46
34.0,0.637209,4.455713194767114,2.9640858060885495,2.8325068649247447,0.17466741395071306,0.647285949919763,1.6108980296283761,False,0.30283975436058425,46
43.0,0.6418600000000001,4.455713194767114,2.9640858060885495,2.8325068649247447,0.17466741395071306,0.647285949919763,1.6108980296283761,False,0.30283975436058425,46
40.0,0.613953,4.455713194767114,2.9640858060885495,2.8325068649247447,0.17466741395071306,0.647285949919763,1.6108980296283761,False,0.2717499181857352,46
95.0,1.0,3.2928209866682105,0.353480126186799,2.8007240830810614,1.200370854261128,0.8057092935408762,0.8852168139080917,False,0.14471803825893217,46
303.0,0.37674399999999997,4.455713194767114,2.9640858060885495,2.8325068649247447,0.17466741395071306,0.647285949919763,1.6108980296283761,False,0.10711095697429944,46
306.0,0.381395,4.455713194767114,2.9640858060885495,2.8325068649247447,0.17466741395071306,0.647285949919763,1.6108980296283761,False,0.10711095697429944,46
307.0,0.38604700000000003,4.455713194767114,2.9640858060885495,2.8325068649247447,0.17466741395071306,0.647285949919763,1.6108980296283761,False,0.10711095697429944,46
305.0,0.395349,4.455713194767114,2.9640858060885495,2.8325068649247447,0.17466741395071306,0.647285949919763,1.6108980296283761,False,0.07873138309892419,46
308.0,0.404651,4.455713194767114,2.9640858060885495,2.8325068649247447,0.17466741395071306,0.647285949919763,1.6108980296283761,False,0.07873138309892419,46
66.0,0.34883699999999995,5.050651047425832,4.127100288040844,2.2526104111283867,0.8864193717289668,0.12500553962816463,1.6126065432952743,False,0.07275729443418269,46
132.0,0.5023259999999999,4.455713194767114,2.9640858060885495,2.8325068649247447,0.17466741395071306,0.647285949919763,1.6108980296283761,False,0.03298821237515385,46
92.0,1.0,3.65473224830108,0.24140411810989182,0.6450671522059728,2.5056915771394106,0.558406577997988,2.508460093678494,False,-0.05608825699719615,46
131.0,0.339535,4.455713194767114,2.9640858060885495,2.8325068649247447,0.17466741395071306,0.647285949919763,1.6108980296283761,False,-0.08928047168524672,46
142.0,0.293023,4.455713194767114,2.9640858060885495,2.8325068649247447,0.17466741395071306,0.647285949919763,1.6108980296283761,False,-0.125992611490185,46
58.0,0.227907,4.455713194767114,2.9640858060885495,2.8325068649247447,0.17466741395071306,0.647285949919763,1.6108980296283761,False,-0.17214564152815245,46
124.0,0.325581,5.050651047425832,4.127100288040844,2.2526104111283867,0.8864193717289668,0.12500553962816463,1.6126065432952743,False,-0.18007737478342434,46
60.0,0.16744199999999998,4.455713194767114,2.9640858060885495,2.8325068649247447,0.17466741395071306,0.647285949919763,1.6108980296283761,False,-0.20493731398155926,46
52.0,0.16744199999999998,4.455713194767114,2.9640858060885495,2.8325068649247447,0.17466741395071306,0.647285949919763,1.6108980296283761,False,-0.20493731398155926,46
293.0,0.18604700000000002,4.455713194767114,2.9640858060885495,2.8325068649247447,0.17466741395071306,0.647285949919763,1.6108980296283761,False,-0.20493731398155926,46
76.0,0.18604700000000002,4.455713194767114,2.9640858060885495,2.8325068649247447,0.17466741395071306,0.647285949919763,1.6108980296283761,False,-0.20493731398155926,46
61.0,0.172093,4.455713194767114,2.9640858060885495,2.8325068649247447,0.17466741395071306,0.647285949919763,1.6108980296283761,False,-0.20493731398155926,46
53.0,0.16744199999999998,4.455713194767114,2.9640858060885495,2.8325068649247447,0.17466741395071306,0.647285949919763,1.6108980296283761,False,-0.20493731398155926,46
91.0,0.204651,4.455713194767114,2.9640858060885495,2.8325068649247447,0.17466741395071306,0.647285949919763,1.6108980296283761,False,-0.20493731398155926,46
64.0,0.204651,4.455713194767114,2.9640858060885495,2.8325068649247447,0.17466741395071306,0.647285949919763,1.6108980296283761,False,-0.20493731398155926,46
67.0,0.190698,4.455713194767114,2.9640858060885495,2.8325068649247447,0.17466741395071306,0.647285949919763,1.6108980296283761,False,-0.20493731398155926,46
116.0,0.102326,4.455713194767114,2.9640858060885495,2.8325068649247447,0.17466741395071306,0.647285949919763,1.6108980296283761,False,-0.22755231178772392,46
50.0,0.190698,4.338719611211613,3.4783563962621784,2.127078079824851,0.4395538368979084,0.7888891712235331,1.1770767976718601,False,-0.2600931526892263,46
63.0,0.172093,4.338719611211613,3.4783563962621784,2.127078079824851,0.4395538368979084,0.7888891712235331,1.1770767976718601,False,-0.2600931526892263,46
171.0,0.04186,5.017681380466028,2.5644639754453604,3.1598168585659216,0.13325662084518386,0.8651223312737248,2.801787714972973,False,-0.26411924650521895,46
11.0,0.074419,4.455713194767114,2.9640858060885495,2.8325068649247447,0.17466741395071306,0.647285949919763,1.6108980296283761,False,-0.2667409916218598,46
101.0,0.074419,4.455713194767114,2.9640858060885495,2.8325068649247447,0.17466741395071306,0.647285949919763,1.6108980296283761,False,-0.2667409916218598,46
169.0,0.065116,4.455713194767114,2.9640858060885495,2.8325068649247447,0.17466741395071306,0.647285949919763,1.6108980296283761,False,-0.2667409916218598,46
134.0,0.074419,4.455713194767114,2.9640858060885495,2.8325068649247447,0.17466741395071306,0.647285949919763,1.6108980296283761,False,-0.2667409916218598,46
80.0,0.074419,4.455713194767114,2.9640858060885495,2.8325068649247447,0.17466741395071306,0.647285949919763,1.6108980296283761,False,-0.2667409916218598,46
6.0,0.074419,4.455713194767114,2.9640858060885495,2.8325068649247447,0.17466741395071306,0.647285949919763,1.6108980296283761,False,-0.2667409916218598,46
69.0,0.074419,4.455713194767114,2.9640858060885495,2.8325068649247447,0.17466741395071306,0.647285949919763,1.6108980296283761,False,-0.2667409916218598,46
1.0,0.074419,4.455713194767114,2.9640858060885495,2.8325068649247447,0.17466741395071306,0.647285949919763,1.6108980296283761,False,-0.2667409916218598,46
65.0,0.227907,5.050651047425832,4.127100288040844,2.2526104111283867,0.8864193717289668,0.12500553962816463,1.6126065432952743,False,-0.28087068576918595,46
129.0,0.17674399999999998,3.5640060680542085,1.977803021604255,0.38294789525666273,2.699961197318748,0.9995432033334437,0.5957417964368625,False,-0.29834342015973764,46
117.0,0.18139500000000003,3.5640060680542085,1.977803021604255,0.38294789525666273,2.699961197318748,0.9995432033334437,0.5957417964368625,False,-0.29834342015973764,46
81.0,0.17674399999999998,3.5640060680542085,1.977803021604255,0.38294789525666273,2.699961197318748,0.9995432033334437,0.5957417964368625,True,-0.29834342015973764,46
295.0,0.190698,3.5640060680542085,1.977803021604255,0.38294789525666273,2.699961197318748,0.9995432033334437,0.5957417964368625,False,-0.29834342015973764,46
77.0,0.223256,5.050651047425832,4.127100288040844,2.2526104111283867,0.8864193717289668,0.12500553962816463,1.6126065432952743,False,-0.3136623582225928,46
205.0,0.055814,4.224698042449723,2.3685270495522937,2.481750349376106,2.453018875490932,0.20059468890489462,0.1467260578682612,False,-0.3809772781260883,46
35.0,0.148837,3.65473224830108,0.24140411810989182,0.6450671522059728,2.5056915771394106,0.558406577997988,2.508460093678494,False,-0.6186550460336147,46
36.0,0.148837,3.65473224830108,0.24140411810989182,0.6450671522059728,2.5056915771394106,0.558406577997988,2.508460093678494,False,-0.6186550460336147,46
296.0,0.148837,3.65473224830108,0.24140411810989182,0.6450671522059728,2.5056915771394106,0.558406577997988,2.508460093678494,False,-0.6186550460336147,46
298.0,0.144186,3.65473224830108,0.24140411810989182,0.6450671522059728,2.5056915771394106,0.558406577997988,2.508460093678494,False,-0.6186550460336147,46
124.0,1.0,1.4160731647345355,1.1890831029535034,0.19090913781245322,0.5351354758090847,0.277175188213663,0.43783812170796793,False,0.5992735131679705,400
105.0,1.0,2.0752166253263433,1.5149271211736715,1.2012545266939165,0.6327563868455841,0.23505316144755434,0.33597140929001046,False,0.551640732351095,400
65.0,1.0,1.3607005168549233,0.5048756222620738,0.875853000262584,0.5045432851765893,0.507000362580083,0.5638038047695748,False,0.504313017134485,400
196.0,1.0,1.0976885275122399,0.7309011844084647,0.30800115677799855,0.1869848577889192,0.7353418591438903,0.01215987804924934,False,0.5023983043375648,400
197.0,1.0,1.0976885275122399,0.7309011844084647,0.30800115677799855,0.1869848577889192,0.7353418591438903,0.01215987804924934,False,0.5023983043375648,400
72.0,1.0,1.0976885275122399,0.7309011844084647,0.30800115677799855,0.1869848577889192,0.7353418591438903,0.01215987804924934,False,0.5023983043375648,400
64.0,1.0,1.0321128974549518,0.2500964157899246,0.29911579532970967,0.14655888756149674,0.6863077471198373,0.6486453003037901,False,0.49573828399434944,400
1.0,1.0,1.8453422919561548,0.7998111998951514,0.06545606185181208,0.7808613605617325,1.2285050082235762,0.8014591089521631,False,0.46104641449015166,400
6.0,0.809302,1.8453422919561548,0.7998111998951514,0.06545606185181208,0.7808613605617325,1.2285050082235762,0.8014591089521631,False,0.4258224421108969,400
309.0,1.0,1.9515717023848604,0.6513415724445276,1.4033901892377612,0.35558971601922645,0.5158544406211829,1.011104540717134,False,0.3940321171223177,400
7.0,0.660465,1.8453422919561548,0.7998111998951514,0.06545606185181208,0.7808613605617325,1.2285050082235762,0.8014591089521631,False,0.35741987380324025,400
8.0,0.6418600000000001,1.8453422919561548,0.7998111998951514,0.06545606185181208,0.7808613605617325,1.2285050082235762,0.8014591089521631,False,0.32311619436278716,400
70.0,1.0,1.7421574905748196,0.7073464937347366,0.7237309102610514,1.2050907505962405,0.12326516649420205,0.7372578998263652,False,0.2620816805580968,400
24.0,0.613953,1.9515717023848604,0.6513415724445276,1.4033901892377612,0.35558971601922645,0.5158544406211829,1.011104540717134,False,0.25992924148421553,400
15.0,0.6,1.9515717023848604,0.6513415724445276,1.4033901892377612,0.35558971601922645,0.5158544406211829,1.011104540717134,False,0.25992924148421553,400
25.0,0.604651,1.9515717023848604,0.6513415724445276,1.4033901892377612,0.35558971601922645,0.5158544406211829,1.011104540717134,False,0.25992924148421553,400
109.0,0.87907,1.7421574905748196,0.7073464937347366,0.7237309102610514,1.2050907505962405,0.12326516649420205,0.7372578998263652,False,0.21882804848067194,400
12.0,0.539535,1.8453422919561548,0.7998111998951514,0.06545606185181208,0.7808613605617325,1.2285050082235762,0.8014591089521631,False,0.20759771550869768,400
130.0,1.0,2.064495794415786,0.5465059154538083,0.9165812256120551,1.6043592139554481,0.7361190331564857,0.08667934016235512,False,0.1866666395291334,400
132.0,1.0,2.064495794415786,0.5465059154538083,0.9165812256120551,1.6043592139554481,0.7361190331564857,0.08667934016235512,False,0.1866666395291334,400
131.0,1.0,2.064495794415786,0.5465059154538083,0.9165812256120551,1.6043592139554481,0.7361190331564857,0.08667934016235512,False,0.1866666395291334,400
71.0,0.744186,1.7421574905748196,0.7073464937347366,0.7237309102610514,1.2050907505962405,0.12326516649420205,0.7372578998263652,False,0.1830957551138132,400
18.0,0.539535,1.9515717023848604,0.6513415724445276,1.4033901892377612,0.35558971601922645,0.5158544406211829,1.011104540717134,False,0.18095725783372418,400
28.0,0.534884,1.9515717023848604,0.6513415724445276,1.4033901892377612,0.35558971601922645,0.5158544406211829,1.011104540717134,False,0.15767295872599263,400
118.0,0.48837200000000003,2.0752166253263433,1.5149271211736715,1.2012545266939165,0.6327563868455841,0.23505316144755434,0.33597140929001046,False,0.0608310478124528,400
119.0,0.483721,2.0752166253263433,1.5149271211736715,1.2012545266939165,0.6327563868455841,0.23505316144755434,0.33597140929001046,False,0.0608310478124528,400
74.0,0.35814,1.0321128974549518,0.2500964157899246,0.29911579532970967,0.14655888756149674,0.6863077471198373,0.6486453003037901,False,0.057038838360196575,400
75.0,0.395349,1.0321128974549518,0.2500964157899246,0.29911579532970967,0.14655888756149674,0.6863077471198373,0.6486453003037901,False,0.04235135267597756,400
2.0,0.47906999999999994,1.8453422919561548,0.7998111998951514,0.06545606185181208,0.7808613605617325,1.2285050082235762,0.8014591089521631,False,0.0012221990478314768,400
68.0,0.306977,1.0321128974549518,0.2500964157899246,0.29911579532970967,0.14655888756149674,0.6863077471198373,0.6486453003037901,False,-0.12394116565690785,400
67.0,0.32093000000000005,1.0321128974549518,0.2500964157899246,0.29911579532970967,0.14655888756149674,0.6863077471198373,0.6486453003037901,True,-0.12394116565690785,400
189.0,0.265116,1.0976885275122399,0.7309011844084647,0.30800115677799855,0.1869848577889192,0.7353418591438903,0.01215987804924934,False,-0.15495166122135748,400
66.0,0.227907,1.0321128974549518,0.2500964157899246,0.29911579532970967,0.14655888756149674,0.6863077471198373,0.6486453003037901,False,-0.17009419569487527,400
117.0,0.23255800000000001,1.0321128974549518,0.2500964157899246,0.29911579532970967,0.14655888756149674,0.6863077471198373,0.6486453003037901,False,-0.17009419569487527,400
101.0,0.265116,1.4160731647345355,1.1890831029535034,0.19090913781245322,0.5351354758090847,0.277175188213663,0.43783812170796793,False,-0.21932907051956238,400
107.0,0.26976700000000003,1.4160731647345355,1.1890831029535034,0.19090913781245322,0.5351354758090847,0.277175188213663,0.43783812170796793,False,-0.21932907051956238,400
76.0,0.26976700000000003,1.4160731647345355,1.1890831029535034,0.19090913781245322,0.5351354758090847,0.277175188213663,0.43783812170796793,False,-0.21932907051956238,400
77.0,0.260465,1.4160731647345355,1.1890831029535034,0.19090913781245322,0.5351354758090847,0.277175188213663,0.43783812170796793,False,-0.21932907051956238,400
248.0,0.032558,1.0976885275122399,0.7309011844084647,0.30800115677799855,0.1869848577889192,0.7353418591438903,0.01215987804924934,False,-0.2616759414889041,400
144.0,0.032558,1.0976885275122399,0.7309011844084647,0.30800115677799855,0.1869848577889192,0.7353418591438903,0.01215987804924934,False,-0.2616759414889041,400
221.0,0.060465,1.0976885275122399,0.7309011844084647,0.30800115677799855,0.1869848577889192,0.7353418591438903,0.01215987804924934,False,-0.2616759414889041,400
106.0,0.162791,2.0752166253263433,1.5149271211736715,1.2012545266939165,0.6327563868455841,0.23505316144755434,0.33597140929001046,False,-0.30093107076653364,400
125.0,0.12093,2.0752166253263433,1.5149271211736715,1.2012545266939165,0.6327563868455841,0.23505316144755434,0.33597140929001046,False,-0.32354606857269824,400
26.0,0.08837199999999999,2.0752166253263433,1.5149271211736715,1.2012545266939165,0.6327563868455841,0.23505316144755434,0.33597140929001046,False,-0.32354606857269824,400
27.0,0.08837199999999999,2.0752166253263433,1.5149271211736715,1.2012545266939165,0.6327563868455841,0.23505316144755434,0.33597140929001046,False,-0.32354606857269824,400
293.0,0.18604700000000002,2.064495794415786,0.5465059154538083,0.9165812256120551,1.6043592139554481,0.7361190331564857,0.08667934016235512,False,-0.5737220007964816,400
128.0,0.21395299999999998,2.064495794415786,0.5465059154538083,0.9165812256120551,1.6043592139554481,0.7361190331564857,0.08667934016235512,False,-0.5737220007964816,400
129.0,0.153488,2.064495794415786,0.5465059154538083,0.9165812256120551,1.6043592139554481,0.7361190331564857,0.08667934016235512,False,-0.5963369986026462,400
65.0,1.0,1.527847305799185,1.2357768066705386,0.5678518434845854,0.3175584273876701,0.2283414965638073,0.5759636828188242,False,0.5993456580064735,359
124.0,1.0,2.1139713566483778,1.9199842873619681,0.4989102945904518,0.3481506180201655,0.4581666709302272,0.44999799975721727,False,0.5880688836320807,359
1.0,1.0,1.934018031397908,1.5307123843036161,0.37345721862981063,0.5938765027728132,0.493163149079686,0.8136189870014124,False,0.5817586694199126,359
6.0,0.809302,1.934018031397908,1.5307123843036161,0.37345721862981063,0.5938765027728132,0.493163149079686,0.8136189870014124,False,0.5385050373424879,359
67.0,1.0,1.0976885275122399,0.7309011844084647,0.30800115677799855,0.1869848577889192,0.7353418591438903,0.01215987804924934,False,0.5023983043375648,359
64.0,1.0,1.229940851905338,0.9809976001983893,0.008885361448288887,0.333543745350416,0.04903411202405287,0.6608051783530394,False,0.5002951756959525,359
70.0,1.0,1.834267880174152,0.023554690673728174,1.03173206703905,1.0181058928073214,0.8586070256380922,0.7250980217771159,False,0.46627231723091506,359
68.0,0.790698,1.0976885275122399,0.7309011844084647,0.30800115677799855,0.1869848577889192,0.7353418591438903,0.01215987804924934,False,0.45914467226014,359
7.0,0.660465,1.934018031397908,1.5307123843036161,0.37345721862981063,0.5938765027728132,0.493163149079686,0.8136189870014124,False,0.4537095850736848,359
109.0,0.87907,1.834267880174152,0.023554690673728174,1.03173206703905,1.0181058928073214,0.8586070256380922,0.7250980217771159,False,0.4230186851534902,359
8.0,0.6418600000000001,1.934018031397908,1.5307123843036161,0.37345721862981063,0.5938765027728132,0.493163149079686,0.8136189870014124,False,0.4194059056332318,359
96.0,1.0,1.9846538389353439,0.6299748811245778,1.826391672567036,0.2414851078532671,0.20902496479907107,0.32290784243573334,False,0.41646904525270434,359
97.0,1.0,1.9846538389353439,0.6299748811245778,1.826391672567036,0.2414851078532671,0.20902496479907107,0.32290784243573334,False,0.41646904525270434,359
309.0,0.6,1.934018031397908,1.5307123843036161,0.37345721862981063,0.5938765027728132,0.493163149079686,0.8136189870014124,False,0.38831606945838265,359
71.0,0.744186,1.834267880174152,0.023554690673728174,1.03173206703905,1.0181058928073214,0.8586070256380922,0.7250980217771159,False,0.3872863917866314,359
82.0,1.0,2.1277240340674037,0.20906724447100067,1.7666094216646555,0.6141542030504766,0.02411907707246938,0.9923832368191474,False,0.38362462761525307,359
84.0,1.0,2.1277240340674037,0.20906724447100067,1.7666094216646555,0.6141542030504766,0.02411907707246938,0.9923832368191474,False,0.38362462761525307,359
83.0,1.0,2.1277240340674037,0.20906724447100067,1.7666094216646555,0.6141542030504766,0.02411907707246938,0.9923832368191474,False,0.38362462761525307,359
85.0,1.0,2.1277240340674037,0.20906724447100067,1.7666094216646555,0.6141542030504766,0.02411907707246938,0.9923832368191474,False,0.38362462761525307,359
57.0,0.67907,1.9846538389353439,0.6299748811245778,1.826391672567036,0.2414851078532671,0.20902496479907107,0.32290784243573334,False,0.30924418551999056,359
12.0,0.539535,1.934018031397908,1.5307123843036161,0.37345721862981063,0.5938765027728132,0.493163149079686,0.8136189870014124,False,0.2903089621130992,359
18.0,0.530233,1.934018031397908,1.5307123843036161,0.37345721862981063,0.5938765027728132,0.493163149079686,0.8136189870014124,False,0.26183939383278176,359
130.0,1.0,1.5566281431252407,0.1843952689546564,0.6085800688340566,1.417374356166529,0.0007771740125954996,0.09883921821160446,False,0.24433926550179116,359
132.0,1.0,1.5566281431252407,0.1843952689546564,0.6085800688340566,1.417374356166529,0.0007771740125954996,0.09883921821160446,False,0.24433926550179116,359
131.0,1.0,1.5566281431252407,0.1843952689546564,0.6085800688340566,1.417374356166529,0.0007771740125954996,0.09883921821160446,False,0.24433926550179116,359
24.0,0.48837200000000003,1.934018031397908,1.5307123843036161,0.37345721862981063,0.5938765027728132,0.493163149079686,0.8136189870014124,False,0.08393344565223311,359
15.0,0.47906999999999994,1.934018031397908,1.5307123843036161,0.37345721862981063,0.5938765027728132,0.493163149079686,0.8136189870014124,False,0.08393344565223311,359
2.0,0.47906999999999994,1.934018031397908,1.5307123843036161,0.37345721862981063,0.5938765027728132,0.493163149079686,0.8136189870014124,False,0.08393344565223311,359
74.0,0.35814,1.229940851905338,0.9809976001983893,0.008885361448288887,0.333543745350416,0.04903411202405287,0.6608051783530394,False,0.06159573006179972,359
75.0,0.395349,1.229940851905338,0.9809976001983893,0.008885361448288887,0.333543745350416,0.04903411202405287,0.6608051783530394,False,0.04690824437758069,359
66.0,0.33488399999999996,1.834267880174152,0.023554690673728174,1.03173206703905,1.0181058928073214,0.8586070256380922,0.7250980217771159,False,-0.04513298423962733,359
77.0,0.223256,1.834267880174152,0.023554690673728174,1.03173206703905,1.0181058928073214,0.8586070256380922,0.7250980217771159,False,-0.13699663741078763,359
76.0,0.24186,1.834267880174152,0.023554690673728174,1.03173206703905,1.0181058928073214,0.8586070256380922,0.7250980217771159,False,-0.1459262952253888,359
101.0,0.24186,1.834267880174152,0.023554690673728174,1.03173206703905,1.0181058928073214,0.8586070256380922,0.7250980217771159,False,-0.1459262952253888,359
58.0,0.237209,1.9846538389353439,0.6299748811245778,1.826391672567036,0.2414851078532671,0.20902496479907107,0.32290784243573334,False,-0.17800780218562406,359
95.0,0.23255800000000001,1.9846538389353439,0.6299748811245778,1.826391672567036,0.2414851078532671,0.20902496479907107,0.32290784243573334,False,-0.17800780218562406,359
117.0,0.23255800000000001,2.204240815599667,0.25224037194667204,2.060957120146268,0.2587774820639083,0.15490402223145072,0.6756826736769787,False,-0.19301074575653587,359
107.0,0.26976700000000003,2.1139713566483778,1.9199842873619681,0.4989102945904518,0.3481506180201655,0.4581666709302272,0.44999799975721727,False,-0.20991043774082566,359
50.0,0.190698,1.9846538389353439,0.6299748811245778,1.826391672567036,0.2414851078532671,0.20902496479907107,0.32290784243573334,False,-0.21079947463903087,359
60.0,0.162791,1.9846538389353439,0.6299748811245778,1.826391672567036,0.2414851078532671,0.20902496479907107,0.32290784243573334,False,-0.21079947463903087,359
142.0,0.204651,1.9846538389353439,0.6299748811245778,1.826391672567036,0.2414851078532671,0.20902496479907107,0.32290784243573334,False,-0.21079947463903087,359
108.0,0.223256,1.9846538389353439,0.6299748811245778,1.826391672567036,0.2414851078532671,0.20902496479907107,0.32290784243573334,False,-0.21079947463903087,359
53.0,0.190698,1.9846538389353439,0.6299748811245778,1.826391672567036,0.2414851078532671,0.20902496479907107,0.32290784243573334,False,-0.21079947463903087,359
63.0,0.172093,1.9846538389353439,0.6299748811245778,1.826391672567036,0.2414851078532671,0.20902496479907107,0.32290784243573334,False,-0.21079947463903087,359
91.0,0.190698,1.9846538389353439,0.6299748811245778,1.826391672567036,0.2414851078532671,0.20902496479907107,0.32290784243573334,False,-0.21079947463903087,359
61.0,0.18139500000000003,1.9846538389353439,0.6299748811245778,1.826391672567036,0.2414851078532671,0.20902496479907107,0.32290784243573334,False,-0.21079947463903087,359
25.0,0.09302300000000001,2.1277240340674037,0.20906724447100067,1.7666094216646555,0.6141542030504766,0.02411907707246938,0.9923832368191474,False,-0.32824666497874344,359
45.0,0.102326,2.1277240340674037,0.20906724447100067,1.7666094216646555,0.6141542030504766,0.02411907707246938,0.9923832368191474,False,-0.32824666497874344,359
294.0,0.134884,2.1277240340674037,0.20906724447100067,1.7666094216646555,0.6141542030504766,0.02411907707246938,0.9923832368191474,False,-0.32824666497874344,359
47.0,0.111628,2.1277240340674037,0.20906724447100067,1.7666094216646555,0.6141542030504766,0.02411907707246938,0.9923832368191474,False,-0.32824666497874344,359
22.0,0.10697699999999999,2.1277240340674037,0.20906724447100067,1.7666094216646555,0.6141542030504766,0.02411907707246938,0.9923832368191474,False,-0.32824666497874344,359
56.0,0.10697699999999999,2.1277240340674037,0.20906724447100067,1.7666094216646555,0.6141542030504766,0.02411907707246938,0.9923832368191474,False,-0.32824666497874344,359
69.0,0.111628,2.1277240340674037,0.20906724447100067,1.7666094216646555,0.6141542030504766,0.02411907707246938,0.9923832368191474,False,-0.32824666497874344,359
11.0,0.11627900000000001,2.1277240340674037,0.20906724447100067,1.7666094216646555,0.6141542030504766,0.02411907707246938,0.9923832368191474,False,-0.32824666497874344,359
310.0,0.097674,2.1277240340674037,0.20906724447100067,1.7666094216646555,0.6141542030504766,0.02411907707246938,0.9923832368191474,False,-0.32824666497874344,359
31.0,0.08837199999999999,2.1277240340674037,0.20906724447100067,1.7666094216646555,0.6141542030504766,0.02411907707246938,0.9923832368191474,False,-0.32824666497874344,359
20.0,0.08837199999999999,2.1277240340674037,0.20906724447100067,1.7666094216646555,0.6141542030504766,0.02411907707246938,0.9923832368191474,False,-0.32824666497874344,359
293.0,0.18604700000000002,1.5566281431252407,0.1843952689546564,0.6085800688340566,1.417374356166529,0.0007771740125954996,0.09883921821160446,False,-0.5787093458695262,359
128.0,0.21395299999999998,1.5566281431252407,0.1843952689546564,0.6085800688340566,1.417374356166529,0.0007771740125954996,0.09883921821160446,False,-0.5787093458695262,359
129.0,0.153488,1.5566281431252407,0.1843952689546564,0.6085800688340566,1.417374356166529,0.0007771740125954996,0.09883921821160446,False,-0.5887940502913251,359
71.0,1.0,1.7185193728025432,1.3386769933376212,0.625804270210762,0.7255783221590191,0.4370857933995017,0.22828461449120693,False,0.6164131678567537,17
70.0,1.0,1.7185193728025432,1.3386769933376212,0.625804270210762,0.7255783221590191,0.4370857933995017,0.22828461449120693,False,0.6164131678567537,17
109.0,0.87907,1.7185193728025432,1.3386769933376212,0.625804270210762,0.7255783221590191,0.4370857933995017,0.22828461449120693,False,0.573159535779329,17
119.0,1.0,2.083486082700944,1.8658564471616088,0.849759169832712,0.23205618056020771,0.044270417098174614,0.28564556344001624,False,0.5628230955140253,17
65.0,1.0,1.4299140400345898,0.06464572870987018,1.2758282755976724,0.4853469105808774,0.4208226658614048,0.009163139198993392,False,0.51985666494913,17
64.0,1.0,1.4299140400345898,0.06464572870987018,1.2758282755976724,0.4853469105808774,0.4208226658614048,0.009163139198993392,False,0.51985666494913,17
118.0,0.9069769999999999,2.083486082700944,1.8658564471616088,0.849759169832712,0.23205618056020771,0.044270417098174614,0.28564556344001624,False,0.5195694634366006,17
58.0,1.0,1.2059702312280824,0.5147711054325483,0.41128460694810587,0.8884717759030694,0.1034821067814212,0.4691793225487816,False,0.5003673205344555,17
309.0,1.0,2.1411891654923836,0.10803503127286473,1.6253940497281807,0.912729250875093,0.9852776561351191,0.356744884288398,False,0.44573143089795464,17
110.0,1.0,1.7929088210356843,0.6000253545245887,1.4069897130296105,0.793298313010566,0.24289627533955085,0.4319152091612728,False,0.42484555095665966,17
111.0,1.0,2.04568918490807,0.9990075604015536,1.300449257336624,1.0685869272466662,0.06565501874218645,0.5911609442736343,False,0.3723214234974471,17
7.0,0.595349,2.1411891654923836,0.10803503127286473,1.6253940497281807,0.912729250875093,0.9852776561351191,0.356744884288398,False,0.30713255019671043,17
24.0,0.613953,2.1411891654923836,0.10803503127286473,1.6253940497281807,0.912729250875093,0.9852776561351191,0.356744884288398,False,0.30713255019671043,17
6.0,0.5906980000000001,2.1411891654923836,0.10803503127286473,1.6253940497281807,0.912729250875093,0.9852776561351191,0.356744884288398,False,0.30713255019671043,17
8.0,0.5906980000000001,2.1411891654923836,0.10803503127286473,1.6253940497281807,0.912729250875093,0.9852776561351191,0.356744884288398,False,0.30713255019671043,17
25.0,0.604651,2.1411891654923836,0.10803503127286473,1.6253940497281807,0.912729250875093,0.9852776561351191,0.356744884288398,False,0.30713255019671043,17
15.0,0.6,2.1411891654923836,0.10803503127286473,1.6253940497281807,0.912729250875093,0.9852776561351191,0.356744884288398,False,0.30713255019671043,17
1.0,0.6,2.1411891654923836,0.10803503127286473,1.6253940497281807,0.912729250875093,0.9852776561351191,0.356744884288398,False,0.30713255019671043,17
177.0,1.0,1.4146785999248446,0.028847076446492537,0.009349177719561341,1.2786541873768624,0.5633748637136202,0.21919902413343897,False,0.28098189495571213,17
107.0,1.0,1.622878045888291,0.4458793243015682,0.35117142153248804,1.1931088918368813,0.6728256605606174,0.6598486306694621,False,0.24884732880195634,17
307.0,1.0,1.5363351256428013,0.5854320593704073,0.5661737187760764,1.1612881682586331,0.4091756104118076,0.42547309247366916,False,0.24884732880195634,17
130.0,1.0,1.622878045888291,0.4458793243015682,0.35117142153248804,1.1931088918368813,0.6728256605606174,0.6598486306694621,False,0.24884732880195634,17
123.0,1.0,1.622878045888291,0.4458793243015682,0.35117142153248804,1.1931088918368813,0.6728256605606174,0.6598486306694621,False,0.24884732880195634,17
311.0,1.0,1.622878045888291,0.4458793243015682,0.35117142153248804,1.1931088918368813,0.6728256605606174,0.6598486306694621,False,0.24884732880195634,17
298.0,1.0,1.622878045888291,0.4458793243015682,0.35117142153248804,1.1931088918368813,0.6728256605606174,0.6598486306694621,False,0.24884732880195634,17
302.0,1.0,1.5363351256428013,0.5854320593704073,0.5661737187760764,1.1612881682586331,0.4091756104118076,0.42547309247366916,False,0.24884732880195634,17
304.0,1.0,1.5363351256428013,0.5854320593704073,0.5661737187760764,1.1612881682586331,0.4091756104118076,0.42547309247366916,False,0.24884732880195634,17
299.0,1.0,1.5363351256428013,0.5854320593704073,0.5661737187760764,1.1612881682586331,0.4091756104118076,0.42547309247366916,False,0.24884732880195634,17
18.0,0.539535,2.1411891654923836,0.10803503127286473,1.6253940497281807,0.912729250875093,0.9852776561351191,0.356744884288398,False,0.22816056654621905,17
312.0,0.8,1.622878045888291,0.4458793243015682,0.35117142153248804,1.1931088918368813,0.6728256605606174,0.6598486306694621,False,0.2055936967245316,17
310.0,0.772093,1.622878045888291,0.4458793243015682,0.35117142153248804,1.1931088918368813,0.6728256605606174,0.6598486306694621,False,0.2055936967245316,17
313.0,0.790698,1.622878045888291,0.4458793243015682,0.35117142153248804,1.1931088918368813,0.6728256605606174,0.6598486306694621,False,0.2055936967245316,17
300.0,0.7534879999999999,1.5363351256428013,0.5854320593704073,0.5661737187760764,1.1612881682586331,0.4091756104118076,0.42547309247366916,False,0.2055936967245316,17
36.0,0.87907,1.622878045888291,0.4458793243015682,0.35117142153248804,1.1931088918368813,0.6728256605606174,0.6598486306694621,False,0.2055936967245316,17
28.0,0.534884,2.1411891654923836,0.10803503127286473,1.6253940497281807,0.912729250875093,0.9852776561351191,0.356744884288398,False,0.2048762674384875,17
301.0,0.6976739999999999,1.5363351256428013,0.5854320593704073,0.5661737187760764,1.1612881682586331,0.4091756104118076,0.42547309247366916,False,0.16986140335767275,17
39.0,0.6976739999999999,1.622878045888291,0.4458793243015682,0.35117142153248804,1.1931088918368813,0.6728256605606174,0.6598486306694621,False,0.16986140335767275,17
41.0,0.734884,1.622878045888291,0.4458793243015682,0.35117142153248804,1.1931088918368813,0.6728256605606174,0.6598486306694621,False,0.16986140335767275,17
306.0,0.6976739999999999,1.5363351256428013,0.5854320593704073,0.5661737187760764,1.1612881682586331,0.4091756104118076,0.42547309247366916,False,0.16986140335767275,17
305.0,0.706977,1.5363351256428013,0.5854320593704073,0.5661737187760764,1.1612881682586331,0.4091756104118076,0.42547309247366916,False,0.16986140335767275,17
34.0,0.6930230000000001,1.622878045888291,0.4458793243015682,0.35117142153248804,1.1931088918368813,0.6728256605606174,0.6598486306694621,False,0.16986140335767275,17
43.0,0.7209300000000001,1.622878045888291,0.4458793243015682,0.35117142153248804,1.1931088918368813,0.6728256605606174,0.6598486306694621,False,0.16986140335767275,17
308.0,0.7488370000000001,1.5363351256428013,0.5854320593704073,0.5661737187760764,1.1612881682586331,0.4091756104118076,0.42547309247366916,False,0.16986140335767275,17
76.0,0.655814,1.622878045888291,0.4458793243015682,0.35117142153248804,1.1931088918368813,0.6728256605606174,0.6598486306694621,False,0.13719112841687484,17
77.0,0.660465,1.622878045888291,0.4458793243015682,0.35117142153248804,1.1931088918368813,0.6728256605606174,0.6598486306694621,False,0.13719112841687484,17
74.0,0.35814,1.4299140400345898,0.06464572870987018,1.2758282755976724,0.4853469105808774,0.4208226658614048,0.009163139198993392,False,0.13674672042298364,17
66.0,0.34883699999999995,1.7185193728025432,1.3386769933376212,0.625804270210762,0.7255783221590191,0.4370857933995017,0.22828461449120693,False,0.12245176270634486,17
75.0,0.395349,1.4299140400345898,0.06464572870987018,1.2758282755976724,0.4853469105808774,0.4208226658614048,0.009163139198993392,False,0.12205923473876462,17
40.0,0.637209,1.622878045888291,0.4458793243015682,0.35117142153248804,1.1931088918368813,0.6728256605606174,0.6598486306694621,False,0.10288744897642174,17
295.0,0.38604700000000003,1.7929088210356843,0.6000253545245887,1.4069897130296105,0.793298313010566,0.24289627533955085,0.4319152091612728,False,0.08737053519246185,17
314.0,0.6,1.622878045888291,0.4458793243015682,0.35117142153248804,1.1931088918368813,0.6728256605606174,0.6598486306694621,False,0.08537607746761577,17
142.0,0.390698,1.2059702312280824,0.5147711054325483,0.41128460694810587,0.8884717759030694,0.1034821067814212,0.4691793225487816,False,0.075359963091459,17
81.0,0.35814,1.7929088210356843,0.6000253545245887,1.4069897130296105,0.793298313010566,0.24289627533955085,0.4319152091612728,False,0.07367844700130559,17
105.0,0.483721,2.083486082700944,1.8658564471616088,0.849759169832712,0.23205618056020771,0.044270417098174614,0.28564556344001624,False,0.05297828728059121,17
67.0,0.32093000000000005,1.4299140400345898,0.06464572870987018,1.2758282755976724,0.4853469105808774,0.4208226658614048,0.009163139198993392,False,-0.03849740713288338,17
68.0,0.306977,1.4299140400345898,0.06464572870987018,1.2758282755976724,0.4853469105808774,0.4208226658614048,0.009163139198993392,False,-0.03849740713288338,17
124.0,0.30232600000000004,1.4299140400345898,0.06464572870987018,1.2758282755976724,0.4853469105808774,0.4208226658614048,0.009163139198993392,False,-0.03849740713288338,17
101.0,0.274419,1.4299140400345898,0.06464572870987018,1.2758282755976724,0.4853469105808774,0.4208226658614048,0.009163139198993392,False,-0.11463149456044008,17
117.0,0.23255800000000001,1.4299140400345898,0.06464572870987018,1.2758282755976724,0.4853469105808774,0.4208226658614048,0.009163139198993392,True,-0.13929071811864488,17
303.0,0.37674399999999997,1.5363351256428013,0.5854320593704073,0.5661737187760764,1.1612881682586331,0.4091756104118076,0.42547309247366916,False,-0.17616002864104016,17
125.0,0.11627900000000001,2.083486082700944,1.8658564471616088,0.849759169832712,0.23205618056020771,0.044270417098174614,0.28564556344001624,False,-0.21804474832342016,17
106.0,0.15814,2.083486082700944,1.8658564471616088,0.849759169832712,0.23205618056020771,0.044270417098174614,0.28564556344001624,False,-0.21804474832342016,17
132.0,0.5023259999999999,1.622878045888291,0.4458793243015682,0.35117142153248804,1.1931088918368813,0.6728256605606174,0.6598486306694621,False,-0.25028277324018583,17
60.0,0.265116,1.2059702312280824,0.5147711054325483,0.41128460694810587,0.8884717759030694,0.1034821067814212,0.4691793225487816,False,-0.2541600163777041,17
26.0,0.069767,2.083486082700944,1.8658564471616088,0.849759169832712,0.23205618056020771,0.044270417098174614,0.28564556344001624,False,-0.2572334281575561,17
78.0,0.065116,2.083486082700944,1.8658564471616088,0.849759169832712,0.23205618056020771,0.044270417098174614,0.28564556344001624,False,-0.2572334281575561,17
297.0,0.074419,2.083486082700944,1.8658564471616088,0.849759169832712,0.23205618056020771,0.044270417098174614,0.28564556344001624,False,-0.2572334281575561,17
45.0,0.065116,2.083486082700944,1.8658564471616088,0.849759169832712,0.23205618056020771,0.044270417098174614,0.28564556344001624,False,-0.2572334281575561,17
79.0,0.069767,2.083486082700944,1.8658564471616088,0.849759169832712,0.23205618056020771,0.044270417098174614,0.28564556344001624,False,-0.2572334281575561,17
102.0,0.432558,1.622878045888291,0.4458793243015682,0.35117142153248804,1.1931088918368813,0.6728256605606174,0.6598486306694621,False,-0.27465097815519873,17
97.0,0.237209,1.2059702312280824,0.5147711054325483,0.41128460694810587,0.8884717759030694,0.1034821067814212,0.4691793225487816,False,-0.2788192399359089,17
96.0,0.237209,1.2059702312280824,0.5147711054325483,0.41128460694810587,0.8884717759030694,0.1034821067814212,0.4691793225487816,False,-0.2788192399359089,17
91.0,0.25116299999999997,1.2059702312280824,0.5147711054325483,0.41128460694810587,0.8884717759030694,0.1034821067814212,0.4691793225487816,False,-0.2788192399359089,17
61.0,0.25116299999999997,1.2059702312280824,0.5147711054325483,0.41128460694810587,0.8884717759030694,0.1034821067814212,0.4691793225487816,False,-0.2788192399359089,17
53.0,0.237209,1.2059702312280824,0.5147711054325483,0.41128460694810587,0.8884717759030694,0.1034821067814212,0.4691793225487816,False,-0.2788192399359089,17
57.0,0.255814,1.2059702312280824,0.5147711054325483,0.41128460694810587,0.8884717759030694,0.1034821067814212,0.4691793225487816,False,-0.2788192399359089,17
108.0,0.227907,1.2059702312280824,0.5147711054325483,0.41128460694810587,0.8884717759030694,0.1034821067814212,0.4691793225487816,False,-0.2788192399359089,17
131.0,0.218605,1.7185193728025432,1.3386769933376212,0.625804270210762,0.7255783221590191,0.4370857933995017,0.22828461449120693,False,-0.2988186063065772,17
171.0,0.139535,1.4146785999248446,0.028847076446492537,0.009349177719561341,1.2786541873768624,0.5633748637136202,0.21919902413343897,False,-0.4368414432985169,17
293.0,0.18604700000000002,1.622878045888291,0.4458793243015682,0.35117142153248804,1.1931088918368813,0.6728256605606174,0.6598486306694621,False,-0.5580245731414585,17
23.0,1.0,2.1295188462698906,1.691992723593701,0.35628385783336525,0.7712763707599384,0.7798468105902788,0.5848458467763428,False,0.5842694522364728,429
22.0,1.0,2.1295188462698906,1.691992723593701,0.35628385783336525,0.7712763707599384,0.7798468105902788,0.5848458467763428,False,0.5842694522364728,429
21.0,1.0,2.1295188462698906,1.691992723593701,0.35628385783336525,0.7712763707599384,0.7798468105902788,0.5848458467763428,False,0.5842694522364728,429
19.0,1.0,2.1295188462698906,1.691992723593701,0.35628385783336525,0.7712763707599384,0.7798468105902788,0.5848458467763428,False,0.5842694522364728,429
24.0,1.0,2.1295188462698906,1.691992723593701,0.35628385783336525,0.7712763707599384,0.7798468105902788,0.5848458467763428,False,0.5842694522364728,429
38.0,1.0,2.1295188462698906,1.691992723593701,0.35628385783336525,0.7712763707599384,0.7798468105902788,0.5848458467763428,False,0.5842694522364728,429
29.0,1.0,2.1295188462698906,1.691992723593701,0.35628385783336525,0.7712763707599384,0.7798468105902788,0.5848458467763428,False,0.5842694522364728,429
41.0,1.0,2.1295188462698906,1.691992723593701,0.35628385783336525,0.7712763707599384,0.7798468105902788,0.5848458467763428,False,0.5842694522364728,429
25.0,1.0,2.1295188462698906,1.691992723593701,0.35628385783336525,0.7712763707599384,0.7798468105902788,0.5848458467763428,False,0.5842694522364728,429
46.0,1.0,2.1295188462698906,1.691992723593701,0.35628385783336525,0.7712763707599384,0.7798468105902788,0.5848458467763428,False,0.5842694522364728,429
2.0,1.0,2.1295188462698906,1.691992723593701,0.35628385783336525,0.7712763707599384,0.7798468105902788,0.5848458467763428,False,0.5842694522364728,429
13.0,1.0,2.1295188462698906,1.691992723593701,0.35628385783336525,0.7712763707599384,0.7798468105902788,0.5848458467763428,False,0.5842694522364728,429
14.0,1.0,2.1295188462698906,1.691992723593701,0.35628385783336525,0.7712763707599384,0.7798468105902788,0.5848458467763428,False,0.5842694522364728,429
18.0,1.0,2.1295188462698906,1.691992723593701,0.35628385783336525,0.7712763707599384,0.7798468105902788,0.5848458467763428,False,0.5842694522364728,429
193.0,1.0,2.1295188462698906,1.691992723593701,0.35628385783336525,0.7712763707599384,0.7798468105902788,0.5848458467763428,False,0.5842694522364728,429
45.0,1.0,2.1295188462698906,1.691992723593701,0.35628385783336525,0.7712763707599384,0.7798468105902788,0.5848458467763428,False,0.5842694522364728,429
123.0,1.0,2.1295188462698906,1.691992723593701,0.35628385783336525,0.7712763707599384,0.7798468105902788,0.5848458467763428,False,0.5842694522364728,429
168.0,1.0,2.1295188462698906,1.691992723593701,0.35628385783336525,0.7712763707599384,0.7798468105902788,0.5848458467763428,True,0.5842694522364728,429
44.0,1.0,2.1295188462698906,1.691992723593701,0.35628385783336525,0.7712763707599384,0.7798468105902788,0.5848458467763428,False,0.5842694522364728,429
88.0,1.0,2.618346071275336,2.224887839802979,1.1736407786862857,0.33978383094639697,0.5226764740624524,0.37354226474858687,False,0.5473558423016864,429
101.0,1.0,1.4856983541687239,0.02077971760771291,1.1423401007760667,0.9141907785440384,0.09116304874896469,0.24056478554136493,False,0.5468428850155119,429
10.0,0.9069769999999999,2.1295188462698906,1.691992723593701,0.35628385783336525,0.7712763707599384,0.7798468105902788,0.5848458467763428,False,0.541015820159048,429
314.0,0.8046510000000001,2.1295188462698906,1.691992723593701,0.35628385783336525,0.7712763707599384,0.7798468105902788,0.5848458467763428,False,0.541015820159048,429
34.0,0.7860469999999999,2.1295188462698906,1.691992723593701,0.35628385783336525,0.7712763707599384,0.7798468105902788,0.5848458467763428,False,0.541015820159048,429
40.0,1.0,2.8192848631505347,2.4079815001255986,0.9180932547648091,0.3690605685412085,0.8596122568340239,0.6572351746876581,False,0.5361394235259296,429
3.0,1.0,2.8192848631505347,2.4079815001255986,0.9180932547648091,0.3690605685412085,0.8596122568340239,0.6572351746876581,False,0.5361394235259296,429
298.0,1.0,2.8192848631505347,2.4079815001255986,0.9180932547648091,0.3690605685412085,0.8596122568340239,0.6572351746876581,False,0.5361394235259296,429
42.0,1.0,2.8192848631505347,2.4079815001255986,0.9180932547648091,0.3690605685412085,0.8596122568340239,0.6572351746876581,False,0.5361394235259296,429
66.0,1.0,3.0680327760913886,2.155568027642,1.9893691097159019,0.5952344206742328,0.6025733333262795,0.30226395930616784,False,0.5261990187224846,429
69.0,1.0,1.033354205384345,0.21121954149121258,0.28911295423923855,0.7173257445891182,0.1035422023644545,0.6436953528246091,False,0.5002951756959525,429
59.0,1.0,1.033354205384345,0.21121954149121258,0.28911295423923855,0.7173257445891182,0.1035422023644545,0.6436953528246091,False,0.5002951756959525,429
55.0,1.0,1.033354205384345,0.21121954149121258,0.28911295423923855,0.7173257445891182,0.1035422023644545,0.6436953528246091,False,0.5002951756959525,429
60.0,1.0,1.033354205384345,0.21121954149121258,0.28911295423923855,0.7173257445891182,0.1035422023644545,0.6436953528246091,False,0.5002951756959525,429
57.0,1.0,1.033354205384345,0.21121954149121258,0.28911295423923855,0.7173257445891182,0.1035422023644545,0.6436953528246091,False,0.5002951756959525,429
64.0,1.0,1.033354205384345,0.21121954149121258,0.28911295423923855,0.7173257445891182,0.1035422023644545,0.6436953528246091,False,0.5002951756959525,429
73.0,1.0,1.033354205384345,0.21121954149121258,0.28911295423923855,0.7173257445891182,0.1035422023644545,0.6436953528246091,False,0.5002951756959525,429
62.0,1.0,1.033354205384345,0.21121954149121258,0.28911295423923855,0.7173257445891182,0.1035422023644545,0.6436953528246091,False,0.5002951756959525,429
61.0,1.0,1.033354205384345,0.21121954149121258,0.28911295423923855,0.7173257445891182,0.1035422023644545,0.6436953528246091,False,0.5002951756959525,429
78.0,1.0,1.033354205384345,0.21121954149121258,0.28911295423923855,0.7173257445891182,0.1035422023644545,0.6436953528246091,False,0.5002951756959525,429
79.0,1.0,1.033354205384345,0.21121954149121258,0.28911295423923855,0.7173257445891182,0.1035422023644545,0.6436953528246091,False,0.5002951756959525,429
141.0,1.0,1.033354205384345,0.21121954149121258,0.28911295423923855,0.7173257445891182,0.1035422023644545,0.6436953528246091,False,0.5002951756959525,429
84.0,1.0,1.033354205384345,0.21121954149121258,0.28911295423923855,0.7173257445891182,0.1035422023644545,0.6436953528246091,False,0.5002951756959525,429
289.0,1.0,1.033354205384345,0.21121954149121258,0.28911295423923855,0.7173257445891182,0.1035422023644545,0.6436953528246091,False,0.5002951756959525,429
103.0,1.0,1.033354205384345,0.21121954149121258,0.28911295423923855,0.7173257445891182,0.1035422023644545,0.6436953528246091,False,0.5002951756959525,429
76.0,1.0,1.033354205384345,0.21121954149121258,0.28911295423923855,0.7173257445891182,0.1035422023644545,0.6436953528246091,False,0.5002951756959525,429
70.0,1.0,1.033354205384345,0.21121954149121258,0.28911295423923855,0.7173257445891182,0.1035422023644545,0.6436953528246091,False,0.5002951756959525,429
65.0,1.0,1.033354205384345,0.21121954149121258,0.28911295423923855,0.7173257445891182,0.1035422023644545,0.6436953528246091,False,0.5002951756959525,429
288.0,1.0,1.033354205384345,0.21121954149121258,0.28911295423923855,0.7173257445891182,0.1035422023644545,0.6436953528246091,False,0.5002951756959525,429
56.0,1.0,1.033354205384345,0.21121954149121258,0.28911295423923855,0.7173257445891182,0.1035422023644545,0.6436953528246091,False,0.5002951756959525,429
36.0,0.87907,2.8192848631505347,2.4079815001255986,0.9180932547648091,0.3690605685412085,0.8596122568340239,0.6572351746876581,False,0.49288579144850464,429
311.0,0.734884,2.1295188462698906,1.691992723593701,0.35628385783336525,0.7712763707599384,0.7798468105902788,0.5848458467763428,False,0.48889064283104294,429
171.0,1.0,2.896965510682589,2.044149971332366,0.12956615020337536,1.8839657675176722,0.7924336652239514,0.14069310768151302,False,0.4765576876266916,429
274.0,1.0,2.896965510682589,2.044149971332366,0.12956615020337536,1.8839657675176722,0.7924336652239514,0.14069310768151302,False,0.4765576876266916,429
116.0,1.0,2.896965510682589,2.044149971332366,0.12956615020337536,1.8839657675176722,0.7924336652239514,0.14069310768151302,False,0.4765576876266916,429
106.0,1.0,1.7419350571506071,0.47823977154507613,0.3608133699367172,0.8185361461225729,0.7812403157036409,1.1811436504201311,False,0.46575445530450577,429
109.0,0.87907,1.033354205384345,0.21121954149121258,0.28911295423923855,0.7173257445891182,0.1035422023644545,0.6436953528246091,False,0.4570415436185277,429
39.0,0.646512,2.1295188462698906,1.691992723593701,0.35628385783336525,0.7712763707599384,0.7798468105902788,0.5848458467763428,False,0.45622036789024506,429
312.0,0.655814,2.1295188462698906,1.691992723593701,0.35628385783336525,0.7712763707599384,0.7798468105902788,0.5848458467763428,False,0.45622036789024506,429
313.0,0.6697669999999999,2.1295188462698906,1.691992723593701,0.35628385783336525,0.7712763707599384,0.7798468105902788,0.5848458467763428,False,0.45622036789024506,429
310.0,0.665116,2.1295188462698906,1.691992723593701,0.35628385783336525,0.7712763707599384,0.7798468105902788,0.5848458467763428,False,0.45622036789024506,429
105.0,1.0,2.9253185752604556,2.3899536650984543,0.219874083418241,1.2598017990553663,0.12090803461859845,1.093410401975784,False,0.4520207413059858,429
43.0,0.7209300000000001,2.8192848631505347,2.4079815001255986,0.9180932547648091,0.3690605685412085,0.8596122568340239,0.6572351746876581,False,0.4407606141204996,429
77.0,0.702326,1.033354205384345,0.21121954149121258,0.28911295423923855,0.7173257445891182,0.1035422023644545,0.6436953528246091,False,0.4213092502516689,429
71.0,0.744186,1.033354205384345,0.21121954149121258,0.28911295423923855,0.7173257445891182,0.1035422023644545,0.6436953528246091,False,0.4213092502516689,429
35.0,0.581395,2.1295188462698906,1.691992723593701,0.35628385783336525,0.7712763707599384,0.7798468105902788,0.5848458467763428,False,0.3908268522749429,429
309.0,0.613953,2.1295188462698906,1.691992723593701,0.35628385783336525,0.7712763707599384,0.7798468105902788,0.5848458467763428,False,0.3908268522749429,429
96.0,0.67907,1.033354205384345,0.21121954149121258,0.28911295423923855,0.7173257445891182,0.1035422023644545,0.6436953528246091,False,0.38863897531087094,429
107.0,0.655814,1.033354205384345,0.21121954149121258,0.28911295423923855,0.7173257445891182,0.1035422023644545,0.6436953528246091,False,0.38863897531087094,429
87.0,0.637209,2.618346071275336,2.224887839802979,1.1736407786862857,0.33978383094639697,0.5226764740624524,0.37354226474858687,False,0.38500307851500554,429
8.0,0.544186,2.1295188462698906,1.691992723593701,0.35628385783336525,0.7712763707599384,0.7798468105902788,0.5848458467763428,False,0.356692270789849,429
32.0,0.623256,2.8192848631505347,2.4079815001255986,0.9180932547648091,0.3690605685412085,0.8596122568340239,0.6572351746876581,False,0.3554617573720895,429
33.0,0.581395,2.8192848631505347,2.4079815001255986,0.9180932547648091,0.3690605685412085,0.8596122568340239,0.6572351746876581,False,0.3426968235643996,429
15.0,0.539535,2.1295188462698906,1.691992723593701,0.35628385783336525,0.7712763707599384,0.7798468105902788,0.5848458467763428,False,0.2928197449296594,429
6.0,0.534884,2.1295188462698906,1.691992723593701,0.35628385783336525,0.7712763707599384,0.7798468105902788,0.5848458467763428,False,0.26953544582192784,429
1.0,0.530233,2.1295188462698906,1.691992723593701,0.35628385783336525,0.7712763707599384,0.7798468105902788,0.5848458467763428,False,0.26435017664934196,429
83.0,0.530233,1.033354205384345,0.21121954149121258,0.28911295423923855,0.7173257445891182,0.1035422023644545,0.6436953528246091,False,0.1667224013851009,429
224.0,0.395349,2.1295188462698906,1.691992723593701,0.35628385783336525,0.7712763707599384,0.7798468105902788,0.5848458467763428,False,0.14453601964182197,429
7.0,0.5255810000000001,2.1295188462698906,1.691992723593701,0.35628385783336525,0.7712763707599384,0.7798468105902788,0.5848458467763428,False,0.14113613507643627,429
86.0,0.5162789999999999,2.618346071275336,2.224887839802979,1.1736407786862857,0.33978383094639697,0.5226764740624524,0.37354226474858687,False,0.08091436267805711,429
90.0,0.5023259999999999,2.618346071275336,2.224887839802979,1.1736407786862857,0.33978383094639697,0.5226764740624524,0.37354226474858687,False,0.08091436267805711,429
135.0,0.483721,2.1295188462698906,1.691992723593701,0.35628385783336525,0.7712763707599384,0.7798468105902788,0.5848458467763428,False,0.07442464400303868,429
28.0,0.460465,2.1295188462698906,1.691992723593701,0.35628385783336525,0.7712763707599384,0.7798468105902788,0.5848458467763428,False,0.07442464400303868,429
11.0,0.469767,2.1295188462698906,1.691992723593701,0.35628385783336525,0.7712763707599384,0.7798468105902788,0.5848458467763428,False,0.07442464400303868,429
9.0,0.469767,2.1295188462698906,1.691992723593701,0.35628385783336525,0.7712763707599384,0.7798468105902788,0.5848458467763428,False,0.07442464400303868,429
16.0,0.483721,2.1295188462698906,1.691992723593701,0.35628385783336525,0.7712763707599384,0.7798468105902788,0.5848458467763428,False,0.07442464400303868,429
91.0,0.367442,1.033354205384345,0.21121954149121258,0.28911295423923855,0.7173257445891182,0.1035422023644545,0.6436953528246091,False,0.07400284347034014,429
53.0,0.367442,1.033354205384345,0.21121954149121258,0.28911295423923855,0.7173257445891182,0.1035422023644545,0.6436953528246091,False,0.07400284347034014,429
50.0,0.372093,1.033354205384345,0.21121954149121258,0.28911295423923855,0.7173257445891182,0.1035422023644545,0.6436953528246091,False,0.07400284347034014,429
74.0,0.35814,1.033354205384345,0.21121954149121258,0.28911295423923855,0.7173257445891182,0.1035422023644545,0.6436953528246091,False,0.06159573006179972,429
125.0,0.372093,1.7419350571506071,0.47823977154507613,0.3608133699367172,0.8185361461225729,0.7812403157036409,1.1811436504201311,False,0.05597771260778994,429
75.0,0.395349,1.033354205384345,0.21121954149121258,0.28911295423923855,0.7173257445891182,0.1035422023644545,0.6436953528246091,False,0.04690824437758069,429
82.0,0.497674,1.033354205384345,0.21121954149121258,0.28911295423923855,0.7173257445891182,0.1035422023644545,0.6436953528246091,False,0.0011650736538103505,429
102.0,0.474419,1.033354205384345,0.21121954149121258,0.28911295423923855,0.7173257445891182,0.1035422023644545,0.6436953528246091,False,-0.02320313126120254,429
85.0,0.49302300000000004,1.033354205384345,0.21121954149121258,0.28911295423923855,0.7173257445891182,0.1035422023644545,0.6436953528246091,False,-0.02320313126120254,429
118.0,0.48837200000000003,2.9253185752604556,2.3899536650984543,0.219874083418241,1.2598017990553663,0.12090803461859845,1.093410401975784,False,-0.04130847739855157,429
119.0,0.483721,2.9253185752604556,2.3899536650984543,0.219874083418241,1.2598017990553663,0.12090803461859845,1.093410401975784,False,-0.04130847739855157,429
124.0,0.265116,1.4856983541687239,0.02077971760771291,1.1423401007760667,0.9141907785440384,0.09116304874896469,0.24056478554136493,False,-0.11251764512715456,429
89.0,0.237209,1.4856983541687239,0.02077971760771291,1.1423401007760667,0.9141907785440384,0.09116304874896469,0.24056478554136493,False,-0.13717686868535936,429
111.0,0.237209,1.4856983541687239,0.02077971760771291,1.1423401007760667,0.9141907785440384,0.09116304874896469,0.24056478554136493,False,-0.13717686868535936,429
295.0,0.24186,1.4856983541687239,0.02077971760771291,1.1423401007760667,0.9141907785440384,0.09116304874896469,0.24056478554136493,False,-0.13717686868535936,429
121.0,0.293023,1.033354205384345,0.21121954149121258,0.28911295423923855,0.7173257445891182,0.1035422023644545,0.6436953528246091,False,-0.15509648875236648,429
30.0,0.293023,1.033354205384345,0.21121954149121258,0.28911295423923855,0.7173257445891182,0.1035422023644545,0.6436953528246091,False,-0.15509648875236648,429
104.0,0.293023,1.033354205384345,0.21121954149121258,0.28911295423923855,0.7173257445891182,0.1035422023644545,0.6436953528246091,False,-0.15509648875236648,429
120.0,0.297674,1.033354205384345,0.21121954149121258,0.28911295423923855,0.7173257445891182,0.1035422023644545,0.6436953528246091,False,-0.15509648875236648,429
67.0,0.32093000000000005,1.033354205384345,0.21121954149121258,0.28911295423923855,0.7173257445891182,0.1035422023644545,0.6436953528246091,False,-0.15509648875236648,429
20.0,0.293023,1.033354205384345,0.21121954149121258,0.28911295423923855,0.7173257445891182,0.1035422023644545,0.6436953528246091,False,-0.15509648875236648,429
27.0,0.30232600000000004,1.033354205384345,0.21121954149121258,0.28911295423923855,0.7173257445891182,0.1035422023644545,0.6436953528246091,False,-0.15509648875236648,429
68.0,0.306977,1.033354205384345,0.21121954149121258,0.28911295423923855,0.7173257445891182,0.1035422023644545,0.6436953528246091,False,-0.15509648875236648,429
293.0,0.223256,1.4856983541687239,0.02077971760771291,1.1423401007760667,0.9141907785440384,0.09116304874896469,0.24056478554136493,False,-0.16996854113876617,429
31.0,0.16744199999999998,2.1295188462698906,1.691992723593701,0.35628385783336525,0.7712763707599384,0.7798468105902788,0.5848458467763428,False,-0.22943943488003724,429
296.0,0.2,2.1295188462698906,1.691992723593701,0.35628385783336525,0.7712763707599384,0.7798468105902788,0.5848458467763428,False,-0.22943943488003724,429
122.0,0.274419,1.033354205384345,0.21121954149121258,0.28911295423923855,0.7173257445891182,0.1035422023644545,0.6436953528246091,False,-0.23123057617992324,429
58.0,0.265116,1.033354205384345,0.21121954149121258,0.28911295423923855,0.7173257445891182,0.1035422023644545,0.6436953528246091,False,-0.23123057617992324,429
129.0,0.148837,2.1295188462698906,1.691992723593701,0.35628385783336525,0.7712763707599384,0.7798468105902788,0.5848458467763428,False,-0.23952413930183644,429
128.0,0.139535,2.1295188462698906,1.691992723593701,0.35628385783336525,0.7712763707599384,0.7798468105902788,0.5848458467763428,False,-0.23952413930183644,429
52.0,0.25116299999999997,1.033354205384345,0.21121954149121258,0.28911295423923855,0.7173257445891182,0.1035422023644545,0.6436953528246091,False,-0.25588979973812814,429
81.0,0.25116299999999997,1.033354205384345,0.21121954149121258,0.28911295423923855,0.7173257445891182,0.1035422023644545,0.6436953528246091,False,-0.25588979973812814,429
142.0,0.255814,1.033354205384345,0.21121954149121258,0.28911295423923855,0.7173257445891182,0.1035422023644545,0.6436953528246091,False,-0.25588979973812814,429
117.0,0.23255800000000001,1.033354205384345,0.21121954149121258,0.28911295423923855,0.7173257445891182,0.1035422023644545,0.6436953528246091,False,-0.25588979973812814,429
49.0,0.227907,1.033354205384345,0.21121954149121258,0.28911295423923855,0.7173257445891182,0.1035422023644545,0.6436953528246091,False,-0.25588979973812814,429
108.0,0.237209,1.033354205384345,0.21121954149121258,0.28911295423923855,0.7173257445891182,0.1035422023644545,0.6436953528246091,False,-0.25588979973812814,429
185.0,0.046512000000000005,2.1295188462698906,1.691992723593701,0.35628385783336525,0.7712763707599384,0.7798468105902788,0.5848458467763428,False,-0.27871281913597223,429
248.0,0.037209,2.1295188462698906,1.691992723593701,0.35628385783336525,0.7712763707599384,0.7798468105902788,0.5848458467763428,False,-0.27871281913597223,429
37.0,0.08837199999999999,1.7419350571506071,0.47823977154507613,0.3608133699367172,0.8185361461225729,0.7812403157036409,1.1811436504201311,False,-0.279397555315916,429
17.0,0.08837199999999999,1.7419350571506071,0.47823977154507613,0.3608133699367172,0.8185361461225729,0.7812403157036409,1.1811436504201311,False,-0.279397555315916,429
51.0,0.18139500000000003,1.033354205384345,0.21121954149121258,0.28911295423923855,0.7173257445891182,0.1035422023644545,0.6436953528246091,False,-0.288681472191535,429
97.0,0.18604700000000002,1.033354205384345,0.21121954149121258,0.28911295423923855,0.7173257445891182,0.1035422023644545,0.6436953528246091,False,-0.288681472191535,429
190.0,0.18139500000000003,1.033354205384345,0.21121954149121258,0.28911295423923855,0.7173257445891182,0.1035422023644545,0.6436953528246091,False,-0.288681472191535,429
95.0,0.2,1.033354205384345,0.21121954149121258,0.28911295423923855,0.7173257445891182,0.1035422023644545,0.6436953528246091,False,-0.288681472191535,429
302.0,0.11627900000000001,1.033354205384345,0.21121954149121258,0.28911295423923855,0.7173257445891182,0.1035422023644545,0.6436953528246091,False,-0.2987661766133341,429
305.0,0.12093,1.033354205384345,0.21121954149121258,0.28911295423923855,0.7173257445891182,0.1035422023644545,0.6436953528246091,False,-0.2987661766133341,429
308.0,0.125581,1.033354205384345,0.21121954149121258,0.28911295423923855,0.7173257445891182,0.1035422023644545,0.6436953528246091,False,-0.2987661766133341,429
307.0,0.11627900000000001,1.033354205384345,0.21121954149121258,0.28911295423923855,0.7173257445891182,0.1035422023644545,0.6436953528246091,False,-0.2987661766133341,429
304.0,0.11627900000000001,1.033354205384345,0.21121954149121258,0.28911295423923855,0.7173257445891182,0.1035422023644545,0.6436953528246091,False,-0.2987661766133341,429
300.0,0.11627900000000001,1.033354205384345,0.21121954149121258,0.28911295423923855,0.7173257445891182,0.1035422023644545,0.6436953528246091,False,-0.2987661766133341,429
301.0,0.13023300000000002,1.033354205384345,0.21121954149121258,0.28911295423923855,0.7173257445891182,0.1035422023644545,0.6436953528246091,False,-0.2987661766133341,429
98.0,0.144186,1.033354205384345,0.21121954149121258,0.28911295423923855,0.7173257445891182,0.1035422023644545,0.6436953528246091,False,-0.2987661766133341,429
294.0,0.134884,1.033354205384345,0.21121954149121258,0.28911295423923855,0.7173257445891182,0.1035422023644545,0.6436953528246091,False,-0.2987661766133341,429
47.0,0.134884,1.033354205384345,0.21121954149121258,0.28911295423923855,0.7173257445891182,0.1035422023644545,0.6436953528246091,False,-0.2987661766133341,429
306.0,0.134884,1.033354205384345,0.21121954149121258,0.28911295423923855,0.7173257445891182,0.1035422023644545,0.6436953528246091,False,-0.2987661766133341,429
285.0,0.26976700000000003,2.896965510682589,2.044149971332366,0.12956615020337536,1.8839657675176722,0.7924336652239514,0.14069310768151302,False,-0.30949042715747715,429
127.0,0.10697699999999999,2.896965510682589,2.044149971332366,0.12956615020337536,1.8839657675176722,0.7924336652239514,0.14069310768151302,False,-0.3353046973228799,429
177.0,0.139535,2.896965510682589,2.044149971332366,0.12956615020337536,1.8839657675176722,0.7924336652239514,0.14069310768151302,False,-0.3353046973228799,429
100.0,0.15814,2.896965510682589,2.044149971332366,0.12956615020337536,1.8839657675176722,0.7924336652239514,0.14069310768151302,False,-0.3353046973228799,429
80.0,0.11627900000000001,2.896965510682589,2.044149971332366,0.12956615020337536,1.8839657675176722,0.7924336652239514,0.14069310768151302,False,-0.3353046973228799,429
280.0,0.046512000000000005,1.033354205384345,0.21121954149121258,0.28911295423923855,0.7173257445891182,0.1035422023644545,0.6436953528246091,False,-0.33795485644747,429
284.0,0.046512000000000005,1.033354205384345,0.21121954149121258,0.28911295423923855,0.7173257445891182,0.1035422023644545,0.6436953528246091,False,-0.33795485644747,429
232.0,0.037209,1.033354205384345,0.21121954149121258,0.28911295423923855,0.7173257445891182,0.1035422023644545,0.6436953528246091,False,-0.33795485644747,429
208.0,0.055814,1.033354205384345,0.21121954149121258,0.28911295423923855,0.7173257445891182,0.1035422023644545,0.6436953528246091,False,-0.33795485644747,429
12.0,0.08372099999999999,2.9253185752604556,2.3899536650984543,0.219874083418241,1.2598017990553663,0.12090803461859845,1.093410401975784,False,-0.35019666802655053,429
26.0,0.08837199999999999,2.9253185752604556,2.3899536650984543,0.219874083418241,1.2598017990553663,0.12090803461859845,1.093410401975784,False,-0.35019666802655053,429
92.0,0.060465,2.618346071275336,2.224887839802979,1.1736407786862857,0.33978383094639697,0.5226764740624524,0.37354226474858687,False,-0.36701963845624264,429
246.0,0.055814,2.896965510682589,2.044149971332366,0.12956615020337536,1.8839657675176722,0.7924336652239514,0.14069310768151302,False,-0.37449337715701586,429
115.0,0.04186,2.896965510682589,2.044149971332366,0.12956615020337536,1.8839657675176722,0.7924336652239514,0.14069310768151302,False,-0.37449337715701586,429
114.0,0.037209,2.896965510682589,2.044149971332366,0.12956615020337536,1.8839657675176722,0.7924336652239514,0.14069310768151302,False,-0.37449337715701586,429
262.0,0.04186,2.896965510682589,2.044149971332366,0.12956615020337536,1.8839657675176722,0.7924336652239514,0.14069310768151302,False,-0.37449337715701586,429
58.0,1.0,2.0845928323849283,1.7778481943692404,0.7929980878102233,0.3631432325827523,0.5925934206599173,0.26999469949965127,False,0.5882671110682608,4
107.0,1.0,2.15394096953168,1.8467399755002205,0.7328849023946055,0.6677803485165641,0.18371434668212133,0.4606640076203318,False,0.577661394125016,4
130.0,1.0,2.15394096953168,1.8467399755002205,0.7328849023946055,0.6677803485165641,0.18371434668212133,0.4606640076203318,False,0.577661394125016,4
298.0,1.0,2.15394096953168,1.8467399755002205,0.7328849023946055,0.6677803485165641,0.18371434668212133,0.4606640076203318,False,0.577661394125016,4
311.0,1.0,2.15394096953168,1.8467399755002205,0.7328849023946055,0.6677803485165641,0.18371434668212133,0.4606640076203318,False,0.577661394125016,4
70.0,1.0,2.15394096953168,1.8467399755002205,0.7328849023946055,0.6677803485165641,0.18371434668212133,0.4606640076203318,False,0.577661394125016,4
123.0,1.0,2.15394096953168,1.8467399755002205,0.7328849023946055,0.6677803485165641,0.18371434668212133,0.4606640076203318,False,0.577661394125016,4
117.0,1.0,2.4406316610963112,2.292619299801789,0.3817134808621174,0.525328543320317,0.48911131387849616,0.19918462304913032,False,0.5740147671206765,4
177.0,1.0,2.4518114386198087,2.2637722233552964,0.3723643031425561,0.7533256440565452,0.07426354983512407,0.41838364718256926,False,0.5569472572703964,4
313.0,0.790698,2.15394096953168,1.8467399755002205,0.7328849023946055,0.6677803485165641,0.18371434668212133,0.4606640076203318,False,0.5344077620475913,4
312.0,0.8,2.15394096953168,1.8467399755002205,0.7328849023946055,0.6677803485165641,0.18371434668212133,0.4606640076203318,False,0.5344077620475913,4
310.0,0.772093,2.15394096953168,1.8467399755002205,0.7328849023946055,0.6677803485165641,0.18371434668212133,0.4606640076203318,False,0.5344077620475913,4
36.0,0.87907,2.15394096953168,1.8467399755002205,0.7328849023946055,0.6677803485165641,0.18371434668212133,0.4606640076203318,False,0.5344077620475913,4
109.0,0.87907,2.15394096953168,1.8467399755002205,0.7328849023946055,0.6677803485165641,0.18371434668212133,0.4606640076203318,False,0.5344077620475913,4
71.0,0.744186,2.15394096953168,1.8467399755002205,0.7328849023946055,0.6677803485165641,0.18371434668212133,0.4606640076203318,False,0.48228258471958607,4
41.0,0.734884,2.15394096953168,1.8467399755002205,0.7328849023946055,0.6677803485165641,0.18371434668212133,0.4606640076203318,False,0.48228258471958607,4
43.0,0.7209300000000001,2.15394096953168,1.8467399755002205,0.7328849023946055,0.6677803485165641,0.18371434668212133,0.4606640076203318,False,0.48228258471958607,4
34.0,0.6930230000000001,2.15394096953168,1.8467399755002205,0.7328849023946055,0.6677803485165641,0.18371434668212133,0.4606640076203318,False,0.48228258471958607,4
39.0,0.6976739999999999,2.15394096953168,1.8467399755002205,0.7328849023946055,0.6677803485165641,0.18371434668212133,0.4606640076203318,False,0.48228258471958607,4
122.0,1.0,1.9113428065932216,0.03284367032837876,0.5114615859882838,0.7917222338609471,0.38670762893469185,1.6168465535811691,False,0.4766715565397235,4
1.0,1.0,1.302414871879559,0.3723026347500613,0.42326829694153645,1.0244925841681936,0.5473198141053977,0.17139183623332738,False,0.46491070292552317,4
16.0,1.0,1.302414871879559,0.3723026347500613,0.42326829694153645,1.0244925841681936,0.5473198141053977,0.17139183623332738,False,0.46491070292552317,4
87.0,1.0,1.302414871879559,0.3723026347500613,0.42326829694153645,1.0244925841681936,0.5473198141053977,0.17139183623332738,False,0.46491070292552317,4
38.0,1.0,1.302414871879559,0.3723026347500613,0.42326829694153645,1.0244925841681936,0.5473198141053977,0.17139183623332738,False,0.46491070292552317,4
50.0,1.0,1.302414871879559,0.3723026347500613,0.42326829694153645,1.0244925841681936,0.5473198141053977,0.17139183623332738,False,0.46491070292552317,4
33.0,1.0,1.302414871879559,0.3723026347500613,0.42326829694153645,1.0244925841681936,0.5473198141053977,0.17139183623332738,False,0.46491070292552317,4
32.0,1.0,1.302414871879559,0.3723026347500613,0.42326829694153645,1.0244925841681936,0.5473198141053977,0.17139183623332738,False,0.46491070292552317,4
12.0,1.0,1.302414871879559,0.3723026347500613,0.42326829694153645,1.0244925841681936,0.5473198141053977,0.17139183623332738,False,0.46491070292552317,4
15.0,1.0,1.302414871879559,0.3723026347500613,0.42326829694153645,1.0244925841681936,0.5473198141053977,0.17139183623332738,False,0.46491070292552317,4
110.0,1.0,1.302414871879559,0.3723026347500613,0.42326829694153645,1.0244925841681936,0.5473198141053977,0.17139183623332738,False,0.46491070292552317,4
10.0,1.0,1.302414871879559,0.3723026347500613,0.42326829694153645,1.0244925841681936,0.5473198141053977,0.17139183623332738,False,0.46491070292552317,4
11.0,1.0,1.302414871879559,0.3723026347500613,0.42326829694153645,1.0244925841681936,0.5473198141053977,0.17139183623332738,False,0.46491070292552317,4
8.0,1.0,1.302414871879559,0.3723026347500613,0.42326829694153645,1.0244925841681936,0.5473198141053977,0.17139183623332738,False,0.46491070292552317,4
17.0,1.0,1.302414871879559,0.3723026347500613,0.42326829694153645,1.0244925841681936,0.5473198141053977,0.17139183623332738,False,0.46491070292552317,4
18.0,1.0,1.302414871879559,0.3723026347500613,0.42326829694153645,1.0244925841681936,0.5473198141053977,0.17139183623332738,False,0.46491070292552317,4
30.0,1.0,1.302414871879559,0.3723026347500613,0.42326829694153645,1.0244925841681936,0.5473198141053977,0.17139183623332738,False,0.46491070292552317,4
27.0,1.0,1.302414871879559,0.3723026347500613,0.42326829694153645,1.0244925841681936,0.5473198141053977,0.17139183623332738,False,0.46491070292552317,4
2.0,1.0,1.302414871879559,0.3723026347500613,0.42326829694153645,1.0244925841681936,0.5473198141053977,0.17139183623332738,False,0.46491070292552317,4
26.0,1.0,1.302414871879559,0.3723026347500613,0.42326829694153645,1.0244925841681936,0.5473198141053977,0.17139183623332738,False,0.46491070292552317,4
6.0,1.0,1.302414871879559,0.3723026347500613,0.42326829694153645,1.0244925841681936,0.5473198141053977,0.17139183623332738,False,0.46491070292552317,4
7.0,1.0,1.302414871879559,0.3723026347500613,0.42326829694153645,1.0244925841681936,0.5473198141053977,0.17139183623332738,False,0.46491070292552317,4
20.0,1.0,1.302414871879559,0.3723026347500613,0.42326829694153645,1.0244925841681936,0.5473198141053977,0.17139183623332738,False,0.46491070292552317,4
22.0,1.0,1.302414871879559,0.3723026347500613,0.42326829694153645,1.0244925841681936,0.5473198141053977,0.17139183623332738,False,0.46491070292552317,4
29.0,1.0,1.302414871879559,0.3723026347500613,0.42326829694153645,1.0244925841681936,0.5473198141053977,0.17139183623332738,False,0.46491070292552317,4
31.0,1.0,1.302414871879559,0.3723026347500613,0.42326829694153645,1.0244925841681936,0.5473198141053977,0.17139183623332738,False,0.46491070292552317,4
21.0,1.0,1.302414871879559,0.3723026347500613,0.42326829694153645,1.0244925841681936,0.5473198141053977,0.17139183623332738,False,0.46491070292552317,4
28.0,1.0,1.302414871879559,0.3723026347500613,0.42326829694153645,1.0244925841681936,0.5473198141053977,0.17139183623332738,False,0.46491070292552317,4
73.0,1.0,1.302414871879559,0.3723026347500613,0.42326829694153645,1.0244925841681936,0.5473198141053977,0.17139183623332738,False,0.46491070292552317,4
55.0,1.0,1.302414871879559,0.3723026347500613,0.42326829694153645,1.0244925841681936,0.5473198141053977,0.17139183623332738,False,0.46491070292552317,4
42.0,1.0,2.0988569766757044,0.2524134724835987,1.0712758549510928,0.9642949892154413,1.4621855901603034,0.35497121538149035,False,0.4576449977611465,4
3.0,1.0,2.0988569766757044,0.2524134724835987,1.0712758549510928,0.9642949892154413,1.4621855901603034,0.35497121538149035,False,0.4576449977611465,4
40.0,1.0,2.0988569766757044,0.2524134724835987,1.0712758549510928,0.9642949892154413,1.4621855901603034,0.35497121538149035,False,0.4576449977611465,4
77.0,0.660465,2.15394096953168,1.8467399755002205,0.7328849023946055,0.6677803485165641,0.18371434668212133,0.4606640076203318,False,0.4496123097787882,4
76.0,0.655814,2.15394096953168,1.8467399755002205,0.7328849023946055,0.6677803485165641,0.18371434668212133,0.4606640076203318,False,0.4496123097787882,4
23.0,0.9953489999999999,1.302414871879559,0.3723026347500613,0.42326829694153645,1.0244925841681936,0.5473198141053977,0.17139183623332738,False,0.42165707084809834,4
13.0,0.84186,1.302414871879559,0.3723026347500613,0.42326829694153645,1.0244925841681936,0.5473198141053977,0.17139183623332738,False,0.42165707084809834,4
19.0,0.967442,1.302414871879559,0.3723026347500613,0.42326829694153645,1.0244925841681936,0.5473198141053977,0.17139183623332738,False,0.42165707084809834,4
14.0,0.9953489999999999,1.302414871879559,0.3723026347500613,0.42326829694153645,1.0244925841681936,0.5473198141053977,0.17139183623332738,False,0.42165707084809834,4
314.0,0.8046510000000001,1.302414871879559,0.3723026347500613,0.42326829694153645,1.0244925841681936,0.5473198141053977,0.17139183623332738,False,0.42165707084809834,4
53.0,0.7767440000000001,1.302414871879559,0.3723026347500613,0.42326829694153645,1.0244925841681936,0.5473198141053977,0.17139183623332738,False,0.42165707084809834,4
44.0,1.0,2.420590647704318,0.46357530404829905,2.345652967549267,0.17604195008570567,0.17727347726399934,0.2825818874701749,False,0.3919494125971055,4
45.0,1.0,2.420590647704318,0.46357530404829905,2.345652967549267,0.17604195008570567,0.17727347726399934,0.2825818874701749,False,0.3919494125971055,4
46.0,1.0,2.420590647704318,0.46357530404829905,2.345652967549267,0.17604195008570567,0.17727347726399934,0.2825818874701749,False,0.3919494125971055,4
25.0,1.0,2.420590647704318,0.46357530404829905,2.345652967549267,0.17604195008570567,0.17727347726399934,0.2825818874701749,False,0.3919494125971055,4
24.0,1.0,2.420590647704318,0.46357530404829905,2.345652967549267,0.17604195008570567,0.17727347726399934,0.2825818874701749,False,0.3919494125971055,4
168.0,1.0,2.420590647704318,0.46357530404829905,2.345652967549267,0.17604195008570567,0.17727347726399934,0.2825818874701749,False,0.3919494125971055,4
193.0,1.0,2.420590647704318,0.46357530404829905,2.345652967549267,0.17604195008570567,0.17727347726399934,0.2825818874701749,False,0.3919494125971055,4
111.0,0.734884,1.302414871879559,0.3723026347500613,0.42326829694153645,1.0244925841681936,0.5473198141053977,0.17139183623332738,False,0.3859247774812395,4
103.0,1.0,1.9618572793409834,0.3266331706416645,0.9191920584998146,1.0748311141034825,0.8191058460398111,1.0349320775148114,False,0.37510226784094397,4
9.0,0.67907,1.302414871879559,0.3723026347500613,0.42326829694153645,1.0244925841681936,0.5473198141053977,0.17139183623332738,False,0.3532545025404416,4
88.0,0.637209,1.302414871879559,0.3723026347500613,0.42326829694153645,1.0244925841681936,0.5473198141053977,0.17139183623332738,False,0.31895082309998846,4
35.0,0.581395,2.0988569766757044,0.2524134724835987,1.0712758549510928,0.9642949892154413,1.4621855901603034,0.35497121538149035,False,0.302203406124976,4
309.0,0.5906980000000001,1.302414871879559,0.3723026347500613,0.42326829694153645,1.0244925841681936,0.5473198141053977,0.17139183623332738,False,0.30143945159118246,4
78.0,0.604651,1.9618572793409834,0.3266331706416645,0.9191920584998146,1.0748311141034825,0.8191058460398111,1.0349320775148114,False,0.21612702156974536,4
79.0,0.604651,1.9618572793409834,0.3266331706416645,0.9191920584998146,1.0748311141034825,0.8191058460398111,1.0349320775148114,False,0.21612702156974536,4
142.0,0.390698,2.0845928323849283,1.7778481943692404,0.7929980878102233,0.3631432325827523,0.5925934206599173,0.26999469949965127,False,0.17691325234898522,4
274.0,1.0,2.5289102420134486,0.11141805630963386,2.1189352599192772,1.2887313468434394,0.18986033189767199,0.4429570669876809,False,0.15127740170995005,4
171.0,1.0,2.5289102420134486,0.11141805630963386,2.1189352599192772,1.2887313468434394,0.18986033189767199,0.4429570669876809,False,0.15127740170995005,4
116.0,1.0,2.5289102420134486,0.11141805630963386,2.1189352599192772,1.2887313468434394,0.18986033189767199,0.4429570669876809,False,0.15127740170995005,4
132.0,0.5023259999999999,2.15394096953168,1.8467399755002205,0.7328849023946055,0.6677803485165641,0.18371434668212133,0.4606640076203318,False,0.09218479080659481,4
102.0,0.432558,2.15394096953168,1.8467399755002205,0.7328849023946055,0.6677803485165641,0.18371434668212133,0.4606640076203318,False,0.0678165858915819,4
295.0,0.38604700000000003,1.302414871879559,0.3723026347500613,0.42326829694153645,1.0244925841681936,0.5473198141053977,0.17139183623332738,False,0.03990334548252657,4
37.0,0.390698,1.302414871879559,0.3723026347500613,0.42326829694153645,1.0244925841681936,0.5473198141053977,0.17139183623332738,False,0.03990334548252657,4
61.0,0.372093,1.302414871879559,0.3723026347500613,0.42326829694153645,1.0244925841681936,0.5473198141053977,0.17139183623332738,False,0.03861837069991077,4
60.0,0.362791,1.302414871879559,0.3723026347500613,0.42326829694153645,1.0244925841681936,0.5473198141053977,0.17139183623332738,False,0.02621125729137031,4
81.0,0.35814,1.302414871879559,0.3723026347500613,0.42326829694153645,1.0244925841681936,0.5473198141053977,0.17139183623332738,False,0.02621125729137031,4
224.0,0.395349,2.420590647704318,0.46357530404829905,2.345652967549267,0.17604195008570567,0.17727347726399934,0.2825818874701749,False,0.026094822957532342,4
104.0,0.30232600000000004,1.9113428065932216,0.03284367032837876,0.5114615859882838,0.7917222338609471,0.38670762893469185,1.6168465535811691,False,-0.008381267248461402,4
120.0,0.293023,1.9113428065932216,0.03284367032837876,0.5114615859882838,0.7917222338609471,0.38670762893469185,1.6168465535811691,False,-0.008381267248461402,4
90.0,0.497674,1.302414871879559,0.3723026347500613,0.42326829694153645,1.0244925841681936,0.5473198141053977,0.17139183623332738,False,-0.03421939911661905,4
135.0,0.483721,2.420590647704318,0.46357530404829905,2.345652967549267,0.17604195008570567,0.17727347726399934,0.2825818874701749,False,-0.044016552681250924,4
86.0,0.49302300000000004,1.302414871879559,0.3723026347500613,0.42326829694153645,1.0244925841681936,0.5473198141053977,0.17139183623332738,False,-0.05858760403163191,4
62.0,0.432558,1.302414871879559,0.3723026347500613,0.42326829694153645,1.0244925841681936,0.5473198141053977,0.17139183623332738,False,-0.05858760403163191,4
121.0,0.274419,1.9113428065932216,0.03284367032837876,0.5114615859882838,0.7917222338609471,0.38670762893469185,1.6168465535811691,False,-0.08451535467601809,4
131.0,0.339535,2.15394096953168,1.8467399755002205,0.7328849023946055,0.6677803485165641,0.18371434668212133,0.4606640076203318,False,-0.10747170001539542,4
124.0,0.311628,2.15394096953168,1.8467399755002205,0.7328849023946055,0.6677803485165641,0.18371434668212133,0.4606640076203318,False,-0.14418383982033364,4
66.0,0.33488399999999996,2.15394096953168,1.8467399755002205,0.7328849023946055,0.6677803485165641,0.18371434668212133,0.4606640076203318,True,-0.14418383982033364,4
91.0,0.325581,1.302414871879559,0.3723026347500613,0.42326829694153645,1.0244925841681936,0.5473198141053977,0.17139183623332738,False,-0.2296592559869822,4
296.0,0.2,2.420590647704318,0.46357530404829905,2.345652967549267,0.17604195008570567,0.17727347726399934,0.2825818874701749,False,-0.23531910729462974,4
101.0,0.24186,2.15394096953168,1.8467399755002205,0.7328849023946055,0.6677803485165641,0.18371434668212133,0.4606640076203318,False,-0.24497715080609525,4
65.0,0.227907,2.15394096953168,1.8467399755002205,0.7328849023946055,0.6677803485165641,0.18371434668212133,0.4606640076203318,False,-0.24497715080609525,4
96.0,0.237209,2.0845928323849283,1.7778481943692404,0.7929980878102233,0.3631432325827523,0.5925934206599173,0.26999469949965127,False,-0.25054814329075303,4
97.0,0.237209,2.0845928323849283,1.7778481943692404,0.7929980878102233,0.3631432325827523,0.5925934206599173,0.26999469949965127,False,-0.25054814329075303,4
57.0,0.255814,2.0845928323849283,1.7778481943692404,0.7929980878102233,0.3631432325827523,0.5925934206599173,0.26999469949965127,False,-0.25054814329075303,4
108.0,0.227907,2.0845928323849283,1.7778481943692404,0.7929980878102233,0.3631432325827523,0.5925934206599173,0.26999469949965127,False,-0.25054814329075303,4
129.0,0.148837,2.420590647704318,0.46357530404829905,2.345652967549267,0.17604195008570567,0.17727347726399934,0.2825818874701749,False,-0.25793410510079445,4
293.0,0.134884,2.420590647704318,0.46357530404829905,2.345652967549267,0.17604195008570567,0.17727347726399934,0.2825818874701749,False,-0.25793410510079445,4
128.0,0.139535,2.420590647704318,0.46357530404829905,2.345652967549267,0.17604195008570567,0.17727347726399934,0.2825818874701749,False,-0.25793410510079445,4
69.0,0.13023300000000002,2.420590647704318,0.46357530404829905,2.345652967549267,0.17604195008570567,0.17727347726399934,0.2825818874701749,False,-0.25793410510079445,4
64.0,0.23255800000000001,2.4406316610963112,2.292619299801789,0.3817134808621174,0.525328543320317,0.48911131387849616,0.19918462304913032,False,-0.2648004872383375,4
67.0,0.190698,2.15394096953168,1.8467399755002205,0.7328849023946055,0.6677803485165641,0.18371434668212133,0.4606640076203318,False,-0.27776882325950203,4
185.0,0.046512000000000005,2.420590647704318,0.46357530404829905,2.345652967549267,0.17604195008570567,0.17727347726399934,0.2825818874701749,False,-0.2971227849349304,4
248.0,0.037209,2.420590647704318,0.46357530404829905,2.345652967549267,0.17604195008570567,0.17727347726399934,0.2825818874701749,False,-0.2971227849349304,4
89.0,0.18139500000000003,2.4406316610963112,2.292619299801789,0.3817134808621174,0.525328543320317,0.48911131387849616,0.19918462304913032,False,-0.29759215969174424,4
52.0,0.21395299999999998,1.302414871879559,0.3723026347500613,0.42326829694153645,1.0244925841681936,0.5473198141053977,0.17139183623332738,False,-0.36324423942615053,4
49.0,0.195349,1.302414871879559,0.3723026347500613,0.42326829694153645,1.0244925841681936,0.5473198141053977,0.17139183623332738,False,-0.36324423942615053,4
84.0,0.046512000000000005,1.302414871879559,0.3723026347500613,0.42326829694153645,1.0244925841681936,0.5473198141053977,0.17139183623332738,False,-0.4125176236820854,4
285.0,0.26976700000000003,2.5289102420134486,0.11141805630963386,2.1189352599192772,1.2887313468434394,0.18986033189767199,0.4429570669876809,False,-0.45444185491955996,4
80.0,0.11627900000000001,2.5289102420134486,0.11141805630963386,2.1189352599192772,1.2887313468434394,0.18986033189767199,0.4429570669876809,False,-0.5345077487373361,4
127.0,0.10697699999999999,2.5289102420134486,0.11141805630963386,2.1189352599192772,1.2887313468434394,0.18986033189767199,0.4429570669876809,False,-0.5345077487373361,4
100.0,0.15814,2.5289102420134486,0.11141805630963386,2.1189352599192772,1.2887313468434394,0.18986033189767199,0.4429570669876809,False,-0.5345077487373361,4
115.0,0.04186,2.5289102420134486,0.11141805630963386,2.1189352599192772,1.2887313468434394,0.18986033189767199,0.4429570669876809,False,-0.5736964285714721,4
114.0,0.037209,2.5289102420134486,0.11141805630963386,2.1189352599192772,1.2887313468434394,0.18986033189767199,0.4429570669876809,False,-0.5736964285714721,4
246.0,0.055814,2.5289102420134486,0.11141805630963386,2.1189352599192772,1.2887313468434394,0.18986033189767199,0.4429570669876809,False,-0.5736964285714721,4
262.0,0.04186,2.5289102420134486,0.11141805630963386,2.1189352599192772,1.2887313468434394,0.18986033189767199,0.4429570669876809,False,-0.5736964285714721,4
70.0,1.0,1.800540296996097,1.4033227220474913,0.6500240053869104,0.24023141157814165,0.8579084592609065,0.23744775369020032,False,0.5758929465325174,19
71.0,1.0,1.800540296996097,1.4033227220474913,0.6500240053869104,0.24023141157814165,0.8579084592609065,0.23744775369020032,False,0.5758929465325174,19
109.0,0.87907,1.800540296996097,1.4033227220474913,0.6500240053869104,0.24023141157814165,0.8579084592609065,0.23744775369020032,False,0.5326393144550928,19
117.0,1.0,1.4299140400345898,0.06464572870987018,1.2758282755976724,0.4853469105808774,0.4208226658614048,0.009163139198993392,False,0.51985666494913,19
177.0,1.0,1.5319057632599333,0.03579865226337764,1.2851774533172338,0.7933072767959849,0.1425521978522154,0.21003588493444558,False,0.5094491754420651,19
58.0,1.0,1.2713242199139396,0.45012537672267816,0.8645436686495666,0.4031248653221919,0.524304772642826,0.478342461747775,False,0.504313017134485,19
302.0,1.0,1.2476205094098916,0.6500777880802775,0.7096545568215961,0.6759412576777558,0.01164705544959721,0.4163099532746758,False,0.5003673205344555,19
304.0,1.0,1.2476205094098916,0.6500777880802775,0.7096545568215961,0.6759412576777558,0.01164705544959721,0.4163099532746758,False,0.5003673205344555,19
307.0,1.0,1.2476205094098916,0.6500777880802775,0.7096545568215961,0.6759412576777558,0.01164705544959721,0.4163099532746758,False,0.5003673205344555,19
299.0,1.0,1.2476205094098916,0.6500777880802775,0.7096545568215961,0.6759412576777558,0.01164705544959721,0.4163099532746758,False,0.5003673205344555,19
110.0,1.0,0.874186565280673,0.6646710832344589,0.13116143743193812,0.30795140242968855,0.17792639052185394,0.42275206996227943,False,0.5002951756959525,19
111.0,1.0,1.391761090091094,1.0636532891114236,0.02462098173895148,0.5832400166657887,0.35516764711921833,0.5819978050746409,False,0.5000063503618069,19
309.0,1.0,1.5596800072916115,0.1726807599827349,0.34956577413050827,0.42738234029421557,1.4061003219965238,0.34758174508940465,False,0.4957730577654958,19
311.0,1.0,1.4185692199708888,0.381233595591698,0.9246568540651844,0.7077619812560038,0.25200299469921267,0.6690117698684555,False,0.48392352441156383,19
123.0,1.0,1.4185692199708888,0.381233595591698,0.9246568540651844,0.7077619812560038,0.25200299469921267,0.6690117698684555,False,0.48392352441156383,19
107.0,1.0,1.4185692199708888,0.381233595591698,0.9246568540651844,0.7077619812560038,0.25200299469921267,0.6690117698684555,False,0.48392352441156383,19
298.0,1.0,1.4185692199708888,0.381233595591698,0.9246568540651844,0.7077619812560038,0.25200299469921267,0.6690117698684555,False,0.48392352441156383,19
130.0,1.0,1.4185692199708888,0.381233595591698,0.9246568540651844,0.7077619812560038,0.25200299469921267,0.6690117698684555,False,0.48392352441156383,19
96.0,1.0,1.487687698171753,0.8822152530712498,0.234565447579232,0.5002625899171754,0.3639289870305218,0.998590516112712,False,0.46948174186161057,19
97.0,1.0,1.487687698171753,0.8822152530712498,0.234565447579232,0.5002625899171754,0.3639289870305218,0.998590516112712,False,0.46948174186161057,19
300.0,0.7534879999999999,1.2476205094098916,0.6500777880802775,0.7096545568215961,0.6759412576777558,0.01164705544959721,0.4163099532746758,False,0.45711368845703076,19
313.0,0.790698,1.4185692199708888,0.381233595591698,0.9246568540651844,0.7077619812560038,0.25200299469921267,0.6690117698684555,False,0.440669892334139,19
36.0,0.87907,1.4185692199708888,0.381233595591698,0.9246568540651844,0.7077619812560038,0.25200299469921267,0.6690117698684555,False,0.440669892334139,19
310.0,0.772093,1.4185692199708888,0.381233595591698,0.9246568540651844,0.7077619812560038,0.25200299469921267,0.6690117698684555,False,0.440669892334139,19
312.0,0.8,1.4185692199708888,0.381233595591698,0.9246568540651844,0.7077619812560038,0.25200299469921267,0.6690117698684555,False,0.440669892334139,19
301.0,0.734884,1.2476205094098916,0.6500777880802775,0.7096545568215961,0.6759412576777558,0.01164705544959721,0.4163099532746758,False,0.4213813950901719,19
305.0,0.706977,1.2476205094098916,0.6500777880802775,0.7096545568215961,0.6759412576777558,0.01164705544959721,0.4163099532746758,False,0.4213813950901719,19
308.0,0.7488370000000001,1.2476205094098916,0.6500777880802775,0.7096545568215961,0.6759412576777558,0.01164705544959721,0.4163099532746758,False,0.4213813950901719,19
306.0,0.6976739999999999,1.2476205094098916,0.6500777880802775,0.7096545568215961,0.6759412576777558,0.01164705544959721,0.4163099532746758,False,0.4213813950901719,19
39.0,0.6976739999999999,1.4185692199708888,0.381233595591698,0.9246568540651844,0.7077619812560038,0.25200299469921267,0.6690117698684555,False,0.4049375989672802,19
41.0,0.734884,1.4185692199708888,0.381233595591698,0.9246568540651844,0.7077619812560038,0.25200299469921267,0.6690117698684555,False,0.4049375989672802,19
43.0,0.7209300000000001,1.4185692199708888,0.381233595591698,0.9246568540651844,0.7077619812560038,0.25200299469921267,0.6690117698684555,False,0.4049375989672802,19
34.0,0.6930230000000001,1.4185692199708888,0.381233595591698,0.9246568540651844,0.7077619812560038,0.25200299469921267,0.6690117698684555,False,0.4049375989672802,19
77.0,0.660465,1.4185692199708888,0.381233595591698,0.9246568540651844,0.7077619812560038,0.25200299469921267,0.6690117698684555,False,0.3722673240264823,19
76.0,0.655814,1.4185692199708888,0.381233595591698,0.9246568540651844,0.7077619812560038,0.25200299469921267,0.6690117698684555,False,0.3722673240264823,19
57.0,0.67907,1.487687698171753,0.8822152530712498,0.234565447579232,0.5002625899171754,0.3639289870305218,0.998590516112712,False,0.362321546539671,19
24.0,0.613953,1.5596800072916115,0.1726807599827349,0.34956577413050827,0.42738234029421557,1.4061003219965238,0.34758174508940465,False,0.34033146612932524,19
6.0,0.5906980000000001,1.5596800072916115,0.1726807599827349,0.34956577413050827,0.42738234029421557,1.4061003219965238,0.34758174508940465,False,0.34033146612932524,19
15.0,0.6,1.5596800072916115,0.1726807599827349,0.34956577413050827,0.42738234029421557,1.4061003219965238,0.34758174508940465,False,0.34033146612932524,19
7.0,0.595349,1.5596800072916115,0.1726807599827349,0.34956577413050827,0.42738234029421557,1.4061003219965238,0.34758174508940465,False,0.34033146612932524,19
25.0,0.604651,1.5596800072916115,0.1726807599827349,0.34956577413050827,0.42738234029421557,1.4061003219965238,0.34758174508940465,False,0.34033146612932524,19
1.0,0.6,1.5596800072916115,0.1726807599827349,0.34956577413050827,0.42738234029421557,1.4061003219965238,0.34758174508940465,False,0.34033146612932524,19
8.0,0.5906980000000001,1.5596800072916115,0.1726807599827349,0.34956577413050827,0.42738234029421557,1.4061003219965238,0.34758174508940465,False,0.34033146612932524,19
40.0,0.637209,1.4185692199708888,0.381233595591698,0.9246568540651844,0.7077619812560038,0.25200299469921267,0.6690117698684555,False,0.3379636445860293,19
314.0,0.6,1.4185692199708888,0.381233595591698,0.9246568540651844,0.7077619812560038,0.25200299469921267,0.6690117698684555,False,0.32045227307722324,19
18.0,0.539535,1.5596800072916115,0.1726807599827349,0.34956577413050827,0.42738234029421557,1.4061003219965238,0.34758174508940465,False,0.24232435878404177,19
28.0,0.534884,1.5596800072916115,0.1726807599827349,0.34956577413050827,0.42738234029421557,1.4061003219965238,0.34758174508940465,False,0.2190400596763102,19
66.0,0.34883699999999995,1.800540296996097,1.4033227220474913,0.6500240053869104,0.24023141157814165,0.8579084592609065,0.23744775369020032,False,0.12555638873301886,19
142.0,0.390698,1.2713242199139396,0.45012537672267816,0.8645436686495666,0.4031248653221919,0.524304772642826,0.478342461747775,False,0.07930565969148833,19
303.0,0.37674399999999997,1.2476205094098916,0.6500777880802775,0.7096545568215961,0.6759412576777558,0.01164705544959721,0.4163099532746758,False,0.075359963091459,19
295.0,0.38604700000000003,0.874186565280673,0.6646710832344589,0.13116143743193812,0.30795140242968855,0.17792639052185394,0.42275206996227943,False,0.07528781825295594,19
81.0,0.35814,0.874186565280673,0.6646710832344589,0.13116143743193812,0.30795140242968855,0.17792639052185394,0.42275206996227943,False,0.06159573006179972,19
132.0,0.5023259999999999,1.4185692199708888,0.381233595591698,0.9246568540651844,0.7077619812560038,0.25200299469921267,0.6690117698684555,False,0.0038285460642136834,19
102.0,0.432558,1.4185692199708888,0.381233595591698,0.9246568540651844,0.7077619812560038,0.25200299469921267,0.6690117698684555,False,-0.020539658850799204,19
124.0,0.311628,1.800540296996097,1.4033227220474913,0.6500240053869104,0.24023141157814165,0.8579084592609065,0.23744775369020032,False,-0.10341519700738926,19
64.0,0.23255800000000001,1.4299140400345898,0.06464572870987018,1.2758282755976724,0.4853469105808774,0.4208226658614048,0.009163139198993392,True,-0.13929071811864488,19
131.0,0.218605,1.800540296996097,1.4033227220474913,0.6500240053869104,0.24023141157814165,0.8579084592609065,0.23744775369020032,False,-0.14063856923075543,19
101.0,0.24186,1.800540296996097,1.4033227220474913,0.6500240053869104,0.24023141157814165,0.8579084592609065,0.23744775369020032,False,-0.14956822704535663,19
65.0,0.227907,1.800540296996097,1.4033227220474913,0.6500240053869104,0.24023141157814165,0.8579084592609065,0.23744775369020032,True,-0.14956822704535663,19
89.0,0.18139500000000003,1.4299140400345898,0.06464572870987018,1.2758282755976724,0.4853469105808774,0.4208226658614048,0.009163139198993392,False,-0.17208239057205166,19
171.0,0.139535,1.5319057632599333,0.03579865226337764,1.2851774533172338,0.7933072767959849,0.1425521978522154,0.21003588493444558,False,-0.20510487788528095,19
60.0,0.265116,1.2713242199139396,0.45012537672267816,0.8645436686495666,0.4031248653221919,0.524304772642826,0.478342461747775,False,-0.2502143197776747,19
95.0,0.23255800000000001,1.487687698171753,0.8822152530712498,0.234565447579232,0.5002625899171754,0.3639289870305218,0.998590516112712,False,-0.25151363711532954,19
61.0,0.25116299999999997,1.2713242199139396,0.45012537672267816,0.8645436686495666,0.4031248653221919,0.524304772642826,0.478342461747775,False,-0.2748735433358795,19
108.0,0.227907,1.2713242199139396,0.45012537672267816,0.8645436686495666,0.4031248653221919,0.524304772642826,0.478342461747775,False,-0.2748735433358795,19
53.0,0.237209,1.2713242199139396,0.45012537672267816,0.8645436686495666,0.4031248653221919,0.524304772642826,0.478342461747775,False,-0.2748735433358795,19
91.0,0.25116299999999997,1.2713242199139396,0.45012537672267816,0.8645436686495666,0.4031248653221919,0.524304772642826,0.478342461747775,False,-0.2748735433358795,19
50.0,0.190698,1.487687698171753,0.8822152530712498,0.234565447579232,0.5002625899171754,0.3639289870305218,0.998590516112712,False,-0.2843053095687363,19
63.0,0.172093,1.487687698171753,0.8822152530712498,0.234565447579232,0.5002625899171754,0.3639289870305218,0.998590516112712,False,-0.2843053095687363,19
67.0,0.190698,1.4185692199708888,0.381233595591698,0.9246568540651844,0.7077619812560038,0.25200299469921267,0.6690117698684555,False,-0.30901958481741537,19
293.0,0.18604700000000002,1.4185692199708888,0.381233595591698,0.9246568540651844,0.7077619812560038,0.25200299469921267,0.6690117698684555,False,-0.30901958481741537,19
65.0,1.0,1.8299986706920899,0.02335314502665975,0.962957364475324,0.8415061953722041,1.0146923604299947,0.8266375362818472,False,0.5187964446901278,444
309.0,1.0,1.9077687233666352,1.1328640496799416,1.3162858250250211,0.6925526262148413,0.008162442771271206,0.37933680033428807,False,0.514140841843678,444
88.0,1.0,2.1894812002126276,1.1984704692337327,0.16038346721313168,0.6298663329605645,1.3863296679785169,1.0065446131142355,False,0.5043999059783113,444
124.0,1.0,1.6719576723779614,0.7075606257180893,0.10380477359971318,0.8720983860046996,0.7848671860635748,0.952603219343454,False,0.5005930195952413,444
72.0,1.0,2.3265906646986414,1.2124236616438788,0.3951055209907386,0.523947767984534,1.243033856993802,1.4026012191006714,False,0.47701464427714935,444
196.0,1.0,2.3265906646986414,1.2124236616438788,0.3951055209907386,0.523947767984534,1.243033856993802,1.4026012191006714,False,0.47701464427714935,444
197.0,1.0,2.3265906646986414,1.2124236616438788,0.3951055209907386,0.523947767984534,1.243033856993802,1.4026012191006714,False,0.47701464427714935,444
64.0,1.0,1.4882454375690553,0.2314260614454895,0.3862201595424497,0.19040402263411807,1.193999744969749,0.741796040747632,True,0.46776629716294144,444
67.0,1.0,1.5950151587934973,0.4815224772354141,0.08710436421274004,0.3369629101956148,0.5076919978499117,1.390441341051422,False,0.44202433532194557,444
68.0,0.790698,1.5950151587934973,0.4815224772354141,0.08710436421274004,0.3369629101956148,0.5076919978499117,1.390441341051422,False,0.39877070324452074,444
15.0,0.6,1.9077687233666352,1.1328640496799416,1.3162858250250211,0.6925526262148413,0.008162442771271206,0.37933680033428807,False,0.3591490771812876,444
7.0,0.595349,1.9077687233666352,1.1328640496799416,1.3162858250250211,0.6925526262148413,0.008162442771271206,0.37933680033428807,False,0.3591490771812876,444
6.0,0.5906980000000001,1.9077687233666352,1.1328640496799416,1.3162858250250211,0.6925526262148413,0.008162442771271206,0.37933680033428807,False,0.3591490771812876,444
24.0,0.613953,1.9077687233666352,1.1328640496799416,1.3162858250250211,0.6925526262148413,0.008162442771271206,0.37933680033428807,False,0.3591490771812876,444
25.0,0.604651,1.9077687233666352,1.1328640496799416,1.3162858250250211,0.6925526262148413,0.008162442771271206,0.37933680033428807,False,0.3591490771812876,444
1.0,0.6,1.9077687233666352,1.1328640496799416,1.3162858250250211,0.6925526262148413,0.008162442771271206,0.37933680033428807,False,0.3591490771812876,444
8.0,0.5906980000000001,1.9077687233666352,1.1328640496799416,1.3162858250250211,0.6925526262148413,0.008162442771271206,0.37933680033428807,False,0.3591490771812876,444
87.0,0.637209,2.1894812002126276,1.1984704692337327,0.16038346721313168,0.6298663329605645,1.3863296679785169,1.0065446131142355,False,0.3545728069529425,444
18.0,0.539535,1.9077687233666352,1.1328640496799416,1.3162858250250211,0.6925526262148413,0.008162442771271206,0.37933680033428807,False,0.2801770935307961,444
28.0,0.534884,1.9077687233666352,1.1328640496799416,1.3162858250250211,0.6925526262148413,0.008162442771271206,0.37933680033428807,False,0.2568927944230646,444
105.0,1.0,2.60418559513821,1.0334046439382574,1.1141501624811765,0.969719297041199,0.7427451592974661,1.7264127503414324,False,0.11659831157630544,444
74.0,0.35814,1.4882454375690553,0.2314260614454895,0.3862201595424497,0.19040402263411807,1.193999744969749,0.741796040747632,False,0.049116095692713274,444
86.0,0.5162789999999999,2.1894812002126276,1.1984704692337327,0.16038346721313168,0.6298663329605645,1.3863296679785169,1.0065446131142355,False,0.04346855188695673,444
90.0,0.5023259999999999,2.1894812002126276,1.1984704692337327,0.16038346721313168,0.6298663329605645,1.3863296679785169,1.0065446131142355,False,0.04346855188695673,444
75.0,0.395349,1.4882454375690553,0.2314260614454895,0.3862201595424497,0.19040402263411807,1.193999744969749,0.741796040747632,False,0.03442861000849427,444
101.0,0.274419,1.8299986706920899,0.02335314502665975,0.962957364475324,0.8415061953722041,1.0146923604299947,0.8266375362818472,False,-0.06874294420797147,444
109.0,0.218605,1.8299986706920899,0.02335314502665975,0.962957364475324,0.8415061953722041,1.0146923604299947,0.8266375362818472,False,-0.08447250995157514,444
76.0,0.209302,1.8299986706920899,0.02335314502665975,0.962957364475324,0.8415061953722041,1.0146923604299947,0.8266375362818472,False,-0.08447250995157514,444
71.0,0.209302,1.8299986706920899,0.02335314502665975,0.962957364475324,0.8415061953722041,1.0146923604299947,0.8266375362818472,False,-0.08447250995157514,444
107.0,0.209302,1.8299986706920899,0.02335314502665975,0.962957364475324,0.8415061953722041,1.0146923604299947,0.8266375362818472,False,-0.08447250995157514,444
70.0,0.227907,1.8299986706920899,0.02335314502665975,0.962957364475324,0.8415061953722041,1.0146923604299947,0.8266375362818472,False,-0.09340216776617631,444
66.0,0.227907,1.4882454375690553,0.2314260614454895,0.3862201595424497,0.19040402263411807,1.193999744969749,0.741796040747632,False,-0.15706893141877848,444
117.0,0.23255800000000001,1.4882454375690553,0.2314260614454895,0.3862201595424497,0.19040402263411807,1.193999744969749,0.741796040747632,False,-0.15706893141877848,444
119.0,0.483721,2.60418559513821,1.0334046439382574,1.1141501624811765,0.969719297041199,0.7427451592974661,1.7264127503414324,False,-0.18299735279300058,444
118.0,0.48837200000000003,2.60418559513821,1.0334046439382574,1.1141501624811765,0.969719297041199,0.7427451592974661,1.7264127503414324,False,-0.18299735279300058,444
77.0,0.260465,1.6719576723779614,0.7075606257180893,0.10380477359971318,0.8720983860046996,0.7848671860635748,0.952603219343454,False,-0.21891314781487992,444
189.0,0.265116,2.3265906646986414,1.2124236616438788,0.3951055209907386,0.523947767984534,1.243033856993802,1.4026012191006714,False,-0.234579824611103,444
12.0,0.539535,2.170849505122094,0.3182887226597373,0.021648302360927962,1.1178242707573474,1.736197006073488,0.5889822320992589,False,-0.2652591763471948,444
121.0,0.060465,2.1894812002126276,1.1984704692337327,0.16038346721313168,0.6298663329605645,1.3863296679785169,1.0065446131142355,False,-0.27141351725895924,444
92.0,0.060465,2.1894812002126276,1.1984704692337327,0.16038346721313168,0.6298663329605645,1.3863296679785169,1.0065446131142355,False,-0.27141351725895924,444
120.0,0.055814,2.1894812002126276,1.1984704692337327,0.16038346721313168,0.6298663329605645,1.3863296679785169,1.0065446131142355,False,-0.27141351725895924,444
130.0,0.190698,1.5950151587934973,0.4815224772354141,0.08710436421274004,0.3369629101956148,0.5076919978499117,1.390441341051422,False,-0.28954512672263794,444
144.0,0.032558,2.3265906646986414,1.2124236616438788,0.3951055209907386,0.523947767984534,1.243033856993802,1.4026012191006714,False,-0.29958277461064164,444
221.0,0.060465,2.3265906646986414,1.2124236616438788,0.3951055209907386,0.523947767984534,1.243033856993802,1.4026012191006714,False,-0.29958277461064164,444
248.0,0.032558,2.3265906646986414,1.2124236616438788,0.3951055209907386,0.523947767984534,1.243033856993802,1.4026012191006714,False,-0.29958277461064164,444
106.0,0.162791,2.60418559513821,1.0334046439382574,1.1141501624811765,0.969719297041199,0.7427451592974661,1.7264127503414324,False,-0.4219549803238784,444
125.0,0.12093,2.60418559513821,1.0334046439382574,1.1141501624811765,0.969719297041199,0.7427451592974661,1.7264127503414324,False,-0.444569978130043,444
27.0,0.08837199999999999,2.60418559513821,1.0334046439382574,1.1141501624811765,0.969719297041199,0.7427451592974661,1.7264127503414324,False,-0.444569978130043,444
26.0,0.08837199999999999,2.60418559513821,1.0334046439382574,1.1141501624811765,0.969719297041199,0.7427451592974661,1.7264127503414324,False,-0.444569978130043,444
2.0,0.47906999999999994,2.170849505122094,0.3182887226597373,0.021648302360927962,1.1178242707573474,1.736197006073488,0.5889822320992589,False,-0.4836542772738156,444
116.0,1.0,2.1525574356355235,1.2890957253072532,1.2086892132145006,0.7055897794971153,0.7749531360715058,0.6421812910116649,False,0.5553882015149442,61
171.0,1.0,2.1525574356355235,1.2890957253072532,1.2086892132145006,0.7055897794971153,0.7749531360715058,0.6421812910116649,False,0.5553882015149442,61
274.0,1.0,2.1525574356355235,1.2890957253072532,1.2086892132145006,0.7055897794971153,0.7749531360715058,0.6421812910116649,False,0.5553882015149442,61
90.0,1.0,2.6117431995162788,1.4697525308975288,2.008396991896518,0.7579724745011986,0.04777004161473353,0.22487176813355159,False,0.5157915292154199,61
91.0,1.0,2.6261069758897007,1.984663393764736,1.3733472921929366,0.5475943299057398,0.42309971861222295,0.7698008542853529,False,0.513228784167101,61
52.0,1.0,2.6261069758897007,1.984663393764736,1.3733472921929366,0.5475943299057398,0.42309971861222295,0.7698008542853529,False,0.513228784167101,61
57.0,1.0,2.6261069758897007,1.984663393764736,1.3733472921929366,0.5475943299057398,0.42309971861222295,0.7698008542853529,False,0.513228784167101,61
58.0,1.0,2.6261069758897007,1.984663393764736,1.3733472921929366,0.5475943299057398,0.42309971861222295,0.7698008542853529,False,0.513228784167101,61
96.0,1.0,2.6261069758897007,1.984663393764736,1.3733472921929366,0.5475943299057398,0.42309971861222295,0.7698008542853529,False,0.513228784167101,61
192.0,1.0,2.6261069758897007,1.984663393764736,1.3733472921929366,0.5475943299057398,0.42309971861222295,0.7698008542853529,False,0.513228784167101,61
49.0,0.781395,2.6261069758897007,1.984663393764736,1.3733472921929366,0.5475943299057398,0.42309971861222295,0.7698008542853529,False,0.4744064927420441,61
130.0,1.0,1.9533525220257548,1.1181410050863148,0.9994544723063365,0.358150920849557,1.1872289642051244,0.1692714691932664,False,0.45973316248589347,61
132.0,1.0,1.9533525220257548,1.1181410050863148,0.9994544723063365,0.358150920849557,1.1872289642051244,0.1692714691932664,False,0.45973316248589347,61
131.0,1.0,1.9533525220257548,1.1181410050863148,0.9994544723063365,0.358150920849557,1.1872289642051244,0.1692714691932664,False,0.45973316248589347,61
72.0,1.0,2.546588989010415,1.3025362740409712,0.39087440347228,1.775525277016086,1.1880061382177198,0.2681106874048709,True,0.45876749124156263,61
197.0,1.0,2.546588989010415,1.3025362740409712,0.39087440347228,1.775525277016086,1.1880061382177198,0.2681106874048709,False,0.45876749124156263,61
196.0,1.0,2.546588989010415,1.3025362740409712,0.39087440347228,1.775525277016086,1.1880061382177198,0.2681106874048709,False,0.45876749124156263,61
42.0,1.0,2.0264930830025607,0.4141160160218684,1.4295748397544024,0.5369623588703325,0.9737879349562089,0.8092628751911851,False,0.42514339485594843,61
3.0,1.0,2.0264930830025607,0.4141160160218684,1.4295748397544024,0.5369623588703325,0.9737879349562089,0.8092628751911851,False,0.42514339485594843,61
39.0,1.0,2.0264930830025607,0.4141160160218684,1.4295748397544024,0.5369623588703325,0.9737879349562089,0.8092628751911851,False,0.42514339485594843,61
40.0,1.0,2.0264930830025607,0.4141160160218684,1.4295748397544024,0.5369623588703325,0.9737879349562089,0.8092628751911851,False,0.42514339485594843,61
41.0,1.0,2.0264930830025607,0.4141160160218684,1.4295748397544024,0.5369623588703325,0.9737879349562089,0.8092628751911851,False,0.42514339485594843,61
298.0,1.0,2.0264930830025607,0.4141160160218684,1.4295748397544024,0.5369623588703325,0.9737879349562089,0.8092628751911851,False,0.42514339485594843,61
43.0,1.0,2.0264930830025607,0.4141160160218684,1.4295748397544024,0.5369623588703325,0.9737879349562089,0.8092628751911851,False,0.42514339485594843,61
34.0,0.7860469999999999,2.0264930830025607,0.4141160160218684,1.4295748397544024,0.5369623588703325,0.9737879349562089,0.8092628751911851,False,0.38632110343089143,61
36.0,0.87907,2.0264930830025607,0.4141160160218684,1.4295748397544024,0.5369623588703325,0.9737879349562089,0.8092628751911851,False,0.38632110343089143,61
313.0,0.730233,2.0264930830025607,0.4141160160218684,1.4295748397544024,0.5369623588703325,0.9737879349562089,0.8092628751911851,False,0.35058881006403264,61
312.0,0.744186,2.0264930830025607,0.4141160160218684,1.4295748397544024,0.5369623588703325,0.9737879349562089,0.8092628751911851,False,0.35058881006403264,61
311.0,0.734884,2.0264930830025607,0.4141160160218684,1.4295748397544024,0.5369623588703325,0.9737879349562089,0.8092628751911851,False,0.35058881006403264,61
310.0,0.6511629999999999,2.0264930830025607,0.4141160160218684,1.4295748397544024,0.5369623588703325,0.9737879349562089,0.8092628751911851,False,0.31791853512323476,61
32.0,0.623256,2.0264930830025607,0.4141160160218684,1.4295748397544024,0.5369623588703325,0.9737879349562089,0.8092628751911851,False,0.29930944796239417,61
314.0,0.627907,2.0264930830025607,0.4141160160218684,1.4295748397544024,0.5369623588703325,0.9737879349562089,0.8092628751911851,False,0.29930944796239417,61
38.0,0.562791,2.0264930830025607,0.4141160160218684,1.4295748397544024,0.5369623588703325,0.9737879349562089,0.8092628751911851,False,0.29486369174492993,61
35.0,0.581395,2.0264930830025607,0.4141160160218684,1.4295748397544024,0.5369623588703325,0.9737879349562089,0.8092628751911851,False,0.28654451415470433,61
33.0,0.581395,2.0264930830025607,0.4141160160218684,1.4295748397544024,0.5369623588703325,0.9737879349562089,0.8092628751911851,False,0.28654451415470433,61
1.0,1.0,1.492999533079647,0.22817611026264495,0.017417184842469347,1.1816487742432726,0.6948429891380339,0.5455082995965416,False,0.2487751839634533,61
6.0,0.809302,1.492999533079647,0.22817611026264495,0.017417184842469347,1.1816487742432726,0.6948429891380339,0.5455082995965416,False,0.20552155188602855,61
65.0,1.0,2.26938191299736,0.06675946737043259,0.9587262469568654,1.457966849628416,1.4163476347815271,0.3078529954139533,False,0.1967445745150272,61
142.0,0.390698,2.6261069758897007,1.984663393764736,1.3733472921929366,0.5475943299057398,0.42309971861222295,0.7698008542853529,False,0.1578020042414686,61
64.0,1.0,2.526252646123921,0.32153867384258183,0.3819890420239911,2.109069022366502,1.2370402502417728,0.39269449094816855,False,0.14595693464415455,61
7.0,0.660465,1.492999533079647,0.22817611026264495,0.017417184842469347,1.1816487742432726,0.6948429891380339,0.5455082995965416,False,0.13711898357837177,61
60.0,0.367442,2.6261069758897007,1.984663393764736,1.3733472921929366,0.5475943299057398,0.42309971861222295,0.7698008542853529,False,0.13122641856978606,61
61.0,0.35814,2.6261069758897007,1.984663393764736,1.3733472921929366,0.5475943299057398,0.42309971861222295,0.7698008542853529,False,0.1188193051612456,61
8.0,0.6418600000000001,1.492999533079647,0.22817611026264495,0.017417184842469347,1.1816487742432726,0.6948429891380339,0.5455082995965416,False,0.1028153041379187,61
309.0,0.6,1.492999533079647,0.22817611026264495,0.017417184842469347,1.1816487742432726,0.6948429891380339,0.5455082995965416,False,0.08530393262911273,61
88.0,0.5023259999999999,2.6117431995162788,1.4697525308975288,2.008396991896518,0.7579724745011986,0.04777004161473353,0.22487176813355159,False,0.07422242022488715,61
87.0,0.497674,2.6117431995162788,1.4697525308975288,2.008396991896518,0.7579724745011986,0.04777004161473353,0.22487176813355159,False,0.07422242022488715,61
86.0,0.45116300000000004,2.6117431995162788,1.4697525308975288,2.008396991896518,0.7579724745011986,0.04777004161473353,0.22487176813355159,False,0.049854215309874245,61
12.0,0.539535,1.492999533079647,0.22817611026264495,0.017417184842469347,1.1816487742432726,0.6948429891380339,0.5455082995965416,False,-0.012703174716170738,61
124.0,1.0,2.2744845860194935,0.617448013320997,0.1080358911181718,1.4273746589959204,1.646172809147947,0.1818873123523464,False,-0.06858476754086544,61
18.0,0.530233,1.492999533079647,0.22817611026264495,0.017417184842469347,1.1816487742432726,0.6948429891380339,0.5455082995965416,False,-0.08479759034739844,61
136.0,0.339535,2.6261069758897007,1.984663393764736,1.3733472921929366,0.5475943299057398,0.42309971861222295,0.7698008542853529,False,-0.11597723117966727,61
50.0,0.325581,2.6261069758897007,1.984663393764736,1.3733472921929366,0.5475943299057398,0.42309971861222295,0.7698008542853529,False,-0.1526893709846055,61
53.0,0.330233,2.6261069758897007,1.984663393764736,1.3733472921929366,0.5475943299057398,0.42309971861222295,0.7698008542853529,False,-0.1526893709846055,61
285.0,0.26976700000000003,2.1525574356355235,1.2890957253072532,1.2086892132145006,0.7055897794971153,0.7749531360715058,0.6421812910116649,False,-0.22355599616317026,61
74.0,0.35814,2.526252646123921,0.32153867384258183,0.3819890420239911,2.109069022366502,1.2370402502417728,0.39269449094816855,False,-0.2359816729605616,61
108.0,0.227907,2.6261069758897007,1.984663393764736,1.3733472921929366,0.5475943299057398,0.42309971861222295,0.7698008542853529,False,-0.25348268197036716,61
97.0,0.237209,2.6261069758897007,1.984663393764736,1.3733472921929366,0.5475943299057398,0.42309971861222295,0.7698008542853529,False,-0.25348268197036716,61
75.0,0.395349,2.526252646123921,0.32153867384258183,0.3819890420239911,2.109069022366502,1.2370402502417728,0.39269449094816855,False,-0.25577548962513696,61
76.0,0.209302,1.9533525220257548,1.1181410050863148,0.9994544723063365,0.358150920849557,1.1872289642051244,0.1692714691932664,False,-0.26687768420572094,61
109.0,0.190698,1.9533525220257548,1.1181410050863148,0.9994544723063365,0.358150920849557,1.1872289642051244,0.1692714691932664,False,-0.26687768420572094,61
67.0,0.190698,1.9533525220257548,1.1181410050863148,0.9994544723063365,0.358150920849557,1.1872289642051244,0.1692714691932664,False,-0.26687768420572094,61
128.0,0.21395299999999998,1.9533525220257548,1.1181410050863148,0.9994544723063365,0.358150920849557,1.1872289642051244,0.1692714691932664,False,-0.26687768420572094,61
70.0,0.223256,1.9533525220257548,1.1181410050863148,0.9994544723063365,0.358150920849557,1.1872289642051244,0.1692714691932664,False,-0.26687768420572094,61
71.0,0.218605,1.9533525220257548,1.1181410050863148,0.9994544723063365,0.358150920849557,1.1872289642051244,0.1692714691932664,False,-0.26687768420572094,61
293.0,0.18604700000000002,1.9533525220257548,1.1181410050863148,0.9994544723063365,0.358150920849557,1.1872289642051244,0.1692714691932664,False,-0.26687768420572094,61
15.0,0.47906999999999994,1.492999533079647,0.22817611026264495,0.017417184842469347,1.1816487742432726,0.6948429891380339,0.5455082995965416,False,-0.2747231229937018,61
24.0,0.48837200000000003,1.492999533079647,0.22817611026264495,0.017417184842469347,1.1816487742432726,0.6948429891380339,0.5455082995965416,False,-0.2747231229937018,61
2.0,0.47906999999999994,1.492999533079647,0.22817611026264495,0.017417184842469347,1.1816487742432726,0.6948429891380339,0.5455082995965416,False,-0.2747231229937018,61
95.0,0.172093,2.6261069758897007,1.984663393764736,1.3733472921929366,0.5475943299057398,0.42309971861222295,0.7698008542853529,False,-0.2862743544237739,61
107.0,0.15814,1.9533525220257548,1.1181410050863148,0.9994544723063365,0.358150920849557,1.1872289642051244,0.1692714691932664,False,-0.28949268201188566,61
129.0,0.153488,1.9533525220257548,1.1181410050863148,0.9994544723063365,0.358150920849557,1.1872289642051244,0.1692714691932664,False,-0.28949268201188566,61
80.0,0.11627900000000001,2.1525574356355235,1.2890957253072532,1.2086892132145006,0.7055897794971153,0.7749531360715058,0.6421812910116649,False,-0.3036218899809466,61
81.0,0.102326,2.1525574356355235,1.2890957253072532,1.2086892132145006,0.7055897794971153,0.7749531360715058,0.6421812910116649,False,-0.3036218899809466,61
100.0,0.15814,2.1525574356355235,1.2890957253072532,1.2086892132145006,0.7055897794971153,0.7749531360715058,0.6421812910116649,False,-0.3036218899809466,61
177.0,0.139535,2.1525574356355235,1.2890957253072532,1.2086892132145006,0.7055897794971153,0.7749531360715058,0.6421812910116649,False,-0.3036218899809466,61
127.0,0.10697699999999999,2.1525574356355235,1.2890957253072532,1.2086892132145006,0.7055897794971153,0.7749531360715058,0.6421812910116649,False,-0.3036218899809466,61
101.0,0.10697699999999999,2.1525574356355235,1.2890957253072532,1.2086892132145006,0.7055897794971153,0.7749531360715058,0.6421812910116649,False,-0.3036218899809466,61
63.0,0.15814,2.6261069758897007,1.984663393764736,1.3733472921929366,0.5475943299057398,0.42309971861222295,0.7698008542853529,False,-0.30888935222993863,61
237.0,0.09302300000000001,2.6261069758897007,1.984663393764736,1.3733472921929366,0.5475943299057398,0.42309971861222295,0.7698008542853529,False,-0.30888935222993863,61
189.0,0.265116,2.546588989010415,1.3025362740409712,0.39087440347228,1.775525277016086,1.1880061382177198,0.2681106874048709,False,-0.3213045419371398,61
114.0,0.037209,2.1525574356355235,1.2890957253072532,1.2086892132145006,0.7055897794971153,0.7749531360715058,0.6421812910116649,False,-0.34281056981508246,61
262.0,0.04186,2.1525574356355235,1.2890957253072532,1.2086892132145006,0.7055897794971153,0.7749531360715058,0.6421812910116649,False,-0.34281056981508246,61
246.0,0.055814,2.1525574356355235,1.2890957253072532,1.2086892132145006,0.7055897794971153,0.7749531360715058,0.6421812910116649,False,-0.34281056981508246,61
115.0,0.04186,2.1525574356355235,1.2890957253072532,1.2086892132145006,0.7055897794971153,0.7749531360715058,0.6421812910116649,False,-0.34281056981508246,61
236.0,0.065116,2.6261069758897007,1.984663393764736,1.3733472921929366,0.5475943299057398,0.42309971861222295,0.7698008542853529,False,-0.3480780320640745,61
45.0,0.046512000000000005,2.6117431995162788,1.4697525308975288,2.008396991896518,0.7579724745011986,0.04777004161473353,0.22487176813355159,False,-0.3737115809094127,61
13.0,0.051163,2.6117431995162788,1.4697525308975288,2.008396991896518,0.7579724745011986,0.04777004161473353,0.22487176813355159,False,-0.3737115809094127,61
259.0,0.046512000000000005,2.6117431995162788,1.4697525308975288,2.008396991896518,0.7579724745011986,0.04777004161473353,0.22487176813355159,False,-0.3737115809094127,61
221.0,0.060465,2.546588989010415,1.3025362740409712,0.39087440347228,1.775525277016086,1.1880061382177198,0.2681106874048709,False,-0.3863074919366785,61
144.0,0.032558,2.546588989010415,1.3025362740409712,0.39087440347228,1.775525277016086,1.1880061382177198,0.2681106874048709,False,-0.3863074919366785,61
248.0,0.032558,2.546588989010415,1.3025362740409712,0.39087440347228,1.775525277016086,1.1880061382177198,0.2681106874048709,False,-0.3863074919366785,61
68.0,0.204651,2.26938191299736,0.06675946737043259,0.9587262469568654,1.457966849628416,1.4163476347815271,0.3078529954139533,False,-0.40063667639822614,61
117.0,0.23255800000000001,2.526252646123921,0.32153867384258183,0.3819890420239911,2.109069022366502,1.2370402502417728,0.39269449094816855,False,-0.5716974902810956,61
66.0,0.227907,2.526252646123921,0.32153867384258183,0.3819890420239911,2.109069022366502,1.2370402502417728,0.39269449094816855,False,-0.5716974902810956,61
77.0,0.260465,2.2744845860194935,0.617448013320997,0.1080358911181718,1.4273746589959204,1.646172809147947,0.1818873123523464,False,-0.6234151879252813,61
307.0,1.0,1.1331623613672477,0.06203126225741862,0.31259284712151114,0.3491791715473336,0.7849362063161957,0.6666662056997281,True,0.563234718906645,64
303.0,1.0,1.1495854188691315,0.9102441098038152,0.0655339132630477,0.5195675996897187,0.28316170469727475,0.37225872777143243,False,0.5069551960391679,64
304.0,1.0,1.1495854188691315,0.9102441098038152,0.0655339132630477,0.5195675996897187,0.28316170469727475,0.37225872777143243,False,0.5069551960391679,64
302.0,1.0,1.1495854188691315,0.9102441098038152,0.0655339132630477,0.5195675996897187,0.28316170469727475,0.37225872777143243,False,0.5069551960391679,64
308.0,1.0,1.1495854188691315,0.9102441098038152,0.0655339132630477,0.5195675996897187,0.28316170469727475,0.37225872777143243,True,0.5069551960391679,64
299.0,1.0,1.1495854188691315,0.9102441098038152,0.0655339132630477,0.5195675996897187,0.28316170469727475,0.37225872777143243,False,0.5069551960391679,64
142.0,1.0,1.1495854188691315,0.9102441098038152,0.0655339132630477,0.5195675996897187,0.28316170469727475,0.37225872777143243,False,0.5069551960391679,64
305.0,0.706977,1.1331623613672477,0.06203126225741862,0.31259284712151114,0.3491791715473336,0.7849362063161957,0.6666662056997281,False,0.48424879346236127,64
306.0,0.6976739999999999,1.1331623613672477,0.06203126225741862,0.31259284712151114,0.3491791715473336,0.7849362063161957,0.6666662056997281,False,0.48424879346236127,64
300.0,0.7534879999999999,1.1495854188691315,0.9102441098038152,0.0655339132630477,0.5195675996897187,0.28316170469727475,0.37225872777143243,False,0.46370156396174317,64
301.0,0.734884,1.1495854188691315,0.9102441098038152,0.0655339132630477,0.5195675996897187,0.28316170469727475,0.37225872777143243,False,0.4279692705948843,64
122.0,1.0,3.5334962929579277,1.6795092995421974,2.42394118022843,1.2990330747584569,0.7881201126919768,1.216853926543969,False,0.39190523611541267,64
177.0,1.0,4.965934248755464,1.1004189560412012,3.225589361857015,3.1680425186757173,0.932432508030803,1.4626108746528401,False,0.23887338329702618,64
13.0,0.84186,5.501166163561489,1.3400503351205149,3.3586710631582504,3.1152478927875977,0.6275079275212709,2.662308643891811,False,0.22349052421249901,64
53.0,0.7767440000000001,5.501166163561489,1.3400503351205149,3.3586710631582504,3.1152478927875977,0.6275079275212709,2.662308643891811,False,0.22349052421249901,64
41.0,0.7860469999999999,5.501166163561489,1.3400503351205149,3.3586710631582504,3.1152478927875977,0.6275079275212709,2.662308643891811,False,0.22349052421249901,64
314.0,0.8046510000000001,5.501166163561489,1.3400503351205149,3.3586710631582504,3.1152478927875977,0.6275079275212709,2.662308643891811,False,0.22349052421249901,64
14.0,0.916279,5.501166163561489,1.3400503351205149,3.3586710631582504,3.1152478927875977,0.6275079275212709,2.662308643891811,False,0.22349052421249901,64
23.0,0.9953489999999999,5.501166163561489,1.3400503351205149,3.3586710631582504,3.1152478927875977,0.6275079275212709,2.662308643891811,False,0.22349052421249901,64
6.0,0.809302,5.501166163561489,1.3400503351205149,3.3586710631582504,3.1152478927875977,0.6275079275212709,2.662308643891811,False,0.22349052421249901,64
1.0,0.809302,5.501166163561489,1.3400503351205149,3.3586710631582504,3.1152478927875977,0.6275079275212709,2.662308643891811,False,0.22349052421249901,64
19.0,0.967442,5.501166163561489,1.3400503351205149,3.3586710631582504,3.1152478927875977,0.6275079275212709,2.662308643891811,False,0.22349052421249901,64
21.0,0.9069769999999999,5.501166163561489,1.3400503351205149,3.3586710631582504,3.1152478927875977,0.6275079275212709,2.662308643891811,False,0.22349052421249901,64
10.0,0.9069769999999999,5.501166163561489,1.3400503351205149,3.3586710631582504,3.1152478927875977,0.6275079275212709,2.662308643891811,False,0.22349052421249901,64
123.0,1.0,5.501166163561489,1.3400503351205149,3.3586710631582504,3.1152478927875977,0.6275079275212709,2.662308643891811,False,0.21987864693505205,64
18.0,1.0,5.501166163561489,1.3400503351205149,3.3586710631582504,3.1152478927875977,0.6275079275212709,2.662308643891811,False,0.21987864693505205,64
11.0,1.0,5.501166163561489,1.3400503351205149,3.3586710631582504,3.1152478927875977,0.6275079275212709,2.662308643891811,False,0.21987864693505205,64
12.0,1.0,5.501166163561489,1.3400503351205149,3.3586710631582504,3.1152478927875977,0.6275079275212709,2.662308643891811,False,0.21987864693505205,64
15.0,1.0,5.501166163561489,1.3400503351205149,3.3586710631582504,3.1152478927875977,0.6275079275212709,2.662308643891811,False,0.21987864693505205,64
27.0,1.0,5.501166163561489,1.3400503351205149,3.3586710631582504,3.1152478927875977,0.6275079275212709,2.662308643891811,False,0.21987864693505205,64
26.0,1.0,5.501166163561489,1.3400503351205149,3.3586710631582504,3.1152478927875977,0.6275079275212709,2.662308643891811,False,0.21987864693505205,64
28.0,1.0,5.501166163561489,1.3400503351205149,3.3586710631582504,3.1152478927875977,0.6275079275212709,2.662308643891811,False,0.21987864693505205,64
31.0,1.0,5.501166163561489,1.3400503351205149,3.3586710631582504,3.1152478927875977,0.6275079275212709,2.662308643891811,False,0.21987864693505205,64
33.0,1.0,5.501166163561489,1.3400503351205149,3.3586710631582504,3.1152478927875977,0.6275079275212709,2.662308643891811,False,0.21987864693505205,64
30.0,1.0,5.501166163561489,1.3400503351205149,3.3586710631582504,3.1152478927875977,0.6275079275212709,2.662308643891811,False,0.21987864693505205,64
29.0,1.0,5.501166163561489,1.3400503351205149,3.3586710631582504,3.1152478927875977,0.6275079275212709,2.662308643891811,False,0.21987864693505205,64
34.0,1.0,5.501166163561489,1.3400503351205149,3.3586710631582504,3.1152478927875977,0.6275079275212709,2.662308643891811,False,0.21987864693505205,64
32.0,1.0,5.501166163561489,1.3400503351205149,3.3586710631582504,3.1152478927875977,0.6275079275212709,2.662308643891811,False,0.21987864693505205,64
2.0,1.0,5.501166163561489,1.3400503351205149,3.3586710631582504,3.1152478927875977,0.6275079275212709,2.662308643891811,False,0.21987864693505205,64
110.0,1.0,5.501166163561489,1.3400503351205149,3.3586710631582504,3.1152478927875977,0.6275079275212709,2.662308643891811,False,0.21987864693505205,64
87.0,1.0,5.501166163561489,1.3400503351205149,3.3586710631582504,3.1152478927875977,0.6275079275212709,2.662308643891811,False,0.21987864693505205,64
38.0,1.0,5.501166163561489,1.3400503351205149,3.3586710631582504,3.1152478927875977,0.6275079275212709,2.662308643891811,False,0.21987864693505205,64
50.0,1.0,5.501166163561489,1.3400503351205149,3.3586710631582504,3.1152478927875977,0.6275079275212709,2.662308643891811,False,0.21987864693505205,64
55.0,1.0,5.501166163561489,1.3400503351205149,3.3586710631582504,3.1152478927875977,0.6275079275212709,2.662308643891811,False,0.21987864693505205,64
73.0,1.0,5.501166163561489,1.3400503351205149,3.3586710631582504,3.1152478927875977,0.6275079275212709,2.662308643891811,False,0.21987864693505205,64
8.0,1.0,5.501166163561489,1.3400503351205149,3.3586710631582504,3.1152478927875977,0.6275079275212709,2.662308643891811,False,0.21987864693505205,64
7.0,1.0,5.501166163561489,1.3400503351205149,3.3586710631582504,3.1152478927875977,0.6275079275212709,2.662308643891811,False,0.21987864693505205,64
17.0,1.0,5.501166163561489,1.3400503351205149,3.3586710631582504,3.1152478927875977,0.6275079275212709,2.662308643891811,False,0.21987864693505205,64
16.0,1.0,5.501166163561489,1.3400503351205149,3.3586710631582504,3.1152478927875977,0.6275079275212709,2.662308643891811,False,0.21987864693505205,64
20.0,1.0,5.501166163561489,1.3400503351205149,3.3586710631582504,3.1152478927875977,0.6275079275212709,2.662308643891811,False,0.21987864693505205,64
22.0,1.0,5.501166163561489,1.3400503351205149,3.3586710631582504,3.1152478927875977,0.6275079275212709,2.662308643891811,False,0.21987864693505205,64
311.0,0.6930230000000001,5.501166163561489,1.3400503351205149,3.3586710631582504,3.1152478927875977,0.6275079275212709,2.662308643891811,False,0.2015215621429122,64
111.0,0.734884,5.501166163561489,1.3400503351205149,3.3586710631582504,3.1152478927875977,0.6275079275212709,2.662308643891811,False,0.2015215621429122,64
9.0,0.67907,5.501166163561489,1.3400503351205149,3.3586710631582504,3.1152478927875977,0.6275079275212709,2.662308643891811,False,0.17334729226525628,64
312.0,0.655814,5.501166163561489,1.3400503351205149,3.3586710631582504,3.1152478927875977,0.6275079275212709,2.662308643891811,False,0.17334729226525628,64
313.0,0.6418600000000001,5.501166163561489,1.3400503351205149,3.3586710631582504,3.1152478927875977,0.6275079275212709,2.662308643891811,False,0.15948464280553185,64
310.0,0.637209,5.501166163561489,1.3400503351205149,3.3586710631582504,3.1152478927875977,0.6275079275212709,2.662308643891811,False,0.15948464280553185,64
88.0,0.637209,5.501166163561489,1.3400503351205149,3.3586710631582504,3.1152478927875977,0.6275079275212709,2.662308643891811,False,0.15948464280553185,64
66.0,1.0,5.032899610305633,1.7123529698705762,2.935402766216714,2.090755308619404,1.1748277416266686,2.833700480125138,False,0.15792755046137535,64
40.0,0.623256,5.501166163561489,1.3400503351205149,3.3586710631582504,3.1152478927875977,0.6275079275212709,2.662308643891811,False,0.1411597404383727,64
298.0,0.562791,5.501166163561489,1.3400503351205149,3.3586710631582504,3.1152478927875977,0.6275079275212709,2.662308643891811,False,0.13671398422090847,64
36.0,0.55814,5.501166163561489,1.3400503351205149,3.3586710631582504,3.1152478927875977,0.6275079275212709,2.662308643891811,False,0.13671398422090847,64
43.0,0.562791,5.501166163561489,1.3400503351205149,3.3586710631582504,3.1152478927875977,0.6275079275212709,2.662308643891811,False,0.13671398422090847,64
35.0,0.567442,5.501166163561489,1.3400503351205149,3.3586710631582504,3.1152478927875977,0.6275079275212709,2.662308643891811,False,0.12839480663068287,64
39.0,0.613953,5.501166163561489,1.3400503351205149,3.3586710631582504,3.1152478927875977,0.6275079275212709,2.662308643891811,False,0.12839480663068287,64
309.0,0.5906980000000001,5.501166163561489,1.3400503351205149,3.3586710631582504,3.1152478927875977,0.6275079275212709,2.662308643891811,False,0.12839480663068287,64
24.0,0.539535,5.501166163561489,1.3400503351205149,3.3586710631582504,3.1152478927875977,0.6275079275212709,2.662308643891811,False,0.09729605090286292,64
58.0,0.390698,1.1495854188691315,0.9102441098038152,0.0655339132630477,0.5195675996897187,0.28316170469727475,0.37225872777143243,False,0.08194783859617139,64
103.0,1.0,4.057833287158299,2.0389861405122405,2.0162107077168994,1.0159241945159216,1.9939335876664797,1.7987684026103268,False,0.014958799468406739,64
295.0,0.38604700000000003,5.501166163561489,1.3400503351205149,3.3586710631582504,3.1152478927875977,0.6275079275212709,2.662308643891811,False,0.013674954085811694,64
37.0,0.390698,5.501166163561489,1.3400503351205149,3.3586710631582504,3.1152478927875977,0.6275079275212709,2.662308643891811,False,0.013674954085811694,64
25.0,0.367442,5.501166163561489,1.3400503351205149,3.3586710631582504,3.1152478927875977,0.6275079275212709,2.662308643891811,False,-0.01290063158587082,64
61.0,0.372093,5.501166163561489,1.3400503351205149,3.3586710631582504,3.1152478927875977,0.6275079275212709,2.662308643891811,False,-0.01290063158587082,64
78.0,0.404651,5.501166163561489,1.3400503351205149,3.3586710631582504,3.1152478927875977,0.6275079275212709,2.662308643891811,False,-0.014704619789563562,64
81.0,0.35814,5.501166163561489,1.3400503351205149,3.3586710631582504,3.1152478927875977,0.6275079275212709,2.662308643891811,False,-0.020201414014054918,64
60.0,0.362791,5.501166163561489,1.3400503351205149,3.3586710631582504,3.1152478927875977,0.6275079275212709,2.662308643891811,False,-0.020201414014054918,64
79.0,0.604651,4.057833287158299,2.0389861405122405,2.0162107077168994,1.0159241945159216,1.9939335876664797,1.7987684026103268,False,-0.04881461953396515,64
90.0,0.497674,5.501166163561489,1.3400503351205149,3.3586710631582504,3.1152478927875977,0.6275079275212709,2.662308643891811,False,-0.06044779051333393,64
109.0,0.35348799999999997,5.032899610305633,1.7123529698705762,2.935402766216714,2.090755308619404,1.1748277416266686,2.833700480125138,False,-0.0741228507895616,64
71.0,0.34883699999999995,5.032899610305633,1.7123529698705762,2.935402766216714,2.090755308619404,1.1748277416266686,2.833700480125138,False,-0.0741228507895616,64
86.0,0.49302300000000004,5.501166163561489,1.3400503351205149,3.3586710631582504,3.1152478927875977,0.6275079275212709,2.662308643891811,False,-0.08481599542834684,64
62.0,0.432558,5.501166163561489,1.3400503351205149,3.3586710631582504,3.1152478927875977,0.6275079275212709,2.662308643891811,False,-0.08481599542834684,64
113.0,1.0,3.421340684084319,0.8736219928214741,1.1648239725909093,2.223243136630481,1.7465925892917327,1.261802712615322,False,-0.10276316735153769,64
108.0,0.293023,1.1495854188691315,0.9102441098038152,0.0655339132630477,0.5195675996897187,0.28316170469727475,0.37225872777143243,False,-0.16461317783705356,64
91.0,0.265116,1.1495854188691315,0.9102441098038152,0.0655339132630477,0.5195675996897187,0.28316170469727475,0.37225872777143243,False,-0.24074726526461032,64
120.0,0.293023,3.5334962929579277,1.6795092995421974,2.42394118022843,1.2990330747584569,0.7881201126919768,1.216853926543969,False,-0.2457365760645515,64
104.0,0.30232600000000004,3.5334962929579277,1.6795092995421974,2.42394118022843,1.2990330747584569,0.7881201126919768,1.216853926543969,False,-0.2457365760645515,64
52.0,0.255814,1.1495854188691315,0.9102441098038152,0.0655339132630477,0.5195675996897187,0.28316170469727475,0.37225872777143243,False,-0.2654064888228152,64
49.0,0.24651199999999998,1.1495854188691315,0.9102441098038152,0.0655339132630477,0.5195675996897187,0.28316170469727475,0.37225872777143243,False,-0.2654064888228152,64
121.0,0.311628,5.501166163561489,1.3400503351205149,3.3586710631582504,3.1152478927875977,0.6275079275212709,2.662308643891811,False,-0.27303608323166195,64
70.0,0.33488399999999996,5.032899610305633,1.7123529698705762,2.935402766216714,2.090755308619404,1.1748277416266686,2.833700480125138,False,-0.3060095130635886,64
124.0,0.288372,5.032899610305633,1.7123529698705762,2.935402766216714,2.090755308619404,1.1748277416266686,2.833700480125138,False,-0.36614022464405477,64
76.0,0.21395299999999998,5.032899610305633,1.7123529698705762,2.935402766216714,2.090755308619404,1.1748277416266686,2.833700480125138,False,-0.3670248747272548,64
65.0,0.195349,5.032899610305633,1.7123529698705762,2.935402766216714,2.090755308619404,1.1748277416266686,2.833700480125138,False,-0.3670248747272548,64
77.0,0.195349,5.032899610305633,1.7123529698705762,2.935402766216714,2.090755308619404,1.1748277416266686,2.833700480125138,False,-0.3670248747272548,64
101.0,0.209302,5.032899610305633,1.7123529698705762,2.935402766216714,2.090755308619404,1.1748277416266686,2.833700480125138,False,-0.3670248747272548,64
107.0,0.21395299999999998,5.501166163561489,1.3400503351205149,3.3586710631582504,3.1152478927875977,0.6275079275212709,2.662308643891811,False,-0.3757727751633361,64
102.0,0.190698,5.501166163561489,1.3400503351205149,3.3586710631582504,3.1152478927875977,0.6275079275212709,2.662308643891811,False,-0.3757727751633361,64
97.0,0.190698,5.501166163561489,1.3400503351205149,3.3586710631582504,3.1152478927875977,0.6275079275212709,2.662308643891811,False,-0.3757727751633361,64
64.0,0.227907,5.032899610305633,1.7123529698705762,2.935402766216714,2.090755308619404,1.1748277416266686,2.833700480125138,False,-0.375954532541856,64
117.0,1.0,4.847669249177517,0.5802663299312125,3.3171162470788316,1.5654267652990872,1.6639390555051647,2.634515857076008,False,-0.38032465921558173,64
171.0,0.139535,4.965934248755464,1.1004189560412012,3.225589361857015,3.1680425186757173,0.932432508030803,1.4626108746528401,False,-0.4039526586628425,64
84.0,0.046512000000000005,5.501166163561489,1.3400503351205149,3.3586710631582504,3.1152478927875977,0.6275079275212709,2.662308643891811,False,-0.4375764528036366,64
45.0,0.04186,5.501166163561489,1.3400503351205149,3.3586710631582504,3.1152478927875977,0.6275079275212709,2.662308643891811,False,-0.4375764528036366,64
154.0,0.051163,3.421340684084319,0.8736219928214741,1.1648239725909093,2.223243136630481,1.7465925892917327,1.261802712615322,False,-0.661015572472267,64
162.0,0.037209,3.421340684084319,0.8736219928214741,1.1648239725909093,2.223243136630481,1.7465925892917327,1.261802712615322,False,-0.661015572472267,64
255.0,0.032558,3.421340684084319,0.8736219928214741,1.1648239725909093,2.223243136630481,1.7465925892917327,1.261802712615322,False,-0.661015572472267,64
267.0,0.032558,3.421340684084319,0.8736219928214741,1.1648239725909093,2.223243136630481,1.7465925892917327,1.261802712615322,False,-0.661015572472267,64
93.0,0.051163,3.421340684084319,0.8736219928214741,1.1648239725909093,2.223243136630481,1.7465925892917327,1.261802712615322,False,-0.661015572472267,64
146.0,0.074419,3.421340684084319,0.8736219928214741,1.1648239725909093,2.223243136630481,1.7465925892917327,1.261802712615322,False,-0.661015572472267,64
89.0,0.18139500000000003,4.847669249177517,0.5802663299312125,3.3171162470788316,1.5654267652990872,1.6639390555051647,2.634515857076008,False,-0.7030370566462087,64
53.0,1.0,1.0949387973596088,0.08792125040189935,0.16084605752568892,0.9082865637344545,0.5491823928096394,0.19673227248433656,False,0.5396783559449223,30
57.0,1.0,1.2802949261382779,0.7018982017610442,0.39922910338785633,0.6436109917494931,0.30044817933200474,0.6946984368079986,False,0.5107748100415203,30
50.0,0.7767440000000001,1.0949387973596088,0.08792125040189935,0.16084605752568892,0.9082865637344545,0.5491823928096394,0.19673227248433656,True,0.4964247238674973,30
309.0,1.0,2.2879782523050394,1.7493773842692426,1.0252378924172705,0.02670298141949884,0.29804892628314816,1.0167911794978806,False,0.4946535012659918,30
110.0,1.0,2.213776342986584,1.2573870610175186,1.2436422291158407,0.1461339192840259,0.9301250051915217,0.9416208546250058,False,0.4883710694261759,30
115.0,1.0,2.034463366701642,1.0439008903909974,1.117621224497154,0.8058220824385779,0.9902597280980294,0.412639506599787,False,0.4581510038003528,30
61.0,1.0,1.74263967047068,0.5409146669332966,1.5618880040134104,0.08810720277835915,0.0010042801983441985,0.5449278111396602,False,0.4314932887909464,30
96.0,1.0,2.1067080215561953,0.794761655526236,0.2626460861505886,0.8164977236023537,0.7456648223905412,1.5858452233511473,False,0.420340071440488,30
111.0,1.0,1.9379055393502094,0.8584048551405539,1.3501826848088272,0.12915469495207427,0.7528837485941573,0.7823751195126443,False,0.41390630020438546,30
114.0,0.6511629999999999,2.034463366701642,1.0439008903909974,1.117621224497154,0.8058220824385779,0.9902597280980294,0.412639506599787,False,0.3464948034152713,30
54.0,1.0,2.4328518026874857,0.6442790597478081,1.4449312181383311,0.497898047642681,0.7724233467440675,1.6035291919443837,False,0.34205507792705386,30
310.0,1.0,2.4328518026874857,0.6442790597478081,1.4449312181383311,0.497898047642681,0.7724233467440675,1.6035291919443837,False,0.34205507792705386,30
299.0,1.0,2.4328518026874857,0.6442790597478081,1.4449312181383311,0.497898047642681,0.7724233467440675,1.6035291919443837,False,0.34205507792705386,30
130.0,1.0,2.4328518026874857,0.6442790597478081,1.4449312181383311,0.497898047642681,0.7724233467440675,1.6035291919443837,False,0.34205507792705386,30
302.0,1.0,2.4328518026874857,0.6442790597478081,1.4449312181383311,0.497898047642681,0.7724233467440675,1.6035291919443837,False,0.34205507792705386,30
249.0,1.0,2.4328518026874857,0.6442790597478081,1.4449312181383311,0.497898047642681,0.7724233467440675,1.6035291919443837,False,0.34205507792705386,30
108.0,1.0,2.4328518026874857,0.6442790597478081,1.4449312181383311,0.497898047642681,0.7724233467440675,1.6035291919443837,False,0.34205507792705386,30
25.0,0.604651,2.2879782523050394,1.7493773842692426,1.0252378924172705,0.02670298141949884,0.29804892628314816,1.0167911794978806,False,0.30570690636760384,30
24.0,0.613953,2.2879782523050394,1.7493773842692426,1.0252378924172705,0.02670298141949884,0.29804892628314816,1.0167911794978806,False,0.30570690636760384,30
6.0,0.5906980000000001,2.2879782523050394,1.7493773842692426,1.0252378924172705,0.02670298141949884,0.29804892628314816,1.0167911794978806,False,0.30570690636760384,30
15.0,0.6,2.2879782523050394,1.7493773842692426,1.0252378924172705,0.02670298141949884,0.29804892628314816,1.0167911794978806,False,0.30570690636760384,30
7.0,0.595349,2.2879782523050394,1.7493773842692426,1.0252378924172705,0.02670298141949884,0.29804892628314816,1.0167911794978806,False,0.30570690636760384,30
8.0,0.5906980000000001,2.2879782523050394,1.7493773842692426,1.0252378924172705,0.02670298141949884,0.29804892628314816,1.0167911794978806,False,0.30570690636760384,30
1.0,0.6,2.2879782523050394,1.7493773842692426,1.0252378924172705,0.02670298141949884,0.29804892628314816,1.0167911794978806,False,0.30570690636760384,30
304.0,0.7534879999999999,2.4328518026874857,0.6442790597478081,1.4449312181383311,0.497898047642681,0.7724233467440675,1.6035291919443837,False,0.30323278650199686,30
311.0,0.772093,2.4328518026874857,0.6442790597478081,1.4449312181383311,0.497898047642681,0.7724233467440675,1.6035291919443837,False,0.30323278650199686,30
300.0,0.7534879999999999,2.4328518026874857,0.6442790597478081,1.4449312181383311,0.497898047642681,0.7724233467440675,1.6035291919443837,False,0.30323278650199686,30
312.0,0.7209300000000001,2.4328518026874857,0.6442790597478081,1.4449312181383311,0.497898047642681,0.7724233467440675,1.6035291919443837,False,0.2675004931351381,30
301.0,0.734884,2.4328518026874857,0.6442790597478081,1.4449312181383311,0.497898047642681,0.7724233467440675,1.6035291919443837,False,0.2675004931351381,30
313.0,0.702326,2.4328518026874857,0.6442790597478081,1.4449312181383311,0.497898047642681,0.7724233467440675,1.6035291919443837,False,0.2675004931351381,30
3.0,0.683721,2.4328518026874857,0.6442790597478081,1.4449312181383311,0.497898047642681,0.7724233467440675,1.6035291919443837,False,0.2393262232574822,30
41.0,0.665116,2.4328518026874857,0.6442790597478081,1.4449312181383311,0.497898047642681,0.7724233467440675,1.6035291919443837,False,0.2393262232574822,30
39.0,0.6511629999999999,2.4328518026874857,0.6442790597478081,1.4449312181383311,0.497898047642681,0.7724233467440675,1.6035291919443837,False,0.2393262232574822,30
18.0,0.539535,2.2879782523050394,1.7493773842692426,1.0252378924172705,0.02670298141949884,0.29804892628314816,1.0167911794978806,False,0.2267349227171124,30
43.0,0.6418600000000001,2.4328518026874857,0.6442790597478081,1.4449312181383311,0.497898047642681,0.7724233467440675,1.6035291919443837,False,0.2254635737977578,30
34.0,0.637209,2.4328518026874857,0.6442790597478081,1.4449312181383311,0.497898047642681,0.7724233467440675,1.6035291919443837,False,0.2254635737977578,30
40.0,0.613953,2.4328518026874857,0.6442790597478081,1.4449312181383311,0.497898047642681,0.7724233467440675,1.6035291919443837,False,0.2079522022889518,30
28.0,0.534884,2.2879782523050394,1.7493773842692426,1.0252378924172705,0.02670298141949884,0.29804892628314816,1.0167911794978806,False,0.2034506236093809,30
60.0,0.367442,1.0949387973596088,0.08792125040189935,0.16084605752568892,0.9082865637344545,0.5491823928096394,0.19673227248433656,False,0.15052824545488103,30
295.0,0.38604700000000003,2.213776342986584,1.2573870610175186,1.2436422291158407,0.1461339192840259,0.9301250051915217,0.9416208546250058,False,0.1329442895005434,30
81.0,0.35814,2.213776342986584,1.2573870610175186,1.2436422291158407,0.1461339192840259,0.9301250051915217,0.9416208546250058,False,0.09396159042032037,30
306.0,0.381395,2.4328518026874857,0.6442790597478081,1.4449312181383311,0.497898047642681,0.7724233467440675,1.6035291919443837,False,0.04331324107751594,30
303.0,0.37674399999999997,2.4328518026874857,0.6442790597478081,1.4449312181383311,0.497898047642681,0.7724233467440675,1.6035291919443837,False,0.04331324107751594,30
307.0,0.38604700000000003,2.4328518026874857,0.6442790597478081,1.4449312181383311,0.497898047642681,0.7724233467440675,1.6035291919443837,False,0.04331324107751594,30
91.0,0.35814,1.74263967047068,0.5409146669332966,1.5618880040134104,0.08810720277835915,0.0010042801983441985,0.5449278111396602,False,0.036701337484682066,30
308.0,0.35348799999999997,2.4328518026874857,0.6442790597478081,1.4449312181383311,0.497898047642681,0.7724233467440675,1.6035291919443837,False,0.029621152886359685,30
305.0,0.34883699999999995,2.4328518026874857,0.6442790597478081,1.4449312181383311,0.497898047642681,0.7724233467440675,1.6035291919443837,False,0.029621152886359685,30
132.0,0.5023259999999999,2.4328518026874857,0.6442790597478081,1.4449312181383311,0.497898047642681,0.7724233467440675,1.6035291919443837,False,-0.030809503521629686,30
101.0,0.237209,1.9379055393502094,0.8584048551405539,1.3501826848088272,0.12915469495207427,0.7528837485941573,0.7823751195126443,False,-0.15237425334028581,30
107.0,0.237209,1.9379055393502094,0.8584048551405539,1.3501826848088272,0.12915469495207427,0.7528837485941573,0.7823751195126443,False,-0.15237425334028581,30
77.0,0.18604700000000002,2.213776342986584,1.2573870610175186,1.2436422291158407,0.1461339192840259,0.9301250051915217,0.9416208546250058,False,-0.15605665811555142,30
102.0,0.190698,2.213776342986584,1.2573870610175186,1.2436422291158407,0.1461339192840259,0.9301250051915217,0.9416208546250058,False,-0.15605665811555142,30
124.0,0.18604700000000002,2.213776342986584,1.2573870610175186,1.2436422291158407,0.1461339192840259,0.9301250051915217,0.9416208546250058,False,-0.15605665811555142,30
76.0,0.172093,2.213776342986584,1.2573870610175186,1.2436422291158407,0.1461339192840259,0.9301250051915217,0.9416208546250058,False,-0.15605665811555142,30
142.0,0.25116299999999997,1.0949387973596088,0.08792125040189935,0.16084605752568892,0.9082865637344545,0.5491823928096394,0.19673227248433656,False,-0.15904783053967853,30
52.0,0.227907,1.0949387973596088,0.08792125040189935,0.16084605752568892,0.9082865637344545,0.5491823928096394,0.19673227248433656,False,-0.15904783053967853,30
58.0,0.237209,1.0949387973596088,0.08792125040189935,0.16084605752568892,0.9082865637344545,0.5491823928096394,0.19673227248433656,False,-0.15904783053967853,30
131.0,0.339535,2.4328518026874857,0.6442790597478081,1.4449312181383311,0.497898047642681,0.7724233467440675,1.6035291919443837,False,-0.18650137652630905,30
97.0,0.190698,1.0949387973596088,0.08792125040189935,0.16084605752568892,0.9082865637344545,0.5491823928096394,0.19673227248433656,False,-0.19183950299308533,30
49.0,0.209302,1.0949387973596088,0.08792125040189935,0.16084605752568892,0.9082865637344545,0.5491823928096394,0.19673227248433656,False,-0.19183950299308533,30
95.0,0.2,1.74263967047068,0.5409146669332966,1.5618880040134104,0.08810720277835915,0.0010042801983441985,0.5449278111396602,False,-0.2232233690237965,30
63.0,0.15814,2.1067080215561953,0.794761655526236,0.2626460861505886,0.8164977236023537,0.7456648223905412,1.5858452233511473,False,-0.2776892476749843,30
171.0,0.037209,2.3511289419317984,0.18710171544210774,1.6947992952340998,0.032661564033703405,0.013037478206887942,1.6184000880310268,False,-0.298877239888411,30
293.0,0.18604700000000002,2.4328518026874857,0.6442790597478081,1.4449312181383311,0.497898047642681,0.7724233467440675,1.6035291919443837,False,-0.32498362747501464,30
71.0,0.18604700000000002,2.4328518026874857,0.6442790597478081,1.4449312181383311,0.497898047642681,0.7724233467440675,1.6035291919443837,False,-0.32498362747501464,30
64.0,0.204651,2.4328518026874857,0.6442790597478081,1.4449312181383311,0.497898047642681,0.7724233467440675,1.6035291919443837,False,-0.32498362747501464,30
67.0,0.190698,2.4328518026874857,0.6442790597478081,1.4449312181383311,0.497898047642681,0.7724233467440675,1.6035291919443837,False,-0.32498362747501464,30
109.0,0.190698,2.4328518026874857,0.6442790597478081,1.4449312181383311,0.497898047642681,0.7724233467440675,1.6035291919443837,False,-0.32498362747501464,30
116.0,0.102326,2.4328518026874857,0.6442790597478081,1.4449312181383311,0.497898047642681,0.7724233467440675,1.6035291919443837,False,-0.34759862528117924,30
80.0,0.074419,2.4328518026874857,0.6442790597478081,1.4449312181383311,0.497898047642681,0.7724233467440675,1.6035291919443837,False,-0.3867873051153151,30
69.0,0.074419,2.4328518026874857,0.6442790597478081,1.4449312181383311,0.497898047642681,0.7724233467440675,1.6035291919443837,False,-0.3867873051153151,30
11.0,0.074419,2.4328518026874857,0.6442790597478081,1.4449312181383311,0.497898047642681,0.7724233467440675,1.6035291919443837,False,-0.3867873051153151,30
134.0,0.074419,2.4328518026874857,0.6442790597478081,1.4449312181383311,0.497898047642681,0.7724233467440675,1.6035291919443837,False,-0.3867873051153151,30
169.0,0.065116,2.4328518026874857,0.6442790597478081,1.4449312181383311,0.497898047642681,0.7724233467440675,1.6035291919443837,False,-0.3867873051153151,30
1.0,1.0,2.0514555295957484,1.3463171153489597,0.9820372874638672,0.8234978533937157,0.4923859750670905,0.714779768789808,False,0.571625087509189,27
124.0,1.0,2.390812725994529,1.7355890184073117,1.1074903634245084,1.0692237381463636,0.4589438449428227,0.3511587815456128,False,0.5574304655575231,27
6.0,0.809302,2.0514555295957484,1.3463171153489597,0.9820372874638672,0.8234978533937157,0.4923859750670905,0.714779768789808,False,0.5283714554317643,27
90.0,1.0,1.6133539528565297,0.3516115258112141,1.0089425195901813,0.3998215536516416,1.1394589225903908,0.055600298940285175,False,0.4859706433101554,27
72.0,1.0,1.9533525220257548,1.1181410050863148,0.9994544723063365,0.358150920849557,1.1872289642051244,0.1692714691932664,False,0.45973316248589347,27
7.0,0.660465,2.0514555295957484,1.3463171153489597,0.9820372874638672,0.8234978533937157,0.4923859750670905,0.714779768789808,False,0.44357600316296125,27
61.0,1.0,2.4371431360822267,1.3132983743266653,0.26715448158086463,1.1339593137383637,0.9529202672961763,1.3962885689129991,False,0.4429040827471256,27
70.0,1.0,2.0720334646421716,0.16084057828092824,1.6403121358731065,0.3992684633592076,0.8593841996506878,0.8239372399887204,False,0.42514339485594843,27
65.0,1.0,1.611459004541865,1.0513815377158822,0.04072822534947118,1.099815928778859,0.2291186705764028,0.4771244646072197,False,0.4238163008537023,27
8.0,0.6418600000000001,2.0514555295957484,1.3463171153489597,0.9820372874638672,0.8234978533937157,0.4923859750670905,0.714779768789808,False,0.40927232372250816,27
109.0,0.87907,2.0720334646421716,0.16084057828092824,1.6403121358731065,0.3992684633592076,0.8593841996506878,0.8239372399887204,False,0.38632110343089143,27
309.0,0.6,2.0514555295957484,1.3463171153489597,0.9820372874638672,0.8234978533937157,0.4923859750670905,0.714779768789808,False,0.3781824875476591,27
71.0,0.744186,2.0720334646421716,0.16084057828092824,1.6403121358731065,0.3992684633592076,0.8593841996506878,0.8239372399887204,False,0.35058881006403264,27
197.0,0.576744,1.9533525220257548,1.1181410050863148,0.9994544723063365,0.358150920849557,1.1872289642051244,0.1692714691932664,False,0.30429157084972297,27
12.0,0.539535,2.0514555295957484,1.3463171153489597,0.9820372874638672,0.8234978533937157,0.4923859750670905,0.714779768789808,False,0.2992105038971675,27
18.0,0.530233,2.0514555295957484,1.3463171153489597,0.9820372874638672,0.8234978533937157,0.4923859750670905,0.714779768789808,False,0.27074093561685003,27
196.0,1.0,1.5566281431252407,0.1843952689546564,0.6085800688340566,1.417374356166529,0.0007771740125954996,0.09883921821160446,False,0.24433926550179116,27
64.0,1.0,2.0975795418841034,0.7966023312437329,0.6174654302823455,1.750918101516945,0.04981128603664837,0.561965960141435,False,0.2159949812771181,27
67.0,1.0,2.064495794415786,0.5465059154538083,0.9165812256120551,1.6043592139554481,0.7361190331564857,0.08667934016235512,False,0.1866666395291334,27
68.0,0.790698,2.064495794415786,0.5465059154538083,0.9165812256120551,1.6043592139554481,0.7361190331564857,0.08667934016235512,False,0.1434130074517086,27
2.0,0.47906999999999994,2.0514555295957484,1.3463171153489597,0.9820372874638672,0.8234978533937157,0.4923859750670905,0.714779768789808,False,0.08081540297054683,27
24.0,0.48837200000000003,2.0514555295957484,1.3463171153489597,0.9820372874638672,0.8234978533937157,0.4923859750670905,0.714779768789808,False,0.08081540297054683,27
15.0,0.47906999999999994,2.0514555295957484,1.3463171153489597,0.9820372874638672,0.8234978533937157,0.4923859750670905,0.714779768789808,False,0.08081540297054683,27
60.0,0.37674399999999997,2.4371431360822267,1.3132983743266653,0.26715448158086463,1.1339593137383637,0.9529202672961763,1.3962885689129991,False,0.07028340294250998,27
50.0,0.372093,2.4371431360822267,1.3132983743266653,0.26715448158086463,1.1339593137383637,0.9529202672961763,1.3962885689129991,False,0.04370781727082748,27
53.0,0.372093,2.4371431360822267,1.3132983743266653,0.26715448158086463,1.1339593137383637,0.9529202672961763,1.3962885689129991,False,0.04370781727082748,27
91.0,0.35814,2.4371431360822267,1.3132983743266653,0.26715448158086463,1.1339593137383637,0.9529202672961763,1.3962885689129991,False,0.03640703484264338,27
87.0,0.497674,1.6133539528565297,0.3516115258112141,1.0089425195901813,0.3998215536516416,1.1394589225903908,0.055600298940285175,False,0.013905324660975226,27
88.0,0.5023259999999999,1.6133539528565297,0.3516115258112141,1.0089425195901813,0.3998215536516416,1.1394589225903908,0.055600298940285175,False,0.013905324660975226,27
86.0,0.45116300000000004,1.6133539528565297,0.3516115258112141,1.0089425195901813,0.3998215536516416,1.1394589225903908,0.055600298940285175,False,-0.010462880254037663,27
66.0,0.33488399999999996,2.0720334646421716,0.16084057828092824,1.6403121358731065,0.3992684633592076,0.8593841996506878,0.8239372399887204,False,-0.15369792848410094,27
74.0,0.35814,2.0975795418841034,0.7966023312437329,0.6174654302823455,1.750918101516945,0.04981128603664837,0.561965960141435,False,-0.173973286025768,27
75.0,0.395349,2.0975795418841034,0.7966023312437329,0.6174654302823455,1.750918101516945,0.04981128603664837,0.561965960141435,False,-0.19376710269034336,27
107.0,0.26976700000000003,2.390812725994529,1.7355890184073117,1.1074903634245084,1.0692237381463636,0.4589438449428227,0.3511587815456128,False,-0.23769044154849395,27
76.0,0.26976700000000003,2.390812725994529,1.7355890184073117,1.1074903634245084,1.0692237381463636,0.4589438449428227,0.3511587815456128,False,-0.23769044154849395,27
77.0,0.260465,2.390812725994529,1.7355890184073117,1.1074903634245084,1.0692237381463636,0.4589438449428227,0.3511587815456128,False,-0.23769044154849395,27
101.0,0.265116,2.390812725994529,1.7355890184073117,1.1074903634245084,1.0692237381463636,0.4589438449428227,0.3511587815456128,False,-0.23769044154849395,27
49.0,0.223256,2.4371431360822267,1.3132983743266653,0.26715448158086463,1.1339593137383637,0.9529202672961763,1.3962885689129991,False,-0.2852897025098403,27
95.0,0.2,2.4371431360822267,1.3132983743266653,0.26715448158086463,1.1339593137383637,0.9529202672961763,1.3962885689129991,False,-0.2852897025098403,27
58.0,0.25116299999999997,2.4371431360822267,1.3132983743266653,0.26715448158086463,1.1339593137383637,0.9529202672961763,1.3962885689129991,False,-0.2942193603244415,27
52.0,0.237209,2.4371431360822267,1.3132983743266653,0.26715448158086463,1.1339593137383637,0.9529202672961763,1.3962885689129991,False,-0.2942193603244415,27
142.0,0.255814,2.4371431360822267,1.3132983743266653,0.26715448158086463,1.1339593137383637,0.9529202672961763,1.3962885689129991,False,-0.2942193603244415,27
248.0,0.032558,1.9533525220257548,1.1181410050863148,0.9994544723063365,0.358150920849557,1.1872289642051244,0.1692714691932664,False,-0.32868136184602154,27
221.0,0.060465,1.9533525220257548,1.1181410050863148,0.9994544723063365,0.358150920849557,1.1872289642051244,0.1692714691932664,False,-0.32868136184602154,27
13.0,0.051163,1.6133539528565297,0.3516115258112141,1.0089425195901813,0.3998215536516416,1.1394589225903908,0.055600298940285175,False,-0.3352018630208487,27
45.0,0.046512000000000005,1.6133539528565297,0.3516115258112141,1.0089425195901813,0.3998215536516416,1.1394589225903908,0.055600298940285175,False,-0.3352018630208487,27
259.0,0.046512000000000005,1.6133539528565297,0.3516115258112141,1.0089425195901813,0.3998215536516416,1.1394589225903908,0.055600298940285175,False,-0.3352018630208487,27
117.0,0.23255800000000001,2.0975795418841034,0.7966023312437329,0.6174654302823455,1.750918101516945,0.04981128603664837,0.561965960141435,False,-0.5144604008619795,27
189.0,0.265116,1.5566281431252407,0.1843952689546564,0.6085800688340566,1.417374356166529,0.0007771740125954996,0.09883921821160446,False,-0.5212584498579145,27
130.0,0.190698,2.064495794415786,0.5465059154538083,0.9165812256120551,1.6043592139554481,0.7361190331564857,0.08667934016235512,True,-0.5737220007964816,27
144.0,0.032558,1.5566281431252407,0.1843952689546564,0.6085800688340566,1.417374356166529,0.0007771740125954996,0.09883921821160446,False,-0.627982730125461,27
130.0,1.0,1.7113664303485463,1.4744373407501592,0.309616605453069,0.35671223565162946,0.3636054674232764,0.6320558438536591,False,0.6097531475135382,8
123.0,1.0,1.7113664303485463,1.4744373407501592,0.309616605453069,0.35671223565162946,0.3636054674232764,0.6320558438536591,True,0.6097531475135382,8
107.0,1.0,1.7113664303485463,1.4744373407501592,0.309616605453069,0.35671223565162946,0.3636054674232764,0.6320558438536591,False,0.6097531475135382,8
298.0,1.0,1.7113664303485463,1.4744373407501592,0.309616605453069,0.35671223565162946,0.3636054674232764,0.6320558438536591,False,0.6097531475135382,8
311.0,1.0,1.7113664303485463,1.4744373407501592,0.309616605453069,0.35671223565162946,0.3636054674232764,0.6320558438536591,False,0.6097531475135382,8
70.0,1.0,1.7113664303485463,1.4744373407501592,0.309616605453069,0.35671223565162946,0.3636054674232764,0.6320558438536591,False,0.6097531475135382,8
177.0,1.0,1.9845823526510533,1.8914695886052348,0.05090399379898036,0.2711669401116483,0.47305626427027364,0.2469918109492419,False,0.5796202330896222,8
58.0,1.0,2.010936513165685,1.405545559619179,0.36972979086868685,0.6613493515854414,1.1399132347653151,0.4413865357329787,False,0.5730484926803919,8
310.0,0.772093,1.7113664303485463,1.4744373407501592,0.309616605453069,0.35671223565162946,0.3636054674232764,0.6320558438536591,False,0.5664995154361134,8
36.0,0.87907,1.7113664303485463,1.4744373407501592,0.309616605453069,0.35671223565162946,0.3636054674232764,0.6320558438536591,False,0.5664995154361134,8
313.0,0.790698,1.7113664303485463,1.4744373407501592,0.309616605453069,0.35671223565162946,0.3636054674232764,0.6320558438536591,False,0.5664995154361134,8
312.0,0.8,1.7113664303485463,1.4744373407501592,0.309616605453069,0.35671223565162946,0.3636054674232764,0.6320558438536591,False,0.5664995154361134,8
109.0,0.87907,1.7113664303485463,1.4744373407501592,0.309616605453069,0.35671223565162946,0.3636054674232764,0.6320558438536591,False,0.5664995154361134,8
65.0,1.0,2.545661107535834,1.8556709363418573,1.2342734595182534,1.0644742169076333,0.6156084621224891,0.03695592601479633,False,0.526058513282223,8
64.0,1.0,2.545661107535834,1.8556709363418573,1.2342734595182534,1.0644742169076333,0.6156084621224891,0.03695592601479633,False,0.526058513282223,8
39.0,0.6976739999999999,1.7113664303485463,1.4744373407501592,0.309616605453069,0.35671223565162946,0.3636054674232764,0.6320558438536591,False,0.5143743381081084,8
71.0,0.744186,1.7113664303485463,1.4744373407501592,0.309616605453069,0.35671223565162946,0.3636054674232764,0.6320558438536591,False,0.5143743381081084,8
34.0,0.6930230000000001,1.7113664303485463,1.4744373407501592,0.309616605453069,0.35671223565162946,0.3636054674232764,0.6320558438536591,True,0.5143743381081084,8
41.0,0.734884,1.7113664303485463,1.4744373407501592,0.309616605453069,0.35671223565162946,0.3636054674232764,0.6320558438536591,False,0.5143743381081084,8
43.0,0.7209300000000001,1.7113664303485463,1.4744373407501592,0.309616605453069,0.35671223565162946,0.3636054674232764,0.6320558438536591,False,0.5143743381081084,8
77.0,0.660465,1.7113664303485463,1.4744373407501592,0.309616605453069,0.35671223565162946,0.3636054674232764,0.6320558438536591,False,0.48170406316731046,8
76.0,0.655814,1.7113664303485463,1.4744373407501592,0.309616605453069,0.35671223565162946,0.3636054674232764,0.6320558438536591,False,0.48170406316731046,8
66.0,1.0,1.302414871879559,0.3723026347500613,0.42326829694153645,1.0244925841681936,0.5473198141053977,0.17139183623332738,False,0.46491070292552317,8
3.0,1.0,1.737040902720068,0.39125901822568965,1.474781336437839,0.43286618330202864,0.5562942810924287,0.4386468149338737,False,0.45693730434518187,8
40.0,1.0,1.737040902720068,0.39125901822568965,1.474781336437839,0.43286618330202864,0.5562942810924287,0.4386468149338737,False,0.45693730434518187,8
42.0,1.0,1.737040902720068,0.39125901822568965,1.474781336437839,0.43286618330202864,0.5562942810924287,0.4386468149338737,False,0.45693730434518187,8
171.0,1.0,1.8386460333540138,0.4837206910596952,1.6956669629777408,0.2642387626752458,0.3574594822077257,0.27156523075435346,False,0.426876534759769,8
116.0,1.0,1.8386460333540138,0.4837206910596952,1.6956669629777408,0.2642387626752458,0.3574594822077257,0.27156523075435346,False,0.426876534759769,8
274.0,1.0,1.8386460333540138,0.4837206910596952,1.6956669629777408,0.2642387626752458,0.3574594822077257,0.27156523075435346,False,0.426876534759769,8
314.0,0.6,1.7113664303485463,1.4744373407501592,0.309616605453069,0.35671223565162946,0.3636054674232764,0.6320558438536591,False,0.4163105475520082,8
23.0,1.0,2.3360542934733615,0.8358779387983604,1.9223846706077308,0.848450634082488,0.37004633684139837,0.4539737237035023,False,0.41073340780812545,8
2.0,1.0,2.3360542934733615,0.8358779387983604,1.9223846706077308,0.848450634082488,0.37004633684139837,0.4539737237035023,True,0.41073340780812545,8
29.0,1.0,2.3360542934733615,0.8358779387983604,1.9223846706077308,0.848450634082488,0.37004633684139837,0.4539737237035023,True,0.41073340780812545,8
38.0,1.0,2.3360542934733615,0.8358779387983604,1.9223846706077308,0.848450634082488,0.37004633684139837,0.4539737237035023,True,0.41073340780812545,8
13.0,1.0,2.3360542934733615,0.8358779387983604,1.9223846706077308,0.848450634082488,0.37004633684139837,0.4539737237035023,False,0.41073340780812545,8
18.0,1.0,2.3360542934733615,0.8358779387983604,1.9223846706077308,0.848450634082488,0.37004633684139837,0.4539737237035023,True,0.41073340780812545,8
19.0,1.0,2.3360542934733615,0.8358779387983604,1.9223846706077308,0.848450634082488,0.37004633684139837,0.4539737237035023,False,0.41073340780812545,8
14.0,1.0,2.3360542934733615,0.8358779387983604,1.9223846706077308,0.848450634082488,0.37004633684139837,0.4539737237035023,False,0.41073340780812545,8
24.0,1.0,2.3360542934733615,0.8358779387983604,1.9223846706077308,0.848450634082488,0.37004633684139837,0.4539737237035023,False,0.41073340780812545,8
25.0,1.0,2.3360542934733615,0.8358779387983604,1.9223846706077308,0.848450634082488,0.37004633684139837,0.4539737237035023,False,0.41073340780812545,8
22.0,1.0,2.3360542934733615,0.8358779387983604,1.9223846706077308,0.848450634082488,0.37004633684139837,0.4539737237035023,True,0.41073340780812545,8
45.0,1.0,2.3360542934733615,0.8358779387983604,1.9223846706077308,0.848450634082488,0.37004633684139837,0.4539737237035023,False,0.41073340780812545,8
46.0,1.0,2.3360542934733615,0.8358779387983604,1.9223846706077308,0.848450634082488,0.37004633684139837,0.4539737237035023,False,0.41073340780812545,8
44.0,1.0,2.3360542934733615,0.8358779387983604,1.9223846706077308,0.848450634082488,0.37004633684139837,0.4539737237035023,False,0.41073340780812545,8
168.0,1.0,2.3360542934733615,0.8358779387983604,1.9223846706077308,0.848450634082488,0.37004633684139837,0.4539737237035023,False,0.41073340780812545,8
193.0,1.0,2.3360542934733615,0.8358779387983604,1.9223846706077308,0.848450634082488,0.37004633684139837,0.4539737237035023,False,0.41073340780812545,8
21.0,1.0,2.3360542934733615,0.8358779387983604,1.9223846706077308,0.848450634082488,0.37004633684139837,0.4539737237035023,True,0.41073340780812545,8
105.0,1.0,2.4248070365262784,0.13791699729360696,1.7859748961926063,0.35992520578706,1.2708011820502756,0.9625382789029434,False,0.39037922246334017,8
10.0,0.9953489999999999,2.3360542934733615,0.8358779387983604,1.9223846706077308,0.848450634082488,0.37004633684139837,0.4539737237035023,True,0.37191111638306845,8
32.0,0.623256,1.737040902720068,0.39125901822568965,1.474781336437839,0.43286618330202864,0.5562942810924287,0.4386468149338737,True,0.33110335745162767,8
33.0,0.581395,1.737040902720068,0.39125901822568965,1.474781336437839,0.43286618330202864,0.5562942810924287,0.4386468149338737,True,0.3183384236439378,8
35.0,0.581395,1.737040902720068,0.39125901822568965,1.474781336437839,0.43286618330202864,0.5562942810924287,0.4386468149338737,False,0.3183384236439378,8
309.0,0.604651,2.3360542934733615,0.8358779387983604,1.9223846706077308,0.848450634082488,0.37004633684139837,0.4539737237035023,False,0.27213452710688135,8
8.0,0.544186,2.3360542934733615,0.8358779387983604,1.9223846706077308,0.848450634082488,0.37004633684139837,0.4539737237035023,True,0.23799994562178758,8
15.0,0.539535,2.3360542934733615,0.8358779387983604,1.9223846706077308,0.848450634082488,0.37004633684139837,0.4539737237035023,True,0.19316254345638995,8
6.0,0.534884,2.3360542934733615,0.8358779387983604,1.9223846706077308,0.848450634082488,0.37004633684139837,0.4539737237035023,True,0.1698782443486584,8
142.0,0.390698,2.010936513165685,1.405545559619179,0.36972979086868685,0.6613493515854414,1.1399132347653151,0.4413865357329787,False,0.16972429365928657,8
1.0,0.530233,2.3360542934733615,0.8358779387983604,1.9223846706077308,0.848450634082488,0.37004633684139837,0.4539737237035023,True,0.1646929751760725,8
75.0,0.395349,2.545661107535834,1.8556709363418573,1.2342734595182534,1.0644742169076333,0.6156084621224891,0.03695592601479633,False,0.1302325750154605,8
74.0,0.35814,2.545661107535834,1.8556709363418573,1.2342734595182534,1.0644742169076333,0.6156084621224891,0.03695592601479633,False,0.11962944981061278,8
122.0,1.0,2.5303604924447622,0.33945896442168255,0.9347298829298203,1.8162148180291409,0.16061218517070586,1.4454547173478418,False,0.09538112688452412,8
132.0,0.5023259999999999,1.7113664303485463,1.4744373407501592,0.309616605453069,0.35671223565162946,0.3636054674232764,0.6320558438536591,False,0.08065169684420675,8
102.0,0.432558,1.7113664303485463,1.4744373407501592,0.309616605453069,0.35671223565162946,0.3636054674232764,0.6320558438536591,False,0.05628349192919386,8
224.0,0.395349,2.3360542934733615,0.8358779387983604,1.9223846706077308,0.848450634082488,0.37004633684139837,0.4539737237035023,False,0.04487881816855239,8
7.0,0.5255810000000001,2.3360542934733615,0.8358779387983604,1.9223846706077308,0.848450634082488,0.37004633684139837,0.4539737237035023,True,0.04147893360316667,8
119.0,0.483721,2.4248070365262784,0.13791699729360696,1.7859748961926063,0.35992520578706,1.2708011820502756,0.9625382789029434,False,-0.005861367669408238,8
118.0,0.48837200000000003,2.4248070365262784,0.13791699729360696,1.7859748961926063,0.35992520578706,1.2708011820502756,0.9625382789029434,False,-0.005861367669408238,8
28.0,0.46511600000000003,2.3360542934733615,0.8358779387983604,1.9223846706077308,0.848450634082488,0.37004633684139837,0.4539737237035023,True,-0.02523255747023089,8
11.0,0.469767,2.3360542934733615,0.8358779387983604,1.9223846706077308,0.848450634082488,0.37004633684139837,0.4539737237035023,True,-0.02523255747023089,8
9.0,0.469767,2.3360542934733615,0.8358779387983604,1.9223846706077308,0.848450634082488,0.37004633684139837,0.4539737237035023,False,-0.02523255747023089,8
16.0,0.483721,2.3360542934733615,0.8358779387983604,1.9223846706077308,0.848450634082488,0.37004633684139837,0.4539737237035023,True,-0.02523255747023089,8
135.0,0.483721,2.3360542934733615,0.8358779387983604,1.9223846706077308,0.848450634082488,0.37004633684139837,0.4539737237035023,False,-0.02523255747023089,8
131.0,0.339535,1.7113664303485463,1.4744373407501592,0.309616605453069,0.35671223565162946,0.3636054674232764,0.6320558438536591,False,-0.11900479397778345,8
285.0,0.26976700000000003,1.8386460333540138,0.4837206910596952,1.6956669629777408,0.2642387626752458,0.3574594822077257,0.27156523075435346,False,-0.1429410891203546,8
124.0,0.311628,1.7113664303485463,1.4744373407501592,0.309616605453069,0.35671223565162946,0.3636054674232764,0.6320558438536591,False,-0.1557169337827217,8
68.0,0.306977,2.545661107535834,1.8556709363418573,1.2342734595182534,1.0644742169076333,0.6156084621224891,0.03695592601479633,False,-0.16805593576314085,8
67.0,0.32093000000000005,2.545661107535834,1.8556709363418573,1.2342734595182534,1.0644742169076333,0.6156084621224891,0.03695592601479633,False,-0.16805593576314085,8
106.0,0.162791,2.4248070365262784,0.13791699729360696,1.7859748961926063,0.35992520578706,1.2708011820502756,0.9625382789029434,False,-0.19517867978262501,8
60.0,0.265116,2.010936513165685,1.405545559619179,0.36972979086868685,0.6613493515854414,1.1399132347653151,0.4413865357329787,False,-0.21690116899434428,8
12.0,0.08372099999999999,2.4248070365262784,0.13791699729360696,1.7859748961926063,0.35992520578706,1.2708011820502756,0.9625382789029434,True,-0.21779367758878967,8
27.0,0.08837199999999999,2.4248070365262784,0.13791699729360696,1.7859748961926063,0.35992520578706,1.2708011820502756,0.9625382789029434,True,-0.21779367758878967,8
26.0,0.08837199999999999,2.4248070365262784,0.13791699729360696,1.7859748961926063,0.35992520578706,1.2708011820502756,0.9625382789029434,True,-0.21779367758878967,8
125.0,0.12093,2.4248070365262784,0.13791699729360696,1.7859748961926063,0.35992520578706,1.2708011820502756,0.9625382789029434,False,-0.21779367758878967,8
80.0,0.11627900000000001,1.8386460333540138,0.4837206910596952,1.6956669629777408,0.2642387626752458,0.3574594822077257,0.27156523075435346,False,-0.2230069829381309,8
100.0,0.15814,1.8386460333540138,0.4837206910596952,1.6956669629777408,0.2642387626752458,0.3574594822077257,0.27156523075435346,False,-0.2230069829381309,8
81.0,0.102326,1.8386460333540138,0.4837206910596952,1.6956669629777408,0.2642387626752458,0.3574594822077257,0.27156523075435346,False,-0.2230069829381309,8
101.0,0.10697699999999999,1.8386460333540138,0.4837206910596952,1.6956669629777408,0.2642387626752458,0.3574594822077257,0.27156523075435346,False,-0.2230069829381309,8
293.0,0.111628,1.8386460333540138,0.4837206910596952,1.6956669629777408,0.2642387626752458,0.3574594822077257,0.27156523075435346,False,-0.2230069829381309,8
127.0,0.10697699999999999,1.8386460333540138,0.4837206910596952,1.6956669629777408,0.2642387626752458,0.3574594822077257,0.27156523075435346,False,-0.2230069829381309,8
53.0,0.237209,2.010936513165685,1.405545559619179,0.36972979086868685,0.6613493515854414,1.1399132347653151,0.4413865357329787,False,-0.24156039255254916,8
108.0,0.227907,2.010936513165685,1.405545559619179,0.36972979086868685,0.6613493515854414,1.1399132347653151,0.4413865357329787,False,-0.24156039255254916,8
91.0,0.25116299999999997,2.010936513165685,1.405545559619179,0.36972979086868685,0.6613493515854414,1.1399132347653151,0.4413865357329787,False,-0.24156039255254916,8
61.0,0.25116299999999997,2.010936513165685,1.405545559619179,0.36972979086868685,0.6613493515854414,1.1399132347653151,0.4413865357329787,False,-0.24156039255254916,8
96.0,0.237209,2.010936513165685,1.405545559619179,0.36972979086868685,0.6613493515854414,1.1399132347653151,0.4413865357329787,False,-0.24156039255254916,8
97.0,0.237209,2.010936513165685,1.405545559619179,0.36972979086868685,0.6613493515854414,1.1399132347653151,0.4413865357329787,False,-0.24156039255254916,8
57.0,0.255814,2.010936513165685,1.405545559619179,0.36972979086868685,0.6613493515854414,1.1399132347653151,0.4413865357329787,False,-0.24156039255254916,8
111.0,0.237209,1.7113664303485463,1.4744373407501592,0.309616605453069,0.35671223565162946,0.3636054674232764,0.6320558438536591,False,-0.2565102447684833,8
114.0,0.037209,1.8386460333540138,0.4837206910596952,1.6956669629777408,0.2642387626752458,0.3574594822077257,0.27156523075435346,False,-0.2621956627722669,8
246.0,0.055814,1.8386460333540138,0.4837206910596952,1.6956669629777408,0.2642387626752458,0.3574594822077257,0.27156523075435346,False,-0.2621956627722669,8
262.0,0.04186,1.8386460333540138,0.4837206910596952,1.6956669629777408,0.2642387626752458,0.3574594822077257,0.27156523075435346,False,-0.2621956627722669,8
115.0,0.04186,1.8386460333540138,0.4837206910596952,1.6956669629777408,0.2642387626752458,0.3574594822077257,0.27156523075435346,False,-0.2621956627722669,8
117.0,0.23255800000000001,2.545661107535834,1.8556709363418573,1.2342734595182534,1.0644742169076333,0.6156084621224891,0.03695592601479633,False,-0.2688492467489023,8
110.0,0.21395299999999998,1.7113664303485463,1.4744373407501592,0.309616605453069,0.35671223565162946,0.3636054674232764,0.6320558438536591,True,-0.28930191722189,8
30.0,0.162791,2.3360542934733615,0.8358779387983604,1.9223846706077308,0.848450634082488,0.37004633684139837,0.4539737237035023,True,-0.313712483436847,8
31.0,0.16744199999999998,2.3360542934733615,0.8358779387983604,1.9223846706077308,0.848450634082488,0.37004633684139837,0.4539737237035023,True,-0.313712483436847,8
296.0,0.2,2.3360542934733615,0.8358779387983604,1.9223846706077308,0.848450634082488,0.37004633684139837,0.4539737237035023,False,-0.313712483436847,8
20.0,0.15814,2.3360542934733615,0.8358779387983604,1.9223846706077308,0.848450634082488,0.37004633684139837,0.4539737237035023,True,-0.3363274812430116,8
129.0,0.148837,2.3360542934733615,0.8358779387983604,1.9223846706077308,0.848450634082488,0.37004633684139837,0.4539737237035023,False,-0.3363274812430116,8
128.0,0.139535,2.3360542934733615,0.8358779387983604,1.9223846706077308,0.848450634082488,0.37004633684139837,0.4539737237035023,False,-0.3363274812430116,8
69.0,0.13023300000000002,2.3360542934733615,0.8358779387983604,1.9223846706077308,0.848450634082488,0.37004633684139837,0.4539737237035023,False,-0.3363274812430116,8
248.0,0.037209,2.3360542934733615,0.8358779387983604,1.9223846706077308,0.848450634082488,0.37004633684139837,0.4539737237035023,False,-0.37551616107714747,8
185.0,0.046512000000000005,2.3360542934733615,0.8358779387983604,1.9223846706077308,0.848450634082488,0.37004633684139837,0.4539737237035023,False,-0.37551616107714747,8
104.0,0.30232600000000004,2.5303604924447622,0.33945896442168255,0.9347298829298203,1.8162148180291409,0.16061218517070586,1.4454547173478418,False,-0.4578386347311162,8
120.0,0.293023,2.5303604924447622,0.33945896442168255,0.9347298829298203,1.8162148180291409,0.16061218517070586,1.4454547173478418,False,-0.4578386347311162,8
55.0,0.274419,2.5303604924447622,0.33945896442168255,0.9347298829298203,1.8162148180291409,0.16061218517070586,1.4454547173478418,True,-0.5339727221586728,8
121.0,0.274419,2.5303604924447622,0.33945896442168255,0.9347298829298203,1.8162148180291409,0.16061218517070586,1.4454547173478418,False,-0.5339727221586728,8
62.0,0.227907,2.5303604924447622,0.33945896442168255,0.9347298829298203,1.8162148180291409,0.16061218517070586,1.4454547173478418,False,-0.5586319457168776,8
78.0,0.237209,2.5303604924447622,0.33945896442168255,0.9347298829298203,1.8162148180291409,0.16061218517070586,1.4454547173478418,False,-0.5586319457168776,8
79.0,0.23255800000000001,2.5303604924447622,0.33945896442168255,0.9347298829298203,1.8162148180291409,0.16061218517070586,1.4454547173478418,False,-0.5586319457168776,8
103.0,0.223256,2.5303604924447622,0.33945896442168255,0.9347298829298203,1.8162148180291409,0.16061218517070586,1.4454547173478418,False,-0.5914236181702844,8
111.0,1.0,2.0793707016051584,1.9023057455315513,0.23256146031167324,0.6766673874865037,0.23737597950387213,0.3697356129128573,False,0.5842492696297285,422
57.0,1.0,2.2489035453575648,2.031591542972538,0.039552982430426625,0.2268010250219623,0.7277940649893925,0.5895045499742531,False,0.5522460758917871,422
91.0,1.0,2.2489035453575648,2.031591542972538,0.039552982430426625,0.2268010250219623,0.7277940649893925,0.5895045499742531,False,0.5522460758917871,422
58.0,1.0,2.2489035453575648,2.031591542972538,0.039552982430426625,0.2268010250219623,0.7277940649893925,0.5895045499742531,False,0.5522460758917871,422
192.0,1.0,2.2489035453575648,2.031591542972538,0.039552982430426625,0.2268010250219623,0.7277940649893925,0.5895045499742531,False,0.5522460758917871,422
274.0,1.0,2.2489035453575648,2.031591542972538,0.039552982430426625,0.2268010250219623,0.7277940649893925,0.5895045499742531,False,0.5522460758917871,422
52.0,1.0,2.2489035453575648,2.031591542972538,0.039552982430426625,0.2268010250219623,0.7277940649893925,0.5895045499742531,False,0.5522460758917871,422
96.0,1.0,2.2489035453575648,2.031591542972538,0.039552982430426625,0.2268010250219623,0.7277940649893925,0.5895045499742531,False,0.5522460758917871,422
114.0,1.0,2.215116925139679,1.2310026058331052,0.5771780707369458,0.7731605184048744,1.0032972063049175,1.2057605814312398,False,0.5223343920404465,422
115.0,1.0,2.215116925139679,1.2310026058331052,0.5771780707369458,0.7731605184048744,1.0032972063049175,1.2057605814312398,True,0.5223343920404465,422
49.0,0.781395,2.2489035453575648,2.031591542972538,0.039552982430426625,0.2268010250219623,0.7277940649893925,0.5895045499742531,False,0.5089924438143623,422
110.0,0.734884,2.0793707016051584,1.9023057455315513,0.23256146031167324,0.6766673874865037,0.23737597950387213,0.3697356129128573,False,0.4888704602242985,422
54.0,1.0,1.3517831121783286,0.39962183064318935,0.3273099936411772,0.3079240347958969,0.21783638135396188,1.1908896853445967,False,0.45914639719304895,422
302.0,1.0,1.3517831121783286,0.39962183064318935,0.3273099936411772,0.3079240347958969,0.21783638135396188,1.1908896853445967,False,0.45914639719304895,422
310.0,1.0,1.3517831121783286,0.39962183064318935,0.3273099936411772,0.3079240347958969,0.21783638135396188,1.1908896853445967,False,0.45914639719304895,422
299.0,1.0,1.3517831121783286,0.39962183064318935,0.3273099936411772,0.3079240347958969,0.21783638135396188,1.1908896853445967,False,0.45914639719304895,422
249.0,1.0,1.3517831121783286,0.39962183064318935,0.3273099936411772,0.3079240347958969,0.21783638135396188,1.1908896853445967,False,0.45914639719304895,422
130.0,1.0,1.3517831121783286,0.39962183064318935,0.3273099936411772,0.3079240347958969,0.21783638135396188,1.1908896853445967,False,0.45914639719304895,422
108.0,1.0,1.3517831121783286,0.39962183064318935,0.3273099936411772,0.3079240347958969,0.21783638135396188,1.1908896853445967,False,0.45914639719304895,422
50.0,1.0,2.034463366701642,1.0439008903909974,1.117621224497154,0.8058220824385779,0.9902597280980294,0.412639506599787,False,0.4581510038003528,422
53.0,1.0,1.6733319403669689,0.9559796399890981,1.2784672820228429,0.1024644812958766,0.44107733528839,0.21590723411545043,False,0.4485607986412265,422
311.0,0.772093,1.3517831121783286,0.39962183064318935,0.3273099936411772,0.3079240347958969,0.21783638135396188,1.1908896853445967,False,0.4158927651156241,422
300.0,0.7534879999999999,1.3517831121783286,0.39962183064318935,0.3273099936411772,0.3079240347958969,0.21783638135396188,1.1908896853445967,False,0.4158927651156241,422
304.0,0.7534879999999999,1.3517831121783286,0.39962183064318935,0.3273099936411772,0.3079240347958969,0.21783638135396188,1.1908896853445967,False,0.4158927651156241,422
313.0,0.702326,1.3517831121783286,0.39962183064318935,0.3273099936411772,0.3079240347958969,0.21783638135396188,1.1908896853445967,False,0.3801604717487653,422
312.0,0.7209300000000001,1.3517831121783286,0.39962183064318935,0.3273099936411772,0.3079240347958969,0.21783638135396188,1.1908896853445967,False,0.3801604717487653,422
301.0,0.734884,1.3517831121783286,0.39962183064318935,0.3273099936411772,0.3079240347958969,0.21783638135396188,1.1908896853445967,False,0.3801604717487653,422
97.0,1.0,2.208021200516547,0.913892420816818,1.0327387787410705,0.5728104577430922,0.07623316005019182,1.6247109173011127,False,0.3690412979934358,422
41.0,0.665116,1.3517831121783286,0.39962183064318935,0.3273099936411772,0.3079240347958969,0.21783638135396188,1.1908896853445967,False,0.3519862018711094,422
3.0,0.683721,1.3517831121783286,0.39962183064318935,0.3273099936411772,0.3079240347958969,0.21783638135396188,1.1908896853445967,False,0.3519862018711094,422
39.0,0.6511629999999999,1.3517831121783286,0.39962183064318935,0.3273099936411772,0.3079240347958969,0.21783638135396188,1.1908896853445967,False,0.3519862018711094,422
119.0,1.0,2.454657319550405,1.035456858771496,0.6832515478155851,1.9773104952933775,0.3473014153442332,0.6752509937464753,False,0.3188775691174607,422
34.0,0.637209,1.3517831121783286,0.39962183064318935,0.3273099936411772,0.3079240347958969,0.21783638135396188,1.1908896853445967,False,0.31768252243065626,422
43.0,0.6418600000000001,1.3517831121783286,0.39962183064318935,0.3273099936411772,0.3079240347958969,0.21783638135396188,1.1908896853445967,False,0.31768252243065626,422
40.0,0.613953,1.3517831121783286,0.39962183064318935,0.3273099936411772,0.3079240347958969,0.21783638135396188,1.1908896853445967,False,0.30017115092185026,422
118.0,0.9069769999999999,2.454657319550405,1.035456858771496,0.6832515478155851,1.9773104952933775,0.3473014153442332,0.6752509937464753,False,0.27562393704003585,422
295.0,0.4,2.0793707016051584,1.9023057455315513,0.23256146031167324,0.6766673874865037,0.23737597950387213,0.3697356129128573,False,0.14451583703507762,422
142.0,0.390698,2.2489035453575648,2.031591542972538,0.039552982430426625,0.2268010250219623,0.7277940649893925,0.5895045499742531,False,0.14089221717251146,422
81.0,0.362791,2.0793707016051584,1.9023057455315513,0.23256146031167324,0.6766673874865037,0.23737597950387213,0.3697356129128573,False,0.13391271183022987,422
60.0,0.367442,2.2489035453575648,2.031591542972538,0.039552982430426625,0.2268010250219623,0.7277940649893925,0.5895045499742531,False,0.11431663150082891,422
61.0,0.35814,2.2489035453575648,2.031591542972538,0.039552982430426625,0.2268010250219623,0.7277940649893925,0.5895045499742531,False,0.10190951809228846,422
303.0,0.37674399999999997,1.3517831121783286,0.39962183064318935,0.3273099936411772,0.3079240347958969,0.21783638135396188,1.1908896853445967,False,0.05065462927894897,422
307.0,0.38604700000000003,1.3517831121783286,0.39962183064318935,0.3273099936411772,0.3079240347958969,0.21783638135396188,1.1908896853445967,False,0.05065462927894897,422
306.0,0.381395,1.3517831121783286,0.39962183064318935,0.3273099936411772,0.3079240347958969,0.21783638135396188,1.1908896853445967,False,0.05065462927894897,422
305.0,0.34883699999999995,1.3517831121783286,0.39962183064318935,0.3273099936411772,0.3079240347958969,0.21783638135396188,1.1908896853445967,False,0.03696254108779272,422
308.0,0.35348799999999997,1.3517831121783286,0.39962183064318935,0.3273099936411772,0.3079240347958969,0.21783638135396188,1.1908896853445967,False,0.03696254108779272,422
132.0,0.5023259999999999,1.3517831121783286,0.39962183064318935,0.3273099936411772,0.3079240347958969,0.21783638135396188,1.1908896853445967,False,-0.02346811532019665,422
136.0,0.339535,2.2489035453575648,2.031591542972538,0.039552982430426625,0.2268010250219623,0.7277940649893925,0.5895045499742531,False,-0.05117163337899503,422
285.0,0.26976700000000003,2.2489035453575648,2.031591542972538,0.039552982430426625,0.2268010250219623,0.7277940649893925,0.5895045499742531,False,-0.10937757966369592,422
105.0,0.483721,2.454657319550405,1.035456858771496,0.6832515478155851,1.9773104952933775,0.3473014153442332,0.6752509937464753,False,-0.16099589048878402,422
95.0,0.172093,2.2489035453575648,2.031591542972538,0.039552982430426625,0.2268010250219623,0.7277940649893925,0.5895045499742531,False,-0.16682847567530756,422
63.0,0.15814,2.2489035453575648,2.031591542972538,0.039552982430426625,0.2268010250219623,0.7277940649893925,0.5895045499742531,False,-0.17691318009710666,422
237.0,0.09302300000000001,2.2489035453575648,2.031591542972538,0.039552982430426625,0.2268010250219623,0.7277940649893925,0.5895045499742531,False,-0.17691318009710666,422
100.0,0.15814,2.2489035453575648,2.031591542972538,0.039552982430426625,0.2268010250219623,0.7277940649893925,0.5895045499742531,False,-0.17691318009710666,422
131.0,0.339535,1.3517831121783286,0.39962183064318935,0.3273099936411772,0.3079240347958969,0.21783638135396188,1.1908896853445967,False,-0.17915998832487606,422
236.0,0.065116,2.2489035453575648,2.031591542972538,0.039552982430426625,0.2268010250219623,0.7277940649893925,0.5895045499742531,False,-0.21610185993124253,422
246.0,0.055814,2.2489035453575648,2.031591542972538,0.039552982430426625,0.2268010250219623,0.7277940649893925,0.5895045499742531,False,-0.21610185993124253,422
262.0,0.04186,2.2489035453575648,2.031591542972538,0.039552982430426625,0.2268010250219623,0.7277940649893925,0.5895045499742531,False,-0.21610185993124253,422
101.0,0.237209,2.0793707016051584,1.9023057455315513,0.23256146031167324,0.6766673874865037,0.23737597950387213,0.3697356129128573,False,-0.23156439969300155,422
107.0,0.237209,2.0793707016051584,1.9023057455315513,0.23256146031167324,0.6766673874865037,0.23737597950387213,0.3697356129128573,False,-0.23156439969300155,422
102.0,0.218605,2.0793707016051584,1.9023057455315513,0.23256146031167324,0.6766673874865037,0.23737597950387213,0.3697356129128573,False,-0.26435607214640844,422
124.0,0.2,2.0793707016051584,1.9023057455315513,0.23256146031167324,0.6766673874865037,0.23737597950387213,0.3697356129128573,False,-0.26435607214640844,422
76.0,0.209302,2.0793707016051584,1.9023057455315513,0.23256146031167324,0.6766673874865037,0.23737597950387213,0.3697356129128573,False,-0.26435607214640844,422
77.0,0.21395299999999998,2.0793707016051584,1.9023057455315513,0.23256146031167324,0.6766673874865037,0.23737597950387213,0.3697356129128573,False,-0.26435607214640844,422
171.0,0.037209,2.215116925139679,1.2310026058331052,0.5771780707369458,0.7731605184048744,1.0032972063049175,1.2057605814312398,False,-0.305458282874858,422
67.0,0.190698,1.3517831121783286,0.39962183064318935,0.3273099936411772,0.3079240347958969,0.21783638135396188,1.1908896853445967,False,-0.31764223927358176,422
109.0,0.190698,1.3517831121783286,0.39962183064318935,0.3273099936411772,0.3079240347958969,0.21783638135396188,1.1908896853445967,False,-0.31764223927358176,422
64.0,0.204651,1.3517831121783286,0.39962183064318935,0.3273099936411772,0.3079240347958969,0.21783638135396188,1.1908896853445967,False,-0.31764223927358176,422
293.0,0.18604700000000002,1.3517831121783286,0.39962183064318935,0.3273099936411772,0.3079240347958969,0.21783638135396188,1.1908896853445967,False,-0.31764223927358176,422
71.0,0.18604700000000002,1.3517831121783286,0.39962183064318935,0.3273099936411772,0.3079240347958969,0.21783638135396188,1.1908896853445967,False,-0.31764223927358176,422
116.0,0.102326,1.3517831121783286,0.39962183064318935,0.3273099936411772,0.3079240347958969,0.21783638135396188,1.1908896853445967,False,-0.32772694369538075,422
134.0,0.074419,1.3517831121783286,0.39962183064318935,0.3273099936411772,0.3079240347958969,0.21783638135396188,1.1908896853445967,False,-0.3669156235295166,422
1.0,0.074419,1.3517831121783286,0.39962183064318935,0.3273099936411772,0.3079240347958969,0.21783638135396188,1.1908896853445967,False,-0.3669156235295166,422
69.0,0.074419,1.3517831121783286,0.39962183064318935,0.3273099936411772,0.3079240347958969,0.21783638135396188,1.1908896853445967,False,-0.3669156235295166,422
80.0,0.074419,1.3517831121783286,0.39962183064318935,0.3273099936411772,0.3079240347958969,0.21783638135396188,1.1908896853445967,False,-0.3669156235295166,422
6.0,0.074419,1.3517831121783286,0.39962183064318935,0.3273099936411772,0.3079240347958969,0.21783638135396188,1.1908896853445967,False,-0.3669156235295166,422
11.0,0.074419,1.3517831121783286,0.39962183064318935,0.3273099936411772,0.3079240347958969,0.21783638135396188,1.1908896853445967,False,-0.3669156235295166,422
169.0,0.065116,1.3517831121783286,0.39962183064318935,0.3273099936411772,0.3079240347958969,0.21783638135396188,1.1908896853445967,False,-0.3669156235295166,422
106.0,0.15814,2.454657319550405,1.035456858771496,0.6832515478155851,1.9773104952933775,0.3473014153442332,0.6752509937464753,False,-0.454454189896843,422
125.0,0.11627900000000001,2.454657319550405,1.035456858771496,0.6832515478155851,1.9773104952933775,0.3473014153442332,0.6752509937464753,False,-0.454454189896843,422
297.0,0.074419,2.454657319550405,1.035456858771496,0.6832515478155851,1.9773104952933775,0.3473014153442332,0.6752509937464753,False,-0.4936428697309789,422
26.0,0.069767,2.454657319550405,1.035456858771496,0.6832515478155851,1.9773104952933775,0.3473014153442332,0.6752509937464753,False,-0.4936428697309789,422
79.0,0.069767,2.454657319550405,1.035456858771496,0.6832515478155851,1.9773104952933775,0.3473014153442332,0.6752509937464753,False,-0.4936428697309789,422
45.0,0.065116,2.454657319550405,1.035456858771496,0.6832515478155851,1.9773104952933775,0.3473014153442332,0.6752509937464753,False,-0.4936428697309789,422
78.0,0.065116,2.454657319550405,1.035456858771496,0.6832515478155851,1.9773104952933775,0.3473014153442332,0.6752509937464753,False,-0.4936428697309789,422
105.0,1.0,2.4048946586753095,2.222273614908408,0.477523616432865,0.5723343637506565,0.3583183279417564,0.4012864905363548,False,0.5740147671206765,401
124.0,1.0,2.4228882483742207,1.89642959668824,0.5328217724485982,0.6699552747871559,0.40044035470786504,1.1750960215343331,False,0.5261338234360543,401
96.0,1.0,1.4984787044259076,0.653529571798306,0.794659605527986,0.7766207849540543,0.6495820608390213,0.40219017934138257,False,0.5109730374777004,401
97.0,1.0,1.4984787044259076,0.653529571798306,0.794659605527986,0.7766207849540543,0.6495820608390213,0.40219017934138257,False,0.5109730374777004,401
196.0,1.0,1.834267880174152,0.023554690673728174,1.03173206703905,1.0181058928073214,0.8586070256380922,0.7250980217771159,False,0.46627231723091506,401
197.0,1.0,1.834267880174152,0.023554690673728174,1.03173206703905,1.0181058928073214,0.8586070256380922,0.7250980217771159,False,0.46627231723091506,401
72.0,1.0,1.834267880174152,0.023554690673728174,1.03173206703905,1.0181058928073214,0.8586070256380922,0.7250980217771159,False,0.46627231723091506,401
130.0,1.0,2.0720334646421716,0.16084057828092824,1.6403121358731065,0.3992684633592076,0.8593841996506878,0.8239372399887204,False,0.42514339485594843,401
132.0,1.0,2.0720334646421716,0.16084057828092824,1.6403121358731065,0.3992684633592076,0.8593841996506878,0.8239372399887204,False,0.42514339485594843,401
131.0,1.0,2.0720334646421716,0.16084057828092824,1.6403121358731065,0.3992684633592076,0.8593841996506878,0.8239372399887204,False,0.42514339485594843,401
58.0,1.0,2.4291589967919456,0.678811057995622,1.8937687217567847,0.8737585095490379,0.489206275226717,0.9224382337063195,False,0.4044231935959574,401
57.0,0.67907,1.4984787044259076,0.653529571798306,0.794659605527986,0.7766207849540543,0.6495820608390213,0.40219017934138257,False,0.3993168370926188,401
309.0,1.0,2.097050990347648,0.05600492129020895,0.6796592789767097,0.8495010345770142,0.39258927412698086,1.7483624405434992,False,0.28801361864898317,401
67.0,1.0,1.7421574905748196,0.7073464937347366,0.7237309102610514,1.2050907505962405,0.12326516649420205,0.7372578998263652,False,0.2620816805580968,401
68.0,0.790698,1.7421574905748196,0.7073464937347366,0.7237309102610514,1.2050907505962405,0.12326516649420205,0.7372578998263652,False,0.21882804848067194,401
24.0,0.613953,2.097050990347648,0.05600492129020895,0.6796592789767097,0.8495010345770142,0.39258927412698086,1.7483624405434992,False,0.1761685413832536,401
25.0,0.604651,2.097050990347648,0.05600492129020895,0.6796592789767097,0.8495010345770142,0.39258927412698086,1.7483624405434992,False,0.1761685413832536,401
8.0,0.5906980000000001,2.097050990347648,0.05600492129020895,0.6796592789767097,0.8495010345770142,0.39258927412698086,1.7483624405434992,False,0.1761685413832536,401
1.0,0.6,2.097050990347648,0.05600492129020895,0.6796592789767097,0.8495010345770142,0.39258927412698086,1.7483624405434992,False,0.1761685413832536,401
7.0,0.595349,2.097050990347648,0.05600492129020895,0.6796592789767097,0.8495010345770142,0.39258927412698086,1.7483624405434992,False,0.1761685413832536,401
6.0,0.5906980000000001,2.097050990347648,0.05600492129020895,0.6796592789767097,0.8495010345770142,0.39258927412698086,1.7483624405434992,False,0.1761685413832536,401
15.0,0.6,2.097050990347648,0.05600492129020895,0.6796592789767097,0.8495010345770142,0.39258927412698086,1.7483624405434992,False,0.1761685413832536,401
110.0,1.0,2.4410866764383234,0.43598540196151503,0.8980636156752799,0.9689319724415412,0.835584657347689,1.823532765416374,False,0.13446729075493974,401
111.0,0.734884,2.4410866764383234,0.43598540196151503,0.8980636156752799,0.9689319724415412,0.835584657347689,1.823532765416374,False,0.12807174927157827,401
18.0,0.539535,2.097050990347648,0.05600492129020895,0.6796592789767097,0.8495010345770142,0.39258927412698086,1.7483624405434992,False,0.12603466196064173,401
28.0,0.534884,2.097050990347648,0.05600492129020895,0.6796592789767097,0.8495010345770142,0.39258927412698086,1.7483624405434992,False,0.10275036285291012,401
64.0,1.0,2.3940392028318676,0.22868568127294386,1.029225053107218,1.2768833748712298,1.013511047869543,1.4007806954540944,False,0.08300922525363964,401
65.0,1.0,2.3940392028318676,0.22868568127294386,1.029225053107218,1.2768833748712298,1.013511047869543,1.4007806954540944,False,0.08300922525363964,401
142.0,0.390698,2.4291589967919456,0.678811057995622,1.8937687217567847,0.8737585095490379,0.489206275226717,0.9224382337063195,False,0.07896776229751419,401
118.0,0.48837200000000003,2.4048946586753095,2.222273614908408,0.477523616432865,0.5723343637506565,0.3583183279417564,0.4012864905363548,False,0.06416995888724226,401
119.0,0.483721,2.4048946586753095,2.222273614908408,0.477523616432865,0.5723343637506565,0.3583183279417564,0.4012864905363548,False,0.06416995888724226,401
295.0,0.38604700000000003,2.4410866764383234,0.43598540196151503,0.8980636156752799,0.9689319724415412,0.835584657347689,1.823532765416374,False,-0.06663742410020784,401
81.0,0.35814,2.4410866764383234,0.43598540196151503,0.8980636156752799,0.9689319724415412,0.835584657347689,1.823532765416374,False,-0.0803295122913641,401
189.0,0.265116,1.834267880174152,0.023554690673728174,1.03173206703905,1.0181058928073214,0.8586070256380922,0.7250980217771159,False,-0.121267071667184,401
109.0,0.32093000000000005,2.4228882483742207,1.89642959668824,0.5328217724485982,0.6699552747871559,0.40044035470786504,1.1750960215343331,False,-0.16052181405215477,401
70.0,0.311628,2.4228882483742207,1.89642959668824,0.5328217724485982,0.6699552747871559,0.40044035470786504,1.1750960215343331,True,-0.16052181405215477,401
71.0,0.325581,2.4228882483742207,1.89642959668824,0.5328217724485982,0.6699552747871559,0.40044035470786504,1.1750960215343331,False,-0.16052181405215477,401
144.0,0.032558,1.834267880174152,0.023554690673728174,1.03173206703905,1.0181058928073214,0.8586070256380922,0.7250980217771159,False,-0.19880031505108817,401
248.0,0.032558,1.834267880174152,0.023554690673728174,1.03173206703905,1.0181058928073214,0.8586070256380922,0.7250980217771159,False,-0.19880031505108817,401
221.0,0.060465,1.834267880174152,0.023554690673728174,1.03173206703905,1.0181058928073214,0.8586070256380922,0.7250980217771159,False,-0.19880031505108817,401
66.0,0.288372,2.4228882483742207,1.89642959668824,0.5328217724485982,0.6699552747871559,0.40044035470786504,1.1750960215343331,False,-0.22065252563262092,401
76.0,0.26976700000000003,2.4228882483742207,1.89642959668824,0.5328217724485982,0.6699552747871559,0.40044035470786504,1.1750960215343331,False,-0.2366559014797116,401
77.0,0.260465,2.4228882483742207,1.89642959668824,0.5328217724485982,0.6699552747871559,0.40044035470786504,1.1750960215343331,False,-0.2366559014797116,401
101.0,0.265116,2.4228882483742207,1.89642959668824,0.5328217724485982,0.6699552747871559,0.40044035470786504,1.1750960215343331,False,-0.2366559014797116,401
107.0,0.26976700000000003,2.4228882483742207,1.89642959668824,0.5328217724485982,0.6699552747871559,0.40044035470786504,1.1750960215343331,False,-0.2366559014797116,401
128.0,0.21395299999999998,2.0720334646421716,0.16084057828092824,1.6403121358731065,0.3992684633592076,0.8593841996506878,0.8239372399887204,False,-0.24556158165526135,401
293.0,0.18604700000000002,2.0720334646421716,0.16084057828092824,1.6403121358731065,0.3992684633592076,0.8593841996506878,0.8239372399887204,False,-0.24556158165526135,401
74.0,0.35814,2.3940392028318676,0.22868568127294386,1.029225053107218,1.2768833748712298,1.013511047869543,1.4007806954540944,False,-0.24919073943979467,401
60.0,0.265116,2.4291589967919456,0.678811057995622,1.8937687217567847,0.8737585095490379,0.489206275226717,0.9224382337063195,False,-0.2505522171716488,401
129.0,0.153488,2.0720334646421716,0.16084057828092824,1.6403121358731065,0.3992684633592076,0.8593841996506878,0.8239372399887204,False,-0.2681765794614261,401
75.0,0.395349,2.3940392028318676,0.22868568127294386,1.029225053107218,1.2768833748712298,1.013511047869543,1.4007806954540944,False,-0.26898455610437005,401
91.0,0.25116299999999997,2.4291589967919456,0.678811057995622,1.8937687217567847,0.8737585095490379,0.489206275226717,0.9224382337063195,False,-0.27521144072985365,401
108.0,0.227907,2.4291589967919456,0.678811057995622,1.8937687217567847,0.8737585095490379,0.489206275226717,0.9224382337063195,False,-0.27521144072985365,401
53.0,0.237209,2.4291589967919456,0.678811057995622,1.8937687217567847,0.8737585095490379,0.489206275226717,0.9224382337063195,False,-0.27521144072985365,401
61.0,0.25116299999999997,2.4291589967919456,0.678811057995622,1.8937687217567847,0.8737585095490379,0.489206275226717,0.9224382337063195,False,-0.27521144072985365,401
95.0,0.23255800000000001,1.4984787044259076,0.653529571798306,0.794659605527986,0.7766207849540543,0.6495820608390213,0.40219017934138257,False,-0.28439023242056655,401
106.0,0.162791,2.4048946586753095,2.222273614908408,0.477523616432865,0.5723343637506565,0.3583183279417564,0.4012864905363548,False,-0.29759215969174424,401
26.0,0.08837199999999999,2.4048946586753095,2.222273614908408,0.477523616432865,0.5723343637506565,0.3583183279417564,0.4012864905363548,False,-0.3076768641135432,401
12.0,0.08372099999999999,2.4048946586753095,2.222273614908408,0.477523616432865,0.5723343637506565,0.3583183279417564,0.4012864905363548,False,-0.3076768641135432,401
125.0,0.12093,2.4048946586753095,2.222273614908408,0.477523616432865,0.5723343637506565,0.3583183279417564,0.4012864905363548,False,-0.3076768641135432,401
27.0,0.08837199999999999,2.4048946586753095,2.222273614908408,0.477523616432865,0.5723343637506565,0.3583183279417564,0.4012864905363548,False,-0.3076768641135432,401
50.0,0.190698,1.4984787044259076,0.653529571798306,0.794659605527986,0.7766207849540543,0.6495820608390213,0.40219017934138257,False,-0.3171819048739733,401
63.0,0.172093,1.4984787044259076,0.653529571798306,0.794659605527986,0.7766207849540543,0.6495820608390213,0.40219017934138257,False,-0.3171819048739733,401
102.0,0.190698,2.4410866764383234,0.43598540196151503,0.8980636156752799,0.9689319724415412,0.835584657347689,1.823532765416374,False,-0.3623646708772361,401
117.0,0.23255800000000001,2.3940392028318676,0.22868568127294386,1.029225053107218,1.2768833748712298,1.013511047869543,1.4007806954540944,False,-0.5710038473477621,401
103.0,1.0,1.9723239386999707,1.1653641476907666,0.8513867351259901,1.2073189421145591,0.24734099837474705,0.5369656899950049,False,0.5492508987782011,414
177.0,1.0,3.120804076765552,1.9740409488626756,2.0607653892661055,0.9447993820452367,0.8141600812609298,0.20080816203751817,False,0.5223995873268767,414
117.0,1.0,3.0116521465586237,1.4538883227526866,2.1522922744879223,0.6578163713313936,0.08265353378656795,1.372713144460686,False,0.4404531789911329,414
122.0,1.0,2.002419689759501,0.8058873067207233,1.2591172076375208,0.9242100618720237,0.9584724765997559,0.044948786071352886,False,0.4381136294113319,414
79.0,0.604651,1.9723239386999707,1.1653641476907666,0.8513867351259901,1.2073189421145591,0.24734099837474705,0.5369656899950049,False,0.35580829881667114,414
78.0,0.604651,1.9723239386999707,1.1653641476907666,0.8513867351259901,1.2073189421145591,0.24734099837474705,0.5369656899950049,False,0.35580829881667114,414
26.0,1.0,3.0066526710027666,0.46642834229904073,2.193847090567341,0.892004756157117,1.1190846617704617,1.400505931276489,False,0.34427740382959254,414
17.0,1.0,3.0066526710027666,0.46642834229904073,2.193847090567341,0.892004756157117,1.1190846617704617,1.400505931276489,False,0.34427740382959254,414
20.0,1.0,3.0066526710027666,0.46642834229904073,2.193847090567341,0.892004756157117,1.1190846617704617,1.400505931276489,False,0.34427740382959254,414
18.0,1.0,3.0066526710027666,0.46642834229904073,2.193847090567341,0.892004756157117,1.1190846617704617,1.400505931276489,False,0.34427740382959254,414
22.0,1.0,3.0066526710027666,0.46642834229904073,2.193847090567341,0.892004756157117,1.1190846617704617,1.400505931276489,False,0.34427740382959254,414
123.0,1.0,3.0066526710027666,0.46642834229904073,2.193847090567341,0.892004756157117,1.1190846617704617,1.400505931276489,False,0.34427740382959254,414
110.0,1.0,3.0066526710027666,0.46642834229904073,2.193847090567341,0.892004756157117,1.1190846617704617,1.400505931276489,False,0.34427740382959254,414
1.0,1.0,3.0066526710027666,0.46642834229904073,2.193847090567341,0.892004756157117,1.1190846617704617,1.400505931276489,False,0.34427740382959254,414
50.0,1.0,3.0066526710027666,0.46642834229904073,2.193847090567341,0.892004756157117,1.1190846617704617,1.400505931276489,False,0.34427740382959254,414
7.0,1.0,3.0066526710027666,0.46642834229904073,2.193847090567341,0.892004756157117,1.1190846617704617,1.400505931276489,False,0.34427740382959254,414
8.0,1.0,3.0066526710027666,0.46642834229904073,2.193847090567341,0.892004756157117,1.1190846617704617,1.400505931276489,False,0.34427740382959254,414
2.0,1.0,3.0066526710027666,0.46642834229904073,2.193847090567341,0.892004756157117,1.1190846617704617,1.400505931276489,False,0.34427740382959254,414
55.0,1.0,3.0066526710027666,0.46642834229904073,2.193847090567341,0.892004756157117,1.1190846617704617,1.400505931276489,False,0.34427740382959254,414
73.0,1.0,3.0066526710027666,0.46642834229904073,2.193847090567341,0.892004756157117,1.1190846617704617,1.400505931276489,False,0.34427740382959254,414
87.0,1.0,3.0066526710027666,0.46642834229904073,2.193847090567341,0.892004756157117,1.1190846617704617,1.400505931276489,False,0.34427740382959254,414
32.0,1.0,3.0066526710027666,0.46642834229904073,2.193847090567341,0.892004756157117,1.1190846617704617,1.400505931276489,False,0.34427740382959254,414
12.0,1.0,3.0066526710027666,0.46642834229904073,2.193847090567341,0.892004756157117,1.1190846617704617,1.400505931276489,False,0.34427740382959254,414
16.0,1.0,3.0066526710027666,0.46642834229904073,2.193847090567341,0.892004756157117,1.1190846617704617,1.400505931276489,False,0.34427740382959254,414
31.0,1.0,3.0066526710027666,0.46642834229904073,2.193847090567341,0.892004756157117,1.1190846617704617,1.400505931276489,False,0.34427740382959254,414
30.0,1.0,3.0066526710027666,0.46642834229904073,2.193847090567341,0.892004756157117,1.1190846617704617,1.400505931276489,False,0.34427740382959254,414
29.0,1.0,3.0066526710027666,0.46642834229904073,2.193847090567341,0.892004756157117,1.1190846617704617,1.400505931276489,False,0.34427740382959254,414
28.0,1.0,3.0066526710027666,0.46642834229904073,2.193847090567341,0.892004756157117,1.1190846617704617,1.400505931276489,False,0.34427740382959254,414
27.0,1.0,3.0066526710027666,0.46642834229904073,2.193847090567341,0.892004756157117,1.1190846617704617,1.400505931276489,False,0.34427740382959254,414
15.0,1.0,3.0066526710027666,0.46642834229904073,2.193847090567341,0.892004756157117,1.1190846617704617,1.400505931276489,False,0.34427740382959254,414
33.0,1.0,3.0066526710027666,0.46642834229904073,2.193847090567341,0.892004756157117,1.1190846617704617,1.400505931276489,False,0.34427740382959254,414
10.0,1.0,3.0066526710027666,0.46642834229904073,2.193847090567341,0.892004756157117,1.1190846617704617,1.400505931276489,False,0.34427740382959254,414
11.0,1.0,3.0066526710027666,0.46642834229904073,2.193847090567341,0.892004756157117,1.1190846617704617,1.400505931276489,False,0.34427740382959254,414
34.0,1.0,3.0066526710027666,0.46642834229904073,2.193847090567341,0.892004756157117,1.1190846617704617,1.400505931276489,False,0.34427740382959254,414
6.0,1.0,3.0066526710027666,0.46642834229904073,2.193847090567341,0.892004756157117,1.1190846617704617,1.400505931276489,False,0.34427740382959254,414
38.0,1.0,3.0066526710027666,0.46642834229904073,2.193847090567341,0.892004756157117,1.1190846617704617,1.400505931276489,False,0.34427740382959254,414
21.0,1.0,3.0066526710027666,0.46642834229904073,2.193847090567341,0.892004756157117,1.1190846617704617,1.400505931276489,False,0.34427740382959254,414
66.0,1.0,2.5794863002927624,0.838730977049102,1.7705787936258046,0.13248782801107656,0.5717648476650641,1.5718977675098162,False,0.3330403091780295,414
53.0,0.7767440000000001,3.0066526710027666,0.46642834229904073,2.193847090567341,0.892004756157117,1.1190846617704617,1.400505931276489,False,0.30545511240453554,414
41.0,0.7860469999999999,3.0066526710027666,0.46642834229904073,2.193847090567341,0.892004756157117,1.1190846617704617,1.400505931276489,False,0.30545511240453554,414
314.0,0.8046510000000001,3.0066526710027666,0.46642834229904073,2.193847090567341,0.892004756157117,1.1190846617704617,1.400505931276489,False,0.30545511240453554,414
14.0,0.916279,3.0066526710027666,0.46642834229904073,2.193847090567341,0.892004756157117,1.1190846617704617,1.400505931276489,False,0.30545511240453554,414
13.0,0.846512,3.0066526710027666,0.46642834229904073,2.193847090567341,0.892004756157117,1.1190846617704617,1.400505931276489,False,0.30545511240453554,414
23.0,0.9069769999999999,3.0066526710027666,0.46642834229904073,2.193847090567341,0.892004756157117,1.1190846617704617,1.400505931276489,False,0.30545511240453554,414
19.0,0.911628,3.0066526710027666,0.46642834229904073,2.193847090567341,0.892004756157117,1.1190846617704617,1.400505931276489,False,0.30545511240453554,414
311.0,0.6930230000000001,3.0066526710027666,0.46642834229904073,2.193847090567341,0.892004756157117,1.1190846617704617,1.400505931276489,False,0.26972281903767675,414
111.0,0.734884,3.0066526710027666,0.46642834229904073,2.193847090567341,0.892004756157117,1.1190846617704617,1.400505931276489,False,0.26972281903767675,414
312.0,0.655814,3.0066526710027666,0.46642834229904073,2.193847090567341,0.892004756157117,1.1190846617704617,1.400505931276489,False,0.24154854916002083,414
9.0,0.67907,3.0066526710027666,0.46642834229904073,2.193847090567341,0.892004756157117,1.1190846617704617,1.400505931276489,False,0.24154854916002083,414
88.0,0.637209,3.0066526710027666,0.46642834229904073,2.193847090567341,0.892004756157117,1.1190846617704617,1.400505931276489,False,0.22768589970029646,414
310.0,0.637209,3.0066526710027666,0.46642834229904073,2.193847090567341,0.892004756157117,1.1190846617704617,1.400505931276489,False,0.22768589970029646,414
313.0,0.6418600000000001,3.0066526710027666,0.46642834229904073,2.193847090567341,0.892004756157117,1.1190846617704617,1.400505931276489,False,0.22768589970029646,414
40.0,0.623256,3.0066526710027666,0.46642834229904073,2.193847090567341,0.892004756157117,1.1190846617704617,1.400505931276489,False,0.22293946199918033,414
298.0,0.562791,3.0066526710027666,0.46642834229904073,2.193847090567341,0.892004756157117,1.1190846617704617,1.400505931276489,False,0.21849370578171606,414
36.0,0.55814,3.0066526710027666,0.46642834229904073,2.193847090567341,0.892004756157117,1.1190846617704617,1.400505931276489,False,0.21849370578171606,414
43.0,0.562791,3.0066526710027666,0.46642834229904073,2.193847090567341,0.892004756157117,1.1190846617704617,1.400505931276489,False,0.21849370578171606,414
309.0,0.6,3.0066526710027666,0.46642834229904073,2.193847090567341,0.892004756157117,1.1190846617704617,1.400505931276489,False,0.21017452819149046,414
35.0,0.567442,3.0066526710027666,0.46642834229904073,2.193847090567341,0.892004756157117,1.1190846617704617,1.400505931276489,False,0.21017452819149046,414
39.0,0.613953,3.0066526710027666,0.46642834229904073,2.193847090567341,0.892004756157117,1.1190846617704617,1.400505931276489,False,0.21017452819149046,414
307.0,1.0,3.276853210856236,0.8115907305640555,1.4774168197124204,2.5724223081778144,0.9616563829755371,0.5951365069155938,False,0.1606049267138479,414
58.0,1.0,3.3015255837321233,0.9391172173201383,2.563576881436028,0.23065540457167572,0.020828572994853245,1.8418924670094676,False,0.13397488178022454,414
24.0,0.539535,3.0066526710027666,0.46642834229904073,2.193847090567341,0.892004756157117,1.1190846617704617,1.400505931276489,False,0.12915666379710583,414
305.0,0.706977,3.276853210856236,0.8115907305640555,1.4774168197124204,2.5724223081778144,0.9616563829755371,0.5951365069155938,False,0.0860503419219322,414
306.0,0.6976739999999999,3.276853210856236,0.8115907305640555,1.4774168197124204,2.5724223081778144,0.9616563829755371,0.5951365069155938,False,0.0860503419219322,414
308.0,0.7488370000000001,3.276853210856236,0.8115907305640555,1.4774168197124204,2.5724223081778144,0.9616563829755371,0.5951365069155938,False,0.0860503419219322,414
37.0,0.390698,3.0066526710027666,0.46642834229904073,2.193847090567341,0.892004756157117,1.1190846617704617,1.400505931276489,False,0.045535566980054606,414
295.0,0.38604700000000003,3.0066526710027666,0.46642834229904073,2.193847090567341,0.892004756157117,1.1190846617704617,1.400505931276489,False,0.045535566980054606,414
61.0,0.372093,3.0066526710027666,0.46642834229904073,2.193847090567341,0.892004756157117,1.1190846617704617,1.400505931276489,False,0.04425059219743879,414
25.0,0.367442,3.0066526710027666,0.46642834229904073,2.193847090567341,0.892004756157117,1.1190846617704617,1.400505931276489,False,0.04425059219743879,414
62.0,0.437209,1.9723239386999707,1.1653641476907666,0.8513867351259901,1.2073189421145591,0.24734099837474705,0.5369656899950049,False,0.03940609054476693,414
81.0,0.35814,3.0066526710027666,0.46642834229904073,2.193847090567341,0.892004756157117,1.1190846617704617,1.400505931276489,False,0.03184347878889835,414
60.0,0.362791,3.0066526710027666,0.46642834229904073,2.193847090567341,0.892004756157117,1.1190846617704617,1.400505931276489,False,0.03184347878889835,414
71.0,0.34883699999999995,2.5794863002927624,0.838730977049102,1.7705787936258046,0.13248782801107656,0.5717648476650641,1.5718977675098162,False,0.020606384137335378,414
109.0,0.35348799999999997,2.5794863002927624,0.838730977049102,1.7705787936258046,0.13248782801107656,0.5717648476650641,1.5718977675098162,False,0.020606384137335378,414
90.0,0.497674,3.0066526710027666,0.46642834229904073,2.193847090567341,0.892004756157117,1.1190846617704617,1.400505931276489,False,-0.028587177619091013,414
142.0,0.390698,3.3015255837321233,0.9391172173201383,2.563576881436028,0.23065540457167572,0.020828572994853245,1.8418924670094676,False,-0.04225746244182654,414
86.0,0.49302300000000004,3.0066526710027666,0.46642834229904073,2.193847090567341,0.892004756157117,1.1190846617704617,1.400505931276489,False,-0.05295538253410391,414
70.0,0.33488399999999996,2.5794863002927624,0.838730977049102,1.7705787936258046,0.13248782801107656,0.5717648476650641,1.5718977675098162,False,-0.14169961295152497,414
124.0,0.288372,2.5794863002927624,0.838730977049102,1.7705787936258046,0.13248782801107656,0.5717648476650641,1.5718977675098162,False,-0.14719004358419702,414
121.0,0.311628,1.9723239386999707,1.1653641476907666,0.8513867351259901,1.2073189421145591,0.24734099837474705,0.5369656899950049,False,-0.16748800418679224,414
120.0,0.293023,2.002419689759501,0.8058873067207233,1.2591172076375208,0.9242100618720237,0.9584724765997559,0.044948786071352886,False,-0.16892398782237458,414
104.0,0.30232600000000004,2.002419689759501,0.8058873067207233,1.2591172076375208,0.9242100618720237,0.9584724765997559,0.044948786071352886,False,-0.16892398782237458,414
302.0,0.38604700000000003,3.276853210856236,0.8115907305640555,1.4774168197124204,2.5724223081778144,0.9616563829755371,0.5951365069155938,False,-0.1768700890503498,414
304.0,0.367442,3.276853210856236,0.8115907305640555,1.4774168197124204,2.5724223081778144,0.9616563829755371,0.5951365069155938,False,-0.17815506383296564,414
300.0,0.367442,3.276853210856236,0.8115907305640555,1.4774168197124204,2.5724223081778144,0.9616563829755371,0.5951365069155938,False,-0.17815506383296564,414
299.0,0.34883699999999995,3.276853210856236,0.8115907305640555,1.4774168197124204,2.5724223081778144,0.9616563829755371,0.5951365069155938,False,-0.18545584626114975,414
64.0,0.227907,2.5794863002927624,0.838730977049102,1.7705787936258046,0.13248782801107656,0.5717648476650641,1.5718977675098162,False,-0.18785264298949242,414
91.0,0.325581,3.0066526710027666,0.46642834229904073,2.193847090567341,0.892004756157117,1.1190846617704617,1.400505931276489,False,-0.18917631813330751,414
77.0,0.195349,2.5794863002927624,0.838730977049102,1.7705787936258046,0.13248782801107656,0.5717648476650641,1.5718977675098162,False,-0.22064431544289922,414
76.0,0.21395299999999998,2.5794863002927624,0.838730977049102,1.7705787936258046,0.13248782801107656,0.5717648476650641,1.5718977675098162,False,-0.22064431544289922,414
65.0,0.195349,2.5794863002927624,0.838730977049102,1.7705787936258046,0.13248782801107656,0.5717648476650641,1.5718977675098162,False,-0.22064431544289922,414
101.0,0.209302,2.5794863002927624,0.838730977049102,1.7705787936258046,0.13248782801107656,0.5717648476650641,1.5718977675098162,False,-0.22064431544289922,414
96.0,0.237209,3.3015255837321233,0.9391172173201383,2.563576881436028,0.23065540457167572,0.020828572994853245,1.8418924670094676,False,-0.23356028625231628,414
57.0,0.255814,3.3015255837321233,0.9391172173201383,2.563576881436028,0.23065540457167572,0.020828572994853245,1.8418924670094676,False,-0.23356028625231628,414
108.0,0.227907,3.3015255837321233,0.9391172173201383,2.563576881436028,0.23065540457167572,0.020828572994853245,1.8418924670094676,False,-0.23356028625231628,414
97.0,0.237209,3.3015255837321233,0.9391172173201383,2.563576881436028,0.23065540457167572,0.020828572994853245,1.8418924670094676,False,-0.23356028625231628,414
303.0,0.47906999999999994,3.276853210856236,0.8115907305640555,1.4774168197124204,2.5724223081778144,0.9616563829755371,0.5951365069155938,False,-0.27536103856450844,414
107.0,0.21395299999999998,3.0066526710027666,0.46642834229904073,2.193847090567341,0.892004756157117,1.1190846617704617,1.400505931276489,False,-0.28103997130446795,414
52.0,0.21395299999999998,3.0066526710027666,0.46642834229904073,2.193847090567341,0.892004756157117,1.1190846617704617,1.400505931276489,False,-0.28103997130446795,414
102.0,0.190698,3.0066526710027666,0.46642834229904073,2.193847090567341,0.892004756157117,1.1190846617704617,1.400505931276489,False,-0.28103997130446795,414
49.0,0.195349,3.0066526710027666,0.46642834229904073,2.193847090567341,0.892004756157117,1.1190846617704617,1.400505931276489,False,-0.28103997130446795,414
171.0,0.139535,3.120804076765552,1.9740409488626756,2.0607653892661055,0.9447993820452367,0.8141600812609298,0.20080816203751817,False,-0.28619351269581206,414
89.0,0.18139500000000003,3.0116521465586237,1.4538883227526866,2.1522922744879223,0.6578163713313936,0.08265353378656795,1.372713144460686,False,-0.3136623582225928,414
45.0,0.04186,3.0066526710027666,0.46642834229904073,2.193847090567341,0.892004756157117,1.1190846617704617,1.400505931276489,False,-0.34284364894476854,414
84.0,0.046512000000000005,3.0066526710027666,0.46642834229904073,2.193847090567341,0.892004756157117,1.1190846617704617,1.400505931276489,False,-0.34284364894476854,414
301.0,0.339535,3.276853210856236,0.8115907305640555,1.4774168197124204,2.5724223081778144,0.9616563829755371,0.5951365069155938,False,-0.4202523826020626,414
115.0,1.0,1.8263917135075782,1.562275668827135,0.6695614028168293,0.059364545453202244,0.2850114480762602,0.6016089085331461,False,0.5626248680778452,341
114.0,1.0,1.8263917135075782,1.562275668827135,0.6695614028168293,0.059364545453202244,0.2850114480762602,0.6016089085331461,False,0.5626248680778452,341
71.0,1.0,1.7864654122152566,1.2306419620647566,0.9995897795174187,0.18715092871607392,0.5481918627356174,0.585029498779605,False,0.5565885614620182,341
70.0,1.0,1.7864654122152566,1.2306419620647566,0.9995897795174187,0.18715092871607392,0.5481918627356174,0.585029498779605,False,0.5565885614620182,341
64.0,1.0,1.9077687233666352,1.1328640496799416,1.3162858250250211,0.6925526262148413,0.008162442771271206,0.37933680033428807,False,0.514140841843678,341
109.0,0.87907,1.7864654122152566,1.2306419620647566,0.9995897795174187,0.18715092871607392,0.5481918627356174,0.585029498779605,False,0.5133349293845934,341
111.0,1.0,1.4433028640420833,0.8909725291286887,0.32494479239155677,0.1558576763715731,1.0509326748773056,0.2344160599852363,False,0.498598872941957,341
65.0,1.0,1.5596800072916115,0.1726807599827349,0.34956577413050827,0.42738234029421557,1.4061003219965238,0.34758174508940465,False,0.4957730577654958,341
110.0,1.0,1.3483621416654799,0.491990323251724,0.21840433669857018,0.11943093786452705,1.2281739314746698,0.07517032487287478,False,0.4806643868798219,341
299.0,1.0,1.8332650235394994,0.4773970280975426,1.0592203309521042,0.24855891738354025,1.3944532665469267,0.06872820818527114,False,0.44260847171397566,341
302.0,1.0,1.8332650235394994,0.4773970280975426,1.0592203309521042,0.24855891738354025,1.3944532665469267,0.06872820818527114,False,0.44260847171397566,341
304.0,1.0,1.8332650235394994,0.4773970280975426,1.0592203309521042,0.24855891738354025,1.3944532665469267,0.06872820818527114,False,0.44260847171397566,341
307.0,1.0,1.8332650235394994,0.4773970280975426,1.0592203309521042,0.24855891738354025,1.3944532665469267,0.06872820818527114,False,0.44260847171397566,341
58.0,1.0,1.8227045384146323,0.6228061367054131,1.214109442780075,0.024257474972023685,0.8817955493536979,0.8259242068371797,False,0.43126369238797946,341
300.0,0.7534879999999999,1.8332650235394994,0.4773970280975426,1.0592203309521042,0.24855891738354025,1.3944532665469267,0.06872820818527114,False,0.40738449933472093,341
96.0,1.0,1.8493989972499767,0.7095344930885149,0.11500032655127626,0.07288024962295986,1.042171334966002,1.3461722612021165,False,0.40150411399770936,341
97.0,1.0,1.8493989972499767,0.7095344930885149,0.11500032655127626,0.07288024962295986,1.042171334966002,1.3461722612021165,False,0.40150411399770936,341
67.0,1.0,1.9515717023848604,0.6513415724445276,1.4033901892377612,0.35558971601922645,0.5158544406211829,1.011104540717134,False,0.3940321171223177,341
301.0,0.739535,1.8332650235394994,0.4773970280975426,1.0592203309521042,0.24855891738354025,1.3944532665469267,0.06872820818527114,False,0.37165220596786214,341
308.0,0.7488370000000001,1.8332650235394994,0.4773970280975426,1.0592203309521042,0.24855891738354025,1.3944532665469267,0.06872820818527114,False,0.37165220596786214,341
306.0,0.6976739999999999,1.8332650235394994,0.4773970280975426,1.0592203309521042,0.24855891738354025,1.3944532665469267,0.06872820818527114,False,0.37165220596786214,341
305.0,0.706977,1.8332650235394994,0.4773970280975426,1.0592203309521042,0.24855891738354025,1.3944532665469267,0.06872820818527114,False,0.37165220596786214,341
68.0,0.790698,1.9515717023848604,0.6513415724445276,1.4033901892377612,0.35558971601922645,0.5158544406211829,1.011104540717134,False,0.35520982569726073,341
57.0,0.67907,1.8493989972499767,0.7095344930885149,0.11500032655127626,0.07288024962295986,1.042171334966002,1.3461722612021165,False,0.29434391867576976,341
75.0,0.395349,1.9077687233666352,1.1328640496799416,1.3162858250250211,0.6925526262148413,0.008162442771271206,0.37933680033428807,False,0.13189336824295875,341
66.0,0.34883699999999995,1.7864654122152566,1.2306419620647566,0.9995897795174187,0.18715092871607392,0.5481918627356174,0.585029498779605,False,0.12528712735731154,341
74.0,0.35814,1.9077687233666352,1.1328640496799416,1.3162858250250211,0.6925526262148413,0.008162442771271206,0.37933680033428807,False,0.12129024303811099,341
303.0,0.37674399999999997,1.8332650235394994,0.4773970280975426,1.0592203309521042,0.24855891738354025,1.3944532665469267,0.06872820818527114,False,0.08829074501485137,341
142.0,0.390698,1.8227045384146323,0.6228061367054131,1.214109442780075,0.024257474972023685,0.8817955493536979,0.8259242068371797,False,0.08093589045643967,341
295.0,0.38604700000000003,1.3483621416654799,0.491990323251724,0.21840433669857018,0.11943093786452705,1.2281739314746698,0.07517032487287478,False,0.06368668913499535,341
81.0,0.362791,1.4433028640420833,0.8909725291286887,0.32494479239155677,0.1558576763715731,1.0509326748773056,0.2344160599852363,False,0.05989942730780416,341
124.0,0.325581,1.7864654122152566,1.2306419620647566,0.9995897795174187,0.18715092871607392,0.5481918627356174,0.585029498779605,False,-0.08750774895519405,341
50.0,0.190698,1.8493989972499767,0.7095344930885149,0.11500032655127626,0.07288024962295986,1.042171334966002,1.3461722612021165,False,-0.13136508964681623,341
63.0,0.172093,1.8493989972499767,0.7095344930885149,0.11500032655127626,0.07288024962295986,1.042171334966002,1.3461722612021165,False,-0.13136508964681623,341
91.0,0.18139500000000003,1.8493989972499767,0.7095344930885149,0.11500032655127626,0.07288024962295986,1.042171334966002,1.3461722612021165,False,-0.13136508964681623,341
61.0,0.18139500000000003,1.8493989972499767,0.7095344930885149,0.11500032655127626,0.07288024962295986,1.042171334966002,1.3461722612021165,False,-0.13136508964681623,341
108.0,0.223256,1.8493989972499767,0.7095344930885149,0.11500032655127626,0.07288024962295986,1.042171334966002,1.3461722612021165,False,-0.13136508964681623,341
60.0,0.162791,1.8493989972499767,0.7095344930885149,0.11500032655127626,0.07288024962295986,1.042171334966002,1.3461722612021165,False,-0.13136508964681623,341
53.0,0.190698,1.8493989972499767,0.7095344930885149,0.11500032655127626,0.07288024962295986,1.042171334966002,1.3461722612021165,False,-0.13136508964681623,341
76.0,0.24186,1.7864654122152566,1.2306419620647566,0.9995897795174187,0.18715092871607392,0.5481918627356174,0.585029498779605,False,-0.13366077899316145,341
101.0,0.24186,1.7864654122152566,1.2306419620647566,0.9995897795174187,0.18715092871607392,0.5481918627356174,0.585029498779605,False,-0.13366077899316145,341
95.0,0.23255800000000001,1.8493989972499767,0.7095344930885149,0.11500032655127626,0.07288024962295986,1.042171334966002,1.3461722612021165,False,-0.1402947474614174,341
107.0,0.21395299999999998,1.3483621416654799,0.491990323251724,0.21840433669857018,0.11943093786452705,1.2281739314746698,0.07517032487287478,False,-0.14043589274467025,341
102.0,0.190698,1.3483621416654799,0.491990323251724,0.21840433669857018,0.11943093786452705,1.2281739314746698,0.07517032487287478,False,-0.14043589274467025,341
77.0,0.18604700000000002,1.3483621416654799,0.491990323251724,0.21840433669857018,0.11943093786452705,1.2281739314746698,0.07517032487287478,False,-0.14043589274467025,341
131.0,0.218605,1.7864654122152566,1.2306419620647566,0.9995897795174187,0.18715092871607392,0.5481918627356174,0.585029498779605,False,-0.16645245144656826,341
171.0,0.04186,1.8263917135075782,1.562275668827135,0.6695614028168293,0.059364545453202244,0.2850114480762602,0.6016089085331461,False,-0.2287246527814681,341
117.0,0.23255800000000001,1.9077687233666352,1.1328640496799416,1.3162858250250211,0.6925526262148413,0.008162442771271206,0.37933680033428807,False,-0.26718845352140425,341
130.0,0.190698,1.9515717023848604,0.6513415724445276,1.4033901892377612,0.35558971601922645,0.5158544406211829,1.011104540717134,False,-0.2952241776655141,341
119.0,1.0,1.751583737464174,1.26583109263702,0.5572305431968985,1.0253544935707737,0.28716669243772547,0.14626964572125656,False,0.6058651729094274,77
118.0,0.9069769999999999,1.751583737464174,1.26583109263702,0.5572305431968985,1.0253544935707737,0.28716669243772547,0.14626964572125656,False,0.5626115408320027,77
304.0,1.0,0.9328940733872192,0.014593295154181452,0.8408159942535341,0.36798985524806727,0.16627933507225673,0.006442116687603638,False,0.5568248882313684,77
302.0,1.0,0.9328940733872192,0.014593295154181452,0.8408159942535341,0.36798985524806727,0.16627933507225673,0.006442116687603638,False,0.5568248882313684,77
299.0,1.0,0.9328940733872192,0.014593295154181452,0.8408159942535341,0.36798985524806727,0.16627933507225673,0.006442116687603638,False,0.5568248882313684,77
307.0,1.0,0.9328940733872192,0.014593295154181452,0.8408159942535341,0.36798985524806727,0.16627933507225673,0.006442116687603638,False,0.5568248882313684,77
300.0,0.7534879999999999,0.9328940733872192,0.014593295154181452,0.8408159942535341,0.36798985524806727,0.16627933507225673,0.006442116687603638,False,0.5135712561539436,77
65.0,1.0,0.874186565280673,0.6646710832344589,0.13116143743193812,0.30795140242968855,0.17792639052185394,0.42275206996227943,False,0.5002951756959525,77
64.0,1.0,0.874186565280673,0.6646710832344589,0.13116143743193812,0.30795140242968855,0.17792639052185394,0.42275206996227943,False,0.5002951756959525,77
111.0,1.0,0.550540786523069,0.39898220587696476,0.10654045569298663,0.2752886142361002,0.1772412565973644,0.1592457351123615,False,0.4919186699919971,77
70.0,1.0,1.4348109135741893,0.7386516388130325,0.7811854428188485,0.06771999085154688,0.6799820687390525,0.6601998236524798,False,0.48927649108731414,77
71.0,1.0,1.4348109135741893,0.7386516388130325,0.7811854428188485,0.06771999085154688,0.6799820687390525,0.6601998236524798,False,0.48927649108731414,77
114.0,1.0,1.6518495224979268,1.0702853455754109,0.4511570661182592,0.1787954833177293,0.9431624833984097,0.6767792334060209,False,0.4812425377575313,77
115.0,1.0,1.6518495224979268,1.0702853455754109,0.4511570661182592,0.1787954833177293,0.9431624833984097,0.6767792334060209,False,0.4812425377575313,77
309.0,1.0,1.3483621416654799,0.491990323251724,0.21840433669857018,0.11943093786452705,1.2281739314746698,0.07517032487287478,False,0.4806643868798219,77
305.0,0.706977,0.9328940733872192,0.014593295154181452,0.8408159942535341,0.36798985524806727,0.16627933507225673,0.006442116687603638,False,0.4778389627870846,77
306.0,0.6976739999999999,0.9328940733872192,0.014593295154181452,0.8408159942535341,0.36798985524806727,0.16627933507225673,0.006442116687603638,False,0.4778389627870846,77
301.0,0.734884,0.9328940733872192,0.014593295154181452,0.8408159942535341,0.36798985524806727,0.16627933507225673,0.006442116687603638,False,0.4778389627870846,77
308.0,0.7488370000000001,0.9328940733872192,0.014593295154181452,0.8408159942535341,0.36798985524806727,0.16627933507225673,0.006442116687603638,False,0.4778389627870846,77
177.0,1.0,1.6688383425739524,0.6288724309710813,1.4163388907491719,0.48535587436629635,0.32047858837406934,0.21271618502783385,False,0.4635973246883973,77
109.0,0.87907,1.4348109135741893,0.7386516388130325,0.7811854428188485,0.06771999085154688,0.6799820687390525,0.6601998236524798,False,0.4460228590098893,77
96.0,1.0,1.4662241168647028,0.21754416983679092,0.1034040101472939,0.1923111874874869,0.18600259650866785,1.4213425860749913,False,0.4165803197677101,77
97.0,1.0,1.4662241168647028,0.21754416983679092,0.1034040101472939,0.1923111874874869,0.18600259650866785,1.4213425860749913,False,0.4165803197677101,77
110.0,0.734884,0.550540786523069,0.39898220587696476,0.10654045569298663,0.2752886142361002,0.1772412565973644,0.1592457351123615,True,0.4129327445477135,77
24.0,0.613953,1.3483621416654799,0.491990323251724,0.21840433669857018,0.11943093786452705,1.2281739314746698,0.07517032487287478,False,0.3252227952436513,77
25.0,0.604651,1.3483621416654799,0.491990323251724,0.21840433669857018,0.11943093786452705,1.2281739314746698,0.07517032487287478,False,0.3252227952436513,77
15.0,0.6,1.3483621416654799,0.491990323251724,0.21840433669857018,0.11943093786452705,1.2281739314746698,0.07517032487287478,False,0.3252227952436513,77
6.0,0.5906980000000001,1.3483621416654799,0.491990323251724,0.21840433669857018,0.11943093786452705,1.2281739314746698,0.07517032487287478,False,0.3252227952436513,77
8.0,0.5906980000000001,1.3483621416654799,0.491990323251724,0.21840433669857018,0.11943093786452705,1.2281739314746698,0.07517032487287478,False,0.3252227952436513,77
1.0,0.6,1.3483621416654799,0.491990323251724,0.21840433669857018,0.11943093786452705,1.2281739314746698,0.07517032487287478,False,0.3252227952436513,77
7.0,0.595349,1.3483621416654799,0.491990323251724,0.21840433669857018,0.11943093786452705,1.2281739314746698,0.07517032487287478,False,0.3252227952436513,77
57.0,0.67907,1.4662241168647028,0.21754416983679092,0.1034040101472939,0.1923111874874869,0.18600259650866785,1.4213425860749913,False,0.3094201244457705,77
192.0,1.0,1.4539992636791677,0.2696964084359779,0.16557398704911325,1.1787570267445662,0.7879287878959002,0.06052320194903432,False,0.251635772911061,77
274.0,1.0,1.4539992636791677,0.2696964084359779,0.16557398704911325,1.1787570267445662,0.7879287878959002,0.06052320194903432,False,0.251635772911061,77
52.0,1.0,1.4539992636791677,0.2696964084359779,0.16557398704911325,1.1787570267445662,0.7879287878959002,0.06052320194903432,False,0.251635772911061,77
91.0,1.0,1.4539992636791677,0.2696964084359779,0.16557398704911325,1.1787570267445662,0.7879287878959002,0.06052320194903432,False,0.251635772911061,77
58.0,1.0,1.4539992636791677,0.2696964084359779,0.16557398704911325,1.1787570267445662,0.7879287878959002,0.06052320194903432,False,0.251635772911061,77
18.0,0.539535,1.3483621416654799,0.491990323251724,0.21840433669857018,0.11943093786452705,1.2281739314746698,0.07517032487287478,False,0.22721568789836788,77
49.0,0.781395,1.4539992636791677,0.2696964084359779,0.16557398704911325,1.1787570267445662,0.7879287878959002,0.06052320194903432,False,0.20838214083363615,77
28.0,0.534884,1.3483621416654799,0.491990323251724,0.21840433669857018,0.11943093786452705,1.2281739314746698,0.07517032487287478,False,0.20393138879063633,77
303.0,0.37674399999999997,0.9328940733872192,0.014593295154181452,0.8408159942535341,0.36798985524806727,0.16627933507225673,0.006442116687603638,False,0.14349953756848985,77
74.0,0.35814,0.874186565280673,0.6646710832344589,0.13116143743193812,0.30795140242968855,0.17792639052185394,0.42275206996227943,False,0.06159573006179972,77
81.0,0.362791,0.550540786523069,0.39898220587696476,0.10654045569298663,0.2752886142361002,0.1772412565973644,0.1592457351123615,False,0.05321922435784433,77
105.0,0.483721,1.751583737464174,1.26583109263702,0.5572305431968985,1.0253544935707737,0.28716669243772547,0.14626964572125656,False,0.05239551732508297,77
66.0,0.34883699999999995,1.4348109135741893,0.7386516388130325,0.7811854428188485,0.06771999085154688,0.6799820687390525,0.6601998236524798,False,0.05057704545316127,77
75.0,0.395349,0.874186565280673,0.6646710832344589,0.13116143743193812,0.30795140242968855,0.17792639052185394,0.42275206996227943,False,0.04690824437758069,77
295.0,0.4,0.550540786523069,0.39898220587696476,0.10654045569298663,0.2752886142361002,0.1772412565973644,0.1592457351123615,False,0.03853173867362532,77
124.0,0.325581,1.4348109135741893,0.7386516388130325,0.7811854428188485,0.06771999085154688,0.6799820687390525,0.6601998236524798,False,-0.13040295856394316,77
68.0,0.306977,0.874186565280673,0.6646710832344589,0.13116143743193812,0.30795140242968855,0.17792639052185394,0.42275206996227943,False,-0.15509648875236648,77
67.0,0.32093000000000005,0.874186565280673,0.6646710832344589,0.13116143743193812,0.30795140242968855,0.17792639052185394,0.42275206996227943,False,-0.15509648875236648,77
101.0,0.237209,0.550540786523069,0.39898220587696476,0.10654045569298663,0.2752886142361002,0.1772412565973644,0.1592457351123615,False,-0.16708893408884626,77
107.0,0.237209,0.550540786523069,0.39898220587696476,0.10654045569298663,0.2752886142361002,0.1772412565973644,0.1592457351123615,False,-0.16708893408884626,77
95.0,0.23255800000000001,1.4662241168647028,0.21754416983679092,0.1034040101472939,0.1923111874874869,0.18600259650866785,1.4213425860749913,False,-0.16884338904232687,77
142.0,0.390698,1.4539992636791677,0.2696964084359779,0.16557398704911325,1.1787570267445662,0.7879287878959002,0.06052320194903432,False,-0.1733715845319356,77
60.0,0.367442,1.4539992636791677,0.2696964084359779,0.16557398704911325,1.1787570267445662,0.7879287878959002,0.06052320194903432,False,-0.1746565593145514,77
76.0,0.24186,1.4348109135741893,0.7386516388130325,0.7811854428188485,0.06771999085154688,0.6799820687390525,0.6601998236524798,False,-0.17655598860191057,77
61.0,0.35814,1.4539992636791677,0.2696964084359779,0.16557398704911325,1.1787570267445662,0.7879287878959002,0.06052320194903432,False,-0.1819573417427355,77
102.0,0.218605,0.550540786523069,0.39898220587696476,0.10654045569298663,0.2752886142361002,0.1772412565973644,0.1592457351123615,False,-0.19988060654225306,77
77.0,0.21395299999999998,0.550540786523069,0.39898220587696476,0.10654045569298663,0.2752886142361002,0.1772412565973644,0.1592457351123615,False,-0.19988060654225306,77
108.0,0.223256,1.4662241168647028,0.21754416983679092,0.1034040101472939,0.1923111874874869,0.18600259650866785,1.4213425860749913,False,-0.20163506149573368,77
50.0,0.190698,1.4662241168647028,0.21754416983679092,0.1034040101472939,0.1923111874874869,0.18600259650866785,1.4213425860749913,False,-0.20163506149573368,77
63.0,0.172093,1.4662241168647028,0.21754416983679092,0.1034040101472939,0.1923111874874869,0.18600259650866785,1.4213425860749913,False,-0.20163506149573368,77
53.0,0.190698,1.4662241168647028,0.21754416983679092,0.1034040101472939,0.1923111874874869,0.18600259650866785,1.4213425860749913,False,-0.20163506149573368,77
131.0,0.218605,1.4348109135741893,0.7386516388130325,0.7811854428188485,0.06771999085154688,0.6799820687390525,0.6601998236524798,False,-0.20934766105531738,77
171.0,0.04186,1.6518495224979268,1.0702853455754109,0.4511570661182592,0.1787954833177293,0.9431624833984097,0.6767792334060209,False,-0.22493366837302725,77
117.0,0.23255800000000001,0.874186565280673,0.6646710832344589,0.13116143743193812,0.30795140242968855,0.17792639052185394,0.42275206996227943,False,-0.25588979973812814,77
125.0,0.11627900000000001,1.751583737464174,1.26583109263702,0.5572305431968985,1.0253544935707737,0.28716669243772547,0.14626964572125656,False,-0.31945130567570257,77
106.0,0.15814,1.751583737464174,1.26583109263702,0.5572305431968985,1.0253544935707737,0.28716669243772547,0.14626964572125656,False,-0.31945130567570257,77
79.0,0.069767,1.751583737464174,1.26583109263702,0.5572305431968985,1.0253544935707737,0.28716669243772547,0.14626964572125656,False,-0.35863998550983844,77
26.0,0.069767,1.751583737464174,1.26583109263702,0.5572305431968985,1.0253544935707737,0.28716669243772547,0.14626964572125656,False,-0.35863998550983844,77
297.0,0.074419,1.751583737464174,1.26583109263702,0.5572305431968985,1.0253544935707737,0.28716669243772547,0.14626964572125656,False,-0.35863998550983844,77
45.0,0.065116,1.751583737464174,1.26583109263702,0.5572305431968985,1.0253544935707737,0.28716669243772547,0.14626964572125656,False,-0.35863998550983844,77
78.0,0.065116,1.751583737464174,1.26583109263702,0.5572305431968985,1.0253544935707737,0.28716669243772547,0.14626964572125656,False,-0.35863998550983844,77
136.0,0.339535,1.4539992636791677,0.2696964084359779,0.16557398704911325,1.1787570267445662,0.7879287878959002,0.06052320194903432,False,-0.40992900247526726,77
285.0,0.26976700000000003,1.4539992636791677,0.2696964084359779,0.16557398704911325,1.1787570267445662,0.7879287878959002,0.06052320194903432,False,-0.49096035741236105,77
237.0,0.09302300000000001,1.4539992636791677,0.2696964084359779,0.16557398704911325,1.1787570267445662,0.7879287878959002,0.06052320194903432,False,-0.5167746275777637,77
100.0,0.15814,1.4539992636791677,0.2696964084359779,0.16557398704911325,1.1787570267445662,0.7879287878959002,0.06052320194903432,False,-0.5167746275777637,77
262.0,0.04186,1.4539992636791677,0.2696964084359779,0.16557398704911325,1.1787570267445662,0.7879287878959002,0.06052320194903432,False,-0.5559633074118997,77
236.0,0.065116,1.4539992636791677,0.2696964084359779,0.16557398704911325,1.1787570267445662,0.7879287878959002,0.06052320194903432,False,-0.5559633074118997,77
246.0,0.055814,1.4539992636791677,0.2696964084359779,0.16557398704911325,1.1787570267445662,0.7879287878959002,0.06052320194903432,False,-0.5559633074118997,77
67.0,1.0,4.295464206577168,2.834634803170167,2.9079401106398994,1.174159999530104,0.552891983744026,0.524786952380407,False,0.46763824046411634,234
84.0,1.0,3.2348915217651344,2.3128008632327033,0.8333295321972454,0.7469906542685467,1.2641147658154468,1.505010311150305,False,0.4595807556370822,234
83.0,1.0,3.2348915217651344,2.3128008632327033,0.8333295321972454,0.7469906542685467,1.2641147658154468,1.505010311150305,False,0.4595807556370822,234
85.0,1.0,3.2348915217651344,2.3128008632327033,0.8333295321972454,0.7469906542685467,1.2641147658154468,1.505010311150305,False,0.4595807556370822,234
82.0,1.0,3.2348915217651344,2.3128008632327033,0.8333295321972454,0.7469906542685467,1.2641147658154468,1.505010311150305,False,0.4595807556370822,234
64.0,1.0,4.504448276016986,3.084731218960092,2.6088243153101898,1.0276011119686073,1.2391997308638634,1.173432252684197,False,0.45651579697836087,234
131.0,1.0,4.353923915745049,2.288128887716359,1.9913588850278443,2.778519213485552,1.2890110169005118,0.6114662925427621,False,0.455553142087624,234
132.0,1.0,4.353923915745049,2.288128887716359,1.9913588850278443,2.778519213485552,1.2890110169005118,0.6114662925427621,False,0.455553142087624,234
130.0,1.0,4.353923915745049,2.288128887716359,1.9913588850278443,2.778519213485552,1.2890110169005118,0.6114662925427621,True,0.455553142087624,234
68.0,0.790698,4.295464206577168,2.834634803170167,2.9079401106398994,1.174159999530104,0.552891983744026,0.524786952380407,False,0.42881594903905934,234
197.0,1.0,3.8678709875617407,2.1037336187617024,2.599938953861901,1.3611448573190232,1.2882338428879163,0.5126270743311576,False,0.41526381823318714,234
196.0,1.0,3.8678709875617407,2.1037336187617024,2.599938953861901,1.3611448573190232,1.2882338428879163,0.5126270743311576,False,0.41526381823318714,234
72.0,1.0,3.8678709875617407,2.1037336187617024,2.599938953861901,1.3611448573190232,1.2882338428879163,0.5126270743311576,False,0.41526381823318714,234
90.0,1.0,4.07184199285701,1.936517361905145,0.982416365437663,2.378697659833911,2.4284699394909026,0.5558659936024769,False,0.25051134555034366,234
96.0,1.0,4.123727568867158,0.360845809069839,3.0234463213098017,2.372950420571183,1.0807512917965325,0.9668374492442743,False,0.15429471250167986,234
75.0,0.395349,4.504448276016986,3.084731218960092,2.6088243153101898,1.0276011119686073,1.2391997308638634,1.173432252684197,False,0.0852351079386651,234
74.0,0.35814,4.504448276016986,3.084731218960092,2.6088243153101898,1.0276011119686073,1.2391997308638634,1.173432252684197,False,0.07463198273381738,234
57.0,0.67907,4.123727568867158,0.360845809069839,3.0234463213098017,2.372950420571183,1.0807512917965325,0.9668374492442743,False,0.04706985276896629,234
53.0,0.7767440000000001,4.476349298147343,0.433915846456397,3.28609240746039,1.5564526969688295,0.3350864694059913,2.5526826725954215,False,-0.12960935623934605,234
50.0,1.0,4.476349298147343,0.433915846456397,3.28609240746039,1.5564526969688295,0.3350864694059913,2.5526826725954215,False,-0.13322123351679294,234
61.0,1.0,3.282040401065608,0.9748305133896936,1.7242044034469797,1.6445598997471884,0.3360907496043355,2.007754861455761,False,-0.13322123351679294,234
124.0,0.30232600000000004,4.504448276016986,3.084731218960092,2.6088243153101898,1.0276011119686073,1.2391997308638634,1.173432252684197,False,-0.1572546795402096,234
87.0,0.497674,4.07184199285701,1.936517361905145,0.982416365437663,2.378697659833911,2.4284699394909026,0.5558659936024769,False,-0.18821971277128816,234
88.0,0.5023259999999999,4.07184199285701,1.936517361905145,0.982416365437663,2.378697659833911,2.4284699394909026,0.5558659936024769,False,-0.18821971277128816,234
86.0,0.45116300000000004,4.07184199285701,1.936517361905145,0.982416365437663,2.378697659833911,2.4284699394909026,0.5558659936024769,False,-0.21258791768630111,234
65.0,0.223256,4.504448276016986,3.084731218960092,2.6088243153101898,1.0276011119686073,1.2391997308638634,1.173432252684197,False,-0.24911833271137004,234
70.0,0.223256,4.504448276016986,3.084731218960092,2.6088243153101898,1.0276011119686073,1.2391997308638634,1.173432252684197,False,-0.24911833271137004,234
66.0,0.227907,4.504448276016986,3.084731218960092,2.6088243153101898,1.0276011119686073,1.2391997308638634,1.173432252684197,False,-0.25804799052597116,234
117.0,0.23255800000000001,4.504448276016986,3.084731218960092,2.6088243153101898,1.0276011119686073,1.2391997308638634,1.173432252684197,False,-0.25804799052597116,234
293.0,0.18604700000000002,4.353923915745049,2.288128887716359,1.9913588850278443,2.778519213485552,1.2890110169005118,0.6114662925427621,False,-0.2801642530788909,234
76.0,0.18604700000000002,4.353923915745049,2.288128887716359,1.9913588850278443,2.778519213485552,1.2890110169005118,0.6114662925427621,False,-0.2801642530788909,234
71.0,0.18604700000000002,4.353923915745049,2.288128887716359,1.9913588850278443,2.778519213485552,1.2890110169005118,0.6114662925427621,False,-0.2801642530788909,234
109.0,0.190698,4.353923915745049,2.288128887716359,1.9913588850278443,2.778519213485552,1.2890110169005118,0.6114662925427621,False,-0.2801642530788909,234
128.0,0.21395299999999998,4.353923915745049,2.288128887716359,1.9913588850278443,2.778519213485552,1.2890110169005118,0.6114662925427621,False,-0.2801642530788909,234
18.0,0.111628,3.2348915217651344,2.3128008632327033,0.8333295321972454,0.7469906542685467,1.2641147658154468,1.505010311150305,False,-0.29035827680093845,234
56.0,0.10697699999999999,3.2348915217651344,2.3128008632327033,0.8333295321972454,0.7469906542685467,1.2641147658154468,1.505010311150305,False,-0.29035827680093845,234
22.0,0.10697699999999999,3.2348915217651344,2.3128008632327033,0.8333295321972454,0.7469906542685467,1.2641147658154468,1.505010311150305,False,-0.29035827680093845,234
47.0,0.111628,3.2348915217651344,2.3128008632327033,0.8333295321972454,0.7469906542685467,1.2641147658154468,1.505010311150305,False,-0.29035827680093845,234
309.0,0.097674,3.2348915217651344,2.3128008632327033,0.8333295321972454,0.7469906542685467,1.2641147658154468,1.505010311150305,False,-0.29035827680093845,234
11.0,0.11627900000000001,3.2348915217651344,2.3128008632327033,0.8333295321972454,0.7469906542685467,1.2641147658154468,1.505010311150305,False,-0.29035827680093845,234
310.0,0.097674,3.2348915217651344,2.3128008632327033,0.8333295321972454,0.7469906542685467,1.2641147658154468,1.505010311150305,False,-0.29035827680093845,234
6.0,0.097674,3.2348915217651344,2.3128008632327033,0.8333295321972454,0.7469906542685467,1.2641147658154468,1.505010311150305,False,-0.29035827680093845,234
294.0,0.13023300000000002,3.2348915217651344,2.3128008632327033,0.8333295321972454,0.7469906542685467,1.2641147658154468,1.505010311150305,False,-0.29035827680093845,234
69.0,0.111628,3.2348915217651344,2.3128008632327033,0.8333295321972454,0.7469906542685467,1.2641147658154468,1.505010311150305,False,-0.29035827680093845,234
25.0,0.09302300000000001,3.2348915217651344,2.3128008632327033,0.8333295321972454,0.7469906542685467,1.2641147658154468,1.505010311150305,False,-0.29035827680093845,234
20.0,0.08837199999999999,3.2348915217651344,2.3128008632327033,0.8333295321972454,0.7469906542685467,1.2641147658154468,1.505010311150305,False,-0.29035827680093845,234
45.0,0.102326,3.2348915217651344,2.3128008632327033,0.8333295321972454,0.7469906542685467,1.2641147658154468,1.505010311150305,False,-0.29035827680093845,234
31.0,0.08837199999999999,3.2348915217651344,2.3128008632327033,0.8333295321972454,0.7469906542685467,1.2641147658154468,1.505010311150305,False,-0.29035827680093845,234
15.0,0.10697699999999999,3.2348915217651344,2.3128008632327033,0.8333295321972454,0.7469906542685467,1.2641147658154468,1.505010311150305,False,-0.29035827680093845,234
129.0,0.153488,4.353923915745049,2.288128887716359,1.9913588850278443,2.778519213485552,1.2890110169005118,0.6114662925427621,False,-0.30277925088505564,234
107.0,0.15814,4.353923915745049,2.288128887716359,1.9913588850278443,2.778519213485552,1.2890110169005118,0.6114662925427621,False,-0.30277925088505564,234
189.0,0.265116,3.8678709875617407,2.1037336187617024,2.599938953861901,1.3611448573190232,1.2882338428879163,0.5126270743311576,False,-0.30472401118972414,234
60.0,0.37674399999999997,3.282040401065608,0.9748305133896936,1.7242044034469797,1.6445598997471884,0.3360907496043355,2.007754861455761,False,-0.30945357773884413,234
91.0,0.35814,3.282040401065608,0.9748305133896936,1.7242044034469797,1.6445598997471884,0.3360907496043355,2.007754861455761,False,-0.31803933494964404,234
221.0,0.060465,3.8678709875617407,2.1037336187617024,2.599938953861901,1.3611448573190232,1.2882338428879163,0.5126270743311576,False,-0.38225725457362847,234
144.0,0.032558,3.8678709875617407,2.1037336187617024,2.599938953861901,1.3611448573190232,1.2882338428879163,0.5126270743311576,False,-0.38225725457362847,234
248.0,0.032558,3.8678709875617407,2.1037336187617024,2.599938953861901,1.3611448573190232,1.2882338428879163,0.5126270743311576,False,-0.38225725457362847,234
259.0,0.046512000000000005,4.07184199285701,1.936517361905145,0.982416365437663,2.378697659833911,2.4284699394909026,0.5558659936024769,False,-0.4300074878391836,234
13.0,0.051163,4.07184199285701,1.936517361905145,0.982416365437663,2.378697659833911,2.4284699394909026,0.5558659936024769,False,-0.4300074878391836,234
8.0,0.051163,4.07184199285701,1.936517361905145,0.982416365437663,2.378697659833911,2.4284699394909026,0.5558659936024769,False,-0.4300074878391836,234
7.0,0.055814,4.07184199285701,1.936517361905145,0.982416365437663,2.378697659833911,2.4284699394909026,0.5558659936024769,False,-0.4300074878391836,234
108.0,0.223256,4.123727568867158,0.360845809069839,3.0234463213098017,2.372950420571183,1.0807512917965325,0.9668374492442743,False,-0.5113039330291735,234
142.0,0.204651,4.123727568867158,0.360845809069839,3.0234463213098017,2.372950420571183,1.0807512917965325,0.9668374492442743,False,-0.5113039330291735,234
58.0,0.237209,4.123727568867158,0.360845809069839,3.0234463213098017,2.372950420571183,1.0807512917965325,0.9668374492442743,False,-0.5202335908437746,234
63.0,0.15814,4.123727568867158,0.360845809069839,3.0234463213098017,2.372950420571183,1.0807512917965325,0.9668374492442743,False,-0.533918930835338,234
52.0,0.16744199999999998,4.086487458092329,0.2679823553046472,2.8868633040725338,2.2000636887183225,0.034638290073986555,1.857984235787423,False,-0.5819619339807787,234
49.0,0.223256,3.282040401065608,0.9748305133896936,1.7242044034469797,1.6445598997471884,0.3360907496043355,2.007754861455761,False,-0.641795823803524,234
95.0,0.2,3.282040401065608,0.9748305133896936,1.7242044034469797,1.6445598997471884,0.3360907496043355,2.007754861455761,False,-0.641795823803524,234
97.0,0.190698,4.476349298147343,0.433915846456397,3.28609240746039,1.5564526969688295,0.3350864694059913,2.5526826725954215,False,-0.641795823803524,234
64.0,1.0,2.1611949486399737,1.7349564288098698,0.3199956286863211,0.4867468857474178,1.1210888739202636,0.25402716344374143,False,0.5797085130236075,423
65.0,1.0,2.1611949486399737,1.7349564288098698,0.3199956286863211,0.4867468857474178,1.1210888739202636,0.25402716344374143,False,0.5797085130236075,423
309.0,1.0,1.8263917135075782,1.562275668827135,0.6695614028168293,0.059364545453202244,0.2850114480762602,0.6016089085331461,False,0.5626248680778452,423
249.0,1.0,1.2598582801532974,0.8313807751899158,0.2498680770957686,0.46523648360897757,0.7854608249509555,0.014870896086642993,False,0.5135632541506249,423
54.0,1.0,1.2598582801532974,0.8313807751899158,0.2498680770957686,0.46523648360897757,0.7854608249509555,0.014870896086642993,False,0.5135632541506249,423
310.0,1.0,1.2598582801532974,0.8313807751899158,0.2498680770957686,0.46523648360897757,0.7854608249509555,0.014870896086642993,False,0.5135632541506249,423
302.0,1.0,1.2598582801532974,0.8313807751899158,0.2498680770957686,0.46523648360897757,0.7854608249509555,0.014870896086642993,False,0.5135632541506249,423
299.0,1.0,1.2598582801532974,0.8313807751899158,0.2498680770957686,0.46523648360897757,0.7854608249509555,0.014870896086642993,False,0.5135632541506249,423
130.0,1.0,1.2598582801532974,0.8313807751899158,0.2498680770957686,0.46523648360897757,0.7854608249509555,0.014870896086642993,False,0.5135632541506249,423
108.0,1.0,1.2598582801532974,0.8313807751899158,0.2498680770957686,0.46523648360897757,0.7854608249509555,0.014870896086642993,False,0.5135632541506249,423
57.0,1.0,1.2598582801532974,0.8313807751899158,0.2498680770957686,0.46523648360897757,0.7854608249509555,0.014870896086642993,False,0.5135632541506249,423
70.0,1.0,0.5909385174292935,0.33163370676237847,0.3300283767005893,0.24651547416927616,0.26318041465935715,0.016579409753541136,False,0.49199081483050017,423
71.0,1.0,0.5909385174292935,0.33163370676237847,0.3300283767005893,0.24651547416927616,0.26318041465935715,0.016579409753541136,False,0.49199081483050017,423
97.0,1.0,1.1760959589715145,0.3171101850162872,0.4555607080041247,0.20035006066178224,0.9270640462547256,0.41895033586987307,False,0.4919388525987416,423
111.0,1.0,1.3653909738660959,0.6713031396984461,0.3446166104252726,0.09649313091837086,0.7659212268010452,0.8360249685183824,False,0.4894280697821814,423
96.0,1.0,1.4705624280596326,0.8527411757386201,0.5545610762655531,0.013515704169757614,0.7571598868897419,0.7445633526689706,False,0.4894280697821814,423
110.0,1.0,1.6518495224979268,1.0702853455754109,0.4511570661182592,0.1787954833177293,0.9431624833984097,0.6767792334060209,False,0.4812425377575313,423
307.0,1.0,1.7449364614159435,1.0848786407295925,0.389658928135275,0.189194371930338,1.1094418184706665,0.6703371167184172,False,0.4812425377575313,423
304.0,1.0,1.7449364614159435,1.0848786407295925,0.389658928135275,0.189194371930338,1.1094418184706665,0.6703371167184172,False,0.4812425377575313,423
311.0,0.772093,1.2598582801532974,0.8313807751899158,0.2498680770957686,0.46523648360897757,0.7854608249509555,0.014870896086642993,False,0.4703096220732,423
300.0,0.7534879999999999,1.2598582801532974,0.8313807751899158,0.2498680770957686,0.46523648360897757,0.7854608249509555,0.014870896086642993,False,0.4703096220732,423
109.0,0.87907,0.5909385174292935,0.33163370676237847,0.3300283767005893,0.24651547416927616,0.26318041465935715,0.016579409753541136,False,0.44873718275307534,423
301.0,0.6976739999999999,1.2598582801532974,0.8313807751899158,0.2498680770957686,0.46523648360897757,0.7854608249509555,0.014870896086642993,False,0.43457732870634114,423
312.0,0.7209300000000001,1.2598582801532974,0.8313807751899158,0.2498680770957686,0.46523648360897757,0.7854608249509555,0.014870896086642993,False,0.43457732870634114,423
313.0,0.702326,1.2598582801532974,0.8313807751899158,0.2498680770957686,0.46523648360897757,0.7854608249509555,0.014870896086642993,False,0.43457732870634114,423
305.0,0.706977,1.7449364614159435,1.0848786407295925,0.389658928135275,0.189194371930338,1.1094418184706665,0.6703371167184172,False,0.4022566123132476,423
308.0,0.7488370000000001,1.7449364614159435,1.0848786407295925,0.389658928135275,0.189194371930338,1.1094418184706665,0.6703371167184172,False,0.4022566123132476,423
306.0,0.6976739999999999,1.7449364614159435,1.0848786407295925,0.389658928135275,0.189194371930338,1.1094418184706665,0.6703371167184172,False,0.4022566123132476,423
3.0,0.683721,1.2598582801532974,0.8313807751899158,0.2498680770957686,0.46523648360897757,0.7854608249509555,0.014870896086642993,False,0.4019070537655432,423
39.0,0.6511629999999999,1.2598582801532974,0.8313807751899158,0.2498680770957686,0.46523648360897757,0.7854608249509555,0.014870896086642993,False,0.4019070537655432,423
41.0,0.665116,1.2598582801532974,0.8313807751899158,0.2498680770957686,0.46523648360897757,0.7854608249509555,0.014870896086642993,False,0.4019070537655432,423
25.0,0.604651,1.8263917135075782,1.562275668827135,0.6695614028168293,0.059364545453202244,0.2850114480762602,0.6016089085331461,False,0.36918226811631527,423
8.0,0.5906980000000001,1.8263917135075782,1.562275668827135,0.6695614028168293,0.059364545453202244,0.2850114480762602,0.6016089085331461,False,0.36918226811631527,423
7.0,0.595349,1.8263917135075782,1.562275668827135,0.6695614028168293,0.059364545453202244,0.2850114480762602,0.6016089085331461,False,0.36918226811631527,423
1.0,0.6,1.8263917135075782,1.562275668827135,0.6695614028168293,0.059364545453202244,0.2850114480762602,0.6016089085331461,False,0.36918226811631527,423
15.0,0.6,1.8263917135075782,1.562275668827135,0.6695614028168293,0.059364545453202244,0.2850114480762602,0.6016089085331461,False,0.36918226811631527,423
24.0,0.613953,1.8263917135075782,1.562275668827135,0.6695614028168293,0.059364545453202244,0.2850114480762602,0.6016089085331461,False,0.36918226811631527,423
6.0,0.5906980000000001,1.8263917135075782,1.562275668827135,0.6695614028168293,0.059364545453202244,0.2850114480762602,0.6016089085331461,False,0.36918226811631527,423
34.0,0.637209,1.2598582801532974,0.8313807751899158,0.2498680770957686,0.46523648360897757,0.7854608249509555,0.014870896086642993,False,0.36760337432509016,423
43.0,0.6418600000000001,1.2598582801532974,0.8313807751899158,0.2498680770957686,0.46523648360897757,0.7854608249509555,0.014870896086642993,False,0.36760337432509016,423
40.0,0.613953,1.2598582801532974,0.8313807751899158,0.2498680770957686,0.46523648360897757,0.7854608249509555,0.014870896086642993,False,0.35009200281628416,423
18.0,0.539535,1.8263917135075782,1.562275668827135,0.6695614028168293,0.059364545453202244,0.2850114480762602,0.6016089085331461,False,0.27117516077103176,423
119.0,1.0,1.48702312993363,0.1955457470616091,0.10607347707863923,1.204149976888503,0.6559957909606842,0.5305095876847643,False,0.2487751839634533,423
28.0,0.534884,1.8263917135075782,1.562275668827135,0.6695614028168293,0.059364545453202244,0.2850114480762602,0.6016089085331461,False,0.2478908616633003,423
118.0,0.9069769999999999,1.48702312993363,0.1955457470616091,0.10607347707863923,1.204149976888503,0.6559957909606842,0.5305095876847643,False,0.20552155188602855,423
75.0,0.395349,2.1611949486399737,1.7349564288098698,0.3199956286863211,0.4867468857474178,1.1210888739202636,0.25402716344374143,False,0.14800474012712675,423
74.0,0.35814,2.1611949486399737,1.7349564288098698,0.3199956286863211,0.4867468857474178,1.1210888739202636,0.25402716344374143,False,0.137401614922279,423
303.0,0.37674399999999997,1.2598582801532974,0.8313807751899158,0.2498680770957686,0.46523648360897757,0.7854608249509555,0.014870896086642993,False,0.08855589670762817,423
81.0,0.362791,1.3653909738660959,0.6713031396984461,0.3446166104252726,0.09649313091837086,0.7659212268010452,0.8360249685183824,False,0.06274820861378314,423
295.0,0.38604700000000003,1.6518495224979268,1.0702853455754109,0.4511570661182592,0.1787954833177293,0.9431624833984097,0.6767792334060209,False,0.056235180314534616,423
66.0,0.34883699999999995,0.5909385174292935,0.33163370676237847,0.3300283767005893,0.24651547416927616,0.26318041465935715,0.016579409753541136,False,0.05329136919634739,423
132.0,0.5023259999999999,1.2598582801532974,0.8313807751899158,0.2498680770957686,0.46523648360897757,0.7854608249509555,0.014870896086642993,False,0.014433152108482578,423
124.0,0.311628,0.5909385174292935,0.33163370676237847,0.3300283767005893,0.24651547416927616,0.26318041465935715,0.016579409753541136,False,-0.14386534424865954,423
67.0,0.32093000000000005,2.1611949486399737,1.7349564288098698,0.3199956286863211,0.4867468857474178,1.1210888739202636,0.25402716344374143,False,-0.1502837706514746,423
68.0,0.306977,2.1611949486399737,1.7349564288098698,0.3199956286863211,0.4867468857474178,1.1210888739202636,0.25402716344374143,False,-0.1502837706514746,423
131.0,0.339535,1.2598582801532974,0.8313807751899158,0.2498680770957686,0.46523648360897757,0.7854608249509555,0.014870896086642993,False,-0.15310785221605966,423
142.0,0.293023,1.2598582801532974,0.8313807751899158,0.2498680770957686,0.46523648360897757,0.7854608249509555,0.014870896086642993,False,-0.15800511972559678,423
101.0,0.237209,1.3653909738660959,0.6713031396984461,0.3446166104252726,0.09649313091837086,0.7659212268010452,0.8360249685183824,False,-0.1643848254412887,423
95.0,0.23255800000000001,1.4705624280596326,0.8527411757386201,0.5545610762655531,0.013515704169757614,0.7571598868897419,0.7445633526689706,False,-0.1643848254412887,423
58.0,0.237209,1.4705624280596326,0.8527411757386201,0.5545610762655531,0.013515704169757614,0.7571598868897419,0.7445633526689706,False,-0.1643848254412887,423
107.0,0.237209,1.3653909738660959,0.6713031396984461,0.3446166104252726,0.09649313091837086,0.7659212268010452,0.8360249685183824,False,-0.1643848254412887,423
60.0,0.18604700000000002,1.1760959589715145,0.3171101850162872,0.4555607080041247,0.20035006066178224,0.9270640462547256,0.41895033586987307,False,-0.16496396927588194,423
50.0,0.190698,1.1760959589715145,0.3171101850162872,0.4555607080041247,0.20035006066178224,0.9270640462547256,0.41895033586987307,False,-0.16496396927588194,423
63.0,0.172093,1.1760959589715145,0.3171101850162872,0.4555607080041247,0.20035006066178224,0.9270640462547256,0.41895033586987307,False,-0.16496396927588194,423
53.0,0.190698,1.1760959589715145,0.3171101850162872,0.4555607080041247,0.20035006066178224,0.9270640462547256,0.41895033586987307,False,-0.16496396927588194,423
61.0,0.18139500000000003,1.1760959589715145,0.3171101850162872,0.4555607080041247,0.20035006066178224,0.9270640462547256,0.41895033586987307,False,-0.16496396927588194,423
91.0,0.190698,1.1760959589715145,0.3171101850162872,0.4555607080041247,0.20035006066178224,0.9270640462547256,0.41895033586987307,False,-0.16496396927588194,423
102.0,0.190698,1.6518495224979268,1.0702853455754109,0.4511570661182592,0.1787954833177293,0.9431624833984097,0.6767792334060209,False,-0.1756602841170923,423
76.0,0.172093,1.6518495224979268,1.0702853455754109,0.4511570661182592,0.1787954833177293,0.9431624833984097,0.6767792334060209,False,-0.1756602841170923,423
77.0,0.18604700000000002,1.6518495224979268,1.0702853455754109,0.4511570661182592,0.1787954833177293,0.9431624833984097,0.6767792334060209,False,-0.1756602841170923,423
293.0,0.18604700000000002,1.2598582801532974,0.8313807751899158,0.2498680770957686,0.46523648360897757,0.7854608249509555,0.014870896086642993,False,-0.2498687728967572,423
52.0,0.16744199999999998,1.2598582801532974,0.8313807751899158,0.2498680770957686,0.46523648360897757,0.7854608249509555,0.014870896086642993,False,-0.2498687728967572,423
117.0,0.23255800000000001,2.1611949486399737,1.7349564288098698,0.3199956286863211,0.4867468857474178,1.1210888739202636,0.25402716344374143,False,-0.2510770816372362,423
116.0,0.102326,1.2598582801532974,0.8313807751899158,0.2498680770957686,0.46523648360897757,0.7854608249509555,0.014870896086642993,False,-0.2599534773185563,423
105.0,0.483721,1.48702312993363,0.1955457470616091,0.10607347707863923,1.204149976888503,0.6559957909606842,0.5305095876847643,False,-0.2747231229937018,423
169.0,0.065116,1.2598582801532974,0.8313807751899158,0.2498680770957686,0.46523648360897757,0.7854608249509555,0.014870896086642993,False,-0.29914215715269216,423
11.0,0.074419,1.2598582801532974,0.8313807751899158,0.2498680770957686,0.46523648360897757,0.7854608249509555,0.014870896086642993,False,-0.29914215715269216,423
80.0,0.074419,1.2598582801532974,0.8313807751899158,0.2498680770957686,0.46523648360897757,0.7854608249509555,0.014870896086642993,False,-0.29914215715269216,423
69.0,0.074419,1.2598582801532974,0.8313807751899158,0.2498680770957686,0.46523648360897757,0.7854608249509555,0.014870896086642993,False,-0.29914215715269216,423
134.0,0.074419,1.2598582801532974,0.8313807751899158,0.2498680770957686,0.46523648360897757,0.7854608249509555,0.014870896086642993,False,-0.29914215715269216,423
106.0,0.15814,1.48702312993363,0.1955457470616091,0.10607347707863923,1.204149976888503,0.6559957909606842,0.5305095876847643,False,-0.5451798373654769,423
125.0,0.11627900000000001,1.48702312993363,0.1955457470616091,0.10607347707863923,1.204149976888503,0.6559957909606842,0.5305095876847643,False,-0.5451798373654769,423
26.0,0.069767,1.48702312993363,0.1955457470616091,0.10607347707863923,1.204149976888503,0.6559957909606842,0.5305095876847643,False,-0.5843685171996127,423
78.0,0.065116,1.48702312993363,0.1955457470616091,0.10607347707863923,1.204149976888503,0.6559957909606842,0.5305095876847643,False,-0.5843685171996127,423
79.0,0.069767,1.48702312993363,0.1955457470616091,0.10607347707863923,1.204149976888503,0.6559957909606842,0.5305095876847643,False,-0.5843685171996127,423
45.0,0.065116,1.48702312993363,0.1955457470616091,0.10607347707863923,1.204149976888503,0.6559957909606842,0.5305095876847643,False,-0.5843685171996127,423
297.0,0.074419,1.48702312993363,0.1955457470616091,0.10607347707863923,1.204149976888503,0.6559957909606842,0.5305095876847643,False,-0.5843685171996127,423
299.0,1.0,1.136951769255531,0.06527943326041849,0.6577006039978931,0.4413275851179971,0.32233093706255417,0.7464318899494986,False,0.5607239360900849,357
307.0,1.0,1.136951769255531,0.06527943326041849,0.6577006039978931,0.4413275851179971,0.32233093706255417,0.7464318899494986,False,0.5607239360900849,357
304.0,1.0,1.136951769255531,0.06527943326041849,0.6577006039978931,0.4413275851179971,0.32233093706255417,0.7464318899494986,False,0.5607239360900849,357
302.0,1.0,1.136951769255531,0.06527943326041849,0.6577006039978931,0.4413275851179971,0.32233093706255417,0.7464318899494986,False,0.5607239360900849,357
300.0,0.7534879999999999,1.136951769255531,0.06527943326041849,0.6577006039978931,0.4413275851179971,0.32233093706255417,0.7464318899494986,False,0.51747030401266,357
177.0,1.0,1.161473999410846,0.5489997025564813,0.08217770750225539,0.323961565999768,0.16813168376074156,0.9527059582897288,True,0.4939849614837845,357
110.0,1.0,1.9217833462250484,0.07987272841459994,1.4985165982514272,0.8093174403660643,0.4886102721348109,0.739989773261895,False,0.48520216651228876,357
308.0,0.7488370000000001,1.136951769255531,0.06527943326041849,0.6577006039978931,0.4413275851179971,0.32233093706255417,0.7464318899494986,False,0.4817380106458011,357
306.0,0.6976739999999999,1.136951769255531,0.06527943326041849,0.6577006039978931,0.4413275851179971,0.32233093706255417,0.7464318899494986,False,0.4817380106458011,357
301.0,0.6976739999999999,1.136951769255531,0.06527943326041849,0.6577006039978931,0.4413275851179971,0.32233093706255417,0.7464318899494986,False,0.4817380106458011,357
305.0,0.706977,1.136951769255531,0.06527943326041849,0.6577006039978931,0.4413275851179971,0.32233093706255417,0.7464318899494986,False,0.4817380106458011,357
111.0,1.0,1.7979733904722295,0.4788549342915647,1.3919761425584407,0.5340288261299642,0.6658515287321753,0.5807440381495335,False,0.4352530404637243,357
52.0,1.0,1.9386320596921809,0.3495691368505779,1.6640905853005405,0.3694395863785017,0.29931851576108925,0.8005129752109292,False,0.4289428262515563,357
91.0,1.0,1.9386320596921809,0.3495691368505779,1.6640905853005405,0.3694395863785017,0.29931851576108925,0.8005129752109292,False,0.4289428262515563,357
57.0,1.0,1.9386320596921809,0.3495691368505779,1.6640905853005405,0.3694395863785017,0.29931851576108925,0.8005129752109292,False,0.4289428262515563,357
58.0,1.0,1.9386320596921809,0.3495691368505779,1.6640905853005405,0.3694395863785017,0.29931851576108925,0.8005129752109292,False,0.4289428262515563,357
96.0,1.0,1.9386320596921809,0.3495691368505779,1.6640905853005405,0.3694395863785017,0.29931851576108925,0.8005129752109292,False,0.4289428262515563,357
274.0,1.0,1.9386320596921809,0.3495691368505779,1.6640905853005405,0.3694395863785017,0.29931851576108925,0.8005129752109292,False,0.4289428262515563,357
192.0,1.0,1.9386320596921809,0.3495691368505779,1.6640905853005405,0.3694395863785017,0.29931851576108925,0.8005129752109292,False,0.4289428262515563,357
49.0,0.781395,1.9386320596921809,0.3495691368505779,1.6640905853005405,0.3694395863785017,0.29931851576108925,0.8005129752109292,False,0.3901205348264993,357
70.0,1.0,2.297798892094936,0.8185243672276324,0.7173311554325787,0.8770374312176112,1.1685923408738634,1.4001895969143747,False,0.3808721926717036,357
71.0,1.0,2.297798892094936,0.8185243672276324,0.7173311554325787,0.8770374312176112,1.1685923408738634,1.4001895969143747,False,0.3808721926717036,357
109.0,0.87907,2.297798892094936,0.8185243672276324,0.7173311554325787,0.8770374312176112,1.1685923408738634,1.4001895969143747,False,0.34564822029244885,357
311.0,1.0,2.157697878581269,0.966031950411557,0.44269830675430477,0.40950686153974913,0.05868088691374429,1.83175361309263,False,0.22134678888118603,357
130.0,1.0,2.157697878581269,0.966031950411557,0.44269830675430477,0.40950686153974913,0.05868088691374429,1.83175361309263,False,0.22134678888118603,357
298.0,1.0,2.157697878581269,0.966031950411557,0.44269830675430477,0.40950686153974913,0.05868088691374429,1.83175361309263,False,0.22134678888118603,357
107.0,1.0,2.157697878581269,0.966031950411557,0.44269830675430477,0.40950686153974913,0.05868088691374429,1.83175361309263,False,0.22134678888118603,357
123.0,1.0,2.157697878581269,0.966031950411557,0.44269830675430477,0.40950686153974913,0.05868088691374429,1.83175361309263,False,0.22134678888118603,357
313.0,0.790698,2.157697878581269,0.966031950411557,0.44269830675430477,0.40950686153974913,0.05868088691374429,1.83175361309263,False,0.22052732550626516,357
36.0,0.87907,2.157697878581269,0.966031950411557,0.44269830675430477,0.40950686153974913,0.05868088691374429,1.83175361309263,False,0.22052732550626516,357
312.0,0.8,2.157697878581269,0.966031950411557,0.44269830675430477,0.40950686153974913,0.05868088691374429,1.83175361309263,False,0.22052732550626516,357
310.0,0.772093,2.157697878581269,0.966031950411557,0.44269830675430477,0.40950686153974913,0.05868088691374429,1.83175361309263,False,0.22052732550626516,357
41.0,0.734884,2.157697878581269,0.966031950411557,0.44269830675430477,0.40950686153974913,0.05868088691374429,1.83175361309263,False,0.21495124739782465,357
39.0,0.6976739999999999,2.157697878581269,0.966031950411557,0.44269830675430477,0.40950686153974913,0.05868088691374429,1.83175361309263,False,0.21495124739782465,357
43.0,0.7209300000000001,2.157697878581269,0.966031950411557,0.44269830675430477,0.40950686153974913,0.05868088691374429,1.83175361309263,False,0.21495124739782465,357
34.0,0.6930230000000001,2.157697878581269,0.966031950411557,0.44269830675430477,0.40950686153974913,0.05868088691374429,1.83175361309263,False,0.21495124739782465,357
77.0,0.660465,2.157697878581269,0.966031950411557,0.44269830675430477,0.40950686153974913,0.05868088691374429,1.83175361309263,False,0.18677697752016867,357
76.0,0.655814,2.157697878581269,0.966031950411557,0.44269830675430477,0.40950686153974913,0.05868088691374429,1.83175361309263,False,0.18677697752016867,357
295.0,0.38604700000000003,1.9217833462250484,0.07987272841459994,1.4985165982514272,0.8093174403660643,0.4886102721348109,0.739989773261895,False,0.17142874199396374,357
303.0,0.37674399999999997,1.136951769255531,0.06527943326041849,0.6577006039978931,0.4413275851179971,0.32233093706255417,0.7464318899494986,False,0.15941816989296093,357
81.0,0.35814,1.9217833462250484,0.07987272841459994,1.4985165982514272,0.8093174403660643,0.4886102721348109,0.739989773261895,False,0.15773665380280746,357
40.0,0.637209,2.157697878581269,0.966031950411557,0.44269830675430477,0.40950686153974913,0.05868088691374429,1.83175361309263,False,0.1524732980797156,357
117.0,1.0,2.1807742420903122,0.5201526261099888,0.09152688522181673,1.6026157533766303,0.7315065474743617,1.1719049824231678,False,0.14367861377612481,357
314.0,0.6,2.157697878581269,0.966031950411557,0.44269830675430477,0.40950686153974913,0.05868088691374429,1.83175361309263,False,0.13496192657090963,357
64.0,1.0,2.215498135178703,0.584798354819859,1.3673551608194892,1.117268842795753,0.31068388161295696,1.1627418432241745,False,0.1075850032271549,357
65.0,1.0,2.215498135178703,0.584798354819859,1.3673551608194892,1.117268842795753,0.31068388161295696,1.1627418432241745,False,0.1075850032271549,357
142.0,0.390698,1.9386320596921809,0.3495691368505779,1.6640905853005405,0.3694395863785017,0.29931851576108925,0.8005129752109292,False,0.10348739495311304,357
60.0,0.367442,1.9386320596921809,0.3495691368505779,1.6640905853005405,0.3694395863785017,0.29931851576108925,0.8005129752109292,False,0.10220242017049724,357
61.0,0.35814,1.9386320596921809,0.3495691368505779,1.6640905853005405,0.3694395863785017,0.29931851576108925,0.8005129752109292,False,0.0897953067619568,357
66.0,0.34883699999999995,2.297798892094936,0.8185243672276324,0.7173311554325787,0.8770374312176112,1.1685923408738634,1.4001895969143747,False,0.032560433001291016,357
132.0,0.5023259999999999,2.157697878581269,0.966031950411557,0.44269830675430477,0.40950686153974913,0.05868088691374429,1.83175361309263,False,-0.07291579426789915,357
102.0,0.432558,2.157697878581269,0.966031950411557,0.44269830675430477,0.40950686153974913,0.05868088691374429,1.83175361309263,False,-0.09728399918291203,357
101.0,0.204651,1.9217833462250484,0.07987272841459994,1.4985165982514272,0.8093174403660643,0.4886102721348109,0.739989773261895,False,-0.13491574776432538,357
124.0,0.18604700000000002,1.9217833462250484,0.07987272841459994,1.4985165982514272,0.8093174403660643,0.4886102721348109,0.739989773261895,False,-0.13491574776432538,357
136.0,0.339535,1.9386320596921809,0.3495691368505779,1.6640905853005405,0.3694395863785017,0.29931851576108925,0.8005129752109292,False,-0.14500122957895598,357
50.0,0.325581,1.9386320596921809,0.3495691368505779,1.6640905853005405,0.3694395863785017,0.29931851576108925,0.8005129752109292,False,-0.1498984970884931,357
53.0,0.330233,1.9386320596921809,0.3495691368505779,1.6640905853005405,0.3694395863785017,0.29931851576108925,0.8005129752109292,False,-0.1498984970884931,357
74.0,0.35814,2.215498135178703,0.584798354819859,1.3673551608194892,1.117268842795753,0.31068388161295696,1.1627418432241745,False,-0.22196018021894615,357
285.0,0.26976700000000003,1.9386320596921809,0.3495691368505779,1.6640905853005405,0.3694395863785017,0.29931851576108925,0.8005129752109292,False,-0.22603258451604985,357
131.0,0.339535,2.157697878581269,0.966031950411557,0.44269830675430477,0.40950686153974913,0.05868088691374429,1.83175361309263,False,-0.22860766727257853,357
75.0,0.395349,2.215498135178703,0.584798354819859,1.3673551608194892,1.117268842795753,0.31068388161295696,1.1627418432241745,False,-0.24175399688352145,357
97.0,0.237209,1.9386320596921809,0.3495691368505779,1.6640905853005405,0.3694395863785017,0.29931851576108925,0.8005129752109292,False,-0.25069180807425473,357
108.0,0.227907,1.9386320596921809,0.3495691368505779,1.6640905853005405,0.3694395863785017,0.29931851576108925,0.8005129752109292,False,-0.25069180807425473,357
95.0,0.172093,1.9386320596921809,0.3495691368505779,1.6640905853005405,0.3694395863785017,0.29931851576108925,0.8005129752109292,False,-0.2834834805276616,357
171.0,0.139535,1.161473999410846,0.5489997025564813,0.08217770750225539,0.323961565999768,0.16813168376074156,0.9527059582897288,False,-0.29305680635974746,357
100.0,0.15814,1.9386320596921809,0.3495691368505779,1.6640905853005405,0.3694395863785017,0.29931851576108925,0.8005129752109292,False,-0.3060984783338262,357
63.0,0.15814,1.9386320596921809,0.3495691368505779,1.6640905853005405,0.3694395863785017,0.29931851576108925,0.8005129752109292,False,-0.3060984783338262,357
237.0,0.09302300000000001,1.9386320596921809,0.3495691368505779,1.6640905853005405,0.3694395863785017,0.29931851576108925,0.8005129752109292,False,-0.3060984783338262,357
67.0,0.190698,2.157697878581269,0.966031950411557,0.44269830675430477,0.40950686153974913,0.05868088691374429,1.83175361309263,False,-0.33624162671378977,357
293.0,0.18604700000000002,2.157697878581269,0.966031950411557,0.44269830675430477,0.40950686153974913,0.05868088691374429,1.83175361309263,False,-0.33624162671378977,357
246.0,0.055814,1.9386320596921809,0.3495691368505779,1.6640905853005405,0.3694395863785017,0.29931851576108925,0.8005129752109292,False,-0.34528715816796207,357
236.0,0.065116,1.9386320596921809,0.3495691368505779,1.6640905853005405,0.3694395863785017,0.29931851576108925,0.8005129752109292,False,-0.34528715816796207,357
262.0,0.04186,1.9386320596921809,0.3495691368505779,1.6640905853005405,0.3694395863785017,0.29931851576108925,0.8005129752109292,False,-0.34528715816796207,357
68.0,0.306977,2.215498135178703,0.584798354819859,1.3673551608194892,1.117268842795753,0.31068388161295696,1.1627418432241745,False,-0.4429799771411521,357
89.0,0.18139500000000003,2.1807742420903122,0.5201526261099888,0.09152688522181673,1.6026157533766303,0.7315065474743617,1.1719049824231678,False,-0.5613772593229553,357
97.0,1.0,1.5995926238141338,1.1698513607549073,1.0101217842696777,0.18683435649202462,0.1699041593649837,0.3256130167990975,True,0.5745253561796265,406
58.0,1.0,1.8135563325680533,1.332340629793928,1.0991091162287985,0.09713772459498354,0.1603757856123042,0.520248054364937,False,0.5461810719549535,406
70.0,1.0,1.4984787044259076,0.653529571798306,0.794659605527986,0.7766207849540543,0.6495820608390213,0.40219017934138257,False,0.5109730374777004,406
114.0,1.0,1.4705624280596326,0.8527411757386201,0.5545610762655531,0.013515704169757614,0.7571598868897419,0.7445633526689706,False,0.4894280697821814,406
115.0,1.0,1.4705624280596326,0.8527411757386201,0.5545610762655531,0.013515704169757614,0.7571598868897419,0.7445633526689706,False,0.4894280697821814,406
71.0,1.0,1.3946403593770444,0.5211074689762416,0.8845894529661424,0.2600311783390338,0.4939794722303847,0.7611427624225117,False,0.4729842736592897,406
65.0,1.0,1.487687698171753,0.8822152530712498,0.234565447579232,0.5002625899171754,0.3639289870305218,0.998590516112712,False,0.46948174186161057,406
64.0,1.0,1.487687698171753,0.8822152530712498,0.234565447579232,0.5002625899171754,0.3639289870305218,0.998590516112712,False,0.46948174186161057,406
109.0,0.87907,1.4984787044259076,0.653529571798306,0.794659605527986,0.7766207849540543,0.6495820608390213,0.40219017934138257,False,0.46771940540027557,406
110.0,1.0,1.4662241168647028,0.21754416983679092,0.1034040101472939,0.1923111874874869,0.18600259650866785,1.4213425860749913,False,0.4165803197677101,406
111.0,1.0,1.6069280927159726,0.18143803604017383,0.20994446584028054,0.08297742674861325,0.008761339911303428,1.5805883211873528,False,0.4165803197677101,406
299.0,1.0,1.761348378731563,0.23213746499097238,0.9442200044008281,0.1756786677605804,0.3522819315809246,1.414900469387388,False,0.4106161579903861,406
307.0,1.0,1.761348378731563,0.23213746499097238,0.9442200044008281,0.1756786677605804,0.3522819315809246,1.414900469387388,False,0.4106161579903861,406
304.0,1.0,1.761348378731563,0.23213746499097238,0.9442200044008281,0.1756786677605804,0.3522819315809246,1.414900469387388,False,0.4106161579903861,406
302.0,1.0,1.761348378731563,0.23213746499097238,0.9442200044008281,0.1756786677605804,0.3522819315809246,1.414900469387388,False,0.4106161579903861,406
309.0,1.0,1.8493989972499767,0.7095344930885149,0.11500032655127626,0.07288024962295986,1.042171334966002,1.3461722612021165,False,0.40150411399770936,406
300.0,0.7534879999999999,1.761348378731563,0.23213746499097238,0.9442200044008281,0.1756786677605804,0.3522819315809246,1.414900469387388,False,0.36736252591296126,406
301.0,0.734884,1.761348378731563,0.23213746499097238,0.9442200044008281,0.1756786677605804,0.3522819315809246,1.414900469387388,False,0.3316302325461025,406
305.0,0.706977,1.761348378731563,0.23213746499097238,0.9442200044008281,0.1756786677605804,0.3522819315809246,1.414900469387388,False,0.3316302325461025,406
308.0,0.7488370000000001,1.761348378731563,0.23213746499097238,0.9442200044008281,0.1756786677605804,0.3522819315809246,1.414900469387388,False,0.3316302325461025,406
306.0,0.6976739999999999,1.761348378731563,0.23213746499097238,0.9442200044008281,0.1756786677605804,0.3522819315809246,1.414900469387388,False,0.3316302325461025,406
24.0,0.613953,1.8493989972499767,0.7095344930885149,0.11500032655127626,0.07288024962295986,1.042171334966002,1.3461722612021165,False,0.24252886772651072,406
8.0,0.5906980000000001,1.8493989972499767,0.7095344930885149,0.11500032655127626,0.07288024962295986,1.042171334966002,1.3461722612021165,False,0.24252886772651072,406
15.0,0.6,1.8493989972499767,0.7095344930885149,0.11500032655127626,0.07288024962295986,1.042171334966002,1.3461722612021165,False,0.24252886772651072,406
1.0,0.6,1.8493989972499767,0.7095344930885149,0.11500032655127626,0.07288024962295986,1.042171334966002,1.3461722612021165,False,0.24252886772651072,406
7.0,0.595349,1.8493989972499767,0.7095344930885149,0.11500032655127626,0.07288024962295986,1.042171334966002,1.3461722612021165,False,0.24252886772651072,406
25.0,0.604651,1.8493989972499767,0.7095344930885149,0.11500032655127626,0.07288024962295986,1.042171334966002,1.3461722612021165,False,0.24252886772651072,406
6.0,0.5906980000000001,1.8493989972499767,0.7095344930885149,0.11500032655127626,0.07288024962295986,1.042171334966002,1.3461722612021165,False,0.24252886772651072,406
142.0,0.390698,1.8135563325680533,1.332340629793928,1.0991091162287985,0.09713772459498354,0.1603757856123042,0.520248054364937,False,0.15386233693046988,406
18.0,0.539535,1.8493989972499767,0.7095344930885149,0.11500032655127626,0.07288024962295986,1.042171334966002,1.3461722612021165,False,0.14247587963733419,406
28.0,0.534884,1.8493989972499767,0.7095344930885149,0.11500032655127626,0.07288024962295986,1.042171334966002,1.3461722612021165,False,0.11919158052960256,406
66.0,0.34883699999999995,1.3946403593770444,0.5211074689762416,0.8845894529661424,0.2600311783390338,0.4939794722303847,0.7611427624225117,False,0.0653395361856834,406
74.0,0.35814,1.487687698171753,0.8822152530712498,0.234565447579232,0.5002625899171754,0.3639289870305218,0.998590516112712,False,0.047297885756354296,406
303.0,0.37674399999999997,1.761348378731563,0.23213746499097238,0.9442200044008281,0.1756786677605804,0.3522819315809246,1.414900469387388,False,0.04337710315684142,406
75.0,0.395349,1.487687698171753,0.8822152530712498,0.234565447579232,0.5002625899171754,0.3639289870305218,0.998590516112712,False,0.03261040007213528,406
295.0,0.38604700000000003,1.4662241168647028,0.21754416983679092,0.1034040101472939,0.1923111874874869,0.18600259650866785,1.4213425860749913,False,0.03030614123937345,406
81.0,0.35814,1.4662241168647028,0.21754416983679092,0.1034040101472939,0.1923111874874869,0.18600259650866785,1.4213425860749913,False,0.0166140530482172,406
124.0,0.325581,1.3946403593770444,0.5211074689762416,0.8845894529661424,0.2600311783390338,0.4939794722303847,0.7611427624225117,False,-0.11564046783142103,406
60.0,0.265116,1.8135563325680533,1.332340629793928,1.0991091162287985,0.09713772459498354,0.1603757856123042,0.520248054364937,False,-0.11940904494202124,406
91.0,0.25116299999999997,1.8135563325680533,1.332340629793928,1.0991091162287985,0.09713772459498354,0.1603757856123042,0.520248054364937,False,-0.14406826850022605,406
96.0,0.237209,1.8135563325680533,1.332340629793928,1.0991091162287985,0.09713772459498354,0.1603757856123042,0.520248054364937,True,-0.14406826850022605,406
61.0,0.25116299999999997,1.8135563325680533,1.332340629793928,1.0991091162287985,0.09713772459498354,0.1603757856123042,0.520248054364937,False,-0.14406826850022605,406
57.0,0.255814,1.8135563325680533,1.332340629793928,1.0991091162287985,0.09713772459498354,0.1603757856123042,0.520248054364937,False,-0.14406826850022605,406
53.0,0.237209,1.8135563325680533,1.332340629793928,1.0991091162287985,0.09713772459498354,0.1603757856123042,0.520248054364937,False,-0.14406826850022605,406
108.0,0.227907,1.8135563325680533,1.332340629793928,1.0991091162287985,0.09713772459498354,0.1603757856123042,0.520248054364937,False,-0.14406826850022605,406
68.0,0.306977,1.487687698171753,0.8822152530712498,0.234565447579232,0.5002625899171754,0.3639289870305218,0.998590516112712,False,-0.1507203261295679,406
67.0,0.32093000000000005,1.487687698171753,0.8822152530712498,0.234565447579232,0.5002625899171754,0.3639289870305218,0.998590516112712,False,-0.1507203261295679,406
101.0,0.23255800000000001,1.3946403593770444,0.5211074689762416,0.8845894529661424,0.2600311783390338,0.4939794722303847,0.7611427624225117,False,-0.1617934978693884,406
76.0,0.24186,1.3946403593770444,0.5211074689762416,0.8845894529661424,0.2600311783390338,0.4939794722303847,0.7611427624225117,False,-0.1617934978693884,406
107.0,0.237209,1.6069280927159726,0.18143803604017383,0.20994446584028054,0.08297742674861325,0.008761339911303428,1.5805883211873528,False,-0.16884338904232687,406
95.0,0.23255800000000001,1.5995926238141338,1.1698513607549073,1.0101217842696777,0.18683435649202462,0.1699041593649837,0.3256130167990975,False,-0.17552554105436582,406
77.0,0.223256,1.3946403593770444,0.5211074689762416,0.8845894529661424,0.2600311783390338,0.4939794722303847,0.7611427624225117,False,-0.1945851703227952,406
131.0,0.218605,1.3946403593770444,0.5211074689762416,0.8845894529661424,0.2600311783390338,0.4939794722303847,0.7611427624225117,False,-0.1945851703227952,406
102.0,0.190698,1.4662241168647028,0.21754416983679092,0.1034040101472939,0.1923111874874869,0.18600259650866785,1.4213425860749913,False,-0.20163506149573368,406
50.0,0.190698,1.5995926238141338,1.1698513607549073,1.0101217842696777,0.18683435649202462,0.1699041593649837,0.3256130167990975,False,-0.20831721350777263,406
63.0,0.172093,1.5995926238141338,1.1698513607549073,1.0101217842696777,0.18683435649202462,0.1699041593649837,0.3256130167990975,False,-0.20831721350777263,406
171.0,0.037209,1.4705624280596326,0.8527411757386201,0.5545610762655531,0.013515704169757614,0.7571598868897419,0.7445633526689706,False,-0.2464498821506305,406
117.0,0.23255800000000001,1.487687698171753,0.8822152530712498,0.234565447579232,0.5002625899171754,0.3639289870305218,0.998590516112712,False,-0.25151363711532954,406
105.0,1.0,2.1658250249314452,1.9117138935533782,0.1409392865184762,0.4412656529327936,0.9021483503222394,0.08773324844434716,False,0.5908573277411852,37
23.0,1.0,1.3531530748370189,1.2137529520486248,0.004529512103351951,0.04725977536263439,0.0013935051133621146,0.5962978036437883,False,0.5842369871207997,37
14.0,1.0,1.3531530748370189,1.2137529520486248,0.004529512103351951,0.04725977536263439,0.0013935051133621146,0.5962978036437883,False,0.5842369871207997,37
25.0,1.0,1.3531530748370189,1.2137529520486248,0.004529512103351951,0.04725977536263439,0.0013935051133621146,0.5962978036437883,False,0.5842369871207997,37
21.0,1.0,1.3531530748370189,1.2137529520486248,0.004529512103351951,0.04725977536263439,0.0013935051133621146,0.5962978036437883,False,0.5842369871207997,37
22.0,1.0,1.3531530748370189,1.2137529520486248,0.004529512103351951,0.04725977536263439,0.0013935051133621146,0.5962978036437883,False,0.5842369871207997,37
19.0,1.0,1.3531530748370189,1.2137529520486248,0.004529512103351951,0.04725977536263439,0.0013935051133621146,0.5962978036437883,False,0.5842369871207997,37
41.0,1.0,1.3531530748370189,1.2137529520486248,0.004529512103351951,0.04725977536263439,0.0013935051133621146,0.5962978036437883,False,0.5842369871207997,37
44.0,1.0,1.3531530748370189,1.2137529520486248,0.004529512103351951,0.04725977536263439,0.0013935051133621146,0.5962978036437883,False,0.5842369871207997,37
45.0,1.0,1.3531530748370189,1.2137529520486248,0.004529512103351951,0.04725977536263439,0.0013935051133621146,0.5962978036437883,False,0.5842369871207997,37
46.0,1.0,1.3531530748370189,1.2137529520486248,0.004529512103351951,0.04725977536263439,0.0013935051133621146,0.5962978036437883,False,0.5842369871207997,37
38.0,1.0,1.3531530748370189,1.2137529520486248,0.004529512103351951,0.04725977536263439,0.0013935051133621146,0.5962978036437883,False,0.5842369871207997,37
29.0,1.0,1.3531530748370189,1.2137529520486248,0.004529512103351951,0.04725977536263439,0.0013935051133621146,0.5962978036437883,False,0.5842369871207997,37
24.0,1.0,1.3531530748370189,1.2137529520486248,0.004529512103351951,0.04725977536263439,0.0013935051133621146,0.5962978036437883,False,0.5842369871207997,37
18.0,1.0,1.3531530748370189,1.2137529520486248,0.004529512103351951,0.04725977536263439,0.0013935051133621146,0.5962978036437883,False,0.5842369871207997,37
13.0,1.0,1.3531530748370189,1.2137529520486248,0.004529512103351951,0.04725977536263439,0.0013935051133621146,0.5962978036437883,False,0.5842369871207997,37
168.0,1.0,1.3531530748370189,1.2137529520486248,0.004529512103351951,0.04725977536263439,0.0013935051133621146,0.5962978036437883,False,0.5842369871207997,37
123.0,1.0,1.3531530748370189,1.2137529520486248,0.004529512103351951,0.04725977536263439,0.0013935051133621146,0.5962978036437883,False,0.5842369871207997,37
193.0,1.0,1.3531530748370189,1.2137529520486248,0.004529512103351951,0.04725977536263439,0.0013935051133621146,0.5962978036437883,False,0.5842369871207997,37
2.0,1.0,1.3531530748370189,1.2137529520486248,0.004529512103351951,0.04725977536263439,0.0013935051133621146,0.5962978036437883,False,0.5842369871207997,37
314.0,0.8046510000000001,1.3531530748370189,1.2137529520486248,0.004529512103351951,0.04725977536263439,0.0013935051133621146,0.5962978036437883,False,0.540983355043375,37
10.0,0.84186,1.3531530748370189,1.2137529520486248,0.004529512103351951,0.04725977536263439,0.0013935051133621146,0.5962978036437883,False,0.540983355043375,37
34.0,0.7860469999999999,1.3531530748370189,1.2137529520486248,0.004529512103351951,0.04725977536263439,0.0013935051133621146,0.5962978036437883,False,0.540983355043375,37
124.0,1.0,2.7133973770935294,2.2375579117735462,0.869406102362987,0.3436447418962942,0.8600263235561307,0.8615427794423256,False,0.539811212529618,37
88.0,1.0,2.402550373745264,1.7466480682579029,0.8128274087495685,1.1583199770689698,0.2585638416411885,0.8076013856715442,False,0.5222265477114133,37
70.0,1.0,1.4070155270767797,0.6894593130362887,0.6499263241759557,0.10121040153345454,0.8847825180680955,0.5374482975955219,False,0.4919388525987416,37
69.0,1.0,1.4070155270767797,0.6894593130362887,0.6499263241759557,0.10121040153345454,0.8847825180680955,0.5374482975955219,False,0.4919388525987416,37
65.0,1.0,1.4070155270767797,0.6894593130362887,0.6499263241759557,0.10121040153345454,0.8847825180680955,0.5374482975955219,False,0.4919388525987416,37
141.0,1.0,1.4070155270767797,0.6894593130362887,0.6499263241759557,0.10121040153345454,0.8847825180680955,0.5374482975955219,False,0.4919388525987416,37
289.0,1.0,1.4070155270767797,0.6894593130362887,0.6499263241759557,0.10121040153345454,0.8847825180680955,0.5374482975955219,False,0.4919388525987416,37
288.0,1.0,1.4070155270767797,0.6894593130362887,0.6499263241759557,0.10121040153345454,0.8847825180680955,0.5374482975955219,False,0.4919388525987416,37
79.0,1.0,1.4070155270767797,0.6894593130362887,0.6499263241759557,0.10121040153345454,0.8847825180680955,0.5374482975955219,False,0.4919388525987416,37
84.0,1.0,1.4070155270767797,0.6894593130362887,0.6499263241759557,0.10121040153345454,0.8847825180680955,0.5374482975955219,False,0.4919388525987416,37
55.0,1.0,1.4070155270767797,0.6894593130362887,0.6499263241759557,0.10121040153345454,0.8847825180680955,0.5374482975955219,False,0.4919388525987416,37
78.0,1.0,1.4070155270767797,0.6894593130362887,0.6499263241759557,0.10121040153345454,0.8847825180680955,0.5374482975955219,False,0.4919388525987416,37
103.0,1.0,1.4070155270767797,0.6894593130362887,0.6499263241759557,0.10121040153345454,0.8847825180680955,0.5374482975955219,False,0.4919388525987416,37
56.0,1.0,1.4070155270767797,0.6894593130362887,0.6499263241759557,0.10121040153345454,0.8847825180680955,0.5374482975955219,False,0.4919388525987416,37
57.0,1.0,1.4070155270767797,0.6894593130362887,0.6499263241759557,0.10121040153345454,0.8847825180680955,0.5374482975955219,False,0.4919388525987416,37
61.0,1.0,1.4070155270767797,0.6894593130362887,0.6499263241759557,0.10121040153345454,0.8847825180680955,0.5374482975955219,False,0.4919388525987416,37
59.0,1.0,1.4070155270767797,0.6894593130362887,0.6499263241759557,0.10121040153345454,0.8847825180680955,0.5374482975955219,False,0.4919388525987416,37
60.0,1.0,1.4070155270767797,0.6894593130362887,0.6499263241759557,0.10121040153345454,0.8847825180680955,0.5374482975955219,False,0.4919388525987416,37
62.0,1.0,1.4070155270767797,0.6894593130362887,0.6499263241759557,0.10121040153345454,0.8847825180680955,0.5374482975955219,False,0.4919388525987416,37
73.0,1.0,1.4070155270767797,0.6894593130362887,0.6499263241759557,0.10121040153345454,0.8847825180680955,0.5374482975955219,False,0.4919388525987416,37
76.0,1.0,1.4070155270767797,0.6894593130362887,0.6499263241759557,0.10121040153345454,0.8847825180680955,0.5374482975955219,False,0.4919388525987416,37
64.0,1.0,1.4070155270767797,0.6894593130362887,0.6499263241759557,0.10121040153345454,0.8847825180680955,0.5374482975955219,False,0.4919388525987416,37
311.0,0.734884,1.3531530748370189,1.2137529520486248,0.004529512103351951,0.04725977536263439,0.0013935051133621146,0.5962978036437883,False,0.48885817771536977,37
171.0,1.0,2.3212212334718387,1.56591019978729,0.23124721973334184,1.0654296213950993,0.011193349520310536,1.3218367581016441,False,0.4880562771105599,37
116.0,1.0,2.3212212334718387,1.56591019978729,0.23124721973334184,1.0654296213950993,0.011193349520310536,1.3218367581016441,False,0.4880562771105599,37
274.0,1.0,2.3212212334718387,1.56591019978729,0.23124721973334184,1.0654296213950993,0.011193349520310536,1.3218367581016441,False,0.4880562771105599,37
66.0,1.0,3.0316666751145145,1.6773282560969238,2.350182479652619,0.22330172544834004,0.17866698237736145,0.8788796911139632,False,0.48778476861286557,37
136.0,1.0,1.7419350571506071,0.47823977154507613,0.3608133699367172,0.8185361461225729,0.7812403157036409,1.1811436504201311,False,0.46575445530450577,37
143.0,1.0,1.7419350571506071,0.47823977154507613,0.3608133699367172,0.8185361461225729,0.7812403157036409,1.1811436504201311,False,0.46575445530450577,37
189.0,1.0,1.7419350571506071,0.47823977154507613,0.3608133699367172,0.8185361461225729,0.7812403157036409,1.1811436504201311,False,0.46575445530450577,37
174.0,1.0,1.7419350571506071,0.47823977154507613,0.3608133699367172,0.8185361461225729,0.7812403157036409,1.1811436504201311,False,0.46575445530450577,37
178.0,1.0,1.7419350571506071,0.47823977154507613,0.3608133699367172,0.8185361461225729,0.7812403157036409,1.1811436504201311,False,0.46575445530450577,37
156.0,1.0,1.7419350571506071,0.47823977154507613,0.3608133699367172,0.8185361461225729,0.7812403157036409,1.1811436504201311,False,0.46575445530450577,37
134.0,1.0,1.7419350571506071,0.47823977154507613,0.3608133699367172,0.8185361461225729,0.7812403157036409,1.1811436504201311,False,0.46575445530450577,37
310.0,0.665116,1.3531530748370189,1.2137529520486248,0.004529512103351951,0.04725977536263439,0.0013935051133621146,0.5962978036437883,False,0.4561879027745719,37
312.0,0.67907,1.3531530748370189,1.2137529520486248,0.004529512103351951,0.04725977536263439,0.0013935051133621146,0.5962978036437883,False,0.4561879027745719,37
313.0,0.6697669999999999,1.3531530748370189,1.2137529520486248,0.004529512103351951,0.04725977536263439,0.0013935051133621146,0.5962978036437883,False,0.4561879027745719,37
39.0,0.646512,1.3531530748370189,1.2137529520486248,0.004529512103351951,0.04725977536263439,0.0013935051133621146,0.5962978036437883,False,0.4561879027745719,37
109.0,0.87907,1.4070155270767797,0.6894593130362887,0.6499263241759557,0.10121040153345454,0.8847825180680955,0.5374482975955219,False,0.44868522052131676,37
71.0,0.744186,1.4070155270767797,0.6894593130362887,0.6499263241759557,0.10121040153345454,0.8847825180680955,0.5374482975955219,False,0.4129529271544579,37
77.0,0.702326,1.4070155270767797,0.6894593130362887,0.6499263241759557,0.10121040153345454,0.8847825180680955,0.5374482975955219,False,0.4129529271544579,37
43.0,0.562791,1.3531530748370189,1.2137529520486248,0.004529512103351951,0.04725977536263439,0.0013935051133621146,0.5962978036437883,False,0.39911356474949533,37
101.0,1.0,1.823914760047799,0.4574600539373632,0.7815267308393495,0.09565463242146562,0.6900772669546762,1.421708435961496,False,0.39891389732478494,37
309.0,0.604651,1.3531530748370189,1.2137529520486248,0.004529512103351951,0.04725977536263439,0.0013935051133621146,0.5962978036437883,False,0.39079438715926973,37
35.0,0.581395,1.3531530748370189,1.2137529520486248,0.004529512103351951,0.04725977536263439,0.0013935051133621146,0.5962978036437883,False,0.39079438715926973,37
40.0,0.581395,1.3531530748370189,1.2137529520486248,0.004529512103351951,0.04725977536263439,0.0013935051133621146,0.5962978036437883,False,0.39079438715926973,37
107.0,0.655814,1.4070155270767797,0.6894593130362887,0.6499263241759557,0.10121040153345454,0.8847825180680955,0.5374482975955219,False,0.38028265221366,37
96.0,0.67907,1.4070155270767797,0.6894593130362887,0.6499263241759557,0.10121040153345454,0.8847825180680955,0.5374482975955219,False,0.38028265221366,37
87.0,0.637209,2.402550373745264,1.7466480682579029,0.8128274087495685,1.1583199770689698,0.2585638416411885,0.8076013856715442,False,0.3598737839247324,37
298.0,0.544186,1.3531530748370189,1.2137529520486248,0.004529512103351951,0.04725977536263439,0.0013935051133621146,0.5962978036437883,False,0.3566598056741759,37
8.0,0.544186,1.3531530748370189,1.2137529520486248,0.004529512103351951,0.04725977536263439,0.0013935051133621146,0.5962978036437883,False,0.3566598056741759,37
169.0,0.553488,1.7419350571506071,0.47823977154507613,0.3608133699367172,0.8185361461225729,0.7812403157036409,1.1811436504201311,False,0.3150983866235327,37
15.0,0.539535,1.3531530748370189,1.2137529520486248,0.004529512103351951,0.04725977536263439,0.0013935051133621146,0.5962978036437883,False,0.2927872798139863,37
6.0,0.534884,1.3531530748370189,1.2137529520486248,0.004529512103351951,0.04725977536263439,0.0013935051133621146,0.5962978036437883,False,0.2695029807062547,37
1.0,0.530233,1.3531530748370189,1.2137529520486248,0.004529512103351951,0.04725977536263439,0.0013935051133621146,0.5962978036437883,False,0.22069286418275866,37
83.0,0.530233,1.4070155270767797,0.6894593130362887,0.6499263241759557,0.10121040153345454,0.8847825180680955,0.5374482975955219,False,0.15836607828788987,37
224.0,0.395349,1.3531530748370189,1.2137529520486248,0.004529512103351951,0.04725977536263439,0.0013935051133621146,0.5962978036437883,False,0.1008787071752386,37
7.0,0.5255810000000001,1.3531530748370189,1.2137529520486248,0.004529512103351951,0.04725977536263439,0.0013935051133621146,0.5962978036437883,False,0.09747882260985288,37
36.0,0.5255810000000001,1.3531530748370189,1.2137529520486248,0.004529512103351951,0.04725977536263439,0.0013935051133621146,0.5962978036437883,False,0.09747882260985288,37
119.0,0.483721,2.1658250249314452,1.9117138935533782,0.1409392865184762,0.4412656529327936,0.9021483503222394,0.08773324844434716,False,0.08101251950775108,37
118.0,0.48837200000000003,2.1658250249314452,1.9117138935533782,0.1409392865184762,0.4412656529327936,0.9021483503222394,0.08773324844434716,False,0.08101251950775108,37
91.0,0.367442,1.4070155270767797,0.6894593130362887,0.6499263241759557,0.10121040153345454,0.8847825180680955,0.5374482975955219,False,0.06564652037312915,37
50.0,0.372093,1.4070155270767797,0.6894593130362887,0.6499263241759557,0.10121040153345454,0.8847825180680955,0.5374482975955219,False,0.06564652037312915,37
53.0,0.372093,1.4070155270767797,0.6894593130362887,0.6499263241759557,0.10121040153345454,0.8847825180680955,0.5374482975955219,False,0.06564652037312915,37
74.0,0.35814,1.4070155270767797,0.6894593130362887,0.6499263241759557,0.10121040153345454,0.8847825180680955,0.5374482975955219,False,0.05323940696458872,37
90.0,0.5023259999999999,2.402550373745264,1.7466480682579029,0.8128274087495685,1.1583199770689698,0.2585638416411885,0.8076013856715442,False,0.04876952885874666,37
86.0,0.5162789999999999,2.402550373745264,1.7466480682579029,0.8128274087495685,1.1583199770689698,0.2585638416411885,0.8076013856715442,False,0.04876952885874666,37
75.0,0.395349,1.4070155270767797,0.6894593130362887,0.6499263241759557,0.10121040153345454,0.8847825180680955,0.5374482975955219,False,0.038551921280369716,37
28.0,0.460465,1.3531530748370189,1.2137529520486248,0.004529512103351951,0.04725977536263439,0.0013935051133621146,0.5962978036437883,False,0.030767331536455327,37
9.0,0.469767,1.3531530748370189,1.2137529520486248,0.004529512103351951,0.04725977536263439,0.0013935051133621146,0.5962978036437883,False,0.030767331536455327,37
16.0,0.483721,1.3531530748370189,1.2137529520486248,0.004529512103351951,0.04725977536263439,0.0013935051133621146,0.5962978036437883,False,0.030767331536455327,37
11.0,0.469767,1.3531530748370189,1.2137529520486248,0.004529512103351951,0.04725977536263439,0.0013935051133621146,0.5962978036437883,False,0.030767331536455327,37
135.0,0.483721,1.3531530748370189,1.2137529520486248,0.004529512103351951,0.04725977536263439,0.0013935051133621146,0.5962978036437883,False,0.030767331536455327,37
82.0,0.497674,1.4070155270767797,0.6894593130362887,0.6499263241759557,0.10121040153345454,0.8847825180680955,0.5374482975955219,False,-0.0071912494434006454,37
102.0,0.474419,1.4070155270767797,0.6894593130362887,0.6499263241759557,0.10121040153345454,0.8847825180680955,0.5374482975955219,False,-0.03155945435841353,37
85.0,0.49302300000000004,1.4070155270767797,0.6894593130362887,0.6499263241759557,0.10121040153345454,0.8847825180680955,0.5374482975955219,False,-0.03155945435841353,37
121.0,0.306977,1.4070155270767797,0.6894593130362887,0.6499263241759557,0.10121040153345454,0.8847825180680955,0.5374482975955219,False,-0.1277405970525157,37
27.0,0.30232600000000004,1.4070155270767797,0.6894593130362887,0.6499263241759557,0.10121040153345454,0.8847825180680955,0.5374482975955219,False,-0.1277405970525157,37
120.0,0.297674,1.4070155270767797,0.6894593130362887,0.6499263241759557,0.10121040153345454,0.8847825180680955,0.5374482975955219,False,-0.1277405970525157,37
104.0,0.306977,1.4070155270767797,0.6894593130362887,0.6499263241759557,0.10121040153345454,0.8847825180680955,0.5374482975955219,False,-0.1277405970525157,37
20.0,0.293023,1.4070155270767797,0.6894593130362887,0.6499263241759557,0.10121040153345454,0.8847825180680955,0.5374482975955219,False,-0.1277405970525157,37
30.0,0.293023,1.4070155270767797,0.6894593130362887,0.6499263241759557,0.10121040153345454,0.8847825180680955,0.5374482975955219,False,-0.1277405970525157,37
67.0,0.32093000000000005,1.4070155270767797,0.6894593130362887,0.6499263241759557,0.10121040153345454,0.8847825180680955,0.5374482975955219,False,-0.1277405970525157,37
68.0,0.306977,1.4070155270767797,0.6894593130362887,0.6499263241759557,0.10121040153345454,0.8847825180680955,0.5374482975955219,False,-0.1277405970525157,37
58.0,0.265116,1.4070155270767797,0.6894593130362887,0.6499263241759557,0.10121040153345454,0.8847825180680955,0.5374482975955219,False,-0.1492344035322783,37
122.0,0.274419,1.4070155270767797,0.6894593130362887,0.6499263241759557,0.10121040153345454,0.8847825180680955,0.5374482975955219,False,-0.1492344035322783,37
52.0,0.16744199999999998,1.4070155270767797,0.6894593130362887,0.6499263241759557,0.10121040153345454,0.8847825180680955,0.5374482975955219,False,-0.16496396927588194,37
97.0,0.18604700000000002,1.4070155270767797,0.6894593130362887,0.6499263241759557,0.10121040153345454,0.8847825180680955,0.5374482975955219,False,-0.16496396927588194,37
95.0,0.2,1.4070155270767797,0.6894593130362887,0.6499263241759557,0.10121040153345454,0.8847825180680955,0.5374482975955219,False,-0.16496396927588194,37
51.0,0.18139500000000003,1.4070155270767797,0.6894593130362887,0.6499263241759557,0.10121040153345454,0.8847825180680955,0.5374482975955219,False,-0.16496396927588194,37
49.0,0.223256,1.4070155270767797,0.6894593130362887,0.6499263241759557,0.10121040153345454,0.8847825180680955,0.5374482975955219,False,-0.16496396927588194,37
190.0,0.17674399999999998,1.4070155270767797,0.6894593130362887,0.6499263241759557,0.10121040153345454,0.8847825180680955,0.5374482975955219,False,-0.16496396927588194,37
295.0,0.223256,1.4070155270767797,0.6894593130362887,0.6499263241759557,0.10121040153345454,0.8847825180680955,0.5374482975955219,False,-0.16496396927588194,37
89.0,0.237209,1.823914760047799,0.4574600539373632,0.7815267308393495,0.09565463242146562,0.6900772669546762,1.421708435961496,False,-0.1658865491706255,37
111.0,0.237209,1.823914760047799,0.4574600539373632,0.7815267308393495,0.09565463242146562,0.6900772669546762,1.421708435961496,False,-0.1658865491706255,37
192.0,0.339535,1.7419350571506071,0.47823977154507613,0.3608133699367172,0.8185361461225729,0.7812403157036409,1.1811436504201311,False,-0.17255193021341927,37
142.0,0.255814,1.4070155270767797,0.6894593130362887,0.6499263241759557,0.10121040153345454,0.8847825180680955,0.5374482975955219,False,-0.17389362709048312,37
81.0,0.25116299999999997,1.4070155270767797,0.6894593130362887,0.6499263241759557,0.10121040153345454,0.8847825180680955,0.5374482975955219,False,-0.17389362709048312,37
117.0,0.23255800000000001,1.4070155270767797,0.6894593130362887,0.6499263241759557,0.10121040153345454,0.8847825180680955,0.5374482975955219,False,-0.17389362709048312,37
108.0,0.237209,1.4070155270767797,0.6894593130362887,0.6499263241759557,0.10121040153345454,0.8847825180680955,0.5374482975955219,False,-0.17389362709048312,37
304.0,0.11627900000000001,1.4070155270767797,0.6894593130362887,0.6499263241759557,0.10121040153345454,0.8847825180680955,0.5374482975955219,False,-0.175048673697681,37
98.0,0.144186,1.4070155270767797,0.6894593130362887,0.6499263241759557,0.10121040153345454,0.8847825180680955,0.5374482975955219,False,-0.175048673697681,37
307.0,0.11627900000000001,1.4070155270767797,0.6894593130362887,0.6499263241759557,0.10121040153345454,0.8847825180680955,0.5374482975955219,False,-0.175048673697681,37
296.0,0.144186,1.4070155270767797,0.6894593130362887,0.6499263241759557,0.10121040153345454,0.8847825180680955,0.5374482975955219,False,-0.175048673697681,37
305.0,0.12093,1.4070155270767797,0.6894593130362887,0.6499263241759557,0.10121040153345454,0.8847825180680955,0.5374482975955219,False,-0.175048673697681,37
300.0,0.11627900000000001,1.4070155270767797,0.6894593130362887,0.6499263241759557,0.10121040153345454,0.8847825180680955,0.5374482975955219,False,-0.175048673697681,37
301.0,0.13023300000000002,1.4070155270767797,0.6894593130362887,0.6499263241759557,0.10121040153345454,0.8847825180680955,0.5374482975955219,False,-0.175048673697681,37
306.0,0.134884,1.4070155270767797,0.6894593130362887,0.6499263241759557,0.10121040153345454,0.8847825180680955,0.5374482975955219,False,-0.175048673697681,37
308.0,0.125581,1.4070155270767797,0.6894593130362887,0.6499263241759557,0.10121040153345454,0.8847825180680955,0.5374482975955219,False,-0.175048673697681,37
302.0,0.11627900000000001,1.4070155270767797,0.6894593130362887,0.6499263241759557,0.10121040153345454,0.8847825180680955,0.5374482975955219,False,-0.175048673697681,37
294.0,0.134884,1.4070155270767797,0.6894593130362887,0.6499263241759557,0.10121040153345454,0.8847825180680955,0.5374482975955219,False,-0.175048673697681,37
31.0,0.08837199999999999,1.4070155270767797,0.6894593130362887,0.6499263241759557,0.10121040153345454,0.8847825180680955,0.5374482975955219,False,-0.175048673697681,37
47.0,0.134884,1.4070155270767797,0.6894593130362887,0.6499263241759557,0.10121040153345454,0.8847825180680955,0.5374482975955219,False,-0.175048673697681,37
128.0,0.139535,1.3531530748370189,1.2137529520486248,0.004529512103351951,0.04725977536263439,0.0013935051133621146,0.5962978036437883,False,-0.18854711621900425,37
293.0,0.134884,1.3531530748370189,1.2137529520486248,0.004529512103351951,0.04725977536263439,0.0013935051133621146,0.5962978036437883,False,-0.18854711621900425,37
129.0,0.148837,1.3531530748370189,1.2137529520486248,0.004529512103351951,0.04725977536263439,0.0013935051133621146,0.5962978036437883,False,-0.18854711621900425,37
284.0,0.046512000000000005,1.4070155270767797,0.6894593130362887,0.6499263241759557,0.10121040153345454,0.8847825180680955,0.5374482975955219,False,-0.2142373535318169,37
208.0,0.055814,1.4070155270767797,0.6894593130362887,0.6499263241759557,0.10121040153345454,0.8847825180680955,0.5374482975955219,False,-0.2142373535318169,37
232.0,0.037209,1.4070155270767797,0.6894593130362887,0.6499263241759557,0.10121040153345454,0.8847825180680955,0.5374482975955219,False,-0.2142373535318169,37
280.0,0.046512000000000005,1.4070155270767797,0.6894593130362887,0.6499263241759557,0.10121040153345454,0.8847825180680955,0.5374482975955219,False,-0.2142373535318169,37
106.0,0.162791,2.1658250249314452,1.9117138935533782,0.1409392865184762,0.4412656529327936,0.9021483503222394,0.08773324844434716,True,-0.2160266837669436,37
26.0,0.08837199999999999,2.1658250249314452,1.9117138935533782,0.1409392865184762,0.4412656529327936,0.9021483503222394,0.08773324844434716,False,-0.22611138818874268,37
125.0,0.12093,2.1658250249314452,1.9117138935533782,0.1409392865184762,0.4412656529327936,0.9021483503222394,0.08773324844434716,False,-0.22611138818874268,37
12.0,0.08372099999999999,2.1658250249314452,1.9117138935533782,0.1409392865184762,0.4412656529327936,0.9021483503222394,0.08773324844434716,False,-0.22611138818874268,37
248.0,0.037209,1.3531530748370189,1.2137529520486248,0.004529512103351951,0.04725977536263439,0.0013935051133621146,0.5962978036437883,False,-0.22773579605314007,37
185.0,0.046512000000000005,1.3531530748370189,1.2137529520486248,0.004529512103351951,0.04725977536263439,0.0013935051133621146,0.5962978036437883,False,-0.22773579605314007,37
285.0,0.26976700000000003,2.3212212334718387,1.56591019978729,0.23124721973334184,1.0654296213950993,0.011193349520310536,1.3218367581016441,False,-0.2295142733831588,37
196.0,0.265116,1.7419350571506071,0.47823977154507613,0.3608133699367172,0.8185361461225729,0.7812403157036409,1.1811436504201311,False,-0.2535832851505133,37
236.0,0.08372099999999999,1.7419350571506071,0.47823977154507613,0.3608133699367172,0.8185361461225729,0.7812403157036409,1.1811436504201311,False,-0.279397555315916,37
290.0,0.09302300000000001,1.7419350571506071,0.47823977154507613,0.3608133699367172,0.8185361461225729,0.7812403157036409,1.1811436504201311,False,-0.279397555315916,37
182.0,0.13023300000000002,1.7419350571506071,0.47823977154507613,0.3608133699367172,0.8185361461225729,0.7812403157036409,1.1811436504201311,False,-0.279397555315916,37
242.0,0.125581,1.7419350571506071,0.47823977154507613,0.3608133699367172,0.8185361461225729,0.7812403157036409,1.1811436504201311,False,-0.279397555315916,37
100.0,0.15814,2.3212212334718387,1.56591019978729,0.23124721973334184,1.0654296213950993,0.011193349520310536,1.3218367581016441,False,-0.29704987381656955,37
80.0,0.11627900000000001,2.3212212334718387,1.56591019978729,0.23124721973334184,1.0654296213950993,0.011193349520310536,1.3218367581016441,False,-0.29704987381656955,37
177.0,0.139535,2.3212212334718387,1.56591019978729,0.23124721973334184,1.0654296213950993,0.011193349520310536,1.3218367581016441,False,-0.29704987381656955,37
127.0,0.10697699999999999,2.3212212334718387,1.56591019978729,0.23124721973334184,1.0654296213950993,0.011193349520310536,1.3218367581016441,False,-0.29704987381656955,37
249.0,0.074419,1.7419350571506071,0.47823977154507613,0.3608133699367172,0.8185361461225729,0.7812403157036409,1.1811436504201311,False,-0.31858623515005174,37
217.0,0.032558,1.7419350571506071,0.47823977154507613,0.3608133699367172,0.8185361461225729,0.7812403157036409,1.1811436504201311,False,-0.31858623515005174,37
237.0,0.074419,1.7419350571506071,0.47823977154507613,0.3608133699367172,0.8185361461225729,0.7812403157036409,1.1811436504201311,False,-0.31858623515005174,37
160.0,0.037209,1.7419350571506071,0.47823977154507613,0.3608133699367172,0.8185361461225729,0.7812403157036409,1.1811436504201311,False,-0.31858623515005174,37
161.0,0.032558,1.7419350571506071,0.47823977154507613,0.3608133699367172,0.8185361461225729,0.7812403157036409,1.1811436504201311,False,-0.31858623515005174,37
219.0,0.051163,1.7419350571506071,0.47823977154507613,0.3608133699367172,0.8185361461225729,0.7812403157036409,1.1811436504201311,False,-0.31858623515005174,37
114.0,0.037209,2.3212212334718387,1.56591019978729,0.23124721973334184,1.0654296213950993,0.011193349520310536,1.3218367581016441,False,-0.33623855365070554,37
262.0,0.04186,2.3212212334718387,1.56591019978729,0.23124721973334184,1.0654296213950993,0.011193349520310536,1.3218367581016441,False,-0.33623855365070554,37
246.0,0.055814,2.3212212334718387,1.56591019978729,0.23124721973334184,1.0654296213950993,0.011193349520310536,1.3218367581016441,False,-0.33623855365070554,37
115.0,0.04186,2.3212212334718387,1.56591019978729,0.23124721973334184,1.0654296213950993,0.011193349520310536,1.3218367581016441,False,-0.33623855365070554,37
92.0,0.060465,2.402550373745264,1.7466480682579029,0.8128274087495685,1.1583199770689698,0.2585638416411885,0.8076013856715442,False,-0.3778814318672944,37
67.0,1.0,1.4160731647345355,1.1890831029535034,0.19090913781245322,0.5351354758090847,0.277175188213663,0.43783812170796793,False,0.5992735131679705,60
68.0,0.790698,1.4160731647345355,1.1890831029535034,0.19090913781245322,0.5351354758090847,0.277175188213663,0.43783812170796793,False,0.5560198810905458,60
64.0,1.0,1.341028245834994,0.9389866871635788,0.4900249331421629,0.6816943633705814,0.40913255890617434,0.21080717859582213,False,0.5174348303847358,60
1.0,1.0,1.1246781530823233,0.389271903058352,0.12545307596064115,0.24572588475264778,0.9513298200099132,0.36362098724419517,False,0.49852672810345394,60
123.0,1.0,1.665038020435804,1.0238049597249215,0.8739356144663389,0.39090451725892855,0.8586328184427686,0.26524497579853723,False,0.49647729124088225,60
13.0,1.0,1.665038020435804,1.0238049597249215,0.8739356144663389,0.39090451725892855,0.8586328184427686,0.26524497579853723,False,0.49647729124088225,60
193.0,1.0,1.665038020435804,1.0238049597249215,0.8739356144663389,0.39090451725892855,0.8586328184427686,0.26524497579853723,False,0.49647729124088225,60
168.0,1.0,1.665038020435804,1.0238049597249215,0.8739356144663389,0.39090451725892855,0.8586328184427686,0.26524497579853723,False,0.49647729124088225,60
45.0,1.0,1.665038020435804,1.0238049597249215,0.8739356144663389,0.39090451725892855,0.8586328184427686,0.26524497579853723,False,0.49647729124088225,60
44.0,1.0,1.665038020435804,1.0238049597249215,0.8739356144663389,0.39090451725892855,0.8586328184427686,0.26524497579853723,False,0.49647729124088225,60
23.0,1.0,1.665038020435804,1.0238049597249215,0.8739356144663389,0.39090451725892855,0.8586328184427686,0.26524497579853723,False,0.49647729124088225,60
2.0,1.0,1.665038020435804,1.0238049597249215,0.8739356144663389,0.39090451725892855,0.8586328184427686,0.26524497579853723,False,0.49647729124088225,60
46.0,1.0,1.665038020435804,1.0238049597249215,0.8739356144663389,0.39090451725892855,0.8586328184427686,0.26524497579853723,False,0.49647729124088225,60
29.0,1.0,1.665038020435804,1.0238049597249215,0.8739356144663389,0.39090451725892855,0.8586328184427686,0.26524497579853723,False,0.49647729124088225,60
38.0,1.0,1.665038020435804,1.0238049597249215,0.8739356144663389,0.39090451725892855,0.8586328184427686,0.26524497579853723,False,0.49647729124088225,60
19.0,1.0,1.665038020435804,1.0238049597249215,0.8739356144663389,0.39090451725892855,0.8586328184427686,0.26524497579853723,False,0.49647729124088225,60
14.0,1.0,1.665038020435804,1.0238049597249215,0.8739356144663389,0.39090451725892855,0.8586328184427686,0.26524497579853723,False,0.49647729124088225,60
25.0,1.0,1.665038020435804,1.0238049597249215,0.8739356144663389,0.39090451725892855,0.8586328184427686,0.26524497579853723,False,0.49647729124088225,60
24.0,1.0,1.665038020435804,1.0238049597249215,0.8739356144663389,0.39090451725892855,0.8586328184427686,0.26524497579853723,False,0.49647729124088225,60
22.0,1.0,1.665038020435804,1.0238049597249215,0.8739356144663389,0.39090451725892855,0.8586328184427686,0.26524497579853723,False,0.49647729124088225,60
18.0,1.0,1.665038020435804,1.0238049597249215,0.8739356144663389,0.39090451725892855,0.8586328184427686,0.26524497579853723,False,0.49647729124088225,60
41.0,1.0,1.665038020435804,1.0238049597249215,0.8739356144663389,0.39090451725892855,0.8586328184427686,0.26524497579853723,False,0.49647729124088225,60
21.0,1.0,1.665038020435804,1.0238049597249215,0.8739356144663389,0.39090451725892855,0.8586328184427686,0.26524497579853723,False,0.49647729124088225,60
116.0,1.0,1.776067583814481,0.6716477119862563,1.1006533220963288,0.7217848794988052,0.8712196730764412,0.46029397865931854,False,0.49053158252302065,60
171.0,1.0,1.776067583814481,0.6716477119862563,1.1006533220963288,0.7217848794988052,0.8712196730764412,0.46029397865931854,False,0.49053158252302065,60
274.0,1.0,1.776067583814481,0.6716477119862563,1.1006533220963288,0.7217848794988052,0.8712196730764412,0.46029397865931854,False,0.49053158252302065,60
65.0,1.0,1.2945053812456575,0.6842074806914296,1.0667621380750372,0.03059219063249541,0.22982517436641992,0.12596568306160688,False,0.4755470187076085,60
105.0,1.0,1.3179747443398497,0.32584401822016806,1.010345388881463,0.09762091103649939,0.042122026766108656,0.7738095309979784,False,0.46257678415222503,60
6.0,0.809302,1.1246781530823233,0.389271903058352,0.12545307596064115,0.24572588475264778,0.9513298200099132,0.36362098724419517,False,0.4552730960260291,60
10.0,0.9953489999999999,1.665038020435804,1.0238049597249215,0.8739356144663389,0.39090451725892855,0.8586328184427686,0.26524497579853723,False,0.4532236591634574,60
314.0,0.8046510000000001,1.665038020435804,1.0238049597249215,0.8739356144663389,0.39090451725892855,0.8586328184427686,0.26524497579853723,False,0.4532236591634574,60
34.0,0.7860469999999999,1.665038020435804,1.0238049597249215,0.8739356144663389,0.39090451725892855,0.8586328184427686,0.26524497579853723,False,0.4532236591634574,60
39.0,1.0,1.8510388094235992,0.20333199729912854,1.3215389486362306,0.890412300125588,0.6723848741917382,0.6273755628388387,False,0.4352530404637243,60
3.0,1.0,1.8510388094235992,0.20333199729912854,1.3215389486362306,0.890412300125588,0.6723848741917382,0.6273755628388387,False,0.4352530404637243,60
42.0,1.0,1.8510388094235992,0.20333199729912854,1.3215389486362306,0.890412300125588,0.6723848741917382,0.6273755628388387,False,0.4352530404637243,60
43.0,1.0,1.8510388094235992,0.20333199729912854,1.3215389486362306,0.890412300125588,0.6723848741917382,0.6273755628388387,False,0.4352530404637243,60
40.0,1.0,1.8510388094235992,0.20333199729912854,1.3215389486362306,0.890412300125588,0.6723848741917382,0.6273755628388387,False,0.4352530404637243,60
298.0,1.0,1.8510388094235992,0.20333199729912854,1.3215389486362306,0.890412300125588,0.6723848741917382,0.6273755628388387,False,0.4352530404637243,60
311.0,0.734884,1.665038020435804,1.0238049597249215,0.8739356144663389,0.39090451725892855,0.8586328184427686,0.26524497579853723,False,0.41749136579659857,60
36.0,0.87907,1.8510388094235992,0.20333199729912854,1.3215389486362306,0.890412300125588,0.6723848741917382,0.6273755628388387,False,0.3964307490386673,60
7.0,0.660465,1.1246781530823233,0.389271903058352,0.12545307596064115,0.24572588475264778,0.9513298200099132,0.36362098724419517,False,0.3868705277183724,60
312.0,0.655814,1.665038020435804,1.0238049597249215,0.8739356144663389,0.39090451725892855,0.8586328184427686,0.26524497579853723,False,0.38482109085580063,60
313.0,0.6697669999999999,1.665038020435804,1.0238049597249215,0.8739356144663389,0.39090451725892855,0.8586328184427686,0.26524497579853723,False,0.38482109085580063,60
310.0,0.665116,1.665038020435804,1.0238049597249215,0.8739356144663389,0.39090451725892855,0.8586328184427686,0.26524497579853723,False,0.38482109085580063,60
8.0,0.6418600000000001,1.1246781530823233,0.389271903058352,0.12545307596064115,0.24572588475264778,0.9513298200099132,0.36362098724419517,False,0.35256684827791934,60
309.0,0.6,1.1246781530823233,0.389271903058352,0.12545307596064115,0.24572588475264778,0.9513298200099132,0.36362098724419517,False,0.3350554767691133,60
35.0,0.581395,1.665038020435804,1.0238049597249215,0.8739356144663389,0.39090451725892855,0.8586328184427686,0.26524497579853723,False,0.33300603990654154,60
32.0,0.623256,1.8510388094235992,0.20333199729912854,1.3215389486362306,0.890412300125588,0.6723848741917382,0.6273755628388387,False,0.30941909357017006,60
33.0,0.581395,1.8510388094235992,0.20333199729912854,1.3215389486362306,0.890412300125588,0.6723848741917382,0.6273755628388387,False,0.2966541597624802,60
12.0,0.539535,1.1246781530823233,0.389271903058352,0.12545307596064115,0.24572588475264778,0.9513298200099132,0.36362098724419517,False,0.2370483694238299,60
15.0,0.539535,1.665038020435804,1.0238049597249215,0.8739356144663389,0.39090451725892855,0.8586328184427686,0.26524497579853723,False,0.23499893256125812,60
88.0,1.0,1.6925597275018613,0.4909098435156434,0.056578693613418496,1.5019647189652638,0.6014624819149422,0.0539413937707814,False,0.22472255469497968,60
87.0,0.637209,1.6925597275018613,0.4909098435156434,0.056578693613418496,1.5019647189652638,0.6014624819149422,0.0539413937707814,False,0.07876267486944499,60
74.0,0.35814,1.341028245834994,0.9389866871635788,0.4900249331421629,0.6816943633705814,0.40913255890617434,0.21080717859582213,False,0.07873538475058284,60
75.0,0.395349,1.341028245834994,0.9389866871635788,0.4900249331421629,0.6816943633705814,0.40913255890617434,0.21080717859582213,False,0.06404789906636382,60
224.0,0.395349,1.665038020435804,1.0238049597249215,0.8739356144663389,0.39090451725892855,0.8586328184427686,0.26524497579853723,False,0.04309035992251034,60
28.0,0.46511600000000003,1.665038020435804,1.0238049597249215,0.8739356144663389,0.39090451725892855,0.8586328184427686,0.26524497579853723,False,-0.02702101571627291,60
11.0,0.469767,1.665038020435804,1.0238049597249215,0.8739356144663389,0.39090451725892855,0.8586328184427686,0.26524497579853723,False,-0.02702101571627291,60
9.0,0.469767,1.665038020435804,1.0238049597249215,0.8739356144663389,0.39090451725892855,0.8586328184427686,0.26524497579853723,False,-0.02702101571627291,60
16.0,0.483721,1.665038020435804,1.0238049597249215,0.8739356144663389,0.39090451725892855,0.8586328184427686,0.26524497579853723,False,-0.02702101571627291,60
135.0,0.483721,1.665038020435804,1.0238049597249215,0.8739356144663389,0.39090451725892855,0.8586328184427686,0.26524497579853723,False,-0.02702101571627291,60
118.0,0.48837200000000003,1.3179747443398497,0.32584401822016806,1.010345388881463,0.09762091103649939,0.042122026766108656,0.7738095309979784,False,-0.029866814644383483,60
119.0,0.483721,1.3179747443398497,0.32584401822016806,1.010345388881463,0.09762091103649939,0.042122026766108656,0.7738095309979784,False,-0.029866814644383483,60
124.0,0.30232600000000004,1.6719576723779614,0.7075606257180893,0.10380477359971318,0.8720983860046996,0.7848671860635748,0.952603219343454,True,-0.14277906038732313,60
101.0,0.274419,1.2945053812456575,0.6842074806914296,1.0667621380750372,0.03059219063249541,0.22982517436641992,0.12596568306160688,False,-0.1627678231565218,60
70.0,0.227907,1.2945053812456575,0.6842074806914296,1.0667621380750372,0.03059219063249541,0.22982517436641992,0.12596568306160688,False,-0.18742704671472663,60
106.0,0.162791,1.3179747443398497,0.32584401822016806,1.010345388881463,0.09762091103649939,0.042122026766108656,0.7738095309979784,False,-0.20499265982985984,60
107.0,0.209302,1.2945053812456575,0.6842074806914296,1.0667621380750372,0.03059219063249541,0.22982517436641992,0.12596568306160688,False,-0.22021871916813343,60
109.0,0.218605,1.2945053812456575,0.6842074806914296,1.0667621380750372,0.03059219063249541,0.22982517436641992,0.12596568306160688,False,-0.22021871916813343,60
71.0,0.209302,1.2945053812456575,0.6842074806914296,1.0667621380750372,0.03059219063249541,0.22982517436641992,0.12596568306160688,False,-0.22021871916813343,60
76.0,0.209302,1.2945053812456575,0.6842074806914296,1.0667621380750372,0.03059219063249541,0.22982517436641992,0.12596568306160688,False,-0.22021871916813343,60
26.0,0.08837199999999999,1.3179747443398497,0.32584401822016806,1.010345388881463,0.09762091103649939,0.042122026766108656,0.7738095309979784,False,-0.2276076576360245,60
125.0,0.12093,1.3179747443398497,0.32584401822016806,1.010345388881463,0.09762091103649939,0.042122026766108656,0.7738095309979784,False,-0.2276076576360245,60
27.0,0.08837199999999999,1.3179747443398497,0.32584401822016806,1.010345388881463,0.09762091103649939,0.042122026766108656,0.7738095309979784,False,-0.2276076576360245,60
66.0,0.227907,1.6719576723779614,0.7075606257180893,0.10380477359971318,0.8720983860046996,0.7848671860635748,0.952603219343454,False,-0.24357237137308477,60
117.0,0.23255800000000001,1.6719576723779614,0.7075606257180893,0.10380477359971318,0.8720983860046996,0.7848671860635748,0.952603219343454,False,-0.24357237137308477,60
285.0,0.26976700000000003,1.776067583814481,0.6716477119862563,1.1006533220963288,0.7217848794988052,0.8712196730764412,0.46029397865931854,False,-0.24496063069434684,60
86.0,0.5162789999999999,1.6925597275018613,0.4909098435156434,0.056578693613418496,1.5019647189652638,0.6014624819149422,0.0539413937707814,False,-0.2744075473471626,60
90.0,0.5023259999999999,1.6925597275018613,0.4909098435156434,0.056578693613418496,1.5019647189652638,0.6014624819149422,0.0539413937707814,False,-0.2744075473471626,60
130.0,0.190698,1.4160731647345355,1.1890831029535034,0.19090913781245322,0.5351354758090847,0.277175188213663,0.43783812170796793,False,-0.2767799665311741,60
81.0,0.102326,1.776067583814481,0.6716477119862563,1.1006533220963288,0.7217848794988052,0.8712196730764412,0.46029397865931854,False,-0.2833051942441152,60
100.0,0.15814,1.776067583814481,0.6716477119862563,1.1006533220963288,0.7217848794988052,0.8712196730764412,0.46029397865931854,False,-0.2833051942441152,60
293.0,0.111628,1.776067583814481,0.6716477119862563,1.1006533220963288,0.7217848794988052,0.8712196730764412,0.46029397865931854,False,-0.2833051942441152,60
127.0,0.10697699999999999,1.776067583814481,0.6716477119862563,1.1006533220963288,0.7217848794988052,0.8712196730764412,0.46029397865931854,False,-0.2833051942441152,60
80.0,0.11627900000000001,1.776067583814481,0.6716477119862563,1.1006533220963288,0.7217848794988052,0.8712196730764412,0.46029397865931854,False,-0.2833051942441152,60
177.0,0.139535,1.776067583814481,0.6716477119862563,1.1006533220963288,0.7217848794988052,0.8712196730764412,0.46029397865931854,False,-0.2833051942441152,60
31.0,0.16744199999999998,1.665038020435804,1.0238049597249215,0.8739356144663389,0.39090451725892855,0.8586328184427686,0.26524497579853723,False,-0.2899563208427835,60
30.0,0.162791,1.665038020435804,1.0238049597249215,0.8739356144663389,0.39090451725892855,0.8586328184427686,0.26524497579853723,False,-0.2899563208427835,60
296.0,0.2,1.665038020435804,1.0238049597249215,0.8739356144663389,0.39090451725892855,0.8586328184427686,0.26524497579853723,False,-0.2899563208427835,60
129.0,0.148837,1.665038020435804,1.0238049597249215,0.8739356144663389,0.39090451725892855,0.8586328184427686,0.26524497579853723,False,-0.3125713186489481,60
128.0,0.139535,1.665038020435804,1.0238049597249215,0.8739356144663389,0.39090451725892855,0.8586328184427686,0.26524497579853723,False,-0.3125713186489481,60
69.0,0.13023300000000002,1.665038020435804,1.0238049597249215,0.8739356144663389,0.39090451725892855,0.8586328184427686,0.26524497579853723,False,-0.3125713186489481,60
20.0,0.15814,1.665038020435804,1.0238049597249215,0.8739356144663389,0.39090451725892855,0.8586328184427686,0.26524497579853723,False,-0.3125713186489481,60
115.0,0.04186,1.776067583814481,0.6716477119862563,1.1006533220963288,0.7217848794988052,0.8712196730764412,0.46029397865931854,False,-0.3224938740782511,60
114.0,0.037209,1.776067583814481,0.6716477119862563,1.1006533220963288,0.7217848794988052,0.8712196730764412,0.46029397865931854,False,-0.3224938740782511,60
246.0,0.055814,1.776067583814481,0.6716477119862563,1.1006533220963288,0.7217848794988052,0.8712196730764412,0.46029397865931854,False,-0.3224938740782511,60
262.0,0.04186,1.776067583814481,0.6716477119862563,1.1006533220963288,0.7217848794988052,0.8712196730764412,0.46029397865931854,False,-0.3224938740782511,60
108.0,0.046512000000000005,1.665038020435804,1.0238049597249215,0.8739356144663389,0.39090451725892855,0.8586328184427686,0.26524497579853723,False,-0.351759998483084,60
61.0,0.051163,1.665038020435804,1.0238049597249215,0.8739356144663389,0.39090451725892855,0.8586328184427686,0.26524497579853723,False,-0.351759998483084,60
142.0,0.037209,1.665038020435804,1.0238049597249215,0.8739356144663389,0.39090451725892855,0.8586328184427686,0.26524497579853723,False,-0.351759998483084,60
60.0,0.037209,1.665038020435804,1.0238049597249215,0.8739356144663389,0.39090451725892855,0.8586328184427686,0.26524497579853723,False,-0.351759998483084,60
185.0,0.046512000000000005,1.665038020435804,1.0238049597249215,0.8739356144663389,0.39090451725892855,0.8586328184427686,0.26524497579853723,False,-0.351759998483084,60
248.0,0.037209,1.665038020435804,1.0238049597249215,0.8739356144663389,0.39090451725892855,0.8586328184427686,0.26524497579853723,False,-0.351759998483084,60
91.0,0.032558,1.665038020435804,1.0238049597249215,0.8739356144663389,0.39090451725892855,0.8586328184427686,0.26524497579853723,False,-0.351759998483084,60
58.0,0.032558,1.665038020435804,1.0238049597249215,0.8739356144663389,0.39090451725892855,0.8586328184427686,0.26524497579853723,False,-0.351759998483084,60
121.0,0.060465,1.6925597275018613,0.4909098435156434,0.056578693613418496,1.5019647189652638,0.6014624819149422,0.0539413937707814,False,-0.6245978558959889,60
120.0,0.055814,1.6925597275018613,0.4909098435156434,0.056578693613418496,1.5019647189652638,0.6014624819149422,0.0539413937707814,False,-0.6245978558959889,60
92.0,0.060465,1.6925597275018613,0.4909098435156434,0.056578693613418496,1.5019647189652638,0.6014624819149422,0.0539413937707814,False,-0.6245978558959889,60
64.0,1.0,1.7672876606124344,1.4298965306792222,0.5466036267555814,0.8202703555946825,0.19232992300876786,0.26474857236660354,False,0.6060056783496891,7
67.0,1.0,2.176641028144471,1.6799929464691468,0.24748783142587172,0.9668292431561792,0.8786376701286052,0.38389672793718654,False,0.5730231495825641,7
68.0,0.790698,2.176641028144471,1.6799929464691468,0.24748783142587172,0.9668292431561792,0.8786376701286052,0.38389672793718654,False,0.5297695175051393,7
106.0,1.0,2.402550373745264,1.7466480682579029,0.8128274087495685,1.1583199770689698,0.2585638416411885,0.8076013856715442,False,0.5222265477114133,7
65.0,1.0,2.2311910074170602,1.175117324207073,1.1233408316884557,1.4713725283327685,0.3716373075485223,0.17990707683238827,False,0.4749575634709427,7
14.0,1.0,1.5156813974345618,0.5328951162092781,0.8173569208529204,1.1110602017063353,0.2571703365278264,0.21130358202775584,False,0.268590122206445,7
21.0,1.0,1.5156813974345618,0.5328951162092781,0.8173569208529204,1.1110602017063353,0.2571703365278264,0.21130358202775584,False,0.268590122206445,7
44.0,1.0,1.5156813974345618,0.5328951162092781,0.8173569208529204,1.1110602017063353,0.2571703365278264,0.21130358202775584,False,0.268590122206445,7
41.0,1.0,1.5156813974345618,0.5328951162092781,0.8173569208529204,1.1110602017063353,0.2571703365278264,0.21130358202775584,False,0.268590122206445,7
25.0,1.0,1.5156813974345618,0.5328951162092781,0.8173569208529204,1.1110602017063353,0.2571703365278264,0.21130358202775584,False,0.268590122206445,7
23.0,1.0,1.5156813974345618,0.5328951162092781,0.8173569208529204,1.1110602017063353,0.2571703365278264,0.21130358202775584,False,0.268590122206445,7
45.0,1.0,1.5156813974345618,0.5328951162092781,0.8173569208529204,1.1110602017063353,0.2571703365278264,0.21130358202775584,False,0.268590122206445,7
46.0,1.0,1.5156813974345618,0.5328951162092781,0.8173569208529204,1.1110602017063353,0.2571703365278264,0.21130358202775584,False,0.268590122206445,7
168.0,1.0,1.5156813974345618,0.5328951162092781,0.8173569208529204,1.1110602017063353,0.2571703365278264,0.21130358202775584,False,0.268590122206445,7
193.0,1.0,1.5156813974345618,0.5328951162092781,0.8173569208529204,1.1110602017063353,0.2571703365278264,0.21130358202775584,False,0.268590122206445,7
22.0,1.0,1.5156813974345618,0.5328951162092781,0.8173569208529204,1.1110602017063353,0.2571703365278264,0.21130358202775584,False,0.268590122206445,7
123.0,1.0,1.5156813974345618,0.5328951162092781,0.8173569208529204,1.1110602017063353,0.2571703365278264,0.21130358202775584,False,0.268590122206445,7
19.0,1.0,1.5156813974345618,0.5328951162092781,0.8173569208529204,1.1110602017063353,0.2571703365278264,0.21130358202775584,False,0.268590122206445,7
18.0,1.0,1.5156813974345618,0.5328951162092781,0.8173569208529204,1.1110602017063353,0.2571703365278264,0.21130358202775584,False,0.268590122206445,7
29.0,1.0,1.5156813974345618,0.5328951162092781,0.8173569208529204,1.1110602017063353,0.2571703365278264,0.21130358202775584,False,0.268590122206445,7
13.0,1.0,1.5156813974345618,0.5328951162092781,0.8173569208529204,1.1110602017063353,0.2571703365278264,0.21130358202775584,False,0.268590122206445,7
2.0,1.0,1.5156813974345618,0.5328951162092781,0.8173569208529204,1.1110602017063353,0.2571703365278264,0.21130358202775584,False,0.268590122206445,7
24.0,1.0,1.5156813974345618,0.5328951162092781,0.8173569208529204,1.1110602017063353,0.2571703365278264,0.21130358202775584,False,0.268590122206445,7
38.0,1.0,1.5156813974345618,0.5328951162092781,0.8173569208529204,1.1110602017063353,0.2571703365278264,0.21130358202775584,False,0.268590122206445,7
314.0,0.8046510000000001,1.5156813974345618,0.5328951162092781,0.8173569208529204,1.1110602017063353,0.2571703365278264,0.21130358202775584,False,0.22533649012902018,7
10.0,0.9953489999999999,1.5156813974345618,0.5328951162092781,0.8173569208529204,1.1110602017063353,0.2571703365278264,0.21130358202775584,False,0.22533649012902018,7
34.0,0.7860469999999999,1.5156813974345618,0.5328951162092781,0.8173569208529204,1.1110602017063353,0.2571703365278264,0.21130358202775584,False,0.22533649012902018,7
124.0,1.0,1.6925597275018613,0.4909098435156434,0.056578693613418496,1.5019647189652638,0.6014624819149422,0.0539413937707814,False,0.22472255469497968,7
1.0,1.0,2.0393732897056265,0.8801817465739954,0.18203176957405964,1.7476906037179116,0.349867338094971,0.41756238101497656,False,0.19637827047030662,7
311.0,0.734884,1.5156813974345618,0.5328951162092781,0.8173569208529204,1.1110602017063353,0.2571703365278264,0.21130358202775584,False,0.18960419676216134,7
105.0,1.0,2.1042820576625,0.1650658252954753,0.9537666952680447,1.5995856300017635,0.6435845086810509,0.719868137227197,False,0.1800066191859179,7
313.0,0.6697669999999999,1.5156813974345618,0.5328951162092781,0.8173569208529204,1.1110602017063353,0.2571703365278264,0.21130358202775584,False,0.15693392182136345,7
310.0,0.665116,1.5156813974345618,0.5328951162092781,0.8173569208529204,1.1110602017063353,0.2571703365278264,0.21130358202775584,False,0.15693392182136345,7
39.0,0.646512,1.5156813974345618,0.5328951162092781,0.8173569208529204,1.1110602017063353,0.2571703365278264,0.21130358202775584,False,0.15693392182136345,7
312.0,0.655814,1.5156813974345618,0.5328951162092781,0.8173569208529204,1.1110602017063353,0.2571703365278264,0.21130358202775584,False,0.15693392182136345,7
6.0,0.809302,2.0393732897056265,0.8801817465739954,0.18203176957405964,1.7476906037179116,0.349867338094971,0.41756238101497656,False,0.15312463839288182,7
75.0,0.395349,1.7672876606124344,1.4298965306792222,0.5466036267555814,0.8202703555946825,0.19232992300876786,0.26474857236660354,False,0.12264739840412794,7
43.0,0.562791,1.5156813974345618,0.5328951162092781,0.8173569208529204,1.1110602017063353,0.2571703365278264,0.21130358202775584,False,0.11343804846232994,7
74.0,0.35814,1.7672876606124344,1.4298965306792222,0.5466036267555814,0.8202703555946825,0.19232992300876786,0.26474857236660354,False,0.11204427319928023,7
309.0,0.604651,1.5156813974345618,0.5328951162092781,0.8173569208529204,1.1110602017063353,0.2571703365278264,0.21130358202775584,False,0.10511887087210434,7
35.0,0.581395,1.5156813974345618,0.5328951162092781,0.8173569208529204,1.1110602017063353,0.2571703365278264,0.21130358202775584,False,0.10511887087210434,7
40.0,0.581395,1.5156813974345618,0.5328951162092781,0.8173569208529204,1.1110602017063353,0.2571703365278264,0.21130358202775584,False,0.10511887087210434,7
125.0,0.372093,2.402550373745264,1.7466480682579029,0.8128274087495685,1.1583199770689698,0.2585638416411885,0.8076013856715442,False,0.09631668778620976,7
7.0,0.660465,2.0393732897056265,0.8801817465739954,0.18203176957405964,1.7476906037179116,0.349867338094971,0.41756238101497656,False,0.08472207008522506,7
8.0,0.544186,1.5156813974345618,0.5328951162092781,0.8173569208529204,1.1110602017063353,0.2571703365278264,0.21130358202775584,False,0.0709842893870105,7
298.0,0.544186,1.5156813974345618,0.5328951162092781,0.8173569208529204,1.1110602017063353,0.2571703365278264,0.21130358202775584,False,0.0709842893870105,7
15.0,0.539535,1.5156813974345618,0.5328951162092781,0.8173569208529204,1.1110602017063353,0.2571703365278264,0.21130358202775584,False,0.007111763526820911,7
12.0,0.539535,2.0393732897056265,0.8801817465739954,0.18203176957405964,1.7476906037179116,0.349867338094971,0.41756238101497656,False,-0.06510008820931741,7
224.0,0.395349,1.5156813974345618,0.5328951162092781,0.8173569208529204,1.1110602017063353,0.2571703365278264,0.21130358202775584,False,-0.18479680911192678,7
36.0,0.5255810000000001,1.5156813974345618,0.5328951162092781,0.8173569208529204,1.1110602017063353,0.2571703365278264,0.21130358202775584,False,-0.1881966936773125,7
70.0,0.223256,2.1894812002126276,1.1984704692337327,0.16038346721313168,0.6298663329605645,1.3863296679785169,1.0065446131142355,False,-0.22214013300302426,7
117.0,0.23255800000000001,2.1894812002126276,1.1984704692337327,0.16038346721313168,0.6298663329605645,1.3863296679785169,1.0065446131142355,False,-0.2310697908176255,7
66.0,0.227907,2.1894812002126276,1.1984704692337327,0.16038346721313168,0.6298663329605645,1.3863296679785169,1.0065446131142355,False,-0.2310697908176255,7
107.0,0.209302,2.176641028144471,1.6799929464691468,0.24748783142587172,0.9668292431561792,0.8786376701286052,0.38389672793718654,False,-0.2338608619255648,7
76.0,0.2,2.176641028144471,1.6799929464691468,0.24748783142587172,0.9668292431561792,0.8786376701286052,0.38389672793718654,False,-0.2338608619255648,7
130.0,0.190698,2.176641028144471,1.6799929464691468,0.24748783142587172,0.9668292431561792,0.8786376701286052,0.38389672793718654,False,-0.2338608619255648,7
11.0,0.469767,1.5156813974345618,0.5328951162092781,0.8173569208529204,1.1110602017063353,0.2571703365278264,0.21130358202775584,False,-0.25490818475071014,7
16.0,0.483721,1.5156813974345618,0.5328951162092781,0.8173569208529204,1.1110602017063353,0.2571703365278264,0.21130358202775584,False,-0.25490818475071014,7
28.0,0.46511600000000003,1.5156813974345618,0.5328951162092781,0.8173569208529204,1.1110602017063353,0.2571703365278264,0.21130358202775584,False,-0.25490818475071014,7
9.0,0.469767,1.5156813974345618,0.5328951162092781,0.8173569208529204,1.1110602017063353,0.2571703365278264,0.21130358202775584,False,-0.25490818475071014,7
135.0,0.483721,1.5156813974345618,0.5328951162092781,0.8173569208529204,1.1110602017063353,0.2571703365278264,0.21130358202775584,False,-0.25490818475071014,7
101.0,0.274419,2.216060495148106,0.6887463969074035,1.8567667666610923,0.5976590942205972,0.7176693088311308,0.3416490353905802,False,-0.26577827650992236,7
118.0,0.48837200000000003,2.1042820576625,0.1650658252954753,0.9537666952680447,1.5995856300017635,0.6435845086810509,0.719868137227197,False,-0.2808317167255349,7
119.0,0.483721,2.1042820576625,0.1650658252954753,0.9537666952680447,1.5995856300017635,0.6435845086810509,0.719868137227197,False,-0.2808317167255349,7
109.0,0.218605,2.216060495148106,0.6887463969074035,1.8567667666610923,0.5976590942205972,0.7176693088311308,0.3416490353905802,False,-0.32322917252153394,7
71.0,0.209302,2.216060495148106,0.6887463969074035,1.8567667666610923,0.5976590942205972,0.7176693088311308,0.3416490353905802,False,-0.32322917252153394,7
17.0,0.08837199999999999,2.402550373745264,1.7466480682579029,0.8128274087495685,1.1583199770689698,0.2585638416411885,0.8076013856715442,False,-0.3386927520331585,7
77.0,0.08372099999999999,2.402550373745264,1.7466480682579029,0.8128274087495685,1.1583199770689698,0.2585638416411885,0.8076013856715442,False,-0.3386927520331585,7
37.0,0.08837199999999999,2.402550373745264,1.7466480682579029,0.8128274087495685,1.1583199770689698,0.2585638416411885,0.8076013856715442,False,-0.3386927520331585,7
296.0,0.2,1.5156813974345618,0.5328951162092781,0.8173569208529204,1.1110602017063353,0.2571703365278264,0.21130358202775584,False,-0.5544584891648723,7
31.0,0.16744199999999998,1.5156813974345618,0.5328951162092781,0.8173569208529204,1.1110602017063353,0.2571703365278264,0.21130358202775584,False,-0.5544584891648723,7
30.0,0.162791,1.5156813974345618,0.5328951162092781,0.8173569208529204,1.1110602017063353,0.2571703365278264,0.21130358202775584,False,-0.5544584891648723,7
129.0,0.148837,1.5156813974345618,0.5328951162092781,0.8173569208529204,1.1110602017063353,0.2571703365278264,0.21130358202775584,False,-0.577073486971037,7
128.0,0.139535,1.5156813974345618,0.5328951162092781,0.8173569208529204,1.1110602017063353,0.2571703365278264,0.21130358202775584,False,-0.577073486971037,7
293.0,0.134884,1.5156813974345618,0.5328951162092781,0.8173569208529204,1.1110602017063353,0.2571703365278264,0.21130358202775584,False,-0.577073486971037,7
20.0,0.15814,1.5156813974345618,0.5328951162092781,0.8173569208529204,1.1110602017063353,0.2571703365278264,0.21130358202775584,False,-0.577073486971037,7
69.0,0.13023300000000002,1.5156813974345618,0.5328951162092781,0.8173569208529204,1.1110602017063353,0.2571703365278264,0.21130358202775584,False,-0.577073486971037,7
27.0,0.134884,1.5156813974345618,0.5328951162092781,0.8173569208529204,1.1110602017063353,0.2571703365278264,0.21130358202775584,False,-0.577073486971037,7
26.0,0.08837199999999999,2.1042820576625,0.1650658252954753,0.9537666952680447,1.5995856300017635,0.6435845086810509,0.719868137227197,False,-0.5868203095179592,7
185.0,0.046512000000000005,1.5156813974345618,0.5328951162092781,0.8173569208529204,1.1110602017063353,0.2571703365278264,0.21130358202775584,False,-0.6162621668051729,7
58.0,0.032558,1.5156813974345618,0.5328951162092781,0.8173569208529204,1.1110602017063353,0.2571703365278264,0.21130358202775584,False,-0.6162621668051729,7
142.0,0.037209,1.5156813974345618,0.5328951162092781,0.8173569208529204,1.1110602017063353,0.2571703365278264,0.21130358202775584,False,-0.6162621668051729,7
60.0,0.037209,1.5156813974345618,0.5328951162092781,0.8173569208529204,1.1110602017063353,0.2571703365278264,0.21130358202775584,False,-0.6162621668051729,7
248.0,0.037209,1.5156813974345618,0.5328951162092781,0.8173569208529204,1.1110602017063353,0.2571703365278264,0.21130358202775584,False,-0.6162621668051729,7
91.0,0.032558,1.5156813974345618,0.5328951162092781,0.8173569208529204,1.1110602017063353,0.2571703365278264,0.21130358202775584,False,-0.6162621668051729,7
61.0,0.051163,1.5156813974345618,0.5328951162092781,0.8173569208529204,1.1110602017063353,0.2571703365278264,0.21130358202775584,False,-0.6162621668051729,7
108.0,0.046512000000000005,1.5156813974345618,0.5328951162092781,0.8173569208529204,1.1110602017063353,0.2571703365278264,0.21130358202775584,False,-0.6162621668051729,7
70.0,1.0,4.226424196672404,1.6163301740072935,2.7423413715395206,1.839494483874395,1.3363168758454589,1.6000685334949174,False,0.34658548835211556,451
109.0,0.87907,4.226424196672404,1.6163301740072935,2.7423413715395206,1.839494483874395,1.3363168758454589,1.6000685334949174,False,0.31579285662522866,451
177.0,1.0,4.381247547721895,1.8092172030168596,0.42793886511506907,2.32307058194964,0.1802536301237005,3.2108851138834575,False,0.2762668655685204,451
311.0,1.0,4.1014344279195845,2.2262494508719355,0.7884594643671184,2.4086158774896207,0.07080283327670323,2.3318374590805564,False,0.2698050726614851,451
130.0,1.0,4.1014344279195845,2.2262494508719355,0.7884594643671184,2.4086158774896207,0.07080283327670323,2.3318374590805564,False,0.2698050726614851,451
298.0,1.0,4.1014344279195845,2.2262494508719355,0.7884594643671184,2.4086158774896207,0.07080283327670323,2.3318374590805564,False,0.2698050726614851,451
107.0,1.0,4.1014344279195845,2.2262494508719355,0.7884594643671184,2.4086158774896207,0.07080283327670323,2.3318374590805564,False,0.2698050726614851,451
123.0,1.0,4.1014344279195845,2.2262494508719355,0.7884594643671184,2.4086158774896207,0.07080283327670323,2.3318374590805564,False,0.2698050726614851,451
36.0,0.87907,4.1014344279195845,2.2262494508719355,0.7884594643671184,2.4086158774896207,0.07080283327670323,2.3318374590805564,False,0.2689856092865643,451
313.0,0.790698,4.1014344279195845,2.2262494508719355,0.7884594643671184,2.4086158774896207,0.07080283327670323,2.3318374590805564,False,0.2689856092865643,451
310.0,0.772093,4.1014344279195845,2.2262494508719355,0.7884594643671184,2.4086158774896207,0.07080283327670323,2.3318374590805564,False,0.2689856092865643,451
312.0,0.8,4.1014344279195845,2.2262494508719355,0.7884594643671184,2.4086158774896207,0.07080283327670323,2.3318374590805564,False,0.2689856092865643,451
71.0,0.744186,4.226424196672404,1.6163301740072935,2.7423413715395206,1.839494483874395,1.3363168758454589,1.6000685334949174,False,0.2636676792972237,451
43.0,0.7209300000000001,4.1014344279195845,2.2262494508719355,0.7884594643671184,2.4086158774896207,0.07080283327670323,2.3318374590805564,False,0.24701664721697753,451
34.0,0.6930230000000001,4.1014344279195845,2.2262494508719355,0.7884594643671184,2.4086158774896207,0.07080283327670323,2.3318374590805564,False,0.24701664721697753,451
39.0,0.6976739999999999,4.1014344279195845,2.2262494508719355,0.7884594643671184,2.4086158774896207,0.07080283327670323,2.3318374590805564,False,0.24701664721697753,451
41.0,0.734884,4.1014344279195845,2.2262494508719355,0.7884594643671184,2.4086158774896207,0.07080283327670323,2.3318374590805564,False,0.24701664721697753,451
299.0,1.0,4.492146358165263,1.1949380671999599,1.0034617616107067,2.440436601067869,0.3344528834255131,3.4171591822236875,True,0.24027850347732033,451
307.0,1.0,4.492146358165263,1.1949380671999599,1.0034617616107067,2.440436601067869,0.3344528834255131,3.4171591822236875,False,0.24027850347732033,451
302.0,1.0,4.492146358165263,1.1949380671999599,1.0034617616107067,2.440436601067869,0.3344528834255131,3.4171591822236875,True,0.24027850347732033,451
304.0,1.0,4.492146358165263,1.1949380671999599,1.0034617616107067,2.440436601067869,0.3344528834255131,3.4171591822236875,True,0.24027850347732033,451
300.0,0.7534879999999999,4.492146358165263,1.1949380671999599,1.0034617616107067,2.440436601067869,0.3344528834255131,3.4171591822236875,False,0.23945904010239955,451
76.0,0.655814,4.1014344279195845,2.2262494508719355,0.7884594643671184,2.4086158774896207,0.07080283327670323,2.3318374590805564,False,0.2188423773393216,451
77.0,0.660465,4.1014344279195845,2.2262494508719355,0.7884594643671184,2.4086158774896207,0.07080283327670323,2.3318374590805564,False,0.2188423773393216,451
301.0,0.739535,4.492146358165263,1.1949380671999599,1.0034617616107067,2.440436601067869,0.3344528834255131,3.4171591822236875,False,0.2174900780328127,451
306.0,0.6976739999999999,4.492146358165263,1.1949380671999599,1.0034617616107067,2.440436601067869,0.3344528834255131,3.4171591822236875,False,0.2174900780328127,451
308.0,0.7488370000000001,4.492146358165263,1.1949380671999599,1.0034617616107067,2.440436601067869,0.3344528834255131,3.4171591822236875,False,0.2174900780328127,451
305.0,0.706977,4.492146358165263,1.1949380671999599,1.0034617616107067,2.440436601067869,0.3344528834255131,3.4171591822236875,False,0.2174900780328127,451
40.0,0.637209,4.1014344279195845,2.2262494508719355,0.7884594643671184,2.4086158774896207,0.07080283327670323,2.3318374590805564,False,0.18453869789886854,451
314.0,0.6,4.1014344279195845,2.2262494508719355,0.7884594643671184,2.4086158774896207,0.07080283327670323,2.3318374590805564,False,0.1534488617240195,451
303.0,0.37674399999999997,4.492146358165263,1.1949380671999599,1.0034617616107067,2.440436601067869,0.3344528834255131,3.4171591822236875,False,0.009202439994983498,451
132.0,0.5023259999999999,4.1014344279195845,2.2262494508719355,0.7884594643671184,2.4086158774896207,0.07080283327670323,2.3318374590805564,False,-0.05442885911478927,451
97.0,1.0,3.536862338749813,0.2070507585459198,0.9375599817418571,2.4292809123364245,0.5168306556414539,2.3278717296353975,False,-0.07253205312008786,451
102.0,0.432558,4.1014344279195845,2.2262494508719355,0.7884594643671184,2.4086158774896207,0.07080283327670323,2.3318374590805564,False,-0.07879706402980216,451
96.0,1.0,4.005640151128899,0.9628006022089874,1.9476817660115349,2.616115268828449,0.6867348150064376,2.0022587128363,False,-0.09293190966235612,451
54.0,1.0,3.995597986059241,0.7213213487195484,1.6429887668417504,2.1643944893892293,0.658433876945224,2.7616929615919137,False,-0.09293190966235612,451
57.0,1.0,3.995597986059241,0.7213213487195484,1.6429887668417504,2.1643944893892293,0.658433876945224,2.7616929615919137,False,-0.09293190966235612,451
108.0,1.0,3.995597986059241,0.7213213487195484,1.6429887668417504,2.1643944893892293,0.658433876945224,2.7616929615919137,False,-0.09293190966235612,451
249.0,1.0,3.995597986059241,0.7213213487195484,1.6429887668417504,2.1643944893892293,0.658433876945224,2.7616929615919137,False,-0.09293190966235612,451
114.0,1.0,4.3008976687914,0.11005942647036737,1.3931206897459818,2.629630972998207,1.4438947018961796,2.7468220655052704,False,-0.1069758807949734,451
115.0,1.0,4.3008976687914,0.11005942647036737,1.3931206897459818,2.629630972998207,1.4438947018961796,2.7468220655052704,False,-0.1069758807949734,451
49.0,0.781395,4.349411808056104,0.9106483636098004,2.0098517429133542,1.62966942957137,0.2871965693981303,3.363078096962257,False,-0.1100647902710376,451
52.0,1.0,4.349411808056104,0.9106483636098004,2.0098517429133542,1.62966942957137,0.2871965693981303,3.363078096962257,False,-0.11367666754848452,451
58.0,1.0,4.349411808056104,0.9106483636098004,2.0098517429133542,1.62966942957137,0.2871965693981303,3.363078096962257,False,-0.11367666754848452,451
91.0,1.0,4.349411808056104,0.9106483636098004,2.0098517429133542,1.62966942957137,0.2871965693981303,3.363078096962257,False,-0.11367666754848452,451
192.0,1.0,4.349411808056104,0.9106483636098004,2.0098517429133542,1.62966942957137,0.2871965693981303,3.363078096962257,False,-0.11367666754848452,451
274.0,1.0,4.349411808056104,0.9106483636098004,2.0098517429133542,1.62966942957137,0.2871965693981303,3.363078096962257,False,-0.11367666754848452,451
3.0,0.683721,3.995597986059241,0.7213213487195484,1.6429887668417504,2.1643944893892293,0.658433876945224,2.7616929615919137,False,-0.1230703803710057,451
131.0,0.339535,4.1014344279195845,2.2262494508719355,0.7884594643671184,2.4086158774896207,0.07080283327670323,2.3318374590805564,False,-0.23030501202817902,451
124.0,0.311628,4.226424196672404,1.6163301740072935,2.7423413715395206,1.839494483874395,1.3363168758454589,1.6000685334949174,False,-0.23986106780033506,451
66.0,0.33488399999999996,4.226424196672404,1.6163301740072935,2.7423413715395206,1.839494483874395,1.3363168758454589,1.6000685334949174,False,-0.23986106780033506,451
142.0,0.390698,4.349411808056104,0.9106483636098004,2.0098517429133542,1.62966942957137,0.2871965693981303,3.363078096962257,False,-0.28990901177053563,451
60.0,0.367442,4.349411808056104,0.9106483636098004,2.0098517429133542,1.62966942957137,0.2871965693981303,3.363078096962257,False,-0.29119398655315143,451
61.0,0.35814,4.349411808056104,0.9106483636098004,2.0098517429133542,1.62966942957137,0.2871965693981303,3.363078096962257,False,-0.29849476898133553,451
64.0,0.223256,4.226424196672404,1.6163301740072935,2.7423413715395206,1.839494483874395,1.3363168758454589,1.6000685334949174,False,-0.3317247209714954,451
101.0,0.24186,4.1014344279195845,2.2262494508719355,0.7884594643671184,2.4086158774896207,0.07080283327670323,2.3318374590805564,False,-0.33696217131138473,451
65.0,0.227907,4.1014344279195845,2.2262494508719355,0.7884594643671184,2.4086158774896207,0.07080283327670323,2.3318374590805564,False,-0.33696217131138473,451
111.0,0.237209,4.1014344279195845,2.2262494508719355,0.7884594643671184,2.4086158774896207,0.07080283327670323,2.3318374590805564,False,-0.33696217131138473,451
67.0,0.190698,4.1014344279195845,2.2262494508719355,0.7884594643671184,2.4086158774896207,0.07080283327670323,2.3318374590805564,False,-0.3697538437647916,451
293.0,0.18604700000000002,4.1014344279195845,2.2262494508719355,0.7884594643671184,2.4086158774896207,0.07080283327670323,2.3318374590805564,False,-0.3697538437647916,451
110.0,0.21395299999999998,4.1014344279195845,2.2262494508719355,0.7884594643671184,2.4086158774896207,0.07080283327670323,2.3318374590805564,False,-0.3697538437647916,451
81.0,0.223256,4.1014344279195845,2.2262494508719355,0.7884594643671184,2.4086158774896207,0.07080283327670323,2.3318374590805564,False,-0.3697538437647916,451
171.0,0.139535,4.381247547721895,1.8092172030168596,0.42793886511506907,2.32307058194964,0.1802536301237005,3.2108851138834575,False,-0.3733767552795553,451
136.0,0.339535,4.349411808056104,0.9106483636098004,2.0098517429133542,1.62966942957137,0.2871965693981303,3.363078096962257,False,-0.5146172983940045,451
53.0,0.330233,4.349411808056104,0.9106483636098004,2.0098517429133542,1.62966942957137,0.2871965693981303,3.363078096962257,False,-0.5195145659035415,451
50.0,0.325581,4.349411808056104,0.9106483636098004,2.0098517429133542,1.62966942957137,0.2871965693981303,3.363078096962257,False,-0.5195145659035415,451
95.0,0.23255800000000001,4.005640151128899,0.9628006022089874,1.9476817660115349,2.616115268828449,0.6867348150064376,2.0022587128363,False,-0.5687148274956804,451
285.0,0.26976700000000003,4.349411808056104,0.9106483636098004,2.0098517429133542,1.62966942957137,0.2871965693981303,3.363078096962257,False,-0.5956486533310982,451
63.0,0.172093,4.005640151128899,0.9628006022089874,1.9476817660115349,2.616115268828449,0.6867348150064376,2.0022587128363,False,-0.6015064999490871,451
116.0,0.102326,3.995597986059241,0.7213213487195484,1.6429887668417504,2.1643944893892293,0.658433876945224,2.7616929615919137,False,-0.6241214977552516,451
237.0,0.09302300000000001,4.349411808056104,0.9106483636098004,2.0098517429133542,1.62966942957137,0.2871965693981303,3.363078096962257,False,-0.64486625564138,451
100.0,0.15814,4.349411808056104,0.9106483636098004,2.0098517429133542,1.62966942957137,0.2871965693981303,3.363078096962257,False,-0.64486625564138,451
69.0,0.074419,3.995597986059241,0.7213213487195484,1.6429887668417504,2.1643944893892293,0.658433876945224,2.7616929615919137,False,-0.6633101775893875,451
1.0,0.074419,3.995597986059241,0.7213213487195484,1.6429887668417504,2.1643944893892293,0.658433876945224,2.7616929615919137,False,-0.6633101775893875,451
80.0,0.074419,3.995597986059241,0.7213213487195484,1.6429887668417504,2.1643944893892293,0.658433876945224,2.7616929615919137,False,-0.6633101775893875,451
134.0,0.074419,3.995597986059241,0.7213213487195484,1.6429887668417504,2.1643944893892293,0.658433876945224,2.7616929615919137,False,-0.6633101775893875,451
169.0,0.065116,3.995597986059241,0.7213213487195484,1.6429887668417504,2.1643944893892293,0.658433876945224,2.7616929615919137,False,-0.6633101775893875,451
6.0,0.074419,3.995597986059241,0.7213213487195484,1.6429887668417504,2.1643944893892293,0.658433876945224,2.7616929615919137,False,-0.6633101775893875,451
11.0,0.074419,3.995597986059241,0.7213213487195484,1.6429887668417504,2.1643944893892293,0.658433876945224,2.7616929615919137,False,-0.6633101775893875,451
262.0,0.04186,4.349411808056104,0.9106483636098004,2.0098517429133542,1.62966942957137,0.2871965693981303,3.363078096962257,False,-0.6840549354755159,451
236.0,0.065116,4.349411808056104,0.9106483636098004,2.0098517429133542,1.62966942957137,0.2871965693981303,3.363078096962257,False,-0.6840549354755159,451
246.0,0.055814,4.349411808056104,0.9106483636098004,2.0098517429133542,1.62966942957137,0.2871965693981303,3.363078096962257,False,-0.6840549354755159,451
177.0,1.0,1.136951769255531,0.06527943326041849,0.6577006039978931,0.4413275851179971,0.32233093706255417,0.7464318899494986,False,0.5607239360900849,449
110.0,1.0,0.9328940733872192,0.014593295154181452,0.8408159942535341,0.36798985524806727,0.16627933507225673,0.006442116687603638,False,0.5568248882313684,449
71.0,1.0,1.3799761976920062,0.7532449339672139,0.05963055143468565,0.43570984609961416,0.8462614038113092,0.6537577069648761,False,0.5069032338074093,449
70.0,1.0,1.3799761976920062,0.7532449339672139,0.05963055143468565,0.43570984609961416,0.8462614038113092,0.6537577069648761,False,0.5069032338074093,449
111.0,1.0,0.9296545825207545,0.41357550103114626,0.7342755385605475,0.09270124101196714,0.3435205916696211,0.16568785179996515,False,0.5023983043375648,449
52.0,1.0,1.4629961183780176,0.28428970359015937,1.0063899813026473,0.8107671714964988,0.6216494528236434,0.054081085261430684,False,0.500991034261844,449
96.0,1.0,1.4629961183780176,0.28428970359015937,1.0063899813026473,0.8107671714964988,0.6216494528236434,0.054081085261430684,False,0.500991034261844,449
91.0,1.0,1.4629961183780176,0.28428970359015937,1.0063899813026473,0.8107671714964988,0.6216494528236434,0.054081085261430684,False,0.500991034261844,449
58.0,1.0,1.4629961183780176,0.28428970359015937,1.0063899813026473,0.8107671714964988,0.6216494528236434,0.054081085261430684,False,0.500991034261844,449
57.0,1.0,1.4629961183780176,0.28428970359015937,1.0063899813026473,0.8107671714964988,0.6216494528236434,0.054081085261430684,False,0.500991034261844,449
274.0,1.0,1.4629961183780176,0.28428970359015937,1.0063899813026473,0.8107671714964988,0.6216494528236434,0.054081085261430684,False,0.500991034261844,449
192.0,1.0,1.4629961183780176,0.28428970359015937,1.0063899813026473,0.8107671714964988,0.6216494528236434,0.054081085261430684,False,0.500991034261844,449
65.0,1.0,1.2476205094098916,0.6500777880802775,0.7096545568215961,0.6759412576777558,0.01164705544959721,0.4163099532746758,False,0.5003673205344555,449
64.0,1.0,1.2476205094098916,0.6500777880802775,0.7096545568215961,0.6759412576777558,0.01164705544959721,0.4163099532746758,False,0.5003673205344555,449
109.0,0.87907,1.3799761976920062,0.7532449339672139,0.05963055143468565,0.43570984609961416,0.8462614038113092,0.6537577069648761,False,0.46364960172998454,449
49.0,0.781395,1.4629961183780176,0.28428970359015937,1.0063899813026473,0.8107671714964988,0.6216494528236434,0.054081085261430684,False,0.45773740218441916,449
123.0,1.0,1.5356680331472403,1.0313113836719754,0.21500229724358833,0.031820723578247945,0.2636500501488099,1.0853217231431311,False,0.4333414114661648,449
107.0,1.0,1.5356680331472403,1.0313113836719754,0.21500229724358833,0.031820723578247945,0.2636500501488099,1.0853217231431311,False,0.4333414114661648,449
311.0,1.0,1.5356680331472403,1.0313113836719754,0.21500229724358833,0.031820723578247945,0.2636500501488099,1.0853217231431311,False,0.4333414114661648,449
298.0,1.0,1.5356680331472403,1.0313113836719754,0.21500229724358833,0.031820723578247945,0.2636500501488099,1.0853217231431311,False,0.4333414114661648,449
130.0,1.0,1.5356680331472403,1.0313113836719754,0.21500229724358833,0.031820723578247945,0.2636500501488099,1.0853217231431311,False,0.4333414114661648,449
36.0,0.87907,1.5356680331472403,1.0313113836719754,0.21500229724358833,0.031820723578247945,0.2636500501488099,1.0853217231431311,False,0.39008777938873995,449
310.0,0.772093,1.5356680331472403,1.0313113836719754,0.21500229724358833,0.031820723578247945,0.2636500501488099,1.0853217231431311,False,0.39008777938873995,449
312.0,0.8,1.5356680331472403,1.0313113836719754,0.21500229724358833,0.031820723578247945,0.2636500501488099,1.0853217231431311,False,0.39008777938873995,449
313.0,0.790698,1.5356680331472403,1.0313113836719754,0.21500229724358833,0.031820723578247945,0.2636500501488099,1.0853217231431311,False,0.39008777938873995,449
41.0,0.734884,1.5356680331472403,1.0313113836719754,0.21500229724358833,0.031820723578247945,0.2636500501488099,1.0853217231431311,False,0.3543554860218811,449
34.0,0.6930230000000001,1.5356680331472403,1.0313113836719754,0.21500229724358833,0.031820723578247945,0.2636500501488099,1.0853217231431311,False,0.3543554860218811,449
39.0,0.6976739999999999,1.5356680331472403,1.0313113836719754,0.21500229724358833,0.031820723578247945,0.2636500501488099,1.0853217231431311,False,0.3543554860218811,449
43.0,0.7209300000000001,1.5356680331472403,1.0313113836719754,0.21500229724358833,0.031820723578247945,0.2636500501488099,1.0853217231431311,False,0.3543554860218811,449
76.0,0.655814,1.5356680331472403,1.0313113836719754,0.21500229724358833,0.031820723578247945,0.2636500501488099,1.0853217231431311,False,0.3261812161442252,449
77.0,0.660465,1.5356680331472403,1.0313113836719754,0.21500229724358833,0.031820723578247945,0.2636500501488099,1.0853217231431311,False,0.3261812161442252,449
40.0,0.637209,1.5356680331472403,1.0313113836719754,0.21500229724358833,0.031820723578247945,0.2636500501488099,1.0853217231431311,False,0.29187753670377203,449
314.0,0.6,1.5356680331472403,1.0313113836719754,0.21500229724358833,0.031820723578247945,0.2636500501488099,1.0853217231431311,False,0.27436616519496604,449
117.0,1.0,1.5363351256428013,0.5854320593704073,0.5661737187760764,1.1612881682586331,0.4091756104118076,0.42547309247366916,False,0.24884732880195634,449
295.0,0.38604700000000003,0.9328940733872192,0.014593295154181452,0.8408159942535341,0.36798985524806727,0.16627933507225673,0.006442116687603638,False,0.14349953756848985,449
81.0,0.35814,0.9328940733872192,0.014593295154181452,0.8408159942535341,0.36798985524806727,0.16627933507225673,0.006442116687603638,False,0.12980744937733357,449
142.0,0.390698,1.4629961183780176,0.28428970359015937,1.0063899813026473,0.8107671714964988,0.6216494528236434,0.054081085261430684,False,0.09501880051363937,449
60.0,0.367442,1.4629961183780176,0.28428970359015937,1.0063899813026473,0.8107671714964988,0.6216494528236434,0.054081085261430684,False,0.09373382573102357,449
61.0,0.35814,1.4629961183780176,0.28428970359015937,1.0063899813026473,0.8107671714964988,0.6216494528236434,0.054081085261430684,False,0.08132671232248312,449
66.0,0.34883699999999995,1.3799761976920062,0.7532449339672139,0.05963055143468565,0.43570984609961416,0.8462614038113092,0.6537577069648761,False,0.0682037881732565,449
74.0,0.35814,1.2476205094098916,0.6500777880802775,0.7096545568215961,0.6759412576777558,0.01164705544959721,0.4163099532746758,False,0.061667874900302774,449
75.0,0.395349,1.2476205094098916,0.6500777880802775,0.7096545568215961,0.6759412576777558,0.01164705544959721,0.4163099532746758,False,0.046980389216083746,449
132.0,0.5023259999999999,1.5356680331472403,1.0313113836719754,0.21500229724358833,0.031820723578247945,0.2636500501488099,1.0853217231431311,False,-0.04927310104708088,449
102.0,0.432558,1.5356680331472403,1.0313113836719754,0.21500229724358833,0.031820723578247945,0.2636500501488099,1.0853217231431311,False,-0.0736413059620938,449
131.0,0.339535,1.5356680331472403,1.0313113836719754,0.21500229724358833,0.031820723578247945,0.2636500501488099,1.0853217231431311,False,-0.12324958918213111,449
124.0,0.311628,1.5356680331472403,1.0313113836719754,0.21500229724358833,0.031820723578247945,0.2636500501488099,1.0853217231431311,False,-0.1281468566916682,449
97.0,0.237209,1.5401582072782256,1.1002031648029555,0.1548891118279705,0.27281639235556393,0.5126577171932287,0.8946524150224509,False,-0.15215170008471837,449
108.0,0.227907,1.5401582072782256,1.1002031648029555,0.1548891118279705,0.27281639235556393,0.5126577171932287,0.8946524150224509,False,-0.15215170008471837,449
53.0,0.237209,1.5401582072782256,1.1002031648029555,0.1548891118279705,0.27281639235556393,0.5126577171932287,0.8946524150224509,False,-0.15215170008471837,449
171.0,0.139535,1.136951769255531,0.06527943326041849,0.6577006039978931,0.4413275851179971,0.32233093706255417,0.7464318899494986,False,-0.15701102428712727,449
136.0,0.339535,1.4629961183780176,0.28428970359015937,1.0063899813026473,0.8107671714964988,0.6216494528236434,0.054081085261430684,False,-0.16964653344633215,449
101.0,0.24186,1.5356680331472403,1.0313113836719754,0.21500229724358833,0.031820723578247945,0.2636500501488099,1.0853217231431311,False,-0.17429988672963562,449
50.0,0.325581,1.4629961183780176,0.28428970359015937,1.0063899813026473,0.8107671714964988,0.6216494528236434,0.054081085261430684,False,-0.17454380095586927,449
68.0,0.306977,1.2476205094098916,0.6500777880802775,0.7096545568215961,0.6759412576777558,0.01164705544959721,0.4163099532746758,False,-0.17802592895014718,449
67.0,0.32093000000000005,1.2476205094098916,0.6500777880802775,0.7096545568215961,0.6759412576777558,0.01164705544959721,0.4163099532746758,False,-0.17802592895014718,449
293.0,0.18604700000000002,1.5356680331472403,1.0313113836719754,0.21500229724358833,0.031820723578247945,0.2636500501488099,1.0853217231431311,False,-0.20709155918304242,449
285.0,0.26976700000000003,1.4629961183780176,0.28428970359015937,1.0063899813026473,0.8107671714964988,0.6216494528236434,0.054081085261430684,False,-0.25067788838342614,449
95.0,0.172093,1.4629961183780176,0.28428970359015937,1.0063899813026473,0.8107671714964988,0.6216494528236434,0.054081085261430684,False,-0.3081287843950377,449
63.0,0.15814,1.4629961183780176,0.28428970359015937,1.0063899813026473,0.8107671714964988,0.6216494528236434,0.054081085261430684,False,-0.3307437822012023,449
100.0,0.15814,1.4629961183780176,0.28428970359015937,1.0063899813026473,0.8107671714964988,0.6216494528236434,0.054081085261430684,False,-0.3307437822012023,449
237.0,0.09302300000000001,1.4629961183780176,0.28428970359015937,1.0063899813026473,0.8107671714964988,0.6216494528236434,0.054081085261430684,False,-0.3307437822012023,449
262.0,0.04186,1.4629961183780176,0.28428970359015937,1.0063899813026473,0.8107671714964988,0.6216494528236434,0.054081085261430684,False,-0.3699324620353382,449
246.0,0.055814,1.4629961183780176,0.28428970359015937,1.0063899813026473,0.8107671714964988,0.6216494528236434,0.054081085261430684,False,-0.3699324620353382,449
236.0,0.065116,1.4629961183780176,0.28428970359015937,1.0063899813026473,0.8107671714964988,0.6216494528236434,0.054081085261430684,False,-0.3699324620353382,449
89.0,0.18139500000000003,1.5363351256428013,0.5854320593704073,0.5661737187760764,1.1612881682586331,0.4091756104118076,0.42547309247366916,False,-0.5580245731414585,449
123.0,1.0,2.1416932301721503,1.671213005985988,0.7860562429427015,0.1429144077841,0.6886837618413142,0.8254106323177077,False,0.5602603504657064,3
46.0,1.0,2.1416932301721503,1.671213005985988,0.7860562429427015,0.1429144077841,0.6886837618413142,0.8254106323177077,False,0.5602603504657064,3
193.0,1.0,2.1416932301721503,1.671213005985988,0.7860562429427015,0.1429144077841,0.6886837618413142,0.8254106323177077,False,0.5602603504657064,3
168.0,1.0,2.1416932301721503,1.671213005985988,0.7860562429427015,0.1429144077841,0.6886837618413142,0.8254106323177077,False,0.5602603504657064,3
41.0,1.0,2.1416932301721503,1.671213005985988,0.7860562429427015,0.1429144077841,0.6886837618413142,0.8254106323177077,False,0.5602603504657064,3
45.0,1.0,2.1416932301721503,1.671213005985988,0.7860562429427015,0.1429144077841,0.6886837618413142,0.8254106323177077,False,0.5602603504657064,3
44.0,1.0,2.1416932301721503,1.671213005985988,0.7860562429427015,0.1429144077841,0.6886837618413142,0.8254106323177077,False,0.5602603504657064,3
38.0,1.0,2.1416932301721503,1.671213005985988,0.7860562429427015,0.1429144077841,0.6886837618413142,0.8254106323177077,False,0.5602603504657064,3
25.0,1.0,2.1416932301721503,1.671213005985988,0.7860562429427015,0.1429144077841,0.6886837618413142,0.8254106323177077,False,0.5602603504657064,3
24.0,1.0,2.1416932301721503,1.671213005985988,0.7860562429427015,0.1429144077841,0.6886837618413142,0.8254106323177077,False,0.5602603504657064,3
29.0,1.0,2.1416932301721503,1.671213005985988,0.7860562429427015,0.1429144077841,0.6886837618413142,0.8254106323177077,False,0.5602603504657064,3
23.0,1.0,2.1416932301721503,1.671213005985988,0.7860562429427015,0.1429144077841,0.6886837618413142,0.8254106323177077,False,0.5602603504657064,3
18.0,1.0,2.1416932301721503,1.671213005985988,0.7860562429427015,0.1429144077841,0.6886837618413142,0.8254106323177077,False,0.5602603504657064,3
14.0,1.0,2.1416932301721503,1.671213005985988,0.7860562429427015,0.1429144077841,0.6886837618413142,0.8254106323177077,False,0.5602603504657064,3
19.0,1.0,2.1416932301721503,1.671213005985988,0.7860562429427015,0.1429144077841,0.6886837618413142,0.8254106323177077,False,0.5602603504657064,3
21.0,1.0,2.1416932301721503,1.671213005985988,0.7860562429427015,0.1429144077841,0.6886837618413142,0.8254106323177077,False,0.5602603504657064,3
22.0,1.0,2.1416932301721503,1.671213005985988,0.7860562429427015,0.1429144077841,0.6886837618413142,0.8254106323177077,False,0.5602603504657064,3
2.0,1.0,2.1416932301721503,1.671213005985988,0.7860562429427015,0.1429144077841,0.6886837618413142,0.8254106323177077,False,0.5602603504657064,3
13.0,1.0,2.1416932301721503,1.671213005985988,0.7860562429427015,0.1429144077841,0.6886837618413142,0.8254106323177077,False,0.5602603504657064,3
1.0,1.0,3.2328464106950023,3.0842898687692615,0.2133324474842786,0.49371599422747636,0.7813807634084587,0.19654466927497527,False,0.5591710951535337,3
174.0,1.0,1.4856983541687239,0.02077971760771291,1.1423401007760667,0.9141907785440384,0.09116304874896469,0.24056478554136493,False,0.5468428850155119,3
156.0,1.0,1.4856983541687239,0.02077971760771291,1.1423401007760667,0.9141907785440384,0.09116304874896469,0.24056478554136493,False,0.5468428850155119,3
189.0,1.0,1.4856983541687239,0.02077971760771291,1.1423401007760667,0.9141907785440384,0.09116304874896469,0.24056478554136493,False,0.5468428850155119,3
143.0,1.0,1.4856983541687239,0.02077971760771291,1.1423401007760667,0.9141907785440384,0.09116304874896469,0.24056478554136493,False,0.5468428850155119,3
178.0,1.0,1.4856983541687239,0.02077971760771291,1.1423401007760667,0.9141907785440384,0.09116304874896469,0.24056478554136493,False,0.5468428850155119,3
136.0,1.0,1.4856983541687239,0.02077971760771291,1.1423401007760667,0.9141907785440384,0.09116304874896469,0.24056478554136493,False,0.5468428850155119,3
134.0,1.0,1.4856983541687239,0.02077971760771291,1.1423401007760667,0.9141907785440384,0.09116304874896469,0.24056478554136493,False,0.5468428850155119,3
171.0,1.0,2.5616316318754624,2.023370253724653,1.0127739505726914,0.9697749889736338,0.7012706164749868,0.0998716778598519,False,0.5464583698244913,3
274.0,1.0,2.5616316318754624,2.023370253724653,1.0127739505726914,0.9697749889736338,0.7012706164749868,0.0998716778598519,False,0.5464583698244913,3
116.0,1.0,2.5616316318754624,2.023370253724653,1.0127739505726914,0.9697749889736338,0.7012706164749868,0.0998716778598519,False,0.5464583698244913,3
124.0,1.0,2.770381193703237,2.6950179657109095,0.08787937152363745,0.24799010947482855,0.16994905660145448,0.5601656565191704,False,0.5308664906516907,3
10.0,0.967442,2.1416932301721503,1.671213005985988,0.7860562429427015,0.1429144077841,0.6886837618413142,0.8254106323177077,False,0.5170067183882818,3
314.0,0.8046510000000001,2.1416932301721503,1.671213005985988,0.7860562429427015,0.1429144077841,0.6886837618413142,0.8254106323177077,False,0.5170067183882818,3
34.0,0.7860469999999999,2.1416932301721503,1.671213005985988,0.7860562429427015,0.1429144077841,0.6886837618413142,0.8254106323177077,False,0.5170067183882818,3
6.0,0.809302,3.2328464106950023,3.0842898687692615,0.2133324474842786,0.49371599422747636,0.7813807634084587,0.19654466927497527,False,0.515917463076109,3
69.0,1.0,0.90085796062427,0.34914815230855023,0.5279353173931964,0.17191623865447947,0.6165049449503885,0.03593596175426045,False,0.5023983043375648,3
88.0,1.0,2.644779002762438,2.204108122195266,0.031300677910218955,1.2539746094904354,0.43151342531348774,0.6141070502899518,False,0.47369709867908405,3
311.0,0.734884,2.1416932301721503,1.671213005985988,0.7860562429427015,0.1429144077841,0.6886837618413142,0.8254106323177077,False,0.4648815410602766,3
105.0,1.0,2.8996275052944056,2.3691739474907414,0.9224660173578257,0.34561102051132797,0.21207108336756314,1.3339751875171488,False,0.460853035533401,3
312.0,0.67907,2.1416932301721503,1.671213005985988,0.7860562429427015,0.1429144077841,0.6886837618413142,0.8254106323177077,False,0.43221126611947874,3
313.0,0.6697669999999999,2.1416932301721503,1.671213005985988,0.7860562429427015,0.1429144077841,0.6886837618413142,0.8254106323177077,False,0.43221126611947874,3
310.0,0.665116,2.1416932301721503,1.671213005985988,0.7860562429427015,0.1429144077841,0.6886837618413142,0.8254106323177077,False,0.43221126611947874,3
39.0,0.646512,2.1416932301721503,1.671213005985988,0.7860562429427015,0.1429144077841,0.6886837618413142,0.8254106323177077,False,0.43221126611947874,3
7.0,0.660465,3.2328464106950023,3.0842898687692615,0.2133324474842786,0.49371599422747636,0.7813807634084587,0.19654466927497527,False,0.4311220108073057,3
57.0,1.0,1.7208903142394998,0.2319992590989255,1.4314530550153053,0.19686503395492014,0.1947052511134192,0.8842601383659741,False,0.42518307457877835,3
56.0,1.0,1.7208903142394998,0.2319992590989255,1.4314530550153053,0.19686503395492014,0.1947052511134192,0.8842601383659741,False,0.42518307457877835,3
59.0,1.0,1.7208903142394998,0.2319992590989255,1.4314530550153053,0.19686503395492014,0.1947052511134192,0.8842601383659741,False,0.42518307457877835,3
64.0,1.0,1.7208903142394998,0.2319992590989255,1.4314530550153053,0.19686503395492014,0.1947052511134192,0.8842601383659741,False,0.42518307457877835,3
79.0,1.0,1.7208903142394998,0.2319992590989255,1.4314530550153053,0.19686503395492014,0.1947052511134192,0.8842601383659741,False,0.42518307457877835,3
65.0,1.0,1.7208903142394998,0.2319992590989255,1.4314530550153053,0.19686503395492014,0.1947052511134192,0.8842601383659741,False,0.42518307457877835,3
73.0,1.0,1.7208903142394998,0.2319992590989255,1.4314530550153053,0.19686503395492014,0.1947052511134192,0.8842601383659741,False,0.42518307457877835,3
288.0,1.0,1.7208903142394998,0.2319992590989255,1.4314530550153053,0.19686503395492014,0.1947052511134192,0.8842601383659741,False,0.42518307457877835,3
141.0,1.0,1.7208903142394998,0.2319992590989255,1.4314530550153053,0.19686503395492014,0.1947052511134192,0.8842601383659741,False,0.42518307457877835,3
289.0,1.0,1.7208903142394998,0.2319992590989255,1.4314530550153053,0.19686503395492014,0.1947052511134192,0.8842601383659741,False,0.42518307457877835,3
103.0,1.0,1.7208903142394998,0.2319992590989255,1.4314530550153053,0.19686503395492014,0.1947052511134192,0.8842601383659741,False,0.42518307457877835,3
76.0,1.0,1.7208903142394998,0.2319992590989255,1.4314530550153053,0.19686503395492014,0.1947052511134192,0.8842601383659741,False,0.42518307457877835,3
84.0,1.0,1.7208903142394998,0.2319992590989255,1.4314530550153053,0.19686503395492014,0.1947052511134192,0.8842601383659741,False,0.42518307457877835,3
78.0,1.0,1.7208903142394998,0.2319992590989255,1.4314530550153053,0.19686503395492014,0.1947052511134192,0.8842601383659741,False,0.42518307457877835,3
60.0,1.0,1.7208903142394998,0.2319992590989255,1.4314530550153053,0.19686503395492014,0.1947052511134192,0.8842601383659741,False,0.42518307457877835,3
61.0,1.0,1.7208903142394998,0.2319992590989255,1.4314530550153053,0.19686503395492014,0.1947052511134192,0.8842601383659741,False,0.42518307457877835,3
62.0,1.0,1.7208903142394998,0.2319992590989255,1.4314530550153053,0.19686503395492014,0.1947052511134192,0.8842601383659741,False,0.42518307457877835,3
55.0,1.0,1.7208903142394998,0.2319992590989255,1.4314530550153053,0.19686503395492014,0.1947052511134192,0.8842601383659741,False,0.42518307457877835,3
70.0,1.0,1.7208903142394998,0.2319992590989255,1.4314530550153053,0.19686503395492014,0.1947052511134192,0.8842601383659741,False,0.42518307457877835,3
106.0,1.0,1.823914760047799,0.4574600539373632,0.7815267308393495,0.09565463242146562,0.6900772669546762,1.421708435961496,False,0.39891389732478494,3
8.0,0.6418600000000001,3.2328464106950023,3.0842898687692615,0.2133324474842786,0.49371599422747636,0.7813807634084587,0.19654466927497527,False,0.39681833136685274,3
109.0,0.87907,1.7208903142394998,0.2319992590989255,1.4314530550153053,0.19686503395492014,0.1947052511134192,0.8842601383659741,False,0.38636078315372135,3
43.0,0.562791,2.1416932301721503,1.671213005985988,0.7860562429427015,0.1429144077841,0.6886837618413142,0.8254106323177077,False,0.3751369280944022,3
40.0,0.581395,2.1416932301721503,1.671213005985988,0.7860562429427015,0.1429144077841,0.6886837618413142,0.8254106323177077,False,0.3668177505041766,3
35.0,0.581395,2.1416932301721503,1.671213005985988,0.7860562429427015,0.1429144077841,0.6886837618413142,0.8254106323177077,False,0.3668177505041766,3
309.0,0.613953,2.1416932301721503,1.671213005985988,0.7860562429427015,0.1429144077841,0.6886837618413142,0.8254106323177077,False,0.3668177505041766,3
169.0,0.553488,1.4856983541687239,0.02077971760771291,1.1423401007760667,0.9141907785440384,0.09116304874896469,0.24056478554136493,False,0.3662305963159436,3
77.0,0.702326,1.7208903142394998,0.2319992590989255,1.4314530550153053,0.19686503395492014,0.1947052511134192,0.8842601383659741,False,0.35062848978686256,3
71.0,0.744186,1.7208903142394998,0.2319992590989255,1.4314530550153053,0.19686503395492014,0.1947052511134192,0.8842601383659741,False,0.35062848978686256,3
298.0,0.544186,2.1416932301721503,1.671213005985988,0.7860562429427015,0.1429144077841,0.6886837618413142,0.8254106323177077,False,0.3326831690190827,3
107.0,0.655814,1.7208903142394998,0.2319992590989255,1.4314530550153053,0.19686503395492014,0.1947052511134192,0.8842601383659741,False,0.3179582148460646,3
96.0,0.67907,1.7208903142394998,0.2319992590989255,1.4314530550153053,0.19686503395492014,0.1947052511134192,0.8842601383659741,False,0.3179582148460646,3
87.0,0.637209,2.644779002762438,2.204108122195266,0.031300677910218955,1.2539746094904354,0.43151342531348774,0.6141070502899518,False,0.3113443348924031,3
15.0,0.539535,2.1416932301721503,1.671213005985988,0.7860562429427015,0.1429144077841,0.6886837618413142,0.8254106323177077,False,0.2688106431588931,3
12.0,0.539535,3.2328464106950023,3.0842898687692615,0.2133324474842786,0.49371599422747636,0.7813807634084587,0.19654466927497527,False,0.26772138784672017,3
83.0,0.530233,1.7208903142394998,0.2319992590989255,1.4314530550153053,0.19686503395492014,0.1947052511134192,0.8842601383659741,False,0.13551779459581523,3
224.0,0.395349,2.1416932301721503,1.671213005985988,0.7860562429427015,0.1429144077841,0.6886837618413142,0.8254106323177077,False,0.13254650233681023,3
36.0,0.5255810000000001,2.1416932301721503,1.671213005985988,0.7860562429427015,0.1429144077841,0.6886837618413142,0.8254106323177077,False,0.12914661777142453,3
16.0,0.483721,2.1416932301721503,1.671213005985988,0.7860562429427015,0.1429144077841,0.6886837618413142,0.8254106323177077,False,0.06243512669802697,3
135.0,0.483721,2.1416932301721503,1.671213005985988,0.7860562429427015,0.1429144077841,0.6886837618413142,0.8254106323177077,False,0.06243512669802697,3
28.0,0.46511600000000003,2.1416932301721503,1.671213005985988,0.7860562429427015,0.1429144077841,0.6886837618413142,0.8254106323177077,False,0.06243512669802697,3
11.0,0.469767,2.1416932301721503,1.671213005985988,0.7860562429427015,0.1429144077841,0.6886837618413142,0.8254106323177077,False,0.06243512669802697,3
9.0,0.469767,2.1416932301721503,1.671213005985988,0.7860562429427015,0.1429144077841,0.6886837618413142,0.8254106323177077,False,0.06243512669802697,3
125.0,0.372093,1.823914760047799,0.4574600539373632,0.7815267308393495,0.09565463242146562,0.6900772669546762,1.421708435961496,False,0.05497959136474272,3
53.0,0.367442,1.7208903142394998,0.2319992590989255,1.4314530550153053,0.19686503395492014,0.1947052511134192,0.8842601383659741,False,0.054817821146809075,3
50.0,0.372093,1.7208903142394998,0.2319992590989255,1.4314530550153053,0.19686503395492014,0.1947052511134192,0.8842601383659741,False,0.054817821146809075,3
91.0,0.367442,1.7208903142394998,0.2319992590989255,1.4314530550153053,0.19686503395492014,0.1947052511134192,0.8842601383659741,False,0.054817821146809075,3
74.0,0.35814,1.7208903142394998,0.2319992590989255,1.4314530550153053,0.19686503395492014,0.1947052511134192,0.8842601383659741,False,0.04241070773826864,3
75.0,0.395349,1.7208903142394998,0.2319992590989255,1.4314530550153053,0.19686503395492014,0.1947052511134192,0.8842601383659741,False,0.027723222054049614,3
119.0,0.483721,2.8996275052944056,2.3691739474907414,0.9224660173578257,0.34561102051132797,0.21207108336756314,1.3339751875171488,False,0.008776529909418945,3
118.0,0.48837200000000003,2.8996275052944056,2.3691739474907414,0.9224660173578257,0.34561102051132797,0.21207108336756314,1.3339751875171488,False,0.008776529909418945,3
90.0,0.5023259999999999,2.644779002762438,2.204108122195266,0.031300677910218955,1.2539746094904354,0.43151342531348774,0.6141070502899518,False,-0.011779504639337076,3
86.0,0.5162789999999999,2.644779002762438,2.204108122195266,0.031300677910218955,1.2539746094904354,0.43151342531348774,0.6141070502899518,False,-0.011779504639337076,3
82.0,0.497674,1.7208903142394998,0.2319992590989255,1.4314530550153053,0.19686503395492014,0.1947052511134192,0.8842601383659741,False,-0.018019948669720735,3
192.0,0.339535,1.4856983541687239,0.02077971760771291,1.1423401007760667,0.9141907785440384,0.09116304874896469,0.24056478554136493,False,-0.0314862901900607,3
102.0,0.474419,1.7208903142394998,0.2319992590989255,1.4314530550153053,0.19686503395492014,0.1947052511134192,0.8842601383659741,False,-0.04238815358473363,3
85.0,0.49302300000000004,1.7208903142394998,0.2319992590989255,1.4314530550153053,0.19686503395492014,0.1947052511134192,0.8842601383659741,False,-0.04238815358473363,3
196.0,0.265116,1.4856983541687239,0.02077971760771291,1.1423401007760667,0.9141907785440384,0.09116304874896469,0.24056478554136493,False,-0.11251764512715456,3
66.0,0.288372,2.770381193703237,2.6950179657109095,0.08787937152363745,0.24799010947482855,0.16994905660145448,0.5601656565191704,False,-0.1147537890567018,3
101.0,0.265116,2.770381193703237,2.6950179657109095,0.08787937152363745,0.24799010947482855,0.16994905660145448,0.5601656565191704,True,-0.13075716490379236,3
30.0,0.293023,0.90085796062427,0.34914815230855023,0.5279353173931964,0.17191623865447947,0.6165049449503885,0.03593596175426045,False,-0.1334578547415949,3
20.0,0.293023,0.90085796062427,0.34914815230855023,0.5279353173931964,0.17191623865447947,0.6165049449503885,0.03593596175426045,False,-0.1334578547415949,3
27.0,0.30232600000000004,0.90085796062427,0.34914815230855023,0.5279353173931964,0.17191623865447947,0.6165049449503885,0.03593596175426045,False,-0.1334578547415949,3
104.0,0.306977,1.7208903142394998,0.2319992590989255,1.4314530550153053,0.19686503395492014,0.1947052511134192,0.8842601383659741,False,-0.1385692962788357,3
121.0,0.306977,1.7208903142394998,0.2319992590989255,1.4314530550153053,0.19686503395492014,0.1947052511134192,0.8842601383659741,False,-0.1385692962788357,3
120.0,0.297674,1.7208903142394998,0.2319992590989255,1.4314530550153053,0.19686503395492014,0.1947052511134192,0.8842601383659741,False,-0.1385692962788357,3
67.0,0.32093000000000005,1.7208903142394998,0.2319992590989255,1.4314530550153053,0.19686503395492014,0.1947052511134192,0.8842601383659741,False,-0.1385692962788357,3
68.0,0.306977,1.7208903142394998,0.2319992590989255,1.4314530550153053,0.19686503395492014,0.1947052511134192,0.8842601383659741,False,-0.1385692962788357,3
58.0,0.265116,1.7208903142394998,0.2319992590989255,1.4314530550153053,0.19686503395492014,0.1947052511134192,0.8842601383659741,False,-0.1600631027585983,3
122.0,0.274419,1.7208903142394998,0.2319992590989255,1.4314530550153053,0.19686503395492014,0.1947052511134192,0.8842601383659741,False,-0.1600631027585983,3
296.0,0.2,2.1416932301721503,1.671213005985988,0.7860562429427015,0.1429144077841,0.6886837618413142,0.8254106323177077,False,-0.1697962016719173,3
31.0,0.16744199999999998,2.1416932301721503,1.671213005985988,0.7860562429427015,0.1429144077841,0.6886837618413142,0.8254106323177077,False,-0.1697962016719173,3
117.0,0.23255800000000001,1.7208903142394998,0.2319992590989255,1.4314530550153053,0.19686503395492014,0.1947052511134192,0.8842601383659741,False,-0.18472232631680313,3
52.0,0.237209,1.7208903142394998,0.2319992590989255,1.4314530550153053,0.19686503395492014,0.1947052511134192,0.8842601383659741,False,-0.18472232631680313,3
142.0,0.255814,1.7208903142394998,0.2319992590989255,1.4314530550153053,0.19686503395492014,0.1947052511134192,0.8842601383659741,False,-0.18472232631680313,3
49.0,0.227907,1.7208903142394998,0.2319992590989255,1.4314530550153053,0.19686503395492014,0.1947052511134192,0.8842601383659741,False,-0.18472232631680313,3
108.0,0.237209,1.7208903142394998,0.2319992590989255,1.4314530550153053,0.19686503395492014,0.1947052511134192,0.8842601383659741,False,-0.18472232631680313,3
81.0,0.25116299999999997,1.7208903142394998,0.2319992590989255,1.4314530550153053,0.19686503395492014,0.1947052511134192,0.8842601383659741,False,-0.18472232631680313,3
129.0,0.148837,2.1416932301721503,1.671213005985988,0.7860562429427015,0.1429144077841,0.6886837618413142,0.8254106323177077,False,-0.19241119947808197,3
128.0,0.139535,2.1416932301721503,1.671213005985988,0.7860562429427015,0.1429144077841,0.6886837618413142,0.8254106323177077,False,-0.19241119947808197,3
293.0,0.134884,2.1416932301721503,1.671213005985988,0.7860562429427015,0.1429144077841,0.6886837618413142,0.8254106323177077,False,-0.19241119947808197,3
242.0,0.125581,1.4856983541687239,0.02077971760771291,1.1423401007760667,0.9141907785440384,0.09116304874896469,0.24056478554136493,False,-0.1925835389449308,3
236.0,0.08372099999999999,1.4856983541687239,0.02077971760771291,1.1423401007760667,0.9141907785440384,0.09116304874896469,0.24056478554136493,False,-0.1925835389449308,3
182.0,0.13023300000000002,1.4856983541687239,0.02077971760771291,1.1423401007760667,0.9141907785440384,0.09116304874896469,0.24056478554136493,False,-0.1925835389449308,3
290.0,0.09302300000000001,1.4856983541687239,0.02077971760771291,1.1423401007760667,0.9141907785440384,0.09116304874896469,0.24056478554136493,False,-0.1925835389449308,3
26.0,0.08372099999999999,1.4856983541687239,0.02077971760771291,1.1423401007760667,0.9141907785440384,0.09116304874896469,0.24056478554136493,False,-0.1925835389449308,3
190.0,0.17674399999999998,1.7208903142394998,0.2319992590989255,1.4314530550153053,0.19686503395492014,0.1947052511134192,0.8842601383659741,False,-0.21751399877020994,3
95.0,0.2,1.7208903142394998,0.2319992590989255,1.4314530550153053,0.19686503395492014,0.1947052511134192,0.8842601383659741,False,-0.21751399877020994,3
51.0,0.18139500000000003,1.7208903142394998,0.2319992590989255,1.4314530550153053,0.19686503395492014,0.1947052511134192,0.8842601383659741,False,-0.21751399877020994,3
97.0,0.18604700000000002,1.7208903142394998,0.2319992590989255,1.4314530550153053,0.19686503395492014,0.1947052511134192,0.8842601383659741,False,-0.21751399877020994,3
295.0,0.223256,1.7208903142394998,0.2319992590989255,1.4314530550153053,0.19686503395492014,0.1947052511134192,0.8842601383659741,False,-0.21751399877020994,3
17.0,0.08837199999999999,1.823914760047799,0.4574600539373632,0.7815267308393495,0.09565463242146562,0.6900772669546762,1.421708435961496,False,-0.22129321943019697,3
37.0,0.08837199999999999,1.823914760047799,0.4574600539373632,0.7815267308393495,0.09565463242146562,0.6900772669546762,1.421708435961496,False,-0.22129321943019697,3
248.0,0.037209,2.1416932301721503,1.671213005985988,0.7860562429427015,0.1429144077841,0.6886837618413142,0.8254106323177077,False,-0.23159987931221784,3
185.0,0.046512000000000005,2.1416932301721503,1.671213005985988,0.7860562429427015,0.1429144077841,0.6886837618413142,0.8254106323177077,False,-0.23159987931221784,3
160.0,0.037209,1.4856983541687239,0.02077971760771291,1.1423401007760667,0.9141907785440384,0.09116304874896469,0.24056478554136493,False,-0.2317722187790667,3
161.0,0.032558,1.4856983541687239,0.02077971760771291,1.1423401007760667,0.9141907785440384,0.09116304874896469,0.24056478554136493,False,-0.2317722187790667,3
219.0,0.051163,1.4856983541687239,0.02077971760771291,1.1423401007760667,0.9141907785440384,0.09116304874896469,0.24056478554136493,False,-0.2317722187790667,3
217.0,0.032558,1.4856983541687239,0.02077971760771291,1.1423401007760667,0.9141907785440384,0.09116304874896469,0.24056478554136493,False,-0.2317722187790667,3
237.0,0.074419,1.4856983541687239,0.02077971760771291,1.1423401007760667,0.9141907785440384,0.09116304874896469,0.24056478554136493,False,-0.2317722187790667,3
249.0,0.074419,1.4856983541687239,0.02077971760771291,1.1423401007760667,0.9141907785440384,0.09116304874896469,0.24056478554136493,False,-0.2317722187790667,3
294.0,0.04186,1.4856983541687239,0.02077971760771291,1.1423401007760667,0.9141907785440384,0.09116304874896469,0.24056478554136493,False,-0.2317722187790667,3
305.0,0.12093,1.7208903142394998,0.2319992590989255,1.4314530550153053,0.19686503395492014,0.1947052511134192,0.8842601383659741,False,-0.2401289965763746,3
308.0,0.125581,1.7208903142394998,0.2319992590989255,1.4314530550153053,0.19686503395492014,0.1947052511134192,0.8842601383659741,False,-0.2401289965763746,3
302.0,0.11627900000000001,1.7208903142394998,0.2319992590989255,1.4314530550153053,0.19686503395492014,0.1947052511134192,0.8842601383659741,False,-0.2401289965763746,3
47.0,0.134884,1.7208903142394998,0.2319992590989255,1.4314530550153053,0.19686503395492014,0.1947052511134192,0.8842601383659741,False,-0.2401289965763746,3
307.0,0.11627900000000001,1.7208903142394998,0.2319992590989255,1.4314530550153053,0.19686503395492014,0.1947052511134192,0.8842601383659741,False,-0.2401289965763746,3
300.0,0.11627900000000001,1.7208903142394998,0.2319992590989255,1.4314530550153053,0.19686503395492014,0.1947052511134192,0.8842601383659741,False,-0.2401289965763746,3
98.0,0.144186,1.7208903142394998,0.2319992590989255,1.4314530550153053,0.19686503395492014,0.1947052511134192,0.8842601383659741,False,-0.2401289965763746,3
301.0,0.13023300000000002,1.7208903142394998,0.2319992590989255,1.4314530550153053,0.19686503395492014,0.1947052511134192,0.8842601383659741,False,-0.2401289965763746,3
306.0,0.134884,1.7208903142394998,0.2319992590989255,1.4314530550153053,0.19686503395492014,0.1947052511134192,0.8842601383659741,False,-0.2401289965763746,3
304.0,0.11627900000000001,1.7208903142394998,0.2319992590989255,1.4314530550153053,0.19686503395492014,0.1947052511134192,0.8842601383659741,False,-0.2401289965763746,3
285.0,0.26976700000000003,2.5616316318754624,2.023370253724653,1.0127739505726914,0.9697749889736338,0.7012706164749868,0.0998716778598519,False,-0.24866253728152585,3
232.0,0.037209,1.7208903142394998,0.2319992590989255,1.4314530550153053,0.19686503395492014,0.1947052511134192,0.8842601383659741,False,-0.27931767641051064,3
280.0,0.046512000000000005,1.7208903142394998,0.2319992590989255,1.4314530550153053,0.19686503395492014,0.1947052511134192,0.8842601383659741,False,-0.27931767641051064,3
284.0,0.046512000000000005,1.7208903142394998,0.2319992590989255,1.4314530550153053,0.19686503395492014,0.1947052511134192,0.8842601383659741,False,-0.27931767641051064,3
208.0,0.055814,1.7208903142394998,0.2319992590989255,1.4314530550153053,0.19686503395492014,0.1947052511134192,0.8842601383659741,False,-0.27931767641051064,3
100.0,0.15814,2.5616316318754624,2.023370253724653,1.0127739505726914,0.9697749889736338,0.7012706164749868,0.0998716778598519,False,-0.328728431099302,3
177.0,0.139535,2.5616316318754624,2.023370253724653,1.0127739505726914,0.9697749889736338,0.7012706164749868,0.0998716778598519,False,-0.328728431099302,3
80.0,0.11627900000000001,2.5616316318754624,2.023370253724653,1.0127739505726914,0.9697749889736338,0.7012706164749868,0.0998716778598519,False,-0.328728431099302,3
127.0,0.10697699999999999,2.5616316318754624,2.023370253724653,1.0127739505726914,0.9697749889736338,0.7012706164749868,0.0998716778598519,False,-0.328728431099302,3
262.0,0.04186,2.5616316318754624,2.023370253724653,1.0127739505726914,0.9697749889736338,0.7012706164749868,0.0998716778598519,False,-0.3679171109334379,3
115.0,0.04186,2.5616316318754624,2.023370253724653,1.0127739505726914,0.9697749889736338,0.7012706164749868,0.0998716778598519,False,-0.3679171109334379,3
114.0,0.037209,2.5616316318754624,2.023370253724653,1.0127739505726914,0.9697749889736338,0.7012706164749868,0.0998716778598519,False,-0.3679171109334379,3
246.0,0.055814,2.5616316318754624,2.023370253724653,1.0127739505726914,0.9697749889736338,0.7012706164749868,0.0998716778598519,False,-0.3679171109334379,3
92.0,0.060465,2.644779002762438,2.204108122195266,0.031300677910218955,1.2539746094904354,0.43151342531348774,0.6141070502899518,False,-0.40289858694472896,3
123.0,1.0,12.017721796674275,9.269111130233712,6.12793567757724,3.5133284494636223,2.84355346666378,0.7268749944298827,False,0.15657803758007208,70
130.0,1.0,12.017721796674275,9.269111130233712,6.12793567757724,3.5133284494636223,2.84355346666378,0.7268749944298827,False,0.15657803758007208,70
95.0,1.0,13.709844968559022,6.448142237040551,10.890742085019644,4.541975753764717,2.4980680393531998,0.950347259360636,False,0.15657803758007208,70
202.0,1.0,12.017721796674275,9.269111130233712,6.12793567757724,3.5133284494636223,2.84355346666378,0.7268749944298827,False,0.15657803758007208,70
96.0,1.0,14.697690027237403,8.908265321163874,9.151381998887041,5.886278870034805,3.9243047584603126,1.6937124436741569,False,0.040420893371043036,70
108.0,1.0,8.6962483601329,6.369856026923992,2.4659935257802097,2.3443671461908964,4.411730100446665,2.002280168422475,False,-0.027224778763736607,70
57.0,0.67907,14.697690027237403,8.908265321163874,9.151381998887041,5.886278870034805,3.9243047584603126,1.6937124436741569,False,-0.040514970303086595,70
53.0,0.7767440000000001,15.143797030583093,9.70302697669011,9.41402808503763,5.069781146432452,3.1786399360697715,3.279557667025304,False,-0.0828064790039548,70
82.0,0.781395,14.91993525241403,11.581911993466417,6.961265209774485,4.260319103732169,4.107668232479227,2.2318853055801875,False,-0.0828064790039548,70
85.0,0.781395,14.91993525241403,11.581911993466417,6.961265209774485,4.260319103732169,4.107668232479227,2.2318853055801875,False,-0.0828064790039548,70
304.0,1.0,11.971685123415948,0.8770391071886792,0.08573863131512205,11.70058387461771,2.0152597723572248,1.2568854477379292,False,-0.08714848310408252,70
61.0,1.0,14.518491459640765,10.243941643623407,7.852140081024219,5.15788834921081,3.1796442162681156,2.734629855885644,False,-0.09444801597957178,70
84.0,1.0,14.91993525241403,11.581911993466417,6.961265209774485,4.260319103732169,4.107668232479227,2.2318853055801875,False,-0.09444801597957178,70
50.0,1.0,15.143797030583093,9.70302697669011,9.41402808503763,5.069781146432452,3.1786399360697715,3.279557667025304,False,-0.09444801597957178,70
92.0,1.0,15.136232062355045,5.85325799274386,13.046399015894732,3.2366550308864346,2.745370754896088,2.5735905391310383,False,-0.09444801597957178,70
83.0,1.0,14.91993525241403,11.581911993466417,6.961265209774485,4.260319103732169,4.107668232479227,2.2318853055801875,False,-0.09444801597957178,70
302.0,0.7534879999999999,11.971685123415948,0.8770391071886792,0.08573863131512205,11.70058387461771,2.0152597723572248,1.2568854477379292,False,-0.12237245548333726,70
300.0,0.739535,11.971685123415948,0.8770391071886792,0.08573863131512205,11.70058387461771,2.0152597723572248,1.2568854477379292,False,-0.15810474885019613,70
301.0,0.739535,11.971685123415948,0.8770391071886792,0.08573863131512205,11.70058387461771,2.0152597723572248,1.2568854477379292,False,-0.15810474885019613,70
299.0,0.7209300000000001,11.971685123415948,0.8770391071886792,0.08573863131512205,11.70058387461771,2.0152597723572248,1.2568854477379292,False,-0.15810474885019613,70
132.0,0.5023259999999999,12.017721796674275,9.269111130233712,6.12793567757724,3.5133284494636223,2.84355346666378,0.7268749944298827,False,-0.24526106564270864,70
60.0,0.37674399999999997,14.518491459640765,10.243941643623407,7.852140081024219,5.15788834921081,3.1796442162681156,2.734629855885644,False,-0.27294128752681474,70
91.0,0.35814,14.518491459640765,10.243941643623407,7.852140081024219,5.15788834921081,3.1796442162681156,2.734629855885644,False,-0.30681765562668134,70
71.0,0.18604700000000002,12.017721796674275,9.269111130233712,6.12793567757724,3.5133284494636223,2.84355346666378,0.7268749944298827,False,-0.3458833609643473,70
142.0,0.18604700000000002,13.709844968559022,6.448142237040551,10.890742085019644,4.541975753764717,2.4980680393531998,0.950347259360636,False,-0.3458833609643473,70
293.0,0.18604700000000002,12.017721796674275,9.269111130233712,6.12793567757724,3.5133284494636223,2.84355346666378,0.7268749944298827,False,-0.3458833609643473,70
67.0,0.190698,12.017721796674275,9.269111130233712,6.12793567757724,3.5133284494636223,2.84355346666378,0.7268749944298827,False,-0.3458833609643473,70
76.0,0.18604700000000002,12.017721796674275,9.269111130233712,6.12793567757724,3.5133284494636223,2.84355346666378,0.7268749944298827,False,-0.3458833609643473,70
64.0,0.204651,12.017721796674275,9.269111130233712,6.12793567757724,3.5133284494636223,2.84355346666378,0.7268749944298827,False,-0.3458833609643473,70
52.0,0.172093,13.709844968559022,6.448142237040551,10.890742085019644,4.541975753764717,2.4980680393531998,0.950347259360636,False,-0.3458833609643473,70
124.0,0.204651,12.017721796674275,9.269111130233712,6.12793567757724,3.5133284494636223,2.84355346666378,0.7268749944298827,False,-0.3458833609643473,70
109.0,0.190698,12.017721796674275,9.269111130233712,6.12793567757724,3.5133284494636223,2.84355346666378,0.7268749944298827,False,-0.3458833609643473,70
58.0,0.2,13.709844968559022,6.448142237040551,10.890742085019644,4.541975753764717,2.4980680393531998,0.950347259360636,False,-0.3458833609643473,70
97.0,0.23255800000000001,13.709844968559022,6.448142237040551,10.890742085019644,4.541975753764717,2.4980680393531998,0.950347259360636,False,-0.3548130187789485,70
244.0,0.08372099999999999,12.017721796674275,9.269111130233712,6.12793567757724,3.5133284494636223,2.84355346666378,0.7268749944298827,False,-0.36849835877051196,70
157.0,0.102326,12.017721796674275,9.269111130233712,6.12793567757724,3.5133284494636223,2.84355346666378,0.7268749944298827,False,-0.36849835877051196,70
63.0,0.15814,14.697690027237403,8.908265321163874,9.151381998887041,5.886278870034805,3.9243047584603126,1.6937124436741569,False,-0.37826339483647914,70
131.0,0.339535,12.017721796674275,9.269111130233712,6.12793567757724,3.5133284494636223,2.84355346666378,0.7268749944298827,False,-0.381701508350797,70
310.0,0.172093,15.136232062355045,5.85325799274386,13.046399015894732,3.2366550308864346,2.745370754896088,2.5735905391310383,False,-0.3981640290118607,70
49.0,0.223256,14.518491459640765,10.243941643623407,7.852140081024219,5.15788834921081,3.1796442162681156,2.734629855885644,False,-0.3981640290118607,70
35.0,0.148837,15.136232062355045,5.85325799274386,13.046399015894732,3.2366550308864346,2.745370754896088,2.5735905391310383,False,-0.4207790268180253,70
18.0,0.102326,14.91993525241403,11.581911993466417,6.961265209774485,4.260319103732169,4.107668232479227,2.2318853055801875,False,-0.4207790268180253,70
25.0,0.102326,14.91993525241403,11.581911993466417,6.961265209774485,4.260319103732169,4.107668232479227,2.2318853055801875,False,-0.4207790268180253,70
309.0,0.10697699999999999,14.91993525241403,11.581911993466417,6.961265209774485,4.260319103732169,4.107668232479227,2.2318853055801875,False,-0.4207790268180253,70
69.0,0.153488,15.136232062355045,5.85325799274386,13.046399015894732,3.2366550308864346,2.745370754896088,2.5735905391310383,False,-0.4207790268180253,70
56.0,0.10697699999999999,14.91993525241403,11.581911993466417,6.961265209774485,4.260319103732169,4.107668232479227,2.2318853055801875,False,-0.4207790268180253,70
45.0,0.102326,14.91993525241403,11.581911993466417,6.961265209774485,4.260319103732169,4.107668232479227,2.2318853055801875,False,-0.4207790268180253,70
294.0,0.134884,14.91993525241403,11.581911993466417,6.961265209774485,4.260319103732169,4.107668232479227,2.2318853055801875,False,-0.4207790268180253,70
47.0,0.111628,14.91993525241403,11.581911993466417,6.961265209774485,4.260319103732169,4.107668232479227,2.2318853055801875,False,-0.4207790268180253,70
22.0,0.10697699999999999,14.91993525241403,11.581911993466417,6.961265209774485,4.260319103732169,4.107668232479227,2.2318853055801875,False,-0.4207790268180253,70
296.0,0.148837,15.136232062355045,5.85325799274386,13.046399015894732,3.2366550308864346,2.745370754896088,2.5735905391310383,False,-0.4207790268180253,70
311.0,0.144186,15.136232062355045,5.85325799274386,13.046399015894732,3.2366550308864346,2.745370754896088,2.5735905391310383,False,-0.4207790268180253,70
312.0,0.144186,15.136232062355045,5.85325799274386,13.046399015894732,3.2366550308864346,2.745370754896088,2.5735905391310383,False,-0.4207790268180253,70
298.0,0.144186,15.136232062355045,5.85325799274386,13.046399015894732,3.2366550308864346,2.745370754896088,2.5735905391310383,False,-0.4207790268180253,70
3.0,0.144186,15.136232062355045,5.85325799274386,13.046399015894732,3.2366550308864346,2.745370754896088,2.5735905391310383,False,-0.4207790268180253,70
15.0,0.10697699999999999,14.91993525241403,11.581911993466417,6.961265209774485,4.260319103732169,4.107668232479227,2.2318853055801875,False,-0.4207790268180253,70
11.0,0.125581,14.91993525241403,11.581911993466417,6.961265209774485,4.260319103732169,4.107668232479227,2.2318853055801875,False,-0.4207790268180253,70
20.0,0.08837199999999999,14.91993525241403,11.581911993466417,6.961265209774485,4.260319103732169,4.107668232479227,2.2318853055801875,False,-0.4207790268180253,70
6.0,0.097674,14.91993525241403,11.581911993466417,6.961265209774485,4.260319103732169,4.107668232479227,2.2318853055801875,False,-0.4207790268180253,70
31.0,0.08837199999999999,14.91993525241403,11.581911993466417,6.961265209774485,4.260319103732169,4.107668232479227,2.2318853055801875,False,-0.4207790268180253,70
36.0,0.148837,15.136232062355045,5.85325799274386,13.046399015894732,3.2366550308864346,2.745370754896088,2.5735905391310383,False,-0.4207790268180253,70
308.0,0.37674399999999997,11.971685123415948,0.8770391071886792,0.08573863131512205,11.70058387461771,2.0152597723572248,1.2568854477379292,False,-0.42430498236527503,70
305.0,0.372093,11.971685123415948,0.8770391071886792,0.08573863131512205,11.70058387461771,2.0152597723572248,1.2568854477379292,False,-0.42558995714789083,70
307.0,0.367442,11.971685123415948,0.8770391071886792,0.08573863131512205,11.70058387461771,2.0152597723572248,1.2568854477379292,False,-0.42558995714789083,70
306.0,0.35814,11.971685123415948,0.8770391071886792,0.08573863131512205,11.70058387461771,2.0152597723572248,1.2568854477379292,False,-0.4328907395760749,70
303.0,0.35814,11.971685123415948,0.8770391071886792,0.08573863131512205,11.70058387461771,2.0152597723572248,1.2568854477379292,False,-0.4328907395760749,70
249.0,1.0,1.7543328359672532,1.502683914888362,0.09474853332950395,0.3687433526906067,0.01953959814991023,0.8211540724317394,False,0.5929632989558025,413
299.0,1.0,1.7543328359672532,1.502683914888362,0.09474853332950395,0.3687433526906067,0.01953959814991023,0.8211540724317394,False,0.5929632989558025,413
108.0,1.0,1.7543328359672532,1.502683914888362,0.09474853332950395,0.3687433526906067,0.01953959814991023,0.8211540724317394,False,0.5929632989558025,413
130.0,1.0,1.7543328359672532,1.502683914888362,0.09474853332950395,0.3687433526906067,0.01953959814991023,0.8211540724317394,False,0.5929632989558025,413
310.0,1.0,1.7543328359672532,1.502683914888362,0.09474853332950395,0.3687433526906067,0.01953959814991023,0.8211540724317394,False,0.5929632989558025,413
302.0,1.0,1.7543328359672532,1.502683914888362,0.09474853332950395,0.3687433526906067,0.01953959814991023,0.8211540724317394,False,0.5929632989558025,413
54.0,1.0,1.7543328359672532,1.502683914888362,0.09474853332950395,0.3687433526906067,0.01953959814991023,0.8211540724317394,False,0.5929632989558025,413
57.0,1.0,1.7543328359672532,1.502683914888362,0.09474853332950395,0.3687433526906067,0.01953959814991023,0.8211540724317394,False,0.5929632989558025,413
300.0,0.7534879999999999,1.7543328359672532,1.502683914888362,0.09474853332950395,0.3687433526906067,0.01953959814991023,0.8211540724317394,False,0.5497096668783777,413
304.0,0.7534879999999999,1.7543328359672532,1.502683914888362,0.09474853332950395,0.3687433526906067,0.01953959814991023,0.8211540724317394,False,0.5497096668783777,413
311.0,0.772093,1.7543328359672532,1.502683914888362,0.09474853332950395,0.3687433526906067,0.01953959814991023,0.8211540724317394,False,0.5497096668783777,413
52.0,1.0,1.3736330879290835,0.12928579744098687,0.27211444274209984,0.903468412508466,0.9651700444932646,0.21976893706139583,False,0.5211810556372476,413
96.0,1.0,1.3736330879290835,0.12928579744098687,0.27211444274209984,0.903468412508466,0.9651700444932646,0.21976893706139583,False,0.5211810556372476,413
58.0,1.0,1.3736330879290835,0.12928579744098687,0.27211444274209984,0.903468412508466,0.9651700444932646,0.21976893706139583,False,0.5211810556372476,413
274.0,1.0,1.3736330879290835,0.12928579744098687,0.27211444274209984,0.903468412508466,0.9651700444932646,0.21976893706139583,False,0.5211810556372476,413
91.0,1.0,1.3736330879290835,0.12928579744098687,0.27211444274209984,0.903468412508466,0.9651700444932646,0.21976893706139583,False,0.5211810556372476,413
192.0,1.0,1.3736330879290835,0.12928579744098687,0.27211444274209984,0.903468412508466,0.9651700444932646,0.21976893706139583,False,0.5211810556372476,413
71.0,1.0,1.2698092114414845,0.3396694329360677,0.6746449871258619,0.343008605087647,0.5027408121416881,0.8194455587648413,False,0.5044645958293522,413
70.0,1.0,1.2698092114414845,0.3396694329360677,0.6746449871258619,0.343008605087647,0.5027408121416881,0.8194455587648413,False,0.5044645958293522,413
307.0,1.0,0.9296545825207545,0.41357550103114626,0.7342755385605475,0.09270124101196714,0.3435205916696211,0.16568785179996515,False,0.5023983043375648,413
65.0,1.0,1.391761090091094,1.0636532891114236,0.02462098173895148,0.5832400166657887,0.35516764711921833,0.5819978050746409,False,0.5000063503618069,413
64.0,1.0,1.391761090091094,1.0636532891114236,0.02462098173895148,0.5832400166657887,0.35516764711921833,0.5819978050746409,False,0.5000063503618069,413
309.0,1.0,1.4433028640420833,0.8909725291286887,0.32494479239155677,0.1558576763715731,1.0509326748773056,0.2344160599852363,False,0.498598872941957,413
313.0,0.702326,1.7543328359672532,1.502683914888362,0.09474853332950395,0.3687433526906067,0.01953959814991023,0.8211540724317394,False,0.4975844895503726,413
312.0,0.7209300000000001,1.7543328359672532,1.502683914888362,0.09474853332950395,0.3687433526906067,0.01953959814991023,0.8211540724317394,False,0.4975844895503726,413
301.0,0.734884,1.7543328359672532,1.502683914888362,0.09474853332950395,0.3687433526906067,0.01953959814991023,0.8211540724317394,False,0.4975844895503726,413
110.0,1.0,0.550540786523069,0.39898220587696476,0.10654045569298663,0.2752886142361002,0.1772412565973644,0.1592457351123615,False,0.4919186699919971,413
115.0,1.0,1.3653909738660959,0.6713031396984461,0.3446166104252726,0.09649313091837086,0.7659212268010452,0.8360249685183824,False,0.4894280697821814,413
114.0,1.0,1.3653909738660959,0.6713031396984461,0.3446166104252726,0.09649313091837086,0.7659212268010452,0.8360249685183824,False,0.4894280697821814,413
49.0,0.781395,1.3736330879290835,0.12928579744098687,0.27211444274209984,0.903468412508466,0.9651700444932646,0.21976893706139583,False,0.47792742355982265,413
39.0,0.6511629999999999,1.7543328359672532,1.502683914888362,0.09474853332950395,0.3687433526906067,0.01953959814991023,0.8211540724317394,False,0.4649142146095746,413
41.0,0.665116,1.7543328359672532,1.502683914888362,0.09474853332950395,0.3687433526906067,0.01953959814991023,0.8211540724317394,False,0.4649142146095746,413
3.0,0.683721,1.7543328359672532,1.502683914888362,0.09474853332950395,0.3687433526906067,0.01953959814991023,0.8211540724317394,False,0.4649142146095746,413
109.0,0.87907,1.2698092114414845,0.3396694329360677,0.6746449871258619,0.343008605087647,0.5027408121416881,0.8194455587648413,False,0.4612109637519274,413
43.0,0.6418600000000001,1.7543328359672532,1.502683914888362,0.09474853332950395,0.3687433526906067,0.01953959814991023,0.8211540724317394,False,0.4306105351691216,413
34.0,0.637209,1.7543328359672532,1.502683914888362,0.09474853332950395,0.3687433526906067,0.01953959814991023,0.8211540724317394,False,0.4306105351691216,413
305.0,0.706977,0.9296545825207545,0.41357550103114626,0.7342755385605475,0.09270124101196714,0.3435205916696211,0.16568785179996515,False,0.4234123788932812,413
308.0,0.7488370000000001,0.9296545825207545,0.41357550103114626,0.7342755385605475,0.09270124101196714,0.3435205916696211,0.16568785179996515,False,0.4234123788932812,413
306.0,0.6976739999999999,0.9296545825207545,0.41357550103114626,0.7342755385605475,0.09270124101196714,0.3435205916696211,0.16568785179996515,False,0.4234123788932812,413
97.0,1.0,1.6069280927159726,0.18143803604017383,0.20994446584028054,0.08297742674861325,0.008761339911303428,1.5805883211873528,False,0.4165803197677101,413
111.0,0.734884,0.550540786523069,0.39898220587696476,0.10654045569298663,0.2752886142361002,0.1772412565973644,0.1592457351123615,True,0.4129327445477135,413
40.0,0.613953,1.7543328359672532,1.502683914888362,0.09474853332950395,0.3687433526906067,0.01953959814991023,0.8211540724317394,False,0.39952069899427256,413
6.0,0.5906980000000001,1.4433028640420833,0.8909725291286887,0.32494479239155677,0.1558576763715731,1.0509326748773056,0.2344160599852363,False,0.33512762160761633,413
15.0,0.6,1.4433028640420833,0.8909725291286887,0.32494479239155677,0.1558576763715731,1.0509326748773056,0.2344160599852363,False,0.33512762160761633,413
25.0,0.604651,1.4433028640420833,0.8909725291286887,0.32494479239155677,0.1558576763715731,1.0509326748773056,0.2344160599852363,False,0.33512762160761633,413
8.0,0.5906980000000001,1.4433028640420833,0.8909725291286887,0.32494479239155677,0.1558576763715731,1.0509326748773056,0.2344160599852363,False,0.33512762160761633,413
1.0,0.6,1.4433028640420833,0.8909725291286887,0.32494479239155677,0.1558576763715731,1.0509326748773056,0.2344160599852363,False,0.33512762160761633,413
24.0,0.613953,1.4433028640420833,0.8909725291286887,0.32494479239155677,0.1558576763715731,1.0509326748773056,0.2344160599852363,False,0.33512762160761633,413
7.0,0.595349,1.4433028640420833,0.8909725291286887,0.32494479239155677,0.1558576763715731,1.0509326748773056,0.2344160599852363,False,0.33512762160761633,413
119.0,1.0,1.6588080933934335,0.8668488867600552,0.4506900875039118,1.3006431078068739,0.10992543584036106,0.30551538083361807,False,0.24433926550179116,413
18.0,0.539535,1.4433028640420833,0.8909725291286887,0.32494479239155677,0.1558576763715731,1.0509326748773056,0.2344160599852363,False,0.23712051426233294,413
28.0,0.534884,1.4433028640420833,0.8909725291286887,0.32494479239155677,0.1558576763715731,1.0509326748773056,0.2344160599852363,False,0.21383621515460138,413
118.0,0.9069769999999999,1.6588080933934335,0.8668488867600552,0.4506900875039118,1.3006431078068739,0.10992543584036106,0.30551538083361807,False,0.20108563342436636,413
303.0,0.37674399999999997,1.7543328359672532,1.502683914888362,0.09474853332950395,0.3687433526906067,0.01953959814991023,0.8211540724317394,False,0.1500041773513713,413
142.0,0.390698,1.3736330879290835,0.12928579744098687,0.27211444274209984,0.903468412508466,0.9651700444932646,0.21976893706139583,False,0.11584982917593413,413
60.0,0.367442,1.3736330879290835,0.12928579744098687,0.27211444274209984,0.903468412508466,0.9651700444932646,0.21976893706139583,False,0.11456485439331833,413
61.0,0.35814,1.3736330879290835,0.12928579744098687,0.27211444274209984,0.903468412508466,0.9651700444932646,0.21976893706139583,False,0.10215774098477788,413
66.0,0.34883699999999995,1.2698092114414845,0.3396694329360677,0.6746449871258619,0.343008605087647,0.5027408121416881,0.8194455587648413,False,0.07778473466095395,413
132.0,0.5023259999999999,1.7543328359672532,1.502683914888362,0.09474853332950395,0.3687433526906067,0.01953959814991023,0.8211540724317394,False,0.07588143275222561,413
295.0,0.38604700000000003,0.550540786523069,0.39898220587696476,0.10654045569298663,0.2752886142361002,0.1772412565973644,0.1592457351123615,False,0.06691131254900055,413
74.0,0.35814,1.391761090091094,1.0636532891114236,0.02462098173895148,0.5832400166657887,0.35516764711921833,0.5819978050746409,False,0.061306904727654,413
81.0,0.35814,0.550540786523069,0.39898220587696476,0.10654045569298663,0.2752886142361002,0.1772412565973644,0.1592457351123615,False,0.05321922435784433,413
75.0,0.395349,1.391761090091094,1.0636532891114236,0.02462098173895148,0.5832400166657887,0.35516764711921833,0.5819978050746409,False,0.04661941904343499,413
136.0,0.339535,1.3736330879290835,0.12928579744098687,0.27211444274209984,0.903468412508466,0.9651700444932646,0.21976893706139583,False,-0.08932064310594258,413
53.0,0.330233,1.3736330879290835,0.12928579744098687,0.27211444274209984,0.903468412508466,0.9651700444932646,0.21976893706139583,False,-0.0942179106154797,413
50.0,0.325581,1.3736330879290835,0.12928579744098687,0.27211444274209984,0.903468412508466,0.9651700444932646,0.21976893706139583,False,-0.0942179106154797,413
131.0,0.339535,1.7543328359672532,1.502683914888362,0.09474853332950395,0.3687433526906067,0.01953959814991023,0.8211540724317394,False,-0.10077347303348085,413
68.0,0.306977,1.391761090091094,1.0636532891114236,0.02462098173895148,0.5832400166657887,0.35516764711921833,0.5819978050746409,False,-0.1553853140865122,413
124.0,0.30232600000000004,1.391761090091094,1.0636532891114236,0.02462098173895148,0.5832400166657887,0.35516764711921833,0.5819978050746409,False,-0.1553853140865122,413
67.0,0.32093000000000005,1.391761090091094,1.0636532891114236,0.02462098173895148,0.5832400166657887,0.35516764711921833,0.5819978050746409,False,-0.1553853140865122,413
95.0,0.23255800000000001,1.6069280927159726,0.18143803604017383,0.20994446584028054,0.08297742674861325,0.008761339911303428,1.5805883211873528,False,-0.16884338904232687,413
285.0,0.26976700000000003,1.3736330879290835,0.12928579744098687,0.27211444274209984,0.903468412508466,0.9651700444932646,0.21976893706139583,False,-0.1703519980430364,413
100.0,0.15814,1.3736330879290835,0.12928579744098687,0.27211444274209984,0.903468412508466,0.9651700444932646,0.21976893706139583,False,-0.19616626820843913,413
63.0,0.15814,1.3736330879290835,0.12928579744098687,0.27211444274209984,0.903468412508466,0.9651700444932646,0.21976893706139583,False,-0.19616626820843913,413
237.0,0.09302300000000001,1.3736330879290835,0.12928579744098687,0.27211444274209984,0.903468412508466,0.9651700444932646,0.21976893706139583,False,-0.19616626820843913,413
76.0,0.172093,0.550540786523069,0.39898220587696476,0.10654045569298663,0.2752886142361002,0.1772412565973644,0.1592457351123615,False,-0.19988060654225306,413
77.0,0.18604700000000002,0.550540786523069,0.39898220587696476,0.10654045569298663,0.2752886142361002,0.1772412565973644,0.1592457351123615,False,-0.19988060654225306,413
101.0,0.204651,0.550540786523069,0.39898220587696476,0.10654045569298663,0.2752886142361002,0.1772412565973644,0.1592457351123615,False,-0.19988060654225306,413
102.0,0.190698,0.550540786523069,0.39898220587696476,0.10654045569298663,0.2752886142361002,0.1772412565973644,0.1592457351123615,False,-0.19988060654225306,413
107.0,0.21395299999999998,0.550540786523069,0.39898220587696476,0.10654045569298663,0.2752886142361002,0.1772412565973644,0.1592457351123615,False,-0.19988060654225306,413
236.0,0.065116,1.3736330879290835,0.12928579744098687,0.27211444274209984,0.903468412508466,0.9651700444932646,0.21976893706139583,False,-0.235354948042575,413
262.0,0.04186,1.3736330879290835,0.12928579744098687,0.27211444274209984,0.903468412508466,0.9651700444932646,0.21976893706139583,False,-0.235354948042575,413
246.0,0.055814,1.3736330879290835,0.12928579744098687,0.27211444274209984,0.903468412508466,0.9651700444932646,0.21976893706139583,False,-0.235354948042575,413
171.0,0.037209,1.3653909738660959,0.6713031396984461,0.3446166104252726,0.09649313091837086,0.7659212268010452,0.8360249685183824,False,-0.2464498821506305,413
117.0,0.23255800000000001,1.391761090091094,1.0636532891114236,0.02462098173895148,0.5832400166657887,0.35516764711921833,0.5819978050746409,False,-0.2561786250722738,413
293.0,0.18604700000000002,1.7543328359672532,1.502683914888362,0.09474853332950395,0.3687433526906067,0.01953959814991023,0.8211540724317394,False,-0.27107059627758756,413
105.0,0.483721,1.6588080933934335,0.8668488867600552,0.4506900875039118,1.3006431078068739,0.10992543584036106,0.30551538083361807,False,-0.279159041455364,413
116.0,0.102326,1.7543328359672532,1.502683914888362,0.09474853332950395,0.3687433526906067,0.01953959814991023,0.8211540724317394,False,-0.28115530069938666,413
169.0,0.065116,1.7543328359672532,1.502683914888362,0.09474853332950395,0.3687433526906067,0.01953959814991023,0.8211540724317394,False,-0.32034398053352253,413
80.0,0.074419,1.7543328359672532,1.502683914888362,0.09474853332950395,0.3687433526906067,0.01953959814991023,0.8211540724317394,False,-0.32034398053352253,413
69.0,0.074419,1.7543328359672532,1.502683914888362,0.09474853332950395,0.3687433526906067,0.01953959814991023,0.8211540724317394,False,-0.32034398053352253,413
11.0,0.074419,1.7543328359672532,1.502683914888362,0.09474853332950395,0.3687433526906067,0.01953959814991023,0.8211540724317394,False,-0.32034398053352253,413
134.0,0.074419,1.7543328359672532,1.502683914888362,0.09474853332950395,0.3687433526906067,0.01953959814991023,0.8211540724317394,False,-0.32034398053352253,413
106.0,0.15814,1.6588080933934335,0.8668488867600552,0.4506900875039118,1.3006431078068739,0.10992543584036106,0.30551538083361807,False,-0.5887940502913251,413
125.0,0.11627900000000001,1.6588080933934335,0.8668488867600552,0.4506900875039118,1.3006431078068739,0.10992543584036106,0.30551538083361807,False,-0.5887940502913251,413
297.0,0.074419,1.6588080933934335,0.8668488867600552,0.4506900875039118,1.3006431078068739,0.10992543584036106,0.30551538083361807,False,-0.627982730125461,413
79.0,0.069767,1.6588080933934335,0.8668488867600552,0.4506900875039118,1.3006431078068739,0.10992543584036106,0.30551538083361807,False,-0.627982730125461,413
78.0,0.065116,1.6588080933934335,0.8668488867600552,0.4506900875039118,1.3006431078068739,0.10992543584036106,0.30551538083361807,False,-0.627982730125461,413
26.0,0.069767,1.6588080933934335,0.8668488867600552,0.4506900875039118,1.3006431078068739,0.10992543584036106,0.30551538083361807,False,-0.627982730125461,413
45.0,0.065116,1.6588080933934335,0.8668488867600552,0.4506900875039118,1.3006431078068739,0.10992543584036106,0.30551538083361807,False,-0.627982730125461,413
