node 2,ES %,distance,hit,score,Substrate ID
123,1.0,5.221858607652459,False,0.4968469325284235,409
130,1.0,5.221858607652459,False,0.4968469325284235,409
65,1.0000002,8.606378126421575,False,0.42901916158455394,409
84,1.0000002,7.1546515605903895,False,0.40535634737186393,409
85,1.0000001,7.1546515605903895,False,0.40535634737186393,409
90,1.0000001,7.668017129246261,False,0.40068651795413734,409
197,1.0000002,8.444091822922324,False,0.40068651795413734,409
196,1.0000001,8.444091822922324,False,0.40068651795413734,409
202,0.9999999,5.221858607652459,False,0.3820792212218309,409
61,1.0000001,7.347747092180449,False,0.3309927642133693,409
50,1.0000002,8.364510951133546,False,0.3231607646385056,409
82,0.9958045,7.1546515605903895,False,0.30879812432084586,409
88,0.99549013,7.668017129246261,False,0.30412829490311927,409
83,0.99999976,7.1546515605903895,False,0.30057894969891685,409
96,0.99999964,8.000992247571729,False,0.30057894969891685,409
72,0.99999976,8.444091822922324,False,0.29590912028119026,409
53,0.99999964,8.45202111826515,False,0.2880771207063266,409
57,0.9971581,8.000992247571729,False,0.2876666632382347,409
60,0.9930667,8.000992247571729,False,0.2603694123904585,409
87,0.99178386,7.668017129246261,False,-0.047378447552663204,409
3,0.97721064,5.221858607652459,False,-0.15434868058085713,409
19,0.97710454,5.221858607652459,False,-0.15434868058085713,409
21,0.9805512,5.221858607652459,False,-0.15434868058085713,409
10,0.9795196,5.221858607652459,False,-0.15434868058085713,409
23,0.97656333,5.221858607652459,False,-0.1621291382121824,409
132,0.98891175,5.221858607652459,False,-0.17795267609461946,409
298,0.97193384,5.221858607652459,False,-0.22371635714533866,409
13,0.9730221,5.221858607652459,False,-0.22371635714533866,409
67,0.9628763,5.221858607652459,False,-0.2303441752562056,409
110,0.93113613,5.221858607652459,False,-0.2303441752562056,409
127,0.9091109,5.221858607652459,False,-0.2303441752562056,409
80,0.91777176,5.221858607652459,False,-0.2303441752562056,409
180,0.9452028,5.221858607652459,False,-0.2303441752562056,409
210,0.94994056,5.221858607652459,False,-0.2303441752562056,409
117,0.9446459,5.221858607652459,False,-0.2303441752562056,409
111,0.94527483,5.221858607652459,False,-0.2303441752562056,409
126,0.9087595,5.221858607652459,False,-0.2303441752562056,409
160,0.95448315,5.221858607652459,False,-0.2303441752562056,409
217,0.953906,5.221858607652459,False,-0.2303441752562056,409
68,0.96413183,5.221858607652459,False,-0.2303441752562056,409
98,0.97050226,5.221858607652459,False,-0.2303441752562056,409
165,0.9451162,5.221858607652459,False,-0.2303441752562056,409
269,0.94497657,5.221858607652459,False,-0.2303441752562056,409
189,0.9589006,5.221858607652459,False,-0.2303441752562056,409
158,0.956416,5.221858607652459,False,-0.2303441752562056,409
303,0.98208547,7.99073943917261,False,-0.27572446242096565,409
108,0.9830961,7.99073943917261,True,-0.27572446242096565,409
58,0.9844141,7.99073943917261,False,-0.27572446242096565,409
52,0.9846546,7.99073943917261,False,-0.27572446242096565,409
91,0.9838128,8.364510951133546,False,-0.3374075531103009,409
49,0.98680425,8.364510951133546,False,-0.3374075531103009,409
299,0.986902,7.347747092180449,False,-0.3463837675564062,409
302,0.9884893,7.347747092180449,False,-0.3699877630701684,409
301,0.98943245,7.347747092180449,False,-0.3699877630701684,409
300,0.9902432,7.347747092180449,False,-0.3699877630701684,409
304,0.98901784,7.347747092180449,False,-0.3699877630701684,409
249,0.9856504,8.444091822922324,False,-0.3880691866591334,409
267,0.9843025,8.444091822922324,False,-0.3880691866591334,409
162,0.9843169,8.444091822922324,False,-0.3880691866591334,409
262,0.9792924,8.444091822922324,False,-0.3880691866591334,409
246,0.98288167,8.444091822922324,False,-0.3880691866591334,409
228,0.9839874,8.444091822922324,False,-0.3880691866591334,409
175,0.9814183,8.444091822922324,False,-0.3880691866591334,409
86,0.9845911,7.668017129246261,False,-0.3880691866591334,409
63,0.97776,7.1546515605903895,False,-0.40165913560660904,409
95,0.9867786,8.000992247571729,False,-0.40165913560660904,409
230,0.97861993,7.1546515605903895,False,-0.40165913560660904,409
47,0.9779365,7.1546515605903895,False,-0.40165913560660904,409
166,0.9688488,7.668017129246261,False,-0.4640646813344819,409
184,0.95013744,8.444091822922324,False,-0.4640646813344819,409
198,0.953485,8.444091822922324,False,-0.4640646813344819,409
99,0.97544575,7.1546515605903895,False,-0.4710268121710906,409
75,0.9756764,8.606378126421575,False,-0.49758862909704815,409
89,0.96780396,8.606378126421575,False,-0.5042164472079151,409
74,0.96430373,8.606378126421575,False,-0.5042164472079151,409
42,0.94842637,8.606378126421575,False,-0.5042164472079151,409
61,1.0000001,1.8216061130297478,False,0.8041921354615991,31
50,1.0000002,1.2802949261382779,False,0.7468133901711873,31
111,1.0000002,2.622374471056954,False,0.6825858987027165,31
114,1.0000001,2.546441564584209,False,0.6795248617336542,31
115,1.0000002,2.546441564584209,False,0.6795248617336542,31
110,1.0000002,2.955808353648126,False,0.6663234702875088,31
130,1.0,2.324329187538796,False,0.6296176061153587,31
57,1.0,2.324329187538796,True,0.6296176061153587,31
249,0.99999994,2.324329187538796,False,0.6296176061153587,31
299,1.0,2.324329187538796,False,0.6296176061153587,31
310,1.0000002,2.324329187538796,False,0.6296176061153587,31
302,1.0,2.324329187538796,False,0.6296176061153587,31
54,1.0000001,2.324329187538796,False,0.6296176061153587,31
53,0.99999964,1.213956235491757,False,0.5789039289055529,31
309,1.0000002,2.931028579652626,False,0.5607997754091212,31
96,0.99999964,1.3948703779322056,False,0.5548826254683541,31
304,0.9961369,2.324329187538796,False,0.521579955043727,31
312,0.9955091,2.324329187538796,False,0.521579955043727,31
311,0.9952489,2.324329187538796,False,0.521579955043727,31
313,0.994558,2.324329187538796,False,0.521579955043727,31
60,0.9930667,1.3948703779322056,False,0.51800552989722,31
108,0.99999964,2.324329187538796,False,0.5133607804217979,31
300,0.99718493,2.324329187538796,False,0.5004484939611157,31
301,0.99713767,2.324329187538796,False,0.5004484939611157,31
41,0.9935137,2.324329187538796,False,0.46340511487131203,31
40,0.9926945,2.324329187538796,False,0.33880930398184506,31
35,0.99155736,2.324329187538796,False,0.30444288642458944,31
58,0.9905019,2.324329187538796,False,-0.006762040704415259,31
43,0.9906782,2.324329187538796,False,-0.006762040704415259,31
34,0.99067235,2.324329187538796,False,-0.006762040704415259,31
314,0.9908957,2.324329187538796,False,-0.006762040704415259,31
52,0.9912154,1.213956235491757,False,-0.013221433867946194,31
91,0.98679864,1.3948703779322056,False,-0.09341165920563124,31
95,0.9867786,1.3948703779322056,False,-0.09341165920563124,31
305,0.98437285,2.324329187538796,False,-0.11143547888435333,31
262,0.9813261,2.324329187538796,False,-0.11143547888435333,31
267,0.9858419,2.324329187538796,False,-0.11143547888435333,31
72,0.9858208,2.324329187538796,False,-0.11143547888435333,31
283,0.9879898,2.324329187538796,False,-0.11143547888435333,31
59,0.9857446,2.324329187538796,False,-0.11143547888435333,31
246,0.9847282,2.324329187538796,False,-0.11143547888435333,31
197,0.9856504,2.324329187538796,False,-0.11143547888435333,31
228,0.98395413,2.324329187538796,False,-0.11143547888435333,31
162,0.98418736,2.324329187538796,False,-0.11143547888435333,31
63,0.9822961,2.324329187538796,False,-0.11143547888435333,31
51,0.9831506,2.324329187538796,False,-0.11143547888435333,31
308,0.98172164,2.324329187538796,False,-0.11143547888435333,31
233,0.981568,2.324329187538796,False,-0.11143547888435333,31
142,0.9859476,2.324329187538796,False,-0.11143547888435333,31
303,0.98208547,2.324329187538796,False,-0.11143547888435333,31
49,0.9876325,1.213956235491757,False,-0.13159966211254515,31
177,0.98375446,2.046850589708526,False,-0.13318823087466056,31
212,0.9851457,2.046850589708526,False,-0.13318823087466056,31
207,0.97989684,2.046850589708526,False,-0.13318823087466056,31
132,0.98891175,2.324329187538796,False,-0.1350394743981156,31
250,0.97607225,2.046850589708526,False,-0.14096868850598582,31
288,0.9777821,2.546441564584209,False,-0.17639016429057225,31
289,0.9787046,2.546441564584209,False,-0.17639016429057225,31
160,0.97622406,2.546441564584209,False,-0.1841706219218975,31
127,0.9091109,2.324329187538796,False,-0.18743097355970173,31
117,0.9446459,2.324329187538796,False,-0.18743097355970173,31
75,0.93976355,2.324329187538796,False,-0.18743097355970173,31
66,0.9368184,2.324329187538796,False,-0.18743097355970173,31
126,0.9087595,2.324329187538796,False,-0.18743097355970173,31
80,0.91777176,2.324329187538796,False,-0.18743097355970173,31
70,0.9304288,2.324329187538796,False,-0.18743097355970173,31
65,0.9290576,2.324329187538796,False,-0.18743097355970173,31
89,0.95131266,2.324329187538796,False,-0.18743097355970173,31
131,0.9320011,2.324329187538796,False,-0.18743097355970173,31
68,0.96413183,2.324329187538796,False,-0.18743097355970173,31
74,0.9348842,2.324329187538796,False,-0.18743097355970173,31
71,0.932031,2.324329187538796,False,-0.18743097355970173,31
67,0.9628763,2.324329187538796,False,-0.18743097355970173,31
198,0.9738412,2.046850589708526,False,-0.20255590743914206,31
105,0.9714818,2.046850589708526,False,-0.20255590743914206,31
26,0.98623216,2.931028579652626,False,-0.23309007969435921,31
30,0.98418,2.931028579652626,False,-0.23309007969435921,31
12,0.9842589,2.931028579652626,False,-0.23309007969435921,31
8,0.98711973,2.931028579652626,False,-0.23309007969435921,31
24,0.98632044,2.931028579652626,False,-0.23309007969435921,31
1,0.9873855,2.931028579652626,False,-0.23309007969435921,31
64,0.9058969,2.955808353648126,False,-0.2446561678252431,31
191,0.9726083,2.546441564584209,False,-0.2457578408550537,31
7,0.9886234,2.931028579652626,False,-0.25669407520812143,31
6,0.9888451,2.931028579652626,False,-0.25669407520812143,31
76,0.91547763,2.622374471056954,False,-0.2707197474146373,31
65,1.0000002,2.589698755668857,False,0.7889307014581739,74
1,1.0000004,2.835251790882859,False,0.7183519177019517,74
132,1.0000001,1.6133539528565297,False,0.6687939889395472,74
130,1.0,1.6133539528565297,False,0.6687939889395472,74
131,1.0000002,1.6133539528565297,False,0.6687939889395472,74
84,1.0000002,2.2545247426511428,False,0.6547483124998148,74
85,1.0000001,2.2545247426511428,False,0.6547483124998148,74
64,1.0000001,2.7540536443720707,False,0.6462448060619307,74
196,1.0000001,2.2319861708043427,False,0.6333296488574715,74
197,1.0000002,2.2319861708043427,False,0.6333296488574715,74
72,0.99999976,2.6117431995162788,False,0.5611188461772816,74
6,0.9985262,2.835251790882859,False,0.5434535398509565,74
82,0.9999998,2.2545247426511428,False,0.5336357466286085,74
83,0.99999976,2.2545247426511428,False,0.5154169309651576,74
61,1.0000001,2.915489889811505,False,0.4310226272011599,74
67,0.99999994,3.0795983799221553,False,0.3987865200175555,74
68,0.9987775,3.0795983799221553,False,0.26806629713497776,74
12,0.99168813,2.835251790882859,False,0.226762318443573,74
7,0.99127173,2.835251790882859,False,-0.08444260868543164,74
8,0.9912697,2.835251790882859,False,-0.08444260868543164,74
299,0.986902,2.915489889811505,False,-0.09498913366998957,74
58,0.9865105,2.915489889811505,False,-0.09498913366998957,74
53,0.9908703,2.915489889811505,False,-0.09830807622513667,74
50,0.991111,2.915489889811505,False,-0.09830807622513667,74
63,0.97776,2.2545247426511428,False,-0.10597642034503989,74
300,0.9777379,2.2545247426511428,False,-0.10597642034503989,74
302,0.9795413,2.2545247426511428,False,-0.10597642034503989,74
98,0.9815674,2.2545247426511428,False,-0.10597642034503989,74
230,0.97861993,2.2545247426511428,False,-0.10597642034503989,74
88,0.9778186,2.2545247426511428,False,-0.10597642034503989,74
47,0.9779365,2.2545247426511428,False,-0.10597642034503989,74
87,0.97826725,2.2545247426511428,False,-0.10597642034503989,74
301,0.9762115,2.2545247426511428,False,-0.11375687797636516,74
60,0.97603405,2.2545247426511428,False,-0.11375687797636516,74
304,0.98901784,2.915489889811505,False,-0.11859312918375178,74
75,0.9756764,2.3910229268060172,False,-0.11954206308426318,74
19,0.9490862,2.3910229268060172,False,-0.12616988119513012,74
42,0.94842637,2.3910229268060172,False,-0.12616988119513012,74
127,0.9560741,2.3910229268060172,False,-0.12616988119513012,74
21,0.95300364,2.3910229268060172,False,-0.12616988119513012,74
89,0.96780396,2.3910229268060172,False,-0.12616988119513012,74
123,0.95213014,2.3910229268060172,False,-0.12616988119513012,74
10,0.94785225,2.3910229268060172,False,-0.12616988119513012,74
74,0.96430373,2.3910229268060172,False,-0.12616988119513012,74
20,0.99045926,2.835251790882859,False,-0.13056154728826316,74
26,0.9904927,2.835251790882859,False,-0.13056154728826316,74
124,0.98032,2.7540536443720707,False,-0.15219049032335777,74
126,0.92592156,3.0795983799221553,False,-0.15615216189515813,74
110,0.9333892,3.0795983799221553,False,-0.15615216189515813,74
111,0.9477696,3.0795983799221553,False,-0.15615216189515813,74
116,0.92055047,3.0795983799221553,False,-0.15615216189515813,74
80,0.92813206,3.0795983799221553,False,-0.15615216189515813,74
117,0.92886883,3.0795983799221553,False,-0.15615216189515813,74
272,0.90139616,1.6133539528565297,False,-0.17386436626135207,74
71,0.94485146,1.6133539528565297,False,-0.17386436626135207,74
109,0.9430442,1.6133539528565297,False,-0.17386436626135207,74
77,0.93826437,1.6133539528565297,False,-0.17386436626135207,74
293,0.9369123,1.6133539528565297,False,-0.17386436626135207,74
70,0.9417888,1.6133539528565297,False,-0.17386436626135207,74
107,0.94142663,1.6133539528565297,False,-0.17386436626135207,74
129,0.9537051,1.6133539528565297,False,-0.17386436626135207,74
66,0.9431976,1.6133539528565297,False,-0.17386436626135207,74
162,0.974561,2.2545247426511428,False,-0.17534409690952135,74
49,0.97515696,2.2545247426511428,False,-0.17534409690952135,74
99,0.97544575,2.2545247426511428,False,-0.17534409690952135,74
90,0.9753283,2.2545247426511428,True,-0.17534409690952135,74
267,0.97346985,2.2545247426511428,False,-0.17534409690952135,74
3,0.97445977,2.2545247426511428,False,-0.17534409690952135,74
228,0.98427,2.2319861708043427,False,-0.18578902219984952,74
246,0.98383236,2.2319861708043427,False,-0.18578902219984952,74
249,0.9858208,2.2319861708043427,False,-0.18578902219984952,74
189,0.98414695,2.2319861708043427,False,-0.18578902219984952,74
175,0.98059714,2.2319861708043427,False,-0.18578902219984952,74
262,0.9792924,2.2319861708043427,False,-0.18578902219984952,74
22,0.98835945,2.835251790882859,False,-0.18911604686536979,74
28,0.9892098,2.835251790882859,False,-0.21272004237913197,74
15,0.9888879,2.835251790882859,False,-0.21272004237913197,74
102,0.9594641,2.7540536443720707,False,-0.22818598499870615,74
76,0.9614475,2.7540536443720707,False,-0.22818598499870615,74
101,0.95700794,2.7540536443720707,False,-0.22818598499870615,74
202,0.96577466,2.2319861708043427,False,-0.2617845168751978,74
165,0.95441246,2.2319861708043427,False,-0.2617845168751978,74
198,0.953485,2.2319861708043427,False,-0.2617845168751978,74
210,0.9504868,2.2319861708043427,False,-0.2617845168751978,74
217,0.9504174,2.2319861708043427,False,-0.2617845168751978,74
184,0.95013744,2.2319861708043427,False,-0.2617845168751978,74
160,0.94869125,2.2319861708043427,False,-0.2617845168751978,74
174,0.99999994,2.8192848631505347,False,0.785154240925213,143
168,1.0000001,2.8192848631505347,False,0.785154240925213,143
156,1.0000002,2.8192848631505347,False,0.785154240925213,143
136,0.99999994,2.8192848631505347,False,0.785154240925213,143
143,1.0,2.8192848631505347,False,0.785154240925213,143
134,1.0000002,2.8192848631505347,False,0.785154240925213,143
189,1.0000001,2.8192848631505347,False,0.785154240925213,143
105,1.0000002,2.164352105134062,False,0.7444701255488847,143
65,1.0000002,2.7131490094204045,False,0.7186156067779893,143
64,1.0000001,2.7131490094204045,False,0.7186156067779893,143
66,1.0,2.0988569766757044,False,0.7082403270560558,143
58,0.9999998,2.220336323311806,False,0.6243620902662345,143
117,0.9999998,2.4666961439610327,False,0.6048940813174443,143
178,0.99999964,2.8192848631505347,False,0.6016447044221382,143
88,1.0,2.5300070128806373,False,0.5907787201911708,143
124,0.99999964,2.788975677257032,False,0.49526739958421045,143
103,0.9999998,2.5797012395235948,False,0.48958733651209585,143
87,0.9944171,2.5300070128806373,False,0.468277671930522,143
90,0.99549013,2.5300070128806373,False,0.468277671930522,143
2,1.0000005,2.4759062051951055,False,0.462198279549643,143
123,1.0,2.4759062051951055,False,0.462198279549643,143
45,1.0000001,2.4759062051951055,False,0.462198279549643,143
14,1.0,2.4759062051951055,False,0.462198279549643,143
18,1.0000001,2.4759062051951055,False,0.462198279549643,143
21,1.0000002,2.4759062051951055,False,0.462198279549643,143
13,1.0000002,2.4759062051951055,False,0.462198279549643,143
41,1.0000001,2.4759062051951055,True,0.462198279549643,143
38,1.0,2.4759062051951055,False,0.462198279549643,143
29,1.0000001,2.4759062051951055,False,0.462198279549643,143
24,1.0,2.4759062051951055,False,0.462198279549643,143
22,1.0000001,2.4759062051951055,False,0.462198279549643,143
25,0.9999999,2.4759062051951055,False,0.34969687233051605,143
46,0.9999999,2.4759062051951055,False,0.34969687233051605,143
44,0.9999999,2.4759062051951055,False,0.34969687233051605,143
23,0.9999999,2.4759062051951055,False,0.34969687233051605,143
39,0.9949986,2.4759062051951055,False,0.33969723128899415,143
10,0.9952851,2.4759062051951055,False,0.33969723128899415,143
34,0.9954854,2.4759062051951055,False,0.33969723128899415,143
193,0.99999964,2.4759062051951055,False,0.3314780566670652,143
19,0.9999997,2.4759062051951055,False,0.3314780566670652,143
169,0.9928516,2.8192848631505347,False,0.3078312142166572,143
40,0.9937335,2.4759062051951055,True,0.2991688927661201,143
298,0.9938555,2.4759062051951055,True,0.2991688927661201,143
314,0.9930229,2.4759062051951055,False,0.2840581708903918,143
12,0.9928945,2.4759062051951055,False,0.265233690895919,143
311,0.9930445,2.4759062051951055,False,0.24407860374723503,143
312,0.9934268,2.4759062051951055,False,0.24407860374723503,143
310,0.9935137,2.4759062051951055,False,0.24407860374723503,143
36,0.99177396,2.4759062051951055,False,0.1832740213633635,143
43,0.99153125,2.4759062051951055,False,0.1832740213633635,143
313,0.9921954,2.4759062051951055,False,0.1832740213633635,143
7,0.99141,2.4759062051951055,False,-0.022517941631277606,143
71,0.98568213,2.0988569766757044,False,-0.031984269861757716,143
70,0.98751307,2.0988569766757044,False,-0.031984269861757716,143
109,0.98599464,2.0988569766757044,False,-0.031984269861757716,143
153,0.9706416,2.4759062051951055,False,-0.04590730961808889,143
15,0.9881432,2.4759062051951055,False,-0.04939644773642591,143
175,0.9786384,2.4759062051951055,False,-0.04939644773642591,143
268,0.9782693,2.4759062051951055,False,-0.04939644773642591,143
8,0.98763776,2.4759062051951055,False,-0.04939644773642591,143
3,0.97721064,2.4759062051951055,True,-0.04939644773642591,143
27,0.9847605,2.4759062051951055,False,-0.04939644773642591,143
1,0.98835945,2.4759062051951055,False,-0.04939644773642591,143
47,0.97951955,2.4759062051951055,False,-0.04939644773642591,143
16,0.9839634,2.4759062051951055,False,-0.04939644773642591,143
35,0.9875579,2.4759062051951055,False,-0.04939644773642591,143
309,0.98632044,2.4759062051951055,False,-0.04939644773642591,143
6,0.9857427,2.4759062051951055,False,-0.04939644773642591,143
28,0.9852655,2.4759062051951055,False,-0.04939644773642591,143
100,0.9759989,2.4759062051951055,False,-0.05717690536775119,143
42,0.97599417,2.4759062051951055,True,-0.05717690536775119,143
32,0.97681594,2.4759062051951055,False,-0.05717690536775119,143
224,0.9913431,2.4759062051951055,False,-0.0710044589784859,143
108,0.9905019,2.220336323311806,False,-0.08352003092970683,143
267,0.97076297,2.5300070128806373,False,-0.1069167713046778,143
83,0.9709768,2.5300070128806373,False,-0.1069167713046778,143
89,0.9453753,2.0988569766757044,False,-0.10797976453710612,143
127,0.94749284,2.0988569766757044,False,-0.10797976453710612,143
77,0.94746315,2.0988569766757044,False,-0.10797976453710612,143
129,0.9537653,2.0988569766757044,False,-0.10797976453710612,143
101,0.94849753,2.0988569766757044,False,-0.10797976453710612,143
107,0.9510601,2.0988569766757044,False,-0.10797976453710612,143
72,0.979773,2.5300070128806373,False,-0.11040590942301481,143
84,0.9778186,2.5300070128806373,False,-0.11040590942301481,143
197,0.97738004,2.5300070128806373,False,-0.11040590942301481,143
86,0.9836583,2.5300070128806373,False,-0.11040590942301481,143
82,0.9734318,2.4759062051951055,False,-0.11876412430090734,143
33,0.9726542,2.4759062051951055,False,-0.11876412430090734,143
91,0.9739561,2.4759062051951055,False,-0.11876412430090734,143
135,0.9751172,2.4759062051951055,False,-0.11876412430090734,143
230,0.9718922,2.4759062051951055,False,-0.11876412430090734,143
31,0.9520681,2.4759062051951055,False,-0.1253919424117743,143
273,0.95636857,2.4759062051951055,False,-0.1253919424117743,143
120,0.95726275,2.4759062051951055,False,-0.1253919424117743,143
37,0.9570348,2.4759062051951055,False,-0.1253919424117743,143
95,0.96428704,2.4759062051951055,False,-0.1253919424117743,143
289,0.9667299,2.4759062051951055,False,-0.1253919424117743,143
287,0.87216204,2.4759062051951055,False,-0.1253919424117743,143
182,0.86486244,2.4759062051951055,False,-0.1253919424117743,143
98,0.97050226,2.4759062051951055,False,-0.1253919424117743,143
265,0.87856233,2.4759062051951055,False,-0.1253919424117743,143
266,0.88045895,2.4759062051951055,False,-0.1253919424117743,143
181,0.88071793,2.4759062051951055,False,-0.1253919424117743,143
149,0.85699344,2.4759062051951055,False,-0.1253919424117743,143
112,0.85789764,2.4759062051951055,False,-0.1253919424117743,143
277,0.85744,2.4759062051951055,False,-0.1253919424117743,143
56,0.9603458,2.4759062051951055,False,-0.1253919424117743,143
20,0.95765525,2.4759062051951055,False,-0.1253919424117743,143
288,0.96661466,2.4759062051951055,False,-0.1253919424117743,143
296,0.9644301,2.4759062051951055,False,-0.1253919424117743,143
118,0.9866842,2.164352105134062,False,-0.13453358527195858,143
119,0.9857335,2.164352105134062,False,-0.13453358527195858,143
106,0.97797346,2.164352105134062,False,-0.13453358527195858,143
235,0.9711694,2.8192848631505347,False,-0.15030754945837582,143
75,0.9756764,2.7131490094204045,False,-0.15188556183718524,143
60,0.9802587,2.8192848631505347,False,-0.15379668757671286,143
96,0.9778067,2.8192848631505347,False,-0.15379668757671286,143
196,0.98414695,2.8192848631505347,False,-0.15379668757671286,143
49,0.97759855,2.8192848631505347,False,-0.15379668757671286,143
50,0.97823274,2.8192848631505347,False,-0.15379668757671286,143
192,0.9829105,2.8192848631505347,False,-0.15379668757671286,143
53,0.9774909,2.8192848631505347,False,-0.15379668757671286,143
102,0.9594641,2.7131490094204045,False,-0.15851337994805217,143
293,0.9375015,2.7131490094204045,False,-0.15851337994805217,143
74,0.96430373,2.7131490094204045,False,-0.15851337994805217,143
76,0.9614475,2.7131490094204045,False,-0.15851337994805217,143
210,0.9764488,2.8192848631505347,False,-0.16157714520803812,143
79,0.986554,2.5797012395235948,False,-0.16957224011695357,143
55,0.98255765,2.5797012395235948,False,-0.16957224011695357,143
122,0.98282826,2.5797012395235948,False,-0.16957224011695357,143
104,0.98756444,2.5797012395235948,False,-0.16957224011695357,143
85,0.97221744,2.5300070128806373,False,-0.17977358598749626,143
57,0.9844141,2.220336323311806,False,-0.183609190487393,143
61,0.9865105,2.220336323311806,False,-0.183609190487393,143
78,0.98869,2.5797012395235948,False,-0.19317623563071576,143
299,0.9719918,2.164352105134062,False,-0.20390126183644,143
115,0.9714818,2.164352105134062,False,-0.20390126183644,143
52,0.98900616,2.220336323311806,False,-0.20721318600115524,143
130,0.9446459,2.4666961439610327,False,-0.21762030706226454,143
110,0.939178,2.4666961439610327,False,-0.21762030706226454,143
111,0.94018495,2.4666961439610327,False,-0.21762030706226454,143
131,0.9075724,2.4666961439610327,False,-0.21762030706226454,143
68,0.9295407,2.4666961439610327,False,-0.21762030706226454,143
67,0.92886883,2.4666961439610327,False,-0.21762030706226454,143
126,0.9283889,2.4666961439610327,False,-0.21762030706226454,143
132,0.9284053,2.4666961439610327,False,-0.21762030706226454,143
191,0.97522855,2.8192848631505347,False,-0.22316436414119428,143
202,0.9589006,2.8192848631505347,False,-0.22979218225206122,143
300,0.94413245,2.8192848631505347,False,-0.22979218225206122,143
217,0.95213854,2.8192848631505347,False,-0.22979218225206122,143
281,0.9492211,2.8192848631505347,False,-0.22979218225206122,143
261,0.94677716,2.8192848631505347,False,-0.22979218225206122,143
275,0.94710714,2.8192848631505347,False,-0.22979218225206122,143
195,0.94722295,2.8192848631505347,False,-0.22979218225206122,143
188,0.95241356,2.8192848631505347,False,-0.22979218225206122,143
97,0.95477676,2.8192848631505347,False,-0.22979218225206122,143
279,0.9552515,2.8192848631505347,False,-0.22979218225206122,143
147,0.9701893,2.8192848631505347,False,-0.22979218225206122,143
198,0.9416172,2.8192848631505347,False,-0.22979218225206122,143
302,0.9424568,2.8192848631505347,False,-0.22979218225206122,143
239,0.94418746,2.8192848631505347,False,-0.22979218225206122,143
125,0.94559294,2.8192848631505347,False,-0.22979218225206122,143
269,0.9464797,2.8192848631505347,False,-0.22979218225206122,143
207,0.94931924,2.8192848631505347,False,-0.22979218225206122,143
160,0.9470342,2.8192848631505347,False,-0.22979218225206122,143
225,0.94596064,2.8192848631505347,False,-0.22979218225206122,143
274,0.9589239,2.8192848631505347,False,-0.22979218225206122,143
234,0.95929116,2.8192848631505347,False,-0.22979218225206122,143
218,0.96103275,2.8192848631505347,False,-0.22979218225206122,143
180,0.9682223,2.8192848631505347,False,-0.22979218225206122,143
176,0.95541716,2.8192848631505347,False,-0.22979218225206122,143
260,0.94696295,2.8192848631505347,False,-0.22979218225206122,143
158,0.9494319,2.8192848631505347,False,-0.22979218225206122,143
94,0.95105046,2.8192848631505347,False,-0.22979218225206122,143
93,0.9515203,2.8192848631505347,False,-0.22979218225206122,143
161,0.956396,2.8192848631505347,False,-0.22979218225206122,143
294,0.9127548,2.8192848631505347,False,-0.22979218225206122,143
165,0.9658772,2.8192848631505347,False,-0.22979218225206122,143
177,0.9619683,2.8192848631505347,False,-0.22979218225206122,143
256,0.9527199,2.8192848631505347,False,-0.22979218225206122,143
184,0.9501697,2.8192848631505347,False,-0.22979218225206122,143
204,0.91949034,2.8192848631505347,False,-0.22979218225206122,143
282,0.9348531,2.8192848631505347,False,-0.22979218225206122,143
48,0.9171023,2.8192848631505347,False,-0.22979218225206122,143
121,0.96926904,2.5797012395235948,False,-0.2455677347923019,143
97,1.0,3.7474868599810933,False,0.73064084395048,56
81,1.0000002,3.5640060680542085,False,0.7285422416395482,56
70,1.0,4.080859017127772,False,0.7228088443756163,56
71,1.0000002,4.080859017127772,False,0.7228088443756163,56
54,1.0000001,4.340926063460508,False,0.6909010917774103,56
57,1.0,4.340926063460508,False,0.6909010917774103,56
310,1.0000002,4.340926063460508,False,0.6909010917774103,56
130,1.0,4.340926063460508,False,0.6909010917774103,56
299,1.0,4.340926063460508,False,0.6909010917774103,56
302,1.0,4.340926063460508,False,0.6909010917774103,56
249,0.99999994,4.340926063460508,False,0.6909010917774103,56
115,1.0000002,4.3171071854678,False,0.6531150906348483,56
114,1.0000001,4.3171071854678,False,0.6531150906348483,56
5,1.0,2.57103228155661,False,0.5959492480884985,56
117,0.9999998,4.373842861656899,False,0.5815381169959234,56
109,0.9957278,4.080859017127772,False,0.5561296411465502,56
118,0.9989145,3.7571330536208536,False,0.5324542486077987,56
119,0.99999976,3.7571330536208536,False,0.5324542486077987,56
304,0.9961369,4.340926063460508,False,0.5264881926358097,56
313,0.994558,4.340926063460508,False,0.5264881926358097,56
312,0.9955091,4.340926063460508,False,0.5264881926358097,56
311,0.9952489,4.340926063460508,False,0.5264881926358097,56
108,0.99999964,4.340926063460508,False,0.5182690180138807,56
301,0.99713767,4.340926063460508,False,0.5053567315531985,56
300,0.99718493,4.340926063460508,False,0.5053567315531985,56
96,0.9971581,4.340926063460508,False,0.5053567315531985,56
92,1.0,3.4792434174466806,False,0.45090344131241467,56
41,0.9935137,4.340926063460508,False,0.4476777791150195,56
95,0.99999976,4.285521636211022,False,0.3129127769884622,56
40,0.9926945,4.340926063460508,False,0.23208015992991543,56
35,0.99155736,4.340926063460508,False,0.19771374237265982,56
50,0.9915732,4.340926063460508,False,0.19771374237265982,56
91,0.99249893,4.285521636211022,False,0.047734253564029216,56
34,0.99067235,4.340926063460508,False,-0.16891927075753094,56
58,0.9905019,4.340926063460508,False,-0.16891927075753094,56
314,0.9908957,4.340926063460508,False,-0.16891927075753094,56
43,0.9906782,4.340926063460508,False,-0.16891927075753094,56
53,0.9913488,4.340926063460508,False,-0.16891927075753094,56
275,0.97278124,2.57103228155661,False,-0.20341711668107904,56
195,0.9662603,2.57103228155661,False,-0.21004493479194597,56
187,0.96396434,2.57103228155661,False,-0.21004493479194597,56
257,0.9622432,2.57103228155661,False,-0.21004493479194597,56
250,0.96631944,2.57103228155661,False,-0.21004493479194597,56
267,0.96047956,2.57103228155661,False,-0.21004493479194597,56
212,0.9663641,2.57103228155661,False,-0.21004493479194597,56
262,0.96359205,2.57103228155661,False,-0.21004493479194597,56
207,0.97989684,4.3171071854678,False,-0.21636168180557963,56
289,0.9787046,4.3171071854678,False,-0.21636168180557963,56
177,0.98327684,4.3171071854678,False,-0.21636168180557963,56
288,0.9777821,4.3171071854678,False,-0.21636168180557963,56
160,0.97622406,4.3171071854678,False,-0.2241421394369049,56
255,0.9802531,4.285521636211022,False,-0.24036430153694627,56
178,0.97919285,4.285521636211022,False,-0.24036430153694627,56
60,0.9869524,4.285521636211022,False,-0.24036430153694627,56
162,0.98418736,4.340926063460508,False,-0.2553036402505562,56
228,0.98395413,4.340926063460508,False,-0.2553036402505562,56
305,0.98437285,4.340926063460508,False,-0.2553036402505562,56
51,0.9831506,4.340926063460508,False,-0.2553036402505562,56
63,0.9822961,4.340926063460508,False,-0.2553036402505562,56
308,0.98172164,4.340926063460508,False,-0.2553036402505562,56
233,0.981568,4.340926063460508,False,-0.2553036402505562,56
246,0.9847282,4.340926063460508,False,-0.2553036402505562,56
52,0.9846546,4.340926063460508,False,-0.2553036402505562,56
61,0.98606986,4.340926063460508,False,-0.2553036402505562,56
303,0.98208547,4.340926063460508,False,-0.2553036402505562,56
72,0.9858208,4.340926063460508,False,-0.2553036402505562,56
197,0.9856504,4.340926063460508,False,-0.2553036402505562,56
142,0.9859476,4.340926063460508,False,-0.2553036402505562,56
283,0.9879898,4.340926063460508,False,-0.2553036402505562,56
59,0.9857446,4.340926063460508,False,-0.2553036402505562,56
222,0.972134,3.4792434174466806,False,-0.25748094919758124,56
66,0.98751307,4.080859017127772,False,-0.25804710090830696,56
279,0.9711032,3.7474868599810933,False,-0.2635341772360751,56
154,0.9687811,3.4792434174466806,False,-0.2641087673084482,56
90,0.96570027,3.4792434174466806,False,-0.2641087673084482,56
268,0.9640774,3.4792434174466806,False,-0.2641087673084482,56
100,0.9654819,3.4792434174466806,False,-0.2641087673084482,56
87,0.9657581,3.4792434174466806,False,-0.2641087673084482,56
88,0.96761644,3.4792434174466806,False,-0.2641087673084482,56
224,0.9662771,3.4792434174466806,False,-0.2641087673084482,56
193,0.961801,3.4792434174466806,False,-0.2641087673084482,56
105,0.9857335,3.7571330536208536,False,-0.2712061136896784,56
188,0.97874534,3.7571330536208536,False,-0.2712061136896784,56
132,0.98891175,4.340926063460508,False,-0.2789076357643183,56
191,0.9726083,4.3171071854678,False,-0.2857293583700611,56
198,0.9738412,4.3171071854678,False,-0.2857293583700611,56
89,0.9350662,3.5640060680542085,True,-0.30754721143640346,56
127,0.91635895,3.5640060680542085,False,-0.30754721143640346,56
101,0.9226943,3.5640060680542085,False,-0.30754721143640346,56
107,0.92087036,3.5640060680542085,False,-0.30754721143640346,56
295,0.9647895,3.5640060680542085,False,-0.30754721143640346,56
67,0.9628763,4.340926063460508,False,-0.3312991349259045,56
68,0.96413183,4.340926063460508,False,-0.3312991349259045,56
111,0.94527483,4.340926063460508,False,-0.3312991349259045,56
126,0.9087595,4.340926063460508,False,-0.3312991349259045,56
131,0.9320011,4.340926063460508,False,-0.3312991349259045,56
74,0.9348842,4.340926063460508,False,-0.3312991349259045,56
80,0.91777176,4.340926063460508,False,-0.3312991349259045,56
110,0.93113613,4.340926063460508,False,-0.3312991349259045,56
75,0.93976355,4.340926063460508,False,-0.3312991349259045,56
65,0.9290576,4.340926063460508,False,-0.3312991349259045,56
129,0.94839346,4.080859017127772,False,-0.33404259558365523,56
64,0.9325036,4.080859017127772,False,-0.33404259558365523,56
42,0.97188926,3.7571330536208536,False,-0.34057379025415985,56
147,0.9567311,3.7474868599810933,False,-0.3430188100297605,56
141,0.96193403,3.7474868599810933,False,-0.3430188100297605,56
261,0.9574933,3.7474868599810933,False,-0.3430188100297605,56
125,0.9608599,3.7474868599810933,False,-0.3430188100297605,56
298,0.96749896,3.7571330536208536,False,-0.3472016083650268,56
106,0.9696733,3.7571330536208536,False,-0.3472016083650268,56
14,0.96772045,3.7571330536208536,False,-0.3472016083650268,56
98,0.9690822,3.7571330536208536,False,-0.3472016083650268,56
118,1.0000004,11.971685123415948,False,0.4503163026155316,453
123,1.0,18.478818441297644,False,0.40535634737186393,453
130,1.0,18.478818441297644,False,0.40535634737186393,453
92,1.0,20.557326529654908,False,0.39285451837927365,453
57,1.0,21.320772601513674,False,0.39285451837927365,453
119,0.9989145,11.971685123415948,False,0.31098492108087444,453
61,1.0000001,20.940305321783363,False,0.30935035699627744,453
95,0.99999976,20.387940841700672,False,0.30057894969891685,453
108,0.99999964,15.499732488505574,False,0.29616016686690916,453
96,0.9971581,21.320772601513674,False,0.2751648342456444,453
50,1.0000002,21.32682416087706,False,0.25858936886386313,453
202,0.9999999,18.478818441297644,False,0.24867678518431957,453
53,0.99943006,21.32682416087706,False,0.1957238220718679,453
84,1.0000002,20.599363786747798,False,0.09136036826574642,453
85,1.0000001,20.599363786747798,False,0.09136036826574642,453
82,0.9958045,20.599363786747798,False,0.03671399609568009,453
83,0.99999976,20.599363786747798,False,0.02849482147375111,453
91,0.99249893,20.387940841700672,False,-0.04270861813493661,453
42,0.9721758,11.971685123415948,False,-0.14573938173687007,453
106,0.97049177,11.971685123415948,False,-0.152367199847737,453
14,0.9676601,11.971685123415948,False,-0.152367199847737,453
98,0.9704515,11.971685123415948,False,-0.152367199847737,453
13,0.96771,11.971685123415948,False,-0.152367199847737,453
298,0.96884364,11.971685123415948,False,-0.152367199847737,453
105,0.9866842,11.971685123415948,False,-0.16995768200796849,453
188,0.9774017,11.971685123415948,False,-0.16995768200796849,453
142,0.9859476,15.499732488505574,False,-0.2181280486787525,453
52,0.9841362,15.499732488505574,False,-0.2181280486787525,453
60,0.9835736,15.499732488505574,False,-0.2181280486787525,453
58,0.9905019,15.499732488505574,False,-0.23973605992081248,453
301,0.9762115,20.599363786747798,False,-0.2443921863331139,453
99,0.97544575,20.599363786747798,False,-0.3059794052662701,453
49,0.97515696,20.599363786747798,False,-0.3059794052662701,453
267,0.97346985,20.599363786747798,False,-0.3059794052662701,453
162,0.974561,20.599363786747798,False,-0.3059794052662701,453
3,0.97445977,20.599363786747798,False,-0.3059794052662701,453
90,0.9753283,20.599363786747798,False,-0.3059794052662701,453
72,0.9734529,20.599363786747798,False,-0.3059794052662701,453
147,0.96901166,21.28180347567116,False,-0.31260722337713703,453
302,0.9795413,20.599363786747798,False,-0.33019770553736855,453
63,0.97973895,20.599363786747798,False,-0.33019770553736855,453
300,0.9777379,20.599363786747798,False,-0.33019770553736855,453
87,0.97826725,20.599363786747798,False,-0.33019770553736855,453
88,0.9778186,20.599363786747798,False,-0.33019770553736855,453
47,0.9779365,20.599363786747798,False,-0.33019770553736855,453
230,0.97861993,20.599363786747798,False,-0.33019770553736855,453
299,0.986902,20.940305321783363,False,-0.34022114845403484,453
304,0.98901784,20.940305321783363,True,-0.36382514396779714,453
303,0.98208547,21.320772601513674,False,-0.37909297221302823,453
21,0.9805512,18.478818441297644,False,-0.40165913560660904,453
178,0.97919285,20.387940841700672,False,-0.40165913560660904,453
255,0.9802531,20.387940841700672,False,-0.40165913560660904,453
10,0.9795196,18.478818441297644,False,-0.40165913560660904,453
19,0.97710454,18.478818441297644,False,-0.40165913560660904,453
23,0.97656333,18.478818441297644,False,-0.40943959323793433,453
132,0.98891175,18.478818441297644,False,-0.4252631311203713,453
222,0.972134,20.557326529654908,False,-0.4484606487775097,453
193,0.961801,20.557326529654908,False,-0.4550884668883766,453
100,0.9654819,20.557326529654908,False,-0.4550884668883766,453
268,0.9640774,20.557326529654908,False,-0.4550884668883766,453
224,0.9662771,20.557326529654908,False,-0.4550884668883766,453
154,0.9687811,20.557326529654908,False,-0.4550884668883766,453
80,0.91777176,18.478818441297644,False,-0.47765463028195754,453
110,0.93113613,18.478818441297644,False,-0.47765463028195754,453
180,0.9452028,18.478818441297644,False,-0.47765463028195754,453
210,0.94994056,18.478818441297644,False,-0.47765463028195754,453
117,0.9446459,18.478818441297644,False,-0.47765463028195754,453
111,0.94527483,18.478818441297644,False,-0.47765463028195754,453
67,0.9628763,18.478818441297644,False,-0.47765463028195754,453
127,0.9091109,18.478818441297644,False,-0.47765463028195754,453
126,0.9087595,18.478818441297644,False,-0.47765463028195754,453
196,0.96577466,18.478818441297644,False,-0.47765463028195754,453
217,0.953906,18.478818441297644,False,-0.47765463028195754,453
160,0.95448315,18.478818441297644,False,-0.47765463028195754,453
158,0.956416,18.478818441297644,False,-0.47765463028195754,453
189,0.9589006,18.478818441297644,False,-0.47765463028195754,453
269,0.94497657,18.478818441297644,False,-0.47765463028195754,453
165,0.9451162,18.478818441297644,False,-0.47765463028195754,453
68,0.96413183,18.478818441297644,False,-0.47765463028195754,453
1,1.0000004,1.950622305067128,False,0.7995223060438725,10
174,0.99999994,2.1295188462698906,False,0.7942019980637695,10
189,1.0000001,2.1295188462698906,False,0.7942019980637695,10
168,1.0000001,2.1295188462698906,True,0.7942019980637695,10
156,1.0000002,2.1295188462698906,False,0.7942019980637695,10
134,1.0000002,2.1295188462698906,False,0.7942019980637695,10
143,1.0,2.1295188462698906,False,0.7942019980637695,10
136,0.99999994,2.1295188462698906,False,0.7942019980637695,10
141,1.0000002,2.1967029962283506,False,0.7858763505728974,10
84,1.0000002,2.1967029962283506,False,0.7858763505728974,10
79,1.0,2.1967029962283506,False,0.7858763505728974,10
69,1.0,2.1967029962283506,False,0.7858763505728974,10
61,1.0000001,2.1967029962283506,False,0.7858763505728974,10
57,1.0,2.1967029962283506,False,0.7858763505728974,10
55,1.0000002,2.1967029962283506,False,0.7858763505728974,10
62,1.0000002,2.1967029962283506,False,0.7858763505728974,10
65,1.0000002,2.1967029962283506,False,0.7858763505728974,10
64,1.0000001,2.1967029962283506,False,0.7858763505728974,10
70,1.0,2.1967029962283506,False,0.7858763505728974,10
101,1.0000002,2.1416932301721503,False,0.7733745215803072,10
298,1.0,2.0443694297512987,False,0.7608118714525245,10
41,1.0000001,2.0443694297512987,True,0.7608118714525245,10
43,1.0000001,2.0443694297512987,False,0.7608118714525245,10
40,0.99999994,2.0443694297512987,False,0.7608118714525245,10
42,1.0000002,2.0443694297512987,False,0.7608118714525245,10
105,1.0000002,1.347000888821493,False,0.7601471613211619,10
88,1.0,1.5156813974345618,False,0.7206047845724295,10
171,1.0000005,1.3928598433045325,False,0.6409665175261929,10
274,1.0000001,1.3928598433045325,False,0.6409665175261929,10
116,1.0000001,1.3928598433045325,False,0.6409665175261929,10
60,0.9999998,2.1967029962283506,False,0.6205856297332735,10
103,0.9999998,2.1967029962283506,False,0.6205856297332735,10
73,0.9999999,2.1967029962283506,False,0.6205856297332735,10
288,0.9999999,2.1967029962283506,False,0.6205856297332735,10
6,0.9985262,1.950622305067128,False,0.6160127695407979,10
178,0.99999964,2.1295188462698906,False,0.6106924615606948,10
71,0.9946378,2.1967029962283506,False,0.6105859886917517,10
77,0.9947618,2.1967029962283506,False,0.6105859886917517,10
289,0.9988797,2.1967029962283506,False,0.6023668140698226,10
78,0.9999994,2.1967029962283506,False,0.6023668140698226,10
76,0.99999976,2.1967029962283506,False,0.6023668140698226,10
59,0.99999964,2.1967029962283506,False,0.6023668140698226,10
56,0.99999964,2.1967029962283506,False,0.6023668140698226,10
39,0.9999998,2.0443694297512987,False,0.5955211506129006,10
96,0.9971581,2.1967029962283506,False,0.5894545276091405,10
109,0.9975029,2.1967029962283506,False,0.5894545276091405,10
313,0.9945971,2.0443694297512987,False,0.5855215095713788,10
312,0.99435747,2.0443694297512987,False,0.5855215095713788,10
311,0.9953525,2.0443694297512987,False,0.5855215095713788,10
34,0.9954854,2.0443694297512987,False,0.5855215095713788,10
124,0.99999964,1.665038020435804,False,0.5784268264539498,10
3,0.99999964,2.0443694297512987,False,0.5773023349494497,10
36,0.9984319,2.0443694297512987,False,0.5643900484887676,10
29,0.9938555,2.0443694297512987,True,0.5580717410278564,10
87,0.9944171,1.5156813974345618,False,0.5475807267787495,10
90,0.99549013,1.5156813974345618,False,0.5475807267787495,10
106,1.0000002,1.3531530748370189,False,0.5453733492950386,10
310,0.9935137,2.0443694297512987,False,0.5197896660299404,10
102,0.9929564,2.1967029962283506,False,0.3894171211801578,10
169,0.9928516,2.1295188462698906,False,0.29624339800683847,10
18,0.9925939,2.0443694297512987,True,0.2927400553959141,10
12,0.99168813,1.950622305067128,False,0.28027585840903757,10
50,0.9915732,2.1967029962283506,False,0.27418690630708603,10
107,0.9917878,2.1967029962283506,False,0.27418690630708603,10
53,0.9923562,2.1967029962283506,False,0.27418690630708603,10
19,0.99225426,2.0443694297512987,True,0.25837363783865835,10
7,0.99127173,1.950622305067128,False,-0.04231218764713873,10
8,0.9912697,1.950622305067128,False,-0.04231218764713873,10
35,0.99064916,2.0443694297512987,False,-0.0642144082175179,10
26,0.9904927,1.950622305067128,False,-0.08843112624997022,10
20,0.99045926,1.950622305067128,False,-0.08843112624997022,10
83,0.971015,1.347000888821493,False,-0.1281105239942082,10
119,0.9857335,1.347000888821493,False,-0.13159966211254515,10
118,0.9866842,1.347000888821493,False,-0.13159966211254515,10
98,0.9769863,1.347000888821493,False,-0.1393801197438704,10
22,0.98835945,1.950622305067128,True,-0.14698562582707686,10
153,0.98697186,2.0443694297512987,False,-0.1505987777105432,10
21,0.98272955,2.0443694297512987,True,-0.1505987777105432,10
13,0.9828319,2.0443694297512987,True,-0.1505987777105432,10
267,0.97076297,1.5156813974345618,False,-0.15629461533974218,10
197,0.97738004,1.5156813974345618,False,-0.15978375345807921,10
86,0.9836583,1.5156813974345618,False,-0.15978375345807921,10
72,0.979773,1.5156813974345618,False,-0.15978375345807921,10
235,0.9711694,2.1295188462698906,False,-0.1618953656681946,10
49,0.97759855,2.1295188462698906,False,-0.1653845037865316,10
91,0.97710896,2.1295188462698906,False,-0.1653845037865316,10
192,0.9829105,2.1295188462698906,False,-0.1653845037865316,10
95,0.97919285,2.1295188462698906,False,-0.1653845037865316,10
196,0.98414695,2.1295188462698906,False,-0.1653845037865316,10
120,0.9707462,2.1967029962283506,False,-0.1678452181758936,10
177,0.9706521,2.1967029962283506,False,-0.1678452181758936,10
31,0.9713783,2.1967029962283506,False,-0.1678452181758936,10
15,0.9888879,1.950622305067128,False,-0.17058962134083908,10
28,0.9892098,1.950622305067128,False,-0.17058962134083908,10
121,0.9792378,2.1967029962283506,False,-0.17133435629423063,10
114,0.9787046,2.1967029962283506,False,-0.17133435629423063,10
230,0.97861993,2.1967029962283506,False,-0.17133435629423063,10
122,0.98821294,2.1967029962283506,False,-0.17133435629423063,10
104,0.9854508,2.1967029962283506,False,-0.17133435629423063,10
2,0.9804735,2.1967029962283506,True,-0.17133435629423063,10
309,0.9830492,2.1967029962283506,False,-0.17133435629423063,10
17,0.98055446,2.1967029962283506,False,-0.17133435629423063,10
30,0.97925276,2.1967029962283506,False,-0.17133435629423063,10
27,0.9798883,2.1967029962283506,False,-0.17133435629423063,10
66,0.98751307,2.1967029962283506,False,-0.17133435629423063,10
58,0.9865105,2.1967029962283506,False,-0.17133435629423063,10
299,0.986902,2.1967029962283506,False,-0.17133435629423063,10
52,0.9846546,2.1967029962283506,False,-0.17133435629423063,10
108,0.9830961,2.1967029962283506,False,-0.17133435629423063,10
303,0.98208547,2.1967029962283506,False,-0.17133435629423063,10
304,0.98618394,2.1967029962283506,False,-0.17133435629423063,10
308,0.98524225,2.1967029962283506,False,-0.17133435629423063,10
305,0.98454905,2.1967029962283506,False,-0.17133435629423063,10
306,0.983858,2.1967029962283506,False,-0.17133435629423063,10
301,0.98325205,2.1967029962283506,False,-0.17133435629423063,10
314,0.98319125,2.1967029962283506,False,-0.17133435629423063,10
190,0.9836608,2.1967029962283506,False,-0.17133435629423063,10
210,0.9764488,2.1295188462698906,False,-0.17316496141785687,10
85,0.97653294,2.1967029962283506,False,-0.1791148139255559,10
51,0.9890313,2.1967029962283506,False,-0.19493835180799282,10
302,0.9884893,2.1967029962283506,False,-0.19493835180799282,10
300,0.9902432,2.1967029962283506,False,-0.19493835180799282,10
115,0.9714818,1.347000888821493,False,-0.20096733867702662,10
14,0.9753271,1.347000888821493,True,-0.20096733867702662,10
291,0.97518677,1.3928598433045325,False,-0.20126581656676876,10
200,0.96828747,1.3928598433045325,False,-0.2078936346776357,10
285,0.9677081,1.3928598433045325,False,-0.2078936346776357,10
176,0.9674438,1.3928598433045325,False,-0.2078936346776357,10
126,0.9245833,1.3928598433045325,False,-0.2078936346776357,10
221,0.97003806,1.3928598433045325,False,-0.2078936346776357,10
273,0.96881664,1.3928598433045325,False,-0.2078936346776357,10
206,0.96910363,1.3928598433045325,False,-0.2078936346776357,10
142,0.96711195,1.3928598433045325,False,-0.2078936346776357,10
258,0.9660746,1.3928598433045325,False,-0.2078936346776357,10
180,0.9655926,1.3928598433045325,False,-0.2078936346776357,10
130,0.9040585,1.3928598433045325,False,-0.2078936346776357,10
67,0.92055047,1.3928598433045325,False,-0.2078936346776357,10
111,0.8699353,1.3928598433045325,False,-0.2078936346776357,10
132,0.88582426,1.3928598433045325,False,-0.2078936346776357,10
110,0.8834345,1.3928598433045325,False,-0.2078936346776357,10
117,0.9024647,1.3928598433045325,False,-0.2078936346776357,10
80,0.91688174,1.3928598433045325,False,-0.2078936346776357,10
68,0.91648144,1.3928598433045325,False,-0.2078936346776357,10
217,0.96543884,1.3928598433045325,False,-0.2078936346776357,10
89,0.95340204,2.1416932301721503,False,-0.22476368757599804,10
75,0.94628537,2.1416932301721503,False,-0.22476368757599804,10
293,0.9514594,1.665038020435804,False,-0.22763801451535182,10
129,0.9315889,1.665038020435804,False,-0.22763801451535182,10
191,0.97522855,2.1295188462698906,False,-0.23475218035101306,10
135,0.9751172,2.1295188462698906,False,-0.23475218035101306,10
237,0.9750668,2.1967029962283506,False,-0.24070203285871206,10
187,0.97205746,2.1967029962283506,False,-0.24070203285871206,10
99,0.97544575,2.1967029962283506,False,-0.24070203285871206,10
94,0.95105046,2.1295188462698906,False,-0.24137999846188,10
218,0.96103275,2.1295188462698906,False,-0.24137999846188,10
277,0.9491129,2.1295188462698906,False,-0.24137999846188,10
282,0.9348531,2.1295188462698906,False,-0.24137999846188,10
225,0.94596064,2.1295188462698906,False,-0.24137999846188,10
260,0.94696295,2.1295188462698906,False,-0.24137999846188,10
234,0.95929116,2.1295188462698906,False,-0.24137999846188,10
93,0.9515203,2.1295188462698906,False,-0.24137999846188,10
158,0.9494319,2.1295188462698906,False,-0.24137999846188,10
195,0.94722295,2.1295188462698906,False,-0.24137999846188,10
188,0.95241356,2.1295188462698906,False,-0.24137999846188,10
261,0.94677716,2.1295188462698906,False,-0.24137999846188,10
275,0.94710714,2.1295188462698906,False,-0.24137999846188,10
207,0.94931924,2.1295188462698906,False,-0.24137999846188,10
161,0.956396,2.1295188462698906,False,-0.24137999846188,10
37,0.9239141,2.1295188462698906,False,-0.24137999846188,10
198,0.9680493,2.1295188462698906,False,-0.24137999846188,10
160,0.9470342,2.1295188462698906,False,-0.24137999846188,10
265,0.87856233,2.1295188462698906,False,-0.24137999846188,10
184,0.9501697,2.1295188462698906,False,-0.24137999846188,10
202,0.9589006,2.1295188462698906,False,-0.24137999846188,10
281,0.9492211,2.1295188462698906,False,-0.24137999846188,10
147,0.9701893,2.1295188462698906,False,-0.24137999846188,10
287,0.87216204,2.1295188462698906,False,-0.24137999846188,10
112,0.85789764,2.1295188462698906,False,-0.24137999846188,10
149,0.85699344,2.1295188462698906,False,-0.24137999846188,10
269,0.9464797,2.1295188462698906,False,-0.24137999846188,10
279,0.9552515,2.1295188462698906,False,-0.24137999846188,10
182,0.86486244,2.1295188462698906,False,-0.24137999846188,10
239,0.94418746,2.1295188462698906,False,-0.24137999846188,10
294,0.9127548,2.1295188462698906,False,-0.24137999846188,10
97,0.95477676,2.1295188462698906,False,-0.24137999846188,10
125,0.94559294,2.1295188462698906,False,-0.24137999846188,10
266,0.88045895,2.1295188462698906,False,-0.24137999846188,10
181,0.88071793,2.1295188462698906,False,-0.24137999846188,10
256,0.9527199,2.1295188462698906,False,-0.24137999846188,10
165,0.9658772,2.1295188462698906,False,-0.24137999846188,10
48,0.9171023,2.1295188462698906,False,-0.24137999846188,10
204,0.91949034,2.1295188462698906,False,-0.24137999846188,10
32,0.96582925,2.1967029962283506,False,-0.247329850969579,10
238,0.96696764,2.1967029962283506,False,-0.247329850969579,10
257,0.9696941,2.1967029962283506,False,-0.247329850969579,10
215,0.9610797,2.1967029962283506,False,-0.247329850969579,10
251,0.9676796,2.1967029962283506,False,-0.247329850969579,10
166,0.96400523,2.1967029962283506,False,-0.247329850969579,10
123,0.95213014,2.1967029962283506,True,-0.247329850969579,10
74,0.96430373,2.1967029962283506,False,-0.247329850969579,10
127,0.9560741,2.1967029962283506,False,-0.247329850969579,10
264,0.90791637,2.1967029962283506,False,-0.247329850969579,10
131,0.9019269,2.1967029962283506,False,-0.247329850969579,10
54,0.9304288,2.1967029962283506,False,-0.247329850969579,10
10,0.94785225,2.1967029962283506,False,-0.247329850969579,10
47,0.9702076,2.1967029962283506,False,-0.247329850969579,10
212,0.9703801,2.1967029962283506,False,-0.247329850969579,10
23,0.9675453,1.3531530748370189,True,-0.27154307501334546,10
87,1.0000001,1.9845823526510533,False,0.8128560771938471,389
55,1.0000002,1.9845823526510533,False,0.8128560771938471,389
17,1.0,1.9845823526510533,False,0.8128560771938471,389
18,1.0000001,1.9845823526510533,False,0.8128560771938471,389
20,1.0000002,1.9845823526510533,False,0.8128560771938471,389
27,1.0000002,1.9845823526510533,False,0.8128560771938471,389
31,1.0000001,1.9845823526510533,False,0.8128560771938471,389
30,1.0000002,1.9845823526510533,False,0.8128560771938471,389
28,1.0,1.9845823526510533,False,0.8128560771938471,389
29,1.0000001,1.9845823526510533,False,0.8128560771938471,389
34,1.0000002,1.9845823526510533,False,0.8128560771938471,389
33,1.0,1.9845823526510533,False,0.8128560771938471,389
38,1.0,1.9845823526510533,False,0.8128560771938471,389
50,1.0000002,1.9845823526510533,False,0.8128560771938471,389
1,1.0000004,1.9845823526510533,False,0.8128560771938471,389
2,1.0000005,1.9845823526510533,False,0.8128560771938471,389
110,1.0000002,1.9845823526510533,False,0.8128560771938471,389
11,1.0,1.9845823526510533,False,0.8128560771938471,389
21,1.0000002,1.9845823526510533,False,0.8128560771938471,389
22,1.0000001,1.9845823526510533,False,0.8128560771938471,389
123,1.0,1.9845823526510533,False,0.8128560771938471,389
71,1.0000002,1.9443760001118924,False,0.7507608101360388,389
70,1.0,1.9443760001118924,False,0.7507608101360388,389
302,1.0,0.8880690539157485,False,0.7384877426803153,389
299,1.0,0.8880690539157485,False,0.7384877426803153,389
307,1.0000002,0.8880690539157485,False,0.7384877426803153,389
298,1.0,1.0468587546417423,False,0.725985913687725,389
311,1.0000002,1.0468587546417423,False,0.725985913687725,389
130,1.0,1.0468587546417423,False,0.725985913687725,389
65,1.0000002,1.5319057632599333,False,0.7138665453222109,389
64,1.0000001,1.5319057632599333,False,0.7138665453222109,389
111,1.0000002,1.7894876537313793,False,0.6928677356462977,389
10,0.9999999,1.9845823526510533,False,0.6475653563542233,389
12,0.9999998,1.9845823526510533,False,0.6475653563542233,389
7,0.9999999,1.9845823526510533,False,0.6475653563542233,389
73,0.9999999,1.9845823526510533,False,0.6475653563542233,389
26,0.9999999,1.9845823526510533,False,0.6475653563542233,389
41,0.9954854,1.9845823526510533,False,0.6375657153127015,389
88,0.9944171,1.9845823526510533,False,0.6375657153127015,389
39,0.9944172,1.9845823526510533,False,0.6375657153127015,389
15,0.99484783,1.9845823526510533,False,0.6375657153127015,389
19,0.9952851,1.9845823526510533,False,0.6375657153127015,389
6,0.99999976,1.9845823526510533,False,0.6293465406907724,389
8,0.99999976,1.9845823526510533,False,0.6293465406907724,389
16,0.99999976,1.9845823526510533,False,0.6293465406907724,389
32,0.99999964,1.9845823526510533,False,0.6293465406907724,389
53,0.99943006,1.9845823526510533,False,0.6293465406907724,389
23,0.99614966,1.9845823526510533,False,0.6241675022059989,389
109,0.9957278,1.9443760001118924,False,0.617382299135845,389
13,0.9968128,1.9845823526510533,False,0.6164342542300902,389
177,0.9999999,1.161473999410846,True,0.5846209155764135,389
58,0.9999998,1.2181380152725563,False,0.5707934965104304,389
308,0.99456406,0.8880690539157485,False,0.5654636848866352,389
300,0.9954728,0.8880690539157485,False,0.5654636848866352,389
306,0.9958091,0.8880690539157485,False,0.5654636848866352,389
304,0.9961369,0.8880690539157485,False,0.5654636848866352,389
107,0.9999999,1.0468587546417423,False,0.5629614969355669,389
40,0.9953525,1.0468587546417423,False,0.5529618558940449,389
43,0.9944343,1.0468587546417423,False,0.5529618558940449,389
310,0.9952489,1.0468587546417423,False,0.5529618558940449,389
301,0.9981017,0.8880690539157485,False,0.544332223804024,389
313,0.9963833,1.0468587546417423,False,0.5395636427873424,389
117,0.9999998,1.4146785999248446,False,0.5352933827447671,389
36,0.9984319,1.0468587546417423,False,0.5318303948114338,389
312,0.99646145,1.0468587546417423,False,0.5318303948114338,389
314,0.9930229,1.9845823526510533,False,0.5174831521789753,389
303,0.99327904,0.8880690539157485,False,0.5035592006726032,389
96,0.9925796,1.9845823526510533,False,0.34861162046464317,389
90,0.99178386,1.9845823526510533,False,0.31424520290738756,389
57,0.9915732,1.9845823526510533,False,0.31424520290738756,389
35,0.99232554,1.9845823526510533,False,0.31424520290738756,389
77,0.9923438,1.0468587546417423,False,0.31027335694096436,389
76,0.9917878,1.0468587546417423,False,0.31027335694096436,389
305,0.99233466,0.8880690539157485,False,0.3059669719125857,389
24,0.99141,1.9845823526510533,False,0.07661749705847404,389
108,0.9905019,1.2181380152725563,False,-0.02129090356131726,389
60,0.99139106,1.9845823526510533,False,-0.02660262151399103,389
61,0.991111,1.9845823526510533,False,-0.02660262151399103,389
52,0.9907137,1.9845823526510533,False,-0.02660262151399103,389
289,0.9706521,1.161473999410846,False,-0.10554436060062722,389
114,0.98327684,1.161473999410846,False,-0.10903349871896427,389
115,0.98375446,1.161473999410846,False,-0.10903349871896427,389
198,0.9826759,1.161473999410846,False,-0.10903349871896427,389
101,0.97118366,1.0468587546417423,False,-0.11349898917681303,389
66,0.98751307,1.0468587546417423,False,-0.11698812729515005,389
3,0.97721064,1.0468587546417423,False,-0.11698812729515005,389
102,0.9875616,1.0468587546417423,False,-0.11698812729515005,389
91,0.98297954,1.2181380152725563,False,-0.12596434174125534,389
124,0.98032,1.5319057632599333,False,-0.1388647002715892,389
51,0.9831506,0.8880690539157485,False,-0.139554290688731,389
59,0.9857446,0.8880690539157485,False,-0.139554290688731,389
63,0.9822961,0.8880690539157485,False,-0.139554290688731,389
132,0.98891175,1.0468587546417423,False,-0.1405921228089123,389
120,0.9707462,1.9845823526510533,False,-0.14149171164025304,389
175,0.9708544,1.9845823526510533,False,-0.14149171164025304,389
103,0.98255765,1.9845823526510533,False,-0.14498084975859007,389
9,0.98363274,1.9845823526510533,False,-0.14498084975859007,389
153,0.9876014,1.9845823526510533,False,-0.14498084975859007,389
49,0.98680425,1.9845823526510533,False,-0.14498084975859007,389
309,0.98418,1.9845823526510533,False,-0.14498084975859007,389
14,0.9868605,1.9845823526510533,False,-0.14498084975859007,389
42,0.98054445,1.9845823526510533,False,-0.14498084975859007,389
84,0.97826725,1.9845823526510533,False,-0.14498084975859007,389
86,0.97673255,1.9845823526510533,False,-0.15276130738991534,389
104,0.9766959,1.9845823526510533,False,-0.15276130738991534,389
79,0.97630537,1.9845823526510533,False,-0.15276130738991534,389
160,0.9748241,1.161473999410846,False,-0.17840117528344568,389
207,0.97249603,1.161473999410846,False,-0.17840117528344568,389
269,0.9730542,1.161473999410846,False,-0.17840117528344568,389
212,0.9675025,1.161473999410846,False,-0.1850289933943126,389
288,0.9688928,1.161473999410846,False,-0.1850289933943126,389
82,0.9734318,1.0468587546417423,False,-0.1863558038596315,389
67,0.9628763,1.0468587546417423,False,-0.19298362197049843,389
98,0.97050226,1.0468587546417423,False,-0.19298362197049843,389
126,0.9087595,1.0468587546417423,False,-0.19298362197049843,389
80,0.91777176,1.0468587546417423,False,-0.19298362197049843,389
127,0.9091109,1.0468587546417423,False,-0.19298362197049843,389
68,0.96413183,1.0468587546417423,False,-0.19298362197049843,389
75,0.96830446,1.0468587546417423,False,-0.19298362197049843,389
89,0.9562758,1.0468587546417423,False,-0.19298362197049843,389
54,0.9304288,1.0468587546417423,False,-0.19298362197049843,389
131,0.9417888,1.0468587546417423,False,-0.19298362197049843,389
129,0.94839346,1.0468587546417423,False,-0.19298362197049843,389
78,0.97539556,1.9845823526510533,False,-0.2143485263230715,389
72,0.9749367,1.9845823526510533,False,-0.2143485263230715,389
197,0.9726115,1.9845823526510533,False,-0.2143485263230715,389
293,0.9375015,1.5319057632599333,False,-0.21486019494693756,389
74,0.96430373,1.5319057632599333,False,-0.21486019494693756,389
105,0.96280354,1.9845823526510533,False,-0.22097634443393843,389
122,0.97049356,1.9845823526510533,False,-0.22097634443393843,389
112,0.9011507,1.9845823526510533,False,-0.22097634443393843,389
264,0.90791637,1.9845823526510533,False,-0.22097634443393843,389
46,0.9703828,1.9845823526510533,False,-0.22097634443393843,389
62,0.9654201,1.9845823526510533,False,-0.22097634443393843,389
83,0.9569039,1.9845823526510533,False,-0.22097634443393843,389
193,0.970551,1.9845823526510533,False,-0.22097634443393843,389
110,1.0000002,2.1294649390121,False,0.8158614167046162,79
71,1.0000002,1.571067528068365,False,0.8068573389807384,79
70,1.0,1.571067528068365,False,0.8068573389807384,79
274,1.0000001,2.083200781697627,False,0.7885005870457699,79
57,1.0,2.083200781697627,True,0.7885005870457699,79
91,1.0,2.083200781697627,False,0.7885005870457699,79
114,1.0000001,1.2598582801532974,False,0.7628123648403012,79
115,1.0000002,1.2598582801532974,False,0.7628123648403012,79
97,1.0,1.0200593911173397,False,0.7384877426803153,79
111,1.0000002,1.7543328359672532,False,0.7037263919319002,79
109,0.9957278,1.571067528068365,False,0.6315669770995926,79
58,0.9999998,2.083200781697627,False,0.6232098662061459,79
192,0.9999999,2.083200781697627,False,0.6232098662061459,79
52,0.9999997,2.083200781697627,False,0.6049910505426951,79
96,0.99999964,2.083200781697627,False,0.6049910505426951,79
49,0.9938158,2.083200781697627,False,0.5857604566211018,79
119,0.99999976,1.8974920771308763,False,0.5393615521568205,79
118,0.9989145,1.8974920771308763,False,0.5393615521568205,79
60,0.9930667,2.083200781697627,False,0.5306701676022167,79
53,0.99305856,2.083200781697627,False,0.5306701676022167,79
50,0.9925796,2.083200781697627,False,0.3307618709261321,79
95,0.99249893,2.083200781697627,False,0.29639545336887635,79
108,0.9905019,2.083200781697627,True,-0.02619259268729996,79
212,0.9851457,1.3517831121783286,False,-0.10903349871896427,79
207,0.97989684,1.3517831121783286,False,-0.10903349871896427,79
177,0.98375446,1.3517831121783286,False,-0.10903349871896427,79
250,0.97607225,1.3517831121783286,False,-0.11681395635028954,79
262,0.97597194,1.3517831121783286,False,-0.11681395635028954,79
279,0.9711032,1.926317095703026,False,-0.12156072676064696,79
61,0.9865105,2.083200781697627,False,-0.13086603086723808,79
303,0.98208547,2.083200781697627,False,-0.13086603086723808,79
136,0.9829105,2.083200781697627,False,-0.13086603086723808,79
288,0.9777821,1.2598582801532974,False,-0.1400189782936542,79
289,0.9787046,1.2598582801532974,False,-0.1400189782936542,79
160,0.97622406,1.2598582801532974,False,-0.14779943592497946,79
188,0.97874534,1.8974920771308763,False,-0.15978375345807921,79
105,0.9857335,1.8974920771308763,False,-0.15978375345807921,79
66,0.98751307,1.571067528068365,False,-0.16899489095566156,79
198,0.9738412,1.3517831121783286,False,-0.17840117528344568,79
65,0.9246131,1.7543328359672532,False,-0.19206914510822706,79
67,0.9477696,1.7543328359672532,False,-0.19206914510822706,79
68,0.95229405,1.7543328359672532,False,-0.19206914510822706,79
130,0.94527483,1.7543328359672532,True,-0.19206914510822706,79
132,0.93748206,1.7543328359672532,False,-0.19206914510822706,79
117,0.94018495,1.7543328359672532,False,-0.19206914510822706,79
127,0.92224,1.7543328359672532,False,-0.19206914510822706,79
76,0.91547763,1.7543328359672532,False,-0.19206914510822706,79
141,0.96193403,1.926317095703026,False,-0.20104535955433236,79
261,0.9574933,1.926317095703026,False,-0.20104535955433236,79
275,0.9605508,1.926317095703026,False,-0.20104535955433236,79
125,0.9608599,1.926317095703026,False,-0.20104535955433236,79
5,0.9555752,1.926317095703026,False,-0.20104535955433236,79
147,0.9567311,1.926317095703026,False,-0.20104535955433236,79
187,0.9554015,1.926317095703026,False,-0.20104535955433236,79
257,0.96054256,1.926317095703026,False,-0.20104535955433236,79
225,0.9461678,2.083200781697627,False,-0.20686152554258644,79
285,0.9677081,2.083200781697627,False,-0.20686152554258644,79
176,0.9674438,2.083200781697627,False,-0.20686152554258644,79
258,0.9660746,2.083200781697627,False,-0.20686152554258644,79
217,0.96543884,2.083200781697627,False,-0.20686152554258644,79
142,0.96711195,2.083200781697627,False,-0.20686152554258644,79
180,0.9655926,2.083200781697627,False,-0.20686152554258644,79
158,0.9490533,2.083200781697627,False,-0.20686152554258644,79
94,0.942453,2.083200781697627,False,-0.20686152554258644,79
277,0.94237626,2.083200781697627,False,-0.20686152554258644,79
179,0.93893147,2.083200781697627,False,-0.20686152554258644,79
37,0.94113576,2.083200781697627,False,-0.20686152554258644,79
260,0.95036185,2.083200781697627,False,-0.20686152554258644,79
191,0.9726083,1.2598582801532974,False,-0.20938665485813565,79
42,0.97188926,1.8974920771308763,False,-0.22915143002256064,79
80,0.9225857,2.1294649390121,False,-0.23342536988569418,79
64,0.9058969,2.1294649390121,False,-0.23342536988569418,79
126,0.9227898,2.1294649390121,False,-0.23342536988569418,79
298,0.96749896,1.8974920771308763,False,-0.23577924813342757,79
98,0.9690822,1.8974920771308763,False,-0.23577924813342757,79
14,0.96772045,1.8974920771308763,False,-0.23577924813342757,79
106,0.9696733,1.8974920771308763,False,-0.23577924813342757,79
107,0.9326147,1.571067528068365,False,-0.2449903856310099,79
101,0.93718684,1.571067528068365,False,-0.2449903856310099,79
54,0.9304288,1.571067528068365,True,-0.2449903856310099,79
129,0.94839346,1.571067528068365,False,-0.2449903856310099,79
131,0.9417888,1.571067528068365,False,-0.2449903856310099,79
307,1.0000002,1.1495854188691315,True,0.7818610208004133,81
308,1.0000001,1.1495854188691315,True,0.7818610208004133,81
122,1.0,4.144869288533864,False,0.7228088443756163,81
66,1.0,5.43610024777418,False,0.63343072353012,81
89,1.0000001,5.103294948028403,False,0.6257350586360424,81
306,0.9958091,1.1495854188691315,False,0.6088369630067333,81
303,0.99644417,1.1495854188691315,True,0.5954387499000308,81
305,0.9942373,1.1495854188691315,False,0.581387194463211,81
113,0.9999999,3.8925426124332634,False,0.5285070220132014,81
177,0.9999999,5.106520111535822,False,0.5277694511066788,81
117,0.9999998,4.787772170446199,False,0.3886862893824854,81
103,0.9999998,4.511211042990349,False,0.3561860328757763,81
314,0.9788651,1.172110551908795,False,-0.1335910851901211,81
59,0.9809357,1.172110551908795,False,-0.1335910851901211,81
38,0.97808325,1.172110551908795,False,-0.1335910851901211,81
312,0.97803783,1.172110551908795,False,-0.1335910851901211,81
313,0.97919947,1.172110551908795,False,-0.1335910851901211,81
300,0.9849044,1.1495854188691315,False,-0.14123118162989784,81
60,0.9824914,1.1495854188691315,False,-0.14123118162989784,81
304,0.98705137,1.1495854188691315,True,-0.14123118162989784,81
301,0.9834411,1.1495854188691315,False,-0.14123118162989784,81
79,0.986554,4.511211042990349,False,-0.14851597201387295,81
55,0.98255765,4.511211042990349,False,-0.14851597201387295,81
104,0.98756444,4.511211042990349,False,-0.14851597201387295,81
78,0.98869,4.511211042990349,False,-0.17211996752763525,81
230,0.9707113,3.8925426124332634,False,-0.17563906404618426,81
185,0.97920793,3.8925426124332634,False,-0.1791282021645213,81
219,0.97834563,3.8925426124332634,False,-0.1791282021645213,81
28,0.97280186,4.511211042990349,False,-0.21788364857835446,81
15,0.9719355,4.511211042990349,False,-0.21788364857835446,81
7,0.9701934,4.511211042990349,False,-0.2245114666892214,81
121,0.96926904,4.511211042990349,False,-0.2245114666892214,81
233,0.9723495,3.8925426124332634,False,-0.24849587872900272,81
159,0.9717361,3.8925426124332634,False,-0.24849587872900272,81
162,0.97301865,3.8925426124332634,False,-0.24849587872900272,81
289,0.9706521,5.106520111535822,False,-0.24982307905464315,81
114,0.98327684,5.106520111535822,False,-0.2533122171729802,81
115,0.98375446,5.106520111535822,False,-0.2533122171729802,81
198,0.9826759,5.106520111535822,False,-0.2533122171729802,81
95,0.96982205,3.8925426124332634,False,-0.25512369683986963,81
267,0.96946204,3.8925426124332634,False,-0.25512369683986963,81
228,0.96927404,3.8925426124332634,False,-0.25512369683986963,81
2,0.9834118,4.144869288533864,False,-0.25804710090830696,81
22,0.98103905,4.144869288533864,False,-0.25804710090830696,81
74,0.9708257,5.103294948028403,False,-0.30366914724014343,81
132,0.9284053,4.787772170446199,False,-0.312739358635494,81
130,0.9446459,4.787772170446199,False,-0.312739358635494,81
111,0.94018495,4.787772170446199,False,-0.312739358635494,81
110,0.939178,4.787772170446199,False,-0.312739358635494,81
67,0.92886883,4.787772170446199,False,-0.312739358635494,81
68,0.9295407,4.787772170446199,False,-0.312739358635494,81
126,0.9283889,4.787772170446199,False,-0.312739358635494,81
131,0.9075724,4.787772170446199,False,-0.312739358635494,81
64,0.91817003,4.787772170446199,False,-0.312739358635494,81
160,0.9748241,5.106520111535822,False,-0.3226798937374616,81
269,0.9730542,5.106520111535822,False,-0.3226798937374616,81
207,0.97249603,5.106520111535822,False,-0.3226798937374616,81
71,0.98568213,5.43610024777418,False,-0.3290439503499761,81
70,0.98751307,5.43610024777418,False,-0.3290439503499761,81
109,0.98599464,5.43610024777418,False,-0.3290439503499761,81
212,0.9675025,5.106520111535822,False,-0.3293077118483285,81
288,0.9688928,5.106520111535822,False,-0.3293077118483285,81
75,0.9756193,5.103294948028403,False,-0.3765259619229619,81
127,0.95034856,5.103294948028403,False,-0.38315378003382883,81
65,0.96780396,5.103294948028403,False,-0.38315378003382883,81
54,0.95131266,5.103294948028403,False,-0.38315378003382883,81
101,0.95340204,5.103294948028403,False,-0.38315378003382883,81
107,0.9562758,5.103294948028403,False,-0.38315378003382883,81
77,0.9462843,5.103294948028403,False,-0.38315378003382883,81
129,0.9537653,5.43610024777418,False,-0.4050394450253245,81
70,1.0,5.055657648351258,False,0.7228088443756163,75
115,1.0000002,4.9538672916162,False,0.7228088443756163,75
114,1.0000001,4.9538672916162,False,0.7228088443756163,75
71,1.0000002,5.055657648351258,False,0.7228088443756163,75
57,1.0,4.770015087081496,False,0.6531150906348483,75
249,0.99999994,4.770015087081496,False,0.6531150906348483,75
299,1.0,4.770015087081496,False,0.6531150906348483,75
130,1.0,4.770015087081496,False,0.6531150906348483,75
54,1.0000001,4.770015087081496,False,0.6531150906348483,75
310,1.0000002,4.770015087081496,False,0.6531150906348483,75
302,1.0,4.770015087081496,False,0.6531150906348483,75
97,1.0,4.887707760522254,False,0.6528838251063221,75
5,1.0,4.875402101260519,False,0.6358440814293729,75
81,1.0000002,3.65473224830108,False,0.584858458028073,75
118,0.9989145,4.455564882801341,False,0.5643016558804543,75
119,0.99999976,4.455564882801341,False,0.5643016558804543,75
109,0.9957278,5.055657648351258,False,0.5561296411465502,75
313,0.994558,4.770015087081496,False,0.5283477382867339,75
312,0.9955091,4.770015087081496,False,0.5283477382867339,75
311,0.9952489,4.770015087081496,False,0.5283477382867339,75
304,0.9961369,4.770015087081496,False,0.5283477382867339,75
108,0.99999964,4.770015087081496,False,0.5201285636648049,75
96,0.9971581,4.770015087081496,False,0.5072162772041227,75
301,0.99713767,4.770015087081496,False,0.5072162772041227,75
300,0.99718493,4.770015087081496,False,0.5072162772041227,75
95,0.99999976,3.066053430022444,False,0.45190051786694624,75
89,1.0000001,3.4792434174466806,False,0.45090344131241467,75
41,0.9935137,4.770015087081496,False,0.4495373247659436,75
40,0.9926945,4.770015087081496,False,0.22869611037029,75
91,0.99249893,3.066053430022444,False,0.19520573656342097,75
50,0.9915732,4.770015087081496,False,0.1943296928130344,75
35,0.99155736,4.770015087081496,False,0.1943296928130344,75
53,0.9913488,4.770015087081496,False,-0.14419093212091144,75
58,0.9905019,4.770015087081496,False,-0.14419093212091144,75
34,0.99067235,4.770015087081496,False,-0.14419093212091144,75
43,0.9906782,4.770015087081496,False,-0.14419093212091144,75
314,0.9908957,4.770015087081496,False,-0.14419093212091144,75
255,0.9802531,3.066053430022444,False,-0.18179728623624528,75
178,0.97919285,3.066053430022444,False,-0.18179728623624528,75
60,0.9869524,3.066053430022444,False,-0.18179728623624528,75
74,0.9708257,3.4792434174466806,False,-0.1846241345147628,75
212,0.9851457,4.824249691367722,False,-0.2016943655581022,75
207,0.97989684,4.824249691367722,False,-0.2016943655581022,75
177,0.98375446,4.824249691367722,False,-0.2016943655581022,75
262,0.97597194,4.824249691367722,False,-0.20947482318942745,75
250,0.97607225,4.824249691367722,False,-0.20947482318942745,75
279,0.9711032,4.887707760522254,False,-0.2131038092157688,75
52,0.9846546,4.770015087081496,False,-0.21636168180557963,75
61,0.98606986,4.770015087081496,False,-0.21636168180557963,75
303,0.98208547,4.770015087081496,False,-0.21636168180557963,75
308,0.98172164,4.770015087081496,False,-0.21636168180557963,75
63,0.9822961,4.770015087081496,False,-0.21636168180557963,75
197,0.9856504,4.770015087081496,False,-0.21636168180557963,75
246,0.9847282,4.770015087081496,False,-0.21636168180557963,75
233,0.981568,4.770015087081496,False,-0.21636168180557963,75
305,0.98437285,4.770015087081496,False,-0.21636168180557963,75
59,0.9857446,4.770015087081496,False,-0.21636168180557963,75
142,0.9859476,4.770015087081496,False,-0.21636168180557963,75
283,0.9879898,4.770015087081496,False,-0.21636168180557963,75
51,0.9831506,4.770015087081496,False,-0.21636168180557963,75
267,0.9858419,4.770015087081496,False,-0.21636168180557963,75
162,0.98418736,4.770015087081496,False,-0.21636168180557963,75
228,0.98395413,4.770015087081496,False,-0.21636168180557963,75
72,0.9858208,4.770015087081496,False,-0.21636168180557963,75
132,0.98891175,4.770015087081496,False,-0.23996567731934182,75
75,0.9756193,3.4792434174466806,False,-0.25748094919758124,75
66,0.98751307,5.055657648351258,False,-0.25804710090830696,75
289,0.9787046,4.9538672916162,False,-0.25804710090830696,75
288,0.9777821,4.9538672916162,False,-0.25804710090830696,75
65,0.96780396,3.4792434174466806,False,-0.2641087673084482,75
127,0.95034856,3.4792434174466806,False,-0.2641087673084482,75
77,0.9462843,3.4792434174466806,False,-0.2641087673084482,75
107,0.9562758,3.4792434174466806,False,-0.2641087673084482,75
101,0.95340204,3.4792434174466806,False,-0.2641087673084482,75
160,0.97622406,4.9538672916162,False,-0.2658275585396322,75
188,0.97874534,4.455564882801341,False,-0.26787165866761603,75
105,0.9857335,4.455564882801341,False,-0.26787165866761603,75
198,0.9738412,4.824249691367722,False,-0.2710620421225836,75
131,0.9320011,4.770015087081496,False,-0.292357176480928,75
126,0.9087595,4.770015087081496,False,-0.292357176480928,75
80,0.91777176,4.770015087081496,False,-0.292357176480928,75
110,0.93113613,4.770015087081496,False,-0.292357176480928,75
117,0.9446459,4.770015087081496,False,-0.292357176480928,75
111,0.94527483,4.770015087081496,False,-0.292357176480928,75
67,0.9628763,4.770015087081496,False,-0.292357176480928,75
68,0.96413183,4.770015087081496,False,-0.292357176480928,75
257,0.96054256,4.887707760522254,False,-0.29258844200945416,75
261,0.9574933,4.887707760522254,False,-0.29258844200945416,75
141,0.96193403,4.887707760522254,False,-0.29258844200945416,75
275,0.9605508,4.887707760522254,False,-0.29258844200945416,75
125,0.9608599,4.887707760522254,False,-0.29258844200945416,75
147,0.9567311,4.887707760522254,False,-0.29258844200945416,75
187,0.9554015,4.887707760522254,False,-0.29258844200945416,75
191,0.9726083,4.9538672916162,False,-0.3274147774727883,75
129,0.94839346,5.055657648351258,False,-0.33404259558365523,75
64,0.9325036,5.055657648351258,False,-0.33404259558365523,75
42,0.97188926,4.455564882801341,False,-0.3372393352320974,75
298,0.96749896,4.455564882801341,False,-0.34386715334296436,75
14,0.96772045,4.455564882801341,False,-0.34386715334296436,75
106,0.9696733,4.455564882801341,False,-0.34386715334296436,75
98,0.9690822,4.455564882801341,False,-0.34386715334296436,75
295,0.9647895,3.65473224830108,False,-0.39827548632870136,75
195,0.9662603,4.875402101260519,False,-0.4002795824646091,75
249,0.99999994,2.083200781697627,False,0.7885005870457699,78
130,1.0,2.083200781697627,False,0.7885005870457699,78
57,1.0,2.083200781697627,True,0.7885005870457699,78
54,1.0000001,2.083200781697627,False,0.7885005870457699,78
302,1.0,2.083200781697627,False,0.7885005870457699,78
299,1.0,2.083200781697627,False,0.7885005870457699,78
310,1.0000002,2.083200781697627,False,0.7885005870457699,78
97,1.0,2.1809519650080778,False,0.7863699984889058,78
111,1.0000002,1.3736330879290835,False,0.7621209192316578,78
307,1.0000002,1.4629961183780176,False,0.7514832195889138,78
64,1.0000001,1.916953090880023,False,0.750982585783929,78
65,1.0000002,1.916953090880023,False,0.750982585783929,78
110,1.0000002,1.4539992636791677,False,0.7422642032132761,78
304,0.9961369,2.083200781697627,False,0.6132102251646242,78
313,0.994558,2.083200781697627,False,0.6132102251646242,78
311,0.9952489,2.083200781697627,False,0.6132102251646242,78
312,0.9955091,2.083200781697627,False,0.6132102251646242,78
108,0.99999964,2.083200781697627,False,0.6049910505426951,78
96,0.99999964,1.9442304630746916,True,0.5982144963268058,78
301,0.99713767,2.083200781697627,False,0.592078764082013,78
300,0.99718493,2.083200781697627,False,0.592078764082013,78
306,0.9958091,1.4629961183780176,False,0.5784591617952339,78
308,0.99456406,1.4629961183780176,False,0.5784591617952339,78
53,0.99305856,1.9442304630746916,False,0.5407018274072963,78
60,0.9930667,1.9442304630746916,False,0.5407018274072963,78
177,0.9999999,2.0080716778412913,False,0.5389860208362267,78
41,0.9935137,2.083200781697627,False,0.5306701676022167,78
303,0.99327904,1.4629961183780176,False,0.49591910423282654,78
50,0.99943006,2.1730756259315682,False,0.48246362162512213,78
40,0.9926945,2.083200781697627,False,0.3307618709261321,78
305,0.99233466,1.4629961183780176,False,0.29832687547280906,78
35,0.99155736,2.083200781697627,False,0.29639545336887635,78
34,0.99067235,2.083200781697627,False,-0.02619259268729996,78
58,0.9905019,2.083200781697627,True,-0.02619259268729996,78
43,0.9906782,2.083200781697627,False,-0.02619259268729996,78
314,0.9908957,2.083200781697627,False,-0.02619259268729996,78
279,0.9711032,1.9442304630746916,False,-0.056229411278723614,78
61,0.9908703,2.1730756259315682,False,-0.05962557066633106,78
52,0.9912154,2.1730756259315682,True,-0.05962557066633106,78
95,0.9867786,1.9442304630746916,False,-0.059718549397060665,78
91,0.98679864,1.9442304630746916,True,-0.059718549397060665,78
142,0.9859476,2.083200781697627,False,-0.13086603086723808,78
197,0.9856504,2.083200781697627,False,-0.13086603086723808,78
246,0.9847282,2.083200781697627,False,-0.13086603086723808,78
72,0.9858208,2.083200781697627,False,-0.13086603086723808,78
267,0.9858419,2.083200781697627,False,-0.13086603086723808,78
283,0.9879898,2.083200781697627,False,-0.13086603086723808,78
59,0.9857446,2.083200781697627,False,-0.13086603086723808,78
51,0.9831506,2.083200781697627,False,-0.13086603086723808,78
63,0.9822961,2.083200781697627,False,-0.13086603086723808,78
228,0.98395413,2.083200781697627,False,-0.13086603086723808,78
162,0.98418736,2.083200781697627,False,-0.13086603086723808,78
262,0.9813261,2.083200781697627,False,-0.13086603086723808,78
233,0.981568,2.083200781697627,False,-0.13086603086723808,78
141,0.96193403,1.9442304630746916,False,-0.135714044072409,78
125,0.9608599,1.9442304630746916,False,-0.135714044072409,78
147,0.9567311,1.9442304630746916,False,-0.135714044072409,78
261,0.9574933,1.9442304630746916,False,-0.135714044072409,78
187,0.9554015,1.9442304630746916,False,-0.135714044072409,78
5,0.9555752,1.9442304630746916,False,-0.135714044072409,78
275,0.9605508,1.9442304630746916,False,-0.135714044072409,78
257,0.96054256,1.9442304630746916,False,-0.135714044072409,78
38,0.97808325,1.4629961183780176,False,-0.14719438712850766,78
49,0.9876325,2.1730756259315682,False,-0.1500853890379121,78
124,0.98032,1.916953090880023,False,-0.15382054795946937,78
132,0.98891175,2.083200781697627,False,-0.1544700263810003,78
289,0.9706521,1.9386320596921809,False,-0.15779456291157526,78
115,0.98375446,1.9386320596921809,False,-0.1612837010299123,78
114,0.98327684,1.9386320596921809,False,-0.1612837010299123,78
198,0.9826759,1.9386320596921809,False,-0.1612837010299123,78
117,0.94018495,1.3736330879290835,False,-0.1991156582678314,78
127,0.92224,1.3736330879290835,False,-0.1991156582678314,78
76,0.91547763,1.3736330879290835,False,-0.1991156582678314,78
68,0.95229405,1.3736330879290835,False,-0.1991156582678314,78
67,0.9477696,1.3736330879290835,False,-0.1991156582678314,78
75,0.93976355,2.083200781697627,False,-0.20686152554258644,78
89,0.95131266,2.083200781697627,False,-0.20686152554258644,78
70,0.9304288,2.083200781697627,False,-0.20686152554258644,78
74,0.9348842,2.083200781697627,False,-0.20686152554258644,78
66,0.9368184,2.083200781697627,False,-0.20686152554258644,78
80,0.91777176,2.083200781697627,False,-0.20686152554258644,78
126,0.9087595,2.083200781697627,False,-0.20686152554258644,78
131,0.9320011,2.083200781697627,False,-0.20686152554258644,78
71,0.932031,2.083200781697627,False,-0.20686152554258644,78
102,0.9594641,1.916953090880023,False,-0.22981604263481775,78
77,0.9644271,1.916953090880023,False,-0.22981604263481775,78
101,0.95700794,1.916953090880023,False,-0.22981604263481775,78
293,0.9375015,1.916953090880023,False,-0.22981604263481775,78
42,0.94842637,1.916953090880023,False,-0.22981604263481775,78
19,0.9490862,1.916953090880023,False,-0.22981604263481775,78
123,0.95213014,1.916953090880023,False,-0.22981604263481775,78
10,0.94785225,1.916953090880023,False,-0.22981604263481775,78
107,0.94998217,1.916953090880023,False,-0.22981604263481775,78
129,0.93694437,1.916953090880023,False,-0.22981604263481775,78
21,0.95300364,1.916953090880023,False,-0.22981604263481775,78
160,0.9748241,1.9386320596921809,False,-0.23065137759439372,78
207,0.97249603,1.9386320596921809,False,-0.23065137759439372,78
269,0.9730542,1.9386320596921809,False,-0.23065137759439372,78
212,0.9675025,1.9386320596921809,False,-0.23727919570526065,78
288,0.9688928,1.9386320596921809,False,-0.23727919570526065,78
61,1.0000001,2.122129567495536,False,0.7931704164634964,72
65,1.0000002,1.8323604246570515,False,0.7911966585530005,72
1,1.0000004,2.8435025664244025,False,0.7206083892204254,72
90,1.0000001,2.2545247426511428,False,0.6547483124998148,72
67,0.99999994,2.4950889846663906,False,0.6538632824843608,72
131,1.0000002,2.5035554141689906,False,0.6353404402869378,72
130,1.0,2.5035554141689906,False,0.6353404402869378,72
132,1.0000001,2.5035554141689906,False,0.6353404402869378,72
64,1.0000001,2.709594956410775,False,0.6218013936954686,72
196,1.0000001,2.1277240340674037,False,0.5702309031236027,72
197,1.0000002,2.1277240340674037,False,0.5702309031236027,72
6,0.9985262,2.8435025664244025,False,0.5457100113694301,72
88,0.99549013,2.2545247426511428,False,0.5236361055870866,72
68,0.9987775,2.4950889846663906,False,0.481231208720831,72
72,0.99999976,2.1277240340674037,False,0.3975988293600731,72
87,0.99178386,2.2545247426511428,False,0.27437477726422055,72
12,0.99168813,2.8435025664244025,False,0.20838321661367135,72
50,0.991111,2.122129567495536,False,-0.0397825416347756,72
53,0.9908703,2.122129567495536,False,-0.0397825416347756,72
86,0.9845911,2.2545247426511428,False,-0.10597642034503989,72
7,0.99127173,2.8435025664244025,False,-0.12108148888053549,72
8,0.9912697,2.8435025664244025,False,-0.12108148888053549,72
299,0.986902,2.122129567495536,False,-0.14445597981471373,72
58,0.9865105,2.122129567495536,False,-0.14445597981471373,72
124,0.98032,2.709594956410775,False,-0.15972761821534562,72
26,0.9904927,2.8435025664244025,False,-0.16720042748336703,72
20,0.99045926,2.8435025664244025,False,-0.16720042748336703,72
300,0.9902432,2.122129567495536,False,-0.16805997532847594,72
301,0.98943245,2.122129567495536,False,-0.16805997532847594,72
304,0.98901784,2.122129567495536,False,-0.16805997532847594,72
302,0.9884893,2.122129567495536,False,-0.16805997532847594,72
60,0.98942316,2.122129567495536,False,-0.16805997532847594,72
189,0.98414695,2.1277240340674037,False,-0.172005425050908,72
175,0.9814183,2.1277240340674037,False,-0.172005425050908,72
162,0.9819553,2.1277240340674037,False,-0.172005425050908,72
246,0.98288167,2.1277240340674037,False,-0.172005425050908,72
228,0.9839874,2.1277240340674037,False,-0.172005425050908,72
267,0.9843025,2.1277240340674037,False,-0.172005425050908,72
249,0.9856504,2.1277240340674037,False,-0.172005425050908,72
262,0.9792924,2.1277240340674037,False,-0.172005425050908,72
84,0.9753283,2.2545247426511428,True,-0.17534409690952135,72
117,0.9284053,2.5035554141689906,False,-0.18162188062159562,72
272,0.90139616,2.5035554141689906,False,-0.18162188062159562,72
110,0.9163984,2.5035554141689906,False,-0.18162188062159562,72
80,0.88920903,2.5035554141689906,False,-0.18162188062159562,72
111,0.93748206,2.5035554141689906,False,-0.18162188062159562,72
293,0.9369123,2.5035554141689906,False,-0.18162188062159562,72
77,0.93826437,2.5035554141689906,False,-0.18162188062159562,72
127,0.95007867,2.5035554141689906,False,-0.18162188062159562,72
109,0.9430442,2.5035554141689906,False,-0.18162188062159562,72
129,0.9537051,2.5035554141689906,False,-0.18162188062159562,72
71,0.94485146,2.5035554141689906,False,-0.18162188062159562,72
70,0.9417888,2.5035554141689906,False,-0.18162188062159562,72
66,0.9431976,2.5035554141689906,False,-0.18162188062159562,72
107,0.94142663,2.5035554141689906,False,-0.18162188062159562,72
126,0.9087595,2.5035554141689906,False,-0.18162188062159562,72
166,0.9688488,2.2545247426511428,False,-0.1819719150203883,72
22,0.98835945,2.8435025664244025,False,-0.20746585837356074,72
75,0.9756764,1.8323604246570515,False,-0.2223031548992573,72
89,0.96780396,1.8323604246570515,False,-0.22893097301012424,72
74,0.96430373,1.8323604246570515,False,-0.22893097301012424,72
21,0.95300364,1.8323604246570515,False,-0.22893097301012424,72
10,0.94785225,1.8323604246570515,False,-0.22893097301012424,72
42,0.94842637,1.8323604246570515,False,-0.22893097301012424,72
19,0.9490862,1.8323604246570515,False,-0.22893097301012424,72
123,0.95213014,1.8323604246570515,False,-0.22893097301012424,72
28,0.9892098,2.8435025664244025,False,-0.23106985388732298,72
15,0.9888879,2.8435025664244025,False,-0.23106985388732298,72
76,0.9614475,2.709594956410775,False,-0.23572311289069403,72
101,0.95700794,2.709594956410775,False,-0.23572311289069403,72
102,0.9594641,2.709594956410775,False,-0.23572311289069403,72
116,0.92055047,2.4950889846663906,False,-0.24670185921861013,72
202,0.96577466,2.1277240340674037,False,-0.24800091972625635,72
217,0.9504174,2.1277240340674037,False,-0.24800091972625635,72
165,0.95441246,2.1277240340674037,False,-0.24800091972625635,72
198,0.953485,2.1277240340674037,False,-0.24800091972625635,72
210,0.9504868,2.1277240340674037,False,-0.24800091972625635,72
160,0.94869125,2.1277240340674037,False,-0.24800091972625635,72
184,0.95013744,2.1277240340674037,False,-0.24800091972625635,72
307,1.0000002,1.1331623613672477,True,0.7846629808599936,420
308,1.0000001,1.1331623613672477,False,0.7846629808599936,420
299,1.0,1.172110551908795,False,0.7688655438918147,420
302,1.0,1.172110551908795,False,0.7688655438918147,420
89,1.0000001,5.557433544055604,False,0.6367567776341451,420
66,1.0,4.906564018356564,False,0.63343072353012,420
306,0.9958091,1.1331623613672477,False,0.6261023202553307,420
303,0.99644417,1.1331623613672477,False,0.6127041071486282,420
305,0.9942373,1.1331623613672477,False,0.5986525517118083,420
300,0.9954728,1.172110551908795,False,0.5958414860981347,420
304,0.9961369,1.172110551908795,False,0.5958414860981347,420
142,0.99999976,1.172110551908795,False,0.5876223114762056,420
177,0.9999999,5.186150339817053,False,0.5860440624667619,420
301,0.99713767,1.172110551908795,False,0.5747100250155235,420
122,1.0,3.622730180160079,False,0.5554233953313243,420
103,0.9999998,3.7334319118047987,False,0.5383473793282557,420
113,0.9999999,3.276853210856236,False,0.5124969509796132,420
117,0.9999998,4.679543616439921,False,0.4598063514121459,420
312,0.97803783,1.1331623613672477,False,-0.0743606670194941,420
59,0.98524225,1.1331623613672477,False,-0.0743606670194941,420
313,0.97919947,1.1331623613672477,False,-0.0743606670194941,420
314,0.9788651,1.1331623613672477,False,-0.0743606670194941,420
38,0.97808325,1.1331623613672477,False,-0.0743606670194941,420
60,0.9824914,1.1331623613672477,False,-0.0743606670194941,420
51,0.98806286,1.172110551908795,False,-0.1335910851901211,420
61,0.986902,1.172110551908795,False,-0.1335910851901211,420
108,0.9859476,1.172110551908795,False,-0.1335910851901211,420
58,0.9790094,1.172110551908795,False,-0.1335910851901211,420
63,0.9822961,1.172110551908795,False,-0.1335910851901211,420
57,0.9764581,1.172110551908795,False,-0.14137154282144637,420
52,0.97328943,1.172110551908795,False,-0.20295876175460262,420
53,0.97345966,1.172110551908795,False,-0.20295876175460262,420
50,0.9735527,1.172110551908795,False,-0.20295876175460262,420
96,0.9753999,1.172110551908795,False,-0.20295876175460262,420
79,0.986554,3.7334319118047987,False,-0.21636168180557963,420
55,0.98255765,3.7334319118047987,False,-0.21636168180557963,420
104,0.98756444,3.7334319118047987,False,-0.21636168180557963,420
230,0.9707113,3.276853210856236,False,-0.2340333946301915,420
219,0.97834563,3.276853210856236,False,-0.23752253274852855,420
185,0.97920793,3.276853210856236,False,-0.23752253274852855,420
78,0.98869,3.7334319118047987,False,-0.23996567731934182,420
289,0.9706521,5.186150339817053,False,-0.2721804811467933,420
198,0.9826759,5.186150339817053,False,-0.27566961926513023,420
115,0.98375446,5.186150339817053,False,-0.27566961926513023,420
114,0.98327684,5.186150339817053,False,-0.27566961926513023,420
28,0.97280186,3.7334319118047987,False,-0.2857293583700611,420
15,0.9719355,3.7334319118047987,False,-0.2857293583700611,420
2,0.9834118,3.622730180160079,False,-0.2897673027961492,420
22,0.98103905,3.622730180160079,False,-0.2897673027961492,420
121,0.96926904,3.7334319118047987,False,-0.292357176480928,420
7,0.9701934,3.7334319118047987,False,-0.292357176480928,420
233,0.9723495,3.276853210856236,False,-0.3068902093130099,420
159,0.9717361,3.276853210856236,False,-0.3068902093130099,420
162,0.97301865,3.276853210856236,False,-0.3068902093130099,420
228,0.96927404,3.276853210856236,False,-0.31351802742387685,420
267,0.96946204,3.276853210856236,False,-0.31351802742387685,420
95,0.96982205,3.276853210856236,False,-0.31351802742387685,420
74,0.9708257,5.557433544055604,False,-0.31978874219998227,420
70,0.98751307,4.906564018356564,False,-0.3290439503499761,420
71,0.98568213,4.906564018356564,False,-0.3290439503499761,420
109,0.98599464,4.906564018356564,False,-0.3290439503499761,420
269,0.9730542,5.186150339817053,False,-0.3450372958296117,420
160,0.9748241,5.186150339817053,False,-0.3450372958296117,420
207,0.97249603,5.186150339817053,False,-0.3450372958296117,420
212,0.9675025,5.186150339817053,False,-0.3516651139404786,420
288,0.9688928,5.186150339817053,False,-0.3516651139404786,420
67,0.92886883,4.679543616439921,False,-0.37668453772049765,420
110,0.939178,4.679543616439921,False,-0.37668453772049765,420
111,0.94018495,4.679543616439921,False,-0.37668453772049765,420
130,0.9446459,4.679543616439921,False,-0.37668453772049765,420
68,0.9295407,4.679543616439921,False,-0.37668453772049765,420
64,0.91817003,4.679543616439921,False,-0.37668453772049765,420
131,0.9075724,4.679543616439921,False,-0.37668453772049765,420
132,0.9284053,4.679543616439921,False,-0.37668453772049765,420
126,0.9283889,4.679543616439921,False,-0.37668453772049765,420
75,0.9756193,5.557433544055604,False,-0.3926455568828007,420
101,0.95340204,5.557433544055604,False,-0.3992733749936676,420
54,0.95131266,5.557433544055604,False,-0.3992733749936676,420
127,0.95034856,5.557433544055604,False,-0.3992733749936676,420
107,0.9562758,5.557433544055604,False,-0.3992733749936676,420
65,0.96780396,5.557433544055604,False,-0.3992733749936676,420
77,0.9462843,5.557433544055604,False,-0.3992733749936676,420
129,0.9537653,4.906564018356564,False,-0.4050394450253245,420
298,1.0,3.001314843573468,False,0.8054847507706775,34
40,0.99999994,3.001314843573468,False,0.8054847507706775,34
41,1.0000001,3.001314843573468,False,0.8054847507706775,34
42,1.0000002,3.001314843573468,False,0.8054847507706775,34
168,1.0000001,2.1967029962283506,False,0.7858763505728974,34
38,1.0,2.1967029962283506,False,0.7858763505728974,34
45,1.0000001,2.1967029962283506,False,0.7858763505728974,34
123,1.0,2.1967029962283506,False,0.7858763505728974,34
21,1.0000002,2.1967029962283506,False,0.7858763505728974,34
24,1.0,2.1967029962283506,False,0.7858763505728974,34
22,1.0000001,2.1967029962283506,False,0.7858763505728974,34
29,1.0000001,2.1967029962283506,False,0.7858763505728974,34
14,1.0,2.1967029962283506,False,0.7858763505728974,34
2,1.0000005,2.1967029962283506,False,0.7858763505728974,34
18,1.0000001,2.1967029962283506,False,0.7858763505728974,34
13,1.0000002,2.1967029962283506,False,0.7858763505728974,34
174,0.99999994,1.033354205384345,False,0.7684728088120341,34
143,1.0,1.033354205384345,False,0.7684728088120341,34
189,1.0000001,1.033354205384345,False,0.7684728088120341,34
136,0.99999994,1.033354205384345,False,0.7684728088120341,34
156,1.0000002,1.033354205384345,False,0.7684728088120341,34
134,1.0000002,1.033354205384345,False,0.7684728088120341,34
274,1.0000001,2.835678188237451,False,0.7672712828173273,34
116,1.0000001,2.835678188237451,False,0.7672712828173273,34
171,1.0000005,2.835678188237451,False,0.7672712828173273,34
88,1.0,3.1075522252691674,False,0.7360172240282769,34
106,1.0000002,1.4070155270767797,False,0.7338179132625887,34
66,1.0,3.0203700483945397,False,0.7230217471196783,34
105,1.0000002,2.7426256256396893,False,0.7061916909821815,34
101,1.0000002,1.7208903142394998,False,0.6591835904644638,34
69,1.0,2.2871958793069394,True,0.6538632824843608,34
313,0.99462515,3.001314843573468,False,0.6301943888895317,34
312,0.99435747,3.001314843573468,False,0.6301943888895317,34
311,0.9953525,3.001314843573468,False,0.6301943888895317,34
39,0.9949986,3.001314843573468,False,0.6301943888895317,34
34,0.9954854,3.001314843573468,False,0.6301943888895317,34
43,0.9944343,3.001314843573468,False,0.6301943888895317,34
3,0.99999964,3.001314843573468,False,0.6219752142676027,34
23,0.9999999,2.1967029962283506,False,0.6205856297332735,34
46,0.9999999,2.1967029962283506,False,0.6205856297332735,34
44,0.9999999,2.1967029962283506,False,0.6205856297332735,34
25,0.9999999,2.1967029962283506,False,0.6205856297332735,34
10,0.9952851,2.1967029962283506,False,0.6105859886917517,34
36,0.9984319,3.001314843573468,False,0.6090629278069205,34
193,0.99999964,2.1967029962283506,False,0.6023668140698226,34
19,0.9999997,2.1967029962283506,False,0.6023668140698226,34
178,0.99999964,1.033354205384345,False,0.5872295763964249,34
90,0.99549013,3.1075522252691674,False,0.5693380207992107,34
87,0.9944171,3.1075522252691674,False,0.5693380207992107,34
310,0.9935137,2.1967029962283506,False,0.5356029344983679,34
314,0.9930229,2.1967029962283506,False,0.4774248555786738,34
12,0.9928945,2.1967029962283506,False,0.3894171211801578,34
169,0.9928516,1.033354205384345,False,0.3496828822531848,34
7,0.99141,2.1967029962283506,False,0.03655920045817263,34
224,0.9913431,2.1967029962283506,False,-0.06666091811429248,34
35,0.99064916,2.1967029962283506,False,-0.06666091811429248,34
235,0.9711694,1.033354205384345,False,-0.12216067148650916,34
196,0.98414695,1.033354205384345,False,-0.12564980960484617,34
91,0.97710896,1.033354205384345,False,-0.12564980960484617,34
53,0.9774909,1.033354205384345,False,-0.12564980960484617,34
96,0.9778067,1.033354205384345,False,-0.12564980960484617,34
49,0.97759855,1.033354205384345,False,-0.12564980960484617,34
60,0.9802587,1.033354205384345,True,-0.12564980960484617,34
95,0.97919285,1.033354205384345,False,-0.12564980960484617,34
50,0.97823274,1.033354205384345,False,-0.12564980960484617,34
192,0.9829105,1.033354205384345,False,-0.12564980960484617,34
210,0.9764488,1.033354205384345,False,-0.13343026723617143,34
107,0.97118366,1.7208903142394998,False,-0.14881834846546999,34
83,0.971015,2.7426256256396893,False,-0.1651965589134977,34
153,0.9706416,2.1967029962283506,False,-0.1678452181758936,34
118,0.9866842,2.7426256256396893,False,-0.1686856970318347,34
119,0.9857335,2.7426256256396893,False,-0.1686856970318347,34
27,0.9798883,2.2871958793069394,False,-0.1707063645432618,34
26,0.982718,2.2871958793069394,False,-0.1707063645432618,34
17,0.98055446,2.2871958793069394,False,-0.1707063645432618,34
309,0.9830492,2.2871958793069394,False,-0.1707063645432618,34
30,0.97925276,2.2871958793069394,False,-0.1707063645432618,34
6,0.9857427,2.1967029962283506,False,-0.17133435629423063,34
15,0.9881432,2.1967029962283506,False,-0.17133435629423063,34
8,0.9868114,2.1967029962283506,False,-0.17133435629423063,34
28,0.9852655,2.1967029962283506,False,-0.17133435629423063,34
1,0.98835945,2.1967029962283506,False,-0.17133435629423063,34
47,0.97951955,2.1967029962283506,False,-0.17133435629423063,34
268,0.9782693,2.1967029962283506,False,-0.17133435629423063,34
175,0.9786384,2.1967029962283506,False,-0.17133435629423063,34
16,0.9839634,2.1967029962283506,False,-0.17133435629423063,34
98,0.9769863,2.7426256256396893,False,-0.17646615466315996,34
100,0.9759989,2.1967029962283506,False,-0.1791148139255559,34
32,0.97681594,2.1967029962283506,False,-0.1791148139255559,34
191,0.97522855,1.033354205384345,False,-0.19501748616932763,34
135,0.9751172,1.033354205384345,False,-0.19501748616932763,34
302,0.9424568,1.033354205384345,False,-0.20164530428019456,34
61,0.9441085,1.033354205384345,True,-0.20164530428019456,34
217,0.95213854,1.033354205384345,False,-0.20164530428019456,34
37,0.9239141,1.033354205384345,False,-0.20164530428019456,34
282,0.9348531,1.033354205384345,False,-0.20164530428019456,34
198,0.9680493,1.033354205384345,False,-0.20164530428019456,34
287,0.9150954,1.033354205384345,False,-0.20164530428019456,34
165,0.9658772,1.033354205384345,False,-0.20164530428019456,34
177,0.9619683,1.033354205384345,False,-0.20164530428019456,34
256,0.9527199,1.033354205384345,False,-0.20164530428019456,34
294,0.9127548,1.033354205384345,False,-0.20164530428019456,34
204,0.91949034,1.033354205384345,False,-0.20164530428019456,34
277,0.9296345,1.033354205384345,False,-0.20164530428019456,34
48,0.9171023,1.033354205384345,False,-0.20164530428019456,34
225,0.92015004,1.033354205384345,False,-0.20164530428019456,34
300,0.94413245,1.033354205384345,False,-0.20164530428019456,34
202,0.9589006,1.033354205384345,False,-0.20164530428019456,34
161,0.956396,1.033354205384345,False,-0.20164530428019456,34
188,0.95241356,1.033354205384345,False,-0.20164530428019456,34
195,0.94722295,1.033354205384345,False,-0.20164530428019456,34
147,0.9701893,1.033354205384345,False,-0.20164530428019456,34
275,0.94710714,1.033354205384345,False,-0.20164530428019456,34
125,0.94559294,1.033354205384345,False,-0.20164530428019456,34
261,0.94677716,1.033354205384345,False,-0.20164530428019456,34
239,0.94418746,1.033354205384345,False,-0.20164530428019456,34
97,0.95477676,1.033354205384345,False,-0.20164530428019456,34
279,0.9552515,1.033354205384345,False,-0.20164530428019456,34
180,0.9682223,1.033354205384345,False,-0.20164530428019456,34
158,0.9494319,1.033354205384345,False,-0.20164530428019456,34
260,0.94696295,1.033354205384345,False,-0.20164530428019456,34
94,0.95105046,1.033354205384345,False,-0.20164530428019456,34
112,0.85789764,1.033354205384345,False,-0.20164530428019456,34
266,0.88045895,1.033354205384345,False,-0.20164530428019456,34
265,0.87856233,1.033354205384345,False,-0.20164530428019456,34
149,0.85699344,1.033354205384345,False,-0.20164530428019456,34
182,0.86486244,1.033354205384345,False,-0.20164530428019456,34
281,0.9492211,1.033354205384345,False,-0.20164530428019456,34
184,0.9501697,1.033354205384345,False,-0.20164530428019456,34
207,0.94931924,1.033354205384345,False,-0.20164530428019456,34
160,0.9470342,1.033354205384345,False,-0.20164530428019456,34
269,0.9464797,1.033354205384345,False,-0.20164530428019456,34
181,0.88071793,1.033354205384345,False,-0.20164530428019456,34
176,0.94101757,1.033354205384345,False,-0.20164530428019456,34
218,0.96103275,1.033354205384345,False,-0.20164530428019456,34
93,0.9515203,1.033354205384345,False,-0.20164530428019456,34
234,0.95929116,1.033354205384345,False,-0.20164530428019456,34
71,0.98568213,3.0203700483945397,False,-0.20270599581284543,34
109,0.98599464,3.0203700483945397,False,-0.20270599581284543,34
70,0.98751307,3.0203700483945397,True,-0.20270599581284543,34
267,0.97076297,3.1075522252691674,False,-0.20685695413428504,34
197,0.97738004,3.1075522252691674,False,-0.21034609225262205,34
84,0.9778186,3.1075522252691674,True,-0.21034609225262205,34
72,0.979773,3.1075522252691674,False,-0.21034609225262205,34
86,0.9836583,3.1075522252691674,False,-0.21034609225262205,34
77,0.97447,1.7208903142394998,False,-0.22167516314828845,34
76,0.9755937,1.7208903142394998,True,-0.22167516314828845,34
102,0.97421384,1.7208903142394998,False,-0.22167516314828845,34
89,0.95340204,1.7208903142394998,False,-0.22830298125915538,34
75,0.94628537,1.7208903142394998,False,-0.22830298125915538,34
124,0.95271415,1.7208903142394998,False,-0.22830298125915538,34
64,0.95700794,1.7208903142394998,True,-0.22830298125915538,34
85,0.97433794,2.7426256256396893,False,-0.23805337359631615,34
115,0.9714818,2.7426256256396893,False,-0.23805337359631615,34
299,0.9719918,2.7426256256396893,False,-0.23805337359631615,34
230,0.9718922,2.1967029962283506,False,-0.24070203285871206,34
82,0.9734318,2.1967029962283506,False,-0.24070203285871206,34
33,0.9726542,2.1967029962283506,False,-0.24070203285871206,34
108,0.97537357,2.835678188237451,False,-0.24339382691054248,34
291,0.97518677,2.835678188237451,False,-0.24339382691054248,34
288,0.9720267,2.835678188237451,True,-0.24339382691054248,34
56,0.9603458,2.1967029962283506,True,-0.247329850969579,34
20,0.95765525,2.1967029962283506,False,-0.247329850969579,34
31,0.9520681,2.1967029962283506,False,-0.247329850969579,34
120,0.96957326,2.1967029962283506,False,-0.247329850969579,34
273,0.95636857,2.1967029962283506,False,-0.247329850969579,34
289,0.9667299,2.1967029962283506,True,-0.247329850969579,34
296,0.9644301,2.1967029962283506,False,-0.247329850969579,34
117,0.9024647,2.835678188237451,False,-0.2500216450214094,34
80,0.91688174,2.835678188237451,False,-0.2500216450214094,34
68,0.91648144,2.835678188237451,False,-0.2500216450214094,34
111,0.8699353,2.835678188237451,False,-0.2500216450214094,34
126,0.9245833,2.835678188237451,False,-0.2500216450214094,34
130,0.9040585,2.835678188237451,False,-0.2500216450214094,34
110,0.8834345,2.835678188237451,False,-0.2500216450214094,34
132,0.88582426,2.835678188237451,False,-0.2500216450214094,34
67,0.92055047,2.835678188237451,False,-0.2500216450214094,34
206,0.96910363,2.835678188237451,False,-0.2500216450214094,34
200,0.96828747,2.835678188237451,False,-0.2500216450214094,34
221,0.97003806,2.835678188237451,False,-0.2500216450214094,34
58,0.9693429,2.835678188237451,False,-0.2500216450214094,34
285,0.9677081,2.835678188237451,False,-0.2500216450214094,34
142,0.96711195,2.835678188237451,False,-0.2500216450214094,34
258,0.9660746,2.835678188237451,False,-0.2500216450214094,34
129,0.9537653,3.0203700483945397,False,-0.27870149048819376,34
127,0.94749284,3.0203700483945397,False,-0.27870149048819376,34
1,1.0000004,3.519022175581273,False,0.8391812500401661,412
88,1.0,2.8818600861734724,False,0.7981497178338116,412
101,1.0000002,0.90085796062427,False,0.7621505568930053,412
105,1.0000002,3.4831333021299544,False,0.7382176791834678,412
171,1.0000005,3.0524351736717117,False,0.7206083892204254,412
116,1.0000001,3.0524351736717117,False,0.7206083892204254,412
274,1.0000001,3.0524351736717117,False,0.7206083892204254,412
168,1.0000001,2.537272979764315,False,0.7183519177019517,412
123,1.0,2.537272979764315,False,0.7183519177019517,412
21,1.0000002,2.537272979764315,False,0.7183519177019517,412
45,1.0000001,2.537272979764315,False,0.7183519177019517,412
41,1.0000001,2.537272979764315,False,0.7183519177019517,412
22,1.0000001,2.537272979764315,False,0.7183519177019517,412
24,1.0,2.537272979764315,False,0.7183519177019517,412
18,1.0000001,2.537272979764315,False,0.7183519177019517,412
14,1.0,2.537272979764315,False,0.7183519177019517,412
29,1.0000001,2.537272979764315,False,0.7183519177019517,412
38,1.0,2.537272979764315,False,0.7183519177019517,412
2,1.0000005,2.537272979764315,False,0.7183519177019517,412
13,1.0000002,2.537272979764315,False,0.7183519177019517,412
189,1.0000001,1.997819871471801,False,0.6846808963656527,412
136,0.99999994,1.997819871471801,False,0.6846808963656527,412
143,1.0,1.997819871471801,False,0.6846808963656527,412
156,1.0000002,1.997819871471801,False,0.6846808963656527,412
174,0.99999994,1.997819871471801,False,0.6846808963656527,412
134,1.0000002,1.997819871471801,False,0.6846808963656527,412
6,0.9985262,3.519022175581273,False,0.6556717135370914,412
141,1.0000002,2.2871958793069394,False,0.6538632824843608,412
57,1.0,2.2871958793069394,False,0.6538632824843608,412
55,1.0000002,2.2871958793069394,False,0.6538632824843608,412
79,1.0,2.2871958793069394,False,0.6538632824843608,412
70,1.0,2.2871958793069394,False,0.6538632824843608,412
69,1.0,2.2871958793069394,True,0.6538632824843608,412
65,1.0000002,2.2871958793069394,False,0.6538632824843608,412
64,1.0000001,2.2871958793069394,False,0.6538632824843608,412
62,1.0000002,2.2871958793069394,False,0.6538632824843608,412
84,1.0000002,2.2871958793069394,False,0.6538632824843608,412
61,1.0000001,2.2871958793069394,False,0.6538632824843608,412
106,1.0000002,2.0728969399286132,False,0.6453731828222357,412
124,0.99999964,3.2450338365296485,False,0.6280478610917961,412
87,0.9944171,2.8818600861734724,False,0.622859355952666,412
90,0.99549013,2.8818600861734724,False,0.622859355952666,412
44,0.9999999,2.537272979764315,False,0.5616723555144073,412
46,0.9999999,2.537272979764315,False,0.5616723555144073,412
25,0.9999999,2.537272979764315,False,0.5616723555144073,412
23,0.9999999,2.537272979764315,False,0.5616723555144073,412
34,0.9954854,2.537272979764315,False,0.5516727144728855,412
39,0.9949986,2.537272979764315,False,0.5516727144728855,412
10,0.9952851,2.537272979764315,False,0.5516727144728855,412
19,0.9990314,2.537272979764315,False,0.5434535398509565,412
193,0.99999964,2.537272979764315,False,0.5434535398509565,412
178,0.99999964,1.997819871471801,False,0.512048822602123,412
40,0.9937335,2.537272979764315,False,0.5111443759500114,412
298,0.9938555,2.537272979764315,False,0.5111443759500114,412
288,0.9999999,2.2871958793069394,False,0.499450024384282,412
60,0.9999998,2.2871958793069394,False,0.499450024384282,412
73,0.9999999,2.2871958793069394,False,0.499450024384282,412
103,0.9999998,2.2871958793069394,False,0.499450024384282,412
77,0.9947618,2.2871958793069394,False,0.48945038334276003,412
71,0.9946378,2.2871958793069394,False,0.48945038334276003,412
76,0.99999976,2.2871958793069394,False,0.481231208720831,412
289,0.99999976,2.2871958793069394,False,0.481231208720831,412
78,0.9999994,2.2871958793069394,False,0.481231208720831,412
56,0.99999964,2.2871958793069394,False,0.481231208720831,412
59,0.99999964,2.2871958793069394,False,0.481231208720831,412
311,0.9930445,2.537272979764315,False,0.4766896602795016,412
310,0.9935137,2.537272979764315,False,0.4766896602795016,412
312,0.9934268,2.537272979764315,False,0.4766896602795016,412
96,0.9971581,2.2871958793069394,False,0.4683189222601489,412
109,0.9975029,2.2871958793069394,False,0.4683189222601489,412
314,0.9930229,2.537272979764315,False,0.4185115813598075,412
12,0.9928945,2.537272979764315,False,0.3419925333166448,412
102,0.9929564,2.2871958793069394,False,0.32713167029823675,412
169,0.9928516,1.997819871471801,False,0.28599081481423605,412
107,0.9917878,2.2871958793069394,False,0.245172000765681,412
53,0.9923562,2.2871958793069394,False,0.245172000765681,412
50,0.9915732,2.2871958793069394,False,0.245172000765681,412
36,0.99177396,2.537272979764315,False,0.226762318443573,412
43,0.99153125,2.537272979764315,False,0.226762318443573,412
313,0.9921954,2.537272979764315,False,0.226762318443573,412
7,0.99141,2.537272979764315,False,0.01111774561788925,412
35,0.99064916,2.537272979764315,False,-0.08444260868543164,412
224,0.9913431,2.537272979764315,False,-0.08444260868543164,412
8,0.9912697,3.519022175581273,False,-0.1218412820715074,412
83,0.9709768,2.8818600861734724,False,-0.15794764589815247,412
267,0.97076297,2.8818600861734724,False,-0.15794764589815247,412
72,0.979773,2.8818600861734724,False,-0.16143678401648948,412
197,0.97738004,2.8818600861734724,False,-0.16143678401648948,412
86,0.9836583,2.8818600861734724,False,-0.16143678401648948,412
120,0.9707462,2.2871958793069394,False,-0.16721722642492473,412
31,0.9713783,2.2871958793069394,False,-0.16721722642492473,412
177,0.9706521,2.2871958793069394,False,-0.16721722642492473,412
122,0.98282826,2.2871958793069394,False,-0.1707063645432618,412
28,0.9828924,2.2871958793069394,False,-0.1707063645432618,412
58,0.9865105,2.2871958793069394,False,-0.1707063645432618,412
20,0.9775542,2.2871958793069394,False,-0.1707063645432618,412
299,0.986902,2.2871958793069394,False,-0.1707063645432618,412
104,0.9792446,2.2871958793069394,False,-0.1707063645432618,412
306,0.983858,2.2871958793069394,False,-0.1707063645432618,412
301,0.98325205,2.2871958793069394,False,-0.1707063645432618,412
17,0.98055446,2.2871958793069394,False,-0.1707063645432618,412
309,0.9830492,2.2871958793069394,False,-0.1707063645432618,412
26,0.982718,2.2871958793069394,False,-0.1707063645432618,412
305,0.98454905,2.2871958793069394,False,-0.1707063645432618,412
91,0.9881662,2.2871958793069394,False,-0.1707063645432618,412
95,0.9869524,2.2871958793069394,False,-0.1707063645432618,412
121,0.98178685,2.2871958793069394,False,-0.1707063645432618,412
114,0.9787046,2.2871958793069394,False,-0.1707063645432618,412
190,0.9836608,2.2871958793069394,False,-0.1707063645432618,412
15,0.9813187,2.2871958793069394,False,-0.1707063645432618,412
108,0.9830961,2.2871958793069394,False,-0.1707063645432618,412
303,0.98208547,2.2871958793069394,False,-0.1707063645432618,412
52,0.9846546,2.2871958793069394,False,-0.1707063645432618,412
27,0.9798883,2.2871958793069394,False,-0.1707063645432618,412
304,0.98618394,2.2871958793069394,False,-0.1707063645432618,412
308,0.98524225,2.2871958793069394,False,-0.1707063645432618,412
30,0.97925276,2.2871958793069394,False,-0.1707063645432618,412
66,0.98751307,2.2871958793069394,False,-0.1707063645432618,412
230,0.97861993,2.2871958793069394,False,-0.1707063645432618,412
85,0.97653294,2.2871958793069394,False,-0.17848682217458706,412
235,0.9711694,1.997819871471801,False,-0.17902460829882755,412
192,0.9829105,1.997819871471801,False,-0.18251374641716459,412
196,0.98414695,1.997819871471801,False,-0.18251374641716459,412
49,0.97759855,1.997819871471801,False,-0.18251374641716459,412
153,0.9706416,2.537272979764315,False,-0.18562690874703275,412
175,0.9786384,2.537272979764315,False,-0.18911604686536979,412
3,0.97721064,2.537272979764315,False,-0.18911604686536979,412
16,0.9839634,2.537272979764315,False,-0.18911604686536979,412
47,0.97951955,2.537272979764315,False,-0.18911604686536979,412
268,0.9782693,2.537272979764315,False,-0.18911604686536979,412
210,0.9764488,1.997819871471801,False,-0.19029420404848985,412
51,0.9890313,2.2871958793069394,False,-0.19431036005702398,412
302,0.9884893,2.2871958793069394,False,-0.19431036005702398,412
300,0.9902432,2.2871958793069394,False,-0.19431036005702398,412
42,0.97599417,2.537272979764315,False,-0.19689650449669505,412
100,0.9759989,2.537272979764315,False,-0.19689650449669505,412
32,0.97681594,2.537272979764315,False,-0.19689650449669505,412
119,0.9696733,2.0728969399286132,False,-0.23111657660288928,412
118,0.97049177,2.0728969399286132,False,-0.23111657660288928,412
187,0.97205746,2.2871958793069394,False,-0.2400740411077432,412
115,0.97423077,2.2871958793069394,False,-0.2400740411077432,412
237,0.97323704,2.2871958793069394,False,-0.2400740411077432,412
99,0.97544575,2.2871958793069394,False,-0.2400740411077432,412
75,0.9756764,2.2871958793069394,False,-0.2400740411077432,412
89,0.95340204,0.90085796062427,False,-0.2421116022900369,412
129,0.8952277,2.2871958793069394,False,-0.24670185921861013,412
131,0.9019269,2.2871958793069394,False,-0.24670185921861013,412
251,0.9676796,2.2871958793069394,False,-0.24670185921861013,412
275,0.9698999,2.2871958793069394,False,-0.24670185921861013,412
191,0.9705468,2.2871958793069394,False,-0.24670185921861013,412
127,0.94456875,2.2871958793069394,False,-0.24670185921861013,412
212,0.9703801,2.2871958793069394,False,-0.24670185921861013,412
112,0.9011507,2.2871958793069394,False,-0.24670185921861013,412
264,0.90791637,2.2871958793069394,False,-0.24670185921861013,412
166,0.96400523,2.2871958793069394,False,-0.24670185921861013,412
195,0.9609076,2.2871958793069394,False,-0.24670185921861013,412
215,0.9610797,2.2871958793069394,False,-0.24670185921861013,412
97,0.96193403,2.2871958793069394,False,-0.24670185921861013,412
257,0.9696941,2.2871958793069394,False,-0.24670185921861013,412
238,0.96696764,2.2871958793069394,False,-0.24670185921861013,412
54,0.9304288,2.2871958793069394,False,-0.24670185921861013,412
293,0.9375015,2.2871958793069394,False,-0.24670185921861013,412
74,0.96430373,2.2871958793069394,False,-0.24670185921861013,412
135,0.9751172,1.997819871471801,False,-0.251881422981646,412
33,0.9726542,2.537272979764315,False,-0.2584837234298512,412
82,0.9734318,2.537272979764315,False,-0.2584837234298512,412
188,0.95241356,1.997819871471801,False,-0.25850924109251294,412
261,0.94677716,1.997819871471801,False,-0.25850924109251294,412
176,0.95541716,1.997819871471801,False,-0.25850924109251294,412
160,0.95413077,1.997819871471801,False,-0.25850924109251294,412
225,0.94596064,1.997819871471801,False,-0.25850924109251294,412
260,0.94696295,1.997819871471801,False,-0.25850924109251294,412
277,0.9491129,1.997819871471801,False,-0.25850924109251294,412
158,0.9494319,1.997819871471801,False,-0.25850924109251294,412
94,0.95105046,1.997819871471801,False,-0.25850924109251294,412
282,0.9348531,1.997819871471801,False,-0.25850924109251294,412
239,0.94418746,1.997819871471801,False,-0.25850924109251294,412
125,0.94559294,1.997819871471801,False,-0.25850924109251294,412
93,0.9515203,1.997819871471801,False,-0.25850924109251294,412
269,0.9464797,1.997819871471801,False,-0.25850924109251294,412
266,0.88045895,1.997819871471801,False,-0.25850924109251294,412
181,0.88071793,1.997819871471801,False,-0.25850924109251294,412
202,0.9589006,1.997819871471801,False,-0.25850924109251294,412
281,0.9492211,1.997819871471801,False,-0.25850924109251294,412
217,0.95213854,1.997819871471801,False,-0.25850924109251294,412
279,0.9552515,1.997819871471801,False,-0.25850924109251294,412
147,0.9701893,1.997819871471801,False,-0.25850924109251294,412
149,0.85699344,1.997819871471801,False,-0.25850924109251294,412
265,0.87856233,1.997819871471801,False,-0.25850924109251294,412
287,0.87216204,1.997819871471801,False,-0.25850924109251294,412
182,0.86486244,1.997819871471801,False,-0.25850924109251294,412
198,0.9416172,1.997819871471801,False,-0.25850924109251294,412
294,0.9127548,1.997819871471801,False,-0.25850924109251294,412
204,0.91949034,1.997819871471801,False,-0.25850924109251294,412
48,0.9171023,1.997819871471801,False,-0.25850924109251294,412
37,0.9239141,1.997819871471801,False,-0.25850924109251294,412
207,0.94931924,1.997819871471801,False,-0.25850924109251294,412
184,0.9501697,1.997819871471801,False,-0.25850924109251294,412
256,0.9527199,1.997819871471801,False,-0.25850924109251294,412
165,0.9658772,1.997819871471801,False,-0.25850924109251294,412
180,0.9682223,1.997819871471801,False,-0.25850924109251294,412
161,0.956396,1.997819871471801,False,-0.25850924109251294,412
218,0.96103275,1.997819871471801,False,-0.25850924109251294,412
234,0.95929116,1.997819871471801,False,-0.25850924109251294,412
296,0.9644301,2.537272979764315,False,-0.2651115415407181,412
273,0.95636857,2.537272979764315,False,-0.2651115415407181,412
98,0.97050226,2.537272979764315,False,-0.2651115415407181,412
291,0.97518677,3.0524351736717117,False,-0.27683353493804214,412
200,0.96828747,3.0524351736717117,False,-0.28346135304890907,412
68,0.91648144,3.0524351736717117,False,-0.28346135304890907,412
126,0.9245833,3.0524351736717117,False,-0.28346135304890907,412
206,0.96910363,3.0524351736717117,False,-0.28346135304890907,412
221,0.97003806,3.0524351736717117,False,-0.28346135304890907,412
132,0.88582426,3.0524351736717117,False,-0.28346135304890907,412
117,0.9024647,3.0524351736717117,False,-0.28346135304890907,412
110,0.8834345,3.0524351736717117,False,-0.28346135304890907,412
111,0.8699353,3.0524351736717117,False,-0.28346135304890907,412
130,0.9040585,3.0524351736717117,False,-0.28346135304890907,412
142,0.96711195,3.0524351736717117,False,-0.28346135304890907,412
285,0.9677081,3.0524351736717117,False,-0.28346135304890907,412
80,0.91688174,3.0524351736717117,False,-0.28346135304890907,412
67,0.92055047,3.0524351736717117,False,-0.28346135304890907,412
258,0.9660746,3.0524351736717117,False,-0.28346135304890907,412
66,1.0,1.9618572793409834,False,0.7389813905963236,407
156,1.0000002,3.5522433291165334,False,0.7330542018497329,407
168,1.0000001,3.5522433291165334,False,0.7330542018497329,407
136,0.99999994,3.5522433291165334,False,0.7330542018497329,407
134,1.0000002,3.5522433291165334,False,0.7330542018497329,407
174,0.99999994,3.5522433291165334,False,0.7330542018497329,407
143,1.0,3.5522433291165334,False,0.7330542018497329,407
189,1.0000001,3.5522433291165334,False,0.7330542018497329,407
122,1.0,1.4724907365977316,False,0.6641241595218207,407
42,1.0000002,2.5797012395235948,False,0.6440005946121746,407
40,0.99999994,2.5797012395235948,False,0.6440005946121746,407
298,1.0,2.5797012395235948,False,0.6440005946121746,407
41,1.0000001,2.5797012395235948,False,0.6440005946121746,407
130,1.0,3.7056793999948265,False,0.6385124663253822,407
123,1.0,3.7056793999948265,False,0.6385124663253822,407
311,1.0000002,3.7056793999948265,False,0.6385124663253822,407
70,1.0,3.7056793999948265,False,0.6385124663253822,407
113,0.9999999,1.9723239386999707,False,0.6033531501877643,407
2,1.0000005,3.0513426371240446,False,0.5758635332993277,407
50,1.0000002,3.0513426371240446,False,0.5758635332993277,407
33,1.0,3.0513426371240446,False,0.5758635332993277,407
55,1.0000002,3.0513426371240446,False,0.5758635332993277,407
1,1.0000004,3.0513426371240446,False,0.5758635332993277,407
87,1.0000001,3.0513426371240446,False,0.5758635332993277,407
110,1.0000002,3.0513426371240446,False,0.5758635332993277,407
11,1.0,3.0513426371240446,False,0.5758635332993277,407
30,1.0000002,3.0513426371240446,False,0.5758635332993277,407
31,1.0000001,3.0513426371240446,False,0.5758635332993277,407
28,1.0,3.0513426371240446,False,0.5758635332993277,407
21,1.0000002,3.0513426371240446,False,0.5758635332993277,407
27,1.0000002,3.0513426371240446,False,0.5758635332993277,407
17,1.0,3.0513426371240446,False,0.5758635332993277,407
29,1.0000001,3.0513426371240446,False,0.5758635332993277,407
34,1.0000002,3.0513426371240446,False,0.5758635332993277,407
38,1.0,3.0513426371240446,False,0.5758635332993277,407
20,1.0000002,3.0513426371240446,False,0.5758635332993277,407
22,1.0000001,3.0513426371240446,False,0.5758635332993277,407
18,1.0000001,3.0513426371240446,False,0.5758635332993277,407
177,0.9999999,3.5914782356830046,False,0.5739612817629356,407
117,0.9999998,3.10840184024946,False,0.5668358328481422,407
58,0.9999998,3.3440019298361494,False,0.5661292821880719,407
178,0.99999964,3.5522433291165334,False,0.5581558239987376,407
107,0.9999999,3.7056793999948265,False,0.5237447550187895,407
71,0.9946378,3.7056793999948265,False,0.5137451139772676,407
310,0.9952489,3.7056793999948265,False,0.5137451139772676,407
43,0.9944343,3.7056793999948265,False,0.5137451139772676,407
313,0.9963833,3.7056793999948265,False,0.500346900870565,407
36,0.9984319,3.7056793999948265,False,0.4926136528946565,407
109,0.9975029,3.7056793999948265,False,0.4926136528946565,407
312,0.99646145,3.7056793999948265,False,0.4926136528946565,407
39,0.9949986,2.5797012395235948,False,0.47958769547057395,407
3,0.99999964,2.5797012395235948,False,0.47136852084864495,407
26,0.9999999,3.0513426371240446,False,0.4633621260802006,407
73,0.9999999,3.0513426371240446,False,0.4633621260802006,407
10,0.9999999,3.0513426371240446,False,0.4633621260802006,407
7,0.9999999,3.0513426371240446,False,0.4633621260802006,407
12,0.9999998,3.0513426371240446,False,0.4633621260802006,407
19,0.9952851,3.0513426371240446,False,0.45336248503867876,407
88,0.9944171,3.0513426371240446,False,0.45336248503867876,407
15,0.99484783,3.0513426371240446,False,0.45336248503867876,407
6,0.9985262,3.0513426371240446,False,0.44514331041674976,407
16,0.99999976,3.0513426371240446,False,0.44514331041674976,407
53,0.99943006,3.0513426371240446,False,0.44514331041674976,407
8,0.99999976,3.0513426371240446,False,0.44514331041674976,407
32,0.99999964,3.0513426371240446,False,0.44514331041674976,407
23,0.99614966,3.0513426371240446,False,0.43996427193197624,407
13,0.9968128,3.0513426371240446,False,0.4322310239560676,407
314,0.99299216,3.7056793999948265,False,0.35615771156733395,407
96,0.9925796,3.0513426371240446,False,0.24995626062842158,407
169,0.9928516,3.5522433291165334,False,0.24340941607368763,407
35,0.99232554,3.0513426371240446,False,0.21558984307116597,407
90,0.99178386,3.0513426371240446,False,0.21558984307116597,407
57,0.9915732,3.0513426371240446,False,0.21558984307116597,407
76,0.9917878,3.7056793999948265,False,0.17972706850356818,407
77,0.9923438,3.7056793999948265,False,0.17972706850356818,407
24,0.99141,3.0513426371240446,False,0.028057658441727196,407
52,0.9907137,3.0513426371240446,False,-0.020428858905481115,407
61,0.991111,3.0513426371240446,False,-0.020428858905481115,407
60,0.99139106,3.0513426371240446,False,-0.020428858905481115,407
103,0.98282826,1.4724907365977316,True,-0.08427892263852801,407
104,0.9858793,1.4724907365977316,False,-0.08427892263852801,407
79,0.98821294,1.4724907365977316,False,-0.08427892263852801,407
175,0.9708544,3.0513426371240446,False,-0.08911047047181223,407
120,0.9707462,3.0513426371240446,False,-0.08911047047181223,407
111,0.9876363,3.0513426371240446,False,-0.09259960859014929,407
309,0.98302084,3.0513426371240446,False,-0.09259960859014929,407
84,0.97826725,3.0513426371240446,False,-0.09259960859014929,407
91,0.9838128,3.0513426371240446,False,-0.09259960859014929,407
49,0.98680425,3.0513426371240446,False,-0.09259960859014929,407
9,0.98363274,3.0513426371240446,False,-0.09259960859014929,407
153,0.9876014,3.0513426371240446,False,-0.09259960859014929,407
14,0.9868605,3.0513426371240446,False,-0.09259960859014929,407
86,0.97673255,3.0513426371240446,False,-0.10038006622147456,407
121,0.98894715,1.4724907365977316,False,-0.10788291815229023,407
78,0.9888028,1.4724907365977316,False,-0.10788291815229023,407
230,0.9707113,1.9723239386999707,False,-0.1560858540383114,407
219,0.97834563,1.9723239386999707,False,-0.15957499215664842,407
185,0.97920793,1.9723239386999707,False,-0.15957499215664842,407
72,0.9749367,3.0513426371240446,False,-0.16196728515463069,407
197,0.9726115,3.0513426371240446,False,-0.16196728515463069,407
82,0.9734318,3.0513426371240446,False,-0.16196728515463069,407
129,0.8952277,3.0513426371240446,False,-0.16859510326549762,407
131,0.9019269,3.0513426371240446,False,-0.16859510326549762,407
112,0.9011507,3.0513426371240446,False,-0.16859510326549762,407
46,0.9703828,3.0513426371240446,False,-0.16859510326549762,407
126,0.9227898,3.0513426371240446,False,-0.16859510326549762,407
67,0.9333892,3.0513426371240446,False,-0.16859510326549762,407
68,0.93603015,3.0513426371240446,False,-0.16859510326549762,407
64,0.9058969,3.0513426371240446,False,-0.16859510326549762,407
80,0.9225857,3.0513426371240446,False,-0.16859510326549762,407
193,0.970551,3.0513426371240446,False,-0.16859510326549762,407
132,0.9163984,3.0513426371240446,False,-0.16859510326549762,407
98,0.9552769,3.0513426371240446,False,-0.16859510326549762,407
83,0.9569039,3.0513426371240446,False,-0.16859510326549762,407
105,0.96280354,3.0513426371240446,False,-0.16859510326549762,407
51,0.95488155,3.0513426371240446,False,-0.16859510326549762,407
75,0.8994671,3.0513426371240446,False,-0.16859510326549762,407
62,0.9654201,3.0513426371240446,False,-0.16859510326549762,407
264,0.90791637,3.0513426371240446,False,-0.16859510326549762,407
108,0.9905019,3.3440019298361494,False,-0.1716627314152817,407
127,0.94749284,1.9618572793409834,False,-0.2006237184102751,407
101,0.94849753,1.9618572793409834,False,-0.2006237184102751,407
89,0.9453753,1.9618572793409834,False,-0.2006237184102751,407
162,0.97301865,1.9723239386999707,False,-0.22894266872112987,407
233,0.9723495,1.9723239386999707,False,-0.22894266872112987,407
159,0.9717361,1.9723239386999707,False,-0.22894266872112987,407
228,0.96927404,1.9723239386999707,False,-0.2355704868319968,407
267,0.96946204,1.9723239386999707,False,-0.2355704868319968,407
95,0.96982205,1.9723239386999707,False,-0.2355704868319968,407
102,0.9875616,3.7056793999948265,False,-0.25270404029728416,407
235,0.9711694,3.5522433291165334,False,-0.2587743146753597,407
192,0.9829105,3.5522433291165334,False,-0.26226345279369684,407
196,0.98414695,3.5522433291165334,False,-0.26226345279369684,407
289,0.9706521,3.5914782356830046,False,-0.2635341772360751,407
115,0.98375446,3.5914782356830046,False,-0.26702331535441215,407
114,0.98327684,3.5914782356830046,False,-0.26702331535441215,407
198,0.9826759,3.5914782356830046,False,-0.26702331535441215,407
210,0.9764488,3.5522433291165334,False,-0.27004391042502207,407
54,0.9304288,3.7056793999948265,False,-0.32869953497263255,407
135,0.9751172,3.5522433291165334,False,-0.3316311293581781,407
191,0.97522855,3.5522433291165334,False,-0.3316311293581781,407
160,0.9748241,3.5914782356830046,False,-0.33639099191889354,407
269,0.9730542,3.5914782356830046,False,-0.33639099191889354,407
207,0.97249603,3.5914782356830046,False,-0.33639099191889354,407
97,0.95477676,3.5522433291165334,False,-0.33825894746904506,407
279,0.9552515,3.5522433291165334,False,-0.33825894746904506,407
147,0.9701893,3.5522433291165334,False,-0.33825894746904506,407
149,0.85699344,3.5522433291165334,False,-0.33825894746904506,407
277,0.85744,3.5522433291165334,False,-0.33825894746904506,407
182,0.86486244,3.5522433291165334,False,-0.33825894746904506,407
287,0.87216204,3.5522433291165334,False,-0.33825894746904506,407
265,0.87856233,3.5522433291165334,False,-0.33825894746904506,407
266,0.88045895,3.5522433291165334,False,-0.33825894746904506,407
181,0.88071793,3.5522433291165334,False,-0.33825894746904506,407
261,0.94677716,3.5522433291165334,False,-0.33825894746904506,407
275,0.94710714,3.5522433291165334,False,-0.33825894746904506,407
195,0.94722295,3.5522433291165334,False,-0.33825894746904506,407
188,0.95241356,3.5522433291165334,False,-0.33825894746904506,407
184,0.9501697,3.5522433291165334,False,-0.33825894746904506,407
256,0.9527199,3.5522433291165334,False,-0.33825894746904506,407
165,0.9658772,3.5522433291165334,False,-0.33825894746904506,407
204,0.91949034,3.5522433291165334,False,-0.33825894746904506,407
294,0.9127548,3.5522433291165334,False,-0.33825894746904506,407
48,0.9171023,3.5522433291165334,False,-0.33825894746904506,407
37,0.9239141,3.5522433291165334,False,-0.33825894746904506,407
225,0.92015004,3.5522433291165334,False,-0.33825894746904506,407
180,0.9682223,3.5522433291165334,False,-0.33825894746904506,407
282,0.9348531,3.5522433291165334,False,-0.33825894746904506,407
260,0.94696295,3.5522433291165334,False,-0.33825894746904506,407
158,0.9494319,3.5522433291165334,False,-0.33825894746904506,407
94,0.95105046,3.5522433291165334,False,-0.33825894746904506,407
93,0.9515203,3.5522433291165334,False,-0.33825894746904506,407
176,0.95224625,3.5522433291165334,False,-0.33825894746904506,407
274,0.9589239,3.5522433291165334,False,-0.33825894746904506,407
161,0.956396,3.5522433291165334,False,-0.33825894746904506,407
234,0.95929116,3.5522433291165334,False,-0.33825894746904506,407
218,0.96103275,3.5522433291165334,False,-0.33825894746904506,407
302,0.9424568,3.5522433291165334,False,-0.33825894746904506,407
239,0.94418746,3.5522433291165334,False,-0.33825894746904506,407
125,0.94559294,3.5522433291165334,False,-0.33825894746904506,407
202,0.9589006,3.5522433291165334,False,-0.33825894746904506,407
217,0.95213854,3.5522433291165334,False,-0.33825894746904506,407
281,0.9492211,3.5522433291165334,False,-0.33825894746904506,407
300,0.94413245,3.5522433291165334,False,-0.33825894746904506,407
212,0.9675025,3.5914782356830046,False,-0.3430188100297605,407
288,0.9688928,3.5914782356830046,False,-0.3430188100297605,407
105,1.0000002,1.6954412140119048,False,0.7606408092371704,16
41,1.0000001,0.9540789755988556,False,0.7601471613211619,16
42,1.0000002,0.9540789755988556,False,0.7601471613211619,16
298,1.0,0.9540789755988556,False,0.7601471613211619,16
43,1.0000001,0.9540789755988556,False,0.7601471613211619,16
40,0.99999994,0.9540789755988556,False,0.7601471613211619,16
88,1.0,2.530815529439434,False,0.7192321963623685,16
106,1.0000002,2.3212212334718387,False,0.7114015608603959,16
1,1.0000004,1.6944859982697436,False,0.7007134820443677,16
34,1.0000002,1.8386460333540138,False,0.671685419457054,16
30,1.0000002,1.8386460333540138,False,0.671685419457054,16
31,1.0000001,1.8386460333540138,False,0.671685419457054,16
38,1.0,1.8386460333540138,False,0.671685419457054,16
87,1.0000001,1.8386460333540138,False,0.671685419457054,16
50,1.0000002,1.8386460333540138,False,0.671685419457054,16
11,1.0,1.8386460333540138,False,0.671685419457054,16
28,1.0,1.8386460333540138,False,0.671685419457054,16
27,1.0000002,1.8386460333540138,False,0.671685419457054,16
29,1.0000001,1.8386460333540138,False,0.671685419457054,16
21,1.0000002,1.8386460333540138,False,0.671685419457054,16
33,1.0,1.8386460333540138,False,0.671685419457054,16
110,1.0000002,1.8386460333540138,False,0.671685419457054,16
123,1.0,1.8386460333540138,False,0.671685419457054,16
55,1.0000002,1.8386460333540138,False,0.671685419457054,16
20,1.0000002,1.8386460333540138,False,0.671685419457054,16
22,1.0000001,1.8386460333540138,False,0.671685419457054,16
2,1.0000005,1.8386460333540138,False,0.671685419457054,16
17,1.0,1.8386460333540138,False,0.671685419457054,16
18,1.0000001,1.8386460333540138,False,0.671685419457054,16
66,1.0,2.5289102420134486,False,0.6678994733477401,16
13,1.0000002,1.3928598433045325,False,0.6409665175261929,16
24,1.0,1.3928598433045325,False,0.6409665175261929,16
45,1.0000001,1.3928598433045325,False,0.6409665175261929,16
168,1.0000001,1.3928598433045325,False,0.6409665175261929,16
14,1.0,1.3928598433045325,False,0.6409665175261929,16
39,0.9999998,0.9540789755988556,False,0.5971227445690037,16
312,0.99435747,0.9540789755988556,False,0.5871231035274819,16
313,0.99462515,0.9540789755988556,False,0.5871231035274819,16
311,0.9953525,0.9540789755988556,False,0.5871231035274819,16
3,0.99999964,0.9540789755988556,False,0.5789039289055529,16
124,0.99999964,1.776067583814481,False,0.5702399871733048,16
36,0.9984319,0.9540789755988556,False,0.5659916424448707,16
72,0.99999976,2.1525574356355235,False,0.560347043387583,16
197,0.9984032,2.1525574356355235,False,0.5474347569269008,16
90,0.99549013,2.530815529439434,False,0.5462081385686886,16
6,0.9985262,1.6944859982697436,False,0.528081408280838,16
310,0.9935137,0.9540789755988556,False,0.5252186193134499,16
12,0.9999998,1.8386460333540138,False,0.5172721613569753,16
7,0.9999999,1.8386460333540138,False,0.5172721613569753,16
26,0.9999999,1.8386460333540138,False,0.5172721613569753,16
10,0.9999999,1.8386460333540138,False,0.5172721613569753,16
73,0.9999999,1.8386460333540138,False,0.5172721613569753,16
19,0.9952851,1.8386460333540138,False,0.5072725203154533,16
15,0.99484783,1.8386460333540138,False,0.5072725203154533,16
53,0.99943006,1.8386460333540138,False,0.49905334569352444,16
32,0.99999964,1.8386460333540138,False,0.49905334569352444,16
8,0.99999976,1.8386460333540138,False,0.49905334569352444,16
16,0.99999976,1.8386460333540138,False,0.49905334569352444,16
23,0.99614966,1.8386460333540138,False,0.49387430720875086,16
44,0.9999999,1.3928598433045325,False,0.4779421007740348,16
25,0.9999999,1.3928598433045325,False,0.4779421007740348,16
46,0.9999999,1.3928598433045325,False,0.4779421007740348,16
193,0.99999964,1.3928598433045325,False,0.45972328511058397,16
314,0.9930229,1.8386460333540138,False,0.3871899571817272,16
96,0.9925796,1.8386460333540138,False,0.2936309112540127,16
57,0.9915732,1.8386460333540138,False,0.2592644936967571,16
35,0.99232554,1.8386460333540138,False,0.2592644936967571,16
224,0.9913431,1.3928598433045325,False,-0.03180898044460118,16
60,0.99139106,1.8386460333540138,False,-0.07020021179744985,16
61,0.991111,1.8386460333540138,False,-0.07020021179744985,16
52,0.9907137,1.8386460333540138,False,-0.07020021179744985,16
83,0.971015,1.6954412140119048,False,-0.11318445704040389,16
118,0.9866842,1.6954412140119048,False,-0.11667359515874086,16
119,0.9857335,1.6954412140119048,False,-0.11667359515874086,16
98,0.9769863,1.6954412140119048,False,-0.12445405279006613,16
153,0.9706416,1.3928598433045325,False,-0.1284090018839503,16
309,0.98632044,1.3928598433045325,False,-0.1318981400022873,16
47,0.97951955,1.3928598433045325,False,-0.1318981400022873,16
175,0.9786384,1.3928598433045325,False,-0.1318981400022873,16
268,0.9782693,1.3928598433045325,False,-0.1318981400022873,16
100,0.9759989,1.3928598433045325,False,-0.13967859763361257,16
64,0.98032,1.776067583814481,False,-0.14719438712850766,16
267,0.97076297,2.530815529439434,False,-0.1707457735291548,16
120,0.9707462,1.8386460333540138,False,-0.1713845118590509,16
84,0.9778186,2.530815529439434,False,-0.17423491164749183,16
86,0.9836583,2.530815529439434,False,-0.17423491164749183,16
111,0.9876363,1.8386460333540138,False,-0.17487364997738794,16
91,0.9838128,1.8386460333540138,False,-0.17487364997738794,16
103,0.98255765,1.8386460333540138,False,-0.17487364997738794,16
49,0.98680425,1.8386460333540138,False,-0.17487364997738794,16
9,0.98363274,1.8386460333540138,False,-0.17487364997738794,16
104,0.9766959,1.8386460333540138,False,-0.1826541076087132,16
79,0.97630537,1.8386460333540138,False,-0.1826541076087132,16
85,0.97433794,1.6954412140119048,False,-0.18604127172322235,16
299,0.9719918,1.6954412140119048,False,-0.18604127172322235,16
115,0.9714818,1.6954412140119048,False,-0.18604127172322235,16
70,0.98751307,2.5289102420134486,False,-0.1940846707275159,16
109,0.98599464,2.5289102420134486,False,-0.1940846707275159,16
71,0.98568213,2.5289102420134486,False,-0.1940846707275159,16
58,0.989956,1.8386460333540138,False,-0.19847764549115013,16
249,0.9858208,2.1525574356355235,False,-0.2005178809462627,16
228,0.98427,2.1525574356355235,False,-0.2005178809462627,16
246,0.98383236,2.1525574356355235,False,-0.2005178809462627,16
162,0.9843169,2.1525574356355235,False,-0.2005178809462627,16
230,0.9718922,1.3928598433045325,False,-0.20126581656676876,16
135,0.9751172,1.3928598433045325,False,-0.20126581656676876,16
82,0.9734318,1.3928598433045325,False,-0.20126581656676876,16
149,0.85699344,1.3928598433045325,False,-0.2078936346776357,16
277,0.85744,1.3928598433045325,False,-0.2078936346776357,16
112,0.85789764,1.3928598433045325,False,-0.2078936346776357,16
182,0.86486244,1.3928598433045325,False,-0.2078936346776357,16
287,0.87216204,1.3928598433045325,False,-0.2078936346776357,16
265,0.87856233,1.3928598433045325,False,-0.2078936346776357,16
56,0.9603458,1.3928598433045325,False,-0.2078936346776357,16
296,0.9644301,1.3928598433045325,False,-0.2078936346776357,16
95,0.96428704,1.3928598433045325,False,-0.2078936346776357,16
273,0.95636857,1.3928598433045325,False,-0.2078936346776357,16
37,0.9570348,1.3928598433045325,False,-0.2078936346776357,16
181,0.88071793,1.3928598433045325,False,-0.2078936346776357,16
289,0.9667299,1.3928598433045325,False,-0.2078936346776357,16
288,0.96661466,1.3928598433045325,False,-0.2078936346776357,16
266,0.88045895,1.3928598433045325,False,-0.2078936346776357,16
101,0.95271415,1.776067583814481,False,-0.22318988180385602,16
76,0.9493151,1.776067583814481,False,-0.22318988180385602,16
77,0.9513025,1.776067583814481,False,-0.22318988180385602,16
107,0.93906844,1.776067583814481,False,-0.22318988180385602,16
102,0.9465011,1.776067583814481,False,-0.22318988180385602,16
293,0.9514594,1.776067583814481,False,-0.22318988180385602,16
129,0.9315889,1.776067583814481,False,-0.22318988180385602,16
78,0.97539556,1.8386460333540138,False,-0.24424132654186936,16
67,0.9333892,1.8386460333540138,False,-0.2508691446527363,16
75,0.8994671,1.8386460333540138,False,-0.2508691446527363,16
51,0.95488155,1.8386460333540138,False,-0.2508691446527363,16
122,0.97049356,1.8386460333540138,False,-0.2508691446527363,16
131,0.9019269,1.8386460333540138,False,-0.2508691446527363,16
62,0.9654201,1.8386460333540138,False,-0.2508691446527363,16
264,0.90791637,1.8386460333540138,False,-0.2508691446527363,16
132,0.9163984,1.8386460333540138,False,-0.2508691446527363,16
68,0.93603015,1.8386460333540138,False,-0.2508691446527363,16
117,0.939178,1.8386460333540138,False,-0.2508691446527363,16
130,0.93113613,1.8386460333540138,False,-0.2508691446527363,16
126,0.9227898,1.8386460333540138,False,-0.2508691446527363,16
80,0.9225857,1.8386460333540138,False,-0.2508691446527363,16
127,0.94749284,2.5289102420134486,False,-0.2700801654028642,16
89,0.9453753,2.5289102420134486,False,-0.2700801654028642,16
106,1.0000002,2.1658250249314452,False,0.807535769213744,408
116,1.0000001,1.6954412140119048,False,0.7606408092371704,408
274,1.0000001,1.6954412140119048,False,0.7606408092371704,408
171,1.0000005,1.6954412140119048,False,0.7606408092371704,408
168,1.0000001,1.347000888821493,False,0.7601471613211619,408
18,1.0000001,1.347000888821493,False,0.7601471613211619,408
2,1.0000005,1.347000888821493,False,0.7601471613211619,408
13,1.0000002,1.347000888821493,False,0.7601471613211619,408
123,1.0,1.347000888821493,False,0.7601471613211619,408
21,1.0000002,1.347000888821493,False,0.7601471613211619,408
22,1.0000001,1.347000888821493,False,0.7601471613211619,408
38,1.0,1.347000888821493,False,0.7601471613211619,408
24,1.0,1.347000888821493,False,0.7601471613211619,408
29,1.0000001,1.347000888821493,False,0.7601471613211619,408
45,1.0000001,1.347000888821493,False,0.7601471613211619,408
41,1.0000001,1.347000888821493,False,0.7601471613211619,408
14,1.0,1.347000888821493,False,0.7601471613211619,408
298,1.0,1.865268520174617,False,0.7468304015949422,408
40,0.99999994,1.865268520174617,False,0.7468304015949422,408
42,1.0000002,1.865268520174617,False,0.7468304015949422,408
43,1.0000001,1.865268520174617,False,0.7468304015949422,408
67,0.99999994,2.0752166253263433,False,0.7452355586364078,408
88,1.0,2.1042820576625,False,0.715934955154703,408
1,1.0000004,2.025847667652856,False,0.6725545883621648,408
46,0.9999999,1.347000888821493,False,0.5971227445690037,408
25,0.9999999,1.347000888821493,False,0.5971227445690037,408
44,0.9999999,1.347000888821493,False,0.5971227445690037,408
23,0.9999999,1.347000888821493,False,0.5971227445690037,408
10,0.9952851,1.347000888821493,False,0.5871231035274819,408
39,0.9949986,1.347000888821493,False,0.5871231035274819,408
34,0.9954854,1.347000888821493,False,0.5871231035274819,408
312,0.99435747,2.164352105134062,False,0.5859094649442218,408
311,0.9953525,2.164352105134062,False,0.5859094649442218,408
313,0.99462515,2.164352105134062,False,0.5859094649442218,408
19,0.9999997,1.347000888821493,False,0.5789039289055529,408
193,0.99999964,1.347000888821493,False,0.5789039289055529,408
3,0.99999964,2.164352105134062,False,0.5776902903222928,408
68,0.9987775,2.0752166253263433,False,0.5703371807854126,408
36,0.9984319,2.164352105134062,False,0.5647780038616107,408
58,0.9999998,2.1834867008455907,False,0.5623944651620917,408
124,0.99999964,1.3179747443398497,False,0.5525746808469796,408
90,0.99549013,2.1042820576625,False,0.5429108973610228,408
87,0.9944171,2.1042820576625,False,0.5429108973610228,408
6,0.9985262,2.025847667652856,False,0.5332232068275075,408
310,0.9935137,1.347000888821493,False,0.5252186193134499,408
314,0.9930229,1.347000888821493,False,0.46704054039375575,408
12,0.9928945,1.347000888821493,False,0.409586060085988,408
7,0.99141,1.347000888821493,False,0.08999868470451888,408
8,0.9912697,2.025847667652856,False,0.0033071503981210375,408
35,0.99064916,1.865268520174617,False,-0.0011089622578758576,408
224,0.9913431,1.347000888821493,False,-0.013221433867946194,408
20,0.99045926,2.025847667652856,False,-0.04281178820471049,408
26,0.9904927,2.025847667652856,False,-0.04281178820471049,408
108,0.9905019,2.1834867008455907,False,-0.1019802774029494,408
153,0.98697186,1.865268520174617,False,-0.11948719050247476,408
15,0.9888879,2.025847667652856,False,-0.12497028329557927,408
28,0.9892098,2.025847667652856,False,-0.12497028329557927,408
64,0.98032,1.3179747443398497,False,-0.12596434174125534,408
309,0.98632044,1.347000888821493,False,-0.13159966211254515,408
27,0.9847605,1.347000888821493,False,-0.13159966211254515,408
16,0.9839634,1.347000888821493,False,-0.13159966211254515,408
47,0.97951955,1.347000888821493,False,-0.13159966211254515,408
268,0.9782693,1.347000888821493,False,-0.13159966211254515,408
175,0.9786384,1.347000888821493,False,-0.13159966211254515,408
32,0.97681594,1.347000888821493,False,-0.1393801197438704,408
100,0.9759989,1.347000888821493,False,-0.1393801197438704,408
267,0.97076297,2.1042820576625,False,-0.14270466639226653,408
83,0.9709768,2.1042820576625,False,-0.14270466639226653,408
197,0.97738004,2.1042820576625,False,-0.14619380451060357,408
84,0.9778186,2.1042820576625,False,-0.14619380451060357,408
86,0.9836583,2.1042820576625,False,-0.14619380451060357,408
72,0.979773,2.1042820576625,False,-0.14619380451060357,408
105,0.97797346,2.1658250249314452,True,-0.16337972771804482,408
91,0.9752037,1.6954412140119048,False,-0.18604127172322235,408
291,0.97518677,1.6954412140119048,False,-0.18604127172322235,408
95,0.9744293,1.6954412140119048,False,-0.18604127172322235,408
288,0.9720267,1.6954412140119048,False,-0.18604127172322235,408
132,0.88582426,1.6954412140119048,False,-0.19266908983408929,408
126,0.9245833,1.6954412140119048,False,-0.19266908983408929,408
80,0.91688174,1.6954412140119048,False,-0.19266908983408929,408
285,0.9677081,1.6954412140119048,False,-0.19266908983408929,408
110,0.8834345,1.6954412140119048,False,-0.19266908983408929,408
111,0.8699353,1.6954412140119048,False,-0.19266908983408929,408
200,0.96828747,1.6954412140119048,False,-0.19266908983408929,408
273,0.96881664,1.6954412140119048,False,-0.19266908983408929,408
206,0.96910363,1.6954412140119048,False,-0.19266908983408929,408
221,0.97003806,1.6954412140119048,False,-0.19266908983408929,408
289,0.96983236,1.6954412140119048,False,-0.19266908983408929,408
130,0.9040585,1.6954412140119048,False,-0.19266908983408929,408
117,0.9024647,1.6954412140119048,False,-0.19266908983408929,408
258,0.9660746,1.6954412140119048,False,-0.19266908983408929,408
96,0.96577084,1.6954412140119048,False,-0.19266908983408929,408
176,0.9674438,1.6954412140119048,False,-0.19266908983408929,408
142,0.96711195,1.6954412140119048,False,-0.19266908983408929,408
217,0.96543884,1.6954412140119048,False,-0.19266908983408929,408
180,0.9655926,1.6954412140119048,False,-0.19266908983408929,408
230,0.9718922,1.347000888821493,False,-0.20096733867702662,408
33,0.9726542,1.347000888821493,False,-0.20096733867702662,408
82,0.9734318,1.347000888821493,False,-0.20096733867702662,408
135,0.9751172,1.347000888821493,False,-0.20096733867702662,408
101,0.95271415,1.3179747443398497,False,-0.20195983641660373,408
77,0.9513025,1.3179747443398497,False,-0.20195983641660373,408
293,0.9514594,1.3179747443398497,False,-0.20195983641660373,408
76,0.9493151,1.3179747443398497,False,-0.20195983641660373,408
66,0.936961,1.3179747443398497,False,-0.20195983641660373,408
107,0.93906844,1.3179747443398497,False,-0.20195983641660373,408
102,0.9465011,1.3179747443398497,False,-0.20195983641660373,408
129,0.9315889,1.3179747443398497,False,-0.20195983641660373,408
57,0.9844141,2.1834867008455907,False,-0.20665371558288756,408
61,0.9865105,2.1834867008455907,False,-0.20665371558288756,408
37,0.9570348,1.347000888821493,False,-0.20759515678789356,408
296,0.9644301,1.347000888821493,False,-0.20759515678789356,408
56,0.9603458,1.347000888821493,False,-0.20759515678789356,408
120,0.96957326,1.347000888821493,False,-0.20759515678789356,408
277,0.85744,1.347000888821493,False,-0.20759515678789356,408
149,0.85699344,1.347000888821493,False,-0.20759515678789356,408
112,0.85789764,1.347000888821493,False,-0.20759515678789356,408
266,0.88045895,1.347000888821493,False,-0.20759515678789356,408
287,0.87216204,1.347000888821493,False,-0.20759515678789356,408
182,0.86486244,1.347000888821493,False,-0.20759515678789356,408
181,0.88071793,1.347000888821493,False,-0.20759515678789356,408
98,0.97050226,1.347000888821493,False,-0.20759515678789356,408
265,0.87856233,1.347000888821493,False,-0.20759515678789356,408
31,0.9520681,1.347000888821493,False,-0.20759515678789356,408
85,0.97221744,2.1042820576625,False,-0.215561481075085,408
60,0.9893704,2.1834867008455907,False,-0.23025771109664975,408
53,0.98937696,2.1834867008455907,False,-0.23025771109664975,408
50,0.989956,2.1834867008455907,False,-0.23025771109664975,408
52,0.98900616,2.1834867008455907,False,-0.23025771109664975,408
118,0.97049177,2.1658250249314452,False,-0.23937522239339318,408
119,0.9696733,2.1658250249314452,False,-0.23937522239339318,408
168,1.0000001,1.950622305067128,False,0.7995223060438725,1
123,1.0,1.950622305067128,False,0.7995223060438725,1
24,1.0,1.950622305067128,False,0.7995223060438725,1
29,1.0000001,1.950622305067128,False,0.7995223060438725,1
38,1.0,1.950622305067128,False,0.7995223060438725,1
41,1.0000001,1.950622305067128,False,0.7995223060438725,1
45,1.0000001,1.950622305067128,False,0.7995223060438725,1
22,1.0000001,1.950622305067128,False,0.7995223060438725,1
14,1.0,1.950622305067128,False,0.7995223060438725,1
2,1.0000005,1.950622305067128,False,0.7995223060438725,1
197,1.0000002,1.934018031397908,False,0.7995223060438725,1
196,1.0000001,1.934018031397908,False,0.7995223060438725,1
13,1.0000002,1.950622305067128,False,0.7995223060438725,1
18,1.0000001,1.950622305067128,False,0.7995223060438725,1
21,1.0000002,1.950622305067128,False,0.7995223060438725,1
64,1.0000001,1.269857168977523,False,0.7514832195889138,1
65,1.0000002,1.2753236536065078,False,0.7384877426803153,1
274,1.0000001,1.6944859982697436,False,0.7007134820443677,1
116,1.0000001,1.6944859982697436,False,0.7007134820443677,1
171,1.0000005,1.6944859982697436,False,0.7007134820443677,1
67,0.99999994,1.8453422919561548,False,0.6987790550712659,1
43,1.0000001,1.640535553077631,False,0.6846808963656527,1
40,0.99999994,1.640535553077631,False,0.6846808963656527,1
42,1.0000002,1.640535553077631,False,0.6846808963656527,1
298,1.0,1.640535553077631,False,0.6846808963656527,1
105,1.0000002,2.025847667652856,False,0.6725545883621648,1
25,0.9999999,1.950622305067128,False,0.6342315852042487,1
23,0.9999999,1.950622305067128,False,0.6342315852042487,1
46,0.9999999,1.950622305067128,False,0.6342315852042487,1
44,0.9999999,1.950622305067128,False,0.6342315852042487,1
34,0.9954854,1.950622305067128,False,0.6242319441627269,1
39,0.9949986,1.950622305067128,False,0.6242319441627269,1
10,0.9952851,1.950622305067128,False,0.6242319441627269,1
19,0.9990314,1.950622305067128,False,0.6160127695407979,1
72,0.99999976,1.934018031397908,False,0.6160127695407979,1
193,0.99999964,1.950622305067128,False,0.6160127695407979,1
124,0.99999964,1.1246781530823233,False,0.5678822099074501,1
68,0.9987775,1.8453422919561548,False,0.5594476735366087,1
310,0.9935137,1.950622305067128,False,0.5416918866003195,1
312,0.9934268,1.950622305067128,False,0.5416918866003195,1
311,0.9930445,1.950622305067128,False,0.5416918866003195,1
313,0.99462515,1.640535553077631,False,0.5202679972240521,1
3,0.99999964,1.640535553077631,False,0.512048822602123,1
36,0.9984319,1.640535553077631,False,0.49913653614144093,1
314,0.9930229,1.950622305067128,False,0.48351380768062535,1
12,0.9928945,1.950622305067128,False,0.39550607328210935,1
7,0.99141,1.950622305067128,False,0.060907930925326356,1
35,0.99064916,1.950622305067128,False,-0.04231218764713873,1
224,0.9913431,1.950622305067128,False,-0.04231218764713873,1
8,0.990858,1.640535553077631,False,-0.07784030823722647,1
83,0.971015,2.025847667652856,False,-0.09787714966348002,1
119,0.9857335,2.025847667652856,False,-0.10136628778181705,1
118,0.9866842,2.025847667652856,False,-0.10136628778181705,1
106,0.97797346,2.025847667652856,False,-0.10136628778181705,1
98,0.9769863,2.025847667652856,False,-0.10914674541314233,1
153,0.9706416,1.950622305067128,False,-0.14349648770873985,1
1,0.98835945,1.950622305067128,True,-0.14698562582707686,1
27,0.9847605,1.950622305067128,False,-0.14698562582707686,1
6,0.98684525,1.950622305067128,False,-0.14698562582707686,1
16,0.98644996,1.950622305067128,False,-0.14698562582707686,1
47,0.97951955,1.950622305067128,False,-0.14698562582707686,1
175,0.9786384,1.950622305067128,False,-0.14698562582707686,1
268,0.9782693,1.950622305067128,False,-0.14698562582707686,1
28,0.9852655,1.950622305067128,False,-0.14698562582707686,1
309,0.98632044,1.950622305067128,False,-0.14698562582707686,1
262,0.9792924,1.934018031397908,False,-0.14698562582707686,1
228,0.98427,1.934018031397908,False,-0.14698562582707686,1
90,0.97888654,1.934018031397908,False,-0.14698562582707686,1
246,0.98383236,1.934018031397908,False,-0.14698562582707686,1
88,0.979773,1.934018031397908,False,-0.14698562582707686,1
267,0.9843025,1.934018031397908,False,-0.14698562582707686,1
249,0.9856504,1.934018031397908,False,-0.14698562582707686,1
162,0.9843169,1.934018031397908,False,-0.14698562582707686,1
189,0.98414695,1.934018031397908,False,-0.14698562582707686,1
15,0.9881432,1.950622305067128,False,-0.14698562582707686,1
100,0.9759989,1.950622305067128,False,-0.15476608345840212,1
32,0.97681594,1.950622305067128,False,-0.15476608345840212,1
132,0.9574528,1.8453422919561548,False,-0.15995988517746723,1
126,0.92592156,1.8453422919561548,False,-0.15995988517746723,1
130,0.9628763,1.8453422919561548,False,-0.15995988517746723,1
111,0.9477696,1.8453422919561548,False,-0.15995988517746723,1
80,0.92813206,1.8453422919561548,False,-0.15995988517746723,1
117,0.92886883,1.8453422919561548,False,-0.15995988517746723,1
110,0.9333892,1.8453422919561548,False,-0.15995988517746723,1
115,0.9714818,2.025847667652856,False,-0.17073396434629848,1
299,0.9719918,2.025847667652856,False,-0.17073396434629848,1
85,0.97433794,2.025847667652856,False,-0.17073396434629848,1
293,0.9514594,1.1246781530823233,False,-0.19147556182805475,1
101,0.95271415,1.1246781530823233,False,-0.19147556182805475,1
102,0.9465011,1.1246781530823233,False,-0.19147556182805475,1
107,0.93906844,1.1246781530823233,False,-0.19147556182805475,1
76,0.9493151,1.1246781530823233,False,-0.19147556182805475,1
77,0.9513025,1.1246781530823233,False,-0.19147556182805475,1
66,0.936961,1.1246781530823233,False,-0.19147556182805475,1
129,0.9315889,1.1246781530823233,False,-0.19147556182805475,1
75,0.9756764,1.2753236536065078,False,-0.20892196725321244,1
89,0.96780396,1.2753236536065078,False,-0.21554978536407937,1
74,0.96430373,1.2753236536065078,False,-0.21554978536407937,1
127,0.9560741,1.2753236536065078,False,-0.21554978536407937,1
135,0.9751172,1.950622305067128,False,-0.2163533023915583,1
33,0.9726542,1.950622305067128,False,-0.2163533023915583,1
91,0.9739561,1.950622305067128,False,-0.2163533023915583,1
230,0.9718922,1.950622305067128,False,-0.2163533023915583,1
82,0.9734318,1.950622305067128,False,-0.2163533023915583,1
217,0.9504174,1.934018031397908,False,-0.22298112050242525,1
198,0.953485,1.934018031397908,False,-0.22298112050242525,1
160,0.94869125,1.934018031397908,False,-0.22298112050242525,1
165,0.95441246,1.934018031397908,False,-0.22298112050242525,1
210,0.9504868,1.934018031397908,False,-0.22298112050242525,1
120,0.96957326,1.950622305067128,False,-0.22298112050242525,1
266,0.88045895,1.950622305067128,False,-0.22298112050242525,1
287,0.87216204,1.950622305067128,False,-0.22298112050242525,1
265,0.87856233,1.950622305067128,False,-0.22298112050242525,1
181,0.88071793,1.950622305067128,False,-0.22298112050242525,1
202,0.96577466,1.934018031397908,False,-0.22298112050242525,1
288,0.96661466,1.950622305067128,False,-0.22298112050242525,1
87,0.970551,1.950622305067128,False,-0.22298112050242525,1
289,0.9667299,1.950622305067128,False,-0.22298112050242525,1
277,0.85744,1.950622305067128,False,-0.22298112050242525,1
149,0.85699344,1.950622305067128,False,-0.22298112050242525,1
112,0.85789764,1.950622305067128,False,-0.22298112050242525,1
20,0.95765525,1.950622305067128,False,-0.22298112050242525,1
56,0.9603458,1.950622305067128,False,-0.22298112050242525,1
37,0.9570348,1.950622305067128,False,-0.22298112050242525,1
296,0.9644301,1.950622305067128,False,-0.22298112050242525,1
273,0.95636857,1.950622305067128,False,-0.22298112050242525,1
84,0.9691748,1.950622305067128,False,-0.22298112050242525,1
95,0.96428704,1.950622305067128,False,-0.22298112050242525,1
182,0.86486244,1.950622305067128,False,-0.22298112050242525,1
31,0.9520681,1.950622305067128,False,-0.22298112050242525,1
184,0.95013744,1.934018031397908,False,-0.22298112050242525,1
300,0.94835496,1.934018031397908,False,-0.22298112050242525,1
291,0.97518677,1.6944859982697436,False,-0.25614357356421597,1
108,0.97537357,1.6944859982697436,False,-0.25614357356421597,1
258,0.9660746,1.6944859982697436,False,-0.26277139167508284,1
96,0.96577084,1.6944859982697436,False,-0.26277139167508284,1
180,0.9655926,1.6944859982697436,False,-0.26277139167508284,1
176,0.9674438,1.6944859982697436,False,-0.26277139167508284,1
285,0.9677081,1.6944859982697436,False,-0.26277139167508284,1
58,0.9693429,1.6944859982697436,False,-0.26277139167508284,1
200,0.96828747,1.6944859982697436,False,-0.26277139167508284,1
206,0.96910363,1.6944859982697436,False,-0.26277139167508284,1
221,0.97003806,1.6944859982697436,False,-0.26277139167508284,1
142,0.96711195,1.6944859982697436,False,-0.26277139167508284,1
110,1.0000002,1.7113664303485463,False,0.8081862477761206,20
123,1.0,1.7113664303485463,True,0.8081862477761206,20
28,1.0,1.7113664303485463,False,0.8081862477761206,20
29,1.0000001,1.7113664303485463,False,0.8081862477761206,20
11,1.0,1.7113664303485463,False,0.8081862477761206,20
27,1.0000002,1.7113664303485463,False,0.8081862477761206,20
22,1.0000001,1.7113664303485463,False,0.8081862477761206,20
20,1.0000002,1.7113664303485463,False,0.8081862477761206,20
30,1.0000002,1.7113664303485463,False,0.8081862477761206,20
31,1.0000001,1.7113664303485463,False,0.8081862477761206,20
2,1.0000005,1.7113664303485463,False,0.8081862477761206,20
34,1.0000002,1.7113664303485463,False,0.8081862477761206,20
33,1.0,1.7113664303485463,False,0.8081862477761206,20
38,1.0,1.7113664303485463,False,0.8081862477761206,20
55,1.0000002,1.7113664303485463,False,0.8081862477761206,20
18,1.0000001,1.7113664303485463,False,0.8081862477761206,20
17,1.0,1.7113664303485463,False,0.8081862477761206,20
21,1.0000002,1.7113664303485463,False,0.8081862477761206,20
1,1.0000004,1.7113664303485463,False,0.8081862477761206,20
50,1.0000002,1.7113664303485463,False,0.8081862477761206,20
87,1.0000001,1.7113664303485463,False,0.8081862477761206,20
66,1.0,2.15394096953168,False,0.798871827481496,20
97,1.0,1.8631021687811284,False,0.7911966585530005,20
299,1.0,1.5356680331472403,False,0.7688276485178154,20
307,1.0000002,1.5356680331472403,False,0.7688276485178154,20
302,1.0,1.5356680331472403,False,0.7688276485178154,20
40,0.99999994,2.0827509142581144,False,0.7601637067855672,20
41,1.0000001,2.0827509142581144,False,0.7601637067855672,20
42,1.0000002,2.0827509142581144,False,0.7601637067855672,20
43,1.0000001,2.0827509142581144,False,0.7601637067855672,20
298,1.0,2.0827509142581144,True,0.7601637067855672,20
64,1.0000001,1.4185692199708888,False,0.7468133901711873,20
65,1.0000002,1.4185692199708888,False,0.7468133901711873,20
10,0.9999999,1.7113664303485463,False,0.6428955269364968,20
7,0.9999999,1.7113664303485463,False,0.6428955269364968,20
26,0.9999999,1.7113664303485463,False,0.6428955269364968,20
12,0.9999998,1.7113664303485463,False,0.6428955269364968,20
73,0.9999999,1.7113664303485463,False,0.6428955269364968,20
19,0.9952851,1.7113664303485463,False,0.6328958858949749,20
88,0.9944171,1.7113664303485463,False,0.6328958858949749,20
39,0.9944172,1.7113664303485463,False,0.6328958858949749,20
15,0.99484783,1.7113664303485463,False,0.6328958858949749,20
6,0.99999976,1.7113664303485463,False,0.6246767112730459,20
8,0.99999976,1.7113664303485463,False,0.6246767112730459,20
53,0.99943006,1.7113664303485463,False,0.6246767112730459,20
32,0.99999964,1.7113664303485463,False,0.6246767112730459,20
16,0.99999976,1.7113664303485463,False,0.6246767112730459,20
23,0.99614966,1.7113664303485463,False,0.6194976727882724,20
13,0.9968128,1.7113664303485463,False,0.6117644248123637,20
96,0.99999964,1.8631021687811284,False,0.6076871220499257,20
58,0.9999998,0.8603324820483542,False,0.5971227445690037,20
304,0.9961369,1.5356680331472403,False,0.5958035907241354,20
306,0.9958091,1.5356680331472403,False,0.5958035907241354,20
308,0.99456406,1.5356680331472403,False,0.5958035907241354,20
300,0.9954728,1.5356680331472403,False,0.5958035907241354,20
57,0.9971581,1.8631021687811284,False,0.5947748355892436,20
313,0.99462515,2.0827509142581144,False,0.5871396489918873,20
312,0.99435747,2.0827509142581144,False,0.5871396489918873,20
311,0.9953525,2.0827509142581144,True,0.5871396489918873,20
3,0.99999964,2.0827509142581144,False,0.5789204743699582,20
301,0.99713767,1.5356680331472403,False,0.5746721296415241,20
36,0.9984319,2.0827509142581144,False,0.5660081879092761,20
177,0.9999999,1.0468587546417423,False,0.5629614969355669,20
60,0.9930667,1.8631021687811284,False,0.5540018124578228,20
117,0.9999998,1.622878045888291,False,0.5529105384025448,20
303,0.99327904,1.5356680331472403,False,0.5507073205310722,20
310,0.9935137,2.0827509142581144,False,0.5214078054504488,20
314,0.9930229,1.7113664303485463,False,0.5128133227612487,20
305,0.99233466,1.5356680331472403,False,0.31984454643053867,20
90,0.99178386,1.7113664303485463,False,0.30957537348966097,20
35,0.99232554,1.7113664303485463,False,0.30957537348966097,20
24,0.99141,1.7113664303485463,False,0.09020744600594968,20
52,0.9907137,1.7113664303485463,False,-0.013012672566515393,20
61,0.991111,1.7113664303485463,False,-0.013012672566515393,20
108,0.9905019,0.8603324820483542,False,-0.013221433867946194,20
289,0.9706521,1.0468587546417423,False,-0.11349898917681303,20
115,0.98375446,1.0468587546417423,False,-0.11698812729515005,20
198,0.9826759,1.0468587546417423,False,-0.11698812729515005,20
114,0.98327684,1.0468587546417423,False,-0.11698812729515005,20
59,0.9809357,1.5356680331472403,False,-0.12112172787023665,20
51,0.9831506,1.5356680331472403,False,-0.12112172787023665,20
63,0.9822961,1.5356680331472403,False,-0.12112172787023665,20
120,0.9707462,1.7113664303485463,False,-0.12790176269277742,20
175,0.9708544,1.7113664303485463,False,-0.12790176269277742,20
111,0.9876363,1.9352790287269426,False,-0.12907635644642249,20
309,0.98302084,1.7113664303485463,False,-0.13139090081111443,20
153,0.9876014,1.7113664303485463,False,-0.13139090081111443,20
9,0.98363274,1.7113664303485463,False,-0.13139090081111443,20
14,0.9868605,1.7113664303485463,False,-0.13139090081111443,20
84,0.97826725,1.7113664303485463,False,-0.13139090081111443,20
49,0.98680425,1.7113664303485463,False,-0.13139090081111443,20
91,0.9838128,1.7113664303485463,False,-0.13139090081111443,20
103,0.98255765,1.7113664303485463,False,-0.13139090081111443,20
124,0.98032,1.4185692199708888,False,-0.13360443818103201,20
79,0.97630537,1.7113664303485463,False,-0.1391713584424397,20
86,0.97673255,1.7113664303485463,False,-0.1391713584424397,20
104,0.9766959,1.7113664303485463,False,-0.1391713584424397,20
279,0.9711032,1.8631021687811284,False,-0.14944634021643885,20
95,0.9867786,1.8631021687811284,False,-0.1529354783347759,20
71,0.98568213,2.15394096953168,False,-0.17897445273400725,20
70,0.98751307,2.15394096953168,True,-0.17897445273400725,20
109,0.98599464,2.15394096953168,False,-0.17897445273400725,20
269,0.9730542,1.0468587546417423,False,-0.1863558038596315,20
160,0.9748241,1.0468587546417423,False,-0.1863558038596315,20
207,0.97249603,1.0468587546417423,False,-0.1863558038596315,20
288,0.9688928,1.0468587546417423,False,-0.19298362197049843,20
212,0.9675025,1.0468587546417423,False,-0.19298362197049843,20
78,0.97539556,1.7113664303485463,False,-0.20075857737559585,20
82,0.9734318,1.7113664303485463,False,-0.20075857737559585,20
197,0.9726115,1.7113664303485463,False,-0.20075857737559585,20
72,0.9749367,1.7113664303485463,False,-0.20075857737559585,20
75,0.9756764,1.4185692199708888,False,-0.20297211474551344,20
80,0.9225857,1.9352790287269426,False,-0.20507185112177087,20
126,0.9227898,1.9352790287269426,False,-0.20507185112177087,20
132,0.9163984,1.9352790287269426,False,-0.20507185112177087,20
67,0.9333892,1.9352790287269426,False,-0.20507185112177087,20
130,0.93113613,1.9352790287269426,True,-0.20507185112177087,20
68,0.93603015,1.9352790287269426,False,-0.20507185112177087,20
77,0.8996459,1.7113664303485463,False,-0.2073863954864628,20
107,0.89986134,1.7113664303485463,True,-0.2073863954864628,20
122,0.97049356,1.7113664303485463,False,-0.2073863954864628,20
112,0.9011507,1.7113664303485463,False,-0.2073863954864628,20
98,0.97050226,1.7113664303485463,False,-0.2073863954864628,20
105,0.96280354,1.7113664303485463,False,-0.2073863954864628,20
193,0.970551,1.7113664303485463,False,-0.2073863954864628,20
46,0.9703828,1.7113664303485463,False,-0.2073863954864628,20
131,0.9019269,1.7113664303485463,False,-0.2073863954864628,20
264,0.90791637,1.7113664303485463,False,-0.2073863954864628,20
62,0.9654201,1.7113664303485463,False,-0.2073863954864628,20
129,0.8952277,1.7113664303485463,False,-0.2073863954864628,20
83,0.9569039,1.7113664303485463,False,-0.2073863954864628,20
127,0.9560741,1.4185692199708888,False,-0.20959993285638037,20
293,0.9375015,1.4185692199708888,False,-0.20959993285638037,20
74,0.96430373,1.4185692199708888,False,-0.20959993285638037,20
89,0.96780396,1.4185692199708888,False,-0.20959993285638037,20
102,0.9594641,1.4185692199708888,False,-0.20959993285638037,20
101,0.95700794,1.4185692199708888,False,-0.20959993285638037,20
76,0.9614475,1.4185692199708888,False,-0.20959993285638037,20
141,0.96193403,1.8631021687811284,False,-0.22893097301012424,20
125,0.9608599,1.8631021687811284,False,-0.22893097301012424,20
275,0.9605508,1.8631021687811284,False,-0.22893097301012424,20
5,0.9555752,1.8631021687811284,False,-0.22893097301012424,20
147,0.9567311,1.8631021687811284,False,-0.22893097301012424,20
187,0.9554015,1.8631021687811284,False,-0.22893097301012424,20
257,0.96054256,1.8631021687811284,False,-0.22893097301012424,20
261,0.9574933,1.8631021687811284,False,-0.22893097301012424,20
81,1.0000002,4.224698042449723,False,0.7353106733682065,57
92,1.0,4.875402101260519,False,0.6358440814293729,57
89,1.0000001,2.57103228155661,False,0.5959492480884985,57
307,1.0000002,5.805769326219821,False,0.43040111636622325,57
71,1.0000002,5.582316039177436,False,0.3468310289835309,57
115,1.0000002,5.832037774464093,False,0.3468310289835309,57
114,1.0000001,5.832037774464093,False,0.3468310289835309,57
70,1.0,5.582316039177436,False,0.3468310289835309,57
97,1.0,5.409121411103349,False,0.3394231930537133,57
302,1.0,5.691052036522922,False,0.33607322378723065,57
299,1.0,5.691052036522922,False,0.33607322378723065,57
308,1.0000001,5.691052036522922,False,0.33607322378723065,57
306,0.9958091,5.805769326219821,False,0.2970226053660294,57
117,0.9999998,5.631414051941595,False,0.25459130845210237,57
109,0.9957278,5.582316039177436,False,0.25027280593251283,57
303,0.99327904,5.805769326219821,False,0.2182121918452392,57
119,0.99999976,5.670617942953643,False,0.2054167578847455,57
118,0.9989145,5.670617942953643,False,0.2054167578847455,57
304,0.9961369,5.691052036522922,False,0.20269471278703677,57
300,0.9954728,5.691052036522922,False,0.20269471278703677,57
142,0.99999976,5.691052036522922,False,0.1944755381651078,57
301,0.99688697,5.691052036522922,False,0.18156325170442564,57
305,0.9942373,5.691052036522922,False,0.16216637426416264,57
74,0.9708257,2.57103228155661,False,-0.13056030199826058,57
57,0.9764581,5.691052036522922,False,-0.20096039341948352,57
75,0.9756193,2.57103228155661,False,-0.20341711668107904,57
65,0.96780396,2.57103228155661,False,-0.21004493479194597,57
54,0.95131266,2.57103228155661,False,-0.21004493479194597,57
107,0.9562758,2.57103228155661,False,-0.21004493479194597,57
127,0.95034856,2.57103228155661,False,-0.21004493479194597,57
101,0.95340204,2.57103228155661,False,-0.21004493479194597,57
66,0.9453753,2.57103228155661,False,-0.21004493479194597,57
77,0.9462843,2.57103228155661,False,-0.21004493479194597,57
38,0.97808325,5.805769326219821,False,-0.21072708873165844,57
313,0.97919947,5.805769326219821,False,-0.21072708873165844,57
59,0.9809357,5.805769326219821,False,-0.21072708873165844,57
312,0.97803783,5.805769326219821,False,-0.21072708873165844,57
314,0.9788651,5.805769326219821,False,-0.21072708873165844,57
53,0.97345966,5.691052036522922,False,-0.2625476123526397,57
50,0.9735527,5.691052036522922,False,-0.2625476123526397,57
96,0.9753999,5.691052036522922,False,-0.2625476123526397,57
52,0.97328943,5.691052036522922,False,-0.2625476123526397,57
51,0.9831506,5.691052036522922,False,-0.2867659126237382,57
60,0.9817327,5.691052036522922,False,-0.2867659126237382,57
61,0.986902,5.691052036522922,False,-0.2867659126237382,57
108,0.9859476,5.691052036522922,False,-0.2867659126237382,57
58,0.9790094,5.691052036522922,False,-0.2867659126237382,57
63,0.9822961,5.691052036522922,False,-0.2867659126237382,57
295,0.9647895,4.224698042449723,False,-0.3566087589772361,57
279,0.9711032,5.409121411103349,False,-0.35998199458135827,57
222,0.972134,4.875402101260519,False,-0.39365176435374216,57
88,0.96761644,4.875402101260519,False,-0.4002795824646091,57
87,0.9657581,4.875402101260519,False,-0.4002795824646091,57
154,0.9687811,4.875402101260519,False,-0.4002795824646091,57
90,0.96570027,4.875402101260519,False,-0.4002795824646091,57
193,0.961801,4.875402101260519,False,-0.4002795824646091,57
100,0.9654819,4.875402101260519,False,-0.4002795824646091,57
224,0.9662771,4.875402101260519,False,-0.4002795824646091,57
268,0.9640774,4.875402101260519,False,-0.4002795824646091,57
212,0.9828211,5.832037774464093,False,-0.4045301877864073,57
289,0.9787046,5.832037774464093,False,-0.4045301877864073,57
177,0.98327684,5.832037774464093,False,-0.4045301877864073,57
288,0.9777821,5.832037774464093,False,-0.4045301877864073,57
207,0.97989684,5.832037774464093,False,-0.4045301877864073,57
262,0.97597194,5.832037774464093,False,-0.4123106454177326,57
160,0.97622406,5.832037774464093,False,-0.4123106454177326,57
250,0.97607225,5.832037774464093,False,-0.4123106454177326,57
141,0.96193403,5.409121411103349,False,-0.4394666273750436,57
125,0.9608599,5.409121411103349,False,-0.4394666273750436,57
5,0.9555752,5.409121411103349,True,-0.4394666273750436,57
187,0.9554015,5.409121411103349,False,-0.4394666273750436,57
275,0.9605508,5.409121411103349,False,-0.4394666273750436,57
257,0.96054256,5.409121411103349,False,-0.4394666273750436,57
147,0.9567311,5.409121411103349,False,-0.4394666273750436,57
261,0.9574933,5.409121411103349,False,-0.4394666273750436,57
188,0.97874534,5.670617942953643,False,-0.44093204770315025,57
105,0.9857335,5.670617942953643,False,-0.44093204770315025,57
198,0.9738412,5.832037774464093,False,-0.4738978643508888,57
191,0.9726083,5.832037774464093,False,-0.4738978643508888,57
129,0.94839346,5.582316039177436,False,-0.48052568246175575,57
131,0.9417888,5.582316039177436,False,-0.48052568246175575,57
64,0.9325036,5.582316039177436,False,-0.48052568246175575,57
110,0.939178,5.631414051941595,False,-0.4871475429540894,57
67,0.92886883,5.631414051941595,False,-0.4871475429540894,57
130,0.9446459,5.631414051941595,False,-0.4871475429540894,57
111,0.94018495,5.631414051941595,False,-0.4871475429540894,57
132,0.9284053,5.631414051941595,False,-0.4871475429540894,57
68,0.9295407,5.631414051941595,False,-0.4871475429540894,57
126,0.9283889,5.631414051941595,False,-0.4871475429540894,57
42,0.97188926,5.670617942953643,False,-0.5102997242676319,57
298,0.96749896,5.670617942953643,False,-0.5169275423784989,57
98,0.9690822,5.670617942953643,False,-0.5169275423784989,57
14,0.96772045,5.670617942953643,False,-0.5169275423784989,57
106,0.9696733,5.670617942953643,False,-0.5169275423784989,57
84,1.0000002,1.8323604246570515,False,0.7911966585530005,398
85,1.0000001,1.8323604246570515,False,0.7911966585530005,398
90,1.0000001,2.589698755668857,False,0.7889307014581739,398
132,1.0000001,2.8084523345652572,False,0.7672712828173273,398
131,1.0000002,2.8084523345652572,False,0.7672712828173273,398
130,1.0,2.8084523345652572,False,0.7672712828173273,398
196,1.0000001,2.5007790019689873,False,0.7273996748405082,398
197,1.0000002,2.5007790019689873,False,0.7273996748405082,398
65,1.0000002,1.6584917279286138,True,0.6980518942633536,398
88,1.0,2.216060495148106,False,0.6793605883855496,398
64,1.0000001,1.7746546229647393,False,0.671685419457054,398
1,1.0000004,2.0748490070672703,False,0.6692720615578011,398
82,0.9999998,1.8323604246570515,False,0.6259059377133765,398
83,0.99999976,1.8323604246570515,False,0.6076871220499257,398
72,0.99999976,2.5007790019689873,False,0.5525012969895129,398
87,0.9944171,2.216060495148106,False,0.5149476892439491,398
6,0.9985262,2.0748490070672703,False,0.49663998779427143,398
124,0.99999964,2.433201477796123,False,0.47894661176220377,398
67,0.99999994,2.6044668625331786,False,0.43631669184890004,398
68,0.9987775,2.6044668625331786,False,0.3055964689663223,398
12,0.99168813,2.0748490070672703,False,0.23621556244912884,398
8,0.9912697,2.0748490070672703,False,-0.09324914304507802,398
7,0.99127173,2.0748490070672703,False,-0.09324914304507802,398
26,0.9904927,2.0748490070672703,False,-0.13936808164790954,398
20,0.99045926,2.0748490070672703,False,-0.13936808164790954,398
80,0.92813206,2.6044668625331786,False,-0.14137705273408138,398
110,0.9333892,2.6044668625331786,False,-0.14137705273408138,398
111,0.9477696,2.6044668625331786,False,-0.14137705273408138,398
126,0.92592156,2.6044668625331786,False,-0.14137705273408138,398
116,0.92055047,2.6044668625331786,False,-0.14137705273408138,398
117,0.92886883,2.6044668625331786,False,-0.14137705273408138,398
302,0.9795413,1.8323604246570515,False,-0.1529354783347759,398
98,0.9815674,1.8323604246570515,False,-0.1529354783347759,398
63,0.97910213,1.8323604246570515,False,-0.1529354783347759,398
47,0.9779365,1.8323604246570515,False,-0.1529354783347759,398
230,0.97861993,1.8323604246570515,False,-0.1529354783347759,398
300,0.9777379,1.8323604246570515,False,-0.1529354783347759,398
60,0.97603405,1.8323604246570515,False,-0.16071593596610115,398
61,0.97598517,1.8323604246570515,False,-0.16071593596610115,398
301,0.9762115,1.8323604246570515,False,-0.16071593596610115,398
86,0.9845911,2.589698755668857,False,-0.16607152176987522,398
22,0.98835945,2.0748490070672703,False,-0.17963351253810328,398
267,0.97076297,2.216060495148106,False,-0.19742348625828235,398
162,0.9819553,2.5007790019689873,False,-0.20070386307518853,398
228,0.9839874,2.5007790019689873,False,-0.20070386307518853,398
246,0.98288167,2.5007790019689873,False,-0.20070386307518853,398
175,0.9814183,2.5007790019689873,False,-0.20070386307518853,398
262,0.9792924,2.5007790019689873,False,-0.20070386307518853,398
249,0.9856504,2.5007790019689873,False,-0.20070386307518853,398
189,0.98414695,2.5007790019689873,False,-0.20070386307518853,398
75,0.9756764,1.6584917279286138,False,-0.200940224179656,398
15,0.9888879,2.0748490070672703,False,-0.2032375080518655,398
28,0.9892098,2.0748490070672703,False,-0.2032375080518655,398
123,0.95213014,1.6584917279286138,False,-0.20756804229052295,398
89,0.96780396,1.6584917279286138,False,-0.20756804229052295,398
74,0.96430373,1.6584917279286138,False,-0.20756804229052295,398
127,0.9560741,1.6584917279286138,False,-0.20756804229052295,398
21,0.95300364,1.6584917279286138,False,-0.20756804229052295,398
42,0.94842637,1.6584917279286138,False,-0.20756804229052295,398
19,0.9490862,1.6584917279286138,False,-0.20756804229052295,398
10,0.94785225,1.6584917279286138,False,-0.20756804229052295,398
3,0.97445977,1.8323604246570515,False,-0.2223031548992573,398
49,0.975006,1.8323604246570515,False,-0.2223031548992573,398
99,0.97544575,1.8323604246570515,False,-0.2223031548992573,398
53,0.97498924,1.8323604246570515,False,-0.2223031548992573,398
102,0.9465011,2.433201477796123,False,-0.23522269994924036,398
76,0.9493151,2.433201477796123,False,-0.23522269994924036,398
101,0.95271415,2.433201477796123,False,-0.23522269994924036,398
293,0.9514594,2.433201477796123,False,-0.23522269994924036,398
77,0.9513025,2.433201477796123,False,-0.23522269994924036,398
107,0.93906844,2.433201477796123,False,-0.23522269994924036,398
129,0.9315889,2.433201477796123,False,-0.23522269994924036,398
66,0.936961,2.433201477796123,False,-0.23522269994924036,398
166,0.9688488,2.589698755668857,False,-0.2420670164452236,398
71,0.94485146,2.8084523345652572,False,-0.2500216450214094,398
109,0.9430442,2.8084523345652572,False,-0.2500216450214094,398
272,0.90139616,2.8084523345652572,False,-0.2500216450214094,398
70,0.9417888,2.8084523345652572,False,-0.2500216450214094,398
210,0.9504868,2.5007790019689873,False,-0.2766993577505369,398
198,0.953485,2.5007790019689873,False,-0.2766993577505369,398
165,0.95441246,2.5007790019689873,False,-0.2766993577505369,398
202,0.96577466,2.5007790019689873,False,-0.2766993577505369,398
217,0.9504174,2.5007790019689873,False,-0.2766993577505369,398
184,0.95013744,2.5007790019689873,False,-0.2766993577505369,398
160,0.94869125,2.5007790019689873,False,-0.2766993577505369,398
197,1.0000002,1.527847305799185,False,0.7865268291352739,394
196,1.0000001,1.527847305799185,False,0.7865268291352739,394
88,1.0,2.2311910074170602,False,0.7679933924650116,394
130,1.0,1.611459004541865,False,0.7634465194025198,394
131,1.0000002,1.611459004541865,False,0.7634465194025198,394
132,1.0000001,1.611459004541865,False,0.7634465194025198,394
64,1.0000001,0.9278046693478043,False,0.7514832195889138,394
67,0.99999994,1.3607005168549233,False,0.7468133901711873,394
1,1.0000004,1.2753236536065078,False,0.7384877426803153,394
84,1.0000002,1.890595864707952,False,0.7250489582366434,394
85,1.0000001,1.890595864707952,False,0.7250489582366434,394
65,1.0000002,1.6584917279286138,True,0.6980518942633536,394
72,0.99999976,1.527847305799185,False,0.6030172926321992,394
90,0.99549013,2.2311910074170602,False,0.592703030583866,394
87,0.9944171,2.2311910074170602,False,0.592703030583866,394
68,0.9987775,1.3607005168549233,False,0.5655701577555783,394
82,0.9999998,1.890595864707952,False,0.5620245414844852,394
6,0.9985262,1.2753236536065078,False,0.5572445102647062,394
124,0.99999964,1.2945053812456575,False,0.5572445102647062,394
83,0.99999976,1.890595864707952,False,0.5438057258210344,394
12,0.99168813,1.2753236536065078,False,0.3059669719125857,394
7,0.99127173,1.2753236536065078,False,-0.03488085250879291,394
8,0.9912697,1.2753236536065078,False,-0.03488085250879291,394
20,0.99045926,1.2753236536065078,False,-0.08099979111162435,394
26,0.9904927,1.2753236536065078,False,-0.08099979111162435,394
267,0.9843025,1.527847305799185,False,-0.13934552938730024,394
246,0.98383236,1.527847305799185,False,-0.13934552938730024,394
262,0.9792924,1.527847305799185,False,-0.13934552938730024,394
175,0.9814183,1.527847305799185,False,-0.13934552938730024,394
228,0.9839874,1.527847305799185,False,-0.13934552938730024,394
189,0.98414695,1.527847305799185,False,-0.13934552938730024,394
162,0.9819553,1.527847305799185,False,-0.13934552938730024,394
249,0.9856504,1.527847305799185,False,-0.13934552938730024,394
22,0.98835945,1.2753236536065078,False,-0.139554290688731,394
107,0.94998217,1.8299986706920899,False,-0.14135283275136665,394
129,0.93694437,1.8299986706920899,False,-0.14135283275136665,394
293,0.9375015,1.8299986706920899,False,-0.14135283275136665,394
102,0.9594641,1.8299986706920899,False,-0.14135283275136665,394
66,0.94341636,1.8299986706920899,False,-0.14135283275136665,394
101,0.95700794,1.8299986706920899,False,-0.14135283275136665,394
76,0.9614475,1.8299986706920899,False,-0.14135283275136665,394
77,0.9644271,1.8299986706920899,False,-0.14135283275136665,394
28,0.9892098,1.2753236536065078,False,-0.1631582862024932,394
15,0.9888879,1.2753236536065078,False,-0.1631582862024932,394
86,0.9836583,2.2311910074170602,False,-0.1915638190635788,394
63,0.97776,1.890595864707952,False,-0.19168715280791349,394
98,0.9774722,1.890595864707952,False,-0.19168715280791349,394
300,0.9777379,1.890595864707952,False,-0.19168715280791349,394
47,0.9779365,1.890595864707952,False,-0.19168715280791349,394
230,0.97861993,1.890595864707952,False,-0.19168715280791349,394
302,0.9795413,1.890595864707952,False,-0.19168715280791349,394
60,0.97603405,1.890595864707952,False,-0.19946761043923875,394
61,0.97598517,1.890595864707952,False,-0.19946761043923875,394
301,0.9762115,1.890595864707952,False,-0.19946761043923875,394
75,0.9756764,1.6584917279286138,False,-0.200940224179656,394
42,0.94842637,1.6584917279286138,False,-0.20756804229052295,394
74,0.96430373,1.6584917279286138,False,-0.20756804229052295,394
89,0.96780396,1.6584917279286138,False,-0.20756804229052295,394
21,0.95300364,1.6584917279286138,False,-0.20756804229052295,394
127,0.9560741,1.6584917279286138,False,-0.20756804229052295,394
123,0.95213014,1.6584917279286138,False,-0.20756804229052295,394
10,0.94785225,1.6584917279286138,False,-0.20756804229052295,394
19,0.9490862,1.6584917279286138,False,-0.20756804229052295,394
111,0.9477696,1.3607005168549233,False,-0.20959993285638037,394
110,0.9333892,1.3607005168549233,False,-0.20959993285638037,394
126,0.92592156,1.3607005168549233,False,-0.20959993285638037,394
116,0.92055047,1.3607005168549233,False,-0.20959993285638037,394
117,0.92886883,1.3607005168549233,False,-0.20959993285638037,394
80,0.92813206,1.3607005168549233,False,-0.20959993285638037,394
165,0.95441246,1.527847305799185,False,-0.2153410240626486,394
160,0.94869125,1.527847305799185,False,-0.2153410240626486,394
210,0.9504868,1.527847305799185,False,-0.2153410240626486,394
202,0.96577466,1.527847305799185,False,-0.2153410240626486,394
184,0.95013744,1.527847305799185,False,-0.2153410240626486,394
217,0.9504174,1.527847305799185,False,-0.2153410240626486,394
198,0.953485,1.527847305799185,False,-0.2153410240626486,394
272,0.90139616,1.611459004541865,False,-0.2399128487085142,394
71,0.94485146,1.611459004541865,False,-0.2399128487085142,394
109,0.9430442,1.611459004541865,False,-0.2399128487085142,394
70,0.9417888,1.611459004541865,False,-0.2399128487085142,394
49,0.975006,1.890595864707952,False,-0.2610548293723949,394
3,0.97445977,1.890595864707952,False,-0.2610548293723949,394
99,0.97544575,1.890595864707952,False,-0.2610548293723949,394
53,0.97498924,1.890595864707952,False,-0.2610548293723949,394
307,1.0000002,1.7860148285112312,False,0.8003542482012569,43
302,1.0,1.7860148285112312,False,0.8003542482012569,43
299,1.0,1.7860148285112312,False,0.8003542482012569,43
97,1.0,1.5995926238141338,True,0.7911966585530005,43
274,1.0000001,2.1809519650080778,False,0.7863699984889058,43
91,1.0,2.1809519650080778,False,0.7863699984889058,43
57,1.0,2.1809519650080778,False,0.7863699984889058,43
70,1.0,1.1254969769686314,False,0.7601471613211619,43
71,1.0000002,1.1254969769686314,False,0.7601471613211619,43
310,1.0000002,1.0200593911173397,False,0.7384877426803153,43
249,0.99999994,1.0200593911173397,False,0.7384877426803153,43
130,1.0,1.0200593911173397,False,0.7384877426803153,43
54,1.0000001,1.0200593911173397,False,0.7384877426803153,43
111,1.0000002,1.796930974229143,False,0.7347042962583777,43
114,1.0000001,1.1760959589715145,False,0.7274660236822126,43
115,1.0000002,1.1760959589715145,False,0.7274660236822126,43
110,1.0000002,2.0227795906620165,False,0.6820669732910536,43
308,0.99456406,1.7860148285112312,False,0.6250638863201112,43
300,0.9954728,1.7860148285112312,False,0.6250638863201112,43
304,0.9961369,1.7860148285112312,False,0.6250638863201112,43
306,0.9958091,1.7860148285112312,False,0.6250638863201112,43
192,0.9999999,2.1809519650080778,False,0.6210792776492818,43
58,0.9999998,2.1809519650080778,False,0.6210792776492818,43
96,0.99999964,1.5995926238141338,False,0.6076871220499257,43
301,0.9981017,1.7860148285112312,False,0.6039324252375,43
52,0.9999997,2.1809519650080778,False,0.602860461985831,43
109,0.9957278,1.1254969769686314,False,0.5871231035274819,43
303,0.99327904,1.7860148285112312,False,0.5799676161270481,43
49,0.9938158,2.1809519650080778,False,0.5705512980848861,43
313,0.994558,1.0200593911173397,False,0.5654636848866352,43
312,0.9955091,1.0200593911173397,False,0.5654636848866352,43
311,0.9952489,1.0200593911173397,False,0.5654636848866352,43
108,0.99999964,1.0200593911173397,False,0.5572445102647062,43
53,0.99305856,1.5995926238141338,False,0.5540018124578228,43
60,0.9930667,1.5995926238141338,False,0.5540018124578228,43
118,0.9989145,1.756272113910167,False,0.5268597231642301,43
119,0.99999976,1.756272113910167,False,0.5268597231642301,43
41,0.9935137,1.0200593911173397,False,0.5035592006726032,43
40,0.9926945,1.0200593911173397,False,0.3403333894698413,43
50,0.9925796,1.5995926238141338,False,0.3269522018237965,43
305,0.99233466,1.7860148285112312,False,0.3185515879357662,43
35,0.99155736,1.0200593911173397,False,0.3059669719125857,43
95,0.99249893,2.1809519650080778,False,0.27085319489568804,43
314,0.9908957,1.0200593911173397,False,-0.03488085250879291,43
43,0.9906782,1.0200593911173397,False,-0.03488085250879291,43
34,0.99067235,1.0200593911173397,False,-0.03488085250879291,43
38,0.97808325,1.7860148285112312,False,-0.12241468636500907,43
51,0.98806286,1.7860148285112312,False,-0.12241468636500907,43
63,0.9822961,1.7860148285112312,False,-0.12241468636500907,43
59,0.9809357,1.7860148285112312,False,-0.12241468636500907,43
61,0.986902,1.7860148285112312,False,-0.12241468636500907,43
177,0.98327684,1.1760959589715145,False,-0.1234346957288922,43
289,0.9787046,1.1760959589715145,False,-0.1234346957288922,43
207,0.97989684,1.1760959589715145,False,-0.1234346957288922,43
212,0.9851457,1.1760959589715145,False,-0.1234346957288922,43
288,0.9777821,1.1760959589715145,False,-0.1234346957288922,43
160,0.97622406,1.1760959589715145,False,-0.13121515336021747,43
262,0.97597194,1.1760959589715145,False,-0.13121515336021747,43
250,0.97607225,1.1760959589715145,False,-0.13121515336021747,43
66,0.98568213,1.1254969769686314,False,-0.13159966211254515,43
105,0.9857335,1.756272113910167,False,-0.1372175900644983,43
188,0.97874534,1.756272113910167,False,-0.1372175900644983,43
72,0.9858208,1.0200593911173397,False,-0.139554290688731,43
283,0.9879898,1.0200593911173397,False,-0.139554290688731,43
233,0.981568,1.0200593911173397,False,-0.139554290688731,43
228,0.98395413,1.0200593911173397,False,-0.139554290688731,43
246,0.9847282,1.0200593911173397,False,-0.139554290688731,43
162,0.98418736,1.0200593911173397,False,-0.139554290688731,43
197,0.9856504,1.0200593911173397,False,-0.139554290688731,43
142,0.9859476,1.0200593911173397,False,-0.139554290688731,43
267,0.9858419,1.0200593911173397,False,-0.139554290688731,43
279,0.9711032,1.5995926238141338,False,-0.14944634021643885,43
136,0.9829105,2.1809519650080778,False,-0.15640828934042636,43
132,0.98891175,1.0200593911173397,False,-0.1631582862024932,43
198,0.9738412,1.1760959589715145,False,-0.19280237229337363,43
191,0.9726083,1.1760959589715145,False,-0.19280237229337363,43
127,0.92224,1.796930974229143,False,-0.19497504504807442,43
76,0.91547763,1.796930974229143,False,-0.19497504504807442,43
68,0.95229405,1.796930974229143,False,-0.19497504504807442,43
117,0.94018495,1.796930974229143,False,-0.19497504504807442,43
65,0.9246131,1.796930974229143,False,-0.19497504504807442,43
67,0.9477696,1.796930974229143,False,-0.19497504504807442,43
126,0.9227898,2.0227795906620165,False,-0.20002377368441288,43
80,0.9225857,2.0227795906620165,False,-0.20002377368441288,43
64,0.9058969,2.0227795906620165,False,-0.20002377368441288,43
42,0.97188926,1.756272113910167,False,-0.20658526662897975,43
129,0.94839346,1.1254969769686314,False,-0.20759515678789356,43
131,0.9417888,1.1254969769686314,False,-0.20759515678789356,43
107,0.9326147,1.1254969769686314,False,-0.20759515678789356,43
101,0.93718684,1.1254969769686314,False,-0.20759515678789356,43
298,0.96749896,1.756272113910167,False,-0.21321308473984668,43
147,0.96901166,1.756272113910167,False,-0.21321308473984668,43
14,0.96772045,1.756272113910167,False,-0.21321308473984668,43
106,0.9696733,1.756272113910167,False,-0.21321308473984668,43
98,0.9690822,1.756272113910167,False,-0.21321308473984668,43
89,0.95131266,1.0200593911173397,False,-0.21554978536407937,43
74,0.9348842,1.0200593911173397,False,-0.21554978536407937,43
75,0.93976355,1.0200593911173397,False,-0.21554978536407937,43
187,0.9554015,1.5995926238141338,False,-0.22893097301012424,43
141,0.96193403,1.5995926238141338,False,-0.22893097301012424,43
125,0.9608599,1.5995926238141338,False,-0.22893097301012424,43
275,0.9605508,1.5995926238141338,False,-0.22893097301012424,43
257,0.96054256,1.5995926238141338,False,-0.22893097301012424,43
261,0.9574933,1.5995926238141338,False,-0.22893097301012424,43
5,0.9555752,1.5995926238141338,False,-0.22893097301012424,43
285,0.9677081,2.1809519650080778,False,-0.23240378401577472,43
176,0.9674438,2.1809519650080778,False,-0.23240378401577472,43
258,0.9660746,2.1809519650080778,False,-0.23240378401577472,43
217,0.96543884,2.1809519650080778,False,-0.23240378401577472,43
180,0.9655926,2.1809519650080778,False,-0.23240378401577472,43
158,0.9490533,2.1809519650080778,False,-0.23240378401577472,43
260,0.95036185,2.1809519650080778,False,-0.23240378401577472,43
225,0.9461678,2.1809519650080778,False,-0.23240378401577472,43
37,0.94113576,2.1809519650080778,False,-0.23240378401577472,43
277,0.94237626,2.1809519650080778,False,-0.23240378401577472,43
94,0.942453,2.1809519650080778,False,-0.23240378401577472,43
179,0.93893147,2.1809519650080778,False,-0.23240378401577472,43
57,1.0,1.8216061130297478,False,0.8041921354615991,23
65,1.0000002,2.6563922941536955,False,0.798981659991196,23
84,1.0000002,2.122129567495536,False,0.7931704164634964,23
85,1.0000001,2.122129567495536,False,0.7931704164634964,23
64,1.0000001,2.669563928657181,False,0.7903177182589479,23
131,1.0000002,2.4371431360822267,False,0.7523188554729372,23
130,1.0,2.4371431360822267,False,0.7523188554729372,23
132,1.0000001,2.4371431360822267,False,0.7523188554729372,23
197,1.0000002,2.294262600554542,False,0.7314877498575305,23
196,1.0000001,2.294262600554542,False,0.7314877498575305,23
67,0.99999994,2.7069493680830896,False,0.715895256166607,23
82,0.9999998,2.122129567495536,False,0.6278796956238725,23
83,0.99999976,2.122129567495536,False,0.6096608799604216,23
96,0.9971581,1.8216061130297478,False,0.6077703124978422,23
72,0.99999976,2.294262600554542,False,0.5479782133544557,23
68,0.9987775,2.7069493680830896,False,0.5323857196635322,23
50,0.99943006,1.858167567032856,False,0.512048822602123,23
53,0.99999964,1.858167567032856,False,0.512048822602123,23
60,0.9930667,2.3750035647299925,False,0.47407805851578816,23
61,0.9908703,1.858167567032856,True,-0.07784030823722647,23
52,0.9912154,1.858167567032856,False,-0.07784030823722647,23
262,0.9792924,2.294262600554542,False,-0.14292737684312115,23
90,0.97888654,2.294262600554542,False,-0.14292737684312115,23
267,0.9843025,2.294262600554542,False,-0.14292737684312115,23
162,0.9819553,2.294262600554542,False,-0.14292737684312115,23
246,0.98288167,2.294262600554542,False,-0.14292737684312115,23
249,0.9856504,2.294262600554542,False,-0.14292737684312115,23
228,0.9839874,2.294262600554542,False,-0.14292737684312115,23
88,0.979773,2.294262600554542,False,-0.14292737684312115,23
175,0.98059714,2.294262600554542,False,-0.14292737684312115,23
189,0.98414695,2.294262600554542,False,-0.14292737684312115,23
98,0.9815674,2.122129567495536,False,-0.14445597981471373,23
300,0.9777379,2.122129567495536,False,-0.14445597981471373,23
302,0.9795413,2.122129567495536,False,-0.14445597981471373,23
63,0.97776,2.122129567495536,False,-0.14445597981471373,23
47,0.9779365,2.122129567495536,False,-0.14445597981471373,23
230,0.97861993,2.122129567495536,False,-0.14445597981471373,23
87,0.97826725,2.122129567495536,False,-0.14445597981471373,23
301,0.9762115,2.122129567495536,False,-0.15223643744603899,23
124,0.98032,2.669563928657181,False,-0.15246056957038423,23
303,0.98208547,1.8216061130297478,False,-0.1605755747745525,23
108,0.9830961,1.8216061130297478,False,-0.1605755747745525,23
58,0.9844141,1.8216061130297478,False,-0.1605755747745525,23
49,0.9876325,1.858167567032856,False,-0.18251374641716459,23
91,0.9838128,1.74263967047068,False,-0.18402768847164944,23
95,0.9867786,2.3750035647299925,False,-0.19172764862908329,23
75,0.9756764,2.6563922941536955,False,-0.20623352111890317,23
19,0.9490862,2.6563922941536955,False,-0.2128613392297701,23
127,0.9560741,2.6563922941536955,False,-0.2128613392297701,23
89,0.96780396,2.6563922941536955,False,-0.2128613392297701,23
123,0.95213014,2.6563922941536955,False,-0.2128613392297701,23
21,0.95300364,2.6563922941536955,False,-0.2128613392297701,23
42,0.94842637,2.6563922941536955,False,-0.2128613392297701,23
10,0.94785225,2.6563922941536955,False,-0.2128613392297701,23
74,0.96430373,2.6563922941536955,False,-0.2128613392297701,23
3,0.97445977,2.122129567495536,False,-0.21382365637919515,23
99,0.97544575,2.122129567495536,False,-0.21382365637919515,23
202,0.96577466,2.294262600554542,False,-0.21892287151846956,23
165,0.95441246,2.294262600554542,False,-0.21892287151846956,23
198,0.953485,2.294262600554542,False,-0.21892287151846956,23
210,0.9504868,2.294262600554542,False,-0.21892287151846956,23
217,0.9504174,2.294262600554542,False,-0.21892287151846956,23
184,0.95013744,2.294262600554542,False,-0.21892287151846956,23
160,0.94869125,2.294262600554542,False,-0.21892287151846956,23
126,0.9087595,2.4371431360822267,False,-0.22373252215305556,23
129,0.9537051,2.4371431360822267,False,-0.22373252215305556,23
111,0.94527483,2.4371431360822267,False,-0.22373252215305556,23
117,0.9446459,2.4371431360822267,False,-0.22373252215305556,23
80,0.91777176,2.4371431360822267,False,-0.22373252215305556,23
110,0.93113613,2.4371431360822267,False,-0.22373252215305556,23
272,0.90139616,2.4371431360822267,False,-0.22373252215305556,23
77,0.93826437,2.4371431360822267,False,-0.22373252215305556,23
293,0.9369123,2.4371431360822267,False,-0.22373252215305556,23
109,0.9430442,2.4371431360822267,False,-0.22373252215305556,23
66,0.9431976,2.4371431360822267,False,-0.22373252215305556,23
107,0.94142663,2.4371431360822267,False,-0.22373252215305556,23
70,0.9417888,2.4371431360822267,False,-0.22373252215305556,23
71,0.94485146,2.4371431360822267,False,-0.22373252215305556,23
76,0.9614475,2.669563928657181,False,-0.2284560642457326,23
102,0.9594641,2.669563928657181,False,-0.2284560642457326,23
101,0.95700794,2.669563928657181,False,-0.2284560642457326,23
116,0.92055047,2.7069493680830896,False,-0.25603409967782326,23
114,1.0000001,3.6276450588483153,False,0.8345114206224395,47
115,1.0000002,3.6276450588483153,False,0.8345114206224395,47
71,1.0000002,4.0043138208456845,False,0.7888348060748915,47
70,1.0,4.0043138208456845,False,0.7888348060748915,47
54,1.0000001,3.241318884804477,False,0.7620083526707673,47
57,1.0,3.241318884804477,False,0.7620083526707673,47
249,0.99999994,3.241318884804477,False,0.7620083526707673,47
299,1.0,3.241318884804477,False,0.7620083526707673,47
310,1.0000002,3.241318884804477,False,0.7620083526707673,47
302,1.0,3.241318884804477,False,0.7620083526707673,47
130,1.0,3.241318884804477,False,0.7620083526707673,47
81,1.0000002,3.2928209866682105,False,0.6700999285029311,47
311,0.9952489,3.241318884804477,False,0.6286298416705735,47
304,0.9961369,3.241318884804477,False,0.6286298416705735,47
313,0.994558,3.241318884804477,False,0.6286298416705735,47
312,0.9955091,3.241318884804477,False,0.6286298416705735,47
92,1.0,3.066053430022444,False,0.624532591630476,47
108,0.99999964,3.241318884804477,False,0.6204106670486443,47
118,0.9989145,3.7883230245844213,False,0.6151567161561587,47
119,0.99999976,3.7883230245844213,False,0.6151567161561587,47
109,0.9957278,4.0043138208456845,False,0.6135444441937458,47
300,0.99718493,3.241318884804477,False,0.6074983805879622,47
96,0.9971581,3.241318884804477,False,0.6074983805879622,47
301,0.99688697,3.241318884804477,False,0.6074983805879622,47
97,1.0,3.6640714633921028,False,0.5794771388483003,47
41,0.9935137,3.241318884804477,False,0.5330112141288142,47
60,0.9930667,3.670350520435348,False,0.43072075300478413,47
53,0.99305856,3.670350520435348,False,0.43072075300478413,47
40,0.9926945,3.241318884804477,False,0.3125040074832804,47
35,0.99155736,3.241318884804477,False,0.2781375899260247,47
50,0.9915732,3.241318884804477,False,0.2781375899260247,47
34,0.99067235,3.241318884804477,False,-0.02469231697898024,47
58,0.9905019,3.241318884804477,False,-0.02469231697898024,47
314,0.9908957,3.241318884804477,False,-0.02469231697898024,47
43,0.9906782,3.241318884804477,False,-0.02469231697898024,47
142,0.9859476,3.241318884804477,False,-0.1288569254152222,47
52,0.9841362,3.241318884804477,False,-0.1288569254152222,47
72,0.9858208,3.241318884804477,False,-0.1288569254152222,47
246,0.9847282,3.241318884804477,False,-0.1288569254152222,47
228,0.98395413,3.241318884804477,False,-0.1288569254152222,47
162,0.98418736,3.241318884804477,False,-0.1288569254152222,47
262,0.9813261,3.241318884804477,False,-0.1288569254152222,47
303,0.98208547,3.241318884804477,False,-0.1288569254152222,47
61,0.98606986,3.241318884804477,False,-0.1288569254152222,47
91,0.98424804,3.241318884804477,False,-0.1288569254152222,47
308,0.98172164,3.241318884804477,False,-0.1288569254152222,47
305,0.98437285,3.241318884804477,False,-0.1288569254152222,47
59,0.9857446,3.241318884804477,False,-0.1288569254152222,47
63,0.9822961,3.241318884804477,False,-0.1288569254152222,47
51,0.9831506,3.241318884804477,False,-0.1288569254152222,47
197,0.9856504,3.241318884804477,False,-0.1288569254152222,47
283,0.9879898,3.241318884804477,False,-0.1288569254152222,47
233,0.981568,3.241318884804477,False,-0.1288569254152222,47
267,0.9858419,3.241318884804477,False,-0.1288569254152222,47
279,0.9711032,3.6640714633921028,False,-0.13234027653578737,47
132,0.98891175,3.241318884804477,False,-0.15246092092898444,47
188,0.97874534,3.7883230245844213,False,-0.17619919334832435,47
105,0.9857335,3.7883230245844213,False,-0.17619919334832435,47
95,0.9867786,3.670350520435348,True,-0.18810441661062655,47
74,0.9348842,3.241318884804477,False,-0.20485242009057056,47
75,0.93976355,3.241318884804477,False,-0.20485242009057056,47
66,0.9368184,3.241318884804477,False,-0.20485242009057056,47
131,0.9320011,3.241318884804477,False,-0.20485242009057056,47
117,0.9446459,3.241318884804477,False,-0.20485242009057056,47
89,0.95131266,3.241318884804477,False,-0.20485242009057056,47
126,0.9087595,3.241318884804477,False,-0.20485242009057056,47
65,0.9290576,3.241318884804477,False,-0.20485242009057056,47
68,0.96413183,3.241318884804477,False,-0.20485242009057056,47
67,0.9628763,3.241318884804477,False,-0.20485242009057056,47
111,0.94527483,3.241318884804477,False,-0.20485242009057056,47
110,0.93113613,3.241318884804477,False,-0.20485242009057056,47
80,0.91777176,3.241318884804477,False,-0.20485242009057056,47
127,0.9584154,3.241318884804477,False,-0.20485242009057056,47
207,0.97989684,3.6415493656869886,False,-0.20834273540244802,47
177,0.98375446,3.6415493656869886,False,-0.20834273540244802,47
212,0.9851457,3.6415493656869886,False,-0.20834273540244802,47
187,0.9554015,3.6640714633921028,False,-0.21182490932947276,47
147,0.9567311,3.6640714633921028,False,-0.21182490932947276,47
261,0.9574933,3.6640714633921028,False,-0.21182490932947276,47
141,0.96193403,3.6640714633921028,False,-0.21182490932947276,47
125,0.9608599,3.6640714633921028,False,-0.21182490932947276,47
275,0.9605508,3.6640714633921028,False,-0.21182490932947276,47
257,0.96054256,3.6640714633921028,False,-0.21182490932947276,47
5,0.9555752,3.6640714633921028,False,-0.21182490932947276,47
250,0.97607225,3.6415493656869886,False,-0.21612319303377328,47
288,0.9777821,3.6276450588483153,False,-0.22662956136863074,47
289,0.9787046,3.6276450588483153,False,-0.22662956136863074,47
160,0.97622406,3.6276450588483153,False,-0.234410018999956,47
42,0.97188926,3.7883230245844213,False,-0.24556686991280577,47
222,0.972134,3.066053430022444,False,-0.2511649628007267,47
98,0.9690822,3.7883230245844213,False,-0.2521946880236727,47
14,0.96772045,3.7883230245844213,False,-0.2521946880236727,47
298,0.96749896,3.7883230245844213,False,-0.2521946880236727,47
106,0.9696733,3.7883230245844213,False,-0.2521946880236727,47
88,0.96761644,3.066053430022444,False,-0.25779278091159363,47
224,0.9662771,3.066053430022444,False,-0.25779278091159363,47
87,0.9657581,3.066053430022444,False,-0.25779278091159363,47
90,0.96570027,3.066053430022444,False,-0.25779278091159363,47
100,0.9654819,3.066053430022444,False,-0.25779278091159363,47
268,0.9640774,3.066053430022444,False,-0.25779278091159363,47
193,0.961801,3.066053430022444,False,-0.25779278091159363,47
154,0.9687811,3.066053430022444,False,-0.25779278091159363,47
198,0.9738412,3.6415493656869886,False,-0.2777104119669295,47
101,0.9360188,4.0043138208456845,False,-0.28681999322054946,47
107,0.9337968,4.0043138208456845,False,-0.28681999322054946,47
129,0.95055187,4.0043138208456845,False,-0.28681999322054946,47
64,0.9325036,4.0043138208456845,False,-0.28681999322054946,47
191,0.9726083,3.6276450588483153,False,-0.29599723793311217,47
295,0.9647895,3.2928209866682105,False,-0.3206614079376104,47
64,1.0000001,2.1469160023608134,False,0.7896528111058583,140
65,1.0000002,2.1469160023608134,False,0.7896528111058583,140
21,1.0000002,2.0443694297512987,False,0.7608118714525245,140
13,1.0000002,2.0443694297512987,False,0.7608118714525245,140
18,1.0000001,2.0443694297512987,False,0.7608118714525245,140
2,1.0000005,2.0443694297512987,False,0.7608118714525245,140
29,1.0000001,2.0443694297512987,False,0.7608118714525245,140
24,1.0,2.0443694297512987,False,0.7608118714525245,140
14,1.0,2.0443694297512987,False,0.7608118714525245,140
41,1.0000001,2.0443694297512987,True,0.7608118714525245,140
45,1.0000001,2.0443694297512987,False,0.7608118714525245,140
168,1.0000001,2.0443694297512987,False,0.7608118714525245,140
123,1.0,2.0443694297512987,False,0.7608118714525245,140
38,1.0,2.0443694297512987,False,0.7608118714525245,140
22,1.0000001,2.0443694297512987,False,0.7608118714525245,140
298,1.0,2.0827509142581144,True,0.7601637067855672,140
70,1.0,2.0827509142581144,False,0.7601637067855672,140
311,1.0000002,2.0827509142581144,False,0.7601637067855672,140
130,1.0,2.0827509142581144,False,0.7601637067855672,140
274,1.0000001,0.9540789755988556,False,0.7601471613211619,140
116,1.0000001,0.9540789755988556,False,0.7601471613211619,140
171,1.0000005,0.9540789755988556,False,0.7601471613211619,140
105,1.0000002,1.865268520174617,False,0.7468304015949422,140
1,1.0000004,1.640535553077631,False,0.6846808963656527,140
30,1.0000002,1.737040902720068,False,0.671685419457054,140
20,1.0000002,1.737040902720068,False,0.671685419457054,140
33,1.0,1.737040902720068,False,0.671685419457054,140
31,1.0000001,1.737040902720068,False,0.671685419457054,140
34,1.0000002,1.737040902720068,False,0.671685419457054,140
11,1.0,1.737040902720068,False,0.671685419457054,140
87,1.0000001,1.737040902720068,False,0.671685419457054,140
50,1.0000002,1.737040902720068,False,0.671685419457054,140
17,1.0,1.737040902720068,False,0.671685419457054,140
55,1.0000002,1.737040902720068,False,0.671685419457054,140
110,1.0000002,1.737040902720068,False,0.671685419457054,140
28,1.0,1.737040902720068,False,0.671685419457054,140
27,1.0000002,1.737040902720068,False,0.671685419457054,140
107,0.9999999,2.0827509142581144,False,0.597139290033409,140
25,0.9999999,2.0443694297512987,False,0.5955211506129006,140
23,0.9999999,2.0443694297512987,False,0.5955211506129006,140
46,0.9999999,2.0443694297512987,False,0.5955211506129006,140
44,0.9999999,2.0443694297512987,False,0.5955211506129006,140
58,0.9999998,2.1359526035420293,False,0.591818982053306,140
40,0.9953525,2.0827509142581144,True,0.5871396489918873,140
71,0.9946378,2.0827509142581144,False,0.5871396489918873,140
43,0.9944343,2.0827509142581144,True,0.5871396489918873,140
310,0.9952489,2.0827509142581144,False,0.5871396489918873,140
10,0.9952851,2.0443694297512987,False,0.5855215095713788,140
39,0.9949986,2.0443694297512987,True,0.5855215095713788,140
19,0.9999997,2.0443694297512987,False,0.5773023349494497,140
193,0.99999964,2.0443694297512987,False,0.5773023349494497,140
313,0.9963833,2.0827509142581144,False,0.5737414358851848,140
36,0.9984319,2.0827509142581144,False,0.5660081879092761,140
109,0.9975029,2.0827509142581144,False,0.5660081879092761,140
312,0.99646145,2.0827509142581144,False,0.5660081879092761,140
12,0.9999998,1.737040902720068,False,0.5172721613569753,140
26,0.9999999,1.737040902720068,False,0.5172721613569753,140
73,0.9999999,1.737040902720068,False,0.5172721613569753,140
7,0.9999999,1.737040902720068,False,0.5172721613569753,140
6,0.9985262,1.640535553077631,False,0.512048822602123,140
124,0.99999964,1.8510388094235992,False,0.5073789931843965,140
15,0.99484783,1.737040902720068,False,0.5072725203154533,140
88,0.9944171,1.737040902720068,False,0.5072725203154533,140
8,0.99999976,1.737040902720068,False,0.49905334569352444,140
16,0.99999976,1.737040902720068,False,0.49905334569352444,140
32,0.99999964,1.737040902720068,False,0.49905334569352444,140
53,0.99943006,1.737040902720068,False,0.49905334569352444,140
72,0.99999976,2.0264930830025607,False,0.4963572741862937,140
197,0.9984032,2.0264930830025607,False,0.48344498772561156,140
314,0.99299216,2.0827509142581144,False,0.46322972653075467,140
96,0.9925796,1.737040902720068,False,0.2936309112540127,140
76,0.9917878,2.0827509142581144,False,0.2905450313499153,140
77,0.9923438,2.0827509142581144,False,0.2905450313499153,140
57,0.9915732,1.737040902720068,False,0.2592644936967571,140
35,0.99232554,1.737040902720068,False,0.2592644936967571,140
90,0.99178386,1.737040902720068,False,0.2592644936967571,140
108,0.9905019,2.1359526035420293,False,-0.05044189266571583,140
224,0.9913431,2.0443694297512987,False,-0.0642144082175179,140
60,0.99139106,1.737040902720068,False,-0.07020021179744985,140
61,0.991111,1.737040902720068,False,-0.07020021179744985,140
52,0.9907137,1.737040902720068,False,-0.07020021179744985,140
83,0.971015,1.865268520174617,False,-0.1159980523841378,140
119,0.9857335,1.865268520174617,False,-0.11948719050247476,140
106,0.97797346,1.865268520174617,False,-0.11948719050247476,140
118,0.9866842,1.865268520174617,False,-0.11948719050247476,140
98,0.9769863,1.865268520174617,False,-0.12726764813380004,140
101,0.97118366,2.0827509142581144,False,-0.13322731476786215,140
66,0.98751307,2.0827509142581144,False,-0.13671645288619913,140
3,0.97721064,2.0827509142581144,True,-0.13671645288619913,140
102,0.9875616,2.0827509142581144,False,-0.13671645288619913,140
153,0.9706416,2.0443694297512987,False,-0.14710963959220616,140
47,0.97951955,2.0443694297512987,False,-0.1505987777105432,140
268,0.9782693,2.0443694297512987,False,-0.1505987777105432,140
309,0.98632044,2.0443694297512987,False,-0.1505987777105432,140
175,0.9786384,2.0443694297512987,False,-0.1505987777105432,140
246,0.98383236,2.0264930830025607,False,-0.1528042025098502,140
267,0.986359,2.0264930830025607,False,-0.1528042025098502,140
249,0.9858208,2.0264930830025607,False,-0.1528042025098502,140
162,0.9843169,2.0264930830025607,False,-0.1528042025098502,140
228,0.98427,2.0264930830025607,False,-0.1528042025098502,140
91,0.98297954,2.1359526035420293,False,-0.15511533084565388,140
100,0.9759989,2.0443694297512987,False,-0.15837923534186846,140
42,0.97599417,2.0443694297512987,True,-0.15837923534186846,140
132,0.98891175,2.0827509142581144,False,-0.1603204483999614,140
120,0.9707462,1.737040902720068,False,-0.1713845118590509,140
111,0.9876363,1.737040902720068,False,-0.17487364997738794,140
84,0.97826725,1.737040902720068,False,-0.17487364997738794,140
49,0.98680425,1.737040902720068,False,-0.17487364997738794,140
103,0.98255765,1.737040902720068,False,-0.17487364997738794,140
9,0.98363274,1.737040902720068,False,-0.17487364997738794,140
79,0.97630537,1.737040902720068,False,-0.1826541076087132,140
104,0.9766959,1.737040902720068,False,-0.1826541076087132,140
86,0.97673255,1.737040902720068,False,-0.1826541076087132,140
115,0.9714818,1.865268520174617,False,-0.18885486706695626,140
299,0.9719918,1.865268520174617,False,-0.18885486706695626,140
85,0.97433794,1.865268520174617,False,-0.18885486706695626,140
95,0.9744293,0.9540789755988556,False,-0.20096733867702662,140
291,0.97518677,0.9540789755988556,False,-0.20096733867702662,140
288,0.9720267,0.9540789755988556,False,-0.20096733867702662,140
82,0.9734318,2.0827509142581144,False,-0.2060841294506806,140
221,0.97003806,0.9540789755988556,False,-0.20759515678789356,140
80,0.91688174,0.9540789755988556,False,-0.20759515678789356,140
217,0.96543884,0.9540789755988556,False,-0.20759515678789356,140
180,0.9655926,0.9540789755988556,False,-0.20759515678789356,140
142,0.96711195,0.9540789755988556,False,-0.20759515678789356,140
176,0.9674438,0.9540789755988556,False,-0.20759515678789356,140
258,0.9660746,0.9540789755988556,False,-0.20759515678789356,140
200,0.96828747,0.9540789755988556,False,-0.20759515678789356,140
289,0.96983236,0.9540789755988556,False,-0.20759515678789356,140
285,0.9677081,0.9540789755988556,False,-0.20759515678789356,140
206,0.96910363,0.9540789755988556,False,-0.20759515678789356,140
273,0.96881664,0.9540789755988556,False,-0.20759515678789356,140
117,0.9024647,0.9540789755988556,False,-0.20759515678789356,140
67,0.92055047,0.9540789755988556,False,-0.20759515678789356,140
68,0.91648144,0.9540789755988556,False,-0.20759515678789356,140
126,0.9245833,0.9540789755988556,False,-0.20759515678789356,140
131,0.9417888,2.0827509142581144,False,-0.21271194756154754,140
129,0.94839346,2.0827509142581144,False,-0.21271194756154754,140
54,0.9304288,2.0827509142581144,False,-0.21271194756154754,140
89,0.9562758,2.0827509142581144,False,-0.21271194756154754,140
75,0.96830446,2.0827509142581144,False,-0.21271194756154754,140
127,0.9091109,2.0827509142581144,False,-0.21271194756154754,140
135,0.9751172,2.0443694297512987,False,-0.21996645427502462,140
230,0.9718922,2.0443694297512987,False,-0.21996645427502462,140
149,0.85699344,2.0443694297512987,False,-0.22659427238589155,140
277,0.85744,2.0443694297512987,False,-0.22659427238589155,140
182,0.86486244,2.0443694297512987,False,-0.22659427238589155,140
112,0.85789764,2.0443694297512987,False,-0.22659427238589155,140
265,0.87856233,2.0443694297512987,False,-0.22659427238589155,140
266,0.88045895,2.0443694297512987,False,-0.22659427238589155,140
181,0.88071793,2.0443694297512987,False,-0.22659427238589155,140
287,0.87216204,2.0443694297512987,False,-0.22659427238589155,140
56,0.9603458,2.0443694297512987,False,-0.22659427238589155,140
37,0.9570348,2.0443694297512987,False,-0.22659427238589155,140
296,0.9644301,2.0443694297512987,False,-0.22659427238589155,140
78,0.97539556,1.737040902720068,False,-0.24424132654186936,140
293,0.9514594,1.8510388094235992,False,-0.2449192921450373,140
122,0.97049356,1.737040902720068,False,-0.2508691446527363,140
62,0.9654201,1.737040902720068,False,-0.2508691446527363,140
264,0.90791637,1.737040902720068,False,-0.2508691446527363,140
51,0.95488155,1.737040902720068,False,-0.2508691446527363,140
74,0.96430373,2.1469160023608134,False,-0.2596046851627414,140
70,1.0,1.917588198266005,False,0.8128560771938471,58
71,1.0000002,1.917588198266005,False,0.8128560771938471,58
97,1.0,1.8135563325680533,False,0.7911966585530005,58
110,1.0000002,1.7819110898490982,False,0.7786948295604103,58
302,1.0,1.5401582072782256,False,0.7688276485178154,58
299,1.0,1.5401582072782256,False,0.7688276485178154,58
307,1.0000002,1.5401582072782256,False,0.7688276485178154,58
311,1.0000002,0.8603324820483542,False,0.7601471613211619,58
130,1.0,0.8603324820483542,False,0.7601471613211619,58
123,1.0,0.8603324820483542,False,0.7601471613211619,58
298,1.0,0.8603324820483542,False,0.7601471613211619,58
64,1.0000001,1.2713242199139396,False,0.7384877426803153,58
65,1.0000002,1.2713242199139396,False,0.7384877426803153,58
31,1.0000001,2.010936513165685,False,0.734498381720831,58
29,1.0000001,2.010936513165685,False,0.734498381720831,58
22,1.0000001,2.010936513165685,False,0.734498381720831,58
87,1.0000001,2.010936513165685,False,0.734498381720831,58
38,1.0,2.010936513165685,False,0.734498381720831,58
30,1.0000002,2.010936513165685,False,0.734498381720831,58
55,1.0000002,2.010936513165685,False,0.734498381720831,58
1,1.0000004,2.010936513165685,False,0.734498381720831,58
18,1.0000001,2.010936513165685,False,0.734498381720831,58
2,1.0000005,2.010936513165685,False,0.734498381720831,58
11,1.0,2.010936513165685,False,0.734498381720831,58
20,1.0000002,2.010936513165685,False,0.734498381720831,58
17,1.0,2.010936513165685,False,0.734498381720831,58
21,1.0000002,2.010936513165685,False,0.734498381720831,58
50,1.0000002,2.010936513165685,False,0.734498381720831,58
28,1.0,2.010936513165685,False,0.734498381720831,58
33,1.0,2.010936513165685,False,0.734498381720831,58
34,1.0000002,2.010936513165685,False,0.734498381720831,58
27,1.0000002,2.010936513165685,False,0.734498381720831,58
309,1.0000002,1.8227045384146323,False,0.6670293368625339,58
109,0.9957278,1.917588198266005,False,0.6375657153127015,58
73,0.9999999,2.010936513165685,False,0.611119511762159,58
26,0.9999999,2.010936513165685,False,0.611119511762159,58
7,0.9999999,2.010936513165685,False,0.611119511762159,58
12,0.9999998,2.010936513165685,False,0.611119511762159,58
10,0.9999999,2.010936513165685,False,0.611119511762159,58
96,0.99999964,1.8135563325680533,False,0.6076871220499257,58
39,0.9944172,2.010936513165685,False,0.6011198707206372,58
88,0.9944171,2.010936513165685,False,0.6011198707206372,58
19,0.9952851,2.010936513165685,False,0.6011198707206372,58
15,0.99484783,2.010936513165685,False,0.6011198707206372,58
41,0.9954854,2.010936513165685,False,0.6011198707206372,58
107,0.9999999,0.8603324820483542,False,0.5971227445690037,58
300,0.9954728,1.5401582072782256,False,0.5958035907241354,58
304,0.9961369,1.5401582072782256,False,0.5958035907241354,58
308,0.99456406,1.5401582072782256,False,0.5958035907241354,58
306,0.9958091,1.5401582072782256,False,0.5958035907241354,58
57,0.9971581,1.8135563325680533,False,0.5947748355892436,58
16,0.99999976,2.010936513165685,False,0.5929006960987081,58
32,0.99999964,2.010936513165685,False,0.5929006960987081,58
6,0.9985262,2.010936513165685,False,0.5929006960987081,58
53,0.99943006,2.010936513165685,False,0.5929006960987081,58
8,0.99999976,2.010936513165685,False,0.5929006960987081,58
117,0.9999998,1.2059702312280824,False,0.5884588028367557,58
23,0.99614966,2.010936513165685,False,0.5877216576139347,58
43,0.9944343,0.8603324820483542,False,0.5871231035274819,58
40,0.9953525,0.8603324820483542,False,0.5871231035274819,58
310,0.9952489,0.8603324820483542,False,0.5871231035274819,58
13,0.9968128,2.010936513165685,False,0.579988409638026,58
301,0.99688697,1.5401582072782256,False,0.5746721296415241,58
313,0.9963833,0.8603324820483542,False,0.5737248904207793,58
177,0.9999999,1.2181380152725563,False,0.5707934965104304,58
36,0.9984319,0.8603324820483542,False,0.5659916424448707,58
312,0.99646145,0.8603324820483542,False,0.5659916424448707,58
60,0.9930667,1.8135563325680533,False,0.5540018124578228,58
303,0.99327904,1.5401582072782256,False,0.5507073205310722,58
314,0.99299216,0.8603324820483542,False,0.46704054039375575,58
76,0.9917878,0.8603324820483542,False,0.3276263905534324,58
77,0.9923438,0.8603324820483542,False,0.3276263905534324,58
305,0.99233466,1.5401582072782256,False,0.31984454643053867,58
90,0.99178386,2.010936513165685,False,0.2843050989248895,58
35,0.99232554,2.010936513165685,False,0.2843050989248895,58
24,0.99141,2.010936513165685,False,0.07478978127222098,58
52,0.9907137,2.010936513165685,False,-0.028430337300244066,58
61,0.991111,2.010936513165685,False,-0.028430337300244066,58
120,0.9707462,2.010936513165685,False,-0.11540101755348817,58
175,0.9708544,2.010936513165685,False,-0.11540101755348817,58
14,0.9868605,2.010936513165685,False,-0.11889015567182512,58
9,0.98363274,2.010936513165685,False,-0.11889015567182512,58
153,0.9876014,2.010936513165685,False,-0.11889015567182512,58
3,0.9843397,2.010936513165685,False,-0.11889015567182512,58
84,0.97826725,2.010936513165685,False,-0.11889015567182512,58
42,0.98054445,2.010936513165685,False,-0.11889015567182512,58
103,0.98255765,2.010936513165685,False,-0.11889015567182512,58
91,0.9838128,2.010936513165685,False,-0.11889015567182512,58
49,0.98680425,2.010936513165685,False,-0.11889015567182512,58
111,0.9876363,2.010936513165685,False,-0.11889015567182512,58
59,0.9857446,1.5401582072782256,False,-0.12112172787023665,58
51,0.98806286,1.5401582072782256,False,-0.12112172787023665,58
63,0.9822961,1.5401582072782256,False,-0.12112172787023665,58
289,0.9706521,1.2181380152725563,False,-0.12247520362291833,58
198,0.9826759,1.2181380152725563,False,-0.12596434174125534,58
114,0.98327684,1.2181380152725563,False,-0.12596434174125534,58
115,0.98375446,1.2181380152725563,False,-0.12596434174125534,58
86,0.97673255,2.010936513165685,False,-0.12667061330315038,58
104,0.9766959,2.010936513165685,False,-0.12667061330315038,58
79,0.97630537,2.010936513165685,False,-0.12667061330315038,58
101,0.97118366,0.8603324820483542,False,-0.1281105239942082,58
102,0.9875616,0.8603324820483542,False,-0.13159966211254515,58
66,0.98751307,0.8603324820483542,False,-0.13159966211254515,58
124,0.98032,1.2713242199139396,False,-0.139554290688731,58
58,0.989956,2.010936513165685,True,-0.14249415118558736,58
279,0.9711032,1.8135563325680533,False,-0.14944634021643885,58
108,0.9870746,1.8135563325680533,False,-0.1529354783347759,58
95,0.9867786,1.8135563325680533,False,-0.1529354783347759,58
132,0.98891175,0.8603324820483542,False,-0.1552036576263074,58
82,0.9734318,2.010936513165685,False,-0.18825783223630663,58
78,0.97539556,2.010936513165685,False,-0.18825783223630663,58
72,0.9749367,2.010936513165685,False,-0.18825783223630663,58
197,0.9726115,2.010936513165685,False,-0.18825783223630663,58
264,0.90791637,2.010936513165685,False,-0.19488565034717356,58
83,0.9569039,2.010936513165685,False,-0.19488565034717356,58
98,0.9552769,2.010936513165685,False,-0.19488565034717356,58
105,0.96280354,2.010936513165685,False,-0.19488565034717356,58
122,0.97049356,2.010936513165685,False,-0.19488565034717356,58
68,0.93603015,2.010936513165685,False,-0.19488565034717356,58
112,0.9011507,2.010936513165685,False,-0.19488565034717356,58
62,0.9654201,2.010936513165685,False,-0.19488565034717356,58
131,0.9019269,2.010936513165685,False,-0.19488565034717356,58
129,0.8952277,2.010936513165685,False,-0.19488565034717356,58
80,0.9225857,2.010936513165685,False,-0.19488565034717356,58
75,0.8994671,2.010936513165685,False,-0.19488565034717356,58
193,0.970551,2.010936513165685,False,-0.19488565034717356,58
67,0.9333892,2.010936513165685,False,-0.19488565034717356,58
126,0.9227898,2.010936513165685,False,-0.19488565034717356,58
46,0.9703828,2.010936513165685,False,-0.19488565034717356,58
269,0.9730542,1.2181380152725563,False,-0.1953320183057368,58
207,0.97249603,1.2181380152725563,False,-0.1953320183057368,58
160,0.9748241,1.2181380152725563,False,-0.1953320183057368,58
212,0.9675025,1.2181380152725563,False,-0.20195983641660373,58
288,0.9688928,1.2181380152725563,False,-0.20195983641660373,58
127,0.94962984,0.8603324820483542,False,-0.20759515678789356,58
54,0.9304288,0.8603324820483542,False,-0.20759515678789356,58
89,0.9562758,0.8603324820483542,False,-0.20759515678789356,58
74,0.96430373,1.2713242199139396,False,-0.21554978536407937,58
293,0.9375015,1.2713242199139396,False,-0.21554978536407937,58
187,0.9554015,1.8135563325680533,False,-0.22893097301012424,58
141,0.96193403,1.8135563325680533,False,-0.22893097301012424,58
125,0.9608599,1.8135563325680533,False,-0.22893097301012424,58
275,0.9605508,1.8135563325680533,False,-0.22893097301012424,58
257,0.96054256,1.8135563325680533,False,-0.22893097301012424,58
261,0.9574933,1.8135563325680533,False,-0.22893097301012424,58
147,0.9567311,1.8135563325680533,False,-0.22893097301012424,58
5,0.9555752,1.8135563325680533,False,-0.22893097301012424,58
50,1.0000002,1.0949387973596088,False,0.7731426382297606,25
57,1.0,1.213956235491757,False,0.7601471613211619,25
110,1.0000002,2.365210482986286,False,0.7273996748405082,25
111,1.0000002,2.0421212534441664,False,0.6887294495185788,25
61,1.0000001,1.858167567032856,False,0.6846808963656527,25
115,1.0000002,1.6733319403669689,False,0.6804038020277068,25
114,1.0000001,2.573520353171646,False,0.6569960715207732,25
249,0.99999994,2.255080375799271,False,0.6400528748421326,25
130,1.0,2.255080375799271,False,0.6400528748421326,25
54,1.0000001,2.255080375799271,False,0.6400528748421326,25
299,1.0,2.255080375799271,False,0.6400528748421326,25
302,1.0,2.255080375799271,False,0.6400528748421326,25
310,1.0000002,2.255080375799271,False,0.6400528748421326,25
91,1.0,2.1730756259315682,False,0.6131838445077,25
274,1.0000001,2.1730756259315682,False,0.6131838445077,25
53,0.99943006,1.0949387973596088,True,0.5918994058141515,25
96,0.9971581,1.213956235491757,False,0.5659916424448707,25
60,0.9930667,1.5769121506022699,False,0.5157145966996003,25
192,0.9999999,2.1730756259315682,False,0.5006824372885731,25
58,0.9999998,2.1730756259315682,False,0.5006824372885731,25
52,0.9999997,2.1730756259315682,False,0.48246362162512213,25
312,0.9955091,2.255080375799271,False,0.47563997570053185,25
304,0.9961369,2.255080375799271,False,0.47563997570053185,25
311,0.9952489,2.255080375799271,False,0.47563997570053185,25
313,0.994558,2.255080375799271,False,0.47563997570053185,25
108,0.99999964,2.255080375799271,False,0.46742080107860284,25
301,0.99713767,2.255080375799271,False,0.4545085146179207,25
300,0.99718493,2.255080375799271,False,0.4545085146179207,25
49,0.9938158,2.1730756259315682,False,0.45015445772417706,25
41,0.9935137,2.255080375799271,False,0.41746513552811704,25
40,0.9926945,2.255080375799271,False,0.26572801068070845,25
35,0.99155736,2.255080375799271,False,0.2313615931234528,25
95,0.99249893,2.1730756259315682,False,0.22346696826642862,25
43,0.9906782,2.255080375799271,False,-0.06884652170705759,25
314,0.9908957,2.255080375799271,False,-0.06884652170705759,25
34,0.99067235,2.255080375799271,False,-0.06884652170705759,25
303,0.98208547,1.213956235491757,False,-0.13159966211254515,25
136,0.9829105,2.1730756259315682,False,-0.1500853890379121,25
233,0.981568,2.255080375799271,False,-0.1735199598869957,25
262,0.9813261,2.255080375799271,False,-0.1735199598869957,25
63,0.9822961,2.255080375799271,False,-0.1735199598869957,25
162,0.98418736,2.255080375799271,False,-0.1735199598869957,25
228,0.98395413,2.255080375799271,False,-0.1735199598869957,25
197,0.9856504,2.255080375799271,False,-0.1735199598869957,25
283,0.9879898,2.255080375799271,False,-0.1735199598869957,25
142,0.9859476,2.255080375799271,False,-0.1735199598869957,25
267,0.9858419,2.255080375799271,False,-0.1735199598869957,25
72,0.9858208,2.255080375799271,False,-0.1735199598869957,25
246,0.9847282,2.255080375799271,False,-0.1735199598869957,25
308,0.98172164,2.255080375799271,False,-0.1735199598869957,25
59,0.9857446,2.255080375799271,False,-0.1735199598869957,25
51,0.9831506,2.255080375799271,False,-0.1735199598869957,25
305,0.98437285,2.255080375799271,False,-0.1735199598869957,25
212,0.9851457,1.6733319403669689,False,-0.1768650730549639,25
177,0.98375446,1.6733319403669689,False,-0.1768650730549639,25
207,0.97989684,1.6733319403669689,False,-0.1768650730549639,25
289,0.9787046,2.573520353171646,False,-0.1772123365567302,25
288,0.9777821,2.573520353171646,False,-0.1772123365567302,25
250,0.97607225,1.6733319403669689,False,-0.18464553068628917,25
160,0.97622406,2.573520353171646,False,-0.18499279418805545,25
132,0.98891175,2.255080375799271,False,-0.1971239554007579,25
260,0.95036185,2.1730756259315682,False,-0.22608088371326052,25
179,0.93893147,2.1730756259315682,False,-0.22608088371326052,25
37,0.94113576,2.1730756259315682,False,-0.22608088371326052,25
258,0.9660746,2.1730756259315682,False,-0.22608088371326052,25
285,0.9677081,2.1730756259315682,False,-0.22608088371326052,25
180,0.9655926,2.1730756259315682,False,-0.22608088371326052,25
217,0.96543884,2.1730756259315682,False,-0.22608088371326052,25
176,0.9674438,2.1730756259315682,False,-0.22608088371326052,25
158,0.9490533,2.1730756259315682,False,-0.22608088371326052,25
94,0.942453,2.1730756259315682,False,-0.22608088371326052,25
277,0.94237626,2.1730756259315682,False,-0.22608088371326052,25
225,0.9461678,2.1730756259315682,False,-0.22608088371326052,25
198,0.9738412,1.6733319403669689,False,-0.24623274961944536,25
105,0.9714818,1.6733319403669689,False,-0.24623274961944536,25
191,0.9726083,2.573520353171646,False,-0.2465800131212116,25
117,0.94018495,2.0421212534441664,False,-0.2469107152226133,25
65,0.9246131,2.0421212534441664,False,-0.2469107152226133,25
127,0.92224,2.0421212534441664,False,-0.2469107152226133,25
76,0.91547763,2.0421212534441664,False,-0.2469107152226133,25
68,0.95229405,2.0421212534441664,False,-0.2469107152226133,25
67,0.9477696,2.0421212534441664,False,-0.2469107152226133,25
126,0.9087595,2.255080375799271,False,-0.24951545456234403,25
74,0.9348842,2.255080375799271,False,-0.24951545456234403,25
66,0.9368184,2.255080375799271,False,-0.24951545456234403,25
75,0.93976355,2.255080375799271,False,-0.24951545456234403,25
89,0.95131266,2.255080375799271,False,-0.24951545456234403,25
70,0.9304288,2.255080375799271,False,-0.24951545456234403,25
131,0.9320011,2.255080375799271,False,-0.24951545456234403,25
71,0.932031,2.255080375799271,False,-0.24951545456234403,25
80,0.91777176,2.255080375799271,False,-0.24951545456234403,25
64,0.9058969,2.365210482986286,False,-0.2766993577505369,25
249,0.99999994,1.571067528068365,False,0.8068573389807384,67
130,1.0,1.571067528068365,False,0.8068573389807384,67
57,1.0,1.571067528068365,False,0.8068573389807384,67
54,1.0000001,1.571067528068365,False,0.8068573389807384,67
302,1.0,1.571067528068365,False,0.8068573389807384,67
299,1.0,1.571067528068365,False,0.8068573389807384,67
310,1.0000002,1.571067528068365,False,0.8068573389807384,67
309,1.0000002,1.7864654122152566,False,0.7865268291352739,67
97,1.0,1.1254969769686314,False,0.7601471613211619,67
307,1.0000002,1.3799761976920062,False,0.7554773319034354,67
115,1.0000002,0.5909385174292935,False,0.7411529461994545,67
114,1.0000001,0.5909385174292935,False,0.7411529461994545,67
110,1.0000002,1.4348109135741893,False,0.7338179132625887,67
111,1.0000002,1.2698092114414845,False,0.725985913687725,67
117,0.9999998,1.7185193728025432,False,0.6389014146219752,67
313,0.994558,1.571067528068365,False,0.6315669770995926,67
304,0.9961369,1.571067528068365,False,0.6315669770995926,67
312,0.9955091,1.571067528068365,False,0.6315669770995926,67
311,0.9952489,1.571067528068365,False,0.6315669770995926,67
108,0.99999964,1.571067528068365,False,0.6233478024776636,67
301,0.99688697,1.571067528068365,False,0.6104355160169814,67
300,0.99718493,1.571067528068365,False,0.6104355160169814,67
96,0.9971581,1.571067528068365,False,0.6104355160169814,67
118,0.9989145,1.2897929919348718,False,0.5918994058141515,67
119,0.99999976,1.2897929919348718,False,0.5918994058141515,67
306,0.9958091,1.3799761976920062,False,0.5824532741097553,67
308,0.99456406,1.3799761976920062,False,0.5824532741097553,67
41,0.9935137,1.571067528068365,False,0.5490269195371854,67
303,0.99327904,1.3799761976920062,False,0.5205487898957234,67
60,0.9930667,1.3946403593770444,False,0.4988893712548766,67
53,0.99305856,1.3946403593770444,False,0.4988893712548766,67
50,0.9925796,1.3946403593770444,False,0.33566356005211473,67
35,0.99155736,1.571067528068365,False,0.32675100278430275,67
305,0.99233466,1.3799761976920062,False,0.3229565611357058,67
40,0.9926945,1.571067528068365,False,0.3219773089031591,67
58,0.9905019,1.571067528068365,False,-0.06432145277572342,67
34,0.99067235,1.571067528068365,False,-0.06432145277572342,67
314,0.9908957,1.571067528068365,False,-0.06432145277572342,67
43,0.9906782,1.571067528068365,False,-0.06432145277572342,67
59,0.9809357,1.3799761976920062,False,-0.11800971316506949,67
63,0.9822961,1.3799761976920062,False,-0.11800971316506949,67
51,0.9831506,1.3799761976920062,False,-0.11800971316506949,67
38,0.97808325,1.3799761976920062,False,-0.11800971316506949,67
61,0.986902,1.3799761976920062,False,-0.11800971316506949,67
279,0.9711032,1.3946403593770444,False,-0.12247520362291833,67
91,0.98679864,1.3946403593770444,False,-0.12596434174125534,67
95,0.9867786,1.3946403593770444,False,-0.12596434174125534,67
52,0.9882784,1.3946403593770444,False,-0.12596434174125534,67
105,0.9857335,1.2897929919348718,False,-0.13923975855232182,67
188,0.97874534,1.2897929919348718,False,-0.13923975855232182,67
1,0.9873855,1.7864654122152566,False,-0.13934552938730024,67
12,0.9842589,1.7864654122152566,False,-0.13934552938730024,67
24,0.98632044,1.7864654122152566,False,-0.13934552938730024,67
8,0.98711973,1.7864654122152566,False,-0.13934552938730024,67
30,0.98418,1.7864654122152566,False,-0.13934552938730024,67
26,0.98623216,1.7864654122152566,False,-0.13934552938730024,67
212,0.9851457,0.5909385174292935,False,-0.14797360686984004,67
289,0.9787046,0.5909385174292935,False,-0.14797360686984004,67
207,0.9778217,0.5909385174292935,False,-0.14797360686984004,67
177,0.98327684,0.5909385174292935,False,-0.14797360686984004,67
288,0.9777821,0.5909385174292935,False,-0.14797360686984004,67
160,0.97622406,0.5909385174292935,False,-0.1557540645011653,67
250,0.97607225,0.5909385174292935,False,-0.1557540645011653,67
262,0.97597194,0.5909385174292935,False,-0.1557540645011653,67
7,0.9886234,1.7864654122152566,False,-0.16294952490106243,67
6,0.9888451,1.7864654122152566,False,-0.16294952490106243,67
267,0.9858419,1.571067528068365,False,-0.16899489095566156,67
283,0.9879898,1.571067528068365,False,-0.16899489095566156,67
197,0.9856504,1.571067528068365,False,-0.16899489095566156,67
246,0.9847282,1.571067528068365,False,-0.16899489095566156,67
72,0.9858208,1.571067528068365,False,-0.16899489095566156,67
228,0.98395413,1.571067528068365,False,-0.16899489095566156,67
162,0.98418736,1.571067528068365,False,-0.16899489095566156,67
233,0.981568,1.571067528068365,False,-0.16899489095566156,67
142,0.9859476,1.571067528068365,False,-0.16899489095566156,67
132,0.98891175,1.571067528068365,False,-0.19259888646942377,67
76,0.91547763,1.2698092114414845,False,-0.19298362197049843,67
127,0.92224,1.2698092114414845,False,-0.19298362197049843,67
65,0.9246131,1.2698092114414845,False,-0.19298362197049843,67
67,0.9477696,1.2698092114414845,False,-0.19298362197049843,67
68,0.95229405,1.2698092114414845,False,-0.19298362197049843,67
257,0.96054256,1.3946403593770444,False,-0.20195983641660373,67
147,0.9567311,1.3946403593770444,False,-0.20195983641660373,67
261,0.9574933,1.3946403593770444,False,-0.20195983641660373,67
187,0.9554015,1.3946403593770444,False,-0.20195983641660373,67
126,0.9227898,1.4348109135741893,False,-0.20195983641660373,67
141,0.96193403,1.3946403593770444,False,-0.20195983641660373,67
125,0.9608599,1.3946403593770444,False,-0.20195983641660373,67
275,0.9605508,1.3946403593770444,False,-0.20195983641660373,67
5,0.9555752,1.3946403593770444,False,-0.20195983641660373,67
64,0.9058969,1.4348109135741893,False,-0.20195983641660373,67
80,0.9225857,1.4348109135741893,False,-0.20195983641660373,67
42,0.97188926,1.2897929919348718,False,-0.20860743511680327,67
14,0.96772045,1.2897929919348718,False,-0.2152352532276702,67
98,0.9690822,1.2897929919348718,False,-0.2152352532276702,67
298,0.96749896,1.2897929919348718,False,-0.2152352532276702,67
106,0.9696733,1.2897929919348718,False,-0.2152352532276702,67
198,0.975067,0.5909385174292935,False,-0.21734128343432146,67
191,0.9726083,0.5909385174292935,False,-0.21734128343432146,67
131,0.9075724,1.7185193728025432,False,-0.2365710694499009,67
74,0.9348842,1.571067528068365,False,-0.2449903856310099,67
66,0.9368184,1.571067528068365,False,-0.2449903856310099,67
71,0.932031,1.571067528068365,True,-0.2449903856310099,67
70,0.9304288,1.571067528068365,True,-0.2449903856310099,67
89,0.95131266,1.571067528068365,False,-0.2449903856310099,67
75,0.93976355,1.571067528068365,False,-0.2449903856310099,67
110,1.0000002,1.751583737464174,False,0.8041921354615991,416
64,1.0000001,2.1715880907395144,False,0.798871827481496,416
65,1.0000002,2.1715880907395144,False,0.798871827481496,416
302,1.0,1.971415946224213,False,0.7949731190859614,416
299,1.0,1.971415946224213,False,0.7949731190859614,416
307,1.0000002,1.971415946224213,False,0.7949731190859614,416
71,1.0000002,1.2897929919348718,False,0.7731426382297606,416
70,1.0,1.2897929919348718,False,0.7731426382297606,416
114,1.0000001,1.48702312993363,False,0.7422642032132761,416
115,1.0000002,1.48702312993363,False,0.7422642032132761,416
97,1.0,2.1573359436909207,False,0.7239649637889798,416
249,0.99999994,1.8974920771308763,False,0.7206047845724295,416
57,1.0,1.8974920771308763,False,0.7206047845724295,416
111,1.0000002,1.6588080933934335,False,0.7206047845724295,416
54,1.0000001,1.8974920771308763,False,0.7206047845724295,416
130,1.0,1.8974920771308763,False,0.7206047845724295,416
310,1.0000002,1.8974920771308763,False,0.7206047845724295,416
117,0.9999998,2.083486082700944,False,0.6259059377133765,416
308,0.99456406,1.971415946224213,False,0.6196827572048157,416
300,0.9954728,1.971415946224213,False,0.6196827572048157,416
304,0.9961369,1.971415946224213,False,0.6196827572048157,416
306,0.9958091,1.971415946224213,False,0.6196827572048157,416
109,0.9957278,1.2897929919348718,False,0.6001185804360806,416
301,0.9981017,1.971415946224213,False,0.5985512961222045,416
313,0.994558,1.8974920771308763,False,0.5475807267787495,416
311,0.9952489,1.8974920771308763,False,0.5475807267787495,416
312,0.9955091,1.8974920771308763,False,0.5475807267787495,416
96,0.99999964,2.1573359436909207,False,0.5427217313733708,416
108,0.99999964,1.8974920771308763,False,0.5393615521568205,416
303,0.99327904,1.971415946224213,False,0.5371426996424085,416
60,0.9930667,2.1573359436909207,False,0.4721304924745096,416
53,0.99305856,2.1573359436909207,False,0.4721304924745096,416
41,0.9935137,1.8974920771308763,False,0.46504066921634213,416
40,0.9926945,1.8974920771308763,False,0.30181485801358027,416
305,0.99233466,1.971415946224213,False,0.2757266714511264,416
50,0.9925796,2.1573359436909207,False,0.2756341359312317,416
35,0.99155736,1.8974920771308763,False,0.2674484404563246,416
43,0.9906782,1.8974920771308763,False,-0.07339938396505392,416
314,0.9908957,1.8974920771308763,False,-0.07339938396505392,416
58,0.9905019,1.8974920771308763,False,-0.07339938396505392,416
34,0.99067235,1.8974920771308763,False,-0.07339938396505392,416
279,0.9711032,1.756272113910167,False,-0.1337284519461613,416
66,0.98751307,1.2897929919348718,False,-0.13923975855232182,416
212,0.9851457,1.48702312993363,False,-0.15182912488189337,416
207,0.97989684,1.48702312993363,False,-0.15182912488189337,416
288,0.9777821,1.48702312993363,False,-0.15182912488189337,416
289,0.9787046,1.48702312993363,False,-0.15182912488189337,416
177,0.98327684,1.48702312993363,False,-0.15182912488189337,416
250,0.97607225,1.48702312993363,False,-0.15960958251321863,416
160,0.97622406,1.48702312993363,False,-0.15960958251321863,416
262,0.97597194,1.48702312993363,False,-0.15960958251321863,416
162,0.98418736,1.8974920771308763,False,-0.15978375345807921,416
233,0.981568,1.8974920771308763,False,-0.15978375345807921,416
228,0.98395413,1.8974920771308763,False,-0.15978375345807921,416
63,0.9822961,1.8974920771308763,False,-0.15978375345807921,416
267,0.9858419,1.8974920771308763,False,-0.15978375345807921,416
197,0.9856504,1.8974920771308763,False,-0.15978375345807921,416
51,0.9831506,1.8974920771308763,False,-0.15978375345807921,416
283,0.9879898,1.8974920771308763,False,-0.15978375345807921,416
246,0.9847282,1.8974920771308763,False,-0.15978375345807921,416
52,0.9841362,1.8974920771308763,False,-0.15978375345807921,416
91,0.98424804,1.8974920771308763,False,-0.15978375345807921,416
142,0.9859476,1.8974920771308763,False,-0.15978375345807921,416
61,0.98606986,1.8974920771308763,False,-0.15978375345807921,416
59,0.9857446,1.8974920771308763,False,-0.15978375345807921,416
72,0.9858208,1.8974920771308763,False,-0.15978375345807921,416
38,0.97808325,1.971415946224213,False,-0.16521031252793825,416
95,0.9867786,2.1573359436909207,False,-0.16770469717522546,416
124,0.98032,2.1715880907395144,False,-0.17897445273400725,416
132,0.98891175,1.8974920771308763,False,-0.18338774897184143,416
141,0.96193403,1.756272113910167,False,-0.21321308473984668,416
275,0.9605508,1.756272113910167,False,-0.21321308473984668,416
5,0.9555752,1.756272113910167,False,-0.21321308473984668,416
147,0.9567311,1.756272113910167,False,-0.21321308473984668,416
261,0.9574933,1.756272113910167,False,-0.21321308473984668,416
187,0.9554015,1.756272113910167,False,-0.21321308473984668,416
125,0.9608599,1.756272113910167,False,-0.21321308473984668,416
257,0.96054256,1.756272113910167,False,-0.21321308473984668,416
129,0.95055187,1.2897929919348718,False,-0.2152352532276702,416
101,0.9360188,1.2897929919348718,False,-0.2152352532276702,416
127,0.9345183,1.2897929919348718,False,-0.2152352532276702,416
131,0.94485146,1.2897929919348718,False,-0.2152352532276702,416
107,0.9326147,1.2897929919348718,False,-0.2152352532276702,416
198,0.975067,1.48702312993363,False,-0.22119680144637482,416
105,0.9714818,1.48702312993363,False,-0.22119680144637482,416
191,0.9726083,1.48702312993363,False,-0.22119680144637482,416
68,0.9295407,2.083486082700944,False,-0.22893097301012424,416
67,0.92886883,2.083486082700944,False,-0.22893097301012424,416
126,0.9283889,2.083486082700944,False,-0.22893097301012424,416
80,0.91777176,1.8974920771308763,False,-0.23577924813342757,416
89,0.95131266,1.8974920771308763,False,-0.23577924813342757,416
75,0.93976355,1.8974920771308763,False,-0.23577924813342757,416
74,0.9348842,1.8974920771308763,False,-0.23577924813342757,416
76,0.91547763,1.6588080933934335,False,-0.23577924813342757,416
77,0.9644271,2.1715880907395144,False,-0.2549699474093556,416
102,0.9594641,2.1715880907395144,False,-0.2549699474093556,416
293,0.9375015,2.1715880907395144,False,-0.2549699474093556,416
21,0.95300364,2.1715880907395144,False,-0.2549699474093556,416
123,0.95213014,2.1715880907395144,False,-0.2549699474093556,416
19,0.9490862,2.1715880907395144,False,-0.2549699474093556,416
42,0.94842637,2.1715880907395144,False,-0.2549699474093556,416
10,0.94785225,2.1715880907395144,False,-0.2549699474093556,416
50,1.0000002,2.1067080215561953,False,0.7297757565124964,404
61,1.0000001,2.3750035647299925,False,0.7195676752656445,404
115,1.0000002,2.446780788208673,False,0.7117417851688922,404
114,1.0000001,2.446780788208673,False,0.7117417851688922,404
57,1.0,2.5114953084853044,False,0.7033824789338069,404
91,1.0,2.5114953084853044,False,0.7033824789338069,404
274,1.0000001,2.5114953084853044,False,0.7033824789338069,404
130,1.0,1.743846253729732,False,0.5987203774003873,404
302,1.0,1.743846253729732,False,0.5987203774003873,404
299,1.0,1.743846253729732,False,0.5987203774003873,404
310,1.0000002,1.743846253729732,False,0.5987203774003873,404
249,0.99999994,1.743846253729732,False,0.5987203774003873,404
54,1.0000001,1.743846253729732,False,0.5987203774003873,404
111,1.0000002,2.5401245867312485,False,0.5561299459913946,404
97,1.0,2.55561478379057,False,0.5561299459913946,404
53,0.99999964,1.5769121506022699,False,0.5525916922707345,404
58,0.9999998,2.5114953084853044,False,0.5467029167462625,404
192,0.9999999,2.5114953084853044,False,0.5467029167462625,404
96,0.9971581,1.3948703779322056,True,0.541970339007672,404
52,0.9999997,2.5114953084853044,False,0.5284841010828116,404
49,0.9938158,2.5114953084853044,False,0.49617493718186645,404
60,0.9930667,2.5114953084853044,False,0.4617202215113567,404
311,0.9952489,1.743846253729732,False,0.43430747825878685,404
312,0.9955091,1.743846253729732,False,0.43430747825878685,404
313,0.994558,1.743846253729732,False,0.43430747825878685,404
304,0.9961369,1.743846253729732,False,0.43430747825878685,404
108,0.99999964,1.743846253729732,False,0.42608830363685785,404
301,0.99713767,1.743846253729732,False,0.41317601717617564,404
300,0.99718493,1.743846253729732,False,0.41317601717617564,404
41,0.9935137,1.743846253729732,False,0.3724029940447548,404
95,0.99249893,2.5114953084853044,False,0.23893419363336965,404
40,0.9926945,1.743846253729732,False,0.22066586919734632,404
35,0.99155736,1.743846253729732,False,0.1862994516400906,404
43,0.9906782,1.743846253729732,False,-0.09042099279127691,404
34,0.99067235,1.743846253729732,False,-0.09042099279127691,404
314,0.9908957,1.743846253729732,False,-0.09042099279127691,404
303,0.98208547,1.3948703779322056,False,-0.09341165920563124,404
212,0.9851457,1.8448741144647611,False,-0.15230748658380705,404
207,0.97989684,1.8448741144647611,False,-0.15230748658380705,404
177,0.98375446,1.8448741144647611,False,-0.15230748658380705,404
262,0.97597194,1.8448741144647611,False,-0.1600879442151323,404
250,0.97607225,1.8448741144647611,False,-0.1600879442151323,404
136,0.9829105,2.5114953084853044,False,-0.1769441716755731,404
142,0.9859476,1.743846253729732,False,-0.19509443097121504,404
305,0.98437285,1.743846253729732,False,-0.19509443097121504,404
283,0.9879898,1.743846253729732,False,-0.19509443097121504,404
162,0.98418736,1.743846253729732,False,-0.19509443097121504,404
51,0.9831506,1.743846253729732,False,-0.19509443097121504,404
72,0.9858208,1.743846253729732,False,-0.19509443097121504,404
267,0.9858419,1.743846253729732,False,-0.19509443097121504,404
59,0.9857446,1.743846253729732,False,-0.19509443097121504,404
233,0.981568,1.743846253729732,False,-0.19509443097121504,404
197,0.9856504,1.743846253729732,False,-0.19509443097121504,404
246,0.9847282,1.743846253729732,False,-0.19509443097121504,404
228,0.98395413,1.743846253729732,False,-0.19509443097121504,404
308,0.98172164,1.743846253729732,False,-0.19509443097121504,404
63,0.9822961,1.743846253729732,False,-0.19509443097121504,404
279,0.9711032,2.55561478379057,False,-0.21601099262854653,404
132,0.98891175,1.743846253729732,False,-0.21869842648497723,404
110,0.9876363,2.5401245867312485,False,-0.21950013074688357,404
289,0.97423077,1.8448741144647611,False,-0.22167516314828845,404
105,0.9714818,1.8448741144647611,False,-0.22167516314828845,404
198,0.9738412,1.8448741144647611,False,-0.22167516314828845,404
288,0.9777821,2.446780788208673,False,-0.22946586438015285,404
160,0.97622406,2.446780788208673,False,-0.2372463220114781,404
225,0.9461678,2.5114953084853044,False,-0.25293966635092147,404
285,0.9677081,2.5114953084853044,False,-0.25293966635092147,404
258,0.9660746,2.5114953084853044,False,-0.25293966635092147,404
176,0.9674438,2.5114953084853044,False,-0.25293966635092147,404
217,0.96543884,2.5114953084853044,False,-0.25293966635092147,404
158,0.9490533,2.5114953084853044,False,-0.25293966635092147,404
277,0.94237626,2.5114953084853044,False,-0.25293966635092147,404
94,0.942453,2.5114953084853044,False,-0.25293966635092147,404
37,0.94113576,2.5114953084853044,False,-0.25293966635092147,404
179,0.93893147,2.5114953084853044,False,-0.25293966635092147,404
180,0.9655926,2.5114953084853044,False,-0.25293966635092147,404
260,0.95036185,2.5114953084853044,False,-0.25293966635092147,404
74,0.9348842,1.743846253729732,False,-0.2710899256465633,404
67,0.9628763,1.743846253729732,False,-0.2710899256465633,404
117,0.9446459,1.743846253729732,False,-0.2710899256465633,404
80,0.91777176,1.743846253729732,False,-0.2710899256465633,404
127,0.9091109,1.743846253729732,False,-0.2710899256465633,404
126,0.9087595,1.743846253729732,False,-0.2710899256465633,404
75,0.93976355,1.743846253729732,False,-0.2710899256465633,404
89,0.95131266,1.743846253729732,False,-0.2710899256465633,404
66,0.9368184,1.743846253729732,False,-0.2710899256465633,404
131,0.9320011,1.743846253729732,False,-0.2710899256465633,404
71,0.932031,1.743846253729732,False,-0.2710899256465633,404
65,0.9290576,1.743846253729732,False,-0.2710899256465633,404
70,0.9304288,1.743846253729732,False,-0.2710899256465633,404
68,0.96413183,1.743846253729732,False,-0.2710899256465633,404
76,0.91547763,2.5401245867312485,False,-0.29549562542223184,404
141,0.96193403,2.55561478379057,False,-0.29549562542223184,404
125,0.9608599,2.55561478379057,False,-0.29549562542223184,404
275,0.9605508,2.55561478379057,False,-0.29549562542223184,404
257,0.96054256,2.55561478379057,False,-0.29549562542223184,404
261,0.9574933,2.55561478379057,False,-0.29549562542223184,404
5,0.9555752,2.55561478379057,False,-0.29549562542223184,404
147,0.9567311,2.55561478379057,False,-0.29549562542223184,404
187,0.9554015,2.55561478379057,False,-0.29549562542223184,404
191,0.9726083,2.446780788208673,False,-0.29883354094463416,404
88,1.0,1.7672876606124344,False,0.8041921354615991,396
67,0.99999994,1.0321128974549518,False,0.7554773319034354,396
1,1.0000004,1.269857168977523,False,0.7514832195889138,396
65,1.0000002,0.9278046693478043,False,0.7514832195889138,396
131,1.0000002,2.0975795418841034,False,0.715934955154703,396
132,1.0000001,2.0975795418841034,False,0.715934955154703,396
130,1.0,2.0975795418841034,False,0.715934955154703,396
196,1.0000001,1.229940851905338,False,0.6766002646121619,396
197,1.0000002,1.229940851905338,False,0.6766002646121619,396
64,1.0000001,1.4882454375690553,True,0.6641241595218207,396
90,0.99549013,1.7672876606124344,False,0.6289017735804534,396
87,0.9944171,1.7672876606124344,False,0.6289017735804534,396
124,0.99999964,1.341028245834994,False,0.5789583697439575,396
85,1.0000001,1.9843299110148302,False,0.5750575631876973,396
84,1.0000002,1.9843299110148302,False,0.5750575631876973,396
68,0.9987775,1.0321128974549518,False,0.5742340994878263,396
6,0.9985262,1.269857168977523,False,0.5702399871733048,396
72,0.99999976,1.229940851905338,False,0.49535703219655275,396
82,0.9999998,1.9843299110148302,False,0.4206443050876187,396
83,0.99999976,1.9843299110148302,False,0.4024254894241679,396
12,0.99168813,1.269857168977523,False,0.29832687547280906,396
7,0.99127173,1.269857168977523,False,-0.042520948948569545,396
8,0.9912697,1.269857168977523,False,-0.042520948948569545,396
20,0.99045926,1.269857168977523,False,-0.08863988755140102,396
26,0.9904927,1.269857168977523,False,-0.08863988755140102,396
22,0.98835945,1.269857168977523,False,-0.14719438712850766,396
267,0.97076297,1.7672876606124344,False,-0.1570864366562155,396
101,0.95700794,1.4882454375690553,False,-0.16027441731387643,396
107,0.94998217,1.4882454375690553,False,-0.16027441731387643,396
129,0.93694437,1.4882454375690553,False,-0.16027441731387643,396
77,0.9644271,1.4882454375690553,False,-0.16027441731387643,396
76,0.9614475,1.4882454375690553,False,-0.16027441731387643,396
293,0.9375015,1.4882454375690553,False,-0.16027441731387643,396
102,0.9594641,1.4882454375690553,False,-0.16027441731387643,396
66,0.94341636,1.4882454375690553,False,-0.16027441731387643,396
86,0.9836583,1.7672876606124344,False,-0.1605755747745525,396
175,0.98059714,1.229940851905338,False,-0.16141382832779114,396
249,0.9856504,1.229940851905338,False,-0.16141382832779114,396
246,0.98288167,1.229940851905338,False,-0.16141382832779114,396
228,0.9839874,1.229940851905338,False,-0.16141382832779114,396
262,0.9792924,1.229940851905338,False,-0.16141382832779114,396
162,0.9819553,1.229940851905338,False,-0.16141382832779114,396
189,0.98414695,1.229940851905338,False,-0.16141382832779114,396
63,0.97776,1.9843299110148302,False,-0.16853261404525752,396
300,0.9777379,1.9843299110148302,False,-0.16853261404525752,396
98,0.9774722,1.9843299110148302,False,-0.16853261404525752,396
230,0.97861993,1.9843299110148302,False,-0.16853261404525752,396
302,0.9795413,1.9843299110148302,False,-0.16853261404525752,396
47,0.9779365,1.9843299110148302,False,-0.16853261404525752,396
15,0.9888879,1.269857168977523,False,-0.17079838264226985,396
28,0.9892098,1.269857168977523,False,-0.17079838264226985,396
301,0.9762115,1.9843299110148302,False,-0.17631307167658278,396
60,0.97603405,1.9843299110148302,False,-0.17631307167658278,396
61,0.97598517,1.9843299110148302,False,-0.17631307167658278,396
116,0.92055047,1.0321128974549518,False,-0.19400520784041791,396
110,0.9333892,1.0321128974549518,False,-0.19400520784041791,396
117,0.92886883,1.0321128974549518,False,-0.19400520784041791,396
126,0.92592156,1.0321128974549518,False,-0.19400520784041791,396
111,0.9477696,1.0321128974549518,False,-0.19400520784041791,396
80,0.92813206,1.0321128974549518,False,-0.19400520784041791,396
75,0.9756764,0.9278046693478043,False,-0.21656206369298908,396
127,0.95007867,2.0975795418841034,False,-0.22218929918595193,396
71,0.94485146,2.0975795418841034,False,-0.22218929918595193,396
109,0.9430442,2.0975795418841034,False,-0.22218929918595193,396
70,0.9417888,2.0975795418841034,False,-0.22218929918595193,396
272,0.90139616,2.0975795418841034,False,-0.22218929918595193,396
21,0.95300364,0.9278046693478043,False,-0.22318988180385602,396
123,0.95213014,0.9278046693478043,False,-0.22318988180385602,396
19,0.9490862,0.9278046693478043,False,-0.22318988180385602,396
42,0.94842637,0.9278046693478043,False,-0.22318988180385602,396
10,0.94785225,0.9278046693478043,False,-0.22318988180385602,396
89,0.96780396,0.9278046693478043,False,-0.22318988180385602,396
74,0.96430373,0.9278046693478043,False,-0.22318988180385602,396
210,0.9504868,1.229940851905338,False,-0.23740932300313952,396
198,0.953485,1.229940851905338,False,-0.23740932300313952,396
202,0.96577466,1.229940851905338,False,-0.23740932300313952,396
165,0.95441246,1.229940851905338,False,-0.23740932300313952,396
160,0.94869125,1.229940851905338,False,-0.23740932300313952,396
217,0.9504174,1.229940851905338,False,-0.23740932300313952,396
184,0.95013744,1.229940851905338,False,-0.23740932300313952,396
3,0.97445977,1.9843299110148302,False,-0.23790029060973894,396
99,0.97544575,1.9843299110148302,False,-0.23790029060973894,396
53,0.97498924,1.9843299110148302,False,-0.23790029060973894,396
49,0.975006,1.9843299110148302,False,-0.23790029060973894,396
66,1.0,1.9113428065932216,False,0.737301986828208,411
50,1.0000002,2.5303604924447622,False,0.6929199597275502,411
55,1.0000002,2.5303604924447622,False,0.6929199597275502,411
34,1.0000002,2.5303604924447622,False,0.6929199597275502,411
2,1.0000005,2.5303604924447622,False,0.6929199597275502,411
18,1.0000001,2.5303604924447622,False,0.6929199597275502,411
1,1.0000004,2.5303604924447622,False,0.6929199597275502,411
38,1.0,2.5303604924447622,False,0.6929199597275502,411
87,1.0000001,2.5303604924447622,False,0.6929199597275502,411
123,1.0,2.5303604924447622,False,0.6929199597275502,411
31,1.0000001,2.5303604924447622,False,0.6929199597275502,411
33,1.0,2.5303604924447622,False,0.6929199597275502,411
110,1.0000002,2.5303604924447622,False,0.6929199597275502,411
27,1.0000002,2.5303604924447622,False,0.6929199597275502,411
28,1.0,2.5303604924447622,False,0.6929199597275502,411
30,1.0000002,2.5303604924447622,False,0.6929199597275502,411
22,1.0000001,2.5303604924447622,False,0.6929199597275502,411
29,1.0000001,2.5303604924447622,False,0.6929199597275502,411
20,1.0000002,2.5303604924447622,False,0.6929199597275502,411
17,1.0,2.5303604924447622,False,0.6929199597275502,411
21,1.0000002,2.5303604924447622,False,0.6929199597275502,411
11,1.0,2.5303604924447622,False,0.6929199597275502,411
130,1.0,3.3654156030982207,False,0.6548457446810837,411
70,1.0,3.3654156030982207,False,0.6548457446810837,411
311,1.0000002,3.3654156030982207,False,0.6548457446810837,411
298,1.0,3.3654156030982207,False,0.6548457446810837,411
177,0.9999999,3.4561625771574316,False,0.6213526755432112,411
117,0.9999998,2.95840114991785,False,0.5982211128684972,411
103,0.9999998,1.4724907365977316,False,0.5430115936506142,411
113,0.9999999,2.002419689759501,False,0.5429087334801612,411
10,0.9999999,2.5303604924447622,False,0.5298955429753919,411
73,0.9999999,2.5303604924447622,False,0.5298955429753919,411
26,0.9999999,2.5303604924447622,False,0.5298955429753919,411
12,0.9999998,2.5303604924447622,False,0.5298955429753919,411
7,0.9999999,2.5303604924447622,False,0.5298955429753919,411
88,0.9944171,2.5303604924447622,False,0.51989590193387,411
19,0.9952851,2.5303604924447622,False,0.51989590193387,411
41,0.9954854,2.5303604924447622,False,0.51989590193387,411
15,0.99484783,2.5303604924447622,False,0.51989590193387,411
39,0.9944172,2.5303604924447622,False,0.51989590193387,411
53,0.99943006,2.5303604924447622,False,0.511676727311941,411
6,0.9985262,2.5303604924447622,False,0.511676727311941,411
8,0.99999976,2.5303604924447622,False,0.511676727311941,411
32,0.99999964,2.5303604924447622,False,0.511676727311941,411
16,0.99999976,2.5303604924447622,False,0.511676727311941,411
23,0.99614966,2.5303604924447622,False,0.5064976888271675,411
13,0.9968128,2.5303604924447622,False,0.4987644408512588,411
107,0.9999999,3.3654156030982207,False,0.49816618249353906,411
58,0.9999998,3.2556981640100653,False,0.49417550659958637,411
71,0.9946378,3.3654156030982207,False,0.48816654145201716,411
310,0.9952489,3.3654156030982207,False,0.48816654145201716,411
40,0.9953525,3.3654156030982207,False,0.48816654145201716,411
43,0.9944343,3.3654156030982207,False,0.48816654145201716,411
313,0.9963833,3.3654156030982207,False,0.4747683283453146,411
312,0.99646145,3.3654156030982207,False,0.467035080369406,411
109,0.9975029,3.3654156030982207,False,0.467035080369406,411
36,0.9984319,3.3654156030982207,False,0.467035080369406,411
314,0.9930229,2.5303604924447622,False,0.38290740949338586,411
42,1.0000002,3.144760962374213,False,0.2999214711488618,411
96,0.9925796,2.5303604924447622,False,0.2778596772103182,411
35,0.99232554,2.5303604924447622,False,0.24349325965306245,411
90,0.99178386,2.5303604924447622,False,0.24349325965306245,411
57,0.9915732,2.5303604924447622,False,0.24349325965306245,411
3,0.99999964,3.144760962374213,False,0.16920124826628402,411
77,0.9923438,3.3654156030982207,False,0.12700718202037628,411
76,0.9917878,3.3654156030982207,False,0.12700718202037628,411
24,0.99141,2.5303604924447622,False,0.035122144467845506,411
60,0.99139106,2.5303604924447622,False,-0.0680979741046196,411
61,0.991111,2.5303604924447622,False,-0.0680979741046196,411
52,0.9907137,2.5303604924447622,False,-0.0680979741046196,411
79,0.986554,1.4724907365977316,False,-0.08427892263852801,411
122,0.98282826,1.4724907365977316,True,-0.08427892263852801,411
104,0.98756444,1.4724907365977316,False,-0.08427892263852801,411
78,0.98869,1.4724907365977316,False,-0.10788291815229023,411
120,0.9707462,2.5303604924447622,False,-0.1509932054793078,411
175,0.9708544,2.5303604924447622,False,-0.1509932054793078,411
14,0.9868605,2.5303604924447622,False,-0.15448234359764482,411
309,0.97819304,2.5303604924447622,False,-0.15448234359764482,411
111,0.9876363,2.5303604924447622,False,-0.15448234359764482,411
84,0.97826725,2.5303604924447622,False,-0.15448234359764482,411
153,0.9876014,2.5303604924447622,False,-0.15448234359764482,411
9,0.98363274,2.5303604924447622,False,-0.15448234359764482,411
49,0.98680425,2.5303604924447622,False,-0.15448234359764482,411
91,0.9838128,2.5303604924447622,False,-0.15448234359764482,411
121,0.96926904,1.4724907365977316,False,-0.16027441731387643,411
289,0.9706521,3.1111570189631697,False,-0.16156079778161878,411
86,0.97673255,2.5303604924447622,False,-0.16226280122897008,411
114,0.98327684,3.1111570189631697,False,-0.1650499358999558,411
115,0.98375446,3.1111570189631697,False,-0.1650499358999558,411
198,0.9826759,3.1111570189631697,False,-0.1650499358999558,411
101,0.94849753,1.9113428065932216,False,-0.16725345116701001,411
129,0.9537653,1.9113428065932216,False,-0.16725345116701001,411
89,0.9453753,1.9113428065932216,False,-0.16725345116701001,411
127,0.94749284,1.9113428065932216,False,-0.16725345116701001,411
108,0.9905019,3.2556981640100653,False,-0.18406622511798915,411
230,0.9707113,2.002419689759501,False,-0.18946683026494626,411
219,0.97834563,2.002419689759501,False,-0.19295596838328333,411
185,0.97920793,2.002419689759501,False,-0.19295596838328333,411
126,0.9283889,2.95840114991785,False,-0.22362956314968982,411
131,0.9075724,2.95840114991785,False,-0.22362956314968982,411
67,0.92886883,2.95840114991785,False,-0.22362956314968982,411
132,0.9284053,2.95840114991785,False,-0.22362956314968982,411
68,0.9295407,2.95840114991785,False,-0.22362956314968982,411
64,0.91817003,2.95840114991785,False,-0.22362956314968982,411
82,0.9734318,2.5303604924447622,False,-0.22385002016212627,411
72,0.9749367,2.5303604924447622,False,-0.22385002016212627,411
197,0.9726115,2.5303604924447622,False,-0.22385002016212627,411
98,0.97050226,2.5303604924447622,False,-0.2304778382729932,411
80,0.9225857,2.5303604924447622,False,-0.2304778382729932,411
105,0.96280354,2.5303604924447622,False,-0.2304778382729932,411
83,0.9569039,2.5303604924447622,False,-0.2304778382729932,411
193,0.970551,2.5303604924447622,False,-0.2304778382729932,411
46,0.9703828,2.5303604924447622,False,-0.2304778382729932,411
51,0.95488155,2.5303604924447622,False,-0.2304778382729932,411
62,0.9654201,2.5303604924447622,False,-0.2304778382729932,411
112,0.9011507,2.5303604924447622,False,-0.2304778382729932,411
264,0.90791637,2.5303604924447622,False,-0.2304778382729932,411
75,0.8994671,2.5303604924447622,False,-0.2304778382729932,411
160,0.9748241,3.1111570189631697,False,-0.23441761246443724,411
269,0.9730542,3.1111570189631697,False,-0.23441761246443724,411
207,0.97249603,3.1111570189631697,False,-0.23441761246443724,411
212,0.9675025,3.1111570189631697,False,-0.24104543057530417,411
288,0.9688928,3.1111570189631697,False,-0.24104543057530417,411
233,0.9723495,2.002419689759501,False,-0.26232364494776467,411
162,0.97301865,2.002419689759501,False,-0.26232364494776467,411
159,0.9717361,2.002419689759501,False,-0.26232364494776467,411
267,0.96946204,2.002419689759501,False,-0.2689514630586316,411
95,0.96982205,2.002419689759501,False,-0.2689514630586316,411
228,0.96927404,2.002419689759501,False,-0.2689514630586316,411
102,0.9875616,3.3654156030982207,False,-0.30542392678047603,411
54,0.9304288,3.3654156030982207,False,-0.3814194214558244,411
5,1.0,4.224698042449723,False,0.7353106733682065,46
89,1.0000001,3.5640060680542085,False,0.7285422416395482,46
97,1.0,4.338719611211613,False,0.7252222022748692,46
115,1.0000002,4.904228948897449,False,0.7073526264587939,46
71,1.0000002,5.050651047425832,False,0.7073526264587939,46
70,1.0,5.050651047425832,False,0.7073526264587939,46
114,1.0000001,4.904228948897449,False,0.7073526264587939,46
57,1.0,4.455713194767114,False,0.6943571495501953,46
54,1.0000001,4.455713194767114,False,0.6943571495501953,46
130,1.0,4.455713194767114,False,0.6943571495501953,46
310,1.0000002,4.455713194767114,False,0.6943571495501953,46
302,1.0,4.455713194767114,False,0.6943571495501953,46
299,1.0,4.455713194767114,False,0.6943571495501953,46
249,0.99999994,4.455713194767114,False,0.6943571495501953,46
92,1.0,3.65473224830108,False,0.584858458028073,46
109,0.9957278,5.050651047425832,False,0.5406734232297278,46
304,0.9961369,4.688861938553119,False,0.5389223253164016,46
300,0.9954728,4.688861938553119,False,0.5389223253164016,46
311,0.9952489,4.455713194767114,False,0.5276779463211291,46
312,0.9955091,4.455713194767114,False,0.5276779463211291,46
313,0.994558,4.455713194767114,False,0.5276779463211291,46
108,0.99999964,4.455713194767114,False,0.5194587716992001,46
301,0.99688697,4.688861938553119,False,0.5177908642337904,46
96,0.9971581,4.455713194767114,False,0.5065464852385179,46
95,0.99999976,3.2928209866682105,False,0.4974678547394014,46
41,0.9935137,4.455713194767114,False,0.46950310614871416,46
40,0.9926945,4.455713194767114,False,0.221520577795119,46
91,0.99249893,3.2928209866682105,False,0.20835146936095394,46
50,0.9915732,4.455713194767114,False,0.18715416023786333,46
35,0.99155736,4.455713194767114,False,0.18715416023786333,46
43,0.9906782,4.455713194767114,False,-0.15889257906996376,46
314,0.9908957,4.455713194767114,False,-0.15889257906996376,46
34,0.99067235,4.455713194767114,False,-0.15889257906996376,46
53,0.9913488,4.455713194767114,False,-0.15889257906996376,46
58,0.9905019,4.455713194767114,False,-0.15889257906996376,46
308,0.98705137,4.688861938553119,False,-0.2134468590450561,46
61,0.986902,4.688861938553119,False,-0.2134468590450561,46
59,0.9857446,4.688861938553119,False,-0.2134468590450561,46
60,0.9842069,4.688861938553119,False,-0.2134468590450561,46
303,0.9870671,4.688861938553119,False,-0.2134468590450561,46
63,0.9822961,4.688861938553119,False,-0.2134468590450561,46
51,0.9831506,4.688861938553119,False,-0.2134468590450561,46
305,0.98437285,4.688861938553119,False,-0.2134468590450561,46
74,0.9708257,3.5640060680542085,False,-0.22806257864271812,46
255,0.9802531,3.2928209866682105,False,-0.24466591326226209,46
178,0.97919285,3.2928209866682105,False,-0.24466591326226209,46
279,0.9711032,4.338719611211613,False,-0.2497981002292545,46
197,0.9856504,4.455713194767114,False,-0.2635660172499019,46
162,0.98418736,4.455713194767114,False,-0.2635660172499019,46
72,0.9858208,4.455713194767114,False,-0.2635660172499019,46
228,0.98395413,4.455713194767114,False,-0.2635660172499019,46
262,0.9813261,4.455713194767114,False,-0.2635660172499019,46
233,0.981568,4.455713194767114,False,-0.2635660172499019,46
267,0.9858419,4.455713194767114,False,-0.2635660172499019,46
283,0.9879898,4.455713194767114,False,-0.2635660172499019,46
52,0.9846546,4.455713194767114,False,-0.2635660172499019,46
142,0.9859476,4.455713194767114,False,-0.2635660172499019,46
246,0.9847282,4.455713194767114,False,-0.2635660172499019,46
66,0.98568213,5.050651047425832,False,-0.2712061136896784,46
288,0.9777821,4.904228948897449,False,-0.2712061136896784,46
177,0.98375446,4.904228948897449,False,-0.2712061136896784,46
207,0.97989684,4.904228948897449,False,-0.2712061136896784,46
212,0.9828211,4.904228948897449,False,-0.2712061136896784,46
289,0.9787046,4.904228948897449,False,-0.2712061136896784,46
250,0.97607225,4.904228948897449,False,-0.2789865713210037,46
160,0.97622406,4.904228948897449,False,-0.2789865713210037,46
132,0.98891175,4.455713194767114,False,-0.28717001276366405,46
75,0.9756193,3.5640060680542085,False,-0.3009193933255365,46
65,0.96780396,3.5640060680542085,False,-0.30754721143640346,46
127,0.95034856,3.5640060680542085,False,-0.30754721143640346,46
107,0.9562758,3.5640060680542085,False,-0.30754721143640346,46
101,0.95340204,3.5640060680542085,False,-0.30754721143640346,46
77,0.9462843,3.5640060680542085,False,-0.30754721143640346,46
147,0.9567311,4.338719611211613,False,-0.3292827330229398,46
141,0.96193403,4.338719611211613,False,-0.3292827330229398,46
275,0.9605508,4.338719611211613,False,-0.3292827330229398,46
125,0.9608599,4.338719611211613,False,-0.3292827330229398,46
261,0.9574933,4.338719611211613,False,-0.3292827330229398,46
187,0.9554015,4.338719611211613,False,-0.3292827330229398,46
257,0.96054256,4.338719611211613,False,-0.3292827330229398,46
68,0.96413183,4.455713194767114,False,-0.33956151192525014,46
67,0.9628763,4.455713194767114,False,-0.33956151192525014,46
110,0.93113613,4.455713194767114,False,-0.33956151192525014,46
80,0.91777176,4.455713194767114,False,-0.33956151192525014,46
126,0.9087595,4.455713194767114,False,-0.33956151192525014,46
131,0.9320011,4.455713194767114,False,-0.33956151192525014,46
111,0.94527483,4.455713194767114,False,-0.33956151192525014,46
117,0.9446459,4.455713194767114,False,-0.33956151192525014,46
105,0.9714818,4.904228948897449,False,-0.34057379025415985,46
191,0.9726083,4.904228948897449,False,-0.34057379025415985,46
198,0.975067,4.904228948897449,False,-0.34057379025415985,46
129,0.95055187,5.050651047425832,False,-0.3472016083650268,46
64,0.9325036,5.050651047425832,False,-0.3472016083650268,46
195,0.9662603,4.224698042449723,False,-0.3566087589772361,46
222,0.972134,3.65473224830108,False,-0.3916476682178344,46
90,0.96570027,3.65473224830108,False,-0.39827548632870136,46
100,0.9654819,3.65473224830108,False,-0.39827548632870136,46
268,0.9640774,3.65473224830108,False,-0.39827548632870136,46
193,0.961801,3.65473224830108,False,-0.39827548632870136,46
154,0.9687811,3.65473224830108,False,-0.39827548632870136,46
88,0.96761644,3.65473224830108,False,-0.39827548632870136,46
224,0.9662771,3.65473224830108,False,-0.39827548632870136,46
87,0.9657581,3.65473224830108,False,-0.39827548632870136,46
197,1.0000002,1.0976885275122399,False,0.7628123648403012,400
196,1.0000001,1.0976885275122399,False,0.7628123648403012,400
64,1.0000001,1.0321128974549518,False,0.7554773319034354,400
65,1.0000002,1.3607005168549233,False,0.7468133901711873,400
105,1.0000002,2.0752166253263433,False,0.7452355586364078,400
132,1.0000001,2.064495794415786,False,0.7206047845724295,400
130,1.0,2.064495794415786,False,0.7206047845724295,400
131,1.0000002,2.064495794415786,False,0.7206047845724295,400
70,1.0,1.7421574905748196,False,0.715934955154703,400
1,1.0000004,1.8453422919561548,False,0.6987790550712659,400
309,1.0000002,1.9515717023848604,False,0.6591835904644638,400
124,0.99999964,1.4160731647345355,False,0.642342017599371,400
72,0.99999976,1.0976885275122399,False,0.5815691324246921,400
6,0.9985262,1.8453422919561548,False,0.5594476735366087,400
71,0.9946378,1.7421574905748196,False,0.5429108973610228,400
109,0.9975029,1.7421574905748196,False,0.5217794362784117,400
12,0.99168813,1.8453422919561548,False,0.3146758757940545,400
8,0.9912697,1.8453422919561548,False,0.02020021793412308,400
7,0.99127173,1.8453422919561548,False,0.02020021793412308,400
26,0.9904927,1.8453422919561548,False,-0.03962351073336932,400
20,0.99045926,1.8453422919561548,False,-0.03962351073336932,400
22,0.98835945,1.8453422919561548,False,-0.08396439050211887,400
15,0.9888879,1.8453422919561548,False,-0.10756838601588109,400
28,0.9892098,1.8453422919561548,False,-0.10756838601588109,400
175,0.9814183,1.0976885275122399,False,-0.1400189782936542,400
262,0.9792924,1.0976885275122399,False,-0.1400189782936542,400
249,0.9856504,1.0976885275122399,False,-0.1400189782936542,400
162,0.9819553,1.0976885275122399,False,-0.1400189782936542,400
88,0.979773,1.0976885275122399,False,-0.1400189782936542,400
228,0.98427,1.0976885275122399,False,-0.1400189782936542,400
267,0.9843025,1.0976885275122399,False,-0.1400189782936542,400
90,0.97888654,1.0976885275122399,False,-0.1400189782936542,400
189,0.98414695,1.0976885275122399,False,-0.1400189782936542,400
246,0.98383236,1.0976885275122399,False,-0.1400189782936542,400
66,0.98751307,1.7421574905748196,False,-0.14619380451060357,400
311,0.9852397,1.9515717023848604,False,-0.15230748658380705,400
30,0.98418,1.9515717023848604,False,-0.15230748658380705,400
24,0.98632044,1.9515717023848604,False,-0.15230748658380705,400
129,0.93694437,1.5950151587934973,False,-0.18784258873804652,400
102,0.9594641,1.5950151587934973,False,-0.18784258873804652,400
101,0.95700794,1.5950151587934973,False,-0.18784258873804652,400
107,0.94998217,1.5950151587934973,False,-0.18784258873804652,400
293,0.9375015,1.5950151587934973,False,-0.18784258873804652,400
76,0.9614475,1.5950151587934973,False,-0.18784258873804652,400
77,0.9644271,1.5950151587934973,False,-0.18784258873804652,400
83,0.971015,2.0752166253263433,False,-0.19221981381594658,400
106,0.97797346,2.0752166253263433,False,-0.1957089519342836,400
118,0.9866842,2.0752166253263433,False,-0.1957089519342836,400
119,0.9857335,2.0752166253263433,False,-0.1957089519342836,400
75,0.9756764,1.3607005168549233,False,-0.20297211474551344,400
98,0.9769863,2.0752166253263433,False,-0.20348940956560885,400
42,0.94842637,1.3607005168549233,False,-0.20959993285638037,400
10,0.94785225,1.3607005168549233,False,-0.20959993285638037,400
74,0.96430373,1.3607005168549233,False,-0.20959993285638037,400
19,0.9490862,1.3607005168549233,False,-0.20959993285638037,400
123,0.95213014,1.3607005168549233,False,-0.20959993285638037,400
127,0.9560741,1.3607005168549233,False,-0.20959993285638037,400
21,0.95300364,1.3607005168549233,False,-0.20959993285638037,400
89,0.96780396,1.3607005168549233,False,-0.20959993285638037,400
217,0.9504174,1.0976885275122399,False,-0.21601447296900259,400
184,0.95013744,1.0976885275122399,False,-0.21601447296900259,400
160,0.94869125,1.0976885275122399,False,-0.21601447296900259,400
165,0.95441246,1.0976885275122399,False,-0.21601447296900259,400
202,0.96577466,1.0976885275122399,False,-0.21601447296900259,400
210,0.9504868,1.0976885275122399,False,-0.21601447296900259,400
198,0.953485,1.0976885275122399,False,-0.21601447296900259,400
300,0.94835496,1.0976885275122399,False,-0.21601447296900259,400
54,0.9304288,1.7421574905748196,False,-0.22218929918595193,400
110,0.93113613,2.064495794415786,False,-0.23577924813342757,400
67,0.9628763,2.064495794415786,True,-0.23577924813342757,400
68,0.96413183,2.064495794415786,False,-0.23577924813342757,400
117,0.9446459,2.064495794415786,False,-0.23577924813342757,400
111,0.94527483,2.064495794415786,False,-0.23577924813342757,400
80,0.91777176,2.064495794415786,False,-0.23577924813342757,400
126,0.9087595,2.064495794415786,False,-0.23577924813342757,400
272,0.90139616,2.064495794415786,False,-0.23577924813342757,400
14,0.9753271,2.0752166253263433,False,-0.26507662849876495,400
85,0.97433794,2.0752166253263433,False,-0.26507662849876495,400
299,0.9719918,2.0752166253263433,False,-0.26507662849876495,400
115,0.9714818,2.0752166253263433,False,-0.26507662849876495,400
1,1.0000004,1.934018031397908,False,0.7995223060438725,359
65,1.0000002,1.527847305799185,False,0.7865268291352739,359
70,1.0,1.834267880174152,False,0.7759990391277456,359
67,0.99999994,1.0976885275122399,False,0.7628123648403012,359
64,1.0000001,1.229940851905338,False,0.6766002646121619,359
97,1.0,1.9846538389353439,False,0.671685419457054,359
71,0.9946378,1.834267880174152,False,0.6174383785230827,359
6,0.9985262,1.934018031397908,False,0.6160127695407979,359
124,0.99999964,2.1139713566483778,False,0.6076871220499257,359
109,0.9975029,1.834267880174152,False,0.5963069174404715,359
68,0.9987775,1.0976885275122399,False,0.5815691324246921,359
84,1.0000002,2.1277240340674037,False,0.5702309031236027,359
85,1.0000001,2.1277240340674037,False,0.5702309031236027,359
132,1.0000001,1.5566281431252407,False,0.5453873359532738,359
130,1.0,1.5566281431252407,False,0.5453873359532738,359
131,1.0000002,1.5566281431252407,False,0.5453873359532738,359
96,0.99999964,1.9846538389353439,False,0.49905334569352444,359
57,0.9971581,1.9846538389353439,False,0.48614105923284223,359
53,0.99305856,1.9846538389353439,False,0.44536803610142134,359
60,0.9930667,1.9846538389353439,False,0.44536803610142134,359
82,0.9999998,2.1277240340674037,False,0.415817645023524,359
83,0.99999976,2.1277240340674037,False,0.3975988293600731,359
50,0.9925796,1.9846538389353439,False,0.2936309112540127,359
12,0.99168813,1.934018031397908,False,0.28027585840903757,359
7,0.99127173,1.934018031397908,False,-0.04231218764713873,359
8,0.9912697,1.934018031397908,False,-0.04231218764713873,359
20,0.99045926,1.934018031397908,False,-0.08843112624997022,359
26,0.9904927,1.934018031397908,False,-0.08843112624997022,359
66,0.98751307,1.834267880174152,False,-0.08995539203545662,359
22,0.98835945,1.934018031397908,False,-0.14698562582707686,359
107,0.9337968,1.834267880174152,False,-0.165950886710805,359
54,0.9304288,1.834267880174152,False,-0.165950886710805,359
129,0.94839346,1.834267880174152,False,-0.165950886710805,359
101,0.9360188,1.834267880174152,False,-0.165950886710805,359
127,0.9345183,1.834267880174152,False,-0.165950886710805,359
28,0.9892098,1.934018031397908,False,-0.17058962134083908,359
15,0.9888879,1.934018031397908,False,-0.17058962134083908,359
279,0.9711032,1.9846538389353439,False,-0.1713845118590509,359
300,0.9777379,2.1277240340674037,False,-0.172005425050908,359
98,0.9774722,2.1277240340674037,False,-0.172005425050908,359
302,0.9795413,2.1277240340674037,False,-0.172005425050908,359
63,0.97776,2.1277240340674037,False,-0.172005425050908,359
88,0.9778186,2.1277240340674037,False,-0.172005425050908,359
230,0.97861993,2.1277240340674037,False,-0.172005425050908,359
47,0.9779365,2.1277240340674037,False,-0.172005425050908,359
87,0.97826725,2.1277240340674037,False,-0.172005425050908,359
52,0.9882784,1.9846538389353439,False,-0.17487364997738794,359
91,0.98679864,1.9846538389353439,False,-0.17487364997738794,359
95,0.9867786,1.9846538389353439,False,-0.17487364997738794,359
108,0.9870746,1.9846538389353439,False,-0.17487364997738794,359
61,0.97598517,2.1277240340674037,False,-0.17978588268223325,359
301,0.9762115,2.1277240340674037,False,-0.17978588268223325,359
58,0.9888646,1.9846538389353439,False,-0.19847764549115013,359
75,0.9756764,1.527847305799185,False,-0.20871320595178167,359
89,0.96780396,1.527847305799185,False,-0.2153410240626486,359
10,0.94785225,1.527847305799185,False,-0.2153410240626486,359
42,0.94842637,1.527847305799185,False,-0.2153410240626486,359
19,0.9490862,1.527847305799185,False,-0.2153410240626486,359
123,0.95213014,1.527847305799185,False,-0.2153410240626486,359
74,0.96430373,1.527847305799185,False,-0.2153410240626486,359
21,0.95300364,1.527847305799185,False,-0.2153410240626486,359
117,0.92886883,1.0976885275122399,False,-0.21601447296900259,359
80,0.92813206,1.0976885275122399,False,-0.21601447296900259,359
126,0.92592156,1.0976885275122399,False,-0.21601447296900259,359
116,0.92055047,1.0976885275122399,False,-0.21601447296900259,359
111,0.9477696,1.0976885275122399,False,-0.21601447296900259,359
110,0.9333892,1.0976885275122399,False,-0.21601447296900259,359
77,0.9513025,2.1139713566483778,False,-0.22893097301012424,359
102,0.9465011,2.1139713566483778,False,-0.22893097301012424,359
293,0.9514594,2.1139713566483778,False,-0.22893097301012424,359
76,0.9493151,2.1139713566483778,False,-0.22893097301012424,359
90,0.9753283,2.1277240340674037,False,-0.2413731016153894,359
162,0.974561,2.1277240340674037,False,-0.2413731016153894,359
49,0.97515696,2.1277240340674037,False,-0.2413731016153894,359
267,0.97346985,2.1277240340674037,False,-0.2413731016153894,359
99,0.97544575,2.1277240340674037,False,-0.2413731016153894,359
72,0.9734529,2.1277240340674037,True,-0.2413731016153894,359
3,0.97445977,2.1277240340674037,False,-0.2413731016153894,359
187,0.9554015,1.9846538389353439,False,-0.2508691446527363,359
275,0.9605508,1.9846538389353439,False,-0.2508691446527363,359
5,0.9555752,1.9846538389353439,False,-0.2508691446527363,359
141,0.96193403,1.9846538389353439,False,-0.2508691446527363,359
125,0.9608599,1.9846538389353439,False,-0.2508691446527363,359
261,0.9574933,1.9846538389353439,False,-0.2508691446527363,359
257,0.96054256,1.9846538389353439,False,-0.2508691446527363,359
147,0.9567311,1.9846538389353439,False,-0.2508691446527363,359
272,0.90139616,1.5566281431252407,False,-0.2585232355751647,359
70,1.0,1.7185193728025432,False,0.8041921354615991,17
71,1.0000002,1.7185193728025432,False,0.8041921354615991,17
307,1.0000002,1.5363351256428013,False,0.7206047845724295,17
299,1.0,1.5363351256428013,False,0.7206047845724295,17
302,1.0,1.5363351256428013,False,0.7206047845724295,17
123,1.0,1.622878045888291,False,0.715934955154703,17
311,1.0000002,1.622878045888291,False,0.715934955154703,17
130,1.0,1.622878045888291,False,0.715934955154703,17
298,1.0,1.622878045888291,False,0.715934955154703,17
65,1.0000002,1.4299140400345898,False,0.7035362719327516,17
64,1.0000001,1.4299140400345898,False,0.7035362719327516,17
111,1.0000002,2.04568918490807,False,0.6887294495185788,17
110,1.0000002,1.7929088210356843,False,0.6846808963656527,17
309,1.0000002,2.1411891654923836,False,0.6683388693874468,17
109,0.9957278,1.7185193728025432,False,0.6289017735804534,17
119,0.99999976,2.083486082700944,False,0.6076871220499257,17
118,0.9989145,2.083486082700944,False,0.6076871220499257,17
58,0.9999998,1.2059702312280824,False,0.5884588028367557,17
107,0.9999999,1.622878045888291,False,0.5529105384025448,17
308,0.99456406,1.5363351256428013,False,0.5475807267787495,17
306,0.9958091,1.5363351256428013,False,0.5475807267787495,17
304,0.9961369,1.5363351256428013,False,0.5475807267787495,17
300,0.9954728,1.5363351256428013,False,0.5475807267787495,17
40,0.9953525,1.622878045888291,False,0.5429108973610228,17
43,0.9944343,1.622878045888291,False,0.5429108973610228,17
310,0.9952489,1.622878045888291,False,0.5429108973610228,17
177,0.9999999,1.4146785999248446,False,0.5352933827447671,17
313,0.9963833,1.622878045888291,False,0.5295126842543203,17
301,0.99713767,1.5363351256428013,False,0.5264492656961383,17
36,0.9984319,1.622878045888291,False,0.5217794362784117,17
312,0.99646145,1.622878045888291,False,0.5217794362784117,17
34,0.99424505,1.622878045888291,False,0.5154611288175005,17
29,0.9938555,1.622878045888291,False,0.5154611288175005,17
303,0.99327904,1.5363351256428013,False,0.46504066921634213,17
41,0.9930445,1.622878045888291,False,0.46037083979861554,17
314,0.99299216,1.622878045888291,False,0.4021927608789214,17
18,0.9925939,1.622878045888291,False,0.2971450285958537,17
305,0.99233466,1.5363351256428013,False,0.2674484404563246,17
76,0.9917878,1.622878045888291,False,0.262778611038598,17
39,0.9916122,1.622878045888291,False,0.262778611038598,17
19,0.99225426,1.622878045888291,False,0.262778611038598,17
77,0.9923438,1.622878045888291,False,0.262778611038598,17
108,0.9905019,1.2059702312280824,False,-0.042520948948569545,17
35,0.99110335,1.622878045888291,False,-0.059809435017578294,17
124,0.98032,1.4299140400345898,False,-0.13964392001292159,17
101,0.97118366,1.622878045888291,False,-0.14270466639226653,17
289,0.9706521,1.4146785999248446,False,-0.14610363270312657,17
3,0.97721064,1.622878045888291,False,-0.14619380451060357,17
102,0.9875616,1.622878045888291,False,-0.14619380451060357,17
10,0.9795196,1.622878045888291,False,-0.14619380451060357,17
66,0.98751307,1.622878045888291,False,-0.14619380451060357,17
21,0.9805512,1.622878045888291,False,-0.14619380451060357,17
57,0.9844141,1.2059702312280824,False,-0.14719438712850766,17
61,0.9865105,1.2059702312280824,False,-0.14719438712850766,17
91,0.98297954,1.2059702312280824,False,-0.14719438712850766,17
198,0.9826759,1.4146785999248446,False,-0.1495927708214636,17
114,0.98327684,1.4146785999248446,False,-0.1495927708214636,17
115,0.98375446,1.4146785999248446,False,-0.1495927708214636,17
105,0.9857335,2.083486082700944,False,-0.1529354783347759,17
188,0.97874534,2.083486082700944,False,-0.1529354783347759,17
23,0.97656333,1.622878045888291,False,-0.15397426214192883,17
51,0.98806286,1.5363351256428013,False,-0.15978375345807921,17
60,0.9817327,1.5363351256428013,False,-0.15978375345807921,17
59,0.9857446,1.5363351256428013,False,-0.15978375345807921,17
63,0.9822961,1.5363351256428013,False,-0.15978375345807921,17
38,0.97808325,1.5363351256428013,False,-0.15978375345807921,17
132,0.98891175,1.622878045888291,False,-0.16979780002436579,17
12,0.99017876,1.622878045888291,False,-0.16979780002436579,17
53,0.98937696,1.2059702312280824,False,-0.17079838264226985,17
96,0.9888646,1.2059702312280824,False,-0.17079838264226985,17
52,0.98900616,1.2059702312280824,False,-0.17079838264226985,17
50,0.989956,1.2059702312280824,False,-0.17079838264226985,17
26,0.98623216,2.1411891654923836,False,-0.18479302941678058,17
24,0.98632044,2.1411891654923836,False,-0.18479302941678058,17
1,0.9873855,2.1411891654923836,False,-0.18479302941678058,17
8,0.98711973,2.1411891654923836,False,-0.18479302941678058,17
30,0.98418,2.1411891654923836,False,-0.18479302941678058,17
6,0.9888451,2.1411891654923836,False,-0.20839702493054274,17
7,0.9886234,2.1411891654923836,False,-0.20839702493054274,17
75,0.9756764,1.4299140400345898,False,-0.20901159657740304,17
82,0.9734318,1.622878045888291,False,-0.215561481075085,17
13,0.9730221,1.622878045888291,False,-0.215561481075085,17
129,0.93694437,1.4299140400345898,False,-0.21563941468826997,17
293,0.9375015,1.4299140400345898,False,-0.21563941468826997,17
42,0.94842637,1.4299140400345898,False,-0.21563941468826997,17
127,0.9560741,1.4299140400345898,False,-0.21563941468826997,17
74,0.96430373,1.4299140400345898,False,-0.21563941468826997,17
89,0.96780396,1.4299140400345898,False,-0.21563941468826997,17
160,0.9748241,1.4146785999248446,False,-0.21896044738594506,17
207,0.97249603,1.4146785999248446,False,-0.21896044738594506,17
269,0.9730542,1.4146785999248446,False,-0.21896044738594506,17
117,0.9446459,1.622878045888291,True,-0.22218929918595193,17
68,0.96413183,1.622878045888291,False,-0.22218929918595193,17
67,0.9628763,1.622878045888291,False,-0.22218929918595193,17
126,0.9087595,1.622878045888291,False,-0.22218929918595193,17
131,0.9417888,1.622878045888291,False,-0.22218929918595193,17
80,0.91777176,1.622878045888291,False,-0.22218929918595193,17
98,0.97050226,1.622878045888291,False,-0.22218929918595193,17
54,0.9304288,1.622878045888291,False,-0.22218929918595193,17
212,0.9675025,1.4146785999248446,False,-0.22558826549681193,17
288,0.9688928,1.4146785999248446,False,-0.22558826549681193,17
147,0.96901166,2.083486082700944,False,-0.22893097301012424,17
106,0.9696733,2.083486082700944,False,-0.22893097301012424,17
14,0.96772045,2.083486082700944,False,-0.22893097301012424,17
123,1.0,2.1295188462698906,False,0.7942019980637695,429
168,1.0000001,2.1295188462698906,True,0.7942019980637695,429
21,1.0000002,2.1295188462698906,False,0.7942019980637695,429
41,1.0000001,2.1295188462698906,False,0.7942019980637695,429
24,1.0,2.1295188462698906,False,0.7942019980637695,429
22,1.0000001,2.1295188462698906,False,0.7942019980637695,429
13,1.0000002,2.1295188462698906,False,0.7942019980637695,429
2,1.0000005,2.1295188462698906,False,0.7942019980637695,429
14,1.0,2.1295188462698906,False,0.7942019980637695,429
18,1.0000001,2.1295188462698906,False,0.7942019980637695,429
38,1.0,2.1295188462698906,False,0.7942019980637695,429
45,1.0000001,2.1295188462698906,False,0.7942019980637695,429
29,1.0000001,2.1295188462698906,False,0.7942019980637695,429
274,1.0000001,2.896965510682589,False,0.7936005308759004,429
171,1.0000005,2.896965510682589,False,0.7936005308759004,429
116,1.0000001,2.896965510682589,False,0.7936005308759004,429
42,1.0000002,2.8192848631505347,False,0.785154240925213,429
40,0.99999994,2.8192848631505347,False,0.785154240925213,429
298,1.0,2.8192848631505347,False,0.785154240925213,429
105,1.0000002,2.9253185752604556,False,0.7810987018833102,429
101,1.0000002,1.4856983541687239,False,0.7806688685454721,429
79,1.0,1.033354205384345,False,0.7684728088120341,429
141,1.0000002,1.033354205384345,False,0.7684728088120341,429
57,1.0,1.033354205384345,False,0.7684728088120341,429
61,1.0000001,1.033354205384345,False,0.7684728088120341,429
62,1.0000002,1.033354205384345,False,0.7684728088120341,429
69,1.0,1.033354205384345,False,0.7684728088120341,429
64,1.0000001,1.033354205384345,False,0.7684728088120341,429
70,1.0,1.033354205384345,False,0.7684728088120341,429
65,1.0000002,1.033354205384345,False,0.7684728088120341,429
55,1.0000002,1.033354205384345,False,0.7684728088120341,429
84,1.0000002,1.033354205384345,False,0.7684728088120341,429
88,1.0,2.618346071275336,False,0.7422074928014254,429
106,1.0000002,1.7419350571506071,False,0.7389813905963236,429
66,1.0,3.0680327760913886,False,0.7360172240282769,429
23,0.9999999,2.1295188462698906,False,0.6289112772241456,429
25,0.9999999,2.1295188462698906,False,0.6289112772241456,429
44,0.9999999,2.1295188462698906,False,0.6289112772241456,429
46,0.9999999,2.1295188462698906,False,0.6289112772241456,429
34,0.9954854,2.1295188462698906,False,0.6189116361826238,429
10,0.9952851,2.1295188462698906,False,0.6189116361826238,429
39,0.9949986,2.1295188462698906,False,0.6189116361826238,429
19,0.9990314,2.1295188462698906,False,0.6106924615606948,429
193,0.99999964,2.1295188462698906,False,0.6106924615606948,429
312,0.99435747,2.8192848631505347,False,0.6098638790440672,429
43,0.9944343,2.8192848631505347,False,0.6098638790440672,429
313,0.99462515,2.8192848631505347,False,0.6098638790440672,429
311,0.9953525,2.8192848631505347,False,0.6098638790440672,429
73,0.9999999,1.033354205384345,False,0.6054483920598758,429
60,0.9999998,1.033354205384345,False,0.6054483920598758,429
103,0.9999998,1.033354205384345,False,0.6054483920598758,429
288,0.9999999,1.033354205384345,False,0.6054483920598758,429
3,0.99999964,2.8192848631505347,False,0.6016447044221382,429
77,0.9947618,1.033354205384345,False,0.595448751018354,429
71,0.9946378,1.033354205384345,False,0.595448751018354,429
36,0.9984319,2.8192848631505347,False,0.588732417961456,429
56,0.99999964,1.033354205384345,False,0.5872295763964249,429
59,0.99999964,1.033354205384345,False,0.5872295763964249,429
289,0.99999976,1.033354205384345,False,0.5872295763964249,429
78,0.9999994,1.033354205384345,False,0.5872295763964249,429
76,0.99999976,1.033354205384345,False,0.5872295763964249,429
109,0.9975029,1.033354205384345,False,0.5743172899357428,429
96,0.9971581,1.033354205384345,False,0.5743172899357428,429
87,0.9944171,2.618346071275336,False,0.5669171309202797,429
90,0.99549013,2.618346071275336,False,0.5669171309202797,429
310,0.9935137,2.8192848631505347,False,0.5348808248506834,429
314,0.9930229,2.1295188462698906,False,0.4651149297211706,429
102,0.9929564,1.033354205384345,False,0.39727613422848485,429
12,0.9928945,2.1295188462698906,False,0.3771071953226546,429
50,0.9915732,1.033354205384345,False,0.31531646469592917,429
107,0.9917878,1.033354205384345,False,0.31531646469592917,429
53,0.9923562,1.033354205384345,False,0.31531646469592917,429
7,0.99141,2.1295188462698906,False,0.04250905296587162,429
35,0.99064916,2.8192848631505347,False,-0.04912324939677473,429
224,0.9913431,2.1295188462698906,False,-0.060711065606593465,429
120,0.9707462,1.033354205384345,False,-0.12216067148650916,429
177,0.9706521,1.033354205384345,False,-0.12216067148650916,429
31,0.9713783,1.033354205384345,False,-0.12216067148650916,429
303,0.98208547,1.033354205384345,False,-0.12564980960484617,429
27,0.9798883,1.033354205384345,False,-0.12564980960484617,429
30,0.97925276,1.033354205384345,False,-0.12564980960484617,429
26,0.982718,1.033354205384345,False,-0.12564980960484617,429
309,0.9830492,1.033354205384345,False,-0.12564980960484617,429
17,0.98055446,1.033354205384345,False,-0.12564980960484617,429
58,0.9865105,1.033354205384345,False,-0.12564980960484617,429
299,0.986902,1.033354205384345,False,-0.12564980960484617,429
20,0.9775542,1.033354205384345,False,-0.12564980960484617,429
124,0.98032,1.033354205384345,False,-0.12564980960484617,429
91,0.9881662,1.033354205384345,False,-0.12564980960484617,429
95,0.9869524,1.033354205384345,False,-0.12564980960484617,429
104,0.9792446,1.033354205384345,False,-0.12564980960484617,429
108,0.9830961,1.033354205384345,False,-0.12564980960484617,429
52,0.9846546,1.033354205384345,False,-0.12564980960484617,429
305,0.98454905,1.033354205384345,False,-0.12564980960484617,429
306,0.983858,1.033354205384345,False,-0.12564980960484617,429
301,0.98325205,1.033354205384345,False,-0.12564980960484617,429
304,0.98618394,1.033354205384345,False,-0.12564980960484617,429
308,0.98524225,1.033354205384345,False,-0.12564980960484617,429
122,0.98282826,1.033354205384345,False,-0.12564980960484617,429
83,0.9804255,1.033354205384345,False,-0.12564980960484617,429
230,0.97861993,1.033354205384345,False,-0.12564980960484617,429
28,0.9828924,1.033354205384345,False,-0.12564980960484617,429
121,0.98178685,1.033354205384345,False,-0.12564980960484617,429
15,0.9807773,1.033354205384345,False,-0.12564980960484617,429
114,0.9777821,1.033354205384345,False,-0.12564980960484617,429
190,0.9834119,1.033354205384345,False,-0.12564980960484617,429
85,0.97653294,1.033354205384345,False,-0.13343026723617143,429
302,0.9884893,1.033354205384345,False,-0.1492538051186084,429
51,0.9890313,1.033354205384345,False,-0.1492538051186084,429
300,0.9902432,1.033354205384345,False,-0.1492538051186084,429
153,0.98697186,2.8192848631505347,False,-0.15379668757671286,429
118,0.9866842,2.9253185752604556,False,-0.15709530732376997,429
119,0.9857335,2.9253185752604556,False,-0.15709530732376997,429
98,0.9769863,2.9253185752604556,False,-0.16487576495509523,429
1,0.98835945,2.1295188462698906,False,-0.1653845037865316,429
6,0.9857427,2.1295188462698906,False,-0.1653845037865316,429
16,0.98644996,2.1295188462698906,False,-0.1653845037865316,429
8,0.98763776,2.1295188462698906,False,-0.1653845037865316,429
268,0.9782693,2.1295188462698906,False,-0.1653845037865316,429
175,0.9786384,2.1295188462698906,False,-0.1653845037865316,429
47,0.97951955,2.1295188462698906,False,-0.1653845037865316,429
32,0.97681594,2.1295188462698906,False,-0.17316496141785687,429
100,0.9759989,2.1295188462698906,False,-0.17316496141785687,429
75,0.94628537,1.4856983541687239,False,-0.17954083565828063,429
89,0.95340204,1.4856983541687239,False,-0.17954083565828063,429
99,0.97544575,1.033354205384345,False,-0.19501748616932763,429
267,0.97346985,1.033354205384345,False,-0.19501748616932763,429
187,0.97205746,1.033354205384345,False,-0.19501748616932763,429
237,0.97323704,1.033354205384345,False,-0.19501748616932763,429
115,0.97423077,1.033354205384345,False,-0.19501748616932763,429
72,0.9734529,1.033354205384345,False,-0.19501748616932763,429
86,0.9836583,2.618346071275336,False,-0.19979117305232189,429
197,0.97738004,2.618346071275336,False,-0.19979117305232189,429
195,0.9609076,1.033354205384345,False,-0.20164530428019456,429
97,0.96193403,1.033354205384345,False,-0.20164530428019456,429
131,0.9417888,1.033354205384345,False,-0.20164530428019456,429
112,0.9011507,1.033354205384345,False,-0.20164530428019456,429
215,0.9610797,1.033354205384345,False,-0.20164530428019456,429
127,0.94456875,1.033354205384345,False,-0.20164530428019456,429
251,0.9676796,1.033354205384345,False,-0.20164530428019456,429
238,0.96696764,1.033354205384345,False,-0.20164530428019456,429
275,0.9698999,1.033354205384345,False,-0.20164530428019456,429
257,0.9696941,1.033354205384345,False,-0.20164530428019456,429
191,0.9705468,1.033354205384345,False,-0.20164530428019456,429
54,0.9304288,1.033354205384345,False,-0.20164530428019456,429
129,0.93694437,1.033354205384345,False,-0.20164530428019456,429
293,0.9375015,1.033354205384345,False,-0.20164530428019456,429
212,0.9703801,1.033354205384345,False,-0.20164530428019456,429
264,0.90791637,1.033354205384345,False,-0.20164530428019456,429
74,0.96430373,1.033354205384345,False,-0.20164530428019456,429
166,0.96400523,1.033354205384345,False,-0.20164530428019456,429
33,0.9726542,2.1295188462698906,False,-0.23475218035101306,429
82,0.9734318,2.1295188462698906,False,-0.23475218035101306,429
135,0.9751172,2.1295188462698906,False,-0.23475218035101306,429
37,0.9570348,2.1295188462698906,False,-0.24137999846188,429
181,0.88071793,2.1295188462698906,False,-0.24137999846188,429
182,0.86486244,2.1295188462698906,False,-0.24137999846188,429
266,0.88045895,2.1295188462698906,False,-0.24137999846188,429
287,0.87216204,2.1295188462698906,False,-0.24137999846188,429
265,0.87856233,2.1295188462698906,False,-0.24137999846188,429
296,0.9644301,2.1295188462698906,False,-0.24137999846188,429
273,0.95636857,2.1295188462698906,False,-0.24137999846188,429
277,0.85744,2.1295188462698906,False,-0.24137999846188,429
149,0.85699344,2.1295188462698906,False,-0.24137999846188,429
291,0.97518677,2.896965510682589,False,-0.2490291472818323,429
132,0.88582426,2.896965510682589,False,-0.2556569653926992,429
176,0.9674438,2.896965510682589,False,-0.2556569653926992,429
142,0.96711195,2.896965510682589,False,-0.2556569653926992,429
180,0.9655926,2.896965510682589,False,-0.2556569653926992,429
217,0.96543884,2.896965510682589,False,-0.2556569653926992,429
200,0.96828747,2.896965510682589,False,-0.2556569653926992,429
285,0.9677081,2.896965510682589,False,-0.2556569653926992,429
258,0.9660746,2.896965510682589,False,-0.2556569653926992,429
206,0.96910363,2.896965510682589,False,-0.2556569653926992,429
117,0.9024647,2.896965510682589,False,-0.2556569653926992,429
221,0.97003806,2.896965510682589,False,-0.2556569653926992,429
111,0.8699353,2.896965510682589,False,-0.2556569653926992,429
110,0.8834345,2.896965510682589,False,-0.2556569653926992,429
67,0.92055047,2.896965510682589,False,-0.2556569653926992,429
126,0.9245833,2.896965510682589,False,-0.2556569653926992,429
68,0.91648144,2.896965510682589,False,-0.2556569653926992,429
80,0.91688174,2.896965510682589,False,-0.2556569653926992,429
130,0.9040585,2.896965510682589,False,-0.2556569653926992,429
123,1.0,2.15394096953168,False,0.798871827481496,4
130,1.0,2.15394096953168,False,0.798871827481496,4
298,1.0,2.15394096953168,False,0.798871827481496,4
70,1.0,2.15394096953168,False,0.798871827481496,4
311,1.0000002,2.15394096953168,False,0.798871827481496,4
1,1.0000004,1.302414871879559,False,0.7514832195889138,4
50,1.0000002,1.302414871879559,False,0.7514832195889138,4
38,1.0,1.302414871879559,False,0.7514832195889138,4
30,1.0000002,1.302414871879559,False,0.7514832195889138,4
27,1.0000002,1.302414871879559,False,0.7514832195889138,4
11,1.0,1.302414871879559,False,0.7514832195889138,4
28,1.0,1.302414871879559,False,0.7514832195889138,4
33,1.0,1.302414871879559,False,0.7514832195889138,4
31,1.0000001,1.302414871879559,False,0.7514832195889138,4
34,1.0000002,1.302414871879559,False,0.7514832195889138,4
29,1.0000001,1.302414871879559,False,0.7514832195889138,4
2,1.0000005,1.302414871879559,False,0.7514832195889138,4
20,1.0000002,1.302414871879559,False,0.7514832195889138,4
18,1.0000001,1.302414871879559,False,0.7514832195889138,4
17,1.0,1.302414871879559,False,0.7514832195889138,4
55,1.0000002,1.302414871879559,False,0.7514832195889138,4
110,1.0000002,1.302414871879559,False,0.7514832195889138,4
87,1.0000001,1.302414871879559,False,0.7514832195889138,4
21,1.0000002,1.302414871879559,False,0.7514832195889138,4
22,1.0000001,1.302414871879559,False,0.7514832195889138,4
122,1.0,1.9113428065932216,False,0.737301986828208,4
40,0.99999994,2.0988569766757044,False,0.7082403270560558,4
42,1.0000002,2.0988569766757044,False,0.7082403270560558,4
41,1.0000001,2.0988569766757044,False,0.7082403270560558,4
116,1.0000001,2.5289102420134486,False,0.6678994733477401,4
274,1.0000001,2.5289102420134486,False,0.6678994733477401,4
171,1.0000005,2.5289102420134486,False,0.6678994733477401,4
45,1.0000001,2.420590647704318,False,0.6663651114769509,4
14,1.0,2.420590647704318,False,0.6663651114769509,4
24,1.0,2.420590647704318,False,0.6663651114769509,4
168,1.0000001,2.420590647704318,False,0.6663651114769509,4
13,1.0000002,2.420590647704318,False,0.6663651114769509,4
107,0.9999999,2.15394096953168,False,0.6335811066418722,4
177,0.9999999,2.4518114386198087,False,0.6335811066418722,4
117,0.9999998,2.4406316610963112,False,0.6335811066418722,4
58,0.9999998,2.0845928323849283,False,0.6259059377133765,4
71,0.9946378,2.15394096953168,False,0.6235814656003503,4
43,0.9944343,2.15394096953168,False,0.6235814656003503,4
310,0.9952489,2.15394096953168,False,0.6235814656003503,4
313,0.9963833,2.15394096953168,False,0.6101832524936478,4
36,0.9984319,2.15394096953168,False,0.6024500045177391,4
312,0.99646145,2.15394096953168,False,0.6024500045177391,4
109,0.9975029,2.15394096953168,False,0.6024500045177391,4
73,0.9999999,1.302414871879559,False,0.5884588028367557,4
26,0.9999999,1.302414871879559,False,0.5884588028367557,4
10,0.9999999,1.302414871879559,False,0.5884588028367557,4
12,0.9999998,1.302414871879559,False,0.5884588028367557,4
7,0.9999999,1.302414871879559,False,0.5884588028367557,4
39,0.9944172,1.302414871879559,False,0.5784591617952339,4
19,0.9952851,1.302414871879559,False,0.5784591617952339,4
15,0.99484783,1.302414871879559,False,0.5784591617952339,4
88,0.9944171,1.302414871879559,False,0.5784591617952339,4
103,0.9999998,1.9618572793409834,False,0.5759569738441654,4
6,0.9985262,1.302414871879559,False,0.5702399871733048,4
16,0.99999976,1.302414871879559,False,0.5702399871733048,4
53,0.99943006,1.302414871879559,False,0.5702399871733048,4
8,0.99999976,1.302414871879559,False,0.5702399871733048,4
32,0.99999964,1.302414871879559,False,0.5702399871733048,4
3,0.99999964,2.0988569766757044,False,0.5689089455213985,4
23,0.99614966,1.302414871879559,False,0.5650609486885314,4
25,0.9999999,2.420590647704318,False,0.5119518533768722,4
46,0.9999999,2.420590647704318,False,0.5119518533768722,4
44,0.9999999,2.420590647704318,False,0.5119518533768722,4
193,0.99999964,2.420590647704318,False,0.4937330377134213,4
314,0.99299216,2.15394096953168,False,0.46978475913889717,4
96,0.9925796,1.302414871879559,False,0.3326932930300647,4
57,0.9915732,1.302414871879559,False,0.29832687547280906,4
90,0.99178386,1.302414871879559,False,0.29832687547280906,4
35,0.99232554,1.302414871879559,False,0.29832687547280906,4
76,0.9917878,2.15394096953168,False,0.2665468098673094,4
77,0.9923438,2.15394096953168,False,0.2665468098673094,4
153,0.98697186,2.0988569766757044,False,-0.031984269861757716,4
52,0.9907137,1.302414871879559,False,-0.042520948948569545,4
61,0.991111,1.302414871879559,False,-0.042520948948569545,4
60,0.99139106,1.302414871879559,False,-0.042520948948569545,4
108,0.9905019,2.0845928323849283,False,-0.048262040154837746,4
224,0.9913431,2.420590647704318,False,-0.08859908975690459,4
79,0.98821294,1.9113428065932216,False,-0.09125795649166164,4
104,0.9858793,1.9113428065932216,False,-0.09125795649166164,4
78,0.9888028,1.9113428065932216,False,-0.11486195200542383,4
121,0.98894715,1.9113428065932216,False,-0.11486195200542383,4
120,0.9707462,1.302414871879559,False,-0.14370524901017062,4
175,0.9708544,1.302414871879559,False,-0.14370524901017062,4
91,0.9838128,1.302414871879559,False,-0.14719438712850766,4
49,0.98680425,1.302414871879559,False,-0.14719438712850766,4
309,0.97819304,1.302414871879559,False,-0.14719438712850766,4
9,0.98363274,1.302414871879559,False,-0.14719438712850766,4
111,0.9876363,1.302414871879559,False,-0.14719438712850766,4
84,0.97826725,1.302414871879559,False,-0.14719438712850766,4
86,0.97673255,1.302414871879559,False,-0.15497484475983292,4
289,0.9706521,2.4518114386198087,False,-0.17548531461567024,4
101,0.97118366,2.15394096953168,False,-0.17548531461567024,4
66,0.98751307,2.15394096953168,True,-0.17897445273400725,4
114,0.98327684,2.4518114386198087,False,-0.17897445273400725,4
102,0.9875616,2.15394096953168,False,-0.17897445273400725,4
198,0.9826759,2.4518114386198087,False,-0.17897445273400725,4
115,0.98375446,2.4518114386198087,False,-0.17897445273400725,4
47,0.97951955,2.420590647704318,False,-0.1932725279368427,4
268,0.9782693,2.420590647704318,False,-0.1932725279368427,4
100,0.9759989,2.420590647704318,False,-0.20105298556816795,4
132,0.98891175,2.15394096953168,False,-0.20257844824776947,4
82,0.9734318,1.302414871879559,False,-0.21656206369298908,4
197,0.9726115,1.302414871879559,False,-0.21656206369298908,4
72,0.9749367,1.302414871879559,False,-0.21656206369298908,4
98,0.9552769,1.302414871879559,False,-0.22318988180385602,4
83,0.9569039,1.302414871879559,False,-0.22318988180385602,4
51,0.95488155,1.302414871879559,False,-0.22318988180385602,4
62,0.9654201,1.302414871879559,False,-0.22318988180385602,4
264,0.90791637,1.302414871879559,False,-0.22318988180385602,4
80,0.9225857,1.302414871879559,False,-0.22318988180385602,4
126,0.9227898,1.302414871879559,False,-0.22318988180385602,4
67,0.9333892,1.302414871879559,False,-0.22318988180385602,4
68,0.93603015,1.302414871879559,False,-0.22318988180385602,4
64,0.9058969,1.302414871879559,False,-0.22318988180385602,4
131,0.9019269,1.302414871879559,False,-0.22318988180385602,4
75,0.8994671,1.302414871879559,False,-0.22318988180385602,4
129,0.8952277,1.302414871879559,False,-0.22318988180385602,4
112,0.9011507,1.302414871879559,False,-0.22318988180385602,4
105,0.96280354,1.302414871879559,False,-0.22318988180385602,4
160,0.9748241,2.4518114386198087,False,-0.2483421292984887,4
207,0.97249603,2.4518114386198087,False,-0.2483421292984887,4
269,0.9730542,2.4518114386198087,False,-0.2483421292984887,4
127,0.9091109,2.15394096953168,False,-0.2549699474093556,4
212,0.9675025,2.4518114386198087,False,-0.2549699474093556,4
89,0.9562758,2.15394096953168,False,-0.2549699474093556,4
54,0.9304288,2.15394096953168,False,-0.2549699474093556,4
288,0.9688928,2.4518114386198087,False,-0.2549699474093556,4
135,0.9751172,2.420590647704318,False,-0.2626402045013241,4
230,0.9718922,2.420590647704318,False,-0.2626402045013241,4
267,0.9730605,2.420590647704318,False,-0.2626402045013241,4
95,0.9744293,2.5289102420134486,False,-0.2634523472919973,4
291,0.97518677,2.5289102420134486,False,-0.2634523472919973,4
56,0.9603458,2.420590647704318,False,-0.26926802261219096,4
37,0.9570348,2.420590647704318,False,-0.26926802261219096,4
273,0.95636857,2.420590647704318,False,-0.26926802261219096,4
296,0.9644301,2.420590647704318,False,-0.26926802261219096,4
182,0.86486244,2.420590647704318,False,-0.26926802261219096,4
287,0.87216204,2.420590647704318,False,-0.26926802261219096,4
181,0.88071793,2.420590647704318,False,-0.26926802261219096,4
277,0.85744,2.420590647704318,False,-0.26926802261219096,4
149,0.85699344,2.420590647704318,False,-0.26926802261219096,4
266,0.88045895,2.420590647704318,False,-0.26926802261219096,4
265,0.87856233,2.420590647704318,False,-0.26926802261219096,4
221,0.97003806,2.5289102420134486,False,-0.2700801654028642,4
206,0.96910363,2.5289102420134486,False,-0.2700801654028642,4
200,0.96828747,2.5289102420134486,False,-0.2700801654028642,4
285,0.9677081,2.5289102420134486,False,-0.2700801654028642,4
176,0.9674438,2.5289102420134486,False,-0.2700801654028642,4
142,0.96711195,2.5289102420134486,False,-0.2700801654028642,4
258,0.9660746,2.5289102420134486,False,-0.2700801654028642,4
180,0.9655926,2.5289102420134486,False,-0.2700801654028642,4
217,0.96543884,2.5289102420134486,False,-0.2700801654028642,4
71,1.0000002,1.800540296996097,False,0.7911966585530005,19
70,1.0,1.800540296996097,False,0.7911966585530005,19
111,1.0000002,1.391761090091094,False,0.7896551250012777,19
110,1.0000002,0.874186565280673,False,0.7601471613211619,19
97,1.0,1.487687698171753,False,0.7563637148992245,19
130,1.0,1.4185692199708888,False,0.7468133901711873,19
311,1.0000002,1.4185692199708888,False,0.7468133901711873,19
123,1.0,1.4185692199708888,False,0.7468133901711873,19
298,1.0,1.4185692199708888,False,0.7468133901711873,19
309,1.0000002,1.5596800072916115,False,0.6952448501474571,19
299,1.0,1.2476205094098916,False,0.6548553633195572,19
302,1.0,1.2476205094098916,False,0.6548553633195572,19
307,1.0000002,1.2476205094098916,False,0.6548553633195572,19
109,0.9957278,1.800540296996097,False,0.6159062966718548,19
107,0.9999999,1.4185692199708888,False,0.5837889734190291,19
58,0.9999998,1.2713242199139396,False,0.5754633259281571,19
96,0.99999964,1.487687698171753,False,0.5751204824836154,19
177,0.9999999,1.5319057632599333,False,0.5739166844111494,19
40,0.9953525,1.4185692199708888,False,0.5737893323775073,19
310,0.9952489,1.4185692199708888,False,0.5737893323775073,19
43,0.9944343,1.4185692199708888,False,0.5737893323775073,19
117,0.9999998,1.4299140400345898,False,0.56358641102169,19
57,0.9971581,1.487687698171753,False,0.5622081960229333,19
313,0.9963833,1.4185692199708888,False,0.5603911192708048,19
312,0.99646145,1.4185692199708888,False,0.5526578712948961,19
36,0.9984319,1.4185692199708888,False,0.5526578712948961,19
34,0.99424505,1.4185692199708888,False,0.546339563833985,19
29,0.9938555,1.4185692199708888,False,0.546339563833985,19
53,0.99305856,1.487687698171753,False,0.5382433869124813,19
60,0.9930667,1.487687698171753,False,0.5382433869124813,19
41,0.9930445,1.4185692199708888,False,0.49124927481509995,19
308,0.99456406,1.2476205094098916,False,0.48183130552587733,19
306,0.9958091,1.2476205094098916,False,0.48183130552587733,19
300,0.9954728,1.2476205094098916,False,0.48183130552587733,19
304,0.9961369,1.2476205094098916,False,0.48183130552587733,19
301,0.9981017,1.2476205094098916,False,0.4606998444432661,19
314,0.99299216,1.4185692199708888,False,0.4330711958954058,19
303,0.99327904,1.2476205094098916,False,0.39929124796347,19
50,0.9925796,1.487687698171753,False,0.36430777006149073,19
18,0.9925939,1.4185692199708888,False,0.3280234636123381,19
77,0.9923438,1.4185692199708888,False,0.29365704605508247,19
19,0.99225426,1.4185692199708888,False,0.29365704605508247,19
39,0.9916122,1.4185692199708888,False,0.29365704605508247,19
76,0.9917878,1.4185692199708888,False,0.29365704605508247,19
305,0.99233466,1.2476205094098916,False,0.2016990192034525,19
30,0.98418,1.5596800072916115,False,-0.024344173421981065,19
26,0.98623216,1.5596800072916115,False,-0.024344173421981065,19
24,0.98632044,1.5596800072916115,False,-0.024344173421981065,19
1,0.9873855,1.5596800072916115,False,-0.024344173421981065,19
12,0.9842589,1.5596800072916115,False,-0.024344173421981065,19
8,0.98711973,1.5596800072916115,False,-0.024344173421981065,19
35,0.99110335,1.4185692199708888,False,-0.028931000001093922,19
108,0.9905019,1.2713242199139396,False,-0.03488085250879291,19
7,0.9886234,1.5596800072916115,False,-0.047948168935743274,19
6,0.9888451,1.5596800072916115,False,-0.047948168935743274,19
279,0.9711032,1.487687698171753,False,-0.10753578367820321,19
91,0.98679864,1.487687698171753,False,-0.11102492179654021,19
52,0.9882784,1.487687698171753,False,-0.11102492179654021,19
95,0.9867786,1.487687698171753,False,-0.11102492179654021,19
101,0.97118366,1.4185692199708888,False,-0.130115300062695,19
102,0.9875616,1.4185692199708888,False,-0.13360443818103201,19
10,0.9795196,1.4185692199708888,False,-0.13360443818103201,19
66,0.98751307,1.4185692199708888,False,-0.13360443818103201,19
21,0.9805512,1.4185692199708888,False,-0.13360443818103201,19
3,0.97721064,1.4185692199708888,False,-0.13360443818103201,19
289,0.9706521,1.5319057632599333,False,-0.13537556215325217,19
115,0.98375446,1.5319057632599333,False,-0.1388647002715892,19
114,0.98327684,1.5319057632599333,False,-0.1388647002715892,19
198,0.9826759,1.5319057632599333,False,-0.1388647002715892,19
61,0.9865105,1.2713242199139396,False,-0.139554290688731,19
51,0.98806286,1.2476205094098916,False,-0.14085335119637724,19
38,0.97808325,1.2476205094098916,False,-0.14085335119637724,19
63,0.9822961,1.2476205094098916,False,-0.14085335119637724,19
59,0.9809357,1.2476205094098916,False,-0.14085335119637724,19
23,0.97656333,1.4185692199708888,False,-0.14138489581235728,19
132,0.98891175,1.4185692199708888,False,-0.1572084336947942,19
141,0.96193403,1.487687698171753,False,-0.1870204164718886,19
125,0.9608599,1.487687698171753,False,-0.1870204164718886,19
275,0.9605508,1.487687698171753,False,-0.1870204164718886,19
257,0.96054256,1.487687698171753,False,-0.1870204164718886,19
187,0.9554015,1.487687698171753,False,-0.1870204164718886,19
261,0.9574933,1.487687698171753,False,-0.1870204164718886,19
147,0.9567311,1.487687698171753,False,-0.1870204164718886,19
5,0.9555752,1.487687698171753,False,-0.1870204164718886,19
82,0.9734318,1.4185692199708888,False,-0.20297211474551344,19
13,0.9730221,1.4185692199708888,False,-0.20297211474551344,19
68,0.93603015,0.874186565280673,False,-0.20759515678789356,19
67,0.9333892,0.874186565280673,False,-0.20759515678789356,19
126,0.9227898,0.874186565280673,False,-0.20759515678789356,19
80,0.9225857,0.874186565280673,False,-0.20759515678789356,19
64,0.9058969,0.874186565280673,True,-0.20759515678789356,19
207,0.97249603,1.5319057632599333,False,-0.20823237683607063,19
160,0.9748241,1.5319057632599333,False,-0.20823237683607063,19
269,0.9730542,1.5319057632599333,False,-0.20823237683607063,19
127,0.9091109,1.4185692199708888,False,-0.20959993285638037,19
129,0.94839346,1.4185692199708888,False,-0.20959993285638037,19
54,0.9304288,1.4185692199708888,False,-0.20959993285638037,19
75,0.96830446,1.4185692199708888,False,-0.20959993285638037,19
89,0.9562758,1.4185692199708888,False,-0.20959993285638037,19
131,0.9417888,1.4185692199708888,False,-0.20959993285638037,19
98,0.97050226,1.4185692199708888,False,-0.20959993285638037,19
65,0.9246131,1.391761090091094,True,-0.213733533431467,19
288,0.9688928,1.5319057632599333,False,-0.21486019494693756,19
212,0.9675025,1.5319057632599333,False,-0.21486019494693756,19
88,1.0,2.1894812002126276,False,0.7647865245968944,444
67,0.99999994,1.5950151587934973,False,0.7338349246863435,444
65,1.0000002,1.8299986706920899,False,0.7147357142273216,444
196,1.0000001,2.3265906646986414,False,0.7028658371059096,444
197,1.0000002,2.3265906646986414,False,0.7028658371059096,444
105,1.0000002,2.60418559513821,False,0.6776543372395998,444
64,1.0000001,1.4882454375690553,True,0.6641241595218207,444
87,0.9944171,2.1894812002126276,False,0.6314080135967006,444
90,0.99549013,2.1894812002126276,False,0.6314080135967006,444
124,0.99999964,1.6719576723779614,False,0.5793975768215612,444
309,1.0000002,1.9077687233666352,False,0.5621723636191821,444
72,0.99999976,2.3265906646986414,False,0.5612681514837866,444
68,0.9987775,1.5950151587934973,False,0.5525916922707345,444
1,1.0000004,2.170849505122094,False,0.5305205917873916,444
6,0.9985262,2.170849505122094,False,0.39118921025273434,444
12,0.99168813,2.170849505122094,False,0.23149648859367927,444
22,0.98835945,2.170849505122094,False,-0.008002111132740427,444
8,0.9912697,2.170849505122094,False,-0.01590533231013952,444
7,0.99127173,2.170849505122094,False,-0.01590533231013952,444
267,0.97076297,2.1894812002126276,False,-0.029754405379153623,444
83,0.9709768,2.1894812002126276,False,-0.029754405379153623,444
28,0.9892098,2.170849505122094,False,-0.031606106646502645,444
15,0.9888879,2.170849505122094,False,-0.031606106646502645,444
86,0.9836583,2.1894812002126276,False,-0.0332435434974906,444
84,0.9778186,2.1894812002126276,False,-0.0332435434974906,444
26,0.9904927,2.170849505122094,False,-0.07572906097763187,444
20,0.99045926,2.170849505122094,False,-0.07572906097763187,444
85,0.97221744,2.1894812002126276,False,-0.10261122006197207,444
228,0.98427,2.3265906646986414,False,-0.11753646558143287,444
249,0.9858208,2.3265906646986414,False,-0.11753646558143287,444
175,0.98059714,2.3265906646986414,False,-0.11753646558143287,444
246,0.98288167,2.3265906646986414,False,-0.11753646558143287,444
162,0.9819553,2.3265906646986414,False,-0.11753646558143287,444
189,0.98414695,2.3265906646986414,False,-0.11753646558143287,444
262,0.9792924,2.3265906646986414,False,-0.11753646558143287,444
75,0.9756764,1.8299986706920899,False,-0.1347250146404997,444
10,0.94785225,1.8299986706920899,False,-0.14135283275136665,444
74,0.96430373,1.8299986706920899,False,-0.14135283275136665,444
21,0.95300364,1.8299986706920899,False,-0.14135283275136665,444
19,0.9490862,1.8299986706920899,False,-0.14135283275136665,444
123,0.95213014,1.8299986706920899,False,-0.14135283275136665,444
127,0.9560741,1.8299986706920899,False,-0.14135283275136665,444
89,0.96780396,1.8299986706920899,False,-0.14135283275136665,444
42,0.94842637,1.8299986706920899,False,-0.14135283275136665,444
77,0.9644271,2.4999939333149803,False,-0.1424593794755415,444
101,0.95700794,2.4999939333149803,False,-0.1424593794755415,444
76,0.9614475,2.4999939333149803,False,-0.1424593794755415,444
129,0.93694437,2.4999939333149803,False,-0.1424593794755415,444
102,0.9594641,2.4999939333149803,False,-0.1424593794755415,444
107,0.94998217,2.4999939333149803,False,-0.1424593794755415,444
66,0.94341636,2.4999939333149803,False,-0.1424593794755415,444
293,0.9375015,2.4999939333149803,False,-0.1424593794755415,444
80,0.92813206,1.5950151587934973,False,-0.18784258873804652,444
126,0.92592156,1.5950151587934973,False,-0.18784258873804652,444
132,0.9574528,1.5950151587934973,False,-0.18784258873804652,444
117,0.92886883,1.5950151587934973,False,-0.18784258873804652,444
110,0.9333892,1.5950151587934973,False,-0.18784258873804652,444
111,0.9477696,1.5950151587934973,False,-0.18784258873804652,444
116,0.92055047,1.5950151587934973,False,-0.18784258873804652,444
130,0.9628763,1.5950151587934973,False,-0.18784258873804652,444
202,0.96577466,2.3265906646986414,False,-0.19353196025678127,444
300,0.94835496,2.3265906646986414,False,-0.19353196025678127,444
217,0.9504174,2.3265906646986414,False,-0.19353196025678127,444
165,0.95441246,2.3265906646986414,False,-0.19353196025678127,444
198,0.953485,2.3265906646986414,False,-0.19353196025678127,444
210,0.9504868,2.3265906646986414,False,-0.19353196025678127,444
160,0.94869125,2.3265906646986414,False,-0.19353196025678127,444
184,0.95013744,2.3265906646986414,False,-0.19353196025678127,444
118,0.9866842,2.60418559513821,False,-0.21171811858915476,444
106,0.97797346,2.60418559513821,False,-0.21171811858915476,444
119,0.9857335,2.60418559513821,False,-0.21171811858915476,444
30,0.98418,1.9077687233666352,False,-0.2186389215049466,444
311,0.9852397,1.9077687233666352,False,-0.2186389215049466,444
24,0.98632044,1.9077687233666352,False,-0.2186389215049466,444
98,0.9769863,2.60418559513821,False,-0.21949857622048002,444
14,0.9753271,2.60418559513821,False,-0.28108579515363613,444
299,0.9719918,2.60418559513821,False,-0.28108579515363613,444
115,0.9714818,2.60418559513821,False,-0.28108579515363613,444
90,1.0000001,2.6117431995162788,False,0.7360172240282769,61
116,1.0000001,2.1525574356355235,False,0.7352454212385782,61
274,1.0000001,2.1525574356355235,False,0.7352454212385782,61
171,1.0000005,2.1525574356355235,False,0.7352454212385782,61
57,1.0,2.6261069758897007,False,0.7313473946105503,61
91,1.0,2.6261069758897007,False,0.7313473946105503,61
131,1.0000002,1.9533525220257548,False,0.7215029048122323,61
130,1.0,1.9533525220257548,False,0.7215029048122323,61
132,1.0000001,1.9533525220257548,False,0.7215029048122323,61
196,1.0000001,2.546588989010415,False,0.7022473584942857,61
197,1.0000002,2.546588989010415,False,0.7022473584942857,61
65,1.0000002,2.26938191299736,False,0.7012272330160265,61
43,1.0000001,2.0264930830025607,False,0.6689893479498233,61
40,0.99999994,2.0264930830025607,False,0.6689893479498233,61
298,1.0,2.0264930830025607,False,0.6689893479498233,61
42,1.0000002,2.0264930830025607,False,0.6689893479498233,61
41,1.0000001,2.0264930830025607,False,0.6689893479498233,61
1,1.0000004,1.492999533079647,False,0.6499989239336235,61
64,1.0000001,2.526252646123921,False,0.6455907228515584,61
192,0.9999999,2.6261069758897007,False,0.5746678324230059,61
58,0.9999998,2.6261069758897007,False,0.5746678324230059,61
88,0.99549013,2.6117431995162788,False,0.5693380207992107,61
72,0.99999976,2.546588989010415,True,0.5606496728721627,61
96,0.99999964,2.6261069758897007,False,0.556449016759555,61
52,0.9999997,2.6261069758897007,False,0.556449016759555,61
49,0.9938158,2.6261069758897007,False,0.5241398528586101,61
39,0.9999998,2.0264930830025607,False,0.5145760898497446,61
313,0.9945971,2.0264930830025607,False,0.5045764488082227,61
311,0.9953525,2.0264930830025607,False,0.5045764488082227,61
312,0.99435747,2.0264930830025607,False,0.5045764488082227,61
34,0.9954854,2.0264930830025607,False,0.5045764488082227,61
3,0.99999964,2.0264930830025607,False,0.4963572741862937,61
36,0.9984319,2.0264930830025607,False,0.48344498772561156,61
29,0.9938555,2.0264930830025607,False,0.47712668026470034,61
53,0.99305856,2.6261069758897007,False,0.469049563839725,61
60,0.9930667,2.6261069758897007,False,0.469049563839725,61
6,0.9985262,1.492999533079647,False,0.4687556915180142,61
310,0.9935137,2.0264930830025607,False,0.4220363912458154,61
124,0.99999964,2.2744845860194935,False,0.39585903967046093,61
18,0.9925939,2.0264930830025607,False,0.2974405803563483,61
12,0.99221474,2.0264930830025607,False,0.2630741627990927,61
19,0.99225426,2.0264930830025607,False,0.2630741627990927,61
50,0.9925796,2.6261069758897007,False,0.2534886395610519,61
87,0.99178386,2.6117431995162788,False,0.22379205142152295,61
95,0.99249893,2.6261069758897007,False,0.21912222200379636,61
7,0.99070835,2.0264930830025607,False,-0.04813076432991205,61
8,0.990858,2.0264930830025607,False,-0.04813076432991205,61
35,0.99064916,2.0264930830025607,False,-0.04813076432991205,61
75,0.9756764,2.26938191299736,False,-0.08869114456969009,61
108,0.9905019,2.6261069758897007,False,-0.09208270512520829,61
127,0.9560741,2.26938191299736,False,-0.09531896268055702,61
74,0.96430373,2.26938191299736,False,-0.09531896268055702,61
123,0.95213014,2.26938191299736,False,-0.09531896268055702,61
89,0.96780396,2.26938191299736,False,-0.09531896268055702,61
21,0.95300364,2.26938191299736,False,-0.09531896268055702,61
10,0.94785225,2.26938191299736,False,-0.09531896268055702,61
76,0.9493151,2.2744845860194935,False,-0.09758755475556444,61
77,0.9513025,2.2744845860194935,False,-0.09758755475556444,61
107,0.93906844,2.2744845860194935,False,-0.09758755475556444,61
102,0.9465011,2.2744845860194935,False,-0.09758755475556444,61
129,0.9315889,2.2744845860194935,False,-0.09758755475556444,61
66,0.936961,2.2744845860194935,False,-0.09758755475556444,61
101,0.95271415,2.2744845860194935,False,-0.09758755475556444,61
293,0.9514594,2.2744845860194935,False,-0.09758755475556444,61
26,0.9904927,1.492999533079647,False,-0.1393864371293696,61
20,0.99045926,1.492999533079647,False,-0.1393864371293696,61
175,0.98059714,2.546588989010415,False,-0.14593068019080932,61
228,0.9839874,2.546588989010415,False,-0.14593068019080932,61
267,0.9843025,2.546588989010415,False,-0.14593068019080932,61
262,0.9792924,2.546588989010415,False,-0.14593068019080932,61
246,0.98288167,2.546588989010415,False,-0.14593068019080932,61
249,0.9858208,2.546588989010415,False,-0.14593068019080932,61
189,0.98414695,2.546588989010415,False,-0.14593068019080932,61
162,0.9819553,2.546588989010415,False,-0.14593068019080932,61
13,0.9828319,2.0264930830025607,False,-0.1528042025098502,61
153,0.98697186,2.0264930830025607,False,-0.1528042025098502,61
22,0.98835945,1.492999533079647,False,-0.17965186801956334,61
70,0.9417888,1.9533525220257548,False,-0.1872455539073969,61
126,0.9087595,1.9533525220257548,False,-0.1872455539073969,61
68,0.9587319,1.9533525220257548,False,-0.1872455539073969,61
67,0.9574528,1.9533525220257548,False,-0.1872455539073969,61
111,0.93748206,1.9533525220257548,False,-0.1872455539073969,61
117,0.9284053,1.9533525220257548,False,-0.1872455539073969,61
110,0.9163984,1.9533525220257548,False,-0.1872455539073969,61
80,0.91777176,1.9533525220257548,False,-0.1872455539073969,61
109,0.9430442,1.9533525220257548,False,-0.1872455539073969,61
71,0.94485146,1.9533525220257548,False,-0.1872455539073969,61
272,0.90139616,1.9533525220257548,False,-0.1872455539073969,61
61,0.98606986,2.6261069758897007,False,-0.1967561433051464,61
136,0.9829105,2.6261069758897007,False,-0.1967561433051464,61
303,0.98208547,2.6261069758897007,False,-0.1967561433051464,61
15,0.9888879,1.492999533079647,False,-0.2032558635333256,61
28,0.9892098,1.492999533079647,False,-0.2032558635333256,61
86,0.9845911,2.6117431995162788,False,-0.21034609225262205,61
300,0.94835496,2.546588989010415,False,-0.22192617486615773,61
160,0.94869125,2.546588989010415,False,-0.22192617486615773,61
184,0.95013744,2.546588989010415,False,-0.22192617486615773,61
217,0.9504174,2.546588989010415,False,-0.22192617486615773,61
202,0.96577466,2.546588989010415,False,-0.22192617486615773,61
165,0.95441246,2.546588989010415,False,-0.22192617486615773,61
198,0.953485,2.546588989010415,False,-0.22192617486615773,61
210,0.9504868,2.546588989010415,False,-0.22192617486615773,61
291,0.97518677,2.1525574356355235,False,-0.2698855575107441,61
288,0.9720267,2.1525574356355235,False,-0.2698855575107441,61
285,0.9677081,2.6261069758897007,False,-0.27275163798049473,61
179,0.93893147,2.6261069758897007,False,-0.27275163798049473,61
94,0.942453,2.6261069758897007,False,-0.27275163798049473,61
277,0.94237626,2.6261069758897007,False,-0.27275163798049473,61
37,0.94113576,2.6261069758897007,False,-0.27275163798049473,61
225,0.9461678,2.6261069758897007,False,-0.27275163798049473,61
260,0.95036185,2.6261069758897007,False,-0.27275163798049473,61
176,0.9490961,2.6261069758897007,False,-0.27275163798049473,61
158,0.9490533,2.6261069758897007,False,-0.27275163798049473,61
258,0.9660746,2.6261069758897007,False,-0.27275163798049473,61
180,0.9655926,2.6261069758897007,False,-0.27275163798049473,61
142,0.96711195,2.6261069758897007,False,-0.27275163798049473,61
206,0.96910363,2.1525574356355235,False,-0.27651337562161105,61
273,0.96881664,2.1525574356355235,False,-0.27651337562161105,61
200,0.96828747,2.1525574356355235,False,-0.27651337562161105,61
289,0.96983236,2.1525574356355235,False,-0.27651337562161105,61
221,0.97003806,2.1525574356355235,False,-0.27651337562161105,61
84,0.9753283,2.6117431995162788,False,-0.2797137688171034,61
166,0.9688488,2.6117431995162788,False,-0.28634158692797035,61
307,1.0000002,1.1331623613672477,True,0.7846629808599936,64
299,1.0,1.1495854188691315,False,0.7818610208004133,64
302,1.0,1.1495854188691315,False,0.7818610208004133,64
308,1.0000001,1.1495854188691315,True,0.7818610208004133,64
122,1.0,3.5334962929579277,False,0.7228088443756163,64
123,1.0,5.501166163561489,False,0.63343072353012,64
17,1.0,5.501166163561489,False,0.63343072353012,64
20,1.0000002,5.501166163561489,False,0.63343072353012,64
2,1.0000005,5.501166163561489,False,0.63343072353012,64
11,1.0,5.501166163561489,False,0.63343072353012,64
87,1.0000001,5.501166163561489,False,0.63343072353012,64
34,1.0000002,5.501166163561489,False,0.63343072353012,64
50,1.0000002,5.501166163561489,False,0.63343072353012,64
55,1.0000002,5.501166163561489,False,0.63343072353012,64
28,1.0,5.501166163561489,False,0.63343072353012,64
27,1.0000002,5.501166163561489,False,0.63343072353012,64
21,1.0000002,5.501166163561489,False,0.63343072353012,64
22,1.0000001,5.501166163561489,False,0.63343072353012,64
31,1.0000001,5.501166163561489,False,0.63343072353012,64
38,1.0,5.501166163561489,False,0.63343072353012,64
29,1.0000001,5.501166163561489,False,0.63343072353012,64
33,1.0,5.501166163561489,False,0.63343072353012,64
18,1.0000001,5.501166163561489,False,0.63343072353012,64
30,1.0000002,5.501166163561489,False,0.63343072353012,64
1,1.0000004,5.501166163561489,False,0.63343072353012,64
110,1.0000002,5.501166163561489,False,0.63343072353012,64
306,0.9958091,1.1331623613672477,False,0.6261023202553307,64
303,0.9999999,1.1495854188691315,False,0.6188366040482551,64
300,0.9954728,1.1495854188691315,False,0.6088369630067333,64
304,0.9961369,1.1495854188691315,False,0.6088369630067333,64
142,0.99999976,1.1495854188691315,False,0.6006177883848043,64
301,0.99688697,1.1495854188691315,False,0.5877055019241221,64
305,0.9942373,1.1495854188691315,False,0.581387194463211,64
66,1.0,5.032899610305633,False,0.5516541890855254,64
177,0.9999999,4.965934248755464,False,0.5241196406555915,64
73,0.9999999,5.501166163561489,False,0.4767511613425754,64
26,0.9999999,5.501166163561489,False,0.4767511613425754,64
10,0.9999999,5.501166163561489,False,0.4767511613425754,64
12,0.9999998,5.501166163561489,False,0.4767511613425754,64
7,0.9999999,5.501166163561489,False,0.4767511613425754,64
88,0.9944171,5.501166163561489,False,0.4667515203010535,64
41,0.9954854,5.501166163561489,False,0.4667515203010535,64
15,0.99484783,5.501166163561489,False,0.4667515203010535,64
39,0.9944172,5.501166163561489,False,0.4667515203010535,64
19,0.9952851,5.501166163561489,False,0.4667515203010535,64
53,0.99943006,5.501166163561489,False,0.4585323456791245,64
6,0.99999976,5.501166163561489,False,0.4585323456791245,64
32,0.99999964,5.501166163561489,False,0.4585323456791245,64
8,0.99999976,5.501166163561489,False,0.4585323456791245,64
16,0.99999976,5.501166163561489,False,0.4585323456791245,64
23,0.99614966,5.501166163561489,False,0.45335330719435096,64
13,0.9968128,5.501166163561489,False,0.44562005921844233,64
298,0.99424505,5.501166163561489,False,0.4262231817781794,64
113,0.9999999,3.421340684084319,False,0.36227539309533396,64
314,0.9930229,5.501166163561489,False,0.2884350332765755,64
103,0.9999998,4.057833287158299,False,0.2539927180688152,64
117,0.9999998,4.847669249177517,False,0.23017570788728847,64
36,0.9929569,5.501166163561489,False,0.21191598523341276,64
96,0.9925796,5.501166163561489,False,0.11922949381212378,64
43,0.99287224,5.501166163561489,False,0.11922949381212378,64
57,0.9915732,5.501166163561489,False,0.08486307625486814,64
90,0.99178386,5.501166163561489,False,0.08486307625486814,64
313,0.9919728,5.501166163561489,False,0.08486307625486814,64
40,0.99221474,5.501166163561489,False,0.08486307625486814,64
35,0.99232554,5.501166163561489,False,0.08486307625486814,64
59,0.9809357,1.1331623613672477,False,-0.0743606670194941,64
312,0.97803783,1.1331623613672477,False,-0.0743606670194941,64
230,0.9707113,3.421340684084319,False,-0.10898229182573313,64
24,0.99141,5.501166163561489,False,-0.11215698338195255,64
219,0.97834563,3.421340684084319,False,-0.11247142994407011,64
185,0.97920793,3.421340684084319,False,-0.11247142994407011,64
60,0.9824914,1.1495854188691315,False,-0.14123118162989784,64
51,0.98806286,1.1495854188691315,False,-0.14123118162989784,64
108,0.9859476,1.1495854188691315,False,-0.14123118162989784,64
63,0.9822961,1.1495854188691315,False,-0.14123118162989784,64
61,0.986902,1.1495854188691315,False,-0.14123118162989784,64
58,0.9790094,1.1495854188691315,False,-0.14123118162989784,64
162,0.97301865,3.421340684084319,False,-0.1818391065085516,64
159,0.9717361,3.421340684084319,False,-0.1818391065085516,64
233,0.9723495,3.421340684084319,False,-0.1818391065085516,64
228,0.96927404,3.421340684084319,False,-0.18846692461941852,64
95,0.96982205,3.421340684084319,False,-0.18846692461941852,64
267,0.96946204,3.421340684084319,False,-0.18846692461941852,64
52,0.97328943,1.1495854188691315,False,-0.21059885819437926,64
121,0.96926904,4.057833287158299,False,-0.24181841182364616,64
310,0.99067235,5.501166163561489,False,-0.24265958085695086,64
289,0.9706521,4.965934248755464,False,-0.24860530858981073,64
198,0.9826759,4.965934248755464,False,-0.25209444670814773,64
114,0.98327684,4.965934248755464,False,-0.25209444670814773,64
115,0.98375446,4.965934248755464,False,-0.25209444670814773,64
79,0.98821294,3.5334962929579277,False,-0.25804710090830696,64
104,0.9858793,3.5334962929579277,False,-0.25804710090830696,64
71,0.98568213,5.032899610305633,False,-0.27871222733653067,64
70,0.98751307,5.032899610305633,False,-0.27871222733653067,64
109,0.98599464,5.032899610305633,False,-0.27871222733653067,64
64,0.91817003,4.847669249177517,False,-0.2793135331411118,64
126,0.9283889,4.847669249177517,False,-0.2793135331411118,64
131,0.9075724,4.847669249177517,False,-0.2793135331411118,64
130,0.9446459,4.847669249177517,False,-0.2793135331411118,64
111,0.94018495,4.847669249177517,False,-0.2793135331411118,64
132,0.9284053,4.847669249177517,False,-0.2793135331411118,64
68,0.9295407,4.847669249177517,False,-0.2793135331411118,64
67,0.92886883,4.847669249177517,False,-0.2793135331411118,64
78,0.9888028,3.5334962929579277,False,-0.2816510964220691,64
160,0.9748241,4.965934248755464,False,-0.3214621232726292,64
269,0.9730542,4.965934248755464,False,-0.3214621232726292,64
207,0.97249603,4.965934248755464,False,-0.3214621232726292,64
120,0.9707462,5.501166163561489,False,-0.3255548122316392,64
175,0.9708544,5.501166163561489,False,-0.3255548122316392,64
288,0.9688928,4.965934248755464,False,-0.3280899413834961,64
212,0.9675025,4.965934248755464,False,-0.3280899413834961,64
84,0.97826725,5.501166163561489,False,-0.3290439503499761,64
3,0.97721064,5.501166163561489,False,-0.3290439503499761,64
14,0.9868605,5.501166163561489,False,-0.3290439503499761,64
309,0.97819304,5.501166163561489,False,-0.3290439503499761,64
42,0.98054445,5.501166163561489,False,-0.3290439503499761,64
153,0.9876014,5.501166163561489,False,-0.3290439503499761,64
91,0.9838128,5.501166163561489,False,-0.3290439503499761,64
49,0.98680425,5.501166163561489,False,-0.3290439503499761,64
311,0.98550403,5.501166163561489,False,-0.3290439503499761,64
9,0.98363274,5.501166163561489,False,-0.3290439503499761,64
86,0.97673255,5.501166163561489,False,-0.33682440798130137,64
89,0.9453753,5.032899610305633,False,-0.35470772201187906,64
77,0.94746315,5.032899610305633,False,-0.35470772201187906,64
107,0.9510601,5.032899610305633,False,-0.35470772201187906,64
129,0.9537653,5.032899610305633,False,-0.35470772201187906,64
127,0.94749284,5.032899610305633,False,-0.35470772201187906,64
101,0.94849753,5.032899610305633,False,-0.35470772201187906,64
72,0.9749367,5.501166163561489,False,-0.3984116269144576,64
197,0.9726115,5.501166163561489,False,-0.3984116269144576,64
82,0.9734318,5.501166163561489,False,-0.3984116269144576,64
75,0.8994671,5.501166163561489,False,-0.4050394450253245,64
112,0.9011507,5.501166163561489,False,-0.4050394450253245,64
264,0.90791637,5.501166163561489,False,-0.4050394450253245,64
105,0.96280354,5.501166163561489,False,-0.4050394450253245,64
83,0.9569039,5.501166163561489,False,-0.4050394450253245,64
98,0.9552769,5.501166163561489,False,-0.4050394450253245,64
46,0.9703828,5.501166163561489,False,-0.4050394450253245,64
193,0.970551,5.501166163561489,False,-0.4050394450253245,64
80,0.9225857,5.501166163561489,False,-0.4050394450253245,64
62,0.9654201,5.501166163561489,False,-0.4050394450253245,64
309,1.0000002,2.2879782523050394,False,0.7733745215803072,30
57,1.0,1.2802949261382779,False,0.7468133901711873,30
115,1.0000002,2.034463366701642,False,0.7192342104525972,30
110,1.0000002,2.213776342986584,False,0.6955504793589432,30
111,1.0000002,1.9379055393502094,False,0.6670155900393274,30
249,0.99999994,2.4328518026874857,False,0.6229982297596868,30
130,1.0,2.4328518026874857,False,0.6229982297596868,30
299,1.0,2.4328518026874857,False,0.6229982297596868,30
54,1.0000001,2.4328518026874857,False,0.6229982297596868,30
302,1.0,2.4328518026874857,False,0.6229982297596868,30
310,1.0000002,2.4328518026874857,False,0.6229982297596868,30
50,0.99943006,1.0949387973596088,True,0.5918994058141515,30
53,0.99999964,1.0949387973596088,False,0.5918994058141515,30
96,0.9971581,1.2802949261382779,False,0.5526578712948961,30
114,1.0000001,2.3511289419317984,False,0.5263703734903301,30
61,1.0000001,1.74263967047068,False,0.4917981414201718,30
60,0.9930667,2.1067080215561953,False,0.491019855177378,30
311,0.9952489,2.4328518026874857,False,0.4585853306180861,30
312,0.9955091,2.4328518026874857,False,0.4585853306180861,30
304,0.9961369,2.4328518026874857,False,0.4585853306180861,30
313,0.994558,2.4328518026874857,False,0.4585853306180861,30
108,0.99999964,2.4328518026874857,False,0.4503661559961571,30
301,0.99688697,2.4328518026874857,False,0.43745386953547494,30
300,0.99718493,2.4328518026874857,False,0.43745386953547494,30
41,0.9935137,2.4328518026874857,False,0.4004104904456713,30
40,0.9926945,2.4328518026874857,False,0.24867336559826275,30
35,0.99155736,2.4328518026874857,False,0.21430694804100706,30
52,0.9912154,1.0949387973596088,False,-0.02086153030772284,30
43,0.9906782,2.4328518026874857,False,-0.076311705265634,30
34,0.99067235,2.4328518026874857,False,-0.076311705265634,30
58,0.9905019,2.4328518026874857,False,-0.076311705265634,30
314,0.9908957,2.4328518026874857,False,-0.076311705265634,30
95,0.9867786,2.1067080215561953,False,-0.1269523740610512,30
91,0.98679864,2.1067080215561953,False,-0.1269523740610512,30
303,0.98208547,1.2802949261382779,False,-0.13360443818103201,30
49,0.9876325,1.0949387973596088,False,-0.13923975855232182,30
212,0.9851457,2.034463366701642,False,-0.14366077676644698,30
207,0.97989684,2.034463366701642,False,-0.14366077676644698,30
177,0.98375446,2.034463366701642,False,-0.14366077676644698,30
30,0.98418,2.2879782523050394,False,-0.14876819290064966,30
24,0.98632044,2.2879782523050394,False,-0.14876819290064966,30
8,0.98711973,2.2879782523050394,False,-0.14876819290064966,30
26,0.98623216,2.2879782523050394,False,-0.14876819290064966,30
1,0.9873855,2.2879782523050394,False,-0.14876819290064966,30
12,0.9842589,2.2879782523050394,False,-0.14876819290064966,30
250,0.97607225,2.034463366701642,False,-0.15144123439777224,30
262,0.97597194,2.034463366701642,False,-0.15144123439777224,30
7,0.9886234,2.2879782523050394,False,-0.17237218841441193,30
6,0.9888451,2.2879782523050394,False,-0.17237218841441193,30
288,0.9777821,2.3511289419317984,False,-0.17464410751344164,30
289,0.9787046,2.3511289419317984,False,-0.17464410751344164,30
246,0.9847282,2.4328518026874857,False,-0.18098514344557207,30
228,0.98395413,2.4328518026874857,False,-0.18098514344557207,30
72,0.9858208,2.4328518026874857,False,-0.18098514344557207,30
308,0.98172164,2.4328518026874857,False,-0.18098514344557207,30
233,0.981568,2.4328518026874857,False,-0.18098514344557207,30
59,0.9857446,2.4328518026874857,False,-0.18098514344557207,30
63,0.9822961,2.4328518026874857,False,-0.18098514344557207,30
197,0.9856504,2.4328518026874857,False,-0.18098514344557207,30
267,0.9858419,2.4328518026874857,False,-0.18098514344557207,30
283,0.9879898,2.4328518026874857,False,-0.18098514344557207,30
162,0.98418736,2.4328518026874857,False,-0.18098514344557207,30
142,0.9859476,2.4328518026874857,False,-0.18098514344557207,30
305,0.98437285,2.4328518026874857,False,-0.18098514344557207,30
51,0.9831506,2.4328518026874857,False,-0.18098514344557207,30
160,0.97622406,2.3511289419317984,False,-0.1824245651447669,30
132,0.98891175,2.4328518026874857,False,-0.20458913895933425,30
198,0.9738412,2.034463366701642,False,-0.21302845333092846,30
105,0.9714818,2.034463366701642,False,-0.21302845333092846,30
65,0.9246131,1.9379055393502094,False,-0.23727919570526065,30
68,0.95229405,1.9379055393502094,False,-0.23727919570526065,30
67,0.9477696,1.9379055393502094,False,-0.23727919570526065,30
117,0.94018495,1.9379055393502094,False,-0.23727919570526065,30
76,0.91547763,1.9379055393502094,False,-0.23727919570526065,30
127,0.92224,1.9379055393502094,False,-0.23727919570526065,30
80,0.9225857,2.213776342986584,False,-0.24396345190481622,30
126,0.9227898,2.213776342986584,False,-0.24396345190481622,30
64,0.9058969,2.213776342986584,False,-0.24396345190481622,30
191,0.9726083,2.3511289419317984,False,-0.24401178407792307,30
70,0.9304288,2.4328518026874857,False,-0.2569806381209204,30
89,0.95131266,2.4328518026874857,False,-0.2569806381209204,30
75,0.93976355,2.4328518026874857,False,-0.2569806381209204,30
66,0.9368184,2.4328518026874857,False,-0.2569806381209204,30
74,0.9348842,2.4328518026874857,False,-0.2569806381209204,30
71,0.932031,2.4328518026874857,False,-0.2569806381209204,30
131,0.9320011,2.4328518026874857,False,-0.2569806381209204,30
1,1.0000004,2.0514555295957484,False,0.7995223060438725,27
65,1.0000002,1.611459004541865,False,0.7634465194025198,27
61,1.0000001,2.4371431360822267,False,0.7523188554729372,27
67,0.99999994,2.064495794415786,False,0.7206047845724295,27
64,1.0000001,2.0975795418841034,False,0.715934955154703,27
90,1.0000001,1.6133539528565297,False,0.6687939889395472,27
70,1.0,2.0720334646421716,False,0.6591835904644638,27
6,0.9985262,2.0514555295957484,False,0.6160127695407979,27
124,0.99999964,2.390812725994529,False,0.6153622909784213,27
72,0.99999976,1.9533525220257548,False,0.5799052191901095,27
197,0.9984032,1.9533525220257548,False,0.5669929327294273,27
196,1.0000001,1.5566281431252407,False,0.5453873359532738,27
68,0.9987775,2.064495794415786,False,0.5393615521568205,27
88,0.99549013,1.6133539528565297,False,0.537681782026819,27
71,0.9946378,2.0720334646421716,False,0.4947706913228631,27
109,0.9975029,2.0720334646421716,False,0.47363923024025195,27
87,0.99178386,1.6133539528565297,False,0.305326383010711,27
12,0.99168813,2.0514555295957484,False,0.28027585840903757,27
7,0.99127173,2.0514555295957484,False,-0.04231218764713873,27
8,0.9912697,2.0514555295957484,False,-0.04231218764713873,27
50,0.991111,2.4371431360822267,False,-0.047647867920021104,27
53,0.9908703,2.4371431360822267,False,-0.047647867920021104,27
20,0.99045926,2.0514555295957484,False,-0.08843112624997022,27
26,0.9904927,2.0514555295957484,False,-0.08843112624997022,27
86,0.9845911,1.6133539528565297,False,-0.09786887158600363,27
249,0.9858208,1.9533525220257548,False,-0.11125005923204848,27
162,0.9843169,1.9533525220257548,False,-0.11125005923204848,27
267,0.986359,1.9533525220257548,False,-0.11125005923204848,27
246,0.98383236,1.9533525220257548,False,-0.11125005923204848,27
175,0.98059714,1.9533525220257548,False,-0.11125005923204848,27
228,0.98427,1.9533525220257548,False,-0.11125005923204848,27
22,0.98835945,2.0514555295957484,False,-0.14698562582707686,27
58,0.9865105,2.4371431360822267,False,-0.14773702747770717,27
299,0.986902,2.4371431360822267,False,-0.14773702747770717,27
66,0.98751307,2.0720334646421716,False,-0.15230748658380705,27
84,0.9753283,1.6133539528565297,False,-0.16723654815048514,27
15,0.9888879,2.0514555295957484,False,-0.17058962134083908,27
28,0.9892098,2.0514555295957484,False,-0.17058962134083908,27
302,0.9884893,2.4371431360822267,False,-0.17134102299146944,27
60,0.98942316,2.4371431360822267,False,-0.17134102299146944,27
301,0.98943245,2.4371431360822267,False,-0.17134102299146944,27
300,0.9902432,2.4371431360822267,False,-0.17134102299146944,27
304,0.98901784,2.4371431360822267,False,-0.17134102299146944,27
166,0.9688488,1.6133539528565297,False,-0.17386436626135207,27
189,0.98414695,1.5566281431252407,False,-0.18252774089981635,27
262,0.9792924,1.5566281431252407,False,-0.18252774089981635,27
293,0.9375015,2.0975795418841034,False,-0.22218929918595193,27
129,0.93694437,2.0975795418841034,False,-0.22218929918595193,27
77,0.9644271,2.0975795418841034,False,-0.22218929918595193,27
76,0.9614475,2.0975795418841034,False,-0.22218929918595193,27
102,0.9594641,2.0975795418841034,False,-0.22218929918595193,27
101,0.95700794,2.0975795418841034,False,-0.22218929918595193,27
107,0.94998217,2.0975795418841034,False,-0.22218929918595193,27
127,0.9345183,2.0720334646421716,False,-0.22830298125915538,27
131,0.9417888,2.0720334646421716,True,-0.22830298125915538,27
54,0.9304288,2.0720334646421716,False,-0.22830298125915538,27
75,0.9756764,1.611459004541865,False,-0.23328503059764727,27
130,0.9628763,2.064495794415786,True,-0.23577924813342757,27
132,0.9574528,2.064495794415786,True,-0.23577924813342757,27
111,0.9477696,2.064495794415786,False,-0.23577924813342757,27
110,0.9333892,2.064495794415786,False,-0.23577924813342757,27
117,0.92886883,2.064495794415786,False,-0.23577924813342757,27
80,0.92813206,2.064495794415786,False,-0.23577924813342757,27
126,0.92592156,2.064495794415786,False,-0.23577924813342757,27
116,0.92055047,2.064495794415786,False,-0.23577924813342757,27
89,0.96780396,1.611459004541865,False,-0.2399128487085142,27
74,0.96430373,1.611459004541865,False,-0.2399128487085142,27
21,0.95300364,1.611459004541865,False,-0.2399128487085142,27
123,0.95213014,1.611459004541865,False,-0.2399128487085142,27
19,0.9490862,1.611459004541865,False,-0.2399128487085142,27
42,0.94842637,1.611459004541865,False,-0.2399128487085142,27
10,0.94785225,1.611459004541865,False,-0.2399128487085142,27
210,0.9504868,1.5566281431252407,False,-0.2585232355751647,27
198,0.953485,1.5566281431252407,False,-0.2585232355751647,27
165,0.95441246,1.5566281431252407,False,-0.2585232355751647,27
202,0.96577466,1.5566281431252407,False,-0.2585232355751647,27
160,0.94869125,1.5566281431252407,False,-0.2585232355751647,27
184,0.95013744,1.5566281431252407,False,-0.2585232355751647,27
217,0.9504174,1.5566281431252407,False,-0.2585232355751647,27
123,1.0,1.7113664303485463,True,0.8081862477761206,8
130,1.0,1.7113664303485463,False,0.8081862477761206,8
298,1.0,1.7113664303485463,False,0.8081862477761206,8
311,1.0000002,1.7113664303485463,False,0.8081862477761206,8
70,1.0,1.7113664303485463,False,0.8081862477761206,8
64,1.0000001,2.545661107535834,False,0.7596800382409667,8
65,1.0000002,2.545661107535834,False,0.7596800382409667,8
66,1.0,1.302414871879559,False,0.7514832195889138,8
122,1.0,2.5303604924447622,False,0.6929199597275502,8
24,1.0,2.3360542934733615,False,0.6793605883855496,8
29,1.0000001,2.3360542934733615,True,0.6793605883855496,8
38,1.0,2.3360542934733615,True,0.6793605883855496,8
41,1.0000001,2.3360542934733615,False,0.6793605883855496,8
2,1.0000005,2.3360542934733615,True,0.6793605883855496,8
13,1.0000002,2.3360542934733615,False,0.6793605883855496,8
14,1.0,2.3360542934733615,False,0.6793605883855496,8
18,1.0000001,2.3360542934733615,True,0.6793605883855496,8
22,1.0000001,2.3360542934733615,True,0.6793605883855496,8
21,1.0000002,2.3360542934733615,True,0.6793605883855496,8
168,1.0000001,2.3360542934733615,False,0.6793605883855496,8
45,1.0000001,2.3360542934733615,False,0.6793605883855496,8
274,1.0000001,1.8386460333540138,False,0.671685419457054,8
42,1.0000002,1.737040902720068,False,0.671685419457054,8
40,0.99999994,1.737040902720068,False,0.671685419457054,8
171,1.0000005,1.8386460333540138,False,0.671685419457054,8
116,1.0000001,1.8386460333540138,False,0.671685419457054,8
43,1.0000001,1.737040902720068,False,0.671685419457054,8
177,0.9999999,1.9845823526510533,False,0.6475653563542233,8
107,0.9999999,1.7113664303485463,False,0.6428955269364968,8
310,0.9952489,1.7113664303485463,False,0.6328958858949749,8
71,0.9946378,1.7113664303485463,False,0.6328958858949749,8
313,0.9963833,1.7113664303485463,False,0.6194976727882724,8
36,0.9984319,1.7113664303485463,False,0.6117644248123637,8
312,0.99646145,1.7113664303485463,False,0.6117644248123637,8
109,0.9975029,1.7113664303485463,False,0.6117644248123637,8
58,0.9999998,2.010936513165685,False,0.611119511762159,8
34,0.99424505,1.7113664303485463,True,0.6054461173514526,8
105,1.0000002,2.4248070365262784,False,0.5841695287435926,8
23,0.9999999,2.3360542934733615,False,0.5249473302854709,8
25,0.9999999,2.3360542934733615,False,0.5249473302854709,8
46,0.9999999,2.3360542934733615,False,0.5249473302854709,8
44,0.9999999,2.3360542934733615,False,0.5249473302854709,8
39,0.9999998,1.737040902720068,False,0.5172721613569753,8
10,0.9952851,2.3360542934733615,True,0.5149476892439491,8
314,0.99299216,1.7113664303485463,False,0.5128133227612487,8
19,0.9990314,2.3360542934733615,False,0.5067285146220201,8
193,0.99999964,2.3360542934733615,False,0.5067285146220201,8
3,0.99999964,1.737040902720068,False,0.49905334569352444,8
12,0.9928945,2.3360542934733615,True,0.31518518883008145,8
77,0.9923438,1.7113664303485463,False,0.30957537348966097,8
76,0.9917878,1.7113664303485463,False,0.30957537348966097,8
7,0.99141,2.3360542934733615,True,-0.0006788318933603032,8
35,0.99110335,1.7113664303485463,False,-0.013012672566515393,8
108,0.9905019,2.010936513165685,False,-0.028430337300244066,8
8,0.990858,1.737040902720068,True,-0.07020021179744985,8
224,0.9913431,2.3360542934733615,False,-0.0962391861966812,8
57,0.9844141,2.010936513165685,False,-0.11889015567182512,8
91,0.98297954,2.010936513165685,False,-0.11889015567182512,8
61,0.9865105,2.010936513165685,False,-0.11889015567182512,8
83,0.971015,2.4248070365262784,False,-0.12553180732219743,8
101,0.97118366,1.7113664303485463,False,-0.12790176269277742,8
106,0.97797346,2.4248070365262784,False,-0.12902094544053444,8
119,0.9857335,2.4248070365262784,False,-0.12902094544053444,8
118,0.9866842,2.4248070365262784,False,-0.12902094544053444,8
102,0.9875616,1.7113664303485463,False,-0.13139090081111443,8
98,0.9769863,2.4248070365262784,False,-0.13680140307185967,8
289,0.9706521,1.9845823526510533,False,-0.14149171164025304,8
50,0.989956,2.010936513165685,True,-0.14249415118558736,8
60,0.9893704,2.010936513165685,False,-0.14249415118558736,8
53,0.98937696,2.010936513165685,False,-0.14249415118558736,8
96,0.9888646,2.010936513165685,False,-0.14249415118558736,8
52,0.98900616,2.010936513165685,False,-0.14249415118558736,8
114,0.98327684,1.9845823526510533,False,-0.14498084975859007,8
115,0.98375446,1.9845823526510533,False,-0.14498084975859007,8
198,0.9826759,1.9845823526510533,False,-0.14498084975859007,8
79,0.98821294,2.5303604924447622,False,-0.15448234359764482,8
15,0.98213935,2.5303604924447622,True,-0.15448234359764482,8
103,0.98282826,2.5303604924447622,False,-0.15448234359764482,8
104,0.9858793,2.5303604924447622,False,-0.15448234359764482,8
28,0.98195696,2.5303604924447622,True,-0.15448234359764482,8
132,0.98891175,1.7113664303485463,False,-0.15499489632487662,8
153,0.98697186,1.737040902720068,False,-0.17487364997738794,8
78,0.9888028,2.5303604924447622,False,-0.17808633911140703,8
121,0.98894715,2.5303604924447622,False,-0.17808633911140703,8
299,0.9719918,2.4248070365262784,False,-0.1983886220050159,8
85,0.97433794,2.4248070365262784,False,-0.1983886220050159,8
82,0.9734318,1.7113664303485463,False,-0.20075857737559585,8
1,0.98835945,2.3360542934733615,True,-0.20091262437661933,8
6,0.98684525,2.3360542934733615,True,-0.20091262437661933,8
309,0.98632044,2.3360542934733615,False,-0.20091262437661933,8
16,0.9839634,2.3360542934733615,True,-0.20091262437661933,8
27,0.9847605,2.3360542934733615,True,-0.20091262437661933,8
268,0.9782693,2.3360542934733615,False,-0.20091262437661933,8
175,0.9786384,2.3360542934733615,False,-0.20091262437661933,8
47,0.97951955,2.3360542934733615,False,-0.20091262437661933,8
111,0.94527483,1.7113664303485463,False,-0.2073863954864628,8
80,0.91777176,1.7113664303485463,False,-0.2073863954864628,8
117,0.9446459,1.7113664303485463,False,-0.2073863954864628,8
67,0.9628763,1.7113664303485463,False,-0.2073863954864628,8
68,0.96413183,1.7113664303485463,False,-0.2073863954864628,8
126,0.9087595,1.7113664303485463,False,-0.2073863954864628,8
127,0.9091109,1.7113664303485463,False,-0.2073863954864628,8
131,0.9417888,1.7113664303485463,False,-0.2073863954864628,8
129,0.94839346,1.7113664303485463,False,-0.2073863954864628,8
54,0.9304288,1.7113664303485463,False,-0.2073863954864628,8
89,0.9562758,1.7113664303485463,False,-0.2073863954864628,8
110,0.93113613,1.7113664303485463,True,-0.2073863954864628,8
75,0.96830446,1.7113664303485463,False,-0.2073863954864628,8
32,0.97681594,2.3360542934733615,True,-0.2086930820079446,8
100,0.9759989,2.3360542934733615,False,-0.2086930820079446,8
269,0.9730542,1.9845823526510533,False,-0.2143485263230715,8
160,0.9748241,1.9845823526510533,False,-0.2143485263230715,8
207,0.97249603,1.9845823526510533,False,-0.2143485263230715,8
288,0.9688928,1.9845823526510533,False,-0.22097634443393843,8
212,0.9675025,1.9845823526510533,False,-0.22097634443393843,8
124,0.98032,2.545661107535834,False,-0.23690790917857957,8
291,0.97518677,1.8386460333540138,False,-0.24424132654186936,8
95,0.9744293,1.8386460333540138,False,-0.24424132654186936,8
180,0.9655926,1.8386460333540138,False,-0.2508691446527363,8
142,0.96711195,1.8386460333540138,False,-0.2508691446527363,8
258,0.9660746,1.8386460333540138,False,-0.2508691446527363,8
217,0.96543884,1.8386460333540138,False,-0.2508691446527363,8
176,0.9674438,1.8386460333540138,False,-0.2508691446527363,8
285,0.9677081,1.8386460333540138,False,-0.2508691446527363,8
206,0.96910363,1.8386460333540138,False,-0.2508691446527363,8
221,0.97003806,1.8386460333540138,False,-0.2508691446527363,8
200,0.96828747,1.8386460333540138,False,-0.2508691446527363,8
273,0.96881664,1.8386460333540138,False,-0.2508691446527363,8
33,0.9726542,2.3360542934733615,True,-0.2702803009411007,8
230,0.9718922,2.3360542934733615,False,-0.2702803009411007,8
267,0.9730605,2.3360542934733615,False,-0.2702803009411007,8
197,0.97245276,2.3360542934733615,False,-0.2702803009411007,8
72,0.9740269,2.3360542934733615,False,-0.2702803009411007,8
135,0.9751172,2.3360542934733615,False,-0.2702803009411007,8
182,0.86486244,2.3360542934733615,False,-0.27690811905196766,8
112,0.85789764,2.3360542934733615,False,-0.27690811905196766,8
296,0.9644301,2.3360542934733615,False,-0.27690811905196766,8
120,0.95726275,2.3360542934733615,False,-0.27690811905196766,8
37,0.9570348,2.3360542934733615,False,-0.27690811905196766,8
20,0.95765525,2.3360542934733615,True,-0.27690811905196766,8
56,0.9603458,2.3360542934733615,False,-0.27690811905196766,8
31,0.9520681,2.3360542934733615,True,-0.27690811905196766,8
149,0.85699344,2.3360542934733615,False,-0.27690811905196766,8
87,0.970551,2.3360542934733615,True,-0.27690811905196766,8
277,0.85744,2.3360542934733615,False,-0.27690811905196766,8
287,0.87216204,2.3360542934733615,False,-0.27690811905196766,8
181,0.88071793,2.3360542934733615,False,-0.27690811905196766,8
266,0.88045895,2.3360542934733615,False,-0.27690811905196766,8
265,0.87856233,2.3360542934733615,False,-0.27690811905196766,8
84,0.9691748,2.3360542934733615,False,-0.27690811905196766,8
293,0.9375015,2.545661107535834,False,-0.31290340385392784,8
74,0.96430373,2.545661107535834,False,-0.31290340385392784,8
111,1.0000002,2.0793707016051584,False,0.8258515541024458,422
91,1.0,2.2489035453575648,False,0.8028659397960175,422
57,1.0,2.2489035453575648,False,0.8028659397960175,422
274,1.0000001,2.2489035453575648,False,0.8028659397960175,422
54,1.0000001,1.3517831121783286,False,0.7476453323285717,422
249,0.99999994,1.3517831121783286,False,0.7476453323285717,422
130,1.0,1.3517831121783286,False,0.7476453323285717,422
302,1.0,1.3517831121783286,False,0.7476453323285717,422
310,1.0000002,1.3517831121783286,False,0.7476453323285717,422
299,1.0,1.3517831121783286,False,0.7476453323285717,422
115,1.0000002,2.215116925139679,True,0.7329386731633455,422
114,1.0000001,2.215116925139679,False,0.7329386731633455,422
50,1.0000002,2.034463366701642,False,0.7192342104525972,422
97,1.0,2.208021200516547,False,0.7115144124621994,422
192,0.9999999,2.2489035453575648,False,0.6375752189563937,422
58,0.9999998,2.2489035453575648,False,0.6375752189563937,422
52,0.9999997,2.2489035453575648,False,0.6193564032929428,422
96,0.99999964,2.2489035453575648,False,0.6193564032929428,422
49,0.9938158,2.2489035453575648,False,0.5870472393919979,422
53,0.99943006,2.034463366701642,False,0.57990282891794,422
304,0.9961369,1.3517831121783286,False,0.5746212745348916,422
311,0.9952489,1.3517831121783286,False,0.5746212745348916,422
312,0.9955091,1.3517831121783286,False,0.5746212745348916,422
313,0.994558,1.3517831121783286,False,0.5746212745348916,422
108,0.99999964,1.3517831121783286,False,0.5664020999129626,422
301,0.99688697,1.3517831121783286,False,0.5534898134522804,422
300,0.99718493,1.3517831121783286,False,0.5534898134522804,422
60,0.9930667,2.2489035453575648,False,0.5525925237214881,422
119,0.99999976,2.454657319550405,False,0.5505537309482345,422
118,0.9989145,2.454657319550405,False,0.5505537309482345,422
41,0.9935137,1.3517831121783286,False,0.5295250043418285,422
40,0.9926945,1.3517831121783286,False,0.3662991931390667,422
35,0.99155736,1.3517831121783286,False,0.3319327755818111,422
95,0.99249893,2.2489035453575648,False,0.2911764955302062,422
43,0.9906782,1.3517831121783286,False,0.009344729525634693,422
34,0.99067235,1.3517831121783286,False,0.009344729525634693,422
314,0.9908957,1.3517831121783286,False,0.009344729525634693,422
61,0.991111,2.034463366701642,False,-0.03898733858650892,422
51,0.9831506,1.3517831121783286,False,-0.10903349871896427,422
308,0.98172164,1.3517831121783286,False,-0.10903349871896427,422
303,0.98208547,1.3517831121783286,False,-0.10903349871896427,422
142,0.9859476,1.3517831121783286,False,-0.10903349871896427,422
262,0.9813261,1.3517831121783286,False,-0.10903349871896427,422
233,0.981568,1.3517831121783286,False,-0.10903349871896427,422
59,0.9857446,1.3517831121783286,False,-0.10903349871896427,422
305,0.98437285,1.3517831121783286,False,-0.10903349871896427,422
63,0.9822961,1.3517831121783286,False,-0.10903349871896427,422
197,0.9856504,1.3517831121783286,False,-0.10903349871896427,422
267,0.9858419,1.3517831121783286,False,-0.10903349871896427,422
162,0.98418736,1.3517831121783286,False,-0.10903349871896427,422
246,0.9847282,1.3517831121783286,False,-0.10903349871896427,422
228,0.98395413,1.3517831121783286,False,-0.10903349871896427,422
283,0.9879898,1.3517831121783286,False,-0.10903349871896427,422
72,0.9858208,1.3517831121783286,False,-0.10903349871896427,422
132,0.98891175,1.3517831121783286,False,-0.1326374942327265,422
207,0.97989684,2.215116925139679,False,-0.14078644982709324,422
177,0.98375446,2.215116925139679,False,-0.14078644982709324,422
212,0.9828211,2.215116925139679,False,-0.14078644982709324,422
288,0.9777821,2.215116925139679,False,-0.14078644982709324,422
289,0.9787046,2.215116925139679,False,-0.14078644982709324,422
250,0.97607225,2.215116925139679,False,-0.1485669074584185,422
160,0.97622406,2.215116925139679,False,-0.1485669074584185,422
136,0.9829105,2.2489035453575648,False,-0.14978977877056918,422
279,0.9711032,2.208021200516547,False,-0.15180816555593074,422
110,0.9876363,2.0793707016051584,False,-0.1526209461983667,422
105,0.9857335,2.454657319550405,False,-0.17668091162133076,422
188,0.97874534,2.454657319550405,False,-0.17668091162133076,422
65,0.9290576,1.3517831121783286,False,-0.1850289933943126,422
70,0.9304288,1.3517831121783286,False,-0.1850289933943126,422
66,0.9368184,1.3517831121783286,False,-0.1850289933943126,422
74,0.9348842,1.3517831121783286,False,-0.1850289933943126,422
71,0.932031,1.3517831121783286,False,-0.1850289933943126,422
131,0.9320011,1.3517831121783286,False,-0.1850289933943126,422
126,0.9087595,1.3517831121783286,False,-0.1850289933943126,422
127,0.9091109,1.3517831121783286,False,-0.1850289933943126,422
80,0.91777176,1.3517831121783286,False,-0.1850289933943126,422
117,0.9446459,1.3517831121783286,False,-0.1850289933943126,422
67,0.9628763,1.3517831121783286,False,-0.1850289933943126,422
89,0.95131266,1.3517831121783286,False,-0.1850289933943126,422
68,0.96413183,1.3517831121783286,False,-0.1850289933943126,422
75,0.93976355,1.3517831121783286,False,-0.1850289933943126,422
198,0.9738412,2.215116925139679,False,-0.2101541263915747,422
191,0.9726083,2.215116925139679,False,-0.2101541263915747,422
94,0.942453,2.2489035453575648,False,-0.22578527344591753,422
277,0.94237626,2.2489035453575648,False,-0.22578527344591753,422
225,0.9461678,2.2489035453575648,False,-0.22578527344591753,422
158,0.9490533,2.2489035453575648,False,-0.22578527344591753,422
260,0.95036185,2.2489035453575648,False,-0.22578527344591753,422
176,0.9490961,2.2489035453575648,False,-0.22578527344591753,422
285,0.9677081,2.2489035453575648,False,-0.22578527344591753,422
37,0.94113576,2.2489035453575648,False,-0.22578527344591753,422
179,0.93893147,2.2489035453575648,False,-0.22578527344591753,422
258,0.9660746,2.2489035453575648,False,-0.22578527344591753,422
180,0.9655926,2.2489035453575648,False,-0.22578527344591753,422
217,0.96543884,2.2489035453575648,False,-0.22578527344591753,422
76,0.91547763,2.0793707016051584,False,-0.22861644087371508,422
125,0.9608599,2.208021200516547,False,-0.23129279834961614,422
141,0.96193403,2.208021200516547,False,-0.23129279834961614,422
187,0.9554015,2.208021200516547,False,-0.23129279834961614,422
5,0.9555752,2.208021200516547,False,-0.23129279834961614,422
147,0.9567311,2.208021200516547,False,-0.23129279834961614,422
261,0.9574933,2.208021200516547,False,-0.23129279834961614,422
257,0.96054256,2.208021200516547,False,-0.23129279834961614,422
275,0.9605508,2.208021200516547,False,-0.23129279834961614,422
42,0.97188926,2.454657319550405,False,-0.24604858818581218,422
106,0.9696733,2.454657319550405,False,-0.2526764062966791,422
98,0.9690822,2.454657319550405,False,-0.2526764062966791,422
14,0.96772045,2.454657319550405,False,-0.2526764062966791,422
298,0.96749896,2.454657319550405,False,-0.2526764062966791,422
105,1.0000002,2.4048946586753095,False,0.798871827481496,401
196,1.0000001,1.834267880174152,False,0.7759990391277456,401
197,1.0000002,1.834267880174152,False,0.7759990391277456,401
97,1.0,1.4984787044259076,False,0.7514832195889138,401
67,0.99999994,1.7421574905748196,False,0.715934955154703,401
309,1.0000002,2.097050990347648,False,0.6870302582169754,401
132,1.0000001,2.0720334646421716,False,0.6591835904644638,401
131,1.0000002,2.0720334646421716,False,0.6591835904644638,401
130,1.0,2.0720334646421716,False,0.6591835904644638,401
64,1.0000001,2.3940392028318676,False,0.6355409146319477,401
65,1.0000002,2.3940392028318676,False,0.6355409146319477,401
110,1.0000002,2.4410866764383234,False,0.630584690981524,401
72,0.99999976,1.834267880174152,False,0.6092192039011537,401
124,0.99999964,2.4228882483742207,False,0.602860461985831,401
96,0.99999964,1.4984787044259076,False,0.5702399871733048,401
57,0.9971581,1.4984787044259076,False,0.5573277007126227,401
68,0.9987775,1.7421574905748196,False,0.5346917227390938,401
58,0.9999998,2.4291589967919456,False,0.5124455012928806,401
53,0.99305856,1.4984787044259076,False,0.49591910423282654,401
60,0.9930667,1.4984787044259076,False,0.49591910423282654,401
50,0.9925796,1.4984787044259076,False,0.3326932930300647,401
108,0.9905019,2.4291589967919456,False,-0.07367302280310035,401
246,0.98383236,1.834267880174152,False,-0.08995539203545662,401
90,0.97967637,1.834267880174152,False,-0.08995539203545662,401
175,0.98059714,1.834267880174152,False,-0.08995539203545662,401
162,0.9819553,1.834267880174152,False,-0.08995539203545662,401
249,0.9856504,1.834267880174152,False,-0.08995539203545662,401
262,0.9792924,1.834267880174152,False,-0.08995539203545662,401
267,0.9843025,1.834267880174152,False,-0.08995539203545662,401
189,0.98414695,1.834267880174152,False,-0.08995539203545662,401
228,0.9839874,1.834267880174152,False,-0.08995539203545662,401
88,0.979773,1.834267880174152,False,-0.08995539203545662,401
8,0.98711973,2.097050990347648,False,-0.14152968510289432,401
12,0.9842589,2.097050990347648,False,-0.14152968510289432,401
30,0.98418,2.097050990347648,False,-0.14152968510289432,401
311,0.9852397,2.097050990347648,False,-0.14152968510289432,401
26,0.98623216,2.097050990347648,False,-0.14152968510289432,401
1,0.9873855,2.097050990347648,False,-0.14152968510289432,401
24,0.98632044,2.097050990347648,False,-0.14152968510289432,401
279,0.9711032,1.4984787044259076,False,-0.14370524901017062,401
52,0.9882784,1.4984787044259076,False,-0.14719438712850766,401
95,0.9867786,1.4984787044259076,False,-0.14719438712850766,401
91,0.98679864,1.4984787044259076,False,-0.14719438712850766,401
7,0.9886234,2.097050990347648,False,-0.1651336806166565,401
6,0.9888451,2.097050990347648,False,-0.1651336806166565,401
184,0.95013744,1.834267880174152,False,-0.165950886710805,401
217,0.9504174,1.834267880174152,False,-0.165950886710805,401
210,0.9504868,1.834267880174152,False,-0.165950886710805,401
160,0.94869125,1.834267880174152,False,-0.165950886710805,401
202,0.96577466,1.834267880174152,False,-0.165950886710805,401
165,0.95441246,1.834267880174152,False,-0.165950886710805,401
198,0.953485,1.834267880174152,False,-0.165950886710805,401
300,0.94835496,1.834267880174152,False,-0.165950886710805,401
83,0.971015,2.4048946586753095,False,-0.17548531461567024,401
61,0.9865105,2.4291589967919456,False,-0.1783464609830384,401
118,0.9866842,2.4048946586753095,False,-0.17897445273400725,401
106,0.97797346,2.4048946586753095,False,-0.17897445273400725,401
119,0.9857335,2.4048946586753095,False,-0.17897445273400725,401
98,0.9769863,2.4048946586753095,False,-0.1867549103653325,401
75,0.9756764,2.3940392028318676,False,-0.21217590041883533,401
74,0.96430373,2.3940392028318676,False,-0.21880371852970226,401
21,0.95300364,2.3940392028318676,False,-0.21880371852970226,401
123,0.95213014,2.3940392028318676,False,-0.21880371852970226,401
19,0.9490862,2.3940392028318676,False,-0.21880371852970226,401
42,0.94842637,2.3940392028318676,False,-0.21880371852970226,401
10,0.94785225,2.3940392028318676,False,-0.21880371852970226,401
66,0.94341636,2.3940392028318676,False,-0.21880371852970226,401
127,0.9560741,2.3940392028318676,False,-0.21880371852970226,401
89,0.96780396,2.3940392028318676,False,-0.21880371852970226,401
129,0.93694437,2.3940392028318676,False,-0.21880371852970226,401
293,0.9375015,2.3940392028318676,False,-0.21880371852970226,401
76,0.9614475,2.3940392028318676,False,-0.21880371852970226,401
102,0.9594641,2.3940392028318676,False,-0.21880371852970226,401
77,0.9644271,2.3940392028318676,False,-0.21880371852970226,401
101,0.95700794,2.3940392028318676,False,-0.21880371852970226,401
107,0.94998217,2.3940392028318676,False,-0.21880371852970226,401
111,0.9477696,1.7421574905748196,False,-0.22218929918595193,401
126,0.92592156,1.7421574905748196,False,-0.22218929918595193,401
116,0.92055047,1.7421574905748196,False,-0.22218929918595193,401
117,0.92886883,1.7421574905748196,False,-0.22218929918595193,401
80,0.92813206,1.7421574905748196,False,-0.22218929918595193,401
147,0.9567311,1.4984787044259076,False,-0.22318988180385602,401
261,0.9574933,1.4984787044259076,False,-0.22318988180385602,401
141,0.96193403,1.4984787044259076,False,-0.22318988180385602,401
125,0.9608599,1.4984787044259076,False,-0.22318988180385602,401
275,0.9605508,1.4984787044259076,False,-0.22318988180385602,401
257,0.96054256,1.4984787044259076,False,-0.22318988180385602,401
187,0.9554015,1.4984787044259076,False,-0.22318988180385602,401
5,0.9555752,1.4984787044259076,False,-0.22318988180385602,401
70,0.9417888,2.0720334646421716,True,-0.22830298125915538,401
272,0.90139616,2.0720334646421716,False,-0.22830298125915538,401
71,0.94485146,2.0720334646421716,False,-0.22830298125915538,401
109,0.9430442,2.0720334646421716,False,-0.22830298125915538,401
299,0.9719918,2.4048946586753095,False,-0.2483421292984887,401
85,0.97433794,2.4048946586753095,False,-0.2483421292984887,401
14,0.9753271,2.4048946586753095,False,-0.2483421292984887,401
115,0.9714818,2.4048946586753095,False,-0.2483421292984887,401
122,1.0,2.002419689759501,False,0.6973219915802399,414
307,1.0000002,3.276853210856236,False,0.6669102090796921,414
66,1.0,2.5794863002927624,False,0.6269459495297289,414
103,0.9999998,1.9723239386999707,False,0.6033531501877643,414
33,1.0,3.0066526710027666,False,0.5910673345800944,414
2,1.0000005,3.0066526710027666,False,0.5910673345800944,414
31,1.0000001,3.0066526710027666,False,0.5910673345800944,414
123,1.0,3.0066526710027666,False,0.5910673345800944,414
34,1.0000002,3.0066526710027666,False,0.5910673345800944,414
30,1.0000002,3.0066526710027666,False,0.5910673345800944,414
29,1.0000001,3.0066526710027666,False,0.5910673345800944,414
27,1.0000002,3.0066526710027666,False,0.5910673345800944,414
28,1.0,3.0066526710027666,False,0.5910673345800944,414
1,1.0000004,3.0066526710027666,False,0.5910673345800944,414
110,1.0000002,3.0066526710027666,False,0.5910673345800944,414
87,1.0000001,3.0066526710027666,False,0.5910673345800944,414
22,1.0000001,3.0066526710027666,False,0.5910673345800944,414
50,1.0000002,3.0066526710027666,False,0.5910673345800944,414
55,1.0000002,3.0066526710027666,False,0.5910673345800944,414
17,1.0,3.0066526710027666,False,0.5910673345800944,414
18,1.0000001,3.0066526710027666,False,0.5910673345800944,414
20,1.0000002,3.0066526710027666,False,0.5910673345800944,414
21,1.0000002,3.0066526710027666,False,0.5910673345800944,414
38,1.0,3.0066526710027666,False,0.5910673345800944,414
11,1.0,3.0066526710027666,False,0.5910673345800944,414
177,0.9999999,3.120804076765552,False,0.5779365590274772,414
117,0.9999998,3.0116521465586237,False,0.553025425205914,414
308,0.99456406,3.276853210856236,False,0.5024973099380914,414
306,0.9958091,3.276853210856236,False,0.5024973099380914,414
10,0.9999999,3.0066526710027666,False,0.4785659273609675,414
73,0.9999999,3.0066526710027666,False,0.4785659273609675,414
12,0.9999998,3.0066526710027666,False,0.4785659273609675,414
26,0.9999999,3.0066526710027666,False,0.4785659273609675,414
7,0.9999999,3.0066526710027666,False,0.4785659273609675,414
19,0.9952851,3.0066526710027666,False,0.46856628631944564,414
15,0.99484783,3.0066526710027666,False,0.46856628631944564,414
39,0.9944172,3.0066526710027666,False,0.46856628631944564,414
41,0.9954854,3.0066526710027666,False,0.46856628631944564,414
88,0.9944171,3.0066526710027666,False,0.46856628631944564,414
16,0.99999976,3.0066526710027666,False,0.46034711169751663,414
53,0.99943006,3.0066526710027666,False,0.46034711169751663,414
8,0.99999976,3.0066526710027666,False,0.46034711169751663,414
32,0.99999964,3.0066526710027666,False,0.46034711169751663,414
6,0.9985262,3.0066526710027666,False,0.46034711169751663,414
23,0.99614966,3.0066526710027666,False,0.4551680732127431,414
13,0.9968128,3.0066526710027666,False,0.4474348252368345,414
298,0.99424505,3.0066526710027666,False,0.42803794779657156,414
303,0.99327904,3.276853210856236,False,0.4068786823963323,414
58,0.9999998,3.3015255837321233,False,0.36222745490886865,414
314,0.9930229,3.0066526710027666,False,0.3315777938789614,414
36,0.9929569,3.0066526710027666,False,0.3127533138844886,414
305,0.9942373,3.421340684084319,False,0.3117474135309381,414
96,0.9925796,3.0066526710027666,False,0.26516006190918856,414
43,0.99287224,3.0066526710027666,False,0.26516006190918856,414
90,0.99178386,3.0066526710027666,False,0.23079364435193284,414
40,0.99221474,3.0066526710027666,False,0.23079364435193284,414
35,0.99232554,3.0066526710027666,False,0.23079364435193284,414
57,0.9915732,3.0066526710027666,False,0.23079364435193284,414
313,0.9919728,3.0066526710027666,False,0.23079364435193284,414
312,0.99143344,3.0066526710027666,False,0.026145883824743324,414
24,0.99141,3.0066526710027666,False,0.026145883824743324,414
52,0.9907137,3.0066526710027666,False,-0.06941447047857754,414
60,0.99139106,3.0066526710027666,False,-0.06941447047857754,414
61,0.991111,3.0066526710027666,False,-0.06941447047857754,414
310,0.99067235,3.0066526710027666,False,-0.06941447047857754,414
300,0.9849044,3.421340684084319,False,-0.11247142994407011,414
59,0.98524225,3.421340684084319,False,-0.11247142994407011,414
304,0.98705137,3.421340684084319,False,-0.11247142994407011,414
301,0.9834411,3.421340684084319,False,-0.11247142994407011,414
120,0.9707462,3.0066526710027666,False,-0.15638515073182155,414
175,0.9708544,3.0066526710027666,False,-0.15638515073182155,414
104,0.98756444,1.9723239386999707,False,-0.15957499215664842,414
79,0.986554,1.9723239386999707,False,-0.15957499215664842,414
153,0.9876014,3.0066526710027666,False,-0.15987428885015859,414
42,0.98054445,3.0066526710027666,False,-0.15987428885015859,414
14,0.9868605,3.0066526710027666,False,-0.15987428885015859,414
311,0.98550403,3.0066526710027666,False,-0.15987428885015859,414
309,0.97819304,3.0066526710027666,False,-0.15987428885015859,414
49,0.98680425,3.0066526710027666,False,-0.15987428885015859,414
84,0.97826725,3.0066526710027666,False,-0.15987428885015859,414
91,0.9838128,3.0066526710027666,False,-0.15987428885015859,414
111,0.9876363,3.0066526710027666,False,-0.15987428885015859,414
3,0.97721064,3.0066526710027666,False,-0.15987428885015859,414
9,0.98363274,3.0066526710027666,False,-0.15987428885015859,414
86,0.97673255,3.0066526710027666,False,-0.16765474648148385,414
71,0.98568213,2.5794863002927624,False,-0.17703742367552994,414
109,0.98599464,2.5794863002927624,False,-0.17703742367552994,414
70,0.98751307,2.5794863002927624,False,-0.17703742367552994,414
108,0.9905019,3.3015255837321233,False,-0.1782598255392233,414
78,0.98869,1.9723239386999707,False,-0.18317898767041066,414
289,0.9706521,2.9591104710139144,False,-0.18429079074070412,414
115,0.98375446,2.9591104710139144,False,-0.18777992885904116,414
198,0.9826759,2.9591104710139144,False,-0.18777992885904116,414
114,0.98327684,2.9591104710139144,False,-0.18777992885904116,414
121,0.98894715,2.002419689759501,False,-0.21655996389704552,414
197,0.9726115,3.0066526710027666,False,-0.22924196541464,414
72,0.9749367,3.0066526710027666,False,-0.22924196541464,414
82,0.9734318,3.0066526710027666,False,-0.22924196541464,414
105,0.96280354,3.0066526710027666,False,-0.23586978352550694,414
51,0.95488155,3.0066526710027666,False,-0.23586978352550694,414
131,0.9019269,3.0066526710027666,False,-0.23586978352550694,414
112,0.9011507,3.0066526710027666,False,-0.23586978352550694,414
107,0.89986134,3.0066526710027666,False,-0.23586978352550694,414
77,0.8996459,3.0066526710027666,False,-0.23586978352550694,414
75,0.8994671,3.0066526710027666,False,-0.23586978352550694,414
129,0.8952277,3.0066526710027666,False,-0.23586978352550694,414
264,0.90791637,3.0066526710027666,False,-0.23586978352550694,414
62,0.9654201,3.0066526710027666,False,-0.23586978352550694,414
83,0.9569039,3.0066526710027666,False,-0.23586978352550694,414
98,0.9552769,3.0066526710027666,False,-0.23586978352550694,414
80,0.9225857,3.0066526710027666,False,-0.23586978352550694,414
64,0.9058969,3.0066526710027666,False,-0.23586978352550694,414
132,0.9163984,3.0066526710027666,False,-0.23586978352550694,414
67,0.9333892,3.0066526710027666,False,-0.23586978352550694,414
193,0.970551,3.0066526710027666,False,-0.23586978352550694,414
46,0.9703828,3.0066526710027666,False,-0.23586978352550694,414
68,0.93603015,3.0066526710027666,False,-0.23586978352550694,414
130,0.93113613,3.0066526710027666,False,-0.23586978352550694,414
126,0.9227898,3.0066526710027666,False,-0.23586978352550694,414
127,0.94749284,2.5794863002927624,False,-0.25303291835087827,414
89,0.9453753,2.5794863002927624,False,-0.25303291835087827,414
101,0.94849753,2.5794863002927624,False,-0.25303291835087827,414
269,0.9730542,2.9591104710139144,False,-0.25714760542352255,414
160,0.9748241,2.9591104710139144,False,-0.25714760542352255,414
207,0.97249603,2.9591104710139144,False,-0.25714760542352255,414
212,0.9675025,2.9591104710139144,False,-0.2637754235343895,414
288,0.9688928,2.9591104710139144,False,-0.2637754235343895,414
70,1.0,1.7864654122152566,False,0.7865268291352739,341
71,1.0000002,1.7864654122152566,False,0.7865268291352739,341
114,1.0000001,1.8263917135075782,False,0.7865268291352739,341
115,1.0000002,1.8263917135075782,False,0.7865268291352739,341
111,1.0000002,1.4433028640420833,False,0.7154342185662543,341
64,1.0000001,1.5596800072916115,False,0.6952448501474571,341
299,1.0,1.8332650235394994,False,0.6952448501474571,341
65,1.0000002,1.5596800072916115,False,0.6952448501474571,341
307,1.0000002,1.8332650235394994,False,0.6952448501474571,341
302,1.0,1.8332650235394994,False,0.6952448501474571,341
110,1.0000002,1.3483621416654799,False,0.6904534075803939,341
97,1.0,1.8493989972499767,False,0.6804035993607832,341
67,0.99999994,1.9515717023848604,False,0.6591835904644638,341
109,0.9957278,1.7864654122152566,False,0.6112364672541283,341
304,0.9961369,1.8332650235394994,False,0.564132643234729,341
308,0.99456406,1.8332650235394994,False,0.564132643234729,341
300,0.9954728,1.8332650235394994,False,0.564132643234729,341
306,0.9958091,1.8332650235394994,False,0.564132643234729,341
301,0.9981017,1.8332650235394994,False,0.5430011821521178,341
96,0.99999964,1.8493989972499767,False,0.5410722178261259,341
57,0.9971581,1.8493989972499767,False,0.5281599313654438,341
58,0.9999998,1.8227045384146323,False,0.512616078762455,341
60,0.9930667,1.8493989972499767,False,0.5041951222549919,341
53,0.99305856,1.8493989972499767,False,0.5041951222549919,341
303,0.99327904,1.8332650235394994,False,0.5022281590206968,341
68,0.9987775,1.9515717023848604,False,0.4865515167009341,341
50,0.9925796,1.8493989972499767,False,0.3681106250101715,341
305,0.99233466,1.8332650235394994,False,0.33177724421862104,341
124,0.98032,1.5596800072916115,False,-0.024344173421981065,341
63,0.9822961,1.8332650235394994,False,-0.024344173421981065,341
313,0.97919947,1.8332650235394994,False,-0.024344173421981065,341
51,0.98806286,1.8332650235394994,False,-0.024344173421981065,341
312,0.97803783,1.8332650235394994,False,-0.024344173421981065,341
314,0.9788651,1.8332650235394994,False,-0.024344173421981065,341
38,0.97808325,1.8332650235394994,False,-0.024344173421981065,341
59,0.9809357,1.8332650235394994,False,-0.024344173421981065,341
61,0.986902,1.8332650235394994,False,-0.024344173421981065,341
108,0.9905019,1.8227045384146323,False,-0.04744806627494309,341
279,0.9711032,1.8493989972499767,False,-0.09273611643102811,341
75,0.9756764,1.5596800072916115,False,-0.09371184998646252,341
95,0.9867786,1.8493989972499767,False,-0.09622525454936515,341
52,0.9882784,1.8493989972499767,False,-0.09622525454936515,341
91,0.98679864,1.8493989972499767,False,-0.09622525454936515,341
76,0.9614475,1.5596800072916115,False,-0.10033966809732947,341
74,0.96430373,1.5596800072916115,False,-0.10033966809732947,341
101,0.95700794,1.5596800072916115,False,-0.10033966809732947,341
102,0.9594641,1.5596800072916115,False,-0.10033966809732947,341
77,0.9644271,1.5596800072916115,False,-0.10033966809732947,341
129,0.93694437,1.5596800072916115,False,-0.10033966809732947,341
293,0.9375015,1.5596800072916115,False,-0.10033966809732947,341
107,0.94998217,1.5596800072916115,False,-0.10033966809732947,341
66,0.94341636,1.5596800072916115,False,-0.10033966809732947,341
21,0.95300364,1.5596800072916115,False,-0.10033966809732947,341
42,0.94842637,1.5596800072916115,False,-0.10033966809732947,341
123,0.95213014,1.5596800072916115,False,-0.10033966809732947,341
10,0.94785225,1.5596800072916115,False,-0.10033966809732947,341
89,0.96780396,1.5596800072916115,False,-0.10033966809732947,341
127,0.9560741,1.5596800072916115,False,-0.10033966809732947,341
19,0.9490862,1.5596800072916115,False,-0.10033966809732947,341
212,0.9828211,1.8263917135075782,False,-0.13934552938730024,341
177,0.98327684,1.8263917135075782,False,-0.13934552938730024,341
207,0.9778217,1.8263917135075782,False,-0.13934552938730024,341
288,0.9777821,1.8263917135075782,False,-0.13934552938730024,341
289,0.9787046,1.8263917135075782,False,-0.13934552938730024,341
250,0.97607225,1.8263917135075782,False,-0.1471259870186255,341
160,0.97622406,1.8263917135075782,False,-0.1471259870186255,341
262,0.97597194,1.8263917135075782,False,-0.1471259870186255,341
130,0.93113613,1.3483621416654799,False,-0.16590973768516626,341
126,0.9227898,1.3483621416654799,False,-0.16590973768516626,341
80,0.9225857,1.3483621416654799,False,-0.16590973768516626,341
132,0.9163984,1.3483621416654799,False,-0.16590973768516626,341
117,0.939178,1.3483621416654799,False,-0.16590973768516626,341
261,0.9574933,1.8493989972499767,False,-0.1722207492247135,341
257,0.96054256,1.8493989972499767,False,-0.1722207492247135,341
147,0.9567311,1.8493989972499767,False,-0.1722207492247135,341
187,0.9554015,1.8493989972499767,False,-0.1722207492247135,341
125,0.9608599,1.8493989972499767,False,-0.1722207492247135,341
5,0.9555752,1.8493989972499767,False,-0.1722207492247135,341
141,0.96193403,1.8493989972499767,False,-0.1722207492247135,341
275,0.9605508,1.8493989972499767,False,-0.1722207492247135,341
105,0.9714818,1.8263917135075782,False,-0.20871320595178167,341
191,0.9726083,1.8263917135075782,False,-0.20871320595178167,341
198,0.975067,1.8263917135075782,False,-0.20871320595178167,341
131,0.9417888,1.7864654122152566,False,-0.2153410240626486,341
54,0.9304288,1.7864654122152566,False,-0.2153410240626486,341
116,0.92055047,1.9515717023848604,False,-0.22830298125915538,341
299,1.0,0.9328940733872192,False,0.7703385951560128,77
302,1.0,0.9328940733872192,False,0.7703385951560128,77
307,1.0000002,0.9328940733872192,False,0.7703385951560128,77
65,1.0000002,0.874186565280673,False,0.7601471613211619,77
64,1.0000001,0.874186565280673,False,0.7601471613211619,77
111,1.0000002,0.550540786523069,False,0.7601471613211619,77
114,1.0000001,1.6518495224979268,False,0.7439785104537296,77
115,1.0000002,1.6518495224979268,False,0.7439785104537296,77
91,1.0,1.4539992636791677,False,0.7422642032132761,77
57,1.0,1.4539992636791677,False,0.7422642032132761,77
274,1.0000001,1.4539992636791677,False,0.7422642032132761,77
97,1.0,1.4662241168647028,False,0.7338349246863435,77
70,1.0,1.4348109135741893,False,0.7338179132625887,77
71,1.0000002,1.4348109135741893,False,0.7338179132625887,77
309,1.0000002,1.3483621416654799,False,0.6904534075803939,77
119,0.99999976,1.751583737464174,False,0.6206825989585244,77
118,0.9989145,1.751583737464174,False,0.6206825989585244,77
308,0.99456406,0.9328940733872192,False,0.61177793455135,77
304,0.9961369,0.9328940733872192,False,0.61177793455135,77
306,0.9958091,0.9328940733872192,False,0.61177793455135,77
300,0.9954728,0.9328940733872192,False,0.61177793455135,77
301,0.99713767,0.9328940733872192,False,0.5906464734687388,77
192,0.9999999,1.4539992636791677,False,0.579239786461118,77
58,0.9999998,1.4539992636791677,False,0.579239786461118,77
52,0.9999997,1.4539992636791677,False,0.5610209707976671,77
96,0.99999964,1.4539992636791677,False,0.5610209707976671,77
109,0.9957278,1.4348109135741893,False,0.5607938554689086,77
303,0.99327904,0.9328940733872192,False,0.5498734503373178,77
49,0.9938158,1.4539992636791677,False,0.5417903768760738,77
177,0.9999999,1.6688383425739524,False,0.5172721613569753,77
60,0.9930667,1.4662241168647028,False,0.5157145966996003,77
53,0.99305856,1.4662241168647028,False,0.5157145966996003,77
305,0.99233466,0.9328940733872192,False,0.3914213330156996,77
50,0.9925796,1.4662241168647028,False,0.35248878549683854,77
95,0.99249893,1.4539992636791677,False,0.2891078590971713,77
108,0.9905019,1.4539992636791677,False,-0.05173996532420726,77
12,0.9842589,1.3483621416654799,False,-0.08991424300981785,77
1,0.9873855,1.3483621416654799,False,-0.08991424300981785,77
311,0.9852397,1.3483621416654799,False,-0.08991424300981785,77
30,0.98418,1.3483621416654799,False,-0.08991424300981785,77
26,0.98623216,1.3483621416654799,False,-0.08991424300981785,77
8,0.98711973,1.3483621416654799,False,-0.08991424300981785,77
24,0.98632044,1.3483621416654799,False,-0.08991424300981785,77
61,0.986902,0.9328940733872192,False,-0.10432456072426464,77
59,0.9857446,0.9328940733872192,False,-0.10432456072426464,77
51,0.98806286,0.9328940733872192,False,-0.10432456072426464,77
312,0.97803783,0.9328940733872192,False,-0.10432456072426464,77
314,0.9788651,0.9328940733872192,False,-0.10432456072426464,77
38,0.97808325,0.9328940733872192,False,-0.10432456072426464,77
63,0.9822961,0.9328940733872192,False,-0.10432456072426464,77
313,0.97919947,0.9328940733872192,False,-0.10432456072426464,77
279,0.9711032,1.4662241168647028,False,-0.10835795594436112,77
7,0.9886234,1.3483621416654799,False,-0.11351823852358006,77
6,0.9888451,1.3483621416654799,False,-0.11351823852358006,77
288,0.9777821,1.6518495224979268,False,-0.12193297593268898,77
289,0.9787046,1.6518495224979268,False,-0.12193297593268898,77
212,0.9828211,1.6518495224979268,False,-0.12193297593268898,77
207,0.97989684,1.6518495224979268,False,-0.12193297593268898,77
66,0.98751307,1.4348109135741893,False,-0.12596434174125534,77
262,0.97597194,1.6518495224979268,False,-0.12971343356401427,77
250,0.97607225,1.6518495224979268,False,-0.12971343356401427,77
160,0.97622406,1.6518495224979268,False,-0.12971343356401427,77
110,0.9876363,0.550540786523069,True,-0.13159966211254515,77
124,0.98032,0.874186565280673,False,-0.13159966211254515,77
136,0.9829105,1.4539992636791677,False,-0.15182912488189337,77
188,0.97874534,1.751583737464174,False,-0.1605755747745525,77
105,0.9857335,1.751583737464174,False,-0.1605755747745525,77
198,0.9826759,1.6688383425739524,False,-0.17487364997738794,77
141,0.96193403,1.4662241168647028,False,-0.18784258873804652,77
257,0.96054256,1.4662241168647028,False,-0.18784258873804652,77
5,0.9555752,1.4662241168647028,False,-0.18784258873804652,77
125,0.9608599,1.4662241168647028,False,-0.18784258873804652,77
275,0.9605508,1.4662241168647028,False,-0.18784258873804652,77
261,0.9574933,1.4662241168647028,False,-0.18784258873804652,77
187,0.9554015,1.4662241168647028,False,-0.18784258873804652,77
147,0.9567311,1.4662241168647028,False,-0.18784258873804652,77
191,0.9726083,1.6518495224979268,False,-0.19130065249717043,77
75,0.9756764,0.874186565280673,False,-0.20096733867702662,77
107,0.9337968,1.4348109135741893,False,-0.20195983641660373,77
54,0.9304288,1.4348109135741893,False,-0.20195983641660373,77
129,0.94839346,1.4348109135741893,False,-0.20195983641660373,77
131,0.9417888,1.4348109135741893,False,-0.20195983641660373,77
127,0.9345183,1.4348109135741893,False,-0.20195983641660373,77
101,0.9360188,1.4348109135741893,False,-0.20195983641660373,77
102,0.9594641,0.874186565280673,False,-0.20759515678789356,77
77,0.9644271,0.874186565280673,False,-0.20759515678789356,77
76,0.9614475,0.874186565280673,False,-0.20759515678789356,77
10,0.94785225,0.874186565280673,False,-0.20759515678789356,77
42,0.94842637,0.874186565280673,False,-0.20759515678789356,77
19,0.9490862,0.874186565280673,False,-0.20759515678789356,77
123,0.95213014,0.874186565280673,False,-0.20759515678789356,77
21,0.95300364,0.874186565280673,False,-0.20759515678789356,77
74,0.96430373,0.874186565280673,False,-0.20759515678789356,77
89,0.96780396,0.874186565280673,False,-0.20759515678789356,77
117,0.94018495,0.550540786523069,False,-0.20759515678789356,77
130,0.94527483,0.550540786523069,False,-0.20759515678789356,77
67,0.9477696,0.550540786523069,False,-0.20759515678789356,77
68,0.95229405,0.550540786523069,False,-0.20759515678789356,77
132,0.93748206,0.550540786523069,False,-0.20759515678789356,77
293,0.9375015,0.874186565280673,False,-0.20759515678789356,77
176,0.9674438,1.4539992636791677,False,-0.22782461955724176,77
285,0.9677081,1.4539992636791677,False,-0.22782461955724176,77
260,0.95036185,1.4539992636791677,False,-0.22782461955724176,77
225,0.9461678,1.4539992636791677,False,-0.22782461955724176,77
158,0.9490533,1.4539992636791677,False,-0.22782461955724176,77
37,0.94113576,1.4539992636791677,False,-0.22782461955724176,77
179,0.93893147,1.4539992636791677,False,-0.22782461955724176,77
94,0.942453,1.4539992636791677,False,-0.22782461955724176,77
277,0.94237626,1.4539992636791677,False,-0.22782461955724176,77
142,0.96711195,1.4539992636791677,False,-0.22782461955724176,77
180,0.9655926,1.4539992636791677,False,-0.22782461955724176,77
217,0.96543884,1.4539992636791677,False,-0.22782461955724176,77
258,0.9660746,1.4539992636791677,False,-0.22782461955724176,77
106,0.9696733,1.751583737464174,False,-0.2365710694499009,77
98,0.9690822,1.751583737464174,False,-0.2365710694499009,77
14,0.96772045,1.751583737464174,False,-0.2365710694499009,77
298,0.96749896,1.751583737464174,False,-0.2365710694499009,77
269,0.9730542,1.6688383425739524,False,-0.24424132654186936,77
67,0.99999994,4.295464206577168,False,0.7353106733682065,234
85,1.0000001,3.2348915217651344,False,0.7114922390454371,234
84,1.0000002,3.2348915217651344,False,0.7114922390454371,234
64,1.0000001,4.504448276016986,False,0.6685239254426998,234
196,1.0000001,3.8678709875617407,False,0.6656169196274385,234
197,1.0000002,3.8678709875617407,False,0.6656169196274385,234
131,1.0000002,4.353923915745049,False,0.660947090209712,234
132,1.0000001,4.353923915745049,False,0.660947090209712,234
130,1.0,4.353923915745049,True,0.660947090209712,234
61,1.0000001,3.282040401065608,False,0.6108552113790512,234
57,1.0,4.086487458092329,False,0.6021368288083985,234
82,0.9999998,3.2348915217651344,False,0.588113369086765,234
50,1.0000002,4.476349298147343,False,0.5807218076574349,234
83,0.99999976,3.2348915217651344,False,0.5698945534233142,234
68,0.9987775,4.295464206577168,False,0.5604122955172113,234
72,0.99999976,3.8678709875617407,False,0.5326303926573951,234
96,0.99999964,4.123727568867158,False,0.4980311609986193,234
90,1.0000001,4.07184199285701,False,0.480479416851581,234
60,0.9930667,4.123727568867158,False,0.4274399220997582,234
53,0.99305856,4.123727568867158,False,0.4274399220997582,234
88,0.99549013,4.07184199285701,False,0.3471009058513872,234
87,0.99178386,4.07184199285701,False,0.08294360606421652,234
98,0.9827161,3.2348915217651344,False,-0.17534759808867137,234
63,0.97910213,3.2348915217651344,False,-0.17534759808867137,234
300,0.9777379,3.2348915217651344,False,-0.17534759808867137,234
230,0.97861993,3.2348915217651344,False,-0.17534759808867137,234
47,0.9779365,3.2348915217651344,False,-0.17534759808867137,234
302,0.9795413,3.2348915217651344,False,-0.17534759808867137,234
249,0.96915495,4.07184199285701,False,-0.18068780743849697,234
267,0.9690528,4.07184199285701,False,-0.18068780743849697,234
166,0.9688488,4.07184199285701,False,-0.18068780743849697,234
301,0.9762115,3.2348915217651344,False,-0.18312805571999663,234
86,0.9845911,4.07184199285701,False,-0.19827828959872845,234
124,0.98032,4.504448276016986,False,-0.2192419156846409,234
52,0.9907137,4.476349298147343,False,-0.22927839321090598,234
91,0.98679864,4.123727568867158,False,-0.23769037765964715,234
108,0.9870746,4.123727568867158,False,-0.23769037765964715,234
95,0.9867786,4.123727568867158,False,-0.23769037765964715,234
162,0.9843169,3.8678709875617407,False,-0.23892784519916052,234
228,0.98427,3.8678709875617407,False,-0.23892784519916052,234
262,0.9792924,3.8678709875617407,False,-0.23892784519916052,234
246,0.98288167,3.8678709875617407,False,-0.23892784519916052,234
175,0.9814183,3.8678709875617407,False,-0.23892784519916052,234
189,0.98414695,3.8678709875617407,False,-0.23892784519916052,234
49,0.97515696,3.2348915217651344,False,-0.2447152746531528,234
3,0.97445977,3.2348915217651344,False,-0.2447152746531528,234
99,0.97544575,3.2348915217651344,False,-0.2447152746531528,234
58,0.9888646,4.123727568867158,False,-0.26129437317340937,234
303,0.98208547,4.086487458092329,False,-0.29204273913443113,234
299,0.986902,3.282040401065608,False,-0.2940341622120071,234
102,0.9594641,4.504448276016986,False,-0.29523741035998924,234
66,0.94341636,4.504448276016986,False,-0.29523741035998924,234
107,0.94998217,4.504448276016986,False,-0.29523741035998924,234
293,0.9375015,4.504448276016986,False,-0.29523741035998924,234
101,0.95700794,4.504448276016986,False,-0.29523741035998924,234
129,0.93694437,4.504448276016986,False,-0.29523741035998924,234
76,0.9614475,4.504448276016986,False,-0.29523741035998924,234
77,0.9644271,4.504448276016986,False,-0.29523741035998924,234
71,0.94485146,4.353923915745049,False,-0.30133339092703326,234
127,0.95007867,4.353923915745049,False,-0.30133339092703326,234
110,0.93113613,4.353923915745049,False,-0.30133339092703326,234
111,0.94527483,4.353923915745049,False,-0.30133339092703326,234
272,0.90139616,4.353923915745049,False,-0.30133339092703326,234
117,0.9284053,4.353923915745049,False,-0.30133339092703326,234
70,0.9417888,4.353923915745049,False,-0.30133339092703326,234
109,0.9430442,4.353923915745049,False,-0.30133339092703326,234
80,0.91777176,4.353923915745049,False,-0.30133339092703326,234
65,0.89400196,4.353923915745049,False,-0.30133339092703326,234
126,0.9087595,4.353923915745049,False,-0.30133339092703326,234
202,0.96577466,3.8678709875617407,True,-0.3149233398745089,234
184,0.95013744,3.8678709875617407,False,-0.3149233398745089,234
198,0.953485,3.8678709875617407,False,-0.3149233398745089,234
165,0.95441246,3.8678709875617407,False,-0.3149233398745089,234
210,0.9504868,3.8678709875617407,False,-0.3149233398745089,234
160,0.94869125,3.8678709875617407,False,-0.3149233398745089,234
217,0.9504174,3.8678709875617407,False,-0.3149233398745089,234
304,0.98901784,3.282040401065608,False,-0.31763815772576937,234
116,0.92055047,4.295464206577168,False,-0.3566087589772361,234
309,1.0000002,1.8263917135075782,False,0.7865268291352739,423
54,1.0000001,1.2598582801532974,False,0.7628123648403012,423
249,0.99999994,1.2598582801532974,False,0.7628123648403012,423
299,1.0,1.2598582801532974,False,0.7628123648403012,423
130,1.0,1.2598582801532974,False,0.7628123648403012,423
302,1.0,1.2598582801532974,False,0.7628123648403012,423
310,1.0000002,1.2598582801532974,False,0.7628123648403012,423
57,1.0,1.2598582801532974,False,0.7628123648403012,423
110,1.0000002,1.6518495224979268,False,0.7439785104537296,423
70,1.0,0.5909385174292935,False,0.7411529461994545,423
71,1.0000002,0.5909385174292935,False,0.7411529461994545,423
64,1.0000001,2.1611949486399737,False,0.737842015472976,423
65,1.0000002,2.1611949486399737,False,0.737842015472976,423
97,1.0,1.4705624280596326,False,0.7338179132625887,423
111,1.0000002,1.3653909738660959,False,0.725985913687725,423
307,1.0000002,1.7449364614159435,False,0.6890714925111535,423
304,0.9961369,1.2598582801532974,False,0.5897883070466212,423
313,0.994558,1.2598582801532974,False,0.5897883070466212,423
311,0.9952489,1.2598582801532974,False,0.5897883070466212,423
312,0.9955091,1.2598582801532974,False,0.5897883070466212,423
108,0.99999964,1.2598582801532974,False,0.5815691324246921,423
96,0.9971581,1.2598582801532974,False,0.56865684596401,423
301,0.99688697,1.2598582801532974,False,0.56865684596401,423
300,0.99718493,1.2598582801532974,False,0.56865684596401,423
109,0.9957278,0.5909385174292935,False,0.5681288884057746,423
118,0.9989145,1.48702312993363,False,0.5610209707976671,423
119,0.99999976,1.48702312993363,False,0.5610209707976671,423
306,0.9958091,1.7449364614159435,False,0.5579592855984252,423
308,0.99456406,1.7449364614159435,False,0.5579592855984252,423
41,0.9935137,1.2598582801532974,False,0.5278838228325892,423
53,0.99305856,1.4705624280596326,False,0.4988893712548766,423
60,0.9930667,1.4705624280596326,False,0.4988893712548766,423
303,0.99327904,1.7449364614159435,False,0.4960548013843932,423
35,0.99155736,1.2598582801532974,False,0.36943170551097093,423
50,0.9915732,1.2598582801532974,False,0.36943170551097093,423
40,0.9926945,1.2598582801532974,False,0.36465801162982736,423
305,0.99233466,1.7449364614159435,False,0.29233334124180116,423
314,0.9908957,1.2598582801532974,False,-0.02164075004905525,423
34,0.99067235,1.2598582801532974,False,-0.02164075004905525,423
58,0.9905019,1.2598582801532974,False,-0.02164075004905525,423
43,0.9906782,1.2598582801532974,False,-0.02164075004905525,423
279,0.9711032,1.1760959589715145,False,-0.11994555761055517,423
51,0.9831506,1.7449364614159435,False,-0.12071452318595616,423
63,0.9822961,1.7449364614159435,False,-0.12071452318595616,423
38,0.97808325,1.7449364614159435,False,-0.12071452318595616,423
59,0.9857446,1.7449364614159435,False,-0.12071452318595616,423
61,0.986902,1.7449364614159435,False,-0.12071452318595616,423
124,0.98032,2.1611949486399737,False,-0.12169430861531744,423
95,0.9867786,1.4705624280596326,False,-0.12596434174125534,423
91,0.98679864,1.4705624280596326,False,-0.12596434174125534,423
52,0.9882784,1.4705624280596326,False,-0.12596434174125534,423
24,0.98632044,1.8263917135075782,False,-0.13934552938730024,423
8,0.98711973,1.8263917135075782,False,-0.13934552938730024,423
30,0.98418,1.8263917135075782,False,-0.13934552938730024,423
1,0.9873855,1.8263917135075782,False,-0.13934552938730024,423
12,0.9842589,1.8263917135075782,False,-0.13934552938730024,423
26,0.98623216,1.8263917135075782,False,-0.13934552938730024,423
142,0.9859476,1.2598582801532974,False,-0.1400189782936542,423
162,0.98418736,1.2598582801532974,False,-0.1400189782936542,423
246,0.9847282,1.2598582801532974,False,-0.1400189782936542,423
283,0.9879898,1.2598582801532974,False,-0.1400189782936542,423
267,0.9858419,1.2598582801532974,False,-0.1400189782936542,423
228,0.98395413,1.2598582801532974,False,-0.1400189782936542,423
262,0.9813261,1.2598582801532974,False,-0.1400189782936542,423
233,0.981568,1.2598582801532974,False,-0.1400189782936542,423
197,0.9856504,1.2598582801532974,False,-0.1400189782936542,423
72,0.9858208,1.2598582801532974,False,-0.1400189782936542,423
66,0.98751307,0.5909385174292935,False,-0.14797360686984004,423
105,0.9857335,1.48702312993363,False,-0.15182912488189337,423
188,0.97874534,1.48702312993363,False,-0.15182912488189337,423
6,0.9888451,1.8263917135075782,False,-0.16294952490106243,423
7,0.9886234,1.8263917135075782,False,-0.16294952490106243,423
132,0.98891175,1.2598582801532974,False,-0.16362297380741647,423
75,0.9756764,2.1611949486399737,False,-0.1910619851797989,423
67,0.9477696,1.3653909738660959,False,-0.19298362197049843,423
76,0.91547763,1.3653909738660959,False,-0.19298362197049843,423
127,0.92224,1.3653909738660959,False,-0.19298362197049843,423
117,0.94018495,1.3653909738660959,False,-0.19298362197049843,423
68,0.95229405,1.3653909738660959,False,-0.19298362197049843,423
123,0.95213014,2.1611949486399737,False,-0.19768980329066582,423
21,0.95300364,2.1611949486399737,False,-0.19768980329066582,423
89,0.96780396,2.1611949486399737,False,-0.19768980329066582,423
74,0.96430373,2.1611949486399737,False,-0.19768980329066582,423
77,0.9644271,2.1611949486399737,False,-0.19768980329066582,423
107,0.94998217,2.1611949486399737,False,-0.19768980329066582,423
102,0.9594641,2.1611949486399737,False,-0.19768980329066582,423
101,0.95700794,2.1611949486399737,False,-0.19768980329066582,423
42,0.94842637,2.1611949486399737,False,-0.19768980329066582,423
10,0.94785225,2.1611949486399737,False,-0.19768980329066582,423
129,0.93694437,2.1611949486399737,False,-0.19768980329066582,423
293,0.9375015,2.1611949486399737,False,-0.19768980329066582,423
19,0.9490862,2.1611949486399737,False,-0.19768980329066582,423
80,0.9225857,1.6518495224979268,False,-0.19792847060803737,423
126,0.9227898,1.6518495224979268,False,-0.19792847060803737,423
5,0.9555752,1.1760959589715145,False,-0.19943019040424056,423
257,0.96054256,1.1760959589715145,False,-0.19943019040424056,423
141,0.96193403,1.1760959589715145,False,-0.19943019040424056,423
125,0.9608599,1.1760959589715145,False,-0.19943019040424056,423
275,0.9605508,1.1760959589715145,False,-0.19943019040424056,423
147,0.9567311,1.1760959589715145,False,-0.19943019040424056,423
261,0.9574933,1.1760959589715145,False,-0.19943019040424056,423
187,0.9554015,1.1760959589715145,False,-0.19943019040424056,423
131,0.9320011,1.2598582801532974,False,-0.21601447296900259,423
98,0.9690822,1.48702312993363,False,-0.22782461955724176,423
298,0.96749896,1.48702312993363,False,-0.22782461955724176,423
14,0.96772045,1.48702312993363,False,-0.22782461955724176,423
106,0.9696733,1.48702312993363,False,-0.22782461955724176,423
307,1.0000002,1.136951769255531,False,0.763003562219147,357
299,1.0,1.136951769255531,False,0.763003562219147,357
302,1.0,1.136951769255531,False,0.763003562219147,357
111,1.0000002,1.7979733904722295,False,0.6800110669479261,357
110,1.0000002,1.9217833462250484,False,0.6800110669479261,357
91,1.0,1.9386320596921809,False,0.6670155900393274,357
274,1.0000001,1.9386320596921809,False,0.6670155900393274,357
57,1.0,1.9386320596921809,False,0.6670155900393274,357
64,1.0000001,2.215498135178703,False,0.6514499245851079,357
65,1.0000002,2.215498135178703,False,0.6514499245851079,357
71,1.0000002,2.297798892094936,False,0.6501569212332243,357
70,1.0,2.297798892094936,False,0.6501569212332243,357
123,1.0,2.157697878581269,False,0.6263075966435782,357
298,1.0,2.157697878581269,False,0.6263075966435782,357
130,1.0,2.157697878581269,False,0.6263075966435782,357
311,1.0000002,2.157697878581269,False,0.6263075966435782,357
300,0.9954728,1.136951769255531,False,0.604442901614484,357
304,0.9961369,1.136951769255531,False,0.604442901614484,357
306,0.9958091,1.136951769255531,False,0.604442901614484,357
308,0.99456406,1.136951769255531,False,0.604442901614484,357
177,0.9999999,1.161473999410846,True,0.5846209155764135,357
301,0.9981017,1.136951769255531,False,0.5833114405318729,357
117,0.9999998,2.1807742420903122,False,0.5614176494884247,357
58,0.9999998,2.285662244534608,False,0.5609539293286321,357
303,0.99327904,1.136951769255531,False,0.542538417400452,357
109,0.9957278,2.297798892094936,False,0.5190447143204961,357
192,0.9999999,1.9386320596921809,False,0.5126023319392486,357
96,0.99999964,1.9386320596921809,False,0.4943835162757978,357
52,0.9999997,1.9386320596921809,False,0.4943835162757978,357
49,0.9938158,1.9386320596921809,False,0.4751529223542044,357
107,0.9999999,2.157697878581269,False,0.4632831798914198,357
310,0.9952489,2.157697878581269,False,0.4532835388498979,357
40,0.9953525,2.157697878581269,False,0.4532835388498979,357
43,0.9944343,2.157697878581269,False,0.4532835388498979,357
60,0.9930667,1.9386320596921809,False,0.44069820668369475,357
53,0.99305856,1.9386320596921809,False,0.44069820668369475,357
313,0.9963833,2.157697878581269,False,0.4398853257431954,357
36,0.9984319,2.157697878581269,False,0.43215207776728676,357
312,0.99646145,2.157697878581269,False,0.43215207776728676,357
29,0.9938555,2.157697878581269,False,0.4127552003270239,357
34,0.99424505,2.157697878581269,False,0.4127552003270239,357
41,0.9930445,2.157697878581269,False,0.39510869867748316,357
305,0.99233466,1.136951769255531,False,0.34494618864043447,357
314,0.99299216,2.157697878581269,False,0.3369306197577891,357
50,0.9925796,1.9386320596921809,False,0.2889610818362861,357
95,0.99249893,1.9386320596921809,False,0.2545946642790305,357
18,0.9925939,2.157697878581269,False,0.2211730818264926,357
77,0.9923438,2.157697878581269,False,0.18680666426923698,357
39,0.9916122,2.157697878581269,False,0.18680666426923698,357
76,0.9917878,2.157697878581269,False,0.18680666426923698,357
19,0.99225426,2.157697878581269,False,0.18680666426923698,357
108,0.9905019,1.9386320596921809,False,-0.05661026284997421,357
59,0.9857446,1.136951769255531,False,-0.08231529559567995,357
38,0.97808325,1.136951769255531,False,-0.08231529559567995,357
61,0.986902,1.136951769255531,False,-0.08231529559567995,357
63,0.9822961,1.136951769255531,False,-0.08231529559567995,357
51,0.98806286,1.136951769255531,False,-0.08231529559567995,357
66,0.98751307,2.297798892094936,False,-0.10415527793538802,357
289,0.9706521,1.161473999410846,False,-0.10554436060062722,357
114,0.98327684,1.161473999410846,False,-0.10903349871896427,357
115,0.98375446,1.161473999410846,False,-0.10903349871896427,357
198,0.9826759,1.161473999410846,False,-0.10903349871896427,357
35,0.99110335,2.157697878581269,False,-0.1151951079645757,357
136,0.9829105,1.9386320596921809,False,-0.1612837010299123,357
124,0.98032,2.215498135178703,False,-0.17546622710397713,357
207,0.97249603,1.161473999410846,False,-0.17840117528344568,357
269,0.9730542,1.161473999410846,False,-0.17840117528344568,357
160,0.9748241,1.161473999410846,False,-0.17840117528344568,357
131,0.9417888,2.297798892094936,False,-0.18015077261073645,357
101,0.9360188,2.297798892094936,False,-0.18015077261073645,357
127,0.94037515,2.297798892094936,False,-0.18015077261073645,357
129,0.95055187,2.297798892094936,False,-0.18015077261073645,357
54,0.9304288,2.297798892094936,False,-0.18015077261073645,357
212,0.9675025,1.161473999410846,False,-0.1850289933943126,357
288,0.9688928,1.161473999410846,False,-0.1850289933943126,357
10,0.9795196,2.157697878581269,False,-0.21986854614451382,357
21,0.9805512,2.157697878581269,False,-0.21986854614451382,357
102,0.9875616,2.157697878581269,False,-0.21986854614451382,357
3,0.97721064,2.157697878581269,False,-0.21986854614451382,357
126,0.9283889,2.1807742420903122,False,-0.22365733412311561,357
68,0.9295407,2.1807742420903122,False,-0.22365733412311561,357
132,0.9284053,2.1807742420903122,False,-0.22365733412311561,357
67,0.92886883,2.1807742420903122,False,-0.22365733412311561,357
23,0.97656333,2.157697878581269,False,-0.22764900377583908,357
176,0.9490961,1.9386320596921809,False,-0.23727919570526065,357
158,0.9490533,1.9386320596921809,False,-0.23727919570526065,357
277,0.94237626,1.9386320596921809,False,-0.23727919570526065,357
225,0.9461678,1.9386320596921809,False,-0.23727919570526065,357
180,0.9655926,1.9386320596921809,False,-0.23727919570526065,357
37,0.94113576,1.9386320596921809,False,-0.23727919570526065,357
285,0.9677081,1.9386320596921809,False,-0.23727919570526065,357
258,0.9660746,1.9386320596921809,False,-0.23727919570526065,357
94,0.942453,1.9386320596921809,False,-0.23727919570526065,357
260,0.95036185,1.9386320596921809,False,-0.23727919570526065,357
217,0.96543884,1.9386320596921809,False,-0.23727919570526065,357
179,0.93893147,1.9386320596921809,False,-0.23727919570526065,357
142,0.96711195,1.9386320596921809,False,-0.23727919570526065,357
12,0.99017876,2.157697878581269,False,-0.24347254165827603,357
75,0.9756764,2.215498135178703,False,-0.24483390366845856,357
80,0.9225857,1.9217833462250484,False,-0.2449192921450373,357
42,0.94842637,2.215498135178703,False,-0.25146172177932546,357
89,0.96780396,2.215498135178703,False,-0.25146172177932546,357
293,0.9375015,2.215498135178703,False,-0.25146172177932546,357
74,0.96430373,2.215498135178703,False,-0.25146172177932546,357
82,0.9734318,2.157697878581269,False,-0.28923622270899524,357
13,0.9730221,2.157697878581269,False,-0.28923622270899524,357
98,0.97050226,2.157697878581269,False,-0.2958640408198622,357
97,1.0,1.5995926238141338,True,0.7911966585530005,406
65,1.0000002,1.487687698171753,False,0.7563637148992245,406
64,1.0000001,1.487687698171753,False,0.7563637148992245,406
70,1.0,1.4984787044259076,False,0.7514832195889138,406
110,1.0000002,1.4662241168647028,False,0.7338349246863435,406
114,1.0000001,1.4705624280596326,False,0.7338179132625887,406
71,1.0000002,1.3946403593770444,False,0.7338179132625887,406
115,1.0000002,1.4705624280596326,False,0.7338179132625887,406
299,1.0,1.761348378731563,False,0.7121755060454968,406
307,1.0000002,1.761348378731563,False,0.7121755060454968,406
302,1.0,1.761348378731563,False,0.7121755060454968,406
309,1.0000002,1.8493989972499767,False,0.6804035993607832,406
58,0.9999998,1.8135563325680533,False,0.6259059377133765,406
109,0.9957278,1.3946403593770444,False,0.5607938554689086,406
111,1.0000002,1.6069280927159726,False,0.5415628309847421,406
304,0.9961369,1.761348378731563,False,0.5391514482518167,406
308,0.99456406,1.761348378731563,False,0.5391514482518167,406
300,0.9954728,1.761348378731563,False,0.5391514482518167,406
306,0.9958091,1.761348378731563,False,0.5391514482518167,406
301,0.9981017,1.761348378731563,False,0.5180199871692056,406
303,0.99327904,1.761348378731563,False,0.4940551780587536,406
305,0.99233466,1.761348378731563,False,0.2964629492987362,406
108,0.9905019,1.8135563325680533,False,-0.048262040154837746,406
1,0.9873855,1.8493989972499767,False,-0.09622525454936515,406
24,0.98632044,1.8493989972499767,False,-0.09622525454936515,406
311,0.9852397,1.8493989972499767,False,-0.09622525454936515,406
12,0.9842589,1.8493989972499767,False,-0.09622525454936515,406
26,0.98623216,1.8493989972499767,False,-0.09622525454936515,406
30,0.98418,1.8493989972499767,False,-0.09622525454936515,406
8,0.98711973,1.8493989972499767,False,-0.09622525454936515,406
124,0.98032,1.487687698171753,False,-0.11102492179654021,406
51,0.98806286,1.761348378731563,False,-0.11980172263888396,406
63,0.9822961,1.761348378731563,False,-0.11980172263888396,406
60,0.9817327,1.761348378731563,False,-0.11980172263888396,406
61,0.986902,1.761348378731563,False,-0.11980172263888396,406
59,0.9809357,1.761348378731563,False,-0.11980172263888396,406
312,0.97803783,1.761348378731563,False,-0.11980172263888396,406
38,0.97808325,1.761348378731563,False,-0.11980172263888396,406
313,0.97919947,1.761348378731563,False,-0.11980172263888396,406
314,0.9788651,1.761348378731563,False,-0.11980172263888396,406
6,0.9888451,1.8493989972499767,False,-0.11982925006312733,406
7,0.9886234,1.8493989972499767,False,-0.11982925006312733,406
66,0.98568213,1.3946403593770444,False,-0.12596434174125534,406
289,0.9787046,1.4705624280596326,False,-0.12596434174125534,406
212,0.9828211,1.4705624280596326,False,-0.12596434174125534,406
207,0.9778217,1.4705624280596326,False,-0.12596434174125534,406
177,0.98375446,1.4705624280596326,False,-0.12596434174125534,406
288,0.9777821,1.4705624280596326,False,-0.12596434174125534,406
160,0.97622406,1.4705624280596326,False,-0.1337447993725806,406
262,0.97597194,1.4705624280596326,False,-0.1337447993725806,406
250,0.97607225,1.4705624280596326,False,-0.1337447993725806,406
279,0.9711032,1.5995926238141338,False,-0.14944634021643885,406
57,0.9844141,1.8135563325680533,False,-0.1529354783347759,406
91,0.98297954,1.8135563325680533,False,-0.1529354783347759,406
53,0.98937696,1.8135563325680533,False,-0.17653947384853808,406
52,0.98900616,1.8135563325680533,False,-0.17653947384853808,406
96,0.9888646,1.8135563325680533,True,-0.17653947384853808,406
50,0.989956,1.8135563325680533,False,-0.17653947384853808,406
75,0.9756764,1.487687698171753,False,-0.18039259836102167,406
74,0.96430373,1.487687698171753,False,-0.1870204164718886,406
19,0.9490862,1.487687698171753,False,-0.1870204164718886,406
89,0.96780396,1.487687698171753,False,-0.1870204164718886,406
293,0.9375015,1.487687698171753,False,-0.1870204164718886,406
129,0.93694437,1.487687698171753,False,-0.1870204164718886,406
107,0.94998217,1.487687698171753,False,-0.1870204164718886,406
77,0.9644271,1.487687698171753,False,-0.1870204164718886,406
76,0.9614475,1.487687698171753,False,-0.1870204164718886,406
101,0.95700794,1.487687698171753,False,-0.1870204164718886,406
102,0.9594641,1.487687698171753,False,-0.1870204164718886,406
21,0.95300364,1.487687698171753,False,-0.1870204164718886,406
127,0.9560741,1.487687698171753,False,-0.1870204164718886,406
10,0.94785225,1.487687698171753,False,-0.1870204164718886,406
42,0.94842637,1.487687698171753,False,-0.1870204164718886,406
123,0.95213014,1.487687698171753,False,-0.1870204164718886,406
67,0.9333892,1.4662241168647028,False,-0.18784258873804652,406
68,0.93603015,1.4662241168647028,False,-0.18784258873804652,406
117,0.939178,1.4662241168647028,False,-0.18784258873804652,406
130,0.93113613,1.4662241168647028,False,-0.18784258873804652,406
126,0.9227898,1.4662241168647028,False,-0.18784258873804652,406
80,0.9225857,1.4662241168647028,False,-0.18784258873804652,406
132,0.9163984,1.4662241168647028,False,-0.18784258873804652,406
198,0.975067,1.4705624280596326,False,-0.1953320183057368,406
191,0.9726083,1.4705624280596326,False,-0.1953320183057368,406
105,0.9714818,1.4705624280596326,False,-0.1953320183057368,406
131,0.9417888,1.3946403593770444,False,-0.20195983641660373,406
54,0.9304288,1.3946403593770444,False,-0.20195983641660373,406
187,0.9554015,1.5995926238141338,False,-0.22893097301012424,406
5,0.9555752,1.5995926238141338,False,-0.22893097301012424,406
141,0.96193403,1.5995926238141338,False,-0.22893097301012424,406
125,0.9608599,1.5995926238141338,False,-0.22893097301012424,406
275,0.9605508,1.5995926238141338,False,-0.22893097301012424,406
257,0.96054256,1.5995926238141338,False,-0.22893097301012424,406
261,0.9574933,1.5995926238141338,False,-0.22893097301012424,406
147,0.9567311,1.5995926238141338,False,-0.22893097301012424,406
105,1.0000002,2.1658250249314452,False,0.807535769213744,37
88,1.0,2.402550373745264,False,0.7633235630472851,37
156,1.0000002,1.7419350571506071,False,0.7389813905963236,37
189,1.0000001,1.7419350571506071,False,0.7389813905963236,37
136,0.99999994,1.7419350571506071,False,0.7389813905963236,37
168,1.0000001,1.7419350571506071,False,0.7389813905963236,37
174,0.99999994,1.7419350571506071,False,0.7389813905963236,37
143,1.0,1.7419350571506071,False,0.7389813905963236,37
134,1.0000002,1.7419350571506071,False,0.7389813905963236,37
141,1.0000002,1.4070155270767797,False,0.7338179132625887,37
79,1.0,1.4070155270767797,False,0.7338179132625887,37
84,1.0000002,1.4070155270767797,False,0.7338179132625887,37
65,1.0000002,1.4070155270767797,False,0.7338179132625887,37
64,1.0000001,1.4070155270767797,False,0.7338179132625887,37
62,1.0000002,1.4070155270767797,False,0.7338179132625887,37
61,1.0000001,1.4070155270767797,False,0.7338179132625887,37
69,1.0,1.4070155270767797,False,0.7338179132625887,37
70,1.0,1.4070155270767797,False,0.7338179132625887,37
55,1.0000002,1.4070155270767797,False,0.7338179132625887,37
57,1.0,1.4070155270767797,False,0.7338179132625887,37
101,1.0000002,1.823914760047799,False,0.7121755060454968,37
116,1.0000001,2.3212212334718387,False,0.7114015608603959,37
171,1.0000005,2.3212212334718387,False,0.7114015608603959,37
274,1.0000001,2.3212212334718387,False,0.7114015608603959,37
66,1.0,3.0316666751145145,False,0.710519918127088,37
124,0.99999964,2.7133973770935294,False,0.5938127048472746,37
87,0.9944171,2.402550373745264,False,0.5880332011661394,37
90,0.99549013,2.402550373745264,False,0.5880332011661394,37
60,0.9999998,1.4070155270767797,False,0.5707934965104304,37
73,0.9999999,1.4070155270767797,False,0.5707934965104304,37
103,0.9999998,1.4070155270767797,False,0.5707934965104304,37
288,0.9999999,1.4070155270767797,False,0.5707934965104304,37
77,0.9947618,1.4070155270767797,False,0.5607938554689086,37
71,0.9946378,1.4070155270767797,False,0.5607938554689086,37
178,0.99999964,1.7419350571506071,False,0.5577381581807146,37
289,0.9988797,1.4070155270767797,False,0.5525746808469796,37
76,0.99999976,1.4070155270767797,False,0.5525746808469796,37
59,0.99999964,1.4070155270767797,False,0.5525746808469796,37
56,0.99999964,1.4070155270767797,False,0.5525746808469796,37
78,0.9999994,1.4070155270767797,False,0.5525746808469796,37
18,1.0000001,1.3531530748370189,False,0.5453733492950386,37
123,1.0,1.3531530748370189,False,0.5453733492950386,37
13,1.0000002,1.3531530748370189,False,0.5453733492950386,37
2,1.0000005,1.3531530748370189,False,0.5453733492950386,37
41,1.0000001,1.3531530748370189,False,0.5453733492950386,37
45,1.0000001,1.3531530748370189,False,0.5453733492950386,37
29,1.0000001,1.3531530748370189,False,0.5453733492950386,37
38,1.0,1.3531530748370189,False,0.5453733492950386,37
21,1.0000002,1.3531530748370189,False,0.5453733492950386,37
14,1.0,1.3531530748370189,False,0.5453733492950386,37
24,1.0,1.3531530748370189,False,0.5453733492950386,37
22,1.0000001,1.3531530748370189,False,0.5453733492950386,37
96,0.9971581,1.4070155270767797,False,0.5396623943862975,37
109,0.9975029,1.4070155270767797,False,0.5396623943862975,37
40,0.9937335,1.3531530748370189,False,0.3888159766471512,37
298,0.9938555,1.3531530748370189,False,0.3888159766471512,37
102,0.9929564,1.4070155270767797,False,0.38325681202741474,37
23,0.9999999,1.3531530748370189,False,0.3800826284554147,37
25,0.9999999,1.3531530748370189,False,0.3800826284554147,37
46,0.9999999,1.3531530748370189,False,0.3800826284554147,37
44,0.9999999,1.3531530748370189,False,0.3800826284554147,37
34,0.9954854,1.3531530748370189,False,0.37008298741389284,37
10,0.9952851,1.3531530748370189,False,0.37008298741389284,37
39,0.9949986,1.3531530748370189,False,0.37008298741389284,37
19,0.9990314,1.3531530748370189,False,0.36186381279196383,37
193,0.99999964,1.3531530748370189,False,0.36186381279196383,37
310,0.9935137,1.3531530748370189,False,0.35436126097664156,37
312,0.9934268,1.3531530748370189,False,0.35436126097664156,37
311,0.9930445,1.3531530748370189,False,0.35436126097664156,37
169,0.9928516,1.7419350571506071,False,0.33699967805844344,37
107,0.9917878,1.4070155270767797,False,0.3012971424948591,37
50,0.9915732,1.4070155270767797,False,0.3012971424948591,37
53,0.9923562,1.4070155270767797,False,0.3012971424948591,37
314,0.9930229,1.3531530748370189,False,0.29618318205694744,37
12,0.9928945,1.3531530748370189,False,0.20817544765843132,37
313,0.9921954,1.3531530748370189,False,0.09294523278535963,37
36,0.99177396,1.3531530748370189,False,0.09294523278535963,37
43,0.99153125,1.3531530748370189,False,0.09294523278535963,37
7,0.99070835,1.3531530748370189,False,-0.07716935209339812,37
224,0.9913431,1.3531530748370189,False,-0.07716935209339812,37
35,0.99064916,1.3531530748370189,False,-0.07716935209339812,37
235,0.9711694,1.7419350571506071,False,-0.1211390856165897,37
177,0.9706521,1.4070155270767797,False,-0.12247520362291833,37
120,0.9707462,1.4070155270767797,False,-0.12247520362291833,37
31,0.9713783,1.4070155270767797,False,-0.12247520362291833,37
95,0.97919285,1.7419350571506071,False,-0.12462822373492671,37
49,0.97759855,1.7419350571506071,False,-0.12462822373492671,37
192,0.9829105,1.7419350571506071,False,-0.12462822373492671,37
196,0.98414695,1.7419350571506071,False,-0.12462822373492671,37
91,0.97710896,1.7419350571506071,False,-0.12462822373492671,37
114,0.9787046,1.4070155270767797,False,-0.12596434174125534,37
190,0.9834119,1.4070155270767797,False,-0.12596434174125534,37
104,0.98756444,1.4070155270767797,False,-0.12596434174125534,37
122,0.98282826,1.4070155270767797,False,-0.12596434174125534,37
309,0.9830492,1.4070155270767797,False,-0.12596434174125534,37
26,0.982718,1.4070155270767797,False,-0.12596434174125534,37
30,0.97925276,1.4070155270767797,False,-0.12596434174125534,37
121,0.9792378,1.4070155270767797,False,-0.12596434174125534,37
17,0.98055446,1.4070155270767797,False,-0.12596434174125534,37
27,0.9798883,1.4070155270767797,False,-0.12596434174125534,37
230,0.97861993,1.4070155270767797,False,-0.12596434174125534,37
83,0.9804255,1.4070155270767797,False,-0.12596434174125534,37
28,0.9828924,1.4070155270767797,False,-0.12596434174125534,37
15,0.9813187,1.4070155270767797,False,-0.12596434174125534,37
308,0.98524225,1.4070155270767797,False,-0.12596434174125534,37
303,0.9856188,1.4070155270767797,False,-0.12596434174125534,37
305,0.98454905,1.4070155270767797,False,-0.12596434174125534,37
301,0.98325205,1.4070155270767797,False,-0.12596434174125534,37
306,0.983858,1.4070155270767797,False,-0.12596434174125534,37
20,0.9775542,1.4070155270767797,False,-0.12596434174125534,37
299,0.986902,1.4070155270767797,False,-0.12596434174125534,37
58,0.9865105,1.4070155270767797,False,-0.12596434174125534,37
52,0.9846546,1.4070155270767797,False,-0.12596434174125534,37
304,0.98618394,1.4070155270767797,False,-0.12596434174125534,37
108,0.9830961,1.4070155270767797,False,-0.12596434174125534,37
210,0.9764488,1.7419350571506071,False,-0.13240868136625197,37
85,0.97653294,1.4070155270767797,False,-0.1337447993725806,37
300,0.9902432,1.4070155270767797,False,-0.14956833725501756,37
51,0.9890313,1.4070155270767797,False,-0.14956833725501756,37
302,0.9884893,1.4070155270767797,False,-0.14956833725501756,37
106,0.97797346,2.1658250249314452,True,-0.16337972771804482,37
119,0.9857335,2.1658250249314452,False,-0.16337972771804482,37
118,0.9866842,2.1658250249314452,False,-0.16337972771804482,37
98,0.9769863,2.1658250249314452,False,-0.17116018534937008,37
267,0.97076297,2.402550373745264,False,-0.17448473199776615,37
197,0.97738004,2.402550373745264,False,-0.17797387011610316,37
72,0.979773,2.402550373745264,False,-0.17797387011610316,37
86,0.9836583,2.402550373745264,False,-0.17797387011610316,37
153,0.9706416,1.3531530748370189,False,-0.19205844221966012,37
191,0.97522855,1.7419350571506071,False,-0.19399590029940816,37
135,0.9751172,1.7419350571506071,False,-0.19399590029940816,37
99,0.97544575,1.4070155270767797,False,-0.1953320183057368,37
1,0.9750153,1.4070155270767797,False,-0.1953320183057368,37
237,0.97323704,1.4070155270767797,False,-0.1953320183057368,37
187,0.97205746,1.4070155270767797,False,-0.1953320183057368,37
75,0.9756764,1.4070155270767797,False,-0.1953320183057368,37
6,0.9719253,1.4070155270767797,False,-0.1953320183057368,37
115,0.97423077,1.4070155270767797,False,-0.1953320183057368,37
3,0.97721064,1.3531530748370189,False,-0.19554758033799718,37
268,0.9782693,1.3531530748370189,False,-0.19554758033799718,37
175,0.9786384,1.3531530748370189,False,-0.19554758033799718,37
8,0.9868114,1.3531530748370189,False,-0.19554758033799718,37
16,0.98644996,1.3531530748370189,False,-0.19554758033799718,37
47,0.97951955,1.3531530748370189,False,-0.19554758033799718,37
89,0.95340204,1.823914760047799,False,-0.19579721731423233,37
218,0.96103275,1.7419350571506071,False,-0.2006237184102751,37
234,0.95929116,1.7419350571506071,False,-0.2006237184102751,37
176,0.95541716,1.7419350571506071,False,-0.2006237184102751,37
161,0.956396,1.7419350571506071,False,-0.2006237184102751,37
93,0.9515203,1.7419350571506071,False,-0.2006237184102751,37
94,0.95105046,1.7419350571506071,False,-0.2006237184102751,37
202,0.9589006,1.7419350571506071,False,-0.2006237184102751,37
180,0.9682223,1.7419350571506071,False,-0.2006237184102751,37
160,0.95413077,1.7419350571506071,False,-0.2006237184102751,37
158,0.9494319,1.7419350571506071,False,-0.2006237184102751,37
277,0.9491129,1.7419350571506071,False,-0.2006237184102751,37
256,0.9527199,1.7419350571506071,False,-0.2006237184102751,37
165,0.9658772,1.7419350571506071,False,-0.2006237184102751,37
198,0.9680493,1.7419350571506071,False,-0.2006237184102751,37
294,0.9127548,1.7419350571506071,False,-0.2006237184102751,37
149,0.85699344,1.7419350571506071,False,-0.2006237184102751,37
147,0.9701893,1.7419350571506071,False,-0.2006237184102751,37
279,0.9552515,1.7419350571506071,False,-0.2006237184102751,37
97,0.95477676,1.7419350571506071,False,-0.2006237184102751,37
266,0.88045895,1.7419350571506071,False,-0.2006237184102751,37
181,0.88071793,1.7419350571506071,False,-0.2006237184102751,37
269,0.9464797,1.7419350571506071,False,-0.2006237184102751,37
207,0.94931924,1.7419350571506071,False,-0.2006237184102751,37
184,0.9501697,1.7419350571506071,False,-0.2006237184102751,37
225,0.92015004,1.7419350571506071,False,-0.2006237184102751,37
37,0.9239141,1.7419350571506071,False,-0.2006237184102751,37
287,0.9150954,1.7419350571506071,False,-0.2006237184102751,37
48,0.9171023,1.7419350571506071,False,-0.2006237184102751,37
204,0.91949034,1.7419350571506071,False,-0.2006237184102751,37
282,0.9348531,1.7419350571506071,False,-0.2006237184102751,37
260,0.94696295,1.7419350571506071,False,-0.2006237184102751,37
261,0.94677716,1.7419350571506071,False,-0.2006237184102751,37
275,0.94710714,1.7419350571506071,False,-0.2006237184102751,37
195,0.94722295,1.7419350571506071,False,-0.2006237184102751,37
188,0.95241356,1.7419350571506071,False,-0.2006237184102751,37
217,0.95213854,1.7419350571506071,False,-0.2006237184102751,37
265,0.87856233,1.7419350571506071,False,-0.2006237184102751,37
182,0.86486244,1.7419350571506071,False,-0.2006237184102751,37
112,0.85789764,1.7419350571506071,False,-0.2006237184102751,37
281,0.9492211,1.7419350571506071,False,-0.2006237184102751,37
239,0.94418746,1.7419350571506071,False,-0.2006237184102751,37
125,0.94559294,1.7419350571506071,False,-0.2006237184102751,37
129,0.93694437,1.4070155270767797,False,-0.20195983641660373,37
32,0.96582925,1.4070155270767797,False,-0.20195983641660373,37
264,0.90791637,1.4070155270767797,False,-0.20195983641660373,37
54,0.9304288,1.4070155270767797,False,-0.20195983641660373,37
74,0.96430373,1.4070155270767797,False,-0.20195983641660373,37
127,0.9560741,1.4070155270767797,False,-0.20195983641660373,37
42,0.94842637,1.4070155270767797,False,-0.20195983641660373,37
257,0.9696941,1.4070155270767797,False,-0.20195983641660373,37
215,0.9610797,1.4070155270767797,False,-0.20195983641660373,37
212,0.9703801,1.4070155270767797,False,-0.20195983641660373,37
238,0.96696764,1.4070155270767797,False,-0.20195983641660373,37
251,0.9676796,1.4070155270767797,False,-0.20195983641660373,37
166,0.96400523,1.4070155270767797,False,-0.20195983641660373,37
131,0.9417888,1.4070155270767797,False,-0.20195983641660373,37
293,0.9375015,1.4070155270767797,False,-0.20195983641660373,37
100,0.9759989,1.3531530748370189,False,-0.20332803796932244,37
291,0.97518677,2.3212212334718387,False,-0.21148030139659155,37
200,0.96828747,2.3212212334718387,False,-0.21810811950745848,37
258,0.9660746,2.3212212334718387,False,-0.21810811950745848,37
142,0.96711195,2.3212212334718387,False,-0.21810811950745848,37
273,0.96881664,2.3212212334718387,False,-0.21810811950745848,37
130,0.9040585,2.3212212334718387,False,-0.21810811950745848,37
221,0.97003806,2.3212212334718387,False,-0.21810811950745848,37
68,0.91648144,2.3212212334718387,False,-0.21810811950745848,37
80,0.91688174,2.3212212334718387,False,-0.21810811950745848,37
67,0.92055047,2.3212212334718387,False,-0.21810811950745848,37
117,0.9024647,2.3212212334718387,False,-0.21810811950745848,37
132,0.88582426,2.3212212334718387,False,-0.21810811950745848,37
206,0.96910363,2.3212212334718387,False,-0.21810811950745848,37
285,0.9677081,2.3212212334718387,False,-0.21810811950745848,37
111,0.8699353,2.3212212334718387,False,-0.21810811950745848,37
126,0.9245833,2.3212212334718387,False,-0.21810811950745848,37
110,0.8834345,2.3212212334718387,False,-0.21810811950745848,37
82,0.9734318,1.3531530748370189,False,-0.2649152569024785,37
33,0.9726542,1.3531530748370189,False,-0.2649152569024785,37
296,0.9644301,1.3531530748370189,False,-0.27154307501334546,37
67,0.99999994,1.4160731647345355,False,0.8258515541024458,60
64,1.0000001,1.6719576723779614,False,0.7606408092371704,60
168,1.0000001,1.665038020435804,False,0.7596700588695589,60
123,1.0,1.665038020435804,False,0.7596700588695589,60
41,1.0000001,1.665038020435804,False,0.7596700588695589,60
45,1.0000001,1.665038020435804,False,0.7596700588695589,60
2,1.0000005,1.665038020435804,False,0.7596700588695589,60
13,1.0000002,1.665038020435804,False,0.7596700588695589,60
14,1.0,1.665038020435804,False,0.7596700588695589,60
21,1.0000002,1.665038020435804,False,0.7596700588695589,60
22,1.0000001,1.665038020435804,False,0.7596700588695589,60
24,1.0,1.665038020435804,False,0.7596700588695589,60
29,1.0000001,1.665038020435804,False,0.7596700588695589,60
18,1.0000001,1.665038020435804,False,0.7596700588695589,60
38,1.0,1.665038020435804,False,0.7596700588695589,60
171,1.0000005,1.776067583814481,False,0.7514832195889138,60
116,1.0000001,1.776067583814481,False,0.7514832195889138,60
274,1.0000001,1.776067583814481,False,0.7514832195889138,60
1,1.0000004,1.1246781530823233,False,0.7491254423230591,60
88,1.0,1.6925597275018613,False,0.7422642032132761,60
65,1.0000002,1.2945053812456575,False,0.7384877426803153,60
105,1.0000002,1.3179747443398497,False,0.7338179132625887,60
42,1.0000002,1.8510388094235992,False,0.6800110669479261,60
40,0.99999994,1.8510388094235992,False,0.6800110669479261,60
298,1.0,1.8510388094235992,False,0.6800110669479261,60
43,1.0000001,1.8510388094235992,False,0.6800110669479261,60
68,0.9987775,1.4160731647345355,False,0.642342017599371,60
44,0.9999999,1.665038020435804,False,0.5966456421174007,60
46,0.9999999,1.665038020435804,False,0.5966456421174007,60
25,0.9999999,1.665038020435804,False,0.5966456421174007,60
23,0.9999999,1.665038020435804,False,0.5966456421174007,60
39,0.9949986,1.665038020435804,False,0.5866460010758788,60
34,0.9954854,1.665038020435804,False,0.5866460010758788,60
10,0.9952851,1.665038020435804,False,0.5866460010758788,60
19,0.9990314,1.665038020435804,False,0.5784268264539498,60
193,0.99999964,1.665038020435804,False,0.5784268264539498,60
87,0.9944171,1.6925597275018613,False,0.5692401454195962,60
90,0.99549013,1.6925597275018613,False,0.5692401454195962,60
6,0.9985262,1.1246781530823233,False,0.5678822099074501,60
312,0.9934268,1.665038020435804,False,0.5247415168618469,60
310,0.9935137,1.665038020435804,False,0.5247415168618469,60
311,0.9930445,1.665038020435804,False,0.5247415168618469,60
313,0.99462515,1.8510388094235992,False,0.5155981678063255,60
3,0.99999964,1.8510388094235992,False,0.5073789931843965,60
36,0.9984319,1.8510388094235992,False,0.4944667067237143,60
314,0.9930229,1.665038020435804,False,0.46656343794215266,60
12,0.9928945,1.665038020435804,False,0.409108957634385,60
7,0.99141,1.665038020435804,False,0.05625103691239979,60
8,0.9912697,1.1246781530823233,False,0.00289816109189259,60
35,0.99064916,1.665038020435804,False,-0.04696908166006532,60
224,0.9913431,1.665038020435804,False,-0.04696908166006532,60
20,0.99045926,1.1246781530823233,False,-0.056925567575599814,60
26,0.9904927,1.1246781530823233,False,-0.056925567575599814,60
124,0.98032,1.6719576723779614,True,-0.11667359515874086,60
83,0.971015,1.3179747443398497,False,-0.12247520362291833,60
119,0.9857335,1.3179747443398497,False,-0.12596434174125534,60
106,0.97797346,1.3179747443398497,False,-0.12596434174125534,60
118,0.9866842,1.3179747443398497,False,-0.12596434174125534,60
98,0.9769863,1.3179747443398497,False,-0.1337447993725806,60
15,0.9888879,1.1246781530823233,False,-0.1390840626664686,60
28,0.9892098,1.1246781530823233,False,-0.1390840626664686,60
153,0.9706416,1.665038020435804,False,-0.14815338172166642,60
267,0.97076297,1.6925597275018613,False,-0.14833998676355636,60
309,0.98632044,1.665038020435804,False,-0.15164251984000343,60
27,0.9847605,1.665038020435804,False,-0.15164251984000343,60
16,0.98644996,1.665038020435804,False,-0.15164251984000343,60
268,0.9782693,1.665038020435804,False,-0.15164251984000343,60
47,0.97951955,1.665038020435804,False,-0.15164251984000343,60
175,0.9786384,1.665038020435804,False,-0.15164251984000343,60
72,0.979773,1.6925597275018613,False,-0.15182912488189337,60
84,0.9778186,1.6925597275018613,False,-0.15182912488189337,60
197,0.97738004,1.6925597275018613,False,-0.15182912488189337,60
86,0.9836583,1.6925597275018613,False,-0.15182912488189337,60
32,0.97681594,1.665038020435804,False,-0.1594229774713287,60
100,0.9759989,1.665038020435804,False,-0.1594229774713287,60
76,0.9614475,1.6719576723779614,False,-0.19266908983408929,60
107,0.94998217,1.6719576723779614,False,-0.19266908983408929,60
102,0.9594641,1.6719576723779614,False,-0.19266908983408929,60
293,0.9375015,1.6719576723779614,False,-0.19266908983408929,60
129,0.93694437,1.6719576723779614,False,-0.19266908983408929,60
66,0.94341636,1.6719576723779614,False,-0.19266908983408929,60
77,0.9644271,1.6719576723779614,False,-0.19266908983408929,60
101,0.95700794,1.6719576723779614,False,-0.19266908983408929,60
115,0.9714818,1.3179747443398497,False,-0.1953320183057368,60
85,0.97433794,1.3179747443398497,False,-0.1953320183057368,60
299,0.9719918,1.3179747443398497,False,-0.1953320183057368,60
75,0.9756764,1.2945053812456575,False,-0.20892196725321244,60
127,0.9560741,1.2945053812456575,False,-0.21554978536407937,60
89,0.96780396,1.2945053812456575,False,-0.21554978536407937,60
74,0.96430373,1.2945053812456575,False,-0.21554978536407937,60
108,0.97537357,1.776067583814481,False,-0.21656206369298908,60
288,0.9720267,1.776067583814481,False,-0.21656206369298908,60
291,0.97518677,1.776067583814481,False,-0.21656206369298908,60
91,0.9752037,1.776067583814481,False,-0.21656206369298908,60
95,0.9744293,1.776067583814481,False,-0.21656206369298908,60
82,0.9734318,1.665038020435804,False,-0.22101019640448488,60
230,0.9718922,1.665038020435804,False,-0.22101019640448488,60
135,0.9751172,1.665038020435804,False,-0.22101019640448488,60
33,0.9726542,1.665038020435804,False,-0.22101019640448488,60
80,0.91688174,1.776067583814481,False,-0.22318988180385602,60
58,0.9693429,1.776067583814481,False,-0.22318988180385602,60
200,0.96828747,1.776067583814481,False,-0.22318988180385602,60
176,0.9674438,1.776067583814481,False,-0.22318988180385602,60
110,0.8834345,1.776067583814481,False,-0.22318988180385602,60
126,0.9245833,1.776067583814481,False,-0.22318988180385602,60
273,0.96881664,1.776067583814481,False,-0.22318988180385602,60
285,0.9677081,1.776067583814481,False,-0.22318988180385602,60
206,0.96910363,1.776067583814481,False,-0.22318988180385602,60
221,0.97003806,1.776067583814481,False,-0.22318988180385602,60
289,0.96983236,1.776067583814481,False,-0.22318988180385602,60
130,0.9040585,1.776067583814481,False,-0.22318988180385602,60
117,0.9024647,1.776067583814481,False,-0.22318988180385602,60
132,0.88582426,1.776067583814481,False,-0.22318988180385602,60
111,0.8699353,1.776067583814481,False,-0.22318988180385602,60
217,0.96543884,1.776067583814481,False,-0.22318988180385602,60
142,0.96711195,1.776067583814481,False,-0.22318988180385602,60
180,0.9655926,1.776067583814481,False,-0.22318988180385602,60
258,0.9660746,1.776067583814481,False,-0.22318988180385602,60
96,0.96577084,1.776067583814481,False,-0.22318988180385602,60
120,0.96957326,1.665038020435804,False,-0.22763801451535182,60
37,0.9570348,1.665038020435804,False,-0.22763801451535182,60
265,0.87856233,1.665038020435804,False,-0.22763801451535182,60
266,0.88045895,1.665038020435804,False,-0.22763801451535182,60
182,0.86486244,1.665038020435804,False,-0.22763801451535182,60
149,0.85699344,1.665038020435804,False,-0.22763801451535182,60
181,0.88071793,1.665038020435804,False,-0.22763801451535182,60
287,0.87216204,1.665038020435804,False,-0.22763801451535182,60
277,0.85744,1.665038020435804,False,-0.22763801451535182,60
112,0.85789764,1.665038020435804,False,-0.22763801451535182,60
296,0.9644301,1.665038020435804,False,-0.22763801451535182,60
31,0.9520681,1.665038020435804,False,-0.22763801451535182,60
56,0.9603458,1.665038020435804,False,-0.22763801451535182,60
67,0.99999994,2.176641028144471,False,0.8205312461223427,7
64,1.0000001,1.7672876606124344,False,0.8041921354615991,7
65,1.0000002,2.2311910074170602,False,0.7679933924650116,7
106,1.0000002,2.402550373745264,False,0.7633235630472851,7
1,1.0000004,2.0393732897056265,False,0.750982585783929,7
123,1.0,1.5156813974345618,False,0.7206047845724295,7
168,1.0000001,1.5156813974345618,False,0.7206047845724295,7
38,1.0,1.5156813974345618,False,0.7206047845724295,7
22,1.0000001,1.5156813974345618,False,0.7206047845724295,7
24,1.0,1.5156813974345618,False,0.7206047845724295,7
29,1.0000001,1.5156813974345618,False,0.7206047845724295,7
45,1.0000001,1.5156813974345618,False,0.7206047845724295,7
14,1.0,1.5156813974345618,False,0.7206047845724295,7
18,1.0000001,1.5156813974345618,False,0.7206047845724295,7
21,1.0000002,1.5156813974345618,False,0.7206047845724295,7
2,1.0000005,1.5156813974345618,False,0.7206047845724295,7
13,1.0000002,1.5156813974345618,False,0.7206047845724295,7
41,1.0000001,1.5156813974345618,False,0.7206047845724295,7
105,1.0000002,2.1042820576625,False,0.715934955154703,7
68,0.9987775,2.176641028144471,False,0.637021709619268,7
6,0.9985262,2.0393732897056265,False,0.5697393533683198,7
124,0.99999964,1.6925597275018613,False,0.5610209707976671,7
46,0.9999999,1.5156813974345618,False,0.5575803678202713,7
25,0.9999999,1.5156813974345618,False,0.5575803678202713,7
23,0.9999999,1.5156813974345618,False,0.5575803678202713,7
44,0.9999999,1.5156813974345618,False,0.5575803678202713,7
34,0.9954854,1.5156813974345618,False,0.5475807267787495,7
39,0.9949986,1.5156813974345618,False,0.5475807267787495,7
10,0.9952851,1.5156813974345618,False,0.5475807267787495,7
193,0.99999964,1.5156813974345618,False,0.5393615521568205,7
19,0.9999997,1.5156813974345618,False,0.5393615521568205,7
298,0.9938555,1.5156813974345618,False,0.520130958235227,7
40,0.9937335,1.5156813974345618,False,0.520130958235227,7
311,0.9930445,1.5156813974345618,False,0.46504066921634213,7
310,0.9935137,1.5156813974345618,False,0.46504066921634213,7
312,0.9934268,1.5156813974345618,False,0.46504066921634213,7
314,0.9930229,1.5156813974345618,False,0.406862590296648,7
12,0.9928945,1.5156813974345618,False,0.3494081099888803,7
36,0.99177396,1.5156813974345618,False,0.2674484404563246,7
313,0.9921954,1.5156813974345618,False,0.2674484404563246,7
43,0.99153125,1.5156813974345618,False,0.2674484404563246,7
7,0.99141,1.5156813974345618,False,0.029820734607411144,7
8,0.9912697,2.0393732897056265,False,-0.05373138840178322,7
35,0.99064916,1.5156813974345618,False,-0.07339938396505392,7
224,0.9913431,1.5156813974345618,False,-0.07339938396505392,7
107,0.94998217,2.1894812002126276,False,-0.10923903817283902,7
76,0.9614475,2.1894812002126276,False,-0.10923903817283902,7
77,0.9644271,2.1894812002126276,False,-0.10923903817283902,7
102,0.9594641,2.1894812002126276,False,-0.10923903817283902,7
129,0.93694437,2.1894812002126276,False,-0.10923903817283902,7
101,0.95700794,2.1894812002126276,False,-0.10923903817283902,7
66,0.94341636,2.1894812002126276,False,-0.10923903817283902,7
293,0.9375015,2.1894812002126276,False,-0.10923903817283902,7
20,0.99045926,2.0393732897056265,False,-0.11355511706927558,7
26,0.9904927,2.0393732897056265,False,-0.11355511706927558,7
83,0.971015,2.1042820576625,False,-0.14270466639226653,7
119,0.9857335,2.1042820576625,False,-0.14619380451060357,7
118,0.9866842,2.1042820576625,False,-0.14619380451060357,7
98,0.9769863,2.1042820576625,False,-0.15397426214192883,7
153,0.9706416,1.5156813974345618,False,-0.15629461533974218,7
16,0.9839634,1.5156813974345618,False,-0.15978375345807921,7
47,0.97951955,1.5156813974345618,False,-0.15978375345807921,7
3,0.97721064,1.5156813974345618,False,-0.15978375345807921,7
175,0.9786384,1.5156813974345618,False,-0.15978375345807921,7
268,0.9782693,1.5156813974345618,False,-0.15978375345807921,7
28,0.9852655,1.5156813974345618,False,-0.15978375345807921,7
309,0.98632044,1.5156813974345618,False,-0.15978375345807921,7
27,0.9847605,1.5156813974345618,False,-0.15978375345807921,7
15,0.9881432,1.5156813974345618,False,-0.15978375345807921,7
42,0.97599417,1.5156813974345618,False,-0.16756421108940447,7
100,0.9759989,1.5156813974345618,False,-0.16756421108940447,7
32,0.97681594,1.5156813974345618,False,-0.16756421108940447,7
299,0.9719918,2.1042820576625,False,-0.215561481075085,7
115,0.9714818,2.1042820576625,False,-0.215561481075085,7
85,0.97433794,2.1042820576625,False,-0.215561481075085,7
91,0.9739561,1.5156813974345618,False,-0.22915143002256064,7
33,0.9726542,1.5156813974345618,False,-0.22915143002256064,7
197,0.97245276,1.5156813974345618,False,-0.22915143002256064,7
230,0.9718922,1.5156813974345618,False,-0.22915143002256064,7
82,0.9734318,1.5156813974345618,False,-0.22915143002256064,7
135,0.9751172,1.5156813974345618,False,-0.22915143002256064,7
267,0.9730605,1.5156813974345618,False,-0.22915143002256064,7
72,0.9740269,1.5156813974345618,False,-0.22915143002256064,7
56,0.9603458,1.5156813974345618,False,-0.23577924813342757,7
31,0.9520681,1.5156813974345618,False,-0.23577924813342757,7
296,0.9644301,1.5156813974345618,False,-0.23577924813342757,7
120,0.95726275,1.5156813974345618,False,-0.23577924813342757,7
87,0.970551,1.5156813974345618,False,-0.23577924813342757,7
266,0.88045895,1.5156813974345618,False,-0.23577924813342757,7
181,0.88071793,1.5156813974345618,False,-0.23577924813342757,7
273,0.95636857,1.5156813974345618,False,-0.23577924813342757,7
288,0.96661466,1.5156813974345618,False,-0.23577924813342757,7
112,0.85789764,1.5156813974345618,False,-0.23577924813342757,7
182,0.86486244,1.5156813974345618,False,-0.23577924813342757,7
287,0.87216204,1.5156813974345618,False,-0.23577924813342757,7
37,0.9570348,1.5156813974345618,False,-0.23577924813342757,7
149,0.85699344,1.5156813974345618,False,-0.23577924813342757,7
277,0.85744,1.5156813974345618,False,-0.23577924813342757,7
95,0.96428704,1.5156813974345618,False,-0.23577924813342757,7
289,0.9667299,1.5156813974345618,False,-0.23577924813342757,7
84,0.9691748,1.5156813974345618,False,-0.23577924813342757,7
265,0.87856233,1.5156813974345618,False,-0.23577924813342757,7
130,0.9628763,2.176641028144471,False,-0.24701531883316982,7
117,0.92886883,2.176641028144471,False,-0.24701531883316982,7
80,0.92813206,2.176641028144471,False,-0.24701531883316982,7
126,0.92592156,2.176641028144471,False,-0.24701531883316982,7
116,0.92055047,2.176641028144471,False,-0.24701531883316982,7
111,0.9477696,2.176641028144471,False,-0.24701531883316982,7
132,0.9574528,2.176641028144471,False,-0.24701531883316982,7
110,0.9333892,2.176641028144471,False,-0.24701531883316982,7
75,0.9756764,2.2311910074170602,False,-0.26093149562806023,7
127,0.9560741,2.2311910074170602,False,-0.26755931373892716,7
89,0.96780396,2.2311910074170602,False,-0.26755931373892716,7
74,0.96430373,2.2311910074170602,False,-0.26755931373892716,7
302,1.0,4.492146358165263,True,0.6375673739007581,451
299,1.0,4.492146358165263,True,0.6375673739007581,451
123,1.0,4.1014344279195845,False,0.6375673739007581,451
70,1.0,4.1014344279195845,False,0.6375673739007581,451
298,1.0,4.1014344279195845,False,0.6375673739007581,451
311,1.0000002,4.1014344279195845,False,0.6375673739007581,451
130,1.0,4.1014344279195845,False,0.6375673739007581,451
307,1.0000002,4.492146358165263,False,0.6375673739007581,451
97,1.0,4.005640151128899,False,0.6108552113790512,451
57,1.0,4.349411808056104,False,0.5773574095242612,451
274,1.0000001,4.349411808056104,False,0.5773574095242612,451
91,1.0,4.349411808056104,False,0.5773574095242612,451
249,0.99999994,3.995597986059241,False,0.5686390269536085,451
54,1.0000001,3.995597986059241,False,0.5686390269536085,451
310,1.0000002,3.995597986059241,False,0.5686390269536085,451
71,1.0000002,4.316010938019392,False,0.5151647042873048,451
114,1.0000001,4.3008976687914,False,0.48910491589778593,451
115,1.0000002,4.3008976687914,False,0.48910491589778593,451
109,0.9975029,4.226424196672404,False,0.4761199589509225,451
107,0.9999999,4.1014344279195845,False,0.47227665306113414,451
177,0.9999999,4.381247547721895,False,0.47227665306113414,451
40,0.9953525,4.1014344279195845,False,0.46227701201961224,451
300,0.9954728,4.492146358165263,False,0.46227701201961224,451
306,0.9958091,4.492146358165263,False,0.46227701201961224,451
43,0.9944343,4.1014344279195845,False,0.46227701201961224,451
304,0.9961369,4.492146358165263,True,0.46227701201961224,451
308,0.99456406,4.492146358165263,False,0.46227701201961224,451
313,0.9963833,4.1014344279195845,False,0.4488787989129097,451
301,0.99688697,4.492146358165263,False,0.4411455509370011,451
36,0.9984319,4.1014344279195845,False,0.4411455509370011,451
312,0.99646145,4.1014344279195845,False,0.4411455509370011,451
96,0.99999964,4.005640151128899,False,0.4382231376155214,451
58,0.9999998,4.349411808056104,False,0.4229441514241822,451
192,0.9999999,4.349411808056104,False,0.4229441514241822,451
29,0.9938555,4.1014344279195845,False,0.4217486734967382,451
34,0.99424505,4.1014344279195845,False,0.4217486734967382,451
52,0.9999997,4.349411808056104,False,0.40472533576073133,451
108,0.99999964,3.995597986059241,False,0.39600695319007856,451
303,0.99327904,4.492146358165263,False,0.3834665984988221,451
41,0.9930445,4.1014344279195845,False,0.3834665984988221,451
49,0.9938158,4.349411808056104,False,0.37241617185978626,451
53,0.99305856,4.005640151128899,False,0.3676318987166603,451
60,0.9930667,4.005640151128899,False,0.3676318987166603,451
314,0.99299216,4.1014344279195845,False,0.3046896096096788,451
50,0.9925796,4.005640151128899,False,0.1727633641461008,451
18,0.9925939,4.1014344279195845,False,0.12399538378987376,451
35,0.99155736,3.995597986059241,False,0.10689056781163112,451
95,0.99249893,4.349411808056104,False,0.10489914473405515,451
39,0.9916122,4.1014344279195845,False,0.08962896623261812,451
19,0.99225426,4.1014344279195845,False,0.08962896623261812,451
76,0.9917878,4.1014344279195845,False,0.08962896623261812,451
305,0.99233466,4.492146358165263,False,0.08962896623261812,451
77,0.9923438,4.1014344279195845,False,0.08962896623261812,451
66,0.98751307,4.226424196672404,False,-0.22687172623641608,451
207,0.97989684,4.3008976687914,False,-0.22809756004942747,451
212,0.9851457,4.3008976687914,False,-0.22809756004942747,451
288,0.9777821,4.3008976687914,False,-0.22809756004942747,451
289,0.9787046,4.3008976687914,False,-0.22809756004942747,451
262,0.97597194,4.3008976687914,False,-0.23587801768075273,451
250,0.97607225,4.3008976687914,False,-0.23587801768075273,451
160,0.97622406,4.3008976687914,False,-0.23587801768075273,451
279,0.9711032,4.005640151128899,False,-0.2905450240936702,451
105,0.9714818,4.3008976687914,False,-0.29746523661390895,451
198,0.975067,4.3008976687914,False,-0.29746523661390895,451
191,0.9726083,4.3008976687914,False,-0.29746523661390895,451
127,0.9345183,4.226424196672404,False,-0.3028672209117645,451
131,0.9417888,4.226424196672404,False,-0.3028672209117645,451
129,0.94839346,4.226424196672404,False,-0.3028672209117645,451
101,0.9360188,4.226424196672404,False,-0.3028672209117645,451
61,0.986902,3.995597986059241,False,-0.3070164587932131,451
59,0.9857446,3.995597986059241,False,-0.3070164587932131,451
142,0.9859476,3.995597986059241,False,-0.3070164587932131,451
228,0.98395413,3.995597986059241,False,-0.3070164587932131,451
162,0.98418736,3.995597986059241,False,-0.3070164587932131,451
197,0.9856504,3.995597986059241,False,-0.3070164587932131,451
283,0.9879898,3.995597986059241,False,-0.3070164587932131,451
246,0.9847282,3.995597986059241,False,-0.3070164587932131,451
51,0.9831506,3.995597986059241,False,-0.3070164587932131,451
267,0.9858419,3.995597986059241,False,-0.3070164587932131,451
72,0.9858208,3.995597986059241,False,-0.3070164587932131,451
233,0.981568,3.995597986059241,False,-0.3070164587932131,451
63,0.9822961,3.995597986059241,False,-0.3070164587932131,451
136,0.9829105,4.349411808056104,False,-0.3090078818707891,451
132,0.98891175,3.995597986059241,False,-0.3306204543069753,451
10,0.9795196,4.1014344279195845,False,-0.33566117929939776,451
3,0.97721064,4.1014344279195845,False,-0.33566117929939776,451
102,0.9875616,4.1014344279195845,False,-0.33566117929939776,451
21,0.9805512,4.1014344279195845,False,-0.33566117929939776,451
38,0.97808325,4.492146358165263,False,-0.33566117929939776,451
23,0.97656333,4.1014344279195845,False,-0.34344163693072305,451
64,0.9325036,4.316010938019392,False,-0.35659006722597403,451
12,0.99017876,4.1014344279195845,False,-0.35926517481315995,451
257,0.96054256,4.005640151128899,False,-0.37002965688735556,451
141,0.96193403,4.005640151128899,False,-0.37002965688735556,451
125,0.9608599,4.005640151128899,False,-0.37002965688735556,451
275,0.9605508,4.005640151128899,False,-0.37002965688735556,451
147,0.9567311,4.005640151128899,False,-0.37002965688735556,451
261,0.9574933,4.005640151128899,False,-0.37002965688735556,451
187,0.9554015,4.005640151128899,False,-0.37002965688735556,451
5,0.9555752,4.005640151128899,False,-0.37002965688735556,451
74,0.9348842,3.995597986059241,False,-0.38301195346856154,451
89,0.95131266,3.995597986059241,False,-0.38301195346856154,451
75,0.93976355,3.995597986059241,False,-0.38301195346856154,451
126,0.9087595,3.995597986059241,False,-0.38301195346856154,451
68,0.96413183,3.995597986059241,False,-0.38301195346856154,451
111,0.94527483,3.995597986059241,False,-0.38301195346856154,451
110,0.93113613,3.995597986059241,False,-0.38301195346856154,451
67,0.9628763,3.995597986059241,False,-0.38301195346856154,451
117,0.9446459,3.995597986059241,False,-0.38301195346856154,451
65,0.9290576,3.995597986059241,False,-0.38301195346856154,451
80,0.91777176,3.995597986059241,False,-0.38301195346856154,451
176,0.9674438,4.349411808056104,False,-0.38500337654613753,451
258,0.9660746,4.349411808056104,False,-0.38500337654613753,451
260,0.95036185,4.349411808056104,False,-0.38500337654613753,451
217,0.96543884,4.349411808056104,False,-0.38500337654613753,451
180,0.9655926,4.349411808056104,False,-0.38500337654613753,451
94,0.942453,4.349411808056104,False,-0.38500337654613753,451
277,0.94237626,4.349411808056104,False,-0.38500337654613753,451
225,0.9461678,4.349411808056104,False,-0.38500337654613753,451
158,0.9490533,4.349411808056104,False,-0.38500337654613753,451
179,0.93893147,4.349411808056104,False,-0.38500337654613753,451
37,0.94113576,4.349411808056104,False,-0.38500337654613753,451
285,0.9677081,4.349411808056104,False,-0.38500337654613753,451
13,0.9730221,4.1014344279195845,False,-0.4050288558638792,451
82,0.9734318,4.1014344279195845,False,-0.4050288558638792,451
269,0.9730542,4.381247547721895,False,-0.4050288558638792,451
98,0.97050226,4.1014344279195845,False,-0.41165667397474615,451
110,1.0000002,0.9328940733872192,False,0.7703385951560128,449
311,1.0000002,1.5356680331472403,False,0.7688276485178154,449
123,1.0,1.5356680331472403,False,0.7688276485178154,449
130,1.0,1.5356680331472403,False,0.7688276485178154,449
298,1.0,1.5356680331472403,False,0.7688276485178154,449
70,1.0,1.5356680331472403,False,0.7688276485178154,449
71,1.0000002,1.3799761976920062,False,0.7554773319034354,449
91,1.0,1.4629961183780176,False,0.7514832195889138,449
274,1.0000001,1.4629961183780176,False,0.7514832195889138,449
57,1.0,1.4629961183780176,False,0.7514832195889138,449
111,1.0000002,0.9296545825207545,False,0.7384877426803153,449
65,1.0000002,1.2476205094098916,False,0.6548553633195572,449
64,1.0000001,1.2476205094098916,False,0.6548553633195572,449
177,0.9999999,1.136951769255531,False,0.6144425426560058,449
107,0.9999999,1.5356680331472403,False,0.6058032317656571,449
58,0.9999998,1.5401582072782256,False,0.6058032317656571,449
43,0.9944343,1.5356680331472403,False,0.5958035907241354,449
40,0.9953525,1.5356680331472403,False,0.5958035907241354,449
310,0.9952489,1.5356680331472403,False,0.5958035907241354,449
192,0.9999999,1.4629961183780176,False,0.5884588028367557,449
109,0.9957278,1.3799761976920062,False,0.5824532741097553,449
313,0.9963833,1.5356680331472403,False,0.5824053776174328,449
36,0.9984319,1.5356680331472403,False,0.5746721296415241,449
312,0.99646145,1.5356680331472403,False,0.5746721296415241,449
96,0.99999964,1.4629961183780176,False,0.5702399871733048,449
52,0.9999997,1.4629961183780176,False,0.5702399871733048,449
34,0.99424505,1.5356680331472403,False,0.5683538221806129,449
29,0.9938555,1.5356680331472403,False,0.5683538221806129,449
117,0.9999998,1.5363351256428013,False,0.5575803678202713,449
49,0.9938158,1.4629961183780176,False,0.5510093932517115,449
41,0.9930445,1.5356680331472403,False,0.5507073205310722,449
60,0.9930667,1.4629961183780176,False,0.49591910423282654,449
53,0.99305856,1.4629961183780176,False,0.49591910423282654,449
314,0.99299216,1.5356680331472403,False,0.49252924161137795,449
18,0.9925939,1.5356680331472403,False,0.3542109639877943,449
50,0.9925796,1.4629961183780176,False,0.3326932930300647,449
76,0.9917878,1.5356680331472403,False,0.31984454643053867,449
77,0.9923438,1.5356680331472403,False,0.31984454643053867,449
19,0.99225426,1.5356680331472403,False,0.31984454643053867,449
39,0.9916122,1.5356680331472403,False,0.31984454643053867,449
95,0.99249893,1.4629961183780176,False,0.29832687547280906,449
108,0.9905019,1.5401582072782256,False,-0.002743499625637713,449
35,0.99110335,1.5356680331472403,False,-0.002743499625637713,449
289,0.9706521,1.136951769255531,False,-0.07882615747734294,449
115,0.98375446,1.136951769255531,False,-0.08231529559567995,449
198,0.9826759,1.136951769255531,False,-0.08231529559567995,449
114,0.98327684,1.136951769255531,False,-0.08231529559567995,449
101,0.97118366,1.5356680331472403,False,-0.11763258975189966,449
66,0.98751307,1.3799761976920062,False,-0.11800971316506949,449
102,0.9875616,1.5356680331472403,False,-0.12112172787023665,449
61,0.9865105,1.5401582072782256,False,-0.12112172787023665,449
21,0.9805512,1.5356680331472403,False,-0.12112172787023665,449
3,0.97721064,1.5356680331472403,False,-0.12112172787023665,449
10,0.9795196,1.5356680331472403,False,-0.12112172787023665,449
23,0.97656333,1.5356680331472403,False,-0.12890218550156193,449
124,0.98032,1.2476205094098916,False,-0.14085335119637724,449
132,0.98891175,1.5356680331472403,False,-0.14472572338399894,449
12,0.99017876,1.5356680331472403,False,-0.14472572338399894,449
303,0.98208547,1.4629961183780176,False,-0.14719438712850766,449
136,0.9829105,1.4629961183780176,False,-0.14719438712850766,449
160,0.9748241,1.136951769255531,False,-0.1516829721601614,449
269,0.9730542,1.136951769255531,False,-0.1516829721601614,449
207,0.97249603,1.136951769255531,False,-0.1516829721601614,449
288,0.9688928,1.136951769255531,False,-0.15831079027102835,449
212,0.9675025,1.136951769255531,False,-0.15831079027102835,449
67,0.9333892,0.9328940733872192,False,-0.18032005539961302,449
80,0.9225857,0.9328940733872192,False,-0.18032005539961302,449
68,0.93603015,0.9328940733872192,False,-0.18032005539961302,449
126,0.9227898,0.9328940733872192,False,-0.18032005539961302,449
13,0.9730221,1.5356680331472403,False,-0.19048940443471812,449
82,0.9734318,1.5356680331472403,False,-0.19048940443471812,449
131,0.9417888,1.3799761976920062,False,-0.19400520784041791,449
129,0.94839346,1.3799761976920062,False,-0.19400520784041791,449
127,0.94037515,1.3799761976920062,False,-0.19400520784041791,449
54,0.9304288,1.3799761976920062,False,-0.19400520784041791,449
89,0.9562758,1.5356680331472403,False,-0.19711722254558506,449
98,0.97050226,1.5356680331472403,False,-0.19711722254558506,449
75,0.96830446,1.5356680331472403,False,-0.19711722254558506,449
42,0.94842637,1.2476205094098916,False,-0.2168488458717256,449
74,0.96430373,1.2476205094098916,False,-0.2168488458717256,449
293,0.9375015,1.2476205094098916,False,-0.2168488458717256,449
37,0.94113576,1.4629961183780176,False,-0.22318988180385602,449
258,0.9660746,1.4629961183780176,False,-0.22318988180385602,449
176,0.9674438,1.4629961183780176,False,-0.22318988180385602,449
142,0.96711195,1.4629961183780176,False,-0.22318988180385602,449
180,0.9655926,1.4629961183780176,False,-0.22318988180385602,449
217,0.96543884,1.4629961183780176,False,-0.22318988180385602,449
260,0.95036185,1.4629961183780176,False,-0.22318988180385602,449
285,0.9677081,1.4629961183780176,False,-0.22318988180385602,449
158,0.9490533,1.4629961183780176,False,-0.22318988180385602,449
225,0.9461678,1.4629961183780176,False,-0.22318988180385602,449
277,0.94237626,1.4629961183780176,False,-0.22318988180385602,449
94,0.942453,1.4629961183780176,False,-0.22318988180385602,449
179,0.93893147,1.4629961183780176,False,-0.22318988180385602,449
1,1.0000004,3.2328464106950023,False,0.8332168162357175,3
171,1.0000005,2.5616316318754624,False,0.8028195472515381,3
116,1.0000001,2.5616316318754624,False,0.8028195472515381,3
274,1.0000001,2.5616316318754624,False,0.8028195472515381,3
88,1.0,2.644779002762438,False,0.7889307014581739,3
156,1.0000002,1.4856983541687239,False,0.7806688685454721,3
143,1.0,1.4856983541687239,False,0.7806688685454721,3
174,0.99999994,1.4856983541687239,False,0.7806688685454721,3
136,0.99999994,1.4856983541687239,False,0.7806688685454721,3
168,1.0000001,1.4856983541687239,False,0.7806688685454721,3
189,1.0000001,1.4856983541687239,False,0.7806688685454721,3
134,1.0000002,1.4856983541687239,False,0.7806688685454721,3
45,1.0000001,2.1416932301721503,False,0.7733745215803072,3
41,1.0000001,2.1416932301721503,False,0.7733745215803072,3
38,1.0,2.1416932301721503,False,0.7733745215803072,3
18,1.0000001,2.1416932301721503,False,0.7733745215803072,3
14,1.0,2.1416932301721503,False,0.7733745215803072,3
24,1.0,2.1416932301721503,False,0.7733745215803072,3
29,1.0000001,2.1416932301721503,False,0.7733745215803072,3
22,1.0000001,2.1416932301721503,False,0.7733745215803072,3
2,1.0000005,2.1416932301721503,False,0.7733745215803072,3
21,1.0000002,2.1416932301721503,False,0.7733745215803072,3
13,1.0000002,2.1416932301721503,False,0.7733745215803072,3
123,1.0,2.1416932301721503,False,0.7733745215803072,3
105,1.0000002,2.8996275052944056,False,0.7635118337081211,3
69,1.0,0.90085796062427,False,0.7621505568930053,3
106,1.0000002,1.823914760047799,False,0.7121755060454968,3
61,1.0000001,1.7208903142394998,False,0.6591835904644638,3
55,1.0000002,1.7208903142394998,False,0.6591835904644638,3
84,1.0000002,1.7208903142394998,False,0.6591835904644638,3
65,1.0000002,1.7208903142394998,False,0.6591835904644638,3
141,1.0000002,1.7208903142394998,False,0.6591835904644638,3
57,1.0,1.7208903142394998,False,0.6591835904644638,3
64,1.0000001,1.7208903142394998,False,0.6591835904644638,3
79,1.0,1.7208903142394998,False,0.6591835904644638,3
62,1.0000002,1.7208903142394998,False,0.6591835904644638,3
70,1.0,1.7208903142394998,False,0.6591835904644638,3
6,0.9985262,3.2328464106950023,False,0.6497072797326428,3
124,0.99999964,2.770381193703237,False,0.623304123062985,3
178,0.99999964,1.4856983541687239,False,0.6138890333188802,3
87,0.9944171,2.644779002762438,False,0.6136403395770282,3
90,0.99549013,2.644779002762438,False,0.6136403395770282,3
44,0.9999999,2.1416932301721503,False,0.6080838007406832,3
25,0.9999999,2.1416932301721503,False,0.6080838007406832,3
23,0.9999999,2.1416932301721503,False,0.6080838007406832,3
46,0.9999999,2.1416932301721503,False,0.6080838007406832,3
39,0.9949986,2.1416932301721503,False,0.5980841596991615,3
10,0.9952851,2.1416932301721503,False,0.5980841596991615,3
34,0.9954854,2.1416932301721503,False,0.5980841596991615,3
19,0.9990314,2.1416932301721503,False,0.5898649850772324,3
193,0.99999964,2.1416932301721503,False,0.5898649850772324,3
40,0.9937335,2.1416932301721503,False,0.5575558211762874,3
298,0.9938555,2.1416932301721503,False,0.5575558211762874,3
311,0.9930445,2.1416932301721503,False,0.5399093195267466,3
312,0.9934268,2.1416932301721503,False,0.5399093195267466,3
310,0.9935137,2.1416932301721503,False,0.5399093195267466,3
73,0.9999999,1.7208903142394998,False,0.5047703323643851,3
60,0.9999998,1.7208903142394998,False,0.5047703323643851,3
103,0.9999998,1.7208903142394998,False,0.5047703323643851,3
288,0.9999999,1.7208903142394998,False,0.5047703323643851,3
77,0.9947618,1.7208903142394998,False,0.4947706913228631,3
71,0.9946378,1.7208903142394998,False,0.4947706913228631,3
76,0.99999976,1.7208903142394998,False,0.4865515167009341,3
289,0.9988797,1.7208903142394998,False,0.4865515167009341,3
78,0.9999994,1.7208903142394998,False,0.4865515167009341,3
59,0.99999964,1.7208903142394998,False,0.4865515167009341,3
56,0.99999964,1.7208903142394998,False,0.4865515167009341,3
314,0.9930229,2.1416932301721503,False,0.4817312406070524,3
109,0.9975029,1.7208903142394998,False,0.47363923024025195,3
96,0.9971581,1.7208903142394998,False,0.47363923024025195,3
12,0.9928945,2.1416932301721503,False,0.3937235062085365,3
169,0.9928516,1.4856983541687239,False,0.37634233917564003,3
102,0.9929564,1.7208903142394998,False,0.3455305482576915,3
313,0.9921954,2.1416932301721503,False,0.27849329133546474,3
36,0.99177396,2.1416932301721503,False,0.27849329133546474,3
43,0.99153125,2.1416932301721503,False,0.27849329133546474,3
107,0.9917878,1.7208903142394998,False,0.26357087872513574,3
50,0.9915732,1.7208903142394998,False,0.26357087872513574,3
53,0.9923562,1.7208903142394998,False,0.26357087872513574,3
7,0.99141,2.1416932301721503,False,0.05912536385175352,3
224,0.9913431,2.1416932301721503,False,-0.04409475472071159,3
35,0.99064916,2.1416932301721503,False,-0.04409475472071159,3
8,0.9912697,3.2328464106950023,False,-0.09534744842210782,3
235,0.9711694,1.4856983541687239,False,-0.10005620286459523,3
91,0.97710896,1.4856983541687239,False,-0.10354534098293226,3
196,0.98414695,1.4856983541687239,False,-0.10354534098293226,3
95,0.97919285,1.4856983541687239,False,-0.10354534098293226,3
49,0.97759855,1.4856983541687239,False,-0.10354534098293226,3
192,0.9829105,1.4856983541687239,False,-0.10354534098293226,3
210,0.9764488,1.4856983541687239,False,-0.11132579861425752,3
83,0.971015,2.8996275052944056,False,-0.14414493035600442,3
153,0.9706416,2.1416932301721503,False,-0.14527905478231265,3
119,0.9857335,2.8996275052944056,False,-0.14763406847434146,3
118,0.9866842,2.8996275052944056,False,-0.14763406847434146,3
175,0.9786384,2.1416932301721503,False,-0.14876819290064966,3
3,0.97721064,2.1416932301721503,False,-0.14876819290064966,3
268,0.9782693,2.1416932301721503,False,-0.14876819290064966,3
47,0.97951955,2.1416932301721503,False,-0.14876819290064966,3
309,0.98632044,2.1416932301721503,False,-0.14876819290064966,3
28,0.9852655,2.1416932301721503,False,-0.14876819290064966,3
27,0.9847605,2.1416932301721503,False,-0.14876819290064966,3
16,0.9839634,2.1416932301721503,False,-0.14876819290064966,3
15,0.9881432,2.1416932301721503,False,-0.14876819290064966,3
177,0.9706521,1.7208903142394998,False,-0.14881834846546999,3
31,0.9713783,1.7208903142394998,False,-0.14881834846546999,3
120,0.9707462,1.7208903142394998,False,-0.14881834846546999,3
299,0.9857446,1.7208903142394998,False,-0.15230748658380705,3
303,0.9856188,1.7208903142394998,False,-0.15230748658380705,3
308,0.98524225,1.7208903142394998,False,-0.15230748658380705,3
305,0.98454905,1.7208903142394998,False,-0.15230748658380705,3
306,0.983858,1.7208903142394998,False,-0.15230748658380705,3
304,0.98618394,1.7208903142394998,False,-0.15230748658380705,3
104,0.9868393,1.7208903142394998,False,-0.15230748658380705,3
20,0.9775542,1.7208903142394998,False,-0.15230748658380705,3
230,0.97861993,1.7208903142394998,False,-0.15230748658380705,3
301,0.98325205,1.7208903142394998,False,-0.15230748658380705,3
52,0.9846546,1.7208903142394998,False,-0.15230748658380705,3
190,0.9834119,1.7208903142394998,False,-0.15230748658380705,3
30,0.97925276,1.7208903142394998,False,-0.15230748658380705,3
26,0.982718,1.7208903142394998,False,-0.15230748658380705,3
17,0.98055446,1.7208903142394998,False,-0.15230748658380705,3
114,0.9787046,1.7208903142394998,False,-0.15230748658380705,3
121,0.9792378,1.7208903142394998,False,-0.15230748658380705,3
58,0.9865105,1.7208903142394998,False,-0.15230748658380705,3
122,0.98821294,1.7208903142394998,False,-0.15230748658380705,3
108,0.9830961,1.7208903142394998,False,-0.15230748658380705,3
66,0.98751307,1.7208903142394998,False,-0.15230748658380705,3
98,0.9769863,2.8996275052944056,False,-0.15541452610566672,3
100,0.9759989,2.1416932301721503,False,-0.15654865053197492,3
32,0.97681594,2.1416932301721503,False,-0.15654865053197492,3
42,0.97599417,2.1416932301721503,False,-0.15654865053197492,3
85,0.97653294,1.7208903142394998,False,-0.1600879442151323,3
267,0.97076297,2.644779002762438,False,-0.1625823836515382,3
72,0.979773,2.644779002762438,False,-0.16607152176987522,3
197,0.97738004,2.644779002762438,False,-0.16607152176987522,3
86,0.9836583,2.644779002762438,False,-0.16607152176987522,3
135,0.9751172,1.4856983541687239,False,-0.1729130175474137,3
191,0.97522855,1.4856983541687239,False,-0.1729130175474137,3
302,0.9884893,1.7208903142394998,False,-0.17591148209756924,3
300,0.9902432,1.7208903142394998,False,-0.17591148209756924,3
51,0.9890313,1.7208903142394998,False,-0.17591148209756924,3
48,0.9171023,1.4856983541687239,False,-0.17954083565828063,3
294,0.9127548,1.4856983541687239,False,-0.17954083565828063,3
287,0.9150954,1.4856983541687239,False,-0.17954083565828063,3
282,0.9348531,1.4856983541687239,False,-0.17954083565828063,3
180,0.9682223,1.4856983541687239,False,-0.17954083565828063,3
158,0.9494319,1.4856983541687239,False,-0.17954083565828063,3
279,0.9552515,1.4856983541687239,False,-0.17954083565828063,3
97,0.95477676,1.4856983541687239,False,-0.17954083565828063,3
202,0.9589006,1.4856983541687239,False,-0.17954083565828063,3
217,0.95213854,1.4856983541687239,False,-0.17954083565828063,3
281,0.9492211,1.4856983541687239,False,-0.17954083565828063,3
176,0.94101757,1.4856983541687239,False,-0.17954083565828063,3
198,0.9416172,1.4856983541687239,False,-0.17954083565828063,3
125,0.94559294,1.4856983541687239,False,-0.17954083565828063,3
37,0.9239141,1.4856983541687239,False,-0.17954083565828063,3
165,0.9658772,1.4856983541687239,False,-0.17954083565828063,3
225,0.92015004,1.4856983541687239,False,-0.17954083565828063,3
184,0.9501697,1.4856983541687239,False,-0.17954083565828063,3
207,0.94931924,1.4856983541687239,False,-0.17954083565828063,3
160,0.9470342,1.4856983541687239,False,-0.17954083565828063,3
234,0.95929116,1.4856983541687239,False,-0.17954083565828063,3
277,0.9296345,1.4856983541687239,False,-0.17954083565828063,3
256,0.9527199,1.4856983541687239,False,-0.17954083565828063,3
218,0.96103275,1.4856983541687239,False,-0.17954083565828063,3
260,0.94696295,1.4856983541687239,False,-0.17954083565828063,3
204,0.91949034,1.4856983541687239,False,-0.17954083565828063,3
188,0.95241356,1.4856983541687239,False,-0.17954083565828063,3
261,0.94677716,1.4856983541687239,False,-0.17954083565828063,3
195,0.94722295,1.4856983541687239,False,-0.17954083565828063,3
181,0.88071793,1.4856983541687239,False,-0.17954083565828063,3
269,0.9464797,1.4856983541687239,False,-0.17954083565828063,3
112,0.85789764,1.4856983541687239,False,-0.17954083565828063,3
182,0.86486244,1.4856983541687239,False,-0.17954083565828063,3
265,0.87856233,1.4856983541687239,False,-0.17954083565828063,3
266,0.88045895,1.4856983541687239,False,-0.17954083565828063,3
94,0.95105046,1.4856983541687239,False,-0.17954083565828063,3
93,0.9515203,1.4856983541687239,False,-0.17954083565828063,3
239,0.94418746,1.4856983541687239,False,-0.17954083565828063,3
275,0.94710714,1.4856983541687239,False,-0.17954083565828063,3
147,0.9701893,1.4856983541687239,False,-0.17954083565828063,3
149,0.85699344,1.4856983541687239,False,-0.17954083565828063,3
161,0.956396,1.4856983541687239,False,-0.17954083565828063,3
115,0.9714818,2.8996275052944056,False,-0.21700174503882289,3
33,0.9726542,2.1416932301721503,False,-0.2181358694651311,3
82,0.9734318,2.1416932301721503,False,-0.2181358694651311,3
101,0.9755937,1.7208903142394998,True,-0.22167516314828845,3
237,0.97323704,1.7208903142394998,False,-0.22167516314828845,3
187,0.97205746,1.7208903142394998,False,-0.22167516314828845,3
75,0.9756764,1.7208903142394998,False,-0.22167516314828845,3
99,0.97544575,1.7208903142394998,False,-0.22167516314828845,3
129,0.9315889,2.770381193703237,False,-0.2218375536758754,3
293,0.9514594,2.770381193703237,False,-0.2218375536758754,3
273,0.95636857,2.1416932301721503,False,-0.22476368757599804,3
296,0.9644301,2.1416932301721503,False,-0.22476368757599804,3
127,0.9560741,1.7208903142394998,False,-0.22830298125915538,3
89,0.96780396,1.7208903142394998,False,-0.22830298125915538,3
74,0.96430373,1.7208903142394998,False,-0.22830298125915538,3
212,0.9703801,1.7208903142394998,False,-0.22830298125915538,3
131,0.9417888,1.7208903142394998,False,-0.22830298125915538,3
215,0.9610797,1.7208903142394998,False,-0.22830298125915538,3
257,0.9696941,1.7208903142394998,False,-0.22830298125915538,3
251,0.9676796,1.7208903142394998,False,-0.22830298125915538,3
238,0.96696764,1.7208903142394998,False,-0.22830298125915538,3
166,0.96400523,1.7208903142394998,False,-0.22830298125915538,3
54,0.9304288,1.7208903142394998,False,-0.22830298125915538,3
264,0.90791637,1.7208903142394998,False,-0.22830298125915538,3
291,0.97518677,2.5616316318754624,False,-0.24439440952844657,3
258,0.9660746,2.5616316318754624,False,-0.2510222276393135,3
285,0.9677081,2.5616316318754624,False,-0.2510222276393135,3
142,0.96711195,2.5616316318754624,False,-0.2510222276393135,3
200,0.96828747,2.5616316318754624,False,-0.2510222276393135,3
67,0.92055047,2.5616316318754624,False,-0.2510222276393135,3
126,0.9245833,2.5616316318754624,False,-0.2510222276393135,3
111,0.8699353,2.5616316318754624,False,-0.2510222276393135,3
80,0.91688174,2.5616316318754624,False,-0.2510222276393135,3
221,0.97003806,2.5616316318754624,False,-0.2510222276393135,3
130,0.9040585,2.5616316318754624,False,-0.2510222276393135,3
68,0.91648144,2.5616316318754624,False,-0.2510222276393135,3
117,0.9024647,2.5616316318754624,False,-0.2510222276393135,3
132,0.88582426,2.5616316318754624,False,-0.2510222276393135,3
110,0.8834345,2.5616316318754624,False,-0.2510222276393135,3
206,0.96910363,2.5616316318754624,False,-0.2510222276393135,3
300,0.9954728,11.971685123415948,False,0.31920409570280345,70
302,0.9961369,11.971685123415948,False,0.31920409570280345,70
304,0.99999976,11.971685123415948,False,0.31098492108087444,70
299,0.9984892,11.971685123415948,False,0.31098492108087444,70
301,0.9981017,11.971685123415948,False,0.2980726346201923,70
108,0.99999964,8.6962483601329,False,0.2203650675975128,70
123,1.0,12.017721796674275,False,0.09919236784061011,70
130,1.0,12.017721796674275,False,0.09919236784061011,70
95,0.99999976,13.709844968559022,False,0.02849482147375111,70
96,0.99999964,14.697690027237403,False,-0.002370231250922764,70
57,1.0,14.487762237683288,False,-0.006708829363686232,70
50,1.0000002,15.143797030583093,False,-0.006708829363686232,70
92,1.0,15.136232062355045,False,-0.006708829363686232,70
61,1.0000001,14.518491459640765,False,-0.006708829363686232,70
84,1.0000002,14.91993525241403,False,-0.006708829363686232,70
85,1.0000001,14.91993525241403,False,-0.006708829363686232,70
202,0.9999999,12.017721796674275,False,-0.01557534346598251,70
53,0.99305856,14.697690027237403,False,-0.02577155453841217,70
60,0.9930667,14.697690027237403,False,-0.02577155453841217,70
82,0.9958045,14.91993525241403,False,-0.061355201533752436,70
83,0.99999976,14.91993525241403,False,-0.0695743761556814,70
305,0.9874862,11.971685123415948,False,-0.16995768200796849,70
308,0.98705137,11.971685123415948,False,-0.16995768200796849,70
51,0.98806286,11.971685123415948,False,-0.16995768200796849,70
303,0.9870671,11.971685123415948,False,-0.16995768200796849,70
91,0.99249893,13.709844968559022,False,-0.172685572318341,70
23,0.97656333,12.017721796674275,False,-0.2533684007792192,70
142,0.9859476,8.6962483601329,False,-0.2565286601048164,70
52,0.9841362,8.6962483601329,False,-0.2565286601048164,70
58,0.9905019,8.6962483601329,False,-0.27813667134687636,70
298,0.97193384,12.017721796674275,False,-0.31495561971237535,70
13,0.9730221,12.017721796674275,False,-0.31495561971237535,70
196,0.96577466,12.017721796674275,False,-0.3215834378232423,70
269,0.94497657,12.017721796674275,False,-0.3215834378232423,70
189,0.9589006,12.017721796674275,False,-0.3215834378232423,70
158,0.956416,12.017721796674275,False,-0.3215834378232423,70
165,0.9451162,12.017721796674275,False,-0.3215834378232423,70
160,0.95448315,12.017721796674275,False,-0.3215834378232423,70
110,0.93113613,12.017721796674275,False,-0.3215834378232423,70
117,0.9446459,12.017721796674275,False,-0.3215834378232423,70
80,0.91777176,12.017721796674275,False,-0.3215834378232423,70
111,0.94527483,12.017721796674275,False,-0.3215834378232423,70
127,0.9091109,12.017721796674275,False,-0.3215834378232423,70
98,0.97050226,12.017721796674275,False,-0.3215834378232423,70
126,0.9087595,12.017721796674275,False,-0.3215834378232423,70
180,0.9452028,12.017721796674275,False,-0.3215834378232423,70
68,0.96413183,12.017721796674275,False,-0.3215834378232423,70
217,0.953906,12.017721796674275,False,-0.3215834378232423,70
210,0.94994056,12.017721796674275,False,-0.3215834378232423,70
67,0.9628763,12.017721796674275,False,-0.3215834378232423,70
255,0.9802531,13.709844968559022,False,-0.33019770553736855,70
178,0.97919285,13.709844968559022,False,-0.33019770553736855,70
21,0.9805512,12.017721796674275,False,-0.33917391998347385,70
3,0.97721064,12.017721796674275,False,-0.33917391998347385,70
19,0.97710454,12.017721796674275,False,-0.33917391998347385,70
10,0.9795196,12.017721796674275,False,-0.33917391998347385,70
132,0.98891175,12.017721796674275,False,-0.3627779154972361,70
72,0.9734529,14.91993525241403,False,-0.36493824687733095,70
49,0.97515696,14.91993525241403,False,-0.36493824687733095,70
99,0.97544575,14.91993525241403,False,-0.36493824687733095,70
162,0.97539234,14.91993525241403,False,-0.36493824687733095,70
90,0.9753283,14.91993525241403,False,-0.36493824687733095,70
267,0.97346985,14.91993525241403,False,-0.36493824687733095,70
222,0.972134,15.136232062355045,False,-0.36493824687733095,70
268,0.9640774,15.136232062355045,False,-0.3715660649881979,70
88,0.96761644,15.136232062355045,False,-0.3715660649881979,70
100,0.9654819,15.136232062355045,False,-0.3715660649881979,70
193,0.961801,15.136232062355045,False,-0.3715660649881979,70
224,0.9662771,15.136232062355045,False,-0.3715660649881979,70
154,0.9687811,15.136232062355045,False,-0.3715660649881979,70
87,0.9657581,15.136232062355045,False,-0.3715660649881979,70
63,0.97910213,14.91993525241403,False,-0.3891565471484295,70
230,0.97861993,14.91993525241403,False,-0.3891565471484295,70
47,0.9779365,14.91993525241403,False,-0.3891565471484295,70
65,1.0000002,1.391761090091094,False,0.7896551250012777,413
64,1.0000001,1.391761090091094,False,0.7896551250012777,413
57,1.0,1.3736330879290835,False,0.7621209192316578,413
91,1.0,1.3736330879290835,False,0.7621209192316578,413
274,1.0000001,1.3736330879290835,False,0.7621209192316578,413
110,1.0000002,0.550540786523069,False,0.7601471613211619,413
307,1.0000002,0.9296545825207545,False,0.7384877426803153,413
299,1.0,0.9296545825207545,False,0.7384877426803153,413
302,1.0,0.9296545825207545,False,0.7384877426803153,413
115,1.0000002,1.3653909738660959,False,0.725985913687725,413
70,1.0,1.2698092114414845,False,0.725985913687725,413
114,1.0000001,1.3653909738660959,False,0.725985913687725,413
71,1.0000002,1.2698092114414845,False,0.725985913687725,413
309,1.0000002,1.4433028640420833,False,0.7154342185662543,413
249,0.99999994,1.7543328359672532,False,0.7037263919319002,413
310,1.0000002,1.7543328359672532,False,0.7037263919319002,413
54,1.0000001,1.7543328359672532,False,0.7037263919319002,413
130,1.0,1.7543328359672532,False,0.7037263919319002,413
58,0.9999998,1.3736330879290835,False,0.5990965024794996,413
192,0.9999999,1.3736330879290835,False,0.5990965024794996,413
52,0.9999997,1.3736330879290835,False,0.5808776868160488,413
96,0.99999964,1.3736330879290835,False,0.5808776868160488,413
300,0.9954728,0.9296545825207545,False,0.5654636848866352,413
308,0.99456406,0.9296545825207545,False,0.5654636848866352,413
306,0.9958091,0.9296545825207545,False,0.5654636848866352,413
304,0.9961369,0.9296545825207545,False,0.5654636848866352,413
49,0.9938158,1.3736330879290835,False,0.5616470928944555,413
109,0.9957278,1.2698092114414845,False,0.5529618558940449,413
301,0.99713767,0.9296545825207545,False,0.544332223804024,413
97,1.0,1.6069280927159726,False,0.5415628309847421,413
118,0.9989145,1.6588080933934335,False,0.5393615521568205,413
119,0.99999976,1.6588080933934335,False,0.5393615521568205,413
312,0.9955091,1.7543328359672532,False,0.5284360300507546,413
311,0.9952489,1.7543328359672532,False,0.5284360300507546,413
313,0.994558,1.7543328359672532,False,0.5284360300507546,413
108,0.99999964,1.7543328359672532,False,0.5202168554288256,413
53,0.99305856,1.3736330879290835,False,0.5065568038755704,413
60,0.9930667,1.3736330879290835,False,0.5065568038755704,413
303,0.99327904,0.9296545825207545,False,0.5035592006726032,413
41,0.9935137,1.7543328359672532,False,0.48333975985769145,413
50,0.9925796,1.3736330879290835,False,0.3704723066307502,413
95,0.99249893,1.3736330879290835,False,0.3361058890734946,413
305,0.99233466,0.9296545825207545,False,0.3059669719125857,413
40,0.9926945,1.7543328359672532,False,0.25629014922366533,413
35,0.99155736,1.7543328359672532,False,0.22192373166640966,413
43,0.9906782,1.7543328359672532,False,0.0023045778117202994,413
34,0.99067235,1.7543328359672532,False,0.0023045778117202994,413
314,0.9908957,1.7543328359672532,False,0.0023045778117202994,413
262,0.9813261,1.7543328359672532,False,-0.11607365043287864,413
61,0.986902,1.7543328359672532,False,-0.11607365043287864,413
162,0.98418736,1.7543328359672532,False,-0.11607365043287864,413
59,0.9857446,1.7543328359672532,False,-0.11607365043287864,413
246,0.9847282,1.7543328359672532,False,-0.11607365043287864,413
72,0.9858208,1.7543328359672532,False,-0.11607365043287864,413
197,0.9856504,1.7543328359672532,False,-0.11607365043287864,413
228,0.98395413,1.7543328359672532,False,-0.11607365043287864,413
233,0.981568,1.7543328359672532,False,-0.11607365043287864,413
63,0.9822961,1.7543328359672532,False,-0.11607365043287864,413
51,0.9831506,1.7543328359672532,False,-0.11607365043287864,413
142,0.9859476,1.7543328359672532,False,-0.11607365043287864,413
267,0.9858419,1.7543328359672532,False,-0.11607365043287864,413
283,0.9879898,1.7543328359672532,False,-0.11607365043287864,413
66,0.98751307,1.2698092114414845,False,-0.11698812729515005,413
207,0.9778217,1.3653909738660959,False,-0.11698812729515005,413
288,0.9777821,1.3653909738660959,False,-0.11698812729515005,413
289,0.9787046,1.3653909738660959,False,-0.11698812729515005,413
177,0.98375446,1.3653909738660959,False,-0.11698812729515005,413
212,0.9828211,1.3653909738660959,False,-0.11698812729515005,413
1,0.9873855,1.4433028640420833,False,-0.1179692456767881,413
8,0.98711973,1.4433028640420833,False,-0.1179692456767881,413
24,0.98632044,1.4433028640420833,False,-0.1179692456767881,413
30,0.98418,1.4433028640420833,False,-0.1179692456767881,413
12,0.9842589,1.4433028640420833,False,-0.1179692456767881,413
26,0.98623216,1.4433028640420833,False,-0.1179692456767881,413
136,0.9829105,1.3736330879290835,False,-0.12312016359248303,413
250,0.97607225,1.3653909738660959,False,-0.12476858492647533,413
160,0.97622406,1.3653909738660959,False,-0.12476858492647533,413
111,0.9876363,0.550540786523069,True,-0.13159966211254515,413
124,0.98032,1.391761090091094,False,-0.13773803875611865,413
279,0.9711032,1.6069280927159726,False,-0.1385671269446747,413
38,0.97808325,0.9296545825207545,False,-0.139554290688731,413
132,0.98891175,1.7543328359672532,False,-0.13967764594664095,413
7,0.9886234,1.4433028640420833,False,-0.14157324119055037,413
6,0.9888451,1.4433028640420833,False,-0.14157324119055037,413
105,0.9857335,1.6588080933934335,False,-0.15978375345807921,413
188,0.97874534,1.6588080933934335,False,-0.15978375345807921,413
191,0.9726083,1.3653909738660959,False,-0.1863558038596315,413
198,0.975067,1.3653909738660959,False,-0.1863558038596315,413
127,0.9091109,1.7543328359672532,False,-0.19206914510822706,413
80,0.91777176,1.7543328359672532,False,-0.19206914510822706,413
67,0.9628763,1.7543328359672532,False,-0.19206914510822706,413
68,0.96413183,1.7543328359672532,False,-0.19206914510822706,413
117,0.9446459,1.7543328359672532,False,-0.19206914510822706,413
126,0.9087595,1.7543328359672532,False,-0.19206914510822706,413
75,0.93976355,1.7543328359672532,False,-0.19206914510822706,413
74,0.9348842,1.7543328359672532,False,-0.19206914510822706,413
131,0.9320011,1.7543328359672532,False,-0.19206914510822706,413
89,0.95131266,1.7543328359672532,False,-0.19206914510822706,413
129,0.94839346,1.2698092114414845,False,-0.19298362197049843,413
107,0.9326147,1.2698092114414845,False,-0.19298362197049843,413
101,0.9360188,1.2698092114414845,False,-0.19298362197049843,413
260,0.95036185,1.3736330879290835,False,-0.1991156582678314,413
180,0.9655926,1.3736330879290835,False,-0.1991156582678314,413
158,0.9490533,1.3736330879290835,False,-0.1991156582678314,413
217,0.96543884,1.3736330879290835,False,-0.1991156582678314,413
285,0.9677081,1.3736330879290835,False,-0.1991156582678314,413
258,0.9660746,1.3736330879290835,False,-0.1991156582678314,413
37,0.94113576,1.3736330879290835,False,-0.1991156582678314,413
225,0.9461678,1.3736330879290835,False,-0.1991156582678314,413
179,0.93893147,1.3736330879290835,False,-0.1991156582678314,413
277,0.94237626,1.3736330879290835,False,-0.1991156582678314,413
176,0.9674438,1.3736330879290835,False,-0.1991156582678314,413
94,0.942453,1.3736330879290835,False,-0.1991156582678314,413
21,0.95300364,1.391761090091094,False,-0.213733533431467,413
293,0.9375015,1.391761090091094,False,-0.213733533431467,413
42,0.94842637,1.391761090091094,False,-0.213733533431467,413
19,0.9490862,1.391761090091094,False,-0.213733533431467,413
123,0.95213014,1.391761090091094,False,-0.213733533431467,413
76,0.9614475,1.391761090091094,False,-0.213733533431467,413
10,0.94785225,1.391761090091094,False,-0.213733533431467,413
77,0.9644271,1.391761090091094,False,-0.213733533431467,413
102,0.9594641,1.391761090091094,False,-0.213733533431467,413
147,0.9567311,1.6069280927159726,False,-0.2180517597383601,413
261,0.9574933,1.6069280927159726,False,-0.2180517597383601,413
141,0.96193403,1.6069280927159726,False,-0.2180517597383601,413
275,0.9605508,1.6069280927159726,False,-0.2180517597383601,413
125,0.9608599,1.6069280927159726,False,-0.2180517597383601,413
257,0.96054256,1.6069280927159726,False,-0.2180517597383601,413
5,0.9555752,1.6069280927159726,False,-0.2180517597383601,413
187,0.9554015,1.6069280927159726,False,-0.2180517597383601,413
106,0.9696733,1.6588080933934335,False,-0.23577924813342757,413
98,0.9690822,1.6588080933934335,False,-0.23577924813342757,413
14,0.96772045,1.6588080933934335,False,-0.23577924813342757,413
298,0.96749896,1.6588080933934335,False,-0.23577924813342757,413
