node 2,ES %,AS %,distance,hit,score,Substrate ID
65.0,1.0000002,1.0,8.606378126421575,False,0.6600925064366261,409
90.0,1.0000001,1.0,7.668017129246261,False,0.6412405955888736,409
197.0,1.0000002,1.0,8.444091822922324,False,0.6278868566261725,409
196.0,1.0000001,1.0,8.444091822922324,False,0.6278868566261725,409
84.0,1.0000002,1.0,7.1546515605903895,False,0.6267732249932486,409
85.0,1.0000001,1.0,7.1546515605903895,False,0.6267732249932486,409
123.0,1.0,1.0,5.221858607652459,False,0.6215148564600328,409
130.0,1.0,1.0,5.221858607652459,False,0.6215148564600328,409
61.0,1.0000001,1.0,7.347747092180449,False,0.6031626131420328,409
57.0,1.0,1.0,7.99073943917261,False,0.6031626131420328,409
50.0,1.0000002,1.0,8.364510951133546,False,0.6031626131420328,409
82.0,0.9999998,1.0,7.1546515605903895,False,0.5395463369870878,409
202.0,0.9999999,1.0,5.221858607652459,False,0.5342879684538719,409
53.0,0.99999964,1.0,8.45202111826515,False,0.5339202175156017,409
96.0,0.99999964,1.0,8.000992247571729,False,0.5221132730865314,409
72.0,0.99999976,1.0,8.444091822922324,False,0.5166081180940758,409
83.0,0.99999976,1.0,7.1546515605903895,False,0.5154944864611518,409
88.0,0.99549013,0.5023259999999999,7.668017129246261,False,0.4026572866950586,409
60.0,0.9923562,0.367442,8.45202111826515,False,0.3140829307827994,409
87.0,0.99178386,0.497674,7.668017129246261,False,0.25743001094086565,409
91.0,0.0,0.35814,7.347747092180449,False,0.23281271185785174,409
86.0,0.9845911,0.45116300000000004,7.668017129246261,False,0.23168243682708467,409
132.0,0.98891175,0.5023259999999999,5.221858607652459,False,0.1251462422846167,409
131.0,0.0,0.339535,5.221858607652459,False,-0.04278563608895475,409
142.0,0.0,0.255814,7.347747092180449,False,-0.15956371740767536,409
52.0,0.9907137,0.21395299999999998,8.364510951133546,False,-0.17988507448949825,409
58.0,0.9844141,0.255814,7.99073943917261,False,-0.1862982519192836,409
49.0,0.0,0.223256,7.347747092180449,False,-0.18936858360554468,409
95.0,0.0,0.2,7.347747092180449,False,-0.18936858360554468,409
97.0,0.0,0.190698,8.364510951133546,False,-0.18936858360554468,409
108.0,0.9830961,0.237209,7.99073943917261,True,-0.21610311811715296,409
157.0,0.0,0.102326,5.221858607652459,False,-0.22253649817313453,409
124.0,0.0,0.255814,8.606378126421575,False,-0.2251508270585958,409
101.0,0.0,0.274419,8.606378126421575,False,-0.2251508270585958,409
244.0,0.0,0.08372099999999999,5.221858607652459,False,-0.23414623868809917,409
109.0,0.0,0.190698,5.221858607652459,False,-0.24334755888784637,409
71.0,0.0,0.18604700000000002,5.221858607652459,False,-0.24334755888784637,409
293.0,0.0,0.18604700000000002,5.221858607652459,False,-0.24334755888784637,409
76.0,0.0,0.18604700000000002,5.221858607652459,False,-0.24334755888784637,409
64.0,0.0,0.204651,5.221858607652459,False,-0.24334755888784637,409
300.0,0.9902432,0.0,7.347747092180449,False,-0.24497313984374128,409
70.0,0.0,0.227907,8.606378126421575,False,-0.2549556932564651,409
68.0,0.0,0.204651,8.606378126421575,False,-0.2549556932564651,409
107.0,0.0,0.209302,8.606378126421575,False,-0.2549556932564651,409
63.0,0.0,0.15814,8.000992247571729,False,-0.2568878126340006,409
189.0,0.98414695,0.265116,8.444091822922324,False,-0.26032534953503883,409
299.0,0.986902,0.0,7.347747092180449,False,-0.2606497710787146,409
303.0,0.98208547,0.0,7.99073943917261,False,-0.2606497710787146,409
294.0,0.0,0.13023300000000002,7.1546515605903895,False,-0.26450931285422385,409
11.0,0.0,0.11627900000000001,7.1546515605903895,False,-0.26450931285422385,409
126.0,0.9087595,0.0,5.221858607652459,False,-0.2647668554316489,409
80.0,0.91777176,0.0,5.221858607652459,False,-0.2647668554316489,409
127.0,0.9091109,0.0,5.221858607652459,False,-0.2647668554316489,409
10.0,0.9795196,0.0,5.221858607652459,False,-0.26693940375542163,409
19.0,0.97710454,0.0,5.221858607652459,False,-0.26693940375542163,409
3.0,0.97721064,0.0,5.221858607652459,False,-0.26693940375542163,409
23.0,0.97656333,0.0,5.221858607652459,False,-0.26693940375542163,409
21.0,0.9805512,0.0,5.221858607652459,False,-0.26693940375542163,409
13.0,0.9730221,0.0,5.221858607652459,False,-0.2696679050950001,409
217.0,0.953906,0.0,5.221858607652459,False,-0.2696679050950001,409
298.0,0.97193384,0.0,5.221858607652459,False,-0.2696679050950001,409
98.0,0.97050226,0.0,5.221858607652459,False,-0.2696679050950001,409
165.0,0.9451162,0.0,5.221858607652459,False,-0.2696679050950001,409
117.0,0.9446459,0.0,5.221858607652459,False,-0.2696679050950001,409
269.0,0.94497657,0.0,5.221858607652459,False,-0.2696679050950001,409
160.0,0.95448315,0.0,5.221858607652459,False,-0.2696679050950001,409
111.0,0.94527483,0.0,5.221858607652459,False,-0.2696679050950001,409
158.0,0.956416,0.0,5.221858607652459,False,-0.2696679050950001,409
180.0,0.9452028,0.0,5.221858607652459,False,-0.2696679050950001,409
210.0,0.94994056,0.0,5.221858607652459,False,-0.2696679050950001,409
67.0,0.9628763,0.190698,5.221858607652459,False,-0.2728105947390331,409
47.0,0.0,0.111628,7.1546515605903895,False,-0.27502858306036726,409
69.0,0.0,0.111628,7.1546515605903895,False,-0.27502858306036726,409
18.0,0.0,0.111628,7.1546515605903895,False,-0.27502858306036726,409
7.0,0.0,0.055814,7.668017129246261,False,-0.2786215191152661,409
8.0,0.0,0.051163,7.668017129246261,False,-0.2786215191152661,409
259.0,0.0,0.046512000000000005,7.668017129246261,False,-0.2786215191152661,409
45.0,0.0,0.046512000000000005,7.668017129246261,False,-0.2786215191152661,409
6.0,0.0,0.046512000000000005,7.668017129246261,False,-0.2786215191152661,409
267.0,0.9690528,0.0,7.668017129246261,False,-0.2835225687786172,409
166.0,0.9688488,0.0,7.668017129246261,False,-0.2835225687786172,409
249.0,0.96915495,0.0,7.668017129246261,False,-0.2835225687786172,409
22.0,0.0,0.10697699999999999,7.1546515605903895,False,-0.2913875947451067,409
25.0,0.0,0.102326,7.1546515605903895,False,-0.2913875947451067,409
309.0,0.0,0.10697699999999999,7.1546515605903895,False,-0.2913875947451067,409
15.0,0.0,0.10697699999999999,7.1546515605903895,False,-0.2913875947451067,409
310.0,0.0,0.097674,7.1546515605903895,False,-0.2913875947451067,409
56.0,0.0,0.10697699999999999,7.1546515605903895,False,-0.2913875947451067,409
110.0,0.93113613,0.0,5.221858607652459,False,-0.2995532390081253,409
301.0,0.98943245,0.0,7.347747092180449,False,-0.3052756205680921,409
302.0,0.9884893,0.0,7.347747092180449,False,-0.3052756205680921,409
304.0,0.98901784,0.0,7.347747092180449,False,-0.3052756205680921,409
20.0,0.0,0.08837199999999999,7.1546515605903895,False,-0.3111914487298739,409
31.0,0.0,0.08837199999999999,7.1546515605903895,False,-0.3111914487298739,409
221.0,0.0,0.060465,8.444091822922324,False,-0.3325043203706971,409
144.0,0.0,0.032558,8.444091822922324,False,-0.3325043203706971,409
248.0,0.0,0.032558,8.444091822922324,False,-0.3325043203706971,409
75.0,0.9756764,0.0,8.606378126421575,False,-0.3344309941994376,409
246.0,0.98288167,0.0,8.444091822922324,False,-0.33467686869446983,409
162.0,0.9819553,0.0,8.444091822922324,False,-0.33467686869446983,409
228.0,0.98427,0.0,8.444091822922324,False,-0.33467686869446983,409
175.0,0.98059714,0.0,8.444091822922324,False,-0.33467686869446983,409
262.0,0.9792924,0.0,8.444091822922324,False,-0.33467686869446983,409
74.0,0.96430373,0.0,8.606378126421575,False,-0.33715949553901603,409
89.0,0.96780396,0.0,8.606378126421575,False,-0.33715949553901603,409
42.0,0.94842637,0.0,8.606378126421575,False,-0.33715949553901603,409
198.0,0.953485,0.0,8.444091822922324,False,-0.33740537003404825,409
184.0,0.95013744,0.0,8.444091822922324,False,-0.33740537003404825,409
99.0,0.97544575,0.0,7.1546515605903895,False,-0.34398461379719636,409
230.0,0.97861993,0.0,7.1546515605903895,False,-0.34398461379719636,409
61.0,1.0000001,1.0,1.8216061130297478,False,0.7788459718096282,31
111.0,1.0000002,1.0,2.622374471056954,False,0.7434664241553229,31
110.0,1.0000002,1.0,2.955808353648126,False,0.6786879468904842,31
130.0,1.0,1.0,2.324329187538796,False,0.5711856147370076,31
57.0,1.0,1.0,2.324329187538796,True,0.5711856147370076,31
54.0,1.0000001,1.0,2.324329187538796,False,0.5711856147370076,31
249.0,0.99999994,1.0,2.324329187538796,False,0.5711856147370076,31
299.0,1.0,1.0,2.324329187538796,False,0.5711856147370076,31
302.0,1.0,1.0,2.324329187538796,False,0.5711856147370076,31
310.0,1.0000002,1.0,2.324329187538796,False,0.5711856147370076,31
309.0,1.0000002,1.0,2.931028579652626,False,0.5701368507747961,31
50.0,1.0000002,1.0,1.2802949261382779,False,0.5481022786408823,31
304.0,0.9984892,0.7209300000000001,2.324329187538796,False,0.4991862983377844,31
115.0,1.0000002,1.0,2.546441564584209,False,0.4904937474482698,31
114.0,1.0000001,1.0,2.546441564584209,False,0.4904937474482698,31
108.0,0.99999964,1.0,2.324329187538796,False,0.4599068762049107,31
53.0,0.99943006,0.7767440000000001,1.2802949261382779,False,0.45343350032040575,31
313.0,0.994558,0.702326,2.324329187538796,False,0.43864465921989626,31
312.0,0.9955091,0.7209300000000001,2.324329187538796,False,0.43864465921989626,31
311.0,0.9952489,0.772093,2.324329187538796,False,0.43864465921989626,31
96.0,0.99999964,1.0,1.3948703779322056,False,0.4275078171502332,31
301.0,0.99713767,0.6976739999999999,2.324329187538796,False,0.41755287026135546,31
300.0,0.99718493,0.7534879999999999,2.324329187538796,False,0.41755287026135546,31
41.0,0.9935137,0.665116,2.324329187538796,False,0.35892336196885233,31
295.0,0.0,0.4,2.622374471056954,False,0.31623776524748703,31
40.0,0.9926945,0.613953,2.324329187538796,False,0.31045497446321624,31
43.0,0.9906782,0.6418600000000001,2.324329187538796,False,0.3017093388814619,31
34.0,0.99067235,0.637209,2.324329187538796,False,0.3017093388814619,31
81.0,0.0,0.362791,2.622374471056954,False,0.26824434559591526,31
91.0,0.0,0.35814,1.8216061130297478,False,0.2596728559356595,31
60.0,0.98942316,0.37674399999999997,1.8216061130297478,False,0.2586799210278352,31
3.0,0.0,0.683721,2.324329187538796,False,0.24858718242809996,31
39.0,0.0,0.6511629999999999,2.324329187538796,False,0.24858718242809996,31
308.0,0.98172164,0.404651,2.324329187538796,False,0.21214350126021267,31
307.0,0.0,0.38604700000000003,2.324329187538796,False,0.1952393884345055,31
306.0,0.0,0.381395,2.324329187538796,False,0.1952393884345055,31
305.0,0.0,0.395349,2.324329187538796,False,0.1952393884345055,31
303.0,0.0,0.37674399999999997,2.324329187538796,False,0.1952393884345055,31
25.0,0.0,0.604651,2.931028579652626,False,0.19072670587175725,31
15.0,0.0,0.6,2.931028579652626,False,0.19072670587175725,31
8.0,0.98711973,0.5906980000000001,2.931028579652626,False,0.16399217136014896,31
1.0,0.9873855,0.6,2.931028579652626,False,0.16399217136014896,31
24.0,0.98632044,0.613953,2.931028579652626,False,0.16399217136014896,31
18.0,0.0,0.539535,2.931028579652626,False,0.15832077607610626,31
28.0,0.0,0.534884,2.931028579652626,False,0.15832077607610626,31
7.0,0.9886234,0.595349,2.931028579652626,False,0.11936632187077145,31
6.0,0.9888451,0.5906980000000001,2.931028579652626,False,0.11936632187077145,31
132.0,0.98891175,0.5023259999999999,2.324329187538796,False,0.11482309238772617,31
131.0,0.0,0.339535,2.324329187538796,False,0.10224384226376196,31
142.0,0.9859476,0.293023,2.324329187538796,False,0.04805982962274645,31
52.0,0.9912154,0.227907,1.213956235491757,False,-0.08306937651720935,31
97.0,0.0,0.190698,1.213956235491757,False,-0.09255288563325577,31
63.0,0.0,0.15814,1.3948703779322056,False,-0.09255288563325577,31
58.0,0.9844141,0.255814,2.324329187538796,False,-0.10193616131802251,31
35.0,0.99155736,0.0,2.324329187538796,False,-0.11145104077188026,31
49.0,0.9876325,0.209302,1.213956235491757,False,-0.11928742014486407,31
314.0,0.9908957,0.0,2.324329187538796,False,-0.14006963684979876,31
109.0,0.0,0.190698,2.324329187538796,False,-0.14864514034159898,31
76.0,0.0,0.18604700000000002,2.324329187538796,False,-0.14864514034159898,31
124.0,0.0,0.204651,2.324329187538796,False,-0.14864514034159898,31
293.0,0.0,0.18604700000000002,2.324329187538796,False,-0.14864514034159898,31
71.0,0.0,0.18604700000000002,2.324329187538796,False,-0.14864514034159898,31
64.0,0.0,0.204651,2.324329187538796,False,-0.14864514034159898,31
95.0,0.9867786,0.0,1.3948703779322056,False,-0.15780407008716307,31
101.0,0.0,0.204651,2.955808353648126,False,-0.16333929249997153,31
102.0,0.0,0.190698,2.955808353648126,False,-0.16333929249997153,31
107.0,0.0,0.21395299999999998,2.955808353648126,False,-0.16333929249997153,31
77.0,0.0,0.18604700000000002,2.955808353648126,False,-0.16333929249997153,31
171.0,0.0,0.04186,2.046850589708526,False,-0.1640737129601164,31
250.0,0.97607225,0.0,2.046850589708526,False,-0.1662462612838892,31
289.0,0.97423077,0.0,2.046850589708526,False,-0.1662462612838892,31
198.0,0.9738412,0.0,2.046850589708526,False,-0.1662462612838892,31
207.0,0.97989684,0.0,2.046850589708526,False,-0.1662462612838892,31
212.0,0.9851457,0.0,2.046850589708526,False,-0.1662462612838892,31
177.0,0.98375446,0.0,2.046850589708526,False,-0.1662462612838892,31
262.0,0.97597194,0.0,2.046850589708526,False,-0.1662462612838892,31
105.0,0.9714818,0.0,2.046850589708526,False,-0.1689747626234676,31
116.0,0.0,0.102326,2.324329187538796,False,-0.17552342223248174,31
228.0,0.98395413,0.0,2.324329187538796,False,-0.17628768047745347,31
72.0,0.9858208,0.0,2.324329187538796,False,-0.17628768047745347,31
283.0,0.9879898,0.0,2.324329187538796,False,-0.17628768047745347,31
267.0,0.9858419,0.0,2.324329187538796,False,-0.17628768047745347,31
162.0,0.98418736,0.0,2.324329187538796,False,-0.17628768047745347,31
197.0,0.9856504,0.0,2.324329187538796,False,-0.17628768047745347,31
233.0,0.981568,0.0,2.324329187538796,False,-0.17628768047745347,31
246.0,0.9847282,0.0,2.324329187538796,False,-0.17628768047745347,31
51.0,0.9831506,0.0,2.324329187538796,False,-0.17628768047745347,31
59.0,0.9857446,0.0,2.324329187538796,False,-0.17628768047745347,31
67.0,0.9628763,0.190698,2.324329187538796,False,-0.17810817619278563,31
134.0,0.0,0.074419,2.324329187538796,False,-0.18713316274744637,31
69.0,0.0,0.074419,2.324329187538796,False,-0.18713316274744637,31
11.0,0.0,0.074419,2.324329187538796,False,-0.18713316274744637,31
80.0,0.0,0.074419,2.324329187538796,False,-0.18713316274744637,31
169.0,0.0,0.065116,2.324329187538796,False,-0.18713316274744637,31
127.0,0.9091109,0.0,2.324329187538796,False,-0.21775377949099614,31
126.0,0.9087595,0.0,2.324329187538796,False,-0.21775377949099614,31
68.0,0.96413183,0.0,2.324329187538796,False,-0.22265482915434734,31
117.0,0.9446459,0.0,2.324329187538796,False,-0.22265482915434734,31
89.0,0.95131266,0.0,2.324329187538796,False,-0.22265482915434734,31
65.0,0.9290576,0.0,2.324329187538796,False,-0.22444699800730886,31
70.0,0.9304288,0.0,2.324329187538796,False,-0.22444699800730886,31
12.0,0.9842589,0.0,2.931028579652626,False,-0.22512485284636255,31
26.0,0.98623216,0.0,2.931028579652626,False,-0.22512485284636255,31
30.0,0.98418,0.0,2.931028579652626,False,-0.22512485284636255,31
160.0,0.97622406,0.0,2.546441564584209,False,-0.242199436067085,31
288.0,0.9777821,0.0,2.546441564584209,False,-0.242199436067085,31
191.0,0.9726083,0.0,2.546441564584209,False,-0.2449279374066634,31
74.0,0.9348842,0.0,2.324329187538796,False,-0.25254016306747257,31
66.0,0.9368184,0.0,2.324329187538796,False,-0.25254016306747257,31
75.0,0.93976355,0.0,2.324329187538796,False,-0.25254016306747257,31
65.0,1.0000002,1.0,2.589698755668857,False,0.7629600543641444,74
1.0,1.0000004,1.0,2.835251790882859,False,0.7218379214290737,74
64.0,1.0000001,1.0,2.7540536443720707,False,0.6416561350706244,74
6.0,0.9985262,0.809302,2.835251790882859,False,0.610559182896977,74
72.0,0.99999976,1.0,2.6117431995162788,False,0.5946031952909165,74
130.0,1.0,1.0,1.6133539528565297,False,0.5419968619271207,74
132.0,1.0000001,1.0,1.6133539528565297,False,0.5419968619271207,74
131.0,1.0000002,1.0,1.6133539528565297,False,0.5419968619271207,74
197.0,0.9984032,0.576744,2.6117431995162788,False,0.521951533918101,74
196.0,1.0000001,1.0,2.2319861708043427,False,0.49656018640010846,74
84.0,1.0000002,1.0,2.2545247426511428,False,0.46190006482592993,74
85.0,1.0000001,1.0,2.2545247426511428,False,0.46190006482592993,74
61.0,1.0000001,1.0,2.915489889811505,False,0.4503418739313273,74
67.0,0.99999994,1.0,3.0795983799221553,False,0.4349768532467392,74
12.0,0.99168813,0.539535,2.835251790882859,False,0.38236881852770205,74
8.0,0.9912697,0.6418600000000001,2.835251790882859,False,0.3822089410713414,74
7.0,0.99127173,0.660465,2.835251790882859,False,0.3822089410713414,74
82.0,0.9999998,1.0,2.2545247426511428,False,0.35200371489851545,74
309.0,0.0,0.6,2.835251790882859,False,0.3434304901208785,74
83.0,0.99999976,1.0,2.2545247426511428,False,0.3279518643725796,74
68.0,0.9987775,0.790698,3.0795983799221553,False,0.2989297392741798,74
75.0,0.0,0.395349,2.7540536443720707,False,0.26934246427930303,74
2.0,0.0,0.47906999999999994,2.835251790882859,False,0.26668307857859136,74
24.0,0.0,0.48837200000000003,2.835251790882859,False,0.26668307857859136,74
18.0,0.0,0.530233,2.835251790882859,False,0.26668307857859136,74
74.0,0.0,0.35814,2.7540536443720707,False,0.19897501518614155,74
15.0,0.9888879,0.47906999999999994,2.835251790882859,False,0.1953226945776056,74
53.0,0.9908703,0.372093,2.915489889811505,False,0.11198677206159793,74
50.0,0.991111,0.372093,2.915489889811505,False,0.11198677206159793,74
91.0,0.0,0.35814,2.915489889811505,False,0.07191124631922226,74
60.0,0.98942316,0.37674399999999997,2.915489889811505,False,0.031142878944565727,74
124.0,0.98032,0.30232600000000004,2.7540536443720707,False,-0.06955617536815767,74
107.0,0.0,0.15814,1.6133539528565297,False,-0.07855813794301592,74
76.0,0.0,0.16744199999999998,1.6133539528565297,False,-0.07855813794301592,74
129.0,0.0,0.153488,1.6133539528565297,False,-0.07855813794301592,74
128.0,0.0,0.21395299999999998,1.6133539528565297,False,-0.07855813794301592,74
293.0,0.0,0.18604700000000002,1.6133539528565297,False,-0.07855813794301592,74
109.0,0.0,0.190698,1.6133539528565297,False,-0.07855813794301592,74
71.0,0.0,0.18604700000000002,1.6133539528565297,False,-0.07855813794301592,74
189.0,0.98414695,0.265116,2.2319861708043427,False,-0.0877985122963828,74
101.0,0.0,0.274419,2.3910229268060172,False,-0.10946562158120408,74
70.0,0.9417888,0.223256,1.6133539528565297,False,-0.11334452151949231,74
142.0,0.0,0.255814,2.915489889811505,False,-0.12819155950973432,74
294.0,0.0,0.13023300000000002,2.2545247426511428,False,-0.13388655960374432,74
11.0,0.0,0.11627900000000001,2.2545247426511428,False,-0.13388655960374432,74
47.0,0.0,0.111628,2.2545247426511428,False,-0.14440582980988761,74
69.0,0.0,0.111628,2.2545247426511428,False,-0.14440582980988761,74
127.0,0.9091109,0.0,1.6133539528565297,False,-0.149830887542953,74
126.0,0.9087595,0.0,1.6133539528565297,False,-0.149830887542953,74
80.0,0.88920903,0.0,1.6133539528565297,False,-0.149830887542953,74
272.0,0.90139616,0.0,1.6133539528565297,False,-0.149830887542953,74
110.0,0.9163984,0.0,1.6133539528565297,False,-0.149830887542953,74
111.0,0.94527483,0.0,1.6133539528565297,False,-0.1547319372063042,74
117.0,0.9446459,0.0,1.6133539528565297,False,-0.1547319372063042,74
25.0,0.0,0.09302300000000001,2.2545247426511428,False,-0.15473483847536448,74
45.0,0.0,0.102326,2.2545247426511428,False,-0.15473483847536448,74
310.0,0.0,0.097674,2.2545247426511428,False,-0.15473483847536448,74
22.0,0.0,0.10697699999999999,2.2545247426511428,False,-0.15473483847536448,74
56.0,0.0,0.10697699999999999,2.2545247426511428,False,-0.15473483847536448,74
52.0,0.0,0.237209,2.915489889811505,False,-0.15799642570760367,74
95.0,0.0,0.2,2.915489889811505,False,-0.15799642570760367,74
49.0,0.0,0.223256,2.915489889811505,False,-0.15799642570760367,74
144.0,0.0,0.032558,2.2319861708043427,False,-0.16214159358258093,74
248.0,0.0,0.032558,2.2319861708043427,False,-0.16214159358258093,74
221.0,0.0,0.060465,2.2319861708043427,False,-0.16214159358258093,74
175.0,0.9814183,0.0,2.2319861708043427,False,-0.1643141419063537,74
262.0,0.9792924,0.0,2.2319861708043427,False,-0.1643141419063537,74
267.0,0.9843025,0.0,2.2319861708043427,False,-0.1643141419063537,74
162.0,0.9819553,0.0,2.2319861708043427,False,-0.1643141419063537,74
228.0,0.9839874,0.0,2.2319861708043427,False,-0.1643141419063537,74
246.0,0.98288167,0.0,2.2319861708043427,False,-0.1643141419063537,74
90.0,0.97888654,0.0,2.2319861708043427,True,-0.1643141419063537,74
249.0,0.9858208,0.0,2.2319861708043427,False,-0.1643141419063537,74
88.0,0.979773,0.0,2.2319861708043427,False,-0.1643141419063537,74
300.0,0.9902432,0.0,2.915489889811505,False,-0.16591163934020567,74
31.0,0.0,0.08837199999999999,2.2545247426511428,False,-0.16634457899032912,74
20.0,0.0,0.08837199999999999,2.2545247426511428,False,-0.16634457899032912,74
184.0,0.95013744,0.0,2.2319861708043427,False,-0.16704264324593213,74
165.0,0.95441246,0.0,2.2319861708043427,False,-0.16704264324593213,74
202.0,0.96577466,0.0,2.2319861708043427,False,-0.16704264324593213,74
160.0,0.94869125,0.0,2.2319861708043427,False,-0.16704264324593213,74
210.0,0.9504868,0.0,2.2319861708043427,False,-0.16704264324593213,74
198.0,0.953485,0.0,2.2319861708043427,False,-0.16704264324593213,74
217.0,0.9504174,0.0,2.2319861708043427,False,-0.16704264324593213,74
58.0,0.9865105,0.25116299999999997,2.915489889811505,False,-0.17370223741328203,74
299.0,0.986902,0.0,2.915489889811505,False,-0.18158827057517896,74
66.0,0.9431976,0.0,1.6133539528565297,False,-0.1846172711194294,74
77.0,0.93826437,0.0,1.6133539528565297,False,-0.1846172711194294,74
3.0,0.97445977,0.0,2.2545247426511428,False,-0.1991377440576516,74
301.0,0.9762115,0.0,2.2545247426511428,False,-0.1991377440576516,74
98.0,0.9774722,0.0,2.2545247426511428,False,-0.1991377440576516,74
302.0,0.9795413,0.0,2.2545247426511428,False,-0.1991377440576516,74
63.0,0.97973895,0.0,2.2545247426511428,False,-0.1991377440576516,74
230.0,0.97861993,0.0,2.2545247426511428,False,-0.1991377440576516,74
99.0,0.97544575,0.0,2.2545247426511428,False,-0.1991377440576516,74
87.0,0.97826725,0.0,2.2545247426511428,False,-0.1991377440576516,74
10.0,0.94785225,0.0,2.3910229268060172,False,-0.21328017659182172,74
19.0,0.9490862,0.0,2.3910229268060172,False,-0.21328017659182172,74
89.0,0.96780396,0.0,2.3910229268060172,False,-0.21328017659182172,74
123.0,0.95213014,0.0,2.3910229268060172,False,-0.21328017659182172,74
21.0,0.95300364,0.0,2.3910229268060172,False,-0.21328017659182172,74
42.0,0.94842637,0.0,2.3910229268060172,False,-0.21328017659182172,74
116.0,0.92055047,0.0,3.0795983799221553,False,-0.22414565683261115,74
304.0,0.98901784,0.0,2.915489889811505,False,-0.22621412006455643,74
26.0,0.9904927,0.0,2.835251790882859,False,-0.25609209371318004,74
102.0,0.9594641,0.0,2.7540536443720707,False,-0.2590453236117236,74
28.0,0.9892098,0.0,2.835251790882859,False,-0.3163945744375309,74
174.0,0.99999994,1.0,2.8192848631505347,False,0.7633162364972611,143
156.0,1.0000002,1.0,2.8192848631505347,False,0.7633162364972611,143
168.0,1.0000001,1.0,2.8192848631505347,False,0.7633162364972611,143
134.0,1.0000002,1.0,2.8192848631505347,False,0.7633162364972611,143
143.0,1.0,1.0,2.8192848631505347,False,0.7633162364972611,143
136.0,0.99999994,1.0,2.8192848631505347,False,0.7633162364972611,143
189.0,1.0000001,1.0,2.8192848631505347,False,0.7633162364972611,143
64.0,1.0000001,1.0,2.7131490094204045,False,0.7410002421438824,143
65.0,1.0000002,1.0,2.7131490094204045,False,0.7410002421438824,143
58.0,0.9999998,1.0,2.220336323311806,False,0.6724397503949475,143
117.0,0.9999998,1.0,2.4666961439610327,False,0.6515126784089366,143
178.0,0.99999964,1.0,2.8192848631505347,False,0.629368036043911,143
105.0,1.0000002,1.0,2.164352105134062,False,0.5631928680100124,143
66.0,1.0,1.0,2.0988569766757044,False,0.5152963671091229,143
88.0,1.0,1.0,2.5300070128806373,False,0.43832085591030157,143
169.0,0.9928516,0.553488,2.8192848631505347,False,0.4335532115331813,143
45.0,1.0000001,1.0,2.4759062051951055,False,0.4290579441482679,143
2.0,1.0000005,1.0,2.4759062051951055,False,0.4290579441482679,143
38.0,1.0,1.0,2.4759062051951055,False,0.4290579441482679,143
18.0,1.0000001,1.0,2.4759062051951055,False,0.4290579441482679,143
14.0,1.0,1.0,2.4759062051951055,False,0.4290579441482679,143
21.0,1.0000002,1.0,2.4759062051951055,False,0.4290579441482679,143
41.0,1.0000001,1.0,2.4759062051951055,True,0.4290579441482679,143
24.0,1.0,1.0,2.4759062051951055,False,0.4290579441482679,143
22.0,1.0000001,1.0,2.4759062051951055,False,0.4290579441482679,143
29.0,1.0000001,1.0,2.4759062051951055,False,0.4290579441482679,143
13.0,1.0000002,1.0,2.4759062051951055,False,0.4290579441482679,143
123.0,1.0,1.0,2.4759062051951055,False,0.4290579441482679,143
103.0,0.9999998,1.0,2.5797012395235948,False,0.42057895886363456,143
142.0,0.0,0.390698,2.220336323311806,False,0.3593015225768604,143
87.0,0.9944171,0.637209,2.5300070128806373,False,0.34236837785502855,143
124.0,0.99999964,1.0,2.788975677257032,False,0.33584271453487247,143
75.0,0.0,0.395349,2.7131490094204045,False,0.33556060186517667,143
44.0,0.9999999,1.0,2.4759062051951055,False,0.31706268070164445,143
23.0,0.9999999,1.0,2.4759062051951055,False,0.31706268070164445,143
46.0,0.9999999,1.0,2.4759062051951055,False,0.31706268070164445,143
25.0,0.9999999,1.0,2.4759062051951055,False,0.31706268070164445,143
19.0,0.9999997,1.0,2.4759062051951055,False,0.29301083017570867,143
193.0,0.99999964,1.0,2.4759062051951055,False,0.29301083017570867,143
39.0,0.9949986,0.646512,2.4759062051951055,False,0.27174861319069427,143
90.0,0.99549013,0.5023259999999999,2.5300070128806373,False,0.26647263715437697,143
74.0,0.0,0.35814,2.7131490094204045,False,0.2651931527720152,143
135.0,0.9751172,0.483721,2.8192848631505347,False,0.24830088964778615,143
34.0,0.9954854,0.7860469999999999,2.4759062051951055,False,0.20200878636571726,143
10.0,0.9952851,0.967442,2.4759062051951055,False,0.20200878636571726,143
40.0,0.9937335,0.581395,2.4759062051951055,True,0.19769976307563392,143
312.0,0.9934268,0.67907,2.4759062051951055,False,0.19202731593965044,143
311.0,0.9930445,0.734884,2.4759062051951055,False,0.19202731593965044,143
310.0,0.9935137,0.665116,2.4759062051951055,False,0.19202731593965044,143
313.0,0.9921954,0.6697669999999999,2.4759062051951055,False,0.17657604174971447,143
79.0,0.986554,0.604651,2.5797012395235948,False,0.17281658555217894,143
78.0,0.98869,0.604651,2.5797012395235948,False,0.12819073606280143,143
62.0,0.0,0.437209,2.5797012395235948,False,0.1228037085215,143
71.0,0.98568213,0.34883699999999995,2.0988569766757044,False,0.12268288019466626,143
109.0,0.98599464,0.35348799999999997,2.0988569766757044,False,0.12268288019466626,143
314.0,0.9930229,0.8046510000000001,2.4759062051951055,False,0.12228748911467324,143
119.0,0.9857335,0.483721,2.164352105134062,False,0.11833022566272423,143
118.0,0.9866842,0.48837200000000003,2.164352105134062,False,0.11833022566272423,143
224.0,0.9913431,0.395349,2.4759062051951055,False,0.11161211153471731,143
35.0,0.99064916,0.581395,2.4759062051951055,False,0.10551835101784351,143
15.0,0.0,0.404651,2.4759062051951055,False,0.10212860241867087,143
8.0,0.0,0.409302,2.4759062051951055,False,0.10212860241867087,143
55.0,0.98255765,0.418605,2.5797012395235948,False,0.09606917400989172,143
43.0,0.0,0.5906980000000001,2.4759062051951055,False,0.09603484190179708,143
309.0,0.0,0.604651,2.4759062051951055,False,0.09603484190179708,143
6.0,0.0,0.534884,2.4759062051951055,False,0.09377552478219807,143
298.0,0.0,0.544186,2.4759062051951055,True,0.09377552478219807,143
86.0,0.9836583,0.5162789999999999,2.5300070128806373,False,0.09331927318828785,143
7.0,0.99141,0.497674,2.4759062051951055,False,0.0852180726659429,143
70.0,0.98751307,0.33488399999999996,2.0988569766757044,False,0.06027935065025199,143
9.0,0.0,0.469767,2.4759062051951055,False,0.049434043035561884,143
1.0,0.0,0.47906999999999994,2.4759062051951055,False,0.049434043035561884,143
11.0,0.0,0.469767,2.4759062051951055,False,0.049434043035561884,143
28.0,0.0,0.46511600000000003,2.4759062051951055,False,0.049434043035561884,143
36.0,0.0,0.5255810000000001,2.4759062051951055,False,0.049434043035561884,143
192.0,0.9829105,0.339535,2.8192848631505347,False,0.0318438032306525,143
67.0,0.0,0.32093000000000005,2.7131490094204045,False,0.023396496729324347,143
68.0,0.0,0.306977,2.7131490094204045,False,0.023396496729324347,143
16.0,0.95704293,0.483721,2.4759062051951055,False,0.019971007184375195,143
121.0,0.96926904,0.311628,2.5797012395235948,False,-0.04012438029048039,143
76.0,0.0,0.21395299999999998,2.0988569766757044,False,-0.0804902573205514,143
101.0,0.0,0.274419,2.7131490094204045,False,-0.10434810053608827,143
120.0,0.0,0.26976700000000003,2.5797012395235948,False,-0.10534816138822634,143
77.0,0.94746315,0.195349,2.0988569766757044,False,-0.10995329317173809,143
12.0,0.99164796,0.0,2.4759062051951055,False,-0.1121762520467529,143
104.0,0.98756444,0.274419,2.5797012395235948,False,-0.1320826958998346,143
107.0,0.0,0.209302,2.7131490094204045,False,-0.1341529667339576,143
57.0,0.9844141,0.255814,2.220336323311806,False,-0.13541738046712581,143
97.0,0.0,0.237209,2.220336323311806,False,-0.13848771215338684,143
108.0,0.9905019,0.227907,2.220336323311806,False,-0.1495456154300218,143
61.0,0.9865105,0.25116299999999997,2.220336323311806,False,-0.1541935238590652,143
91.0,0.98297954,0.25116299999999997,2.220336323311806,False,-0.1541935238590652,143
129.0,0.9537653,0.0,2.0988569766757044,False,-0.1566640565838397,143
127.0,0.94749284,0.0,2.0988569766757044,False,-0.1566640565838397,143
89.0,0.9453753,0.0,2.0988569766757044,False,-0.1566640565838397,143
20.0,0.0,0.15814,2.4759062051951055,False,-0.15837108623448426,143
30.0,0.0,0.162791,2.4759062051951055,False,-0.15837108623448426,143
31.0,0.0,0.16744199999999998,2.4759062051951055,False,-0.15837108623448426,143
69.0,0.0,0.13023300000000002,2.4759062051951055,False,-0.15837108623448426,143
128.0,0.0,0.139535,2.4759062051951055,False,-0.15837108623448426,143
293.0,0.0,0.134884,2.4759062051951055,False,-0.15837108623448426,143
296.0,0.0,0.2,2.4759062051951055,False,-0.15837108623448426,143
27.0,0.0,0.134884,2.4759062051951055,False,-0.15837108623448426,143
122.0,0.98282826,0.223256,2.5797012395235948,False,-0.1618875620977039,143
92.0,0.0,0.060465,2.5300070128806373,False,-0.16505407418934975,143
196.0,0.98414695,0.265116,2.8192848631505347,False,-0.1669889195014828,143
197.0,0.97738004,0.0,2.5300070128806373,False,-0.16722662251312248,143
84.0,0.9778186,0.0,2.5300070128806373,False,-0.16722662251312248,143
72.0,0.979773,0.0,2.5300070128806373,False,-0.16722662251312248,143
267.0,0.97076297,0.0,2.5300070128806373,False,-0.1699551238527009,143
83.0,0.9709768,0.0,2.5300070128806373,False,-0.1699551238527009,143
85.0,0.97221744,0.0,2.5300070128806373,False,-0.1699551238527009,143
242.0,0.0,0.125581,2.8192848631505347,False,-0.17005925118774384,143
182.0,0.0,0.13023300000000002,2.8192848631505347,False,-0.17005925118774384,143
60.0,0.9893704,0.265116,2.220336323311806,False,-0.18004322995650332,143
112.0,0.85789764,0.0,2.4759062051951055,False,-0.18798449624808936,143
149.0,0.85699344,0.0,2.4759062051951055,False,-0.18798449624808936,143
265.0,0.87856233,0.0,2.4759062051951055,False,-0.18798449624808936,143
277.0,0.85744,0.0,2.4759062051951055,False,-0.18798449624808936,143
266.0,0.88045895,0.0,2.4759062051951055,False,-0.18798449624808936,143
181.0,0.88071793,0.0,2.4759062051951055,False,-0.18798449624808936,143
248.0,0.0,0.037209,2.4759062051951055,False,-0.18798449624808936,143
185.0,0.0,0.046512000000000005,2.4759062051951055,False,-0.18798449624808936,143
287.0,0.87216204,0.0,2.4759062051951055,False,-0.18798449624808936,143
42.0,0.97599417,0.0,2.4759062051951055,True,-0.19015704457186214,143
3.0,0.97721064,0.0,2.4759062051951055,True,-0.19015704457186214,143
47.0,0.97398025,0.0,2.4759062051951055,False,-0.19015704457186214,143
32.0,0.973698,0.0,2.4759062051951055,False,-0.19015704457186214,143
175.0,0.9786384,0.0,2.4759062051951055,False,-0.19015704457186214,143
268.0,0.9782693,0.0,2.4759062051951055,False,-0.19015704457186214,143
100.0,0.9759989,0.0,2.4759062051951055,False,-0.19015704457186214,143
82.0,0.9734318,0.0,2.4759062051951055,False,-0.19015704457186214,143
273.0,0.95636857,0.0,2.4759062051951055,False,-0.19288554591144055,143
289.0,0.9667299,0.0,2.4759062051951055,False,-0.19288554591144055,143
288.0,0.96661466,0.0,2.4759062051951055,False,-0.19288554591144055,143
153.0,0.9706416,0.0,2.4759062051951055,False,-0.19288554591144055,143
95.0,0.96428704,0.0,2.4759062051951055,False,-0.19288554591144055,143
56.0,0.9603458,0.0,2.4759062051951055,False,-0.19288554591144055,143
230.0,0.9718922,0.0,2.4759062051951055,False,-0.19288554591144055,143
98.0,0.97050226,0.0,2.4759062051951055,False,-0.19288554591144055,143
33.0,0.9726542,0.0,2.4759062051951055,False,-0.19288554591144055,143
37.0,0.9570348,0.0,2.4759062051951055,False,-0.19288554591144055,143
106.0,0.97797346,0.162791,2.164352105134062,False,-0.19493568443670772,143
50.0,0.989956,0.0,2.220336323311806,False,-0.19625637884212344,143
290.0,0.0,0.09302300000000001,2.8192848631505347,False,-0.19693753307862666,143
102.0,0.9594641,0.0,2.7131490094204045,False,-0.2081626555467059,143
236.0,0.0,0.08372099999999999,2.8192848631505347,False,-0.2085472735935913,143
26.0,0.0,0.08372099999999999,2.8192848631505347,False,-0.2085472735935913,143
237.0,0.0,0.074419,2.8192848631505347,False,-0.2085472735935913,143
249.0,0.0,0.074419,2.8192848631505347,False,-0.2085472735935913,143
53.0,0.98937696,0.237209,2.220336323311806,False,-0.20984809615437258,143
96.0,0.9888646,0.237209,2.220336323311806,False,-0.20984809615437258,143
125.0,0.0,0.12093,2.164352105134062,False,-0.2118397972624149,143
131.0,0.9075724,0.0,2.4666961439610327,False,-0.22852342328879474,143
130.0,0.9446459,0.0,2.4666961439610327,False,-0.23342447295214594,143
132.0,0.9284053,0.0,2.4666961439610327,False,-0.2352166418051074,143
126.0,0.9283889,0.0,2.4666961439610327,False,-0.2352166418051074,143
294.0,0.0,0.04186,2.8192848631505347,False,-0.239167890337141,143
48.0,0.9171023,0.0,2.8192848631505347,False,-0.239167890337141,143
204.0,0.91949034,0.0,2.8192848631505347,False,-0.239167890337141,143
219.0,0.0,0.051163,2.8192848631505347,False,-0.239167890337141,143
217.0,0.0,0.032558,2.8192848631505347,False,-0.239167890337141,143
191.0,0.97522855,0.0,2.8192848631505347,False,-0.2413404386609138,143
49.0,0.97759855,0.0,2.8192848631505347,False,-0.2413404386609138,143
210.0,0.9764488,0.0,2.8192848631505347,False,-0.2413404386609138,143
281.0,0.9492211,0.0,2.8192848631505347,False,-0.2440689400004922,143
207.0,0.94931924,0.0,2.8192848631505347,False,-0.2440689400004922,143
269.0,0.9464797,0.0,2.8192848631505347,False,-0.2440689400004922,143
195.0,0.94722295,0.0,2.8192848631505347,False,-0.2440689400004922,143
158.0,0.9494319,0.0,2.8192848631505347,False,-0.2440689400004922,143
188.0,0.95241356,0.0,2.8192848631505347,False,-0.2440689400004922,143
147.0,0.9701893,0.0,2.8192848631505347,False,-0.2440689400004922,143
176.0,0.95224625,0.0,2.8192848631505347,False,-0.2440689400004922,143
94.0,0.95105046,0.0,2.8192848631505347,False,-0.2440689400004922,143
160.0,0.9470342,0.037209,2.8192848631505347,False,-0.2440689400004922,143
234.0,0.95929116,0.0,2.8192848631505347,False,-0.2440689400004922,143
279.0,0.9552515,0.0,2.8192848631505347,False,-0.2440689400004922,143
256.0,0.9527199,0.0,2.8192848631505347,False,-0.2440689400004922,143
184.0,0.9501697,0.0,2.8192848631505347,False,-0.2440689400004922,143
198.0,0.9680493,0.0,2.8192848631505347,False,-0.2440689400004922,143
177.0,0.9619683,0.0,2.8192848631505347,False,-0.2440689400004922,143
165.0,0.9658772,0.0,2.8192848631505347,False,-0.2440689400004922,143
218.0,0.96103275,0.0,2.8192848631505347,False,-0.2440689400004922,143
93.0,0.9515203,0.0,2.8192848631505347,False,-0.2440689400004922,143
161.0,0.956396,0.032558,2.8192848631505347,False,-0.2440689400004922,143
180.0,0.9682223,0.0,2.8192848631505347,False,-0.2440689400004922,143
202.0,0.9589006,0.0,2.8192848631505347,False,-0.2440689400004922,143
274.0,0.9589239,0.0,2.8192848631505347,False,-0.2440689400004922,143
235.0,0.9711694,0.0,2.8192848631505347,False,-0.2440689400004922,143
261.0,0.94677716,0.0,2.8192848631505347,False,-0.2440689400004922,143
260.0,0.94696295,0.0,2.8192848631505347,False,-0.2440689400004922,143
225.0,0.94596064,0.0,2.8192848631505347,False,-0.2440689400004922,143
275.0,0.94710714,0.0,2.8192848631505347,False,-0.2440689400004922,143
52.0,0.98900616,0.0,2.220336323311806,False,-0.2565588595664743,143
111.0,0.94018495,0.0,2.4666961439610327,False,-0.2633098068652712,143
110.0,0.939178,0.0,2.4666961439610327,False,-0.2633098068652712,143
300.0,0.94413245,0.0,2.8192848631505347,False,-0.2739542739136175,143
239.0,0.94418746,0.0,2.8192848631505347,False,-0.2739542739136175,143
302.0,0.9424568,0.0,2.8192848631505347,False,-0.2739542739136175,143
282.0,0.9348531,0.0,2.8192848631505347,False,-0.2739542739136175,143
115.0,0.9714818,0.0,2.164352105134062,False,-0.2880135965257033,143
299.0,0.9719918,0.0,2.164352105134062,False,-0.2880135965257033,143
81.0,1.0000002,1.0,3.5640060680542085,False,0.7822327024253167,56
70.0,1.0,1.0,4.080859017127772,False,0.7210340388048423,56
71.0,1.0000002,1.0,4.080859017127772,False,0.7210340388048423,56
97.0,1.0,1.0,3.7474868599810933,False,0.7101500432905306,56
115.0,1.0000002,1.0,4.3171071854678,False,0.6829560563580015,56
114.0,1.0000001,1.0,4.3171071854678,False,0.6829560563580015,56
117.0,0.9999998,1.0,4.373842861656899,False,0.6279294215643273,56
92.0,1.0,1.0,3.4792434174466806,False,0.6206280941605893,56
119.0,0.99999976,1.0,3.7571330536208536,False,0.6038775710383913,56
118.0,0.9989145,0.9069769999999999,3.7571330536208536,False,0.6038775710383913,56
109.0,0.9957278,0.7488370000000001,4.080859017127772,False,0.5884930832877311,56
95.0,0.99999976,1.0,4.285521636211022,False,0.5082652631920447,56
5.0,1.0,1.0,2.57103228155661,False,0.46576950396412997,56
299.0,1.0,1.0,4.340926063460508,False,0.45822600379558104,56
249.0,0.99999994,1.0,4.340926063460508,False,0.45822600379558104,56
57.0,1.0,1.0,4.340926063460508,False,0.45822600379558104,56
310.0,1.0000002,1.0,4.340926063460508,False,0.45822600379558104,56
130.0,1.0,1.0,4.340926063460508,False,0.45822600379558104,56
302.0,1.0,1.0,4.340926063460508,False,0.45822600379558104,56
54.0,1.0000001,1.0,4.340926063460508,False,0.45822600379558104,56
304.0,0.9984892,0.7209300000000001,4.340926063460508,False,0.38622668739635785,56
108.0,0.99999964,1.0,4.340926063460508,False,0.3469472652634842,56
295.0,0.9647895,0.623256,3.5640060680542085,False,0.3412362657785504,56
313.0,0.994558,0.702326,4.340926063460508,False,0.3256850482784698,56
311.0,0.9952489,0.772093,4.340926063460508,False,0.3256850482784698,56
312.0,0.9955091,0.7209300000000001,4.340926063460508,False,0.3256850482784698,56
96.0,0.9971581,0.67907,4.340926063460508,False,0.304593259319929,56
300.0,0.99718493,0.7534879999999999,4.340926063460508,False,0.304593259319929,56
301.0,0.99688697,0.734884,4.340926063460508,False,0.304593259319929,56
111.0,0.0,0.362791,3.5640060680542085,False,0.2986530298189871,56
110.0,0.0,0.35814,3.5640060680542085,False,0.2762790003773975,56
41.0,0.9935137,0.665116,4.340926063460508,False,0.24596375102742593,56
105.0,0.9857335,0.483721,3.7571330536208536,False,0.23326693220839748,56
66.0,0.98568213,0.34883699999999995,4.080859017127772,False,0.22147177173269925,56
40.0,0.9926945,0.613953,4.340926063460508,False,0.18394097471768941,56
43.0,0.9906782,0.6418600000000001,4.340926063460508,False,0.1761980527307787,56
34.0,0.99067235,0.637209,4.340926063460508,False,0.1761980527307787,56
39.0,0.0,0.6511629999999999,4.340926063460508,False,0.1667145436147323,56
3.0,0.0,0.683721,4.340926063460508,False,0.1667145436147323,56
306.0,0.0,0.381395,4.340926063460508,False,0.11236403602629393,56
305.0,0.0,0.395349,4.340926063460508,False,0.11236403602629393,56
307.0,0.0,0.38604700000000003,4.340926063460508,False,0.11236403602629393,56
303.0,0.0,0.37674399999999997,4.340926063460508,False,0.11236403602629393,56
308.0,0.98172164,0.404651,4.340926063460508,False,0.08562950151468564,56
132.0,0.98891175,0.5023259999999999,4.340926063460508,False,-0.011690907357800815,56
131.0,0.0,0.339535,4.340926063460508,False,-0.04299303479975944,56
124.0,0.0,0.311628,4.080859017127772,False,-0.044501191886919964,56
142.0,0.9859476,0.293023,4.340926063460508,False,-0.1408156947780904,56
77.0,0.0,0.24186,3.5640060680542085,False,-0.162949238411182,56
102.0,0.0,0.24186,3.5640060680542085,False,-0.162949238411182,56
76.0,0.0,0.25116299999999997,3.5640060680542085,False,-0.162949238411182,56
205.0,0.0,0.055814,2.57103228155661,False,-0.165999790127557,56
267.0,0.96047956,0.0,2.57103228155661,False,-0.17090083979090814,56
187.0,0.96396434,0.0,2.57103228155661,False,-0.17090083979090814,56
250.0,0.96631944,0.0,2.57103228155661,False,-0.17090083979090814,56
257.0,0.9622432,0.0,2.57103228155661,False,-0.17090083979090814,56
275.0,0.97278124,0.0,2.57103228155661,False,-0.17090083979090814,56
262.0,0.96359205,0.0,2.57103228155661,False,-0.17090083979090814,56
195.0,0.9662603,0.0,2.57103228155661,False,-0.17090083979090814,56
212.0,0.9663641,0.0,2.57103228155661,False,-0.17090083979090814,56
91.0,0.99249893,0.195349,4.285521636211022,False,-0.1739741554212632,56
101.0,0.9226943,0.218605,3.5640060680542085,False,-0.18067117973342464,56
107.0,0.92087036,0.223256,3.5640060680542085,False,-0.18067117973342464,56
298.0,0.0,0.144186,3.4792434174466806,False,-0.18576098444232114,56
69.0,0.0,0.153488,3.4792434174466806,False,-0.18576098444232114,56
36.0,0.0,0.148837,3.4792434174466806,False,-0.18576098444232114,56
296.0,0.0,0.148837,3.4792434174466806,False,-0.18576098444232114,56
35.0,0.0,0.148837,3.4792434174466806,False,-0.18576098444232114,56
65.0,0.0,0.227907,4.080859017127772,False,-0.20205065535020192,56
64.0,0.0,0.223256,4.080859017127772,False,-0.20205065535020192,56
53.0,0.9913488,0.16744199999999998,4.340926063460508,False,-0.22908933429723766,56
58.0,0.9844141,0.255814,4.340926063460508,False,-0.235502511727023,56
61.0,0.0,0.172093,4.340926063460508,False,-0.23857284341328408,56
293.0,0.0,0.18604700000000002,4.340926063460508,False,-0.23857284341328408,56
127.0,0.91635895,0.0,3.5640060680542085,False,-0.2430866003665091,56
50.0,0.9915732,0.0,4.340926063460508,False,-0.2450173911808808,56
52.0,0.0,0.172093,4.285521636211022,False,-0.24531841362373766,56
125.0,0.0,0.11627900000000001,3.7571330536208536,False,-0.24745473328244239,56
89.0,0.0,0.18139500000000003,4.373842861656899,True,-0.24745473328244239,56
171.0,0.0,0.037209,4.3171071854678,False,-0.25101499813927486,56
177.0,0.98327684,0.0,4.3171071854678,False,-0.25318754646304764,56
207.0,0.97989684,0.0,4.3171071854678,False,-0.25318754646304764,56
198.0,0.9738412,0.0,4.3171071854678,False,-0.25318754646304764,56
289.0,0.9787046,0.0,4.3171071854678,False,-0.25318754646304764,56
288.0,0.9777821,0.0,4.3171071854678,False,-0.25318754646304764,56
160.0,0.97622406,0.0,4.3171071854678,False,-0.25318754646304764,56
191.0,0.9726083,0.0,4.3171071854678,False,-0.25591604780262606,56
60.0,0.0,0.18604700000000002,3.7474868599810933,False,-0.2593662903781594,56
63.0,0.0,0.172093,3.7474868599810933,False,-0.2593662903781594,56
90.0,0.96570027,0.0,3.4792434174466806,False,-0.25977067325506953,56
154.0,0.9687811,0.0,3.4792434174466806,False,-0.25977067325506953,56
222.0,0.972134,0.0,3.4792434174466806,False,-0.25977067325506953,56
193.0,0.961801,0.0,3.4792434174466806,False,-0.25977067325506953,56
100.0,0.9654819,0.0,3.4792434174466806,False,-0.25977067325506953,56
88.0,0.96761644,0.0,3.4792434174466806,False,-0.25977067325506953,56
87.0,0.9657581,0.0,3.4792434174466806,False,-0.25977067325506953,56
224.0,0.9662771,0.0,3.4792434174466806,False,-0.25977067325506953,56
268.0,0.9640774,0.0,3.4792434174466806,False,-0.25977067325506953,56
116.0,0.0,0.102326,4.340926063460508,False,-0.265451125304167,56
67.0,0.9628763,0.190698,4.340926063460508,False,-0.2680358792644708,56
314.0,0.9908957,0.0,4.340926063460508,False,-0.27363598725879934,56
129.0,0.95055187,0.0,4.080859017127772,False,-0.2760603441629503,56
106.0,0.9696733,0.15814,3.7571330536208536,False,-0.27691776913362914,56
80.0,0.0,0.074419,4.340926063460508,False,-0.27706086581913164,56
169.0,0.0,0.065116,4.340926063460508,False,-0.27706086581913164,56
134.0,0.0,0.074419,4.340926063460508,False,-0.27706086581913164,56
6.0,0.0,0.074419,4.340926063460508,False,-0.27706086581913164,56
11.0,0.0,0.074419,4.340926063460508,False,-0.27706086581913164,56
1.0,0.0,0.074419,4.340926063460508,False,-0.27706086581913164,56
255.0,0.9802531,0.0,4.285521636211022,False,-0.2771043719611155,56
178.0,0.97919285,0.0,4.285521636211022,False,-0.2771043719611155,56
45.0,0.0,0.065116,3.7571330536208536,False,-0.28594275568828986,56
79.0,0.0,0.069767,3.7571330536208536,False,-0.28594275568828986,56
26.0,0.0,0.069767,3.7571330536208536,False,-0.28594275568828986,56
297.0,0.0,0.074419,3.7571330536208536,False,-0.28594275568828986,56
78.0,0.0,0.065116,3.7571330536208536,False,-0.28594275568828986,56
126.0,0.9087595,0.0,4.340926063460508,False,-0.30768148256268135,56
283.0,0.9879898,0.0,4.340926063460508,False,-0.309854030886454,56
197.0,0.9856504,0.0,4.340926063460508,False,-0.309854030886454,56
228.0,0.98395413,0.0,4.340926063460508,False,-0.309854030886454,56
72.0,0.9858208,0.0,4.340926063460508,False,-0.309854030886454,56
233.0,0.981568,0.0,4.340926063460508,False,-0.309854030886454,56
246.0,0.9847282,0.0,4.340926063460508,False,-0.309854030886454,56
59.0,0.9857446,0.0,4.340926063460508,False,-0.309854030886454,56
51.0,0.9831506,0.0,4.340926063460508,False,-0.309854030886454,56
162.0,0.98418736,0.0,4.340926063460508,False,-0.309854030886454,56
68.0,0.96413183,0.0,4.340926063460508,False,-0.31258253222603244,56
188.0,0.97874534,0.0,3.7571330536208536,False,-0.31873592075561236,56
42.0,0.97188926,0.0,3.7571330536208536,False,-0.32146442209519077,56
14.0,0.96772045,0.0,3.7571330536208536,False,-0.32146442209519077,56
147.0,0.96901166,0.0,3.7571330536208536,False,-0.32146442209519077,56
98.0,0.9690822,0.0,3.7571330536208536,False,-0.32146442209519077,56
279.0,0.9711032,0.0,3.7474868599810933,False,-0.3333759791909078,56
261.0,0.9574933,0.0,3.7474868599810933,False,-0.3333759791909078,56
141.0,0.96193403,0.0,3.7474868599810933,False,-0.3333759791909078,56
75.0,0.93976355,0.0,4.340926063460508,False,-0.34246786613915764,56
74.0,0.9348842,0.0,4.340926063460508,False,-0.34246786613915764,56
130.0,1.0,1.0,18.478818441297644,False,0.6451989560476984,453
123.0,1.0,1.0,18.478818441297644,False,0.6451989560476984,453
92.0,1.0,1.0,20.557326529654908,False,0.6451989560476984,453
57.0,1.0,1.0,21.320772601513674,False,0.6412405955888736,453
61.0,1.0000001,1.0,20.940305321783363,False,0.6031626131420328,453
202.0,0.9999999,1.0,18.478818441297644,False,0.5579720680415375,453
85.0,1.0000001,1.0,20.599363786747798,False,0.5408641901410968,453
84.0,1.0000002,1.0,20.599363786747798,False,0.5408641901410968,453
95.0,0.99999976,1.0,20.387940841700672,False,0.5221132730865314,453
108.0,0.99999964,1.0,15.499732488505574,False,0.5093788948249687,453
50.0,1.0000002,1.0,21.32682416087706,False,0.494540752314641,453
96.0,0.9971581,0.67907,21.320772601513674,False,0.4876078511132216,453
53.0,0.99943006,0.7767440000000001,21.32682416087706,False,0.45984796786564447,453
82.0,0.9999998,1.0,20.599363786747798,False,0.4536373021349358,453
118.0,0.9989145,0.9069769999999999,21.28180347567116,False,0.42958545160899997,453
83.0,0.99999976,1.0,20.599363786747798,False,0.42958545160899997,453
119.0,0.99999976,1.0,21.28180347567116,False,0.42958545160899997,453
60.0,0.99139106,0.362791,21.32682416087706,False,0.24764769582044927,453
91.0,0.0,0.35814,20.940305321783363,False,0.23281271185785174,453
132.0,0.98891175,0.5023259999999999,18.478818441297644,False,0.19101494779653208,453
105.0,0.9857335,0.483721,21.28180347567116,False,0.16145264405535992,453
131.0,0.0,0.339535,18.478818441297644,False,0.001007128716524145,453
142.0,0.9859476,0.293023,15.499732488505574,False,-0.11338985303914002,453
49.0,0.0,0.223256,20.940305321783363,False,-0.18936858360554468,453
52.0,0.0,0.237209,20.940305321783363,False,-0.18936858360554468,453
125.0,0.0,0.111628,11.971685123415948,False,-0.19368667152434252,453
58.0,0.9865105,0.25116299999999997,20.940305321783363,False,-0.20507439531122304,453
97.0,0.0,0.190698,21.32682416087706,False,-0.20639113820058338,453
47.0,0.0,0.111628,20.599363786747798,False,-0.21449693420702934,453
69.0,0.0,0.111628,20.599363786747798,False,-0.21449693420702934,453
18.0,0.0,0.111628,20.599363786747798,False,-0.21449693420702934,453
309.0,0.0,0.065116,11.971685123415948,False,-0.22165542372404667,453
78.0,0.0,0.065116,11.971685123415948,False,-0.22165542372404667,453
26.0,0.0,0.065116,11.971685123415948,False,-0.22165542372404667,453
15.0,0.0,0.065116,11.971685123415948,False,-0.22165542372404667,453
297.0,0.0,0.07907,11.971685123415948,False,-0.22165542372404667,453
64.0,0.0,0.204651,18.478818441297644,False,-0.22763046021348046,453
293.0,0.0,0.18604700000000002,18.478818441297644,False,-0.22763046021348046,453
35.0,0.0,0.148837,20.557326529654908,False,-0.22763046021348046,453
76.0,0.0,0.18604700000000002,18.478818441297644,False,-0.22763046021348046,453
71.0,0.0,0.18604700000000002,18.478818441297644,False,-0.22763046021348046,453
312.0,0.0,0.144186,20.557326529654908,False,-0.22763046021348046,453
310.0,0.0,0.172093,20.557326529654908,False,-0.22763046021348046,453
298.0,0.0,0.144186,20.557326529654908,False,-0.22763046021348046,453
311.0,0.0,0.144186,20.557326529654908,False,-0.22763046021348046,453
296.0,0.0,0.148837,20.557326529654908,False,-0.22763046021348046,453
124.0,0.0,0.204651,18.478818441297644,False,-0.22763046021348046,453
36.0,0.0,0.148837,20.557326529654908,False,-0.22763046021348046,453
3.0,0.0,0.144186,20.557326529654908,False,-0.22763046021348046,453
109.0,0.0,0.190698,18.478818441297644,False,-0.22763046021348046,453
25.0,0.0,0.09302300000000001,20.599363786747798,False,-0.2308559458917688,453
45.0,0.0,0.102326,20.599363786747798,False,-0.2308559458917688,453
6.0,0.0,0.097674,20.599363786747798,False,-0.2308559458917688,453
22.0,0.0,0.10697699999999999,20.599363786747798,False,-0.2308559458917688,453
56.0,0.0,0.10697699999999999,20.599363786747798,False,-0.2308559458917688,453
79.0,0.0,0.069767,21.28180347567116,False,-0.24246568640673344,453
31.0,0.0,0.08837199999999999,20.599363786747798,False,-0.24246568640673344,453
20.0,0.0,0.08837199999999999,20.599363786747798,False,-0.24246568640673344,453
300.0,0.9902432,0.0,20.940305321783363,False,-0.24497313984374128,453
11.0,0.0,0.125581,20.599363786747798,False,-0.25166700660648067,453
294.0,0.0,0.144186,20.599363786747798,False,-0.25166700660648067,453
188.0,0.9774017,0.0,11.971685123415948,False,-0.25444858879136917,453
157.0,0.0,0.102326,18.478818441297644,False,-0.25450874210436336,453
67.0,0.9628763,0.190698,18.478818441297644,False,-0.2570934960646672,453
14.0,0.9676601,0.0,11.971685123415948,False,-0.2571770901309476,453
98.0,0.9704515,0.0,11.971685123415948,False,-0.2571770901309476,453
13.0,0.96771,0.0,11.971685123415948,False,-0.2571770901309476,453
42.0,0.9721758,0.0,11.971685123415948,False,-0.2571770901309476,453
106.0,0.97049177,0.16744199999999998,11.971685123415948,False,-0.2603197797749806,453
299.0,0.986902,0.0,20.940305321783363,False,-0.2606497710787146,453
244.0,0.0,0.08372099999999999,18.478818441297644,False,-0.26611848261932797,453
162.0,0.974561,0.0,20.599363786747798,False,-0.275258851474056,453
90.0,0.9753283,0.0,20.599363786747798,False,-0.275258851474056,453
99.0,0.97544575,0.0,20.599363786747798,False,-0.275258851474056,453
88.0,0.9778186,0.0,20.599363786747798,False,-0.275258851474056,453
301.0,0.9762115,0.0,20.599363786747798,False,-0.275258851474056,453
302.0,0.9795413,0.0,20.599363786747798,False,-0.275258851474056,453
63.0,0.97776,0.0,20.599363786747798,False,-0.275258851474056,453
72.0,0.9734529,0.0,20.599363786747798,False,-0.275258851474056,453
230.0,0.97861993,0.0,20.599363786747798,False,-0.275258851474056,453
267.0,0.97346985,0.0,20.599363786747798,False,-0.275258851474056,453
87.0,0.97826725,0.0,20.599363786747798,False,-0.275258851474056,453
147.0,0.96901166,0.0,21.28180347567116,False,-0.2779873528136344,453
303.0,0.98208547,0.0,21.320772601513674,False,-0.2807940674390388,453
127.0,0.9091109,0.0,18.478818441297644,False,-0.29673909936287773,453
80.0,0.91777176,0.0,18.478818441297644,False,-0.29673909936287773,453
126.0,0.9087595,0.0,18.478818441297644,False,-0.29673909936287773,453
10.0,0.9795196,0.0,18.478818441297644,False,-0.2989116476866504,453
19.0,0.97710454,0.0,18.478818441297644,False,-0.2989116476866504,453
23.0,0.97656333,0.0,18.478818441297644,False,-0.2989116476866504,453
21.0,0.9805512,0.0,18.478818441297644,False,-0.2989116476866504,453
160.0,0.95448315,0.0,18.478818441297644,False,-0.3016401490262288,453
165.0,0.9451162,0.0,18.478818441297644,False,-0.3016401490262288,453
111.0,0.94527483,0.0,18.478818441297644,False,-0.3016401490262288,453
158.0,0.956416,0.0,18.478818441297644,False,-0.3016401490262288,453
117.0,0.9446459,0.0,18.478818441297644,False,-0.3016401490262288,453
68.0,0.96413183,0.0,18.478818441297644,False,-0.3016401490262288,453
193.0,0.961801,0.0,20.557326529654908,False,-0.3016401490262288,453
154.0,0.9687811,0.0,20.557326529654908,False,-0.3016401490262288,453
210.0,0.94994056,0.0,18.478818441297644,False,-0.3016401490262288,453
269.0,0.94497657,0.0,18.478818441297644,False,-0.3016401490262288,453
217.0,0.953906,0.0,18.478818441297644,False,-0.3016401490262288,453
100.0,0.9654819,0.0,20.557326529654908,False,-0.3016401490262288,453
222.0,0.972134,0.0,20.557326529654908,False,-0.3016401490262288,453
189.0,0.9589006,0.0,18.478818441297644,False,-0.3016401490262288,453
180.0,0.9452028,0.0,18.478818441297644,False,-0.3016401490262288,453
196.0,0.96577466,0.0,18.478818441297644,False,-0.3016401490262288,453
268.0,0.9640774,0.0,20.557326529654908,False,-0.3016401490262288,453
224.0,0.9662771,0.0,20.557326529654908,False,-0.3016401490262288,453
304.0,0.98901784,0.0,20.940305321783363,True,-0.3052756205680921,453
110.0,0.93113613,0.0,18.478818441297644,False,-0.3315254829393541,453
255.0,0.9802531,0.0,20.387940841700672,False,-0.3363631135769731,453
178.0,0.97919285,0.0,20.387940841700672,False,-0.3363631135769731,453
134.0,1.0000002,1.0,2.1295188462698906,False,0.7863331961395421,10
174.0,0.99999994,1.0,2.1295188462698906,False,0.7863331961395421,10
168.0,1.0000001,1.0,2.1295188462698906,True,0.7863331961395421,10
189.0,1.0000001,1.0,2.1295188462698906,False,0.7863331961395421,10
136.0,0.99999994,1.0,2.1295188462698906,False,0.7863331961395421,10
143.0,1.0,1.0,2.1295188462698906,False,0.7863331961395421,10
156.0,1.0000002,1.0,2.1295188462698906,False,0.7863331961395421,10
101.0,1.0000002,1.0,2.1416932301721503,False,0.77057120804608,10
40.0,0.99999994,1.0,2.0443694297512987,False,0.7691383159520819,10
41.0,1.0000001,1.0,2.0443694297512987,True,0.7691383159520819,10
42.0,1.0000002,1.0,2.0443694297512987,False,0.7691383159520819,10
43.0,1.0000001,1.0,2.0443694297512987,False,0.7691383159520819,10
298.0,1.0,1.0,2.0443694297512987,False,0.7691383159520819,10
70.0,1.0,1.0,2.1967029962283506,False,0.765864694351425,10
79.0,1.0,1.0,2.1967029962283506,False,0.765864694351425,10
64.0,1.0000001,1.0,2.1967029962283506,False,0.765864694351425,10
141.0,1.0000002,1.0,2.1967029962283506,False,0.765864694351425,10
55.0,1.0000002,1.0,2.1967029962283506,False,0.765864694351425,10
61.0,1.0000001,1.0,2.1967029962283506,False,0.765864694351425,10
62.0,1.0000002,1.0,2.1967029962283506,False,0.765864694351425,10
57.0,1.0,1.0,2.1967029962283506,False,0.765864694351425,10
69.0,1.0,1.0,2.1967029962283506,False,0.765864694351425,10
65.0,1.0000002,1.0,2.1967029962283506,False,0.765864694351425,10
84.0,1.0000002,1.0,2.1967029962283506,False,0.765864694351425,10
1.0,1.0000004,1.0,1.950622305067128,False,0.7557288520729435,10
73.0,0.9999999,1.0,2.1967029962283506,False,0.6677884464453864,10
60.0,0.9999998,1.0,2.1967029962283506,False,0.6677884464453864,10
288.0,0.9999999,1.0,2.1967029962283506,False,0.6677884464453864,10
103.0,0.9999998,1.0,2.1967029962283506,False,0.6677884464453864,10
39.0,0.9999998,1.0,2.0443694297512987,False,0.6592419660246678,10
178.0,0.99999964,1.0,2.1295188462698906,False,0.6523849956861921,10
78.0,0.9999994,1.0,2.1967029962283506,False,0.6437365959194504,10
289.0,0.99999976,1.0,2.1967029962283506,False,0.6437365959194504,10
76.0,0.99999976,1.0,2.1967029962283506,False,0.6437365959194504,10
59.0,0.99999964,1.0,2.1967029962283506,False,0.6437365959194504,10
56.0,0.99999964,1.0,2.1967029962283506,False,0.6437365959194504,10
3.0,0.99999964,1.0,2.0443694297512987,False,0.6351901154987318,10
77.0,0.9947618,0.702326,2.1967029962283506,False,0.6224743789344359,10
71.0,0.9946378,0.744186,2.1967029962283506,False,0.6224743789344359,10
6.0,0.9985262,0.809302,1.950622305067128,False,0.6217806516195934,10
311.0,0.9953525,0.637209,2.0443694297512987,False,0.6139278985137173,10
313.0,0.9945971,0.711628,2.0443694297512987,False,0.6139278985137173,10
96.0,0.9971581,0.67907,2.1967029962283506,False,0.6013825899758951,10
312.0,0.99435747,0.581395,2.0443694297512987,False,0.5836302430844572,10
34.0,0.9944172,0.613953,2.0443694297512987,False,0.5836302430844572,10
36.0,0.9939023,0.711628,2.0443694297512987,False,0.5691739902330732,10
105.0,1.0000002,1.0,1.347000888821493,False,0.5614560176035833,10
88.0,1.0,1.0,1.5156813974345618,False,0.5424903540416518,10
109.0,0.9975029,0.87907,2.1967029962283506,False,0.531642763150918,10
106.0,1.0000002,1.0,1.3531530748370189,False,0.5204606371800339,10
310.0,0.9935137,0.665116,2.0443694297512987,False,0.5108518612690257,10
107.0,0.9917878,0.655814,2.1967029962283506,False,0.47934227082336855,10
274.0,1.0000001,1.0,1.3928598433045325,False,0.47686915187412315,10
116.0,1.0000001,1.0,1.3928598433045325,False,0.47686915187412315,10
171.0,1.0000005,1.0,1.3928598433045325,False,0.47686915187412315,10
169.0,0.9928516,0.553488,2.1295188462698906,False,0.46912184638471904,10
124.0,0.99999964,1.0,1.665038020435804,False,0.428876619426076,10
53.0,0.9923562,0.367442,2.1967029962283506,False,0.42599447682977387,10
102.0,0.9929564,0.474419,2.1967029962283506,False,0.4033178399479438,10
314.0,0.0,0.627907,2.0443694297512987,False,0.3994515322001755,10
7.0,0.99127173,0.660465,1.950622305067128,False,0.3955255774370835,10
8.0,0.9912697,0.6418600000000001,1.950622305067128,False,0.3955255774370835,10
12.0,0.99168813,0.539535,1.950622305067128,False,0.39468274129860037,10
87.0,0.9944171,0.637209,1.5156813974345618,False,0.3872799366032872,10
35.0,0.99064916,0.581395,2.0443694297512987,False,0.3786373858869618,10
32.0,0.0,0.623256,2.0443694297512987,False,0.36915387677091527,10
38.0,0.0,0.562791,2.0443694297512987,True,0.36915387677091527,10
33.0,0.0,0.581395,2.0443694297512987,False,0.36915387677091527,10
50.0,0.991111,0.372093,2.1967029962283506,False,0.3641337277433459,10
309.0,0.0,0.6,1.950622305067128,False,0.35574441289177683,10
75.0,0.0,0.395349,2.1967029962283506,False,0.3546502186272994,10
91.0,0.9881662,0.367442,2.1967029962283506,False,0.32791568411569116,10
82.0,0.0,0.497674,2.1967029962283506,False,0.30195565924419043,10
74.0,0.0,0.35814,2.1967029962283506,False,0.28428276953413795,10
135.0,0.9751172,0.483721,2.1295188462698906,False,0.28386952449932384,10
90.0,0.99549013,0.5023259999999999,1.5156813974345618,False,0.28023486963173994,10
24.0,0.0,0.48837200000000003,1.950622305067128,True,0.27899700134948974,10
2.0,0.0,0.47906999999999994,1.950622305067128,True,0.27899700134948974,10
18.0,0.0,0.530233,1.950622305067128,True,0.27899700134948974,10
85.0,0.97653294,0.49302300000000004,2.1967029962283506,False,0.27522112473258226,10
83.0,0.9804255,0.530233,2.1967029962283506,False,0.27522112473258226,10
15.0,0.9888879,0.47906999999999994,1.950622305067128,False,0.20763661734850397,10
125.0,0.0,0.372093,1.3531530748370189,False,0.1521155680918571,10
118.0,0.9866842,0.48837200000000003,1.347000888821493,False,0.11659337525629511,10
119.0,0.9857335,0.483721,1.347000888821493,False,0.11659337525629511,10
86.0,0.9836583,0.5162789999999999,1.5156813974345618,False,0.09662499809951984,10
66.0,0.98751307,0.33488399999999996,2.1967029962283506,False,0.05876403831544854,10
192.0,0.9829105,0.339535,2.1295188462698906,False,0.04533649737575371,10
11.0,0.0,0.32093000000000005,2.1967029962283506,False,0.014410447360334125,10
68.0,0.0,0.306977,2.1967029962283506,False,0.014410447360334125,10
20.0,0.0,0.293023,2.1967029962283506,False,0.014410447360334125,10
9.0,0.0,0.330233,2.1967029962283506,False,0.014410447360334125,10
28.0,0.0,0.30232600000000004,2.1967029962283506,False,0.014410447360334125,10
121.0,0.0,0.311628,2.1967029962283506,False,0.014410447360334125,10
67.0,0.0,0.32093000000000005,2.1967029962283506,False,0.014410447360334125,10
120.0,0.0,0.297674,2.1967029962283506,False,0.014410447360334125,10
104.0,0.9766959,0.30232600000000004,2.1967029962283506,False,-0.012324087151274138,10
27.0,0.9798883,0.30232600000000004,2.1967029962283506,False,-0.012324087151274138,10
30.0,0.97925276,0.293023,2.1967029962283506,False,-0.012324087151274138,10
29.0,0.9938555,0.0,2.0443694297512987,True,-0.04938994030001055,10
177.0,0.0,0.139535,1.3928598433045325,False,-0.07745858429830284,10
80.0,0.91688174,0.11627900000000001,1.3928598433045325,False,-0.07745858429830284,10
100.0,0.0,0.15814,1.3928598433045325,False,-0.07745858429830284,10
293.0,0.0,0.111628,1.3928598433045325,False,-0.08797785450444615,10
127.0,0.0,0.10697699999999999,1.3928598433045325,False,-0.09830686316992303,10
81.0,0.0,0.102326,1.3928598433045325,False,-0.09830686316992303,10
142.0,0.0,0.255814,2.1967029962283506,False,-0.11333414990507851,10
26.0,0.0,0.08837199999999999,1.347000888821493,False,-0.1250109050198406,10
58.0,0.9844141,0.255814,2.1967029962283506,False,-0.1400686844166867,10
117.0,0.9024647,0.0,1.3928598433045325,False,-0.14053722042843736,10
130.0,0.9040585,0.0,1.3928598433045325,False,-0.14053722042843736,10
132.0,0.88582426,0.0,1.3928598433045325,False,-0.14053722042843736,10
115.0,0.0,0.04186,1.3928598433045325,False,-0.14053722042843736,10
110.0,0.8834345,0.0,1.3928598433045325,False,-0.14053722042843736,10
114.0,0.0,0.037209,1.3928598433045325,False,-0.14053722042843736,10
111.0,0.8699353,0.0,1.3928598433045325,False,-0.14053722042843736,10
246.0,0.0,0.055814,1.3928598433045325,False,-0.14053722042843736,10
262.0,0.0,0.04186,1.3928598433045325,False,-0.14053722042843736,10
108.0,0.97537357,0.0,1.3928598433045325,False,-0.1427097687522101,10
95.0,0.9744293,0.0,1.3928598433045325,False,-0.1427097687522101,10
291.0,0.97518677,0.0,1.3928598433045325,False,-0.1427097687522101,10
122.0,0.97049356,0.274419,2.1967029962283506,False,-0.14279718575626513,10
98.0,0.0,0.144186,2.1967029962283506,False,-0.1431390161029478,10
45.0,0.0,0.172093,2.1967029962283506,True,-0.1431390161029478,10
47.0,0.0,0.134884,2.1967029962283506,False,-0.1431390161029478,10
294.0,0.0,0.134884,2.1967029962283506,False,-0.1431390161029478,10
295.0,0.0,0.223256,2.1967029962283506,False,-0.1431390161029478,10
52.0,0.0,0.237209,2.1967029962283506,False,-0.1431390161029478,10
49.0,0.0,0.223256,2.1967029962283506,False,-0.1431390161029478,10
97.0,0.0,0.18604700000000002,2.1967029962283506,False,-0.1431390161029478,10
296.0,0.0,0.144186,2.1967029962283506,False,-0.1431390161029478,10
300.0,0.0,0.11627900000000001,2.1967029962283506,False,-0.1431390161029478,10
302.0,0.0,0.11627900000000001,2.1967029962283506,False,-0.1431390161029478,10
307.0,0.0,0.11627900000000001,2.1967029962283506,False,-0.1431390161029478,10
180.0,0.9655926,0.0,1.3928598433045325,False,-0.1454382700917885,10
273.0,0.96881664,0.0,1.3928598433045325,False,-0.1454382700917885,10
221.0,0.97003806,0.0,1.3928598433045325,False,-0.1454382700917885,10
206.0,0.96910363,0.0,1.3928598433045325,False,-0.1454382700917885,10
200.0,0.96828747,0.0,1.3928598433045325,False,-0.1454382700917885,10
176.0,0.9674438,0.0,1.3928598433045325,False,-0.1454382700917885,10
258.0,0.9660746,0.0,1.3928598433045325,False,-0.1454382700917885,10
217.0,0.96543884,0.0,1.3928598433045325,False,-0.1454382700917885,10
126.0,0.9245833,0.0,1.3928598433045325,False,-0.14723043894475007,10
19.0,0.99225426,0.0,2.0443694297512987,True,-0.14995405825628075,10
196.0,0.98414695,0.265116,2.1295188462698906,False,-0.15349622535638158,10
242.0,0.0,0.125581,2.1295188462698906,False,-0.15656655704264266,10
182.0,0.0,0.13023300000000002,2.1295188462698906,False,-0.15656655704264266,10
14.0,0.9753271,0.0,1.347000888821493,True,-0.15780407008716307,10
299.0,0.9719918,0.0,1.347000888821493,False,-0.1605325714267415,10
25.0,0.0,0.09302300000000001,2.1967029962283506,True,-0.16398729497456796,10
308.0,0.98524225,0.125581,2.1967029962283506,False,-0.16987355061455603,10
306.0,0.983858,0.134884,2.1967029962283506,False,-0.16987355061455603,10
301.0,0.98325205,0.13023300000000002,2.1967029962283506,False,-0.16987355061455603,10
305.0,0.98454905,0.12093,2.1967029962283506,False,-0.16987355061455603,10
304.0,0.98618394,0.11627900000000001,2.1967029962283506,False,-0.16987355061455603,10
190.0,0.9834119,0.17674399999999998,2.1967029962283506,False,-0.16987355061455603,10
17.0,0.0,0.08837199999999999,1.3531530748370189,False,-0.1773303873898409,10
37.0,0.0,0.08837199999999999,1.3531530748370189,False,-0.1773303873898409,10
290.0,0.0,0.09302300000000001,2.1295188462698906,False,-0.17741483591426283,10
31.0,0.0,0.08837199999999999,2.1967029962283506,False,-0.18379114895933518,10
236.0,0.0,0.08372099999999999,2.1295188462698906,False,-0.18902457642922746,10
44.0,0.0,0.08372099999999999,2.1295188462698906,True,-0.18902457642922746,10
237.0,0.0,0.074419,2.1295188462698906,False,-0.18902457642922746,10
249.0,0.0,0.074419,2.1295188462698906,False,-0.18902457642922746,10
89.0,0.95340204,0.237209,2.1416932301721503,False,-0.20179158098729139,10
23.0,0.9675453,0.0,1.3531530748370189,True,-0.21285205379674174,10
123.0,0.9666531,0.0,1.3531530748370189,True,-0.21285205379674174,10
10.0,0.972577,0.0,1.3531530748370189,False,-0.21285205379674174,10
21.0,0.9708727,0.0,1.3531530748370189,True,-0.21285205379674174,10
284.0,0.0,0.046512000000000005,2.1967029962283506,False,-0.21441176570288495,10
280.0,0.0,0.046512000000000005,2.1967029962283506,False,-0.21441176570288495,10
232.0,0.0,0.037209,2.1967029962283506,False,-0.21441176570288495,10
264.0,0.90791637,0.0,2.1967029962283506,False,-0.21441176570288495,10
131.0,0.9019269,0.0,2.1967029962283506,False,-0.21441176570288495,10
112.0,0.9011507,0.0,2.1967029962283506,False,-0.21441176570288495,10
129.0,0.8952277,0.0,2.1967029962283506,False,-0.21441176570288495,10
208.0,0.0,0.055814,2.1967029962283506,False,-0.21441176570288495,10
51.0,0.9890313,0.18139500000000003,2.1967029962283506,False,-0.21449940010393354,10
303.0,0.98208547,0.0,2.1967029962283506,False,-0.21658431402665768,10
13.0,0.9826342,0.0,2.1967029962283506,True,-0.21658431402665768,10
72.0,0.9734529,0.0,2.1967029962283506,False,-0.21658431402665768,10
99.0,0.97544575,0.0,2.1967029962283506,False,-0.21658431402665768,10
230.0,0.97861993,0.0,2.1967029962283506,False,-0.21658431402665768,10
267.0,0.97346985,0.0,2.1967029962283506,False,-0.21658431402665768,10
212.0,0.9703801,0.0,2.1967029962283506,False,-0.2193128153662361,10
215.0,0.9610797,0.0,2.1967029962283506,False,-0.2193128153662361,10
238.0,0.96696764,0.0,2.1967029962283506,False,-0.2193128153662361,10
251.0,0.9676796,0.0,2.1967029962283506,False,-0.2193128153662361,10
257.0,0.9696941,0.0,2.1967029962283506,False,-0.2193128153662361,10
275.0,0.9698999,0.0,2.1967029962283506,False,-0.2193128153662361,10
187.0,0.97205746,0.0,2.1967029962283506,False,-0.2193128153662361,10
191.0,0.9705468,0.0,2.1967029962283506,False,-0.2193128153662361,10
195.0,0.9609076,0.0,2.1967029962283506,False,-0.2193128153662361,10
166.0,0.96400523,0.0,2.1967029962283506,False,-0.2193128153662361,10
48.0,0.9171023,0.0,2.1295188462698906,False,-0.21964519317277723,10
219.0,0.0,0.051163,2.1295188462698906,False,-0.21964519317277723,10
149.0,0.85699344,0.0,2.1295188462698906,False,-0.21964519317277723,10
22.0,0.0,0.04186,2.1295188462698906,True,-0.21964519317277723,10
266.0,0.88045895,0.0,2.1295188462698906,False,-0.21964519317277723,10
277.0,0.85744,0.0,2.1295188462698906,False,-0.21964519317277723,10
287.0,0.87216204,0.0,2.1295188462698906,False,-0.21964519317277723,10
204.0,0.91949034,0.0,2.1295188462698906,False,-0.21964519317277723,10
181.0,0.88071793,0.0,2.1295188462698906,False,-0.21964519317277723,10
265.0,0.87856233,0.0,2.1295188462698906,False,-0.21964519317277723,10
54.0,0.9304288,0.0,2.1967029962283506,False,-0.2211049842191976,10
210.0,0.9764488,0.0,2.1295188462698906,False,-0.22181774149654995,10
285.0,0.9677081,0.26976700000000003,1.3928598433045325,False,-0.22322956052967916,10
161.0,0.956396,0.032558,2.1295188462698906,False,-0.22454624283612837,10
234.0,0.95929116,0.0,2.1295188462698906,False,-0.22454624283612837,10
202.0,0.9589006,0.0,2.1295188462698906,False,-0.22454624283612837,10
260.0,0.94696295,0.0,2.1295188462698906,False,-0.22454624283612837,10
225.0,0.94596064,0.0,2.1295188462698906,False,-0.22454624283612837,10
158.0,0.9494319,0.0,2.1295188462698906,False,-0.22454624283612837,10
160.0,0.95413077,0.0,2.1295188462698906,False,-0.22454624283612837,10
279.0,0.9552515,0.0,2.1295188462698906,False,-0.22454624283612837,10
94.0,0.95105046,0.0,2.1295188462698906,False,-0.22454624283612837,10
188.0,0.95241356,0.0,2.1295188462698906,False,-0.22454624283612837,10
256.0,0.9527199,0.0,2.1295188462698906,False,-0.22454624283612837,10
93.0,0.9515203,0.0,2.1295188462698906,False,-0.22454624283612837,10
198.0,0.9680493,0.0,2.1295188462698906,False,-0.22454624283612837,10
165.0,0.9658772,0.0,2.1295188462698906,False,-0.22454624283612837,10
184.0,0.9501697,0.0,2.1295188462698906,False,-0.22454624283612837,10
269.0,0.9464797,0.0,2.1295188462698906,False,-0.22454624283612837,10
147.0,0.9701893,0.0,2.1295188462698906,False,-0.22454624283612837,10
235.0,0.9711694,0.0,2.1295188462698906,False,-0.22454624283612837,10
218.0,0.96103275,0.0,2.1295188462698906,False,-0.22454624283612837,10
261.0,0.94677716,0.0,2.1295188462698906,False,-0.22454624283612837,10
207.0,0.94931924,0.0,2.1295188462698906,False,-0.22454624283612837,10
281.0,0.9492211,0.0,2.1295188462698906,False,-0.22454624283612837,10
92.0,0.0,0.060465,1.5156813974345618,False,-0.22922293830877016,10
197.0,0.97738004,0.0,1.5156813974345618,False,-0.2313954866325429,10
153.0,0.98697186,0.0,2.0443694297512987,False,-0.24803285097036332,10
239.0,0.94418746,0.0,2.1295188462698906,False,-0.2544315767492536,10
282.0,0.9348531,0.0,2.1295188462698906,False,-0.2544315767492536,10
71.0,1.0000002,1.0,1.9443760001118924,False,0.7666128475872552,389
70.0,1.0,1.0,1.9443760001118924,False,0.7666128475872552,389
2.0,1.0000005,1.0,1.9845823526510533,False,0.6883425557169638,389
38.0,1.0,1.0,1.9845823526510533,False,0.6883425557169638,389
50.0,1.0000002,1.0,1.9845823526510533,False,0.6883425557169638,389
110.0,1.0000002,1.0,1.9845823526510533,False,0.6883425557169638,389
123.0,1.0,1.0,1.9845823526510533,False,0.6883425557169638,389
27.0,1.0000002,1.0,1.9845823526510533,False,0.6883425557169638,389
34.0,1.0000002,1.0,1.9845823526510533,False,0.6883425557169638,389
33.0,1.0,1.0,1.9845823526510533,False,0.6883425557169638,389
17.0,1.0,1.0,1.9845823526510533,False,0.6883425557169638,389
11.0,1.0,1.0,1.9845823526510533,False,0.6883425557169638,389
1.0,1.0000004,1.0,1.9845823526510533,False,0.6883425557169638,389
87.0,1.0000001,1.0,1.9845823526510533,False,0.6883425557169638,389
28.0,1.0,1.0,1.9845823526510533,False,0.6883425557169638,389
29.0,1.0000001,1.0,1.9845823526510533,False,0.6883425557169638,389
31.0,1.0000001,1.0,1.9845823526510533,False,0.6883425557169638,389
22.0,1.0000001,1.0,1.9845823526510533,False,0.6883425557169638,389
21.0,1.0000002,1.0,1.9845823526510533,False,0.6883425557169638,389
20.0,1.0000002,1.0,1.9845823526510533,False,0.6883425557169638,389
18.0,1.0000001,1.0,1.9845823526510533,False,0.6883425557169638,389
55.0,1.0000002,1.0,1.9845823526510533,False,0.6883425557169638,389
30.0,1.0000002,1.0,1.9845823526510533,False,0.6883425557169638,389
53.0,0.99943006,0.7767440000000001,1.9845823526510533,False,0.612777522186817,389
109.0,0.9957278,0.7488370000000001,1.9443760001118924,False,0.6114024301488906,389
12.0,0.9999998,1.0,1.9845823526510533,False,0.5975499505798793,389
26.0,0.9999999,1.0,1.9845823526510533,False,0.5975499505798793,389
10.0,0.9999999,1.0,1.9845823526510533,False,0.5975499505798793,389
7.0,0.9999999,1.0,1.9845823526510533,False,0.5975499505798793,389
73.0,0.9999999,1.0,1.9845823526510533,False,0.5975499505798793,389
8.0,0.99999976,1.0,1.9845823526510533,False,0.5734981000539433,389
6.0,0.99999976,1.0,1.9845823526510533,False,0.5734981000539433,389
16.0,0.99999976,1.0,1.9845823526510533,False,0.5734981000539433,389
15.0,0.99999976,1.0,1.9845823526510533,False,0.5734981000539433,389
32.0,0.99999964,1.0,1.9845823526510533,False,0.5734981000539433,389
64.0,1.0000001,1.0,1.5319057632599333,False,0.5643918068406765,389
65.0,1.0000002,1.0,1.5319057632599333,False,0.5643918068406765,389
88.0,0.9944171,0.637209,1.9845823526510533,False,0.5522358830689289,389
130.0,1.0,1.0,1.0468587546417423,False,0.5505720220892716,389
298.0,1.0,1.0,1.0468587546417423,False,0.5505720220892716,389
311.0,1.0000002,1.0,1.0468587546417423,False,0.5505720220892716,389
299.0,1.0,1.0,0.8880690539157485,False,0.5494583904563476,389
307.0,1.0000002,1.0,0.8880690539157485,False,0.5494583904563476,389
302.0,1.0,1.0,0.8880690539157485,False,0.5494583904563476,389
39.0,0.9944172,0.613953,1.9845823526510533,False,0.5229409412345125,389
111.0,1.0000002,1.0,1.7894876537313793,False,0.5106531920150924,389
19.0,0.9952851,0.967442,1.9845823526510533,False,0.48249605624395164,389
41.0,0.9954854,0.7860469999999999,1.9845823526510533,False,0.48249605624395164,389
23.0,0.99614966,0.9953489999999999,1.9845823526510533,False,0.46140426728541084,389
13.0,0.9968128,0.846512,1.9845823526510533,False,0.46140426728541084,389
58.0,0.9999998,1.0,1.2181380152725563,False,0.45551802813499387,389
304.0,0.9984892,0.7209300000000001,0.8880690539157485,False,0.454789612135871,389
107.0,0.9999999,1.0,1.0468587546417423,False,0.4406756721618572,389
177.0,0.9999999,1.0,1.161473999410846,True,0.4406756721618572,389
117.0,0.9999998,1.0,1.4146785999248446,False,0.420618735838758,389
36.0,0.9929569,0.55814,1.9845823526510533,False,0.4098267556247239,389
43.0,0.9944343,0.7209300000000001,1.0468587546417423,False,0.395361604650907,389
40.0,0.9953525,0.637209,1.0468587546417423,False,0.395361604650907,389
310.0,0.9952489,0.772093,1.0468587546417423,False,0.395361604650907,389
306.0,0.9958091,0.6976739999999999,0.8880690539157485,False,0.394247973017983,389
308.0,0.99456406,0.7488370000000001,0.8880690539157485,False,0.394247973017983,389
300.0,0.9954728,0.739535,0.8880690539157485,False,0.394247973017983,389
314.0,0.9930229,0.8046510000000001,1.9845823526510533,False,0.37942001899926003,389
301.0,0.99688697,0.734884,0.8880690539157485,False,0.3731561840594422,389
312.0,0.99137104,0.627907,1.9845823526510533,False,0.34724302587143335,389
313.0,0.98983073,0.6418600000000001,1.9845823526510533,False,0.326701613478752,389
309.0,0.0,0.6,1.9845823526510533,False,0.3084645749209705,389
35.0,0.0,0.567442,1.9845823526510533,False,0.3084645749209705,389
90.0,0.99178386,0.497674,1.9845823526510533,False,0.30306142158115773,389
61.0,0.991111,0.372093,1.9845823526510533,False,0.2938952318778388,389
77.0,0.9923438,0.660465,1.0468587546417423,False,0.2897325256437962,389
76.0,0.9917878,0.655814,1.0468587546417423,False,0.2897325256437962,389
305.0,0.99233466,0.706977,0.8880690539157485,False,0.2886188940108722,389
25.0,0.0,0.367442,1.9845823526510533,False,0.28441172276179233,389
295.0,0.0,0.38604700000000003,1.9845823526510533,False,0.28441172276179233,389
37.0,0.0,0.390698,1.9845823526510533,False,0.28441172276179233,389
9.0,0.0,0.409302,1.9845823526510533,False,0.28441172276179233,389
24.0,0.0,0.409302,1.9845823526510533,False,0.28441172276179233,389
14.0,0.0,0.916279,1.9845823526510533,False,0.2680196899304098,389
78.0,0.97539556,0.404651,1.9845823526510533,False,0.2576771882501842,389
66.0,0.98568213,0.34883699999999995,1.9443760001118924,False,0.24647628623698442,389
60.0,0.99139106,0.362791,1.9845823526510533,False,0.24590181222626706,389
81.0,0.0,0.35814,1.9845823526510533,False,0.21404427366863105,389
303.0,0.99327904,0.47906999999999994,0.8880690539157485,False,0.20748160879539185,389
103.0,0.98255765,0.418605,1.9845823526510533,False,0.20498262886707516,389
79.0,0.97630537,0.413953,1.9845823526510533,False,0.20498262886707516,389
86.0,0.97673255,0.49302300000000004,1.9845823526510533,False,0.20498262886707516,389
62.0,0.9654201,0.432558,1.9845823526510533,False,0.20225412752749675,389
142.0,0.0,0.390698,1.2181380152725563,False,0.19998082960983726,389
75.0,0.0,0.395349,1.5319057632599333,False,0.18744286694333062,389
74.0,0.0,0.35814,1.5319057632599333,False,0.15685085031700136,389
102.0,0.9875616,0.432558,1.0468587546417423,False,0.10470666614713968,389
132.0,0.98891175,0.5023259999999999,1.0468587546417423,False,0.06008081665776221,389
131.0,0.0,0.339535,1.0468587546417423,False,0.05161386517322712,389
124.0,0.0,0.311628,1.9443760001118924,False,0.0033384985747888386,389
68.0,0.0,0.306977,1.5319057632599333,False,-0.016167153392021943,389
67.0,0.0,0.32093000000000005,1.5319057632599333,False,-0.016167153392021943,389
121.0,0.0,0.311628,1.9845823526510533,False,-0.09535439720305923,389
57.0,0.9844141,0.255814,1.2181380152725563,False,-0.10760013419460637,389
97.0,0.0,0.237209,1.2181380152725563,False,-0.11067046588086739,389
108.0,0.9905019,0.227907,1.2181380152725563,False,-0.1217283691575024,389
104.0,0.9766959,0.30232600000000004,1.9845823526510533,False,-0.12208893171466756,389
91.0,0.9838128,0.325581,1.9845823526510533,False,-0.12208893171466756,389
120.0,0.9707462,0.297674,1.9845823526510533,False,-0.12481743305424596,389
293.0,0.0,0.18604700000000002,1.0468587546417423,False,-0.14986852066121323,389
171.0,0.0,0.139535,1.161473999410846,False,-0.14986852066121323,389
101.0,0.0,0.204651,1.6688383425739524,False,-0.16682806097593447,389
96.0,0.9888646,0.237209,1.2181380152725563,False,-0.18203084988185317,389
126.0,0.9087595,0.0,1.0468587546417423,False,-0.2129471567913478,389
80.0,0.91777176,0.0,1.0468587546417423,False,-0.2129471567913478,389
127.0,0.9091109,0.0,1.0468587546417423,False,-0.2129471567913478,389
115.0,0.98375446,0.0,1.161473999410846,False,-0.21511970511512046,389
198.0,0.9826759,0.0,1.161473999410846,False,-0.21511970511512046,389
114.0,0.98327684,0.0,1.161473999410846,False,-0.21511970511512046,389
82.0,0.9734318,0.0,1.0468587546417423,False,-0.21511970511512046,389
3.0,0.97721064,0.0,1.0468587546417423,False,-0.21511970511512046,389
160.0,0.9748241,0.0,1.161473999410846,False,-0.21511970511512046,389
89.0,0.9562758,0.0,1.0468587546417423,False,-0.21784820645469888,389
98.0,0.97050226,0.0,1.0468587546417423,False,-0.21784820645469888,389
289.0,0.9706521,0.0,1.161473999410846,False,-0.21784820645469888,389
288.0,0.9688928,0.0,1.161473999410846,False,-0.21784820645469888,389
269.0,0.9730542,0.0,1.161473999410846,False,-0.21784820645469888,389
212.0,0.9675025,0.0,1.161473999410846,False,-0.21784820645469888,389
207.0,0.97249603,0.0,1.161473999410846,False,-0.21784820645469888,389
129.0,0.94839346,0.0,1.0468587546417423,False,-0.21784820645469888,389
54.0,0.9304288,0.0,1.0468587546417423,False,-0.21964037530766045,389
52.0,0.98900616,0.0,1.2181380152725563,False,-0.22054749982415217,389
63.0,0.9822961,0.0,0.8880690539157485,False,-0.224427450217847,389
59.0,0.9809357,0.0,0.8880690539157485,False,-0.224427450217847,389
51.0,0.98806286,0.0,0.8880690539157485,False,-0.224427450217847,389
122.0,0.97049356,0.274419,1.9845823526510533,False,-0.2525620303196585,389
42.0,0.94842637,0.0,1.5319057632599333,False,-0.2780443870148643,389
49.0,0.98680425,0.195349,1.9845823526510533,False,-0.2796383951779495,389
112.0,0.9011507,0.0,1.9845823526510533,False,-0.32417661026627836,389
264.0,0.90791637,0.0,1.9845823526510533,False,-0.32417661026627836,389
45.0,0.0,0.04186,1.9845823526510533,False,-0.32417661026627836,389
72.0,0.9749367,0.0,1.9845823526510533,False,-0.3263491585900511,389
84.0,0.97826725,0.046512000000000005,1.9845823526510533,False,-0.3263491585900511,389
153.0,0.9876014,0.0,1.9845823526510533,False,-0.3263491585900511,389
193.0,0.970551,0.0,1.9845823526510533,False,-0.3290776599296295,389
46.0,0.9703828,0.0,1.9845823526510533,False,-0.3290776599296295,389
175.0,0.9708544,0.0,1.9845823526510533,False,-0.3290776599296295,389
197.0,0.9726115,0.0,1.9845823526510533,False,-0.3290776599296295,389
83.0,0.9569039,0.0,1.9845823526510533,False,-0.3290776599296295,389
105.0,0.96280354,0.0,1.9845823526510533,False,-0.3290776599296295,389
71.0,1.0000002,1.0,1.571067528068365,False,0.8007948651070566,79
70.0,1.0,1.0,1.571067528068365,False,0.8007948651070566,79
91.0,1.0,1.0,2.083200781697627,False,0.7823748356807174,79
274.0,1.0000001,1.0,2.083200781697627,False,0.7823748356807174,79
57.0,1.0,1.0,2.083200781697627,True,0.7823748356807174,79
97.0,1.0,1.0,1.926317095703026,False,0.7714908401664056,79
110.0,1.0000002,1.0,2.1294649390121,False,0.7714908401664056,79
111.0,1.0000002,1.0,1.7543328359672532,False,0.6977879699512569,79
58.0,0.9999998,1.0,2.083200781697627,False,0.6724784857533033,79
192.0,0.9999999,1.0,2.083200781697627,False,0.6724784857533033,79
96.0,0.99999964,1.0,2.083200781697627,False,0.6484266352273674,79
52.0,0.9999997,1.0,2.083200781697627,False,0.6484266352273674,79
109.0,0.9957278,0.7488370000000001,1.571067528068365,False,0.6208160722282294,79
114.0,1.0000001,1.0,1.2598582801532974,False,0.5910012412474822,79
115.0,1.0000002,1.0,1.2598582801532974,False,0.5910012412474822,79
49.0,0.9938158,0.781395,2.083200781697627,False,0.5126706831367315,79
142.0,0.0,0.390698,2.083200781697627,False,0.3593402579352162,79
119.0,0.99999976,1.0,1.8974920771308763,False,0.35514585130510856,79
118.0,0.9989145,0.9069769999999999,1.8974920771308763,False,0.35514585130510856,79
295.0,0.0,0.38604700000000003,2.1294649390121,False,0.3474535488260608,79
60.0,0.9881662,0.367442,2.083200781697627,False,0.33260572342360795,79
61.0,0.0,0.35814,2.083200781697627,False,0.2889728088420548,79
81.0,0.0,0.35814,2.1294649390121,False,0.2770860997328993,79
66.0,0.98568213,0.34883699999999995,1.571067528068365,False,0.2558899283163232,79
136.0,0.9829105,0.339535,2.083200781697627,False,0.0634540776233653,79
105.0,0.9857335,0.483721,1.8974920771308763,False,0.04322869581632693,79
50.0,0.9838128,0.325581,2.083200781697627,False,-0.007634047843357358,79
53.0,0.98397,0.330233,2.083200781697627,False,-0.007634047843357358,79
124.0,0.0,0.325581,1.571067528068365,False,-0.0267742080437587,79
63.0,0.0,0.15814,1.743846253729732,False,-0.0959188390080151,79
95.0,0.99249893,0.0,2.083200781697627,False,-0.10562136853485561,79
108.0,0.9870746,0.223256,1.743846253729732,True,-0.12265337351962337,79
102.0,0.0,0.218605,1.7543328359672532,False,-0.12335467546007807,79
107.0,0.0,0.237209,1.7543328359672532,False,-0.12335467546007807,79
77.0,0.0,0.21395299999999998,1.7543328359672532,False,-0.12335467546007807,79
76.0,0.91547763,0.209302,1.7543328359672532,False,-0.12335467546007807,79
101.0,0.0,0.237209,1.7543328359672532,False,-0.12335467546007807,79
285.0,0.9677081,0.26976700000000003,2.083200781697627,False,-0.13810714644834843,79
100.0,0.0,0.15814,2.083200781697627,False,-0.13844897679503104,79
237.0,0.0,0.09302300000000001,2.083200781697627,False,-0.15929725566665126,79
64.0,0.0,0.223256,1.571067528068365,False,-0.16898820198618458,79
65.0,0.0,0.227907,1.571067528068365,False,-0.16898820198618458,79
236.0,0.0,0.065116,2.083200781697627,False,-0.1709069961816159,79
171.0,0.0,0.037209,1.2598582801532974,False,-0.18112472773619295,79
289.0,0.9787046,0.0,1.2598582801532974,False,-0.18329727605996574,79
288.0,0.9777821,0.0,1.2598582801532974,False,-0.18329727605996574,79
177.0,0.98327684,0.0,1.2598582801532974,False,-0.18329727605996574,79
198.0,0.975067,0.0,1.2598582801532974,False,-0.18329727605996574,79
160.0,0.97622406,0.0,1.2598582801532974,False,-0.18329727605996574,79
212.0,0.9828211,0.0,1.2598582801532974,False,-0.18329727605996574,79
262.0,0.97597194,0.0,1.2598582801532974,False,-0.18329727605996574,79
250.0,0.97607225,0.0,1.2598582801532974,False,-0.18329727605996574,79
207.0,0.9778217,0.0,1.2598582801532974,False,-0.18329727605996574,79
191.0,0.9726083,0.0,1.2598582801532974,False,-0.18602577739954415,79
67.0,0.9477696,0.0,1.7543328359672532,False,-0.19133436125356376,79
68.0,0.95229405,0.0,1.7543328359672532,False,-0.19133436125356376,79
130.0,0.94527483,0.0,1.7543328359672532,True,-0.19133436125356376,79
127.0,0.92224,0.0,1.7543328359672532,False,-0.19312653010652528,79
131.0,0.94485146,0.218605,1.571067528068365,False,-0.19845123783737123,79
246.0,0.0,0.055814,2.083200781697627,False,-0.2015276129251656,79
303.0,0.98208547,0.0,2.083200781697627,False,-0.20370016124893833,79
176.0,0.9674438,0.0,2.083200781697627,False,-0.20642866258851675,79
258.0,0.9660746,0.0,2.083200781697627,False,-0.20642866258851675,79
180.0,0.9655926,0.0,2.083200781697627,False,-0.20642866258851675,79
217.0,0.96543884,0.0,2.083200781697627,False,-0.20642866258851675,79
225.0,0.9461678,0.0,2.083200781697627,False,-0.20642866258851675,79
158.0,0.9490533,0.0,2.083200781697627,False,-0.20642866258851675,79
260.0,0.95036185,0.0,2.083200781697627,False,-0.20642866258851675,79
125.0,0.0,0.11627900000000001,1.8974920771308763,False,-0.211346490992026,79
117.0,0.94018495,0.0,1.7543328359672532,False,-0.22121969516668902,79
132.0,0.93748206,0.0,1.7543328359672532,False,-0.22121969516668902,79
279.0,0.9711032,0.0,1.0200593911173397,False,-0.2341239879721213,79
5.0,0.9555752,0.0,1.0200593911173397,False,-0.2341239879721213,79
261.0,0.9574933,0.0,1.0200593911173397,False,-0.2341239879721213,79
141.0,0.96193403,0.0,1.0200593911173397,False,-0.2341239879721213,79
147.0,0.9567311,0.0,1.0200593911173397,False,-0.2341239879721213,79
187.0,0.9554015,0.0,1.0200593911173397,False,-0.2341239879721213,79
275.0,0.9605508,0.0,1.0200593911173397,False,-0.2341239879721213,79
257.0,0.96054256,0.0,1.0200593911173397,False,-0.2341239879721213,79
94.0,0.942453,0.0,2.083200781697627,False,-0.23631399650164195,79
179.0,0.93893147,0.0,2.083200781697627,False,-0.23631399650164195,79
37.0,0.94113576,0.0,2.083200781697627,False,-0.23631399650164195,79
277.0,0.94237626,0.0,2.083200781697627,False,-0.23631399650164195,79
106.0,0.9696733,0.15814,1.8974920771308763,False,-0.24080952684321263,79
45.0,0.0,0.065116,1.8974920771308763,False,-0.24380451037861084,79
78.0,0.0,0.065116,1.8974920771308763,False,-0.24380451037861084,79
26.0,0.0,0.069767,1.8974920771308763,False,-0.24380451037861084,79
79.0,0.0,0.069767,1.8974920771308763,False,-0.24380451037861084,79
297.0,0.0,0.074419,1.8974920771308763,False,-0.24380451037861084,79
129.0,0.94839346,0.0,1.571067528068365,False,-0.24516200124947282,79
54.0,0.9304288,0.0,1.571067528068365,True,-0.24695417010243445,79
126.0,0.9227898,0.0,2.1294649390121,False,-0.26553646646943574,79
80.0,0.9225857,0.0,2.1294649390121,False,-0.26553646646943574,79
188.0,0.97874534,0.0,1.8974920771308763,False,-0.27659767544593333,79
42.0,0.97188926,0.0,1.8974920771308763,False,-0.27932617678551175,79
14.0,0.96772045,0.0,1.8974920771308763,False,-0.27932617678551175,79
98.0,0.9690822,0.0,1.8974920771308763,False,-0.27932617678551175,79
298.0,0.96749896,0.0,1.8974920771308763,False,-0.27932617678551175,79
122.0,1.0,1.0,4.144869288533864,False,0.7142990864675207,81
89.0,1.0000001,1.0,5.103294948028403,False,0.6132694010804178,81
66.0,1.0,1.0,5.43610024777418,False,0.6124121779774505,81
113.0,0.9999999,1.0,3.8925426124332634,False,0.5957291683518406,81
307.0,1.0000002,1.0,1.172110551908795,True,0.5531343429135483,81
308.0,1.0000001,1.0,1.1495854188691315,True,0.5469886470079584,81
103.0,0.9999998,1.0,4.511211042990349,False,0.5334307453509046,81
306.0,0.9958091,0.6976739999999999,1.172110551908795,False,0.39792392547518374,81
177.0,0.9999999,1.0,5.106520111535822,False,0.36501989763129294,81
305.0,0.9942373,0.7534879999999999,1.1495854188691315,False,0.3636540621072981,81
303.0,0.99644417,0.506977,1.1495854188691315,True,0.2636413736395057,81
117.0,0.9999998,1.0,4.787772170446199,False,0.2516682258484622,81
79.0,0.986554,0.604651,4.511211042990349,False,0.21551566753726215,81
71.0,0.98568213,0.34883699999999995,5.43610024777418,False,0.2044492171376606,81
109.0,0.98599464,0.35348799999999997,5.43610024777418,False,0.2044492171376606,81
62.0,0.0,0.437209,4.511211042990349,False,0.19564940318263513,81
302.0,0.0,0.38604700000000003,1.172110551908795,True,0.18770079446097743,81
304.0,0.0,0.367442,1.172110551908795,True,0.18770079446097743,81
300.0,0.0,0.367442,1.172110551908795,False,0.18770079446097743,81
78.0,0.98869,0.604651,4.511211042990349,False,0.17088981804788464,81
55.0,0.98255765,0.418605,4.511211042990349,False,0.16891486867102684,81
299.0,0.0,0.34883699999999995,1.172110551908795,True,0.15710877783464822,81
301.0,0.9834411,0.38604700000000003,1.1495854188691315,False,0.15381785044893545,81
70.0,0.98751307,0.33488399999999996,5.43610024777418,False,-0.017170155526844214,81
120.0,0.0,0.293023,4.144869288533864,False,-0.09076249292212776,81
121.0,0.96926904,0.311628,4.511211042990349,False,-0.11611835437871842,81
104.0,0.9858793,0.30232600000000004,4.144869288533864,False,-0.11749702743373606,81
124.0,0.0,0.288372,5.43610024777418,False,-0.1614039477778488,81
64.0,0.91817003,0.23255800000000001,4.787772170446199,False,-0.20485961797222033,81
101.0,0.0,0.204651,4.787772170446199,False,-0.20485961797222033,81
76.0,0.0,0.172093,4.787772170446199,False,-0.20485961797222033,81
38.0,0.97808325,0.0,1.172110551908795,False,-0.21384620694488687,81
59.0,0.9809357,0.0,1.172110551908795,False,-0.21384620694488687,81
313.0,0.97919947,0.0,1.172110551908795,False,-0.21384620694488687,81
312.0,0.97803783,0.0,1.172110551908795,False,-0.21384620694488687,81
314.0,0.9788651,0.0,1.172110551908795,False,-0.21384620694488687,81
129.0,0.0,0.17674399999999998,5.103294948028403,False,-0.21821598684227322,81
295.0,0.0,0.190698,5.103294948028403,False,-0.21821598684227322,81
81.0,0.0,0.17674399999999998,5.103294948028403,False,-0.21821598684227322,81
65.0,0.0,0.195349,5.43610024777418,False,-0.21907320994524057,81
146.0,0.0,0.074419,3.8925426124332634,False,-0.22039438139572515,81
60.0,0.9824914,0.0,1.1495854188691315,False,-0.2209946164453206,81
171.0,0.0,0.139535,5.106520111535822,False,-0.22609893998511746,81
9.0,0.0,0.125581,4.511211042990349,False,-0.24420478199081372,81
77.0,0.94746315,0.195349,5.43610024777418,False,-0.24853624579642722,81
93.0,0.0,0.051163,3.8925426124332634,False,-0.25101499813927486,81
154.0,0.0,0.051163,3.8925426124332634,False,-0.25101499813927486,81
255.0,0.0,0.032558,3.8925426124332634,False,-0.25101499813927486,81
185.0,0.97920793,0.0,3.8925426124332634,False,-0.25318754646304764,81
219.0,0.97834563,0.0,3.8925426124332634,False,-0.25318754646304764,81
95.0,0.96982205,0.0,3.8925426124332634,False,-0.25591604780262606,81
162.0,0.97301865,0.037209,3.8925426124332634,False,-0.25591604780262606,81
159.0,0.9717361,0.0,3.8925426124332634,False,-0.25591604780262606,81
230.0,0.9707113,0.0,3.8925426124332634,False,-0.25591604780262606,81
228.0,0.96927404,0.0,3.8925426124332634,False,-0.25591604780262606,81
233.0,0.9723495,0.0,3.8925426124332634,False,-0.25591604780262606,81
267.0,0.96946204,0.032558,3.8925426124332634,False,-0.25591604780262606,81
28.0,0.97280186,0.0,4.511211042990349,False,-0.2705251281979674,81
15.0,0.9719355,0.0,4.511211042990349,False,-0.2705251281979674,81
7.0,0.9701934,0.0,4.511211042990349,False,-0.2705251281979674,81
131.0,0.9075724,0.0,4.787772170446199,False,-0.27396825712161754,81
130.0,0.9446459,0.0,4.787772170446199,False,-0.27886930678496874,81
67.0,0.92886883,0.0,4.787772170446199,False,-0.2806614756379303,81
126.0,0.9283889,0.0,4.787772170446199,False,-0.2806614756379303,81
132.0,0.9284053,0.0,4.787772170446199,False,-0.2806614756379303,81
68.0,0.9295407,0.0,4.787772170446199,False,-0.2806614756379303,81
75.0,0.9756193,0.0,5.103294948028403,False,-0.2894971743154432,81
54.0,0.95131266,0.0,5.103294948028403,False,-0.2922256756550216,81
74.0,0.9708257,0.0,5.103294948028403,False,-0.2922256756550216,81
107.0,0.9562758,0.0,5.103294948028403,False,-0.2922256756550216,81
127.0,0.95034856,0.0,5.103294948028403,False,-0.2922256756550216,81
114.0,0.98327684,0.0,5.106520111535822,False,-0.2973801274582875,81
160.0,0.9748241,0.0,5.106520111535822,False,-0.2973801274582875,81
198.0,0.9826759,0.0,5.106520111535822,False,-0.2973801274582875,81
115.0,0.98375446,0.0,5.106520111535822,False,-0.2973801274582875,81
212.0,0.9675025,0.0,5.106520111535822,False,-0.30010862879786593,81
289.0,0.9706521,0.0,5.106520111535822,False,-0.30010862879786593,81
207.0,0.97249603,0.0,5.106520111535822,False,-0.30010862879786593,81
288.0,0.9688928,0.0,5.106520111535822,False,-0.30010862879786593,81
269.0,0.9730542,0.0,5.106520111535822,False,-0.30010862879786593,81
111.0,0.94018495,0.0,4.787772170446199,False,-0.308754640698094,81
110.0,0.939178,0.0,4.787772170446199,False,-0.308754640698094,81
2.0,0.9834118,0.0,4.144869288533864,False,-0.3195931438585797,81
22.0,0.98103905,0.0,4.144869288533864,False,-0.3195931438585797,81
70.0,1.0,1.0,5.055657648351258,False,0.7249923992636671,75
71.0,1.0000002,1.0,5.055657648351258,False,0.7249923992636671,75
115.0,1.0000002,1.0,4.9538672916162,False,0.7142990864675207,75
114.0,1.0000001,1.0,4.9538672916162,False,0.7142990864675207,75
97.0,1.0,1.0,4.887707760522254,False,0.6829560563580015,75
302.0,1.0,1.0,4.770015087081496,False,0.6829560563580015,75
310.0,1.0000002,1.0,4.770015087081496,False,0.6829560563580015,75
249.0,0.99999994,1.0,4.770015087081496,False,0.6829560563580015,75
299.0,1.0,1.0,4.770015087081496,False,0.6829560563580015,75
130.0,1.0,1.0,4.770015087081496,False,0.6829560563580015,75
54.0,1.0000001,1.0,4.770015087081496,False,0.6829560563580015,75
57.0,1.0,1.0,4.770015087081496,False,0.6829560563580015,75
89.0,1.0000001,1.0,3.4792434174466806,False,0.6206280941605893,75
304.0,0.9984892,0.7209300000000001,4.770015087081496,False,0.6109567399587784,75
118.0,0.9989145,0.9069769999999999,4.455564882801341,False,0.609498891742789,75
119.0,0.99999976,1.0,4.455564882801341,False,0.609498891742789,75
109.0,0.9957278,0.7488370000000001,5.055657648351258,False,0.592451443746556,75
5.0,1.0,1.0,4.875402101260519,False,0.5735806456968126,75
108.0,0.99999964,1.0,4.770015087081496,False,0.5716773178259048,75
312.0,0.9955091,0.7209300000000001,4.770015087081496,False,0.5504151008408904,75
311.0,0.9952489,0.772093,4.770015087081496,False,0.5504151008408904,75
313.0,0.994558,0.702326,4.770015087081496,False,0.5504151008408904,75
301.0,0.99688697,0.734884,4.770015087081496,False,0.5293233118823496,75
300.0,0.99718493,0.7534879999999999,4.770015087081496,False,0.5293233118823496,75
96.0,0.9971581,0.67907,4.770015087081496,False,0.5293233118823496,75
41.0,0.9935137,0.665116,4.770015087081496,False,0.44733906359619874,75
40.0,0.9926945,0.613953,4.770015087081496,False,0.38631900088130605,75
81.0,1.0000002,1.0,3.65473224830108,False,0.3783682875409282,75
43.0,0.9906782,0.6418600000000001,4.770015087081496,False,0.34332707600026924,75
34.0,0.99067235,0.637209,4.770015087081496,False,0.34332707600026924,75
3.0,0.0,0.683721,4.770015087081496,False,0.3338435668842228,75
39.0,0.0,0.6511629999999999,4.770015087081496,False,0.3338435668842228,75
95.0,0.99999976,1.0,3.066053430022444,False,0.32612569113222056,75
307.0,0.0,0.38604700000000003,4.770015087081496,False,0.31064238556668017,75
303.0,0.0,0.37674399999999997,4.770015087081496,False,0.31064238556668017,75
306.0,0.0,0.381395,4.770015087081496,False,0.31064238556668017,75
305.0,0.0,0.395349,4.770015087081496,False,0.31064238556668017,75
308.0,0.98172164,0.404651,4.770015087081496,False,0.2839078510550719,75
105.0,0.9857335,0.483721,4.455564882801341,False,0.23888825291279506,75
66.0,0.98568213,0.34883699999999995,5.055657648351258,False,0.22543013219152416,75
132.0,0.98891175,0.5023259999999999,4.770015087081496,False,0.18658744218258536,75
295.0,0.9647895,0.623256,3.65473224830108,False,0.08657218641944513,75
111.0,0.0,0.362791,3.65473224830108,False,0.06774968009873789,75
110.0,0.0,0.35814,3.65473224830108,False,0.06139035348512438,75
131.0,0.0,0.339535,4.770015087081496,False,0.01865556380901392,75
142.0,0.9859476,0.293023,4.770015087081496,False,-0.051091430038204017,75
124.0,0.0,0.311628,5.055657648351258,False,-0.06261877213453158,75
35.0,0.99155736,0.0,4.770015087081496,False,-0.16825290656850103,75
50.0,0.9915732,0.0,4.770015087081496,False,-0.16825290656850103,75
53.0,0.9913488,0.16744199999999998,4.770015087081496,False,-0.17242284987383127,75
58.0,0.9844141,0.255814,4.770015087081496,False,-0.17883602730361667,75
91.0,0.0,0.190698,4.887707760522254,False,-0.18190635898987775,75
63.0,0.0,0.172093,4.887707760522254,False,-0.18190635898987775,75
61.0,0.0,0.18139500000000003,4.887707760522254,False,-0.18190635898987775,75
60.0,0.0,0.18604700000000002,4.887707760522254,False,-0.18190635898987775,75
293.0,0.0,0.18604700000000002,4.770015087081496,False,-0.18190635898987775,75
64.0,0.0,0.204651,4.770015087081496,False,-0.18190635898987775,75
76.0,0.0,0.18604700000000002,4.770015087081496,False,-0.18190635898987775,75
117.0,0.0,0.18139500000000003,3.4792434174466806,False,-0.18576098444232114,75
129.0,0.0,0.17674399999999998,3.4792434174466806,False,-0.18576098444232114,75
125.0,0.0,0.11627900000000001,4.455564882801341,False,-0.2023070638801585,75
52.0,0.9846546,0.16744199999999998,4.770015087081496,False,-0.20864089350148599,75
116.0,0.0,0.102326,4.770015087081496,False,-0.2087846408807605,75
67.0,0.9628763,0.190698,4.770015087081496,False,-0.2113693948410644,75
65.0,0.96780396,0.195349,3.4792434174466806,False,-0.2152240202935078,75
101.0,0.95340204,0.237209,3.4792434174466806,False,-0.2152240202935078,75
314.0,0.9908957,0.0,4.770015087081496,False,-0.21696950283539299,75
77.0,0.0,0.218605,5.055657648351258,False,-0.22016823559781354,75
134.0,0.0,0.074419,4.770015087081496,False,-0.22039438139572515,75
6.0,0.0,0.074419,4.770015087081496,False,-0.22039438139572515,75
69.0,0.0,0.074419,4.770015087081496,False,-0.22039438139572515,75
80.0,0.0,0.074419,4.770015087081496,False,-0.22039438139572515,75
1.0,0.0,0.074419,4.770015087081496,False,-0.22039438139572515,75
169.0,0.0,0.065116,4.770015087081496,False,-0.22039438139572515,75
11.0,0.0,0.074419,4.770015087081496,False,-0.22039438139572515,75
106.0,0.9696733,0.15814,4.455564882801341,False,-0.23177009973134516,75
102.0,0.0,0.24186,3.65473224830108,False,-0.2479257865221945,75
26.0,0.0,0.069767,4.455564882801341,False,-0.24898919975580855,75
45.0,0.0,0.065116,4.455564882801341,False,-0.24898919975580855,75
78.0,0.0,0.065116,4.455564882801341,False,-0.24898919975580855,75
297.0,0.0,0.074419,4.455564882801341,False,-0.24898919975580855,75
79.0,0.0,0.069767,4.455564882801341,False,-0.24898919975580855,75
127.0,0.9091109,0.0,4.770015087081496,False,-0.25101499813927486,75
126.0,0.9087595,0.0,4.770015087081496,False,-0.25101499813927486,75
283.0,0.9879898,0.0,4.770015087081496,False,-0.25318754646304764,75
51.0,0.9831506,0.0,4.770015087081496,False,-0.25318754646304764,75
197.0,0.9856504,0.0,4.770015087081496,False,-0.25318754646304764,75
233.0,0.981568,0.0,4.770015087081496,False,-0.25318754646304764,75
267.0,0.9858419,0.0,4.770015087081496,False,-0.25318754646304764,75
246.0,0.9847282,0.0,4.770015087081496,False,-0.25318754646304764,75
228.0,0.98395413,0.0,4.770015087081496,False,-0.25318754646304764,75
262.0,0.9813261,0.0,4.770015087081496,False,-0.25318754646304764,75
59.0,0.9857446,0.0,4.770015087081496,False,-0.25318754646304764,75
162.0,0.98418736,0.0,4.770015087081496,False,-0.25318754646304764,75
72.0,0.9858208,0.0,4.770015087081496,False,-0.25318754646304764,75
68.0,0.96413183,0.0,4.770015087081496,False,-0.25591604780262606,75
187.0,0.9554015,0.0,4.887707760522254,False,-0.25591604780262606,75
257.0,0.96054256,0.0,4.887707760522254,False,-0.25591604780262606,75
147.0,0.9567311,0.0,4.887707760522254,False,-0.25591604780262606,75
141.0,0.96193403,0.0,4.887707760522254,False,-0.25591604780262606,75
275.0,0.9605508,0.0,4.887707760522254,False,-0.25591604780262606,75
261.0,0.9574933,0.0,4.887707760522254,False,-0.25591604780262606,75
279.0,0.9711032,0.0,4.887707760522254,False,-0.25591604780262606,75
75.0,0.9756193,0.0,3.4792434174466806,False,-0.2570421719154911,75
74.0,0.9708257,0.0,3.4792434174466806,False,-0.25977067325506953,75
107.0,0.9562758,0.0,3.4792434174466806,False,-0.25977067325506953,75
171.0,0.0,0.04186,4.824249691367722,False,-0.26032274324200144,75
177.0,0.98375446,0.0,4.824249691367722,False,-0.26249529156577417,75
198.0,0.9738412,0.0,4.824249691367722,False,-0.26249529156577417,75
207.0,0.97989684,0.0,4.824249691367722,False,-0.26249529156577417,75
212.0,0.9851457,0.0,4.824249691367722,False,-0.26249529156577417,75
250.0,0.97607225,0.0,4.824249691367722,False,-0.26249529156577417,75
289.0,0.97423077,0.0,4.824249691367722,False,-0.26249529156577417,75
188.0,0.97874534,0.0,4.455564882801341,False,-0.281782364823131,75
98.0,0.9690822,0.0,4.455564882801341,False,-0.2845108661627095,75
298.0,0.96749896,0.0,4.455564882801341,False,-0.2845108661627095,75
42.0,0.97188926,0.0,4.455564882801341,False,-0.2845108661627095,75
14.0,0.96772045,0.0,4.455564882801341,False,-0.2845108661627095,75
288.0,0.9777821,0.0,4.9538672916162,False,-0.3195931438585797,75
160.0,0.97622406,0.0,4.9538672916162,False,-0.3195931438585797,75
191.0,0.9726083,0.0,4.9538672916162,False,-0.3223216451981581,75
205.0,0.0,0.055814,4.875402101260519,False,-0.33095396620616774,75
195.0,0.9662603,0.0,4.875402101260519,False,-0.3358550158695189,75
178.0,0.97919285,0.0,3.066053430022444,False,-0.33657818223863334,75
255.0,0.9802531,0.0,3.066053430022444,False,-0.33657818223863334,75
57.0,1.0,1.0,2.083200781697627,True,0.7823748356807174,78
302.0,1.0,1.0,2.083200781697627,False,0.7823748356807174,78
310.0,1.0000002,1.0,2.083200781697627,False,0.7823748356807174,78
249.0,0.99999994,1.0,2.083200781697627,False,0.7823748356807174,78
130.0,1.0,1.0,2.083200781697627,False,0.7823748356807174,78
299.0,1.0,1.0,2.083200781697627,False,0.7823748356807174,78
54.0,1.0000001,1.0,2.083200781697627,False,0.7823748356807174,78
304.0,0.9984892,0.7209300000000001,2.083200781697627,False,0.687706057360241,78
97.0,1.0,1.0,2.1809519650080778,False,0.6757859960902014,78
108.0,0.99999964,1.0,2.083200781697627,False,0.6484266352273674,78
313.0,0.994558,0.702326,2.083200781697627,False,0.6271644182423529,78
312.0,0.9955091,0.7209300000000001,2.083200781697627,False,0.6271644182423529,78
311.0,0.9952489,0.772093,2.083200781697627,False,0.6271644182423529,78
301.0,0.99688697,0.734884,2.083200781697627,False,0.6060726292838121,78
96.0,0.9971581,0.67907,2.083200781697627,True,0.6060726292838121,78
300.0,0.99718493,0.7534879999999999,2.083200781697627,False,0.6060726292838121,78
110.0,1.0000002,1.0,1.4539992636791677,False,0.5910012412474822,78
307.0,1.0000002,1.0,1.4629961183780176,False,0.5840332048327863,78
111.0,1.0000002,1.0,1.3736330879290835,False,0.5603423859706593,78
41.0,0.9935137,0.665116,2.083200781697627,False,0.5240883809976613,78
65.0,1.0000002,1.0,1.916953090880023,False,0.5028227760986715,78
64.0,1.0000001,1.0,1.916953090880023,False,0.5028227760986715,78
40.0,0.9926945,0.613953,2.083200781697627,False,0.46516348592589424,78
50.0,0.99943006,0.7767440000000001,2.1730756259315682,False,0.42696414974293206,78
34.0,0.99067235,0.637209,2.083200781697627,False,0.4221715610448573,78
43.0,0.9906782,0.6418600000000001,2.083200781697627,False,0.4221715610448573,78
177.0,0.9999999,1.0,2.0080716778412913,False,0.4159079530630042,78
3.0,0.0,0.683721,2.083200781697627,False,0.4126880519288108,78
39.0,0.0,0.6511629999999999,2.083200781697627,False,0.4126880519288108,78
306.0,0.9958091,0.6976739999999999,1.4629961183780176,False,0.40405441195395925,78
308.0,0.99456406,0.7488370000000001,1.4629961183780176,False,0.40405441195395925,78
53.0,0.99999964,1.0,2.1730756259315682,False,0.3876847276100584,78
305.0,0.0,0.395349,2.083200781697627,False,0.3593402579352162,78
303.0,0.0,0.37674399999999997,2.083200781697627,False,0.3593402579352162,78
60.0,0.9923562,0.367442,2.1730756259315682,False,0.24804875786652147,78
132.0,0.98891175,0.5023259999999999,2.083200781697627,False,0.2352853145511215,78
61.0,0.9908703,0.372093,2.1730756259315682,False,0.206286008969067,78
295.0,0.0,0.38604700000000003,1.4539992636791677,False,0.2007993173544488,78
81.0,0.0,0.362791,1.3736330879290835,False,0.17067614750537274,78
75.0,0.0,0.395349,1.916953090880023,False,0.13738922764610056,78
74.0,0.0,0.35814,1.916953090880023,False,0.10679721101977135,78
131.0,0.0,0.339535,2.083200781697627,False,0.09018861213497358,78
91.0,0.0,0.330233,2.1730756259315682,True,0.015791990763755134,78
142.0,0.9859476,0.293023,2.083200781697627,False,-0.007634047843357358,78
68.0,0.0,0.306977,1.916953090880023,False,-0.04877038469780216,78
67.0,0.0,0.32093000000000005,1.916953090880023,False,-0.04877038469780216,78
124.0,0.98032,0.30232600000000004,1.916953090880023,False,-0.07550491920941041,78
77.0,0.0,0.21395299999999998,1.3736330879290835,False,-0.09366651726617974,78
76.0,0.91547763,0.209302,1.3736330879290835,False,-0.09366651726617974,78
101.0,0.0,0.237209,1.3736330879290835,False,-0.09366651726617974,78
102.0,0.0,0.218605,1.3736330879290835,False,-0.09366651726617974,78
107.0,0.0,0.237209,1.3736330879290835,False,-0.09366651726617974,78
52.0,0.9912154,0.227907,2.1730756259315682,True,-0.11693849406262428,78
35.0,0.99155736,0.0,2.083200781697627,False,-0.11876552135439168,78
63.0,0.0,0.15814,1.9442304630746916,False,-0.12416257863637072,78
95.0,0.0,0.23255800000000001,1.9442304630746916,False,-0.12416257863637072,78
58.0,0.0,0.237209,1.9442304630746916,True,-0.12416257863637072,78
71.0,0.0,0.18604700000000002,2.083200781697627,False,-0.13844897679503104,78
293.0,0.0,0.18604700000000002,2.083200781697627,False,-0.13844897679503104,78
109.0,0.0,0.190698,2.083200781697627,False,-0.13844897679503104,78
49.0,0.9876325,0.209302,2.1730756259315682,False,-0.153156537690279,78
171.0,0.0,0.139535,2.0080716778412913,False,-0.1572744413781758,78
116.0,0.0,0.102326,2.083200781697627,False,-0.15929725566665126,78
314.0,0.9908957,0.0,2.083200781697627,False,-0.16748211762128362,78
80.0,0.0,0.074419,2.083200781697627,False,-0.1709069961816159,78
1.0,0.0,0.074419,2.083200781697627,False,-0.1709069961816159,78
11.0,0.0,0.074419,2.083200781697627,False,-0.1709069961816159,78
6.0,0.0,0.074419,2.083200781697627,False,-0.1709069961816159,78
69.0,0.0,0.074419,2.083200781697627,False,-0.1709069961816159,78
169.0,0.0,0.065116,2.083200781697627,False,-0.1709069961816159,78
134.0,0.0,0.074419,2.083200781697627,False,-0.1709069961816159,78
127.0,0.92224,0.0,1.3736330879290835,False,-0.17163248538242953,78
70.0,0.0,0.227907,1.916953090880023,False,-0.17326206784460405,78
117.0,0.0,0.23255800000000001,1.916953090880023,False,-0.17326206784460405,78
126.0,0.9227898,0.0,1.4539992636791677,False,-0.18781794625250567,78
51.0,0.98806286,0.0,1.4629961183780176,False,-0.19026531247466158,78
59.0,0.9857446,0.0,1.4629961183780176,False,-0.19026531247466158,78
38.0,0.97808325,0.0,1.4629961183780176,False,-0.19026531247466158,78
257.0,0.96054256,0.0,1.9442304630746916,False,-0.19214226442985646,78
187.0,0.9554015,0.0,1.9442304630746916,False,-0.19214226442985646,78
261.0,0.9574933,0.0,1.9442304630746916,False,-0.19214226442985646,78
141.0,0.96193403,0.0,1.9442304630746916,False,-0.19214226442985646,78
279.0,0.9711032,0.0,1.9442304630746916,False,-0.19214226442985646,78
147.0,0.9567311,0.0,1.9442304630746916,False,-0.19214226442985646,78
125.0,0.9608599,0.0,1.9442304630746916,False,-0.19214226442985646,78
5.0,0.9555752,0.0,1.9442304630746916,False,-0.19214226442985646,78
275.0,0.9605508,0.0,1.9442304630746916,False,-0.19214226442985646,78
283.0,0.9879898,0.0,2.083200781697627,False,-0.20370016124893833,78
233.0,0.981568,0.0,2.083200781697627,False,-0.20370016124893833,78
246.0,0.9847282,0.0,2.083200781697627,False,-0.20370016124893833,78
72.0,0.9858208,0.0,2.083200781697627,False,-0.20370016124893833,78
228.0,0.98395413,0.0,2.083200781697627,False,-0.20370016124893833,78
162.0,0.98418736,0.0,2.083200781697627,False,-0.20370016124893833,78
267.0,0.9858419,0.0,2.083200781697627,False,-0.20370016124893833,78
262.0,0.9813261,0.0,2.083200781697627,False,-0.20370016124893833,78
197.0,0.9856504,0.0,2.083200781697627,False,-0.20370016124893833,78
89.0,0.95131266,0.0,2.083200781697627,False,-0.20642866258851675,78
66.0,0.94341636,0.227907,1.916953090880023,False,-0.2080484514210805,78
114.0,0.98327684,0.0,2.0080716778412913,False,-0.23071973930188563,78
160.0,0.9748241,0.0,2.0080716778412913,False,-0.23071973930188563,78
198.0,0.9826759,0.0,2.0080716778412913,False,-0.23071973930188563,78
115.0,0.98375446,0.0,2.0080716778412913,False,-0.23071973930188563,78
207.0,0.97249603,0.0,2.0080716778412913,False,-0.23344824064146405,78
289.0,0.9706521,0.0,2.0080716778412913,False,-0.23344824064146405,78
288.0,0.9688928,0.0,2.0080716778412913,False,-0.23344824064146405,78
269.0,0.9730542,0.0,2.0080716778412913,False,-0.23344824064146405,78
212.0,0.9675025,0.0,2.0080716778412913,False,-0.23344824064146405,78
123.0,0.95213014,0.0,1.916953090880023,False,-0.2494358671078924,78
21.0,0.95300364,0.0,1.916953090880023,False,-0.2494358671078924,78
19.0,0.9490862,0.0,1.916953090880023,False,-0.2494358671078924,78
42.0,0.94842637,0.0,1.916953090880023,False,-0.2494358671078924,78
10.0,0.94785225,0.0,1.916953090880023,False,-0.2494358671078924,78
129.0,0.93694437,0.0,1.916953090880023,False,-0.2793212010210177,78
61.0,1.0000001,1.0,2.122129567495536,False,0.7666128475872552,72
65.0,1.0000002,1.0,1.8323604246570515,False,0.7549261876268892,72
1.0,1.0000004,1.0,2.8435025664244025,False,0.7100309770000034,72
6.0,0.9985262,0.809302,2.8435025664244025,False,0.5987522384679067,72
67.0,0.99999994,1.0,2.4950889846663906,False,0.5078058468697955,72
64.0,1.0000001,1.0,2.709594956410775,False,0.47601355081557917,72
131.0,1.0000002,1.0,2.5035554141689906,False,0.47055745420374673,72
130.0,1.0,1.0,2.5035554141689906,False,0.47055745420374673,72
132.0,1.0000001,1.0,2.5035554141689906,False,0.47055745420374673,72
90.0,1.0000001,1.0,2.2545247426511428,False,0.46190006482592993,72
196.0,1.0000001,1.0,2.1277240340674037,False,0.42446443993241495,72
197.0,1.0000002,1.0,2.1277240340674037,False,0.42446443993241495,72
68.0,0.9987775,0.790698,2.4950889846663906,False,0.39652710833769883,72
12.0,0.99168813,0.539535,2.8435025664244025,False,0.37056187409863167,72
8.0,0.9912697,0.6418600000000001,2.8435025664244025,False,0.3704019966422711,72
7.0,0.99127173,0.660465,2.8435025664244025,False,0.3704019966422711,72
53.0,0.9908703,0.372093,2.122129567495536,False,0.3530617789578006,72
50.0,0.991111,0.372093,2.122129567495536,False,0.3530617789578006,72
309.0,0.0,0.6,2.8435025664244025,False,0.33162354569180813,72
72.0,0.99999976,1.0,2.1277240340674037,False,0.3131857014003181,72
91.0,0.0,0.35814,2.122129567495536,False,0.27321082074859265,72
60.0,0.98942316,0.37674399999999997,2.122129567495536,False,0.2722178858407684,72
24.0,0.0,0.48837200000000003,2.8435025664244025,False,0.25487613414952104,72
18.0,0.0,0.530233,2.8435025664244025,False,0.25487613414952104,72
2.0,0.0,0.47906999999999994,2.8435025664244025,False,0.25487613414952104,72
88.0,0.99549013,0.5023259999999999,2.2545247426511428,False,0.23079390668691363,72
15.0,0.9888879,0.47906999999999994,2.8435025664244025,False,0.18351575014853527,72
75.0,0.0,0.395349,2.709594956410775,False,0.16130090931718788,72
74.0,0.0,0.35814,2.709594956410775,False,0.13070889269085864,72
87.0,0.99178386,0.497674,2.2545247426511428,False,0.12516482767980275,72
86.0,0.9845911,0.45116300000000004,2.2545247426511428,False,0.04718403515469354,72
124.0,0.98032,0.30232600000000004,2.709594956410775,False,-0.0014416307007736615,72
70.0,0.0,0.223256,1.9843299110148302,False,-0.09785095838555058,72
117.0,0.0,0.23255800000000001,1.9843299110148302,False,-0.09785095838555058,72
101.0,0.0,0.274419,1.8323604246570515,False,-0.09950428118915192,72
142.0,0.0,0.255814,2.122129567495536,False,-0.12440609869062379,72
76.0,0.0,0.209302,1.8323604246570515,False,-0.1293091473870212,72
109.0,0.0,0.218605,1.8323604246570515,False,-0.1293091473870212,72
107.0,0.0,0.209302,1.8323604246570515,False,-0.1293091473870212,72
71.0,0.0,0.209302,1.8323604246570515,False,-0.1293091473870212,72
66.0,0.94341636,0.227907,1.9843299110148302,False,-0.13263734196202695,72
49.0,0.0,0.223256,2.122129567495536,False,-0.15421096488849312,72
95.0,0.0,0.2,2.122129567495536,False,-0.15421096488849312,72
52.0,0.0,0.237209,2.122129567495536,False,-0.15421096488849312,72
144.0,0.0,0.032558,2.1277240340674037,False,-0.15981596288276118,72
221.0,0.0,0.060465,2.1277240340674037,False,-0.15981596288276118,72
248.0,0.0,0.032558,2.1277240340674037,False,-0.15981596288276118,72
228.0,0.98427,0.0,2.1277240340674037,False,-0.1619885112065339,72
267.0,0.986359,0.0,2.1277240340674037,False,-0.1619885112065339,72
246.0,0.98383236,0.0,2.1277240340674037,False,-0.1619885112065339,72
249.0,0.9858208,0.0,2.1277240340674037,False,-0.1619885112065339,72
162.0,0.9843169,0.0,2.1277240340674037,False,-0.1619885112065339,72
175.0,0.98059714,0.0,2.1277240340674037,False,-0.1619885112065339,72
262.0,0.9792924,0.0,2.1277240340674037,False,-0.1619885112065339,72
184.0,0.95013744,0.0,2.1277240340674037,False,-0.16471701254611232,72
160.0,0.94869125,0.0,2.1277240340674037,False,-0.16471701254611232,72
198.0,0.953485,0.0,2.1277240340674037,False,-0.16471701254611232,72
300.0,0.94835496,0.0,2.1277240340674037,False,-0.16471701254611232,72
217.0,0.9504174,0.0,2.1277240340674037,False,-0.16471701254611232,72
210.0,0.9504868,0.0,2.1277240340674037,False,-0.16471701254611232,72
165.0,0.95441246,0.0,2.1277240340674037,False,-0.16471701254611232,72
202.0,0.96577466,0.0,2.1277240340674037,False,-0.16471701254611232,72
58.0,0.9865105,0.25116299999999997,2.122129567495536,False,-0.16991677659417148,72
102.0,0.9594641,0.0,1.9843299110148302,False,-0.17402475764883885,72
77.0,0.9644271,0.0,1.9843299110148302,False,-0.17402475764883885,72
129.0,0.0,0.153488,2.5035554141689906,False,-0.18271810329783086,72
128.0,0.0,0.21395299999999998,2.5035554141689906,False,-0.18271810329783086,72
293.0,0.0,0.18604700000000002,2.5035554141689906,False,-0.18271810329783086,72
45.0,0.0,0.046512000000000005,2.2545247426511428,False,-0.19696519573387883,72
13.0,0.0,0.051163,2.2545247426511428,False,-0.19696519573387883,72
259.0,0.0,0.046512000000000005,2.2545247426511428,False,-0.19696519573387883,72
84.0,0.9753283,0.0,2.2545247426511428,True,-0.1991377440576516,72
166.0,0.9688488,0.0,2.2545247426511428,False,-0.20186624539723003,72
10.0,0.94785225,0.0,1.8323604246570515,False,-0.2054829466503095,72
19.0,0.9490862,0.0,1.8323604246570515,False,-0.2054829466503095,72
21.0,0.95300364,0.0,1.8323604246570515,False,-0.2054829466503095,72
42.0,0.94842637,0.0,1.8323604246570515,False,-0.2054829466503095,72
89.0,0.96780396,0.0,1.8323604246570515,False,-0.2054829466503095,72
123.0,0.95213014,0.0,1.8323604246570515,False,-0.2054829466503095,72
127.0,0.9560741,0.0,1.8323604246570515,False,-0.2054829466503095,72
111.0,0.9477696,0.0,2.4950889846663906,False,-0.20916271639884398,72
116.0,0.92055047,0.0,2.4950889846663906,False,-0.2109548852518055,72
126.0,0.92592156,0.0,2.4950889846663906,False,-0.2109548852518055,72
80.0,0.92813206,0.0,2.4950889846663906,False,-0.2109548852518055,72
299.0,0.986902,0.0,2.122129567495536,False,-0.2194621493424004,72
110.0,0.9333892,0.0,2.4950889846663906,False,-0.23904805031196924,72
189.0,0.98414695,0.265116,2.1277240340674037,False,-0.23977980164442456,72
272.0,0.90139616,0.0,2.5035554141689906,False,-0.2518267424472281,72
304.0,0.98901784,0.0,2.122129567495536,False,-0.26408799883177797,72
302.0,0.9884893,0.0,2.122129567495536,False,-0.26408799883177797,72
301.0,0.98943245,0.0,2.122129567495536,False,-0.26408799883177797,72
26.0,0.9904927,0.0,2.8435025664244025,False,-0.29354355960350276,72
20.0,0.99045926,0.0,2.8435025664244025,False,-0.29354355960350276,72
22.0,0.98835945,0.0,2.8435025664244025,False,-0.35384604032785355,72
28.0,0.9892098,0.0,2.8435025664244025,False,-0.35384604032785355,72
308.0,1.0000001,1.0,1.1331623613672477,False,0.632752506388445,420
307.0,1.0000002,1.0,1.1331623613672477,True,0.632752506388445,420
89.0,1.0000001,1.0,5.557433544055604,False,0.6065344487430964,420
66.0,1.0,1.0,4.906564018356564,False,0.605677225640129,420
103.0,0.9999998,1.0,3.7334319118047987,False,0.5957291683518406,420
177.0,0.9999999,1.0,5.186150339817053,False,0.5856349349345534,420
122.0,1.0,1.0,3.622730180160079,False,0.5744049602423135,420
302.0,1.0,1.0,1.172110551908795,False,0.5531343429135483,420
299.0,1.0,1.0,1.172110551908795,False,0.5531343429135483,420
306.0,0.9958091,0.6976739999999999,1.1331623613672477,False,0.4775420889500803,420
304.0,0.9984892,0.7209300000000001,1.172110551908795,False,0.45846556459307175,420
305.0,0.9942373,0.7534879999999999,1.1331623613672477,False,0.4494179214877847,420
303.0,0.9999999,1.0,1.172110551908795,False,0.443237992986134,420
142.0,0.99999976,1.0,1.172110551908795,False,0.41918614246019814,420
300.0,0.9954728,0.739535,1.172110551908795,False,0.39792392547518374,420
301.0,0.99713767,0.6976739999999999,1.172110551908795,False,0.37683213651664293,420
113.0,0.9999999,1.0,3.276853210856236,False,0.36106153717246814,420
117.0,0.9999998,1.0,4.679543616439921,False,0.2897462082953029,420
79.0,0.986554,0.604651,3.7334319118047987,False,0.27781409053819806,420
62.0,0.0,0.437209,3.7334319118047987,False,0.2579478261835711,420
78.0,0.98869,0.604651,3.7334319118047987,False,0.23318824104882055,420
55.0,0.98255765,0.418605,3.7334319118047987,False,0.23121329167196286,420
71.0,0.98568213,0.34883699999999995,4.906564018356564,False,0.19771426480033907,420
109.0,0.98599464,0.35348799999999997,4.906564018356564,False,0.19771426480033907,420
58.0,0.9790094,0.390698,1.172110551908795,False,0.16096625994936917,420
108.0,0.9859476,0.293023,1.172110551908795,False,-0.04264376038598333,420
121.0,0.96926904,0.311628,3.7334319118047987,False,-0.05381993137778243,420
70.0,0.98751307,0.33488399999999996,4.906564018356564,False,-0.06343145656205199,420
61.0,0.0,0.255814,1.172110551908795,False,-0.11059604282330775,420
91.0,0.0,0.265116,1.172110551908795,False,-0.11059604282330775,420
49.0,0.0,0.24651199999999998,1.172110551908795,False,-0.12937218621524713,420
60.0,0.0,0.24186,1.172110551908795,False,-0.12937218621524713,420
52.0,0.97328943,0.255814,1.172110551908795,False,-0.13733057733491597,420
120.0,0.0,0.293023,3.622730180160079,False,-0.14687738428715766,420
53.0,0.97345966,0.25116299999999997,1.172110551908795,False,-0.15610672072685536,420
50.0,0.9735527,0.25116299999999997,1.172110551908795,False,-0.15610672072685536,420
59.0,0.9809357,0.0,1.1331623613672477,False,-0.1638926960005742,420
313.0,0.97919947,0.0,1.1331623613672477,False,-0.1638926960005742,420
314.0,0.9788651,0.0,1.1331623613672477,False,-0.1638926960005742,420
38.0,0.97808325,0.0,1.1331623613672477,False,-0.1638926960005742,420
312.0,0.97803783,0.0,1.1331623613672477,False,-0.1638926960005742,420
104.0,0.9858793,0.30232600000000004,3.622730180160079,False,-0.1736119187987659,420
9.0,0.0,0.125581,3.7334319118047987,False,-0.18190635898987775,420
124.0,0.0,0.288372,4.906564018356564,False,-0.20766524881305662,420
96.0,0.9753999,0.0,1.172110551908795,False,-0.21384620694488687,420
57.0,0.9764581,0.0,1.172110551908795,False,-0.21384620694488687,420
51.0,0.98806286,0.0,1.172110551908795,False,-0.21384620694488687,420
63.0,0.9822961,0.0,1.172110551908795,False,-0.21384620694488687,420
76.0,0.0,0.172093,4.679543616439921,False,-0.2250039143325445,420
64.0,0.91817003,0.23255800000000001,4.679543616439921,False,-0.2250039143325445,420
101.0,0.0,0.204651,4.679543616439921,False,-0.2250039143325445,420
2.0,0.9834118,0.0,3.622730180160079,False,-0.23549780586646618,420
28.0,0.98195696,0.0,3.622730180160079,False,-0.23549780586646618,420
15.0,0.98213935,0.0,3.622730180160079,False,-0.23549780586646618,420
22.0,0.98103905,0.0,3.622730180160079,False,-0.23549780586646618,420
146.0,0.0,0.074419,3.276853210856236,False,-0.24646938214335334,420
7.0,0.9701934,0.0,3.7334319118047987,False,-0.25591604780262606,420
295.0,0.0,0.190698,5.557433544055604,False,-0.26447728787748104,420
129.0,0.0,0.17674399999999998,5.557433544055604,False,-0.26447728787748104,420
81.0,0.0,0.17674399999999998,5.557433544055604,False,-0.26447728787748104,420
65.0,0.0,0.195349,4.906564018356564,False,-0.26533451098044836,420
255.0,0.0,0.032558,3.276853210856236,False,-0.2770899988869031,420
154.0,0.0,0.051163,3.276853210856236,False,-0.2770899988869031,420
93.0,0.0,0.051163,3.276853210856236,False,-0.2770899988869031,420
171.0,0.0,0.139535,5.180505546995537,False,-0.2788867155879756,420
185.0,0.97920793,0.0,3.276853210856236,False,-0.27926254721067584,420
219.0,0.97834563,0.0,3.276853210856236,False,-0.27926254721067584,420
162.0,0.97301865,0.037209,3.276853210856236,False,-0.2819910485502543,420
95.0,0.96982205,0.0,3.276853210856236,False,-0.2819910485502543,420
230.0,0.9707113,0.0,3.276853210856236,False,-0.2819910485502543,420
228.0,0.96927404,0.0,3.276853210856236,False,-0.2819910485502543,420
159.0,0.9717361,0.0,3.276853210856236,False,-0.2819910485502543,420
233.0,0.9723495,0.0,3.276853210856236,False,-0.2819910485502543,420
267.0,0.96946204,0.032558,3.276853210856236,False,-0.2819910485502543,420
131.0,0.9075724,0.0,4.679543616439921,False,-0.29411255348194176,420
77.0,0.94746315,0.195349,4.906564018356564,False,-0.294797546831635,420
130.0,0.9446459,0.0,4.679543616439921,False,-0.29901360314529296,420
132.0,0.9284053,0.0,4.679543616439921,False,-0.3008057719982545,420
68.0,0.9295407,0.0,4.679543616439921,False,-0.3008057719982545,420
67.0,0.92886883,0.0,4.679543616439921,False,-0.3008057719982545,420
126.0,0.9283889,0.0,4.679543616439921,False,-0.3008057719982545,420
110.0,0.939178,0.0,4.679543616439921,False,-0.32889893705841816,420
111.0,0.94018495,0.0,4.679543616439921,False,-0.32889893705841816,420
75.0,0.9756193,0.0,5.557433544055604,False,-0.335758475350651,420
127.0,0.95034856,0.0,5.557433544055604,False,-0.3384869766902294,420
107.0,0.9562758,0.0,5.557433544055604,False,-0.3384869766902294,420
54.0,0.95131266,0.0,5.557433544055604,False,-0.3384869766902294,420
74.0,0.9708257,0.0,5.557433544055604,False,-0.3384869766902294,420
115.0,0.98375446,0.0,5.180505546995537,False,-0.35016790306114554,420
114.0,0.98327684,0.0,5.180505546995537,False,-0.35016790306114554,420
160.0,0.9748241,0.0,5.180505546995537,False,-0.35016790306114554,420
198.0,0.9826759,0.0,5.180505546995537,False,-0.35016790306114554,420
207.0,0.97249603,0.0,5.180505546995537,False,-0.35289640440072395,420
289.0,0.9706521,0.0,5.180505546995537,False,-0.35289640440072395,420
269.0,0.9730542,0.0,5.180505546995537,False,-0.35289640440072395,420
288.0,0.9688928,0.0,5.180505546995537,False,-0.35289640440072395,420
212.0,0.9675025,0.0,5.180505546995537,False,-0.35289640440072395,420
298.0,1.0,1.0,3.001314843573468,False,0.79286146014116,34
42.0,1.0000002,1.0,3.001314843573468,False,0.79286146014116,34
41.0,1.0000001,1.0,3.001314843573468,False,0.79286146014116,34
40.0,0.99999994,1.0,3.001314843573468,False,0.79286146014116,34
171.0,1.0000005,1.0,2.835678188237451,False,0.7790782245907233,34
274.0,1.0000001,1.0,2.835678188237451,False,0.7790782245907233,34
116.0,1.0000001,1.0,2.835678188237451,False,0.7790782245907233,34
123.0,1.0,1.0,2.1967029962283506,False,0.765864694351425,34
168.0,1.0000001,1.0,2.1967029962283506,False,0.765864694351425,34
45.0,1.0000001,1.0,2.1967029962283506,False,0.765864694351425,34
21.0,1.0000002,1.0,2.1967029962283506,False,0.765864694351425,34
18.0,1.0000001,1.0,2.1967029962283506,False,0.765864694351425,34
24.0,1.0,1.0,2.1967029962283506,False,0.765864694351425,34
22.0,1.0000001,1.0,2.1967029962283506,False,0.765864694351425,34
38.0,1.0,1.0,2.1967029962283506,False,0.765864694351425,34
2.0,1.0000005,1.0,2.1967029962283506,False,0.765864694351425,34
13.0,1.0000002,1.0,2.1967029962283506,False,0.765864694351425,34
14.0,1.0,1.0,2.1967029962283506,False,0.765864694351425,34
29.0,1.0000001,1.0,2.1967029962283506,False,0.765864694351425,34
88.0,1.0,1.0,3.1075522252691674,False,0.7247359907337105,34
66.0,1.0,1.0,3.0203700483945397,False,0.7247359907337105,34
105.0,1.0000002,1.0,2.7426256256396893,False,0.6944913588612628,34
46.0,0.9999999,1.0,2.1967029962283506,False,0.6677884464453864,34
44.0,0.9999999,1.0,2.1967029962283506,False,0.6677884464453864,34
23.0,0.9999999,1.0,2.1967029962283506,False,0.6677884464453864,34
25.0,0.9999999,1.0,2.1967029962283506,False,0.6677884464453864,34
193.0,0.99999964,1.0,2.1967029962283506,False,0.6437365959194504,34
19.0,0.9990314,0.9767440000000001,2.1967029962283506,False,0.6437365959194504,34
3.0,0.99999964,1.0,3.001314843573468,False,0.6341448842473474,34
39.0,0.9949986,0.646512,2.1967029962283506,False,0.6224743789344359,34
43.0,0.9944343,0.7209300000000001,3.001314843573468,False,0.6128826672623329,34
311.0,0.9953525,0.637209,3.001314843573468,False,0.6128826672623329,34
87.0,0.9944171,0.637209,3.1075522252691674,False,0.5921950352165994,34
313.0,0.99462515,0.567442,3.001314843573468,False,0.5835877254279166,34
312.0,0.99435747,0.581395,3.001314843573468,False,0.5835877254279166,34
34.0,0.99424505,0.562791,3.001314843573468,False,0.5554635579656209,34
106.0,1.0000002,1.0,1.4070155270767797,False,0.5544879811888875,34
10.0,0.9952851,0.967442,2.1967029962283506,False,0.5527345521094588,34
134.0,1.0000002,1.0,1.033354205384345,False,0.5505720220892716,34
143.0,1.0,1.0,1.033354205384345,False,0.5505720220892716,34
156.0,1.0000002,1.0,1.033354205384345,False,0.5505720220892716,34
174.0,0.99999994,1.0,1.033354205384345,False,0.5505720220892716,34
189.0,1.0000001,1.0,1.033354205384345,False,0.5505720220892716,34
136.0,0.99999994,1.0,1.033354205384345,False,0.5505720220892716,34
36.0,0.9984319,0.87907,3.001314843573468,False,0.5220510514788149,34
310.0,0.9935137,0.665116,2.1967029962283506,False,0.5193983416897444,34
101.0,1.0000002,1.0,1.7208903142394998,False,0.49816731014756355,34
69.0,1.0,1.0,2.2871958793069394,True,0.4866746496997957,34
90.0,0.99549013,0.5023259999999999,3.1075522252691674,False,0.4861526818398956,34
314.0,0.9930229,0.8046510000000001,2.1967029962283506,False,0.44965851486476727,34
178.0,0.99999964,1.0,1.033354205384345,False,0.4166238216359214,34
35.0,0.99064916,0.581395,2.1967029962283506,False,0.38818657990252403,34
309.0,0.0,0.604651,2.1967029962283506,False,0.37870307078647764,34
224.0,0.9913431,0.395349,2.1967029962283506,False,0.3641337277433459,34
32.0,0.0,0.623256,3.001314843573468,False,0.35655968390511794,34
33.0,0.0,0.581395,3.001314843573468,False,0.35655968390511794,34
15.0,0.0,0.404651,2.1967029962283506,False,0.3546502186272994,34
8.0,0.0,0.409302,2.1967029962283506,False,0.3546502186272994,34
6.0,0.0,0.534884,2.1967029962283506,False,0.3462971409908266,34
7.0,0.99141,0.497674,2.1967029962283506,False,0.33773968887457145,34
28.0,0.0,0.46511600000000003,2.1967029962283506,False,0.30195565924419043,34
1.0,0.0,0.432558,2.1967029962283506,False,0.30195565924419043,34
9.0,0.0,0.469767,2.1967029962283506,False,0.30195565924419043,34
11.0,0.0,0.469767,2.1967029962283506,False,0.30195565924419043,34
135.0,0.9751172,0.483721,2.1967029962283506,False,0.27522112473258226,34
16.0,0.95704293,0.483721,2.1967029962283506,False,0.27249262339300384,34
169.0,0.9928516,0.553488,1.033354205384345,False,0.2557126987332524,34
86.0,0.9836583,0.5162789999999999,3.1075522252691674,False,0.24284661337161992,34
71.0,0.98568213,0.34883699999999995,3.0203700483945397,False,0.22517372366156757,34
109.0,0.98599464,0.35348799999999997,3.0203700483945397,False,0.22517372366156757,34
125.0,0.0,0.372093,1.4070155270767797,False,0.18905443273631653,34
118.0,0.9866842,0.48837200000000003,2.7426256256396893,False,0.17847329841694407,34
119.0,0.9857335,0.483721,2.7426256256396893,False,0.17847329841694407,34
192.0,0.9829105,0.339535,1.033354205384345,False,0.024879330661618845,34
20.0,0.0,0.293023,2.2871958793069394,False,0.004795935852544559,34
70.0,0.98751307,0.33488399999999996,3.0203700483945397,True,-0.018521589709373842,34
30.0,0.97925276,0.293023,2.2871958793069394,False,-0.021938598659063745,34
27.0,0.9798883,0.30232600000000004,2.2871958793069394,False,-0.021938598659063745,34
12.0,0.9928945,0.0,2.1967029962283506,False,-0.10807940368354971,34
37.0,0.0,0.08837199999999999,1.4070155270767797,False,-0.13197894143453645,34
77.0,0.0,0.08372099999999999,1.4070155270767797,False,-0.13197894143453645,34
17.0,0.0,0.08837199999999999,1.4070155270767797,False,-0.13197894143453645,34
124.0,0.0,0.08372099999999999,1.4070155270767797,False,-0.13197894143453645,34
65.0,0.0,0.274419,1.7208903142394998,True,-0.13934239691766767,34
129.0,0.0,0.148837,2.1967029962283506,False,-0.1431390161029478,34
128.0,0.0,0.139535,2.1967029962283506,False,-0.1431390161029478,34
293.0,0.0,0.134884,2.1967029962283506,False,-0.1431390161029478,34
31.0,0.0,0.16744199999999998,2.1967029962283506,False,-0.1431390161029478,34
296.0,0.0,0.2,2.1967029962283506,False,-0.1431390161029478,34
196.0,0.98414695,0.265116,1.033354205384345,False,-0.14679818897495214,34
182.0,0.0,0.13023300000000002,1.033354205384345,False,-0.14986852066121323,34
242.0,0.0,0.125581,1.033354205384345,False,-0.14986852066121323,34
285.0,0.9677081,0.26976700000000003,2.835678188237451,False,-0.15395543274759915,34
100.0,0.0,0.15814,2.835678188237451,False,-0.15429726309428177,34
80.0,0.91688174,0.11627900000000001,2.835678188237451,False,-0.15429726309428177,34
177.0,0.0,0.139535,2.835678188237451,False,-0.15429726309428177,34
295.0,0.0,0.24186,1.7208903142394998,False,-0.15811854030960712,34
111.0,0.0,0.237209,1.7208903142394998,False,-0.169147263115537,34
290.0,0.0,0.09302300000000001,1.033354205384345,False,-0.17071679953283345,34
26.0,0.0,0.08837199999999999,2.7426256256396893,False,-0.17769098416517629,34
127.0,0.0,0.10697699999999999,2.835678188237451,False,-0.18117554498516458,34
81.0,0.0,0.102326,2.835678188237451,False,-0.18117554498516458,34
237.0,0.0,0.074419,1.033354205384345,False,-0.18232654004779808,34
236.0,0.0,0.08372099999999999,1.033354205384345,False,-0.18232654004779808,34
249.0,0.0,0.074419,1.033354205384345,False,-0.18232654004779808,34
89.0,0.95340204,0.237209,1.7208903142394998,False,-0.1986102989667237,34
85.0,0.97433794,0.0,2.7426256256396893,False,-0.21048414923249872,34
98.0,0.9769863,0.0,2.7426256256396893,False,-0.21048414923249872,34
219.0,0.0,0.051163,1.033354205384345,False,-0.2129471567913478,34
217.0,0.0,0.032558,1.033354205384345,False,-0.2129471567913478,34
58.0,0.0,0.037209,1.033354205384345,False,-0.2129471567913478,34
294.0,0.9127548,0.0,1.033354205384345,False,-0.2129471567913478,34
287.0,0.87216204,0.0,1.033354205384345,False,-0.2129471567913478,34
181.0,0.88071793,0.0,1.033354205384345,False,-0.2129471567913478,34
149.0,0.85699344,0.0,1.033354205384345,False,-0.2129471567913478,34
48.0,0.9171023,0.0,1.033354205384345,False,-0.2129471567913478,34
265.0,0.87856233,0.0,1.033354205384345,False,-0.2129471567913478,34
204.0,0.91949034,0.0,1.033354205384345,False,-0.2129471567913478,34
266.0,0.88045895,0.0,1.033354205384345,False,-0.2129471567913478,34
277.0,0.85744,0.0,1.033354205384345,False,-0.2129471567913478,34
112.0,0.85789764,0.0,1.033354205384345,False,-0.2129471567913478,34
102.0,0.0,0.04186,1.033354205384345,False,-0.2129471567913478,34
108.0,0.0,0.032558,1.033354205384345,False,-0.2129471567913478,34
83.0,0.971015,0.0,2.7426256256396893,False,-0.21321265057207714,34
115.0,0.9714818,0.0,2.7426256256396893,False,-0.21321265057207714,34
299.0,0.9719918,0.0,2.7426256256396893,False,-0.21321265057207714,34
185.0,0.0,0.046512000000000005,2.1967029962283506,False,-0.21441176570288495,34
142.0,0.0,0.037209,2.1967029962283506,False,-0.21441176570288495,34
248.0,0.0,0.037209,2.1967029962283506,False,-0.21441176570288495,34
60.0,0.0,0.037209,2.1967029962283506,True,-0.21441176570288495,34
91.0,0.0,0.032558,2.1967029962283506,False,-0.21441176570288495,34
61.0,0.0,0.051163,2.1967029962283506,True,-0.21441176570288495,34
49.0,0.97759855,0.0,1.033354205384345,False,-0.21511970511512046,34
191.0,0.97522855,0.0,1.033354205384345,False,-0.21511970511512046,34
95.0,0.97919285,0.0,1.033354205384345,False,-0.21511970511512046,34
96.0,0.9778067,0.0,1.033354205384345,False,-0.21511970511512046,34
50.0,0.97823274,0.0,1.033354205384345,False,-0.21511970511512046,34
53.0,0.9774909,0.0,1.033354205384345,False,-0.21511970511512046,34
210.0,0.9764488,0.0,1.033354205384345,False,-0.21511970511512046,34
47.0,0.97951955,0.0,2.1967029962283506,False,-0.21658431402665768,34
72.0,0.9740269,0.0,2.1967029962283506,False,-0.21658431402665768,34
82.0,0.9734318,0.0,2.1967029962283506,False,-0.21658431402665768,34
268.0,0.9782693,0.0,2.1967029962283506,False,-0.21658431402665768,34
175.0,0.9786384,0.0,2.1967029962283506,False,-0.21658431402665768,34
180.0,0.9682223,0.0,1.033354205384345,False,-0.21784820645469888,34
218.0,0.96103275,0.0,1.033354205384345,False,-0.21784820645469888,34
234.0,0.95929116,0.0,1.033354205384345,False,-0.21784820645469888,34
235.0,0.9711694,0.0,1.033354205384345,False,-0.21784820645469888,34
93.0,0.9515203,0.0,1.033354205384345,False,-0.21784820645469888,34
94.0,0.95105046,0.0,1.033354205384345,False,-0.21784820645469888,34
158.0,0.9494319,0.0,1.033354205384345,False,-0.21784820645469888,34
176.0,0.95224625,0.0,1.033354205384345,False,-0.21784820645469888,34
225.0,0.94596064,0.0,1.033354205384345,False,-0.21784820645469888,34
165.0,0.9658772,0.0,1.033354205384345,False,-0.21784820645469888,34
160.0,0.9470342,0.037209,1.033354205384345,False,-0.21784820645469888,34
260.0,0.94696295,0.0,1.033354205384345,False,-0.21784820645469888,34
184.0,0.9501697,0.0,1.033354205384345,False,-0.21784820645469888,34
256.0,0.9527199,0.0,1.033354205384345,False,-0.21784820645469888,34
207.0,0.94931924,0.0,1.033354205384345,False,-0.21784820645469888,34
198.0,0.9680493,0.0,1.033354205384345,False,-0.21784820645469888,34
269.0,0.9464797,0.0,1.033354205384345,False,-0.21784820645469888,34
281.0,0.9492211,0.0,1.033354205384345,False,-0.21784820645469888,34
202.0,0.9589006,0.0,1.033354205384345,False,-0.21784820645469888,34
97.0,0.95477676,0.0,1.033354205384345,False,-0.21784820645469888,34
188.0,0.95241356,0.0,1.033354205384345,False,-0.21784820645469888,34
147.0,0.9701893,0.0,1.033354205384345,False,-0.21784820645469888,34
261.0,0.94677716,0.0,1.033354205384345,False,-0.21784820645469888,34
195.0,0.94722295,0.0,1.033354205384345,False,-0.21784820645469888,34
275.0,0.94710714,0.0,1.033354205384345,False,-0.21784820645469888,34
279.0,0.9552515,0.0,1.033354205384345,False,-0.21784820645469888,34
161.0,0.956396,0.032558,1.033354205384345,False,-0.21784820645469888,34
120.0,0.95726275,0.0,2.1967029962283506,False,-0.2193128153662361,34
84.0,0.9691748,0.0,2.1967029962283506,True,-0.2193128153662361,34
153.0,0.97236115,0.0,2.1967029962283506,False,-0.2193128153662361,34
289.0,0.9667299,0.0,2.1967029962283506,True,-0.2193128153662361,34
288.0,0.96661466,0.0,2.1967029962283506,True,-0.2193128153662361,34
197.0,0.97245276,0.0,2.1967029962283506,False,-0.2193128153662361,34
230.0,0.9718922,0.0,2.1967029962283506,False,-0.2193128153662361,34
267.0,0.9730605,0.0,2.1967029962283506,False,-0.2193128153662361,34
56.0,0.9603458,0.0,2.1967029962283506,True,-0.2193128153662361,34
273.0,0.95636857,0.0,2.1967029962283506,False,-0.2193128153662361,34
64.0,0.0,0.227907,3.0203700483945397,True,-0.22042464412777013,34
76.0,0.0,0.21395299999999998,3.0203700483945397,True,-0.22042464412777013,34
114.0,0.0,0.037209,2.835678188237451,False,-0.22340590224367893,34
132.0,0.88582426,0.0,2.835678188237451,False,-0.22340590224367893,34
262.0,0.0,0.04186,2.835678188237451,False,-0.22340590224367893,34
68.0,0.91648144,0.0,2.835678188237451,False,-0.22340590224367893,34
246.0,0.0,0.055814,2.835678188237451,False,-0.22340590224367893,34
130.0,0.9040585,0.0,2.835678188237451,False,-0.22340590224367893,34
117.0,0.9024647,0.0,2.835678188237451,False,-0.22340590224367893,34
110.0,0.8834345,0.0,2.835678188237451,False,-0.22340590224367893,34
291.0,0.97518677,0.0,2.835678188237451,False,-0.2255784505674517,34
200.0,0.96828747,0.0,2.835678188237451,False,-0.22830695190703013,34
221.0,0.97003806,0.0,2.835678188237451,False,-0.22830695190703013,34
206.0,0.96910363,0.0,2.835678188237451,False,-0.22830695190703013,34
258.0,0.9660746,0.0,2.835678188237451,False,-0.22830695190703013,34
67.0,0.92055047,0.0,2.835678188237451,False,-0.23009912075999164,34
126.0,0.9245833,0.0,2.835678188237451,False,-0.23009912075999164,34
107.0,0.97118366,0.0,1.7208903142394998,False,-0.2371269489090227,34
75.0,0.94628537,0.0,1.7208903142394998,False,-0.2371269489090227,34
282.0,0.9348531,0.0,1.033354205384345,False,-0.2477335403678242,34
302.0,0.9424568,0.0,1.033354205384345,False,-0.2477335403678242,34
300.0,0.94413245,0.0,1.033354205384345,False,-0.2477335403678242,34
239.0,0.94418746,0.0,1.033354205384345,False,-0.2477335403678242,34
121.0,0.0,0.060465,3.1075522252691674,False,-0.29772739674696996,34
92.0,0.0,0.060465,3.1075522252691674,False,-0.29772739674696996,34
1.0,1.0000004,1.0,3.519022175581273,False,0.7710922983810483,412
88.0,1.0,1.0,2.8818600861734724,False,0.7681942290764114,412
171.0,1.0000005,1.0,3.0524351736717117,False,0.736594129578572,412
116.0,1.0000001,1.0,3.0524351736717117,False,0.736594129578572,412
274.0,1.0000001,1.0,3.0524351736717117,False,0.736594129578572,412
105.0,1.0000002,1.0,3.4831333021299544,False,0.7258496223666344,412
168.0,1.0000001,1.0,2.537272979764315,False,0.6787533408741224,412
38.0,1.0,1.0,2.537272979764315,False,0.6787533408741224,412
41.0,1.0000001,1.0,2.537272979764315,False,0.6787533408741224,412
24.0,1.0,1.0,2.537272979764315,False,0.6787533408741224,412
29.0,1.0000001,1.0,2.537272979764315,False,0.6787533408741224,412
18.0,1.0000001,1.0,2.537272979764315,False,0.6787533408741224,412
14.0,1.0,1.0,2.537272979764315,False,0.6787533408741224,412
13.0,1.0000002,1.0,2.537272979764315,False,0.6787533408741224,412
2.0,1.0000005,1.0,2.537272979764315,False,0.6787533408741224,412
21.0,1.0000002,1.0,2.537272979764315,False,0.6787533408741224,412
22.0,1.0000001,1.0,2.537272979764315,False,0.6787533408741224,412
45.0,1.0000001,1.0,2.537272979764315,False,0.6787533408741224,412
123.0,1.0,1.0,2.537272979764315,False,0.6787533408741224,412
124.0,0.99999964,1.0,3.2450338365296485,False,0.6531000855337588,412
6.0,0.9985262,0.809302,3.519022175581273,False,0.6371440979276983,412
46.0,0.9999999,1.0,2.537272979764315,False,0.6281149303297997,412
44.0,0.9999999,1.0,2.537272979764315,False,0.6281149303297997,412
23.0,0.9999999,1.0,2.537272979764315,False,0.6281149303297997,412
25.0,0.9999999,1.0,2.537272979764315,False,0.6281149303297997,412
87.0,0.9944171,0.637209,2.8818600861734724,False,0.6129838116380468,412
19.0,0.9999997,1.0,2.537272979764315,False,0.6040630798038638,412
193.0,0.99999964,1.0,2.537272979764315,False,0.6040630798038638,412
101.0,1.0000002,1.0,0.90085796062427,False,0.5910012412474822,412
39.0,0.9949986,0.646512,2.537272979764315,False,0.5828008628188492,412
34.0,0.9954854,0.7860469999999999,2.537272979764315,False,0.5130610359938721,412
10.0,0.9952851,0.967442,2.537272979764315,False,0.5130610359938721,412
136.0,0.99999994,1.0,1.997819871471801,False,0.511896034487776,412
189.0,1.0000001,1.0,1.997819871471801,False,0.511896034487776,412
134.0,1.0000002,1.0,1.997819871471801,False,0.511896034487776,412
143.0,1.0,1.0,1.997819871471801,False,0.511896034487776,412
156.0,1.0000002,1.0,1.997819871471801,False,0.511896034487776,412
174.0,0.99999994,1.0,1.997819871471801,False,0.511896034487776,412
40.0,0.9937335,0.581395,2.537272979764315,False,0.507749299108945,412
90.0,0.99549013,0.5023259999999999,2.8818600861734724,False,0.5059387446664995,412
106.0,1.0000002,1.0,2.0728969399286132,False,0.49816731014756355,412
55.0,1.0000002,1.0,2.2871958793069394,False,0.4866746496997957,412
70.0,1.0,1.0,2.2871958793069394,False,0.4866746496997957,412
69.0,1.0,1.0,2.2871958793069394,True,0.4866746496997957,412
141.0,1.0000002,1.0,2.2871958793069394,False,0.4866746496997957,412
64.0,1.0000001,1.0,2.2871958793069394,False,0.4866746496997957,412
65.0,1.0000002,1.0,2.2871958793069394,False,0.4866746496997957,412
61.0,1.0000001,1.0,2.2871958793069394,False,0.4866746496997957,412
62.0,1.0000002,1.0,2.2871958793069394,False,0.4866746496997957,412
84.0,1.0000002,1.0,2.2871958793069394,False,0.4866746496997957,412
79.0,1.0,1.0,2.2871958793069394,False,0.4866746496997957,412
57.0,1.0,1.0,2.2871958793069394,False,0.4866746496997957,412
312.0,0.9934268,0.67907,2.537272979764315,False,0.47972482557415763,412
311.0,0.9930445,0.734884,2.537272979764315,False,0.47972482557415763,412
310.0,0.9935137,0.665116,2.537272979764315,False,0.47972482557415763,412
313.0,0.9921954,0.6697669999999999,2.537272979764315,False,0.45012526227391286,412
73.0,0.9999999,1.0,2.2871958793069394,False,0.43603623915547285,412
60.0,0.9999998,1.0,2.2871958793069394,False,0.43603623915547285,412
103.0,0.9999998,1.0,2.2871958793069394,False,0.43603623915547285,412
288.0,0.9999999,1.0,2.2871958793069394,False,0.43603623915547285,412
59.0,0.99999964,1.0,2.2871958793069394,False,0.411984388629537,412
76.0,0.99999976,1.0,2.2871958793069394,False,0.411984388629537,412
78.0,0.9999994,1.0,2.2871958793069394,False,0.411984388629537,412
56.0,0.99999964,1.0,2.2871958793069394,False,0.411984388629537,412
289.0,0.9988797,0.7860469999999999,2.2871958793069394,False,0.411984388629537,412
314.0,0.9930229,0.8046510000000001,2.537272979764315,False,0.4099849987491805,412
178.0,0.99999964,1.0,1.997819871471801,False,0.40061729595567924,412
7.0,0.99127173,0.660465,3.519022175581273,False,0.3983373485359316,412
8.0,0.9912697,0.6418600000000001,3.519022175581273,False,0.3983373485359316,412
12.0,0.99168813,0.539535,3.519022175581273,False,0.3974945123974485,412
77.0,0.9947618,0.702326,2.2871958793069394,False,0.3907221716445226,412
71.0,0.9946378,0.744186,2.2871958793069394,False,0.3907221716445226,412
96.0,0.9971581,0.67907,2.2871958793069394,False,0.3696303826859818,412
309.0,0.0,0.6,3.519022175581273,False,0.35855618399062494,412
35.0,0.99064916,0.581395,2.537272979764315,False,0.3579668577582246,412
43.0,0.0,0.5906980000000001,2.537272979764315,False,0.3484833486421782,412
224.0,0.9913431,0.395349,2.537272979764315,False,0.33391400559904655,412
15.0,0.0,0.404651,2.537272979764315,False,0.32443049648300015,412
298.0,0.0,0.544186,2.537272979764315,False,0.3160774188465273,412
109.0,0.9975029,0.87907,2.2871958793069394,False,0.2998905558610046,412
107.0,0.9917878,0.655814,2.2871958793069394,False,0.2955496002035428,412
9.0,0.0,0.469767,2.537272979764315,False,0.2717359370998911,412
28.0,0.0,0.46511600000000003,2.537272979764315,False,0.2717359370998911,412
36.0,0.0,0.5255810000000001,2.537272979764315,False,0.2717359370998911,412
11.0,0.0,0.469767,2.537272979764315,False,0.2717359370998911,412
86.0,0.9836583,0.5162789999999999,2.8818600861734724,False,0.2521761686320928,412
169.0,0.9928516,0.553488,1.997819871471801,False,0.251165394213985,412
135.0,0.9751172,0.483721,2.537272979764315,False,0.24500140258828282,412
118.0,0.9866842,0.48837200000000003,3.4831333021299544,False,0.24396024500454386,412
119.0,0.9857335,0.483721,3.4831333021299544,False,0.24396024500454386,412
16.0,0.95704293,0.483721,2.537272979764315,False,0.2422729012487044,412
53.0,0.9923562,0.367442,2.2871958793069394,False,0.24220180620994824,412
50.0,0.991111,0.372093,2.2871958793069394,False,0.2004390573124937,412
102.0,0.9929564,0.474419,2.2871958793069394,False,0.19492037265167833,412
75.0,0.0,0.395349,2.2871958793069394,False,0.19095554819644728,412
125.0,0.0,0.372093,2.0728969399286132,False,0.16485701758753318,412
91.0,0.9881662,0.367442,2.2871958793069394,False,0.164221013684839,412
74.0,0.0,0.35814,2.2871958793069394,False,0.16036353157011807,412
82.0,0.0,0.497674,2.2871958793069394,False,0.13826098881333823,412
85.0,0.97653294,0.49302300000000004,2.2871958793069394,False,0.11152645430172996,412
83.0,0.9804255,0.530233,2.2871958793069394,False,0.11152645430172996,412
66.0,0.98751307,0.33488399999999996,2.2871958793069394,False,0.04914952680765895,412
192.0,0.9829105,0.339535,1.997819871471801,False,0.037782434133801224,412
67.0,0.0,0.32093000000000005,2.2871958793069394,False,0.004795935852544559,412
120.0,0.0,0.297674,2.2871958793069394,False,0.004795935852544559,412
121.0,0.0,0.306977,2.2871958793069394,False,0.004795935852544559,412
68.0,0.0,0.306977,2.2871958793069394,False,0.004795935852544559,412
20.0,0.0,0.293023,2.2871958793069394,False,0.004795935852544559,412
104.0,0.9854508,0.293023,2.2871958793069394,False,-0.021938598659063745,412
30.0,0.97925276,0.293023,2.2871958793069394,False,-0.021938598659063745,412
27.0,0.9798883,0.30232600000000004,2.2871958793069394,False,-0.021938598659063745,412
142.0,0.0,0.255814,2.2871958793069394,False,-0.08989088109638808,412
295.0,0.0,0.24186,0.90085796062427,False,-0.09882325533032599,412
81.0,0.0,0.25116299999999997,2.2871958793069394,False,-0.10866702448832752,412
111.0,0.0,0.237209,0.90085796062427,False,-0.10985197813625587,412
293.0,0.0,0.223256,0.90085796062427,False,-0.10985197813625587,412
58.0,0.9844141,0.255814,2.2871958793069394,False,-0.11662541560799639,412
122.0,0.97049356,0.274419,2.2871958793069394,False,-0.1193539169475748,412
307.0,0.0,0.11627900000000001,2.2871958793069394,False,-0.11969574729425742,412
117.0,0.0,0.23255800000000001,2.2871958793069394,False,-0.11969574729425742,412
95.0,0.0,0.2,2.2871958793069394,False,-0.11969574729425742,412
300.0,0.0,0.11627900000000001,2.2871958793069394,False,-0.11969574729425742,412
296.0,0.0,0.144186,2.2871958793069394,False,-0.11969574729425742,412
49.0,0.0,0.227907,2.2871958793069394,False,-0.11969574729425742,412
98.0,0.0,0.144186,2.2871958793069394,False,-0.11969574729425742,412
294.0,0.0,0.134884,2.2871958793069394,False,-0.11969574729425742,412
302.0,0.0,0.11627900000000001,2.2871958793069394,False,-0.11969574729425742,412
47.0,0.0,0.134884,2.2871958793069394,False,-0.11969574729425742,412
52.0,0.0,0.237209,2.2871958793069394,False,-0.11969574729425742,412
97.0,0.0,0.18604700000000002,2.2871958793069394,False,-0.11969574729425742,412
196.0,0.98414695,0.265116,1.997819871471801,False,-0.12799250828185407,412
242.0,0.0,0.125581,1.997819871471801,False,-0.1310628399681151,412
182.0,0.0,0.13023300000000002,1.997819871471801,False,-0.1310628399681151,412
89.0,0.95340204,0.237209,0.90085796062427,False,-0.13931501398744256,412
308.0,0.98524225,0.125581,2.2871958793069394,False,-0.14643028180586568,412
190.0,0.9834119,0.17674399999999998,2.2871958793069394,False,-0.14643028180586568,412
108.0,0.9830961,0.237209,2.2871958793069394,False,-0.14643028180586568,412
301.0,0.98325205,0.13023300000000002,2.2871958793069394,False,-0.14643028180586568,412
304.0,0.98618394,0.11627900000000001,2.2871958793069394,False,-0.14643028180586568,412
305.0,0.98454905,0.12093,2.2871958793069394,False,-0.14643028180586568,412
306.0,0.983858,0.134884,2.2871958793069394,False,-0.14643028180586568,412
290.0,0.0,0.09302300000000001,1.997819871471801,False,-0.15191111883973532,412
31.0,0.0,0.08837199999999999,2.2871958793069394,False,-0.15215376668084224,412
236.0,0.0,0.08372099999999999,1.997819871471801,False,-0.17171497282450254,412
26.0,0.0,0.08372099999999999,1.997819871471801,False,-0.17171497282450254,412
237.0,0.0,0.074419,1.997819871471801,False,-0.17171497282450254,412
249.0,0.0,0.074419,1.997819871471801,False,-0.17171497282450254,412
232.0,0.0,0.037209,2.2871958793069394,False,-0.18277438342439195,412
112.0,0.9011507,0.0,2.2871958793069394,False,-0.18277438342439195,412
129.0,0.8952277,0.0,2.2871958793069394,False,-0.18277438342439195,412
131.0,0.9019269,0.0,2.2871958793069394,False,-0.18277438342439195,412
264.0,0.90791637,0.0,2.2871958793069394,False,-0.18277438342439195,412
280.0,0.0,0.046512000000000005,2.2871958793069394,False,-0.18277438342439195,412
284.0,0.0,0.046512000000000005,2.2871958793069394,False,-0.18277438342439195,412
208.0,0.0,0.055814,2.2871958793069394,False,-0.18277438342439195,412
17.0,0.9756333,0.0,2.2871958793069394,False,-0.18494693174816468,412
299.0,0.986902,0.0,2.2871958793069394,False,-0.18494693174816468,412
114.0,0.9777821,0.0,2.2871958793069394,False,-0.18494693174816468,412
303.0,0.98208547,0.0,2.2871958793069394,False,-0.18494693174816468,412
72.0,0.9734529,0.0,2.2871958793069394,False,-0.18494693174816468,412
115.0,0.97423077,0.0,2.2871958793069394,False,-0.18494693174816468,412
267.0,0.97346985,0.0,2.2871958793069394,False,-0.18494693174816468,412
99.0,0.97544575,0.0,2.2871958793069394,False,-0.18494693174816468,412
230.0,0.97861993,0.0,2.2871958793069394,False,-0.18494693174816468,412
166.0,0.96400523,0.0,2.2871958793069394,False,-0.1876754330877431,412
212.0,0.9703801,0.0,2.2871958793069394,False,-0.1876754330877431,412
195.0,0.9609076,0.0,2.2871958793069394,False,-0.1876754330877431,412
127.0,0.9560741,0.0,2.2871958793069394,False,-0.1876754330877431,412
275.0,0.9698999,0.0,2.2871958793069394,False,-0.1876754330877431,412
191.0,0.9705468,0.0,2.2871958793069394,False,-0.1876754330877431,412
177.0,0.9706521,0.0,2.2871958793069394,False,-0.1876754330877431,412
257.0,0.9696941,0.0,2.2871958793069394,False,-0.1876754330877431,412
251.0,0.9676796,0.0,2.2871958793069394,False,-0.1876754330877431,412
238.0,0.96696764,0.0,2.2871958793069394,False,-0.1876754330877431,412
32.0,0.96582925,0.0,2.2871958793069394,False,-0.1876754330877431,412
42.0,0.94842637,0.0,2.2871958793069394,False,-0.1876754330877431,412
187.0,0.97205746,0.0,2.2871958793069394,False,-0.1876754330877431,412
215.0,0.9610797,0.0,2.2871958793069394,False,-0.1876754330877431,412
54.0,0.9304288,0.0,2.2871958793069394,False,-0.18946760194070467,412
51.0,0.9890313,0.18139500000000003,2.2871958793069394,False,-0.19105613129524315,412
37.0,0.0,0.08837199999999999,2.0728969399286132,False,-0.20160528250212184,412
48.0,0.9171023,0.0,1.997819871471801,False,-0.20233558956805225,412
277.0,0.85744,0.0,1.997819871471801,False,-0.20233558956805225,412
287.0,0.87216204,0.0,1.997819871471801,False,-0.20233558956805225,412
265.0,0.87856233,0.0,1.997819871471801,False,-0.20233558956805225,412
181.0,0.88071793,0.0,1.997819871471801,False,-0.20233558956805225,412
266.0,0.88045895,0.0,1.997819871471801,False,-0.20233558956805225,412
204.0,0.91949034,0.0,1.997819871471801,False,-0.20233558956805225,412
219.0,0.0,0.051163,1.997819871471801,False,-0.20233558956805225,412
149.0,0.85699344,0.0,1.997819871471801,False,-0.20233558956805225,412
217.0,0.0,0.032558,1.997819871471801,False,-0.20233558956805225,412
210.0,0.9764488,0.0,1.997819871471801,False,-0.20450813789182498,412
180.0,0.9682223,0.0,1.997819871471801,False,-0.2072366392314034,412
161.0,0.956396,0.032558,1.997819871471801,False,-0.2072366392314034,412
176.0,0.95541716,0.0,1.997819871471801,False,-0.2072366392314034,412
160.0,0.95413077,0.0,1.997819871471801,False,-0.2072366392314034,412
279.0,0.9552515,0.0,1.997819871471801,False,-0.2072366392314034,412
261.0,0.94677716,0.0,1.997819871471801,False,-0.2072366392314034,412
234.0,0.95929116,0.0,1.997819871471801,False,-0.2072366392314034,412
235.0,0.9711694,0.0,1.997819871471801,False,-0.2072366392314034,412
225.0,0.94596064,0.0,1.997819871471801,False,-0.2072366392314034,412
269.0,0.9464797,0.0,1.997819871471801,False,-0.2072366392314034,412
260.0,0.94696295,0.0,1.997819871471801,False,-0.2072366392314034,412
198.0,0.9680493,0.0,1.997819871471801,False,-0.2072366392314034,412
165.0,0.9658772,0.0,1.997819871471801,False,-0.2072366392314034,412
184.0,0.9501697,0.0,1.997819871471801,False,-0.2072366392314034,412
94.0,0.95105046,0.0,1.997819871471801,False,-0.2072366392314034,412
158.0,0.9494319,0.0,1.997819871471801,False,-0.2072366392314034,412
218.0,0.96103275,0.0,1.997819871471801,False,-0.2072366392314034,412
93.0,0.9515203,0.0,1.997819871471801,False,-0.2072366392314034,412
147.0,0.9701893,0.0,1.997819871471801,False,-0.2072366392314034,412
188.0,0.95241356,0.0,1.997819871471801,False,-0.2072366392314034,412
256.0,0.9527199,0.0,1.997819871471801,False,-0.2072366392314034,412
207.0,0.94931924,0.0,1.997819871471801,False,-0.2072366392314034,412
281.0,0.9492211,0.0,1.997819871471801,False,-0.2072366392314034,412
202.0,0.9589006,0.0,1.997819871471801,False,-0.2072366392314034,412
128.0,0.0,0.139535,2.537272979764315,False,-0.21878766416604917,412
282.0,0.9348531,0.0,1.997819871471801,False,-0.23712197314452865,412
239.0,0.94418746,0.0,1.997819871471801,False,-0.23712197314452865,412
285.0,0.9677081,0.26976700000000003,3.0524351736717117,False,-0.25734874918389783,412
80.0,0.91688174,0.11627900000000001,3.0524351736717117,False,-0.2576905795305805,412
100.0,0.0,0.15814,3.0524351736717117,False,-0.2576905795305805,412
92.0,0.0,0.060465,2.8818600861734724,False,-0.2807215372716364,412
197.0,0.97738004,0.0,2.8818600861734724,False,-0.2828940855954092,412
185.0,0.0,0.046512000000000005,2.537272979764315,False,-0.28789630331544636,412
248.0,0.0,0.037209,2.537272979764315,False,-0.28789630331544636,412
268.0,0.9782693,0.0,2.537272979764315,False,-0.29006885163921914,412
175.0,0.9786384,0.0,2.537272979764315,False,-0.29006885163921914,412
3.0,0.97721064,0.0,2.537272979764315,False,-0.29006885163921914,412
33.0,0.9726542,0.0,2.537272979764315,False,-0.29279735297879755,412
273.0,0.95636857,0.0,2.537272979764315,False,-0.29279735297879755,412
153.0,0.9706416,0.0,2.537272979764315,False,-0.29279735297879755,412
130.0,0.9040585,0.0,3.0524351736717117,False,-0.3349933321497803,412
110.0,0.8834345,0.0,3.0524351736717117,False,-0.3349933321497803,412
262.0,0.0,0.04186,3.0524351736717117,False,-0.3349933321497803,412
132.0,0.88582426,0.0,3.0524351736717117,False,-0.3349933321497803,412
246.0,0.0,0.055814,3.0524351736717117,False,-0.3349933321497803,412
291.0,0.97518677,0.0,3.0524351736717117,False,-0.33716588047355306,412
200.0,0.96828747,0.0,3.0524351736717117,False,-0.3398943818131315,412
258.0,0.9660746,0.0,3.0524351736717117,False,-0.3398943818131315,412
221.0,0.97003806,0.0,3.0524351736717117,False,-0.3398943818131315,412
206.0,0.96910363,0.0,3.0524351736717117,False,-0.3398943818131315,412
126.0,0.9245833,0.0,3.0524351736717117,False,-0.341686550666093,412
311.0,1.0000002,1.0,3.7056793999948265,False,0.7210340388048423,407
123.0,1.0,1.0,3.7056793999948265,False,0.7210340388048423,407
130.0,1.0,1.0,3.7056793999948265,False,0.7210340388048423,407
70.0,1.0,1.0,3.7056793999948265,False,0.7210340388048423,407
298.0,1.0,1.0,3.7056793999948265,False,0.7210340388048423,407
156.0,1.0000002,1.0,3.5522433291165334,False,0.7110072663934979,407
189.0,1.0000001,1.0,3.5522433291165334,False,0.7110072663934979,407
168.0,1.0000001,1.0,3.5522433291165334,False,0.7110072663934979,407
143.0,1.0,1.0,3.5522433291165334,False,0.7110072663934979,407
174.0,0.99999994,1.0,3.5522433291165334,False,0.7110072663934979,407
134.0,1.0000002,1.0,3.5522433291165334,False,0.7110072663934979,407
136.0,0.99999994,1.0,3.5522433291165334,False,0.7110072663934979,407
113.0,0.9999999,1.0,1.9723239386999707,False,0.645400620724116,407
177.0,0.9999999,1.0,3.5914782356830046,False,0.6338071507986816,407
107.0,0.9999999,1.0,3.7056793999948265,False,0.6338071507986816,407
58.0,0.9999998,1.0,3.3440019298361494,False,0.6229231552843698,407
117.0,0.9999998,1.0,3.10840184024946,False,0.6213106349389478,407
178.0,0.99999964,1.0,3.5522433291165334,False,0.5997285278614012,407
310.0,0.9952489,0.772093,3.7056793999948265,False,0.5884930832877311,407
40.0,0.9953525,0.637209,3.7056793999948265,False,0.5884930832877311,407
71.0,0.9946378,0.744186,3.7056793999948265,False,0.5884930832877311,407
43.0,0.9944343,0.7209300000000001,3.7056793999948265,False,0.5884930832877311,407
66.0,1.0,1.0,1.9618572793409834,False,0.5584463416477123,407
34.0,0.99424505,0.562791,3.7056793999948265,False,0.531073973991019,407
122.0,1.0,1.0,1.4724907365977316,False,0.5233780351567427,407
41.0,1.0000001,1.0,2.5797012395235948,False,0.5078058468697955,407
42.0,1.0000002,1.0,2.5797012395235948,False,0.5078058468697955,407
109.0,0.9975029,0.87907,3.7056793999948265,False,0.49766146750421303,407
36.0,0.9984319,0.87907,3.7056793999948265,False,0.49766146750421303,407
313.0,0.9963833,0.790698,3.7056793999948265,False,0.49766146750421303,407
312.0,0.99646145,0.8,3.7056793999948265,False,0.49766146750421303,407
76.0,0.9917878,0.655814,3.7056793999948265,False,0.44326580753353806,407
77.0,0.9923438,0.660465,3.7056793999948265,False,0.44326580753353806,407
169.0,0.9928516,0.553488,3.5522433291165334,False,0.4133674973219587,407
1.0,1.0000004,1.0,3.0513426371240446,False,0.41021044273178847,407
110.0,1.0000002,1.0,3.0513426371240446,False,0.41021044273178847,407
30.0,1.0000002,1.0,3.0513426371240446,False,0.41021044273178847,407
31.0,1.0000001,1.0,3.0513426371240446,False,0.41021044273178847,407
55.0,1.0000002,1.0,3.0513426371240446,False,0.41021044273178847,407
18.0,1.0000001,1.0,3.0513426371240446,False,0.41021044273178847,407
33.0,1.0,1.0,3.0513426371240446,False,0.41021044273178847,407
17.0,1.0,1.0,3.0513426371240446,False,0.41021044273178847,407
11.0,1.0,1.0,3.0513426371240446,False,0.41021044273178847,407
20.0,1.0000002,1.0,3.0513426371240446,False,0.41021044273178847,407
38.0,1.0,1.0,3.0513426371240446,False,0.41021044273178847,407
27.0,1.0000002,1.0,3.0513426371240446,False,0.41021044273178847,407
21.0,1.0000002,1.0,3.0513426371240446,False,0.41021044273178847,407
22.0,1.0000001,1.0,3.0513426371240446,False,0.41021044273178847,407
87.0,1.0000001,1.0,3.0513426371240446,False,0.41021044273178847,407
2.0,1.0000005,1.0,3.0513426371240446,False,0.41021044273178847,407
28.0,1.0,1.0,3.0513426371240446,False,0.41021044273178847,407
29.0,1.0000001,1.0,3.0513426371240446,False,0.41021044273178847,407
50.0,1.0000002,1.0,3.0513426371240446,False,0.41021044273178847,407
3.0,0.99999964,1.0,2.5797012395235948,False,0.39652710833769883,407
39.0,0.9949986,0.646512,2.5797012395235948,False,0.3752648913526844,407
314.0,0.0,0.6,3.7056793999948265,False,0.3426266074966471,407
53.0,0.99943006,0.7767440000000001,3.0513426371240446,False,0.3382111263325652,407
26.0,0.9999999,1.0,3.0513426371240446,False,0.32298355472562745,407
12.0,0.9999998,1.0,3.0513426371240446,False,0.32298355472562745,407
10.0,0.9999999,1.0,3.0513426371240446,False,0.32298355472562745,407
73.0,0.9999999,1.0,3.0513426371240446,False,0.32298355472562745,407
7.0,0.9999999,1.0,3.0513426371240446,False,0.32298355472562745,407
142.0,0.0,0.390698,3.3440019298361494,False,0.30668704622831355,407
6.0,0.99999976,1.0,3.0513426371240446,False,0.29893170419969156,407
32.0,0.99999964,1.0,3.0513426371240446,False,0.29893170419969156,407
8.0,0.99999976,1.0,3.0513426371240446,False,0.29893170419969156,407
16.0,0.99999976,1.0,3.0513426371240446,False,0.29893170419969156,407
15.0,0.99999976,1.0,3.0513426371240446,False,0.29893170419969156,407
88.0,0.9944171,0.637209,3.0513426371240446,False,0.27766948721467716,407
102.0,0.9875616,0.432558,3.7056793999948265,False,0.23914466144275165,407
135.0,0.9751172,0.483721,3.5522433291165334,False,0.22811517543656354,407
35.0,0.99064916,0.581395,2.5797012395235948,False,0.20903462917983362,407
19.0,0.9952851,0.967442,3.0513426371240446,False,0.20792966038970012,407
132.0,0.98891175,0.5023259999999999,3.7056793999948265,False,0.19451881195337414,407
23.0,0.99614966,0.9953489999999999,3.0513426371240446,False,0.1868378714311593,407
13.0,0.9968128,0.846512,3.0513426371240446,False,0.1868378714311593,407
61.0,0.991111,0.372093,3.0513426371240446,False,0.1049813103494435,407
25.0,0.0,0.367442,3.0513426371240446,False,0.0954978012333971,407
37.0,0.0,0.390698,3.0513426371240446,False,0.0954978012333971,407
24.0,0.0,0.390698,3.0513426371240446,False,0.0954978012333971,407
9.0,0.0,0.409302,3.0513426371240446,False,0.0954978012333971,407
295.0,0.0,0.38604700000000003,3.0513426371240446,False,0.0954978012333971,407
90.0,0.99178386,0.497674,3.0513426371240446,False,0.09404949986378908,407
111.0,0.9876363,0.734884,3.0513426371240446,False,0.09196444803933143,407
309.0,0.0,0.6,3.0513426371240446,False,0.08940404071652325,407
60.0,0.99139106,0.362791,3.0513426371240446,False,0.08074862033672776,407
78.0,0.97539556,0.404651,3.0513426371240446,False,0.06876326672178876,407
81.0,0.0,0.35814,3.0513426371240446,False,0.06490578460706782,407
120.0,0.0,0.293023,1.4724907365977316,False,0.05208309387387039,407
14.0,0.0,0.916279,3.0513426371240446,False,0.04895915572596254,407
131.0,0.0,0.339535,3.7056793999948265,False,0.026586933579802727,407
104.0,0.9858793,0.30232600000000004,1.4724907365977316,False,0.025348559362262112,407
79.0,0.97630537,0.413953,3.0513426371240446,False,0.0160687073386798,407
86.0,0.97673255,0.49302300000000004,3.0513426371240446,False,0.0160687073386798,407
103.0,0.98255765,0.418605,3.0513426371240446,True,0.0160687073386798,407
62.0,0.9654201,0.432558,3.0513426371240446,False,0.013340205999101398,407
124.0,0.0,0.311628,3.7056793999948265,False,-0.044501191886919964,407
192.0,0.9829105,0.339535,3.5522433291165334,False,-0.050703435635879965,407
121.0,0.0,0.311628,3.0513426371240446,False,-0.06334538023037972,407
91.0,0.9838128,0.325581,3.0513426371240446,False,-0.090079914741988,407
64.0,0.0,0.227907,1.9618572793409834,False,-0.11763850229556325,407
65.0,0.0,0.195349,1.9618572793409834,False,-0.11763850229556325,407
101.0,0.94849753,0.209302,1.9618572793409834,False,-0.14710153814674995,407
52.0,0.9907137,0.21395299999999998,3.0513426371240446,False,-0.17835355426113525,407
96.0,0.9925796,0.0,3.0513426371240446,False,-0.18113745832524233,407
127.0,0.94749284,0.0,1.9618572793409834,False,-0.18561818808904895,407
89.0,0.9453753,0.0,1.9618572793409834,False,-0.18561818808904895,407
129.0,0.9537653,0.0,1.9618572793409834,False,-0.18561818808904895,407
97.0,0.0,0.190698,3.0513426371240446,False,-0.18783706337718167,407
57.0,0.9915732,0.0,3.0513426371240446,False,-0.1942816111447784,407
67.0,0.0,0.209302,3.7056793999948265,False,-0.20205065535020192,407
171.0,0.0,0.139535,3.5914782356830046,False,-0.20205065535020192,407
293.0,0.0,0.18604700000000002,3.7056793999948265,False,-0.20205065535020192,407
153.0,0.98697186,0.0,2.5797012395235948,False,-0.20643421505926557,407
49.0,0.98680425,0.195349,3.0513426371240446,False,-0.21457159788878996,407
146.0,0.0,0.074419,1.9723239386999707,False,-0.22908103120359263,407
196.0,0.98414695,0.265116,3.5522433291165334,False,-0.25543873558893093,407
112.0,0.9011507,0.0,3.0513426371240446,False,-0.25694570252657883,407
45.0,0.0,0.04186,3.0513426371240446,False,-0.25694570252657883,407
75.0,0.8994671,0.0,3.0513426371240446,False,-0.25694570252657883,407
264.0,0.90791637,0.0,3.0513426371240446,False,-0.25694570252657883,407
182.0,0.0,0.13023300000000002,3.5522433291165334,False,-0.258509067275192,407
242.0,0.0,0.125581,3.5522433291165334,False,-0.258509067275192,407
84.0,0.97826725,0.046512000000000005,3.0513426371240446,False,-0.2591182508503516,407
72.0,0.9749367,0.0,3.0513426371240446,False,-0.2591182508503516,407
82.0,0.9734318,0.0,3.0513426371240446,False,-0.2591182508503516,407
154.0,0.0,0.051163,1.9723239386999707,False,-0.2597016479471424,407
93.0,0.0,0.051163,1.9723239386999707,False,-0.2597016479471424,407
255.0,0.0,0.032558,1.9723239386999707,False,-0.2597016479471424,407
98.0,0.97050226,0.0,3.0513426371240446,False,-0.26184675218993003,407
51.0,0.95488155,0.0,3.0513426371240446,False,-0.26184675218993003,407
193.0,0.970551,0.0,3.0513426371240446,False,-0.26184675218993003,407
197.0,0.9726115,0.0,3.0513426371240446,False,-0.26184675218993003,407
46.0,0.9703828,0.0,3.0513426371240446,False,-0.26184675218993003,407
83.0,0.9569039,0.0,3.0513426371240446,False,-0.26184675218993003,407
105.0,0.96280354,0.0,3.0513426371240446,False,-0.26184675218993003,407
175.0,0.9708544,0.0,3.0513426371240446,False,-0.26184675218993003,407
185.0,0.97920793,0.0,1.9723239386999707,False,-0.2618741962709152,407
219.0,0.97834563,0.0,1.9723239386999707,False,-0.2618741962709152,407
80.0,0.9225857,0.0,3.0513426371240446,False,-0.26363892104289155,407
126.0,0.9227898,0.0,3.0513426371240446,False,-0.26363892104289155,407
233.0,0.9723495,0.0,1.9723239386999707,False,-0.2646026976104936,407
230.0,0.9707113,0.0,1.9723239386999707,False,-0.2646026976104936,407
159.0,0.9717361,0.0,1.9723239386999707,False,-0.2646026976104936,407
267.0,0.96946204,0.032558,1.9723239386999707,False,-0.2646026976104936,407
95.0,0.96982205,0.0,1.9723239386999707,False,-0.2646026976104936,407
228.0,0.96927404,0.0,1.9723239386999707,False,-0.2646026976104936,407
162.0,0.97301865,0.037209,1.9723239386999707,False,-0.2646026976104936,407
108.0,0.9905019,0.227907,3.3440019298361494,False,-0.2704241936547943,407
198.0,0.9826759,0.0,3.5914782356830046,False,-0.27333184282337186,407
160.0,0.9748241,0.0,3.5914782356830046,False,-0.27333184282337186,407
114.0,0.98327684,0.0,3.5914782356830046,False,-0.27333184282337186,407
115.0,0.98375446,0.0,3.5914782356830046,False,-0.27333184282337186,407
269.0,0.9730542,0.0,3.5914782356830046,False,-0.2760603441629503,407
288.0,0.9688928,0.0,3.5914782356830046,False,-0.2760603441629503,407
207.0,0.97249603,0.0,3.5914782356830046,False,-0.2760603441629503,407
68.0,0.96413183,0.0,3.7056793999948265,False,-0.2760603441629503,407
212.0,0.9675025,0.0,3.5914782356830046,False,-0.2760603441629503,407
289.0,0.9706521,0.0,3.5914782356830046,False,-0.2760603441629503,407
54.0,0.9304288,0.0,3.7056793999948265,False,-0.2778525130159118,407
290.0,0.0,0.09302300000000001,3.5522433291165334,False,-0.28538734916607483,407
236.0,0.0,0.08372099999999999,3.5522433291165334,False,-0.2969970896810395,407
249.0,0.0,0.074419,3.5522433291165334,False,-0.2969970896810395,407
237.0,0.0,0.074419,3.5522433291165334,False,-0.2969970896810395,407
44.0,0.0,0.08372099999999999,3.5522433291165334,False,-0.2969970896810395,407
217.0,0.0,0.032558,3.5522433291165334,False,-0.32761770642458926,407
294.0,0.0,0.04186,3.5522433291165334,False,-0.32761770642458926,407
265.0,0.87856233,0.0,3.5522433291165334,False,-0.32761770642458926,407
181.0,0.88071793,0.0,3.5522433291165334,False,-0.32761770642458926,407
149.0,0.85699344,0.0,3.5522433291165334,False,-0.32761770642458926,407
266.0,0.88045895,0.0,3.5522433291165334,False,-0.32761770642458926,407
287.0,0.87216204,0.0,3.5522433291165334,False,-0.32761770642458926,407
277.0,0.85744,0.0,3.5522433291165334,False,-0.32761770642458926,407
204.0,0.91949034,0.0,3.5522433291165334,False,-0.32761770642458926,407
48.0,0.9171023,0.0,3.5522433291165334,False,-0.32761770642458926,407
191.0,0.97522855,0.0,3.5522433291165334,False,-0.32979025474836204,407
210.0,0.9764488,0.0,3.5522433291165334,False,-0.32979025474836204,407
125.0,0.94559294,0.0,3.5522433291165334,False,-0.33251875608794046,407
256.0,0.9527199,0.0,3.5522433291165334,False,-0.33251875608794046,407
176.0,0.95541716,0.0,3.5522433291165334,False,-0.33251875608794046,407
161.0,0.956396,0.032558,3.5522433291165334,False,-0.33251875608794046,407
180.0,0.9682223,0.0,3.5522433291165334,False,-0.33251875608794046,407
218.0,0.96103275,0.0,3.5522433291165334,False,-0.33251875608794046,407
234.0,0.95929116,0.0,3.5522433291165334,False,-0.33251875608794046,407
235.0,0.9711694,0.0,3.5522433291165334,False,-0.33251875608794046,407
202.0,0.9589006,0.0,3.5522433291165334,False,-0.33251875608794046,407
158.0,0.9494319,0.0,3.5522433291165334,False,-0.33251875608794046,407
94.0,0.95105046,0.0,3.5522433291165334,False,-0.33251875608794046,407
260.0,0.94696295,0.0,3.5522433291165334,False,-0.33251875608794046,407
274.0,0.9589239,0.0,3.5522433291165334,False,-0.33251875608794046,407
225.0,0.94596064,0.0,3.5522433291165334,False,-0.33251875608794046,407
261.0,0.94677716,0.0,3.5522433291165334,False,-0.33251875608794046,407
188.0,0.95241356,0.0,3.5522433291165334,False,-0.33251875608794046,407
147.0,0.9701893,0.0,3.5522433291165334,False,-0.33251875608794046,407
195.0,0.94722295,0.0,3.5522433291165334,False,-0.33251875608794046,407
165.0,0.9658772,0.0,3.5522433291165334,False,-0.33251875608794046,407
275.0,0.94710714,0.0,3.5522433291165334,False,-0.33251875608794046,407
279.0,0.9552515,0.0,3.5522433291165334,False,-0.33251875608794046,407
184.0,0.9501697,0.0,3.5522433291165334,False,-0.33251875608794046,407
281.0,0.9492211,0.0,3.5522433291165334,False,-0.33251875608794046,407
282.0,0.9348531,0.0,3.5522433291165334,False,-0.36240409000106566,407
239.0,0.94418746,0.0,3.5522433291165334,False,-0.36240409000106566,407
300.0,0.94413245,0.0,3.5522433291165334,False,-0.36240409000106566,407
302.0,0.9424568,0.0,3.5522433291165334,False,-0.36240409000106566,407
106.0,1.0000002,1.0,2.3212212334718387,False,0.6925841507003524,16
72.0,0.99999976,1.0,2.1525574356355235,False,0.6138557939869712,16
105.0,1.0000002,1.0,1.6954412140119048,False,0.5614560176035833,16
1.0,1.0000004,1.0,1.6944859982697436,False,0.5517443162597581,16
42.0,1.0000002,1.0,0.9540789755988556,False,0.5494583904563476,16
41.0,1.0000001,1.0,0.9540789755988556,False,0.5494583904563476,16
298.0,1.0,1.0,0.9540789755988556,False,0.5494583904563476,16
43.0,1.0000001,1.0,0.9540789755988556,False,0.5494583904563476,16
40.0,0.99999994,1.0,0.9540789755988556,False,0.5494583904563476,16
197.0,0.9984032,0.576744,2.1525574356355235,False,0.5422068462089995,16
33.0,1.0,1.0,1.8386460333540138,False,0.4945839350662502,16
22.0,1.0000001,1.0,1.8386460333540138,False,0.4945839350662502,16
21.0,1.0000002,1.0,1.8386460333540138,False,0.4945839350662502,16
11.0,1.0,1.0,1.8386460333540138,False,0.4945839350662502,16
18.0,1.0000001,1.0,1.8386460333540138,False,0.4945839350662502,16
34.0,1.0000002,1.0,1.8386460333540138,False,0.4945839350662502,16
20.0,1.0000002,1.0,1.8386460333540138,False,0.4945839350662502,16
55.0,1.0000002,1.0,1.8386460333540138,False,0.4945839350662502,16
17.0,1.0,1.0,1.8386460333540138,False,0.4945839350662502,16
2.0,1.0000005,1.0,1.8386460333540138,False,0.4945839350662502,16
28.0,1.0,1.0,1.8386460333540138,False,0.4945839350662502,16
29.0,1.0000001,1.0,1.8386460333540138,False,0.4945839350662502,16
31.0,1.0000001,1.0,1.8386460333540138,False,0.4945839350662502,16
27.0,1.0000002,1.0,1.8386460333540138,False,0.4945839350662502,16
30.0,1.0000002,1.0,1.8386460333540138,False,0.4945839350662502,16
110.0,1.0000002,1.0,1.8386460333540138,False,0.4945839350662502,16
38.0,1.0,1.0,1.8386460333540138,False,0.4945839350662502,16
50.0,1.0000002,1.0,1.8386460333540138,False,0.4945839350662502,16
123.0,1.0,1.0,1.8386460333540138,False,0.4945839350662502,16
87.0,1.0000001,1.0,1.8386460333540138,False,0.4945839350662502,16
168.0,1.0000001,1.0,1.3928598433045325,False,0.47686915187412315,16
45.0,1.0000001,1.0,1.3928598433045325,False,0.47686915187412315,16
13.0,1.0000002,1.0,1.3928598433045325,False,0.47686915187412315,16
14.0,1.0,1.0,1.3928598433045325,False,0.47686915187412315,16
24.0,1.0,1.0,1.3928598433045325,False,0.47686915187412315,16
88.0,1.0,1.0,2.530815529439434,False,0.47445245264446934,16
66.0,1.0,1.0,2.5289102420134486,False,0.46849933427371115,16
39.0,0.9999998,1.0,0.9540789755988556,False,0.4395620405289332,16
53.0,0.99943006,0.7767440000000001,1.8386460333540138,False,0.422584618667027,16
124.0,0.99999964,1.0,1.776067583814481,False,0.4205397807355373,16
6.0,0.9985262,0.809302,1.6944859982697436,False,0.41569720228719886,16
3.0,0.99999964,1.0,0.9540789755988556,False,0.4155101900029974,16
12.0,0.9999998,1.0,1.8386460333540138,False,0.4073570470600892,16
73.0,0.9999999,1.0,1.8386460333540138,False,0.4073570470600892,16
7.0,0.9999999,1.0,1.8386460333540138,False,0.4073570470600892,16
10.0,0.9999999,1.0,1.8386460333540138,False,0.4073570470600892,16
26.0,0.9999999,1.0,1.8386460333540138,False,0.4073570470600892,16
313.0,0.9945971,0.711628,0.9540789755988556,False,0.394247973017983,16
311.0,0.9953525,0.637209,0.9540789755988556,False,0.394247973017983,16
8.0,0.99999976,1.0,1.8386460333540138,False,0.38330519653415335,16
15.0,0.99999976,1.0,1.8386460333540138,False,0.38330519653415335,16
16.0,0.99999976,1.0,1.8386460333540138,False,0.38330519653415335,16
32.0,0.99999964,1.0,1.8386460333540138,False,0.38330519653415335,16
44.0,0.9999999,1.0,1.3928598433045325,False,0.36697280194670867,16
25.0,0.9999999,1.0,1.3928598433045325,False,0.36697280194670867,16
23.0,0.9999999,1.0,1.3928598433045325,False,0.36697280194670867,16
46.0,0.9999999,1.0,1.3928598433045325,False,0.36697280194670867,16
312.0,0.99435747,0.581395,0.9540789755988556,False,0.36395031758872287,16
36.0,0.9939023,0.711628,0.9540789755988556,False,0.3494940647373389,16
19.0,0.9990314,0.9767440000000001,1.3928598433045325,False,0.34292095142077283,16
193.0,0.99999964,1.0,1.3928598433045325,False,0.34292095142077283,16
310.0,0.9935137,0.665116,0.9540789755988556,False,0.31452667576693905,16
125.0,0.0,0.372093,2.3212212334718387,False,0.2685468593600077,16
314.0,0.0,0.627907,0.9540789755988556,False,0.23737263599737135,16
309.0,0.0,0.6,1.6944859982697436,False,0.21771850041844357,16
35.0,0.99064916,0.581395,0.9540789755988556,False,0.21655848968415758,16
90.0,0.99549013,0.5023259999999999,2.530815529439434,False,0.2121969682345574,16
111.0,0.9876363,0.734884,1.8386460333540138,False,0.18888961558305004,16
61.0,0.991111,0.372093,1.8386460333540138,False,0.17075715162226635,16
9.0,0.0,0.409302,1.8386460333540138,False,0.16127364250621995,16
37.0,0.0,0.390698,1.8386460333540138,False,0.16127364250621995,16
295.0,0.0,0.38604700000000003,1.8386460333540138,False,0.16127364250621995,16
60.0,0.99139106,0.362791,1.8386460333540138,False,0.14652446160955065,16
78.0,0.97539556,0.404651,1.8386460333540138,False,0.13453910799461163,16
81.0,0.0,0.35814,1.8386460333540138,False,0.13068162587989074,16
224.0,0.9913431,0.395349,1.3928598433045325,False,0.11991639894275474,16
118.0,0.9866842,0.48837200000000003,1.6954412140119048,False,0.11659337525629511,16
119.0,0.9857335,0.483721,1.6954412140119048,False,0.11659337525629511,16
86.0,0.97673255,0.49302300000000004,1.8386460333540138,False,0.08184454861150263,16
79.0,0.97630537,0.413953,1.8386460333540138,False,0.08184454861150263,16
103.0,0.98255765,0.418605,1.8386460333540138,False,0.08184454861150263,16
62.0,0.9654201,0.432558,1.8386460333540138,False,0.07911604727192423,16
109.0,0.98599464,0.35348799999999997,2.5289102420134486,False,0.0778624905757433,16
71.0,0.98568213,0.34883699999999995,2.5289102420134486,False,0.0778624905757433,16
135.0,0.9751172,0.483721,1.3928598433045325,False,0.03100379593199103,16
70.0,0.0,0.311628,1.776067583814481,False,0.02497076109885032,16
64.0,0.98032,0.30232600000000004,1.776067583814481,False,-0.0017637734127579525,16
121.0,0.0,0.311628,1.8386460333540138,False,-0.04233637782913259,16
104.0,0.9766959,0.30232600000000004,1.8386460333540138,False,-0.06907091234074086,16
91.0,0.9838128,0.325581,1.8386460333540138,False,-0.06907091234074086,16
120.0,0.9707462,0.297674,1.8386460333540138,False,-0.07179941368031927,16
293.0,0.0,0.134884,1.3928598433045325,False,-0.07745858429830284,16
69.0,0.0,0.13023300000000002,1.3928598433045325,False,-0.07745858429830284,16
128.0,0.0,0.139535,1.3928598433045325,False,-0.07745858429830284,16
296.0,0.0,0.2,1.3928598433045325,False,-0.07745858429830284,16
129.0,0.0,0.148837,1.3928598433045325,False,-0.07745858429830284,16
77.0,0.9513025,0.260465,1.776067583814481,False,-0.09917909170126901,16
101.0,0.95271415,0.265116,1.776067583814481,False,-0.09917909170126901,16
76.0,0.9493151,0.26976700000000003,1.776067583814481,False,-0.09917909170126901,16
107.0,0.93906844,0.26976700000000003,1.776067583814481,False,-0.10450243942655874,16
182.0,0.86486244,0.0,1.3928598433045325,False,-0.14053722042843736,16
265.0,0.87856233,0.0,1.3928598433045325,False,-0.14053722042843736,16
266.0,0.88045895,0.0,1.3928598433045325,False,-0.14053722042843736,16
277.0,0.85744,0.0,1.3928598433045325,False,-0.14053722042843736,16
287.0,0.87216204,0.0,1.3928598433045325,False,-0.14053722042843736,16
112.0,0.85789764,0.0,1.3928598433045325,False,-0.14053722042843736,16
248.0,0.0,0.037209,1.3928598433045325,False,-0.14053722042843736,16
142.0,0.0,0.037209,1.3928598433045325,False,-0.14053722042843736,16
108.0,0.0,0.046512000000000005,1.3928598433045325,False,-0.14053722042843736,16
185.0,0.0,0.046512000000000005,1.3928598433045325,False,-0.14053722042843736,16
58.0,0.0,0.032558,1.3928598433045325,False,-0.14053722042843736,16
149.0,0.85699344,0.0,1.3928598433045325,False,-0.14053722042843736,16
181.0,0.88071793,0.0,1.3928598433045325,False,-0.14053722042843736,16
175.0,0.9786384,0.0,1.3928598433045325,False,-0.1427097687522101,16
100.0,0.9759989,0.0,1.3928598433045325,False,-0.1427097687522101,16
82.0,0.9734318,0.0,1.3928598433045325,False,-0.1427097687522101,16
268.0,0.9782693,0.0,1.3928598433045325,False,-0.1427097687522101,16
47.0,0.97398025,0.0,1.3928598433045325,False,-0.1427097687522101,16
84.0,0.9691748,0.0,1.3928598433045325,False,-0.1454382700917885,16
288.0,0.96661466,0.0,1.3928598433045325,False,-0.1454382700917885,16
153.0,0.9706416,0.0,1.3928598433045325,False,-0.1454382700917885,16
289.0,0.9667299,0.0,1.3928598433045325,False,-0.1454382700917885,16
56.0,0.9603458,0.0,1.3928598433045325,False,-0.1454382700917885,16
230.0,0.9718922,0.0,1.3928598433045325,False,-0.1454382700917885,16
267.0,0.9730605,0.0,1.3928598433045325,False,-0.1454382700917885,16
98.0,0.97050226,0.0,1.3928598433045325,False,-0.1454382700917885,16
95.0,0.96428704,0.0,1.3928598433045325,False,-0.1454382700917885,16
273.0,0.95636857,0.0,1.3928598433045325,False,-0.1454382700917885,16
52.0,0.9907137,0.21395299999999998,1.8386460333540138,False,-0.1573445518598881,16
85.0,0.97433794,0.0,1.6954412140119048,False,-0.15780407008716307,16
83.0,0.971015,0.0,1.6954412140119048,False,-0.1605325714267415,16
299.0,0.9719918,0.0,1.6954412140119048,False,-0.1605325714267415,16
115.0,0.9714818,0.0,1.6954412140119048,False,-0.1605325714267415,16
96.0,0.9925796,0.0,1.8386460333540138,False,-0.16229256637453524,16
122.0,0.97049356,0.274419,1.8386460333540138,False,-0.16648623062925186,16
102.0,0.0,0.190698,1.8386460333540138,False,-0.16682806097593447,16
97.0,0.0,0.190698,1.8386460333540138,False,-0.16682806097593447,16
57.0,0.9915732,0.0,1.8386460333540138,False,-0.17543671919407125,16
49.0,0.98680425,0.195349,1.8386460333540138,False,-0.19356259548754282,16
65.0,0.0,0.195349,2.5289102420134486,False,-0.19881523898938924,16
264.0,0.90791637,0.0,1.8386460333540138,False,-0.23810081057587162,16
75.0,0.8994671,0.0,1.8386460333540138,False,-0.23810081057587162,16
132.0,0.9163984,0.0,1.8386460333540138,False,-0.23810081057587162,16
131.0,0.9019269,0.0,1.8386460333540138,False,-0.23810081057587162,16
51.0,0.95488155,0.0,1.8386460333540138,False,-0.24300186023922282,16
126.0,0.9227898,0.0,1.8386460333540138,False,-0.24479402909218434,16
80.0,0.9225857,0.0,1.8386460333540138,False,-0.24479402909218434,16
221.0,0.0,0.060465,2.1525574356355235,False,-0.24771788730586722,16
249.0,0.9858208,0.0,2.1525574356355235,False,-0.24989043562963995,16
228.0,0.98427,0.0,2.1525574356355235,False,-0.24989043562963995,16
162.0,0.9843169,0.0,2.1525574356355235,False,-0.24989043562963995,16
246.0,0.98383236,0.0,2.1525574356355235,False,-0.24989043562963995,16
68.0,0.93603015,0.0,1.8386460333540138,False,-0.27288719415234813,16
117.0,0.939178,0.0,1.8386460333540138,False,-0.27288719415234813,16
130.0,0.93113613,0.0,1.8386460333540138,False,-0.27288719415234813,16
67.0,0.9333892,0.0,1.8386460333540138,False,-0.27288719415234813,16
127.0,0.94749284,0.0,2.5289102420134486,False,-0.2810190412719403,16
89.0,0.9453753,0.0,2.5289102420134486,False,-0.2810190412719403,16
92.0,0.0,0.060465,2.530815529439434,False,-0.28919415203449717,16
106.0,1.0000002,1.0,2.1658250249314452,False,0.8079616988657915,408
67.0,0.99999994,1.0,2.0752166253263433,False,0.7091785449130074,408
58.0,0.9999998,1.0,2.1834867008455907,False,0.6230652885397705,408
68.0,0.9987775,0.790698,2.0752166253263433,False,0.5978998063809107,408
42.0,1.0000002,1.0,1.865268520174617,False,0.5654143780624082,408
43.0,1.0000001,1.0,1.865268520174617,False,0.5654143780624082,408
298.0,1.0,1.0,1.865268520174617,False,0.5654143780624082,408
40.0,0.99999994,1.0,1.865268520174617,False,0.5654143780624082,408
41.0,1.0000001,1.0,1.865268520174617,False,0.5654143780624082,408
21.0,1.0000002,1.0,1.347000888821493,False,0.5614560176035833,408
13.0,1.0000002,1.0,1.347000888821493,False,0.5614560176035833,408
14.0,1.0,1.0,1.347000888821493,False,0.5614560176035833,408
116.0,1.0000001,1.0,1.6954412140119048,False,0.5614560176035833,408
45.0,1.0000001,1.0,1.347000888821493,False,0.5614560176035833,408
18.0,1.0000001,1.0,1.347000888821493,False,0.5614560176035833,408
22.0,1.0000001,1.0,1.347000888821493,False,0.5614560176035833,408
24.0,1.0,1.0,1.347000888821493,False,0.5614560176035833,408
171.0,1.0000005,1.0,1.6954412140119048,False,0.5614560176035833,408
29.0,1.0000001,1.0,1.347000888821493,False,0.5614560176035833,408
274.0,1.0000001,1.0,1.6954412140119048,False,0.5614560176035833,408
2.0,1.0000005,1.0,1.347000888821493,False,0.5614560176035833,408
123.0,1.0,1.0,1.347000888821493,False,0.5614560176035833,408
38.0,1.0,1.0,1.347000888821493,False,0.5614560176035833,408
168.0,1.0000001,1.0,1.347000888821493,False,0.5614560176035833,408
1.0,1.0000004,1.0,2.025847667652856,False,0.5544879811888875,408
88.0,1.0,1.0,2.1042820576625,False,0.49696837131689964,408
39.0,0.9999998,1.0,1.865268520174617,False,0.45551802813499387,408
25.0,0.9999999,1.0,1.347000888821493,False,0.45155966767616895,408
46.0,0.9999999,1.0,1.347000888821493,False,0.45155966767616895,408
44.0,0.9999999,1.0,1.347000888821493,False,0.45155966767616895,408
23.0,0.9999999,1.0,1.347000888821493,False,0.45155966767616895,408
3.0,0.99999964,1.0,1.865268520174617,False,0.43146617760905803,408
19.0,0.9990314,0.9767440000000001,1.347000888821493,False,0.4275078171502332,408
193.0,0.99999964,1.0,1.347000888821493,False,0.4275078171502332,408
6.0,0.9985262,0.809302,2.025847667652856,False,0.4205397807355373,408
313.0,0.9945971,0.711628,1.865268520174617,False,0.41020396062404363,408
311.0,0.9953525,0.637209,1.865268520174617,False,0.41020396062404363,408
124.0,0.99999964,1.0,1.3179747443398497,False,0.4096557852212256,408
312.0,0.99435747,0.581395,1.865268520174617,False,0.38090901878962724,408
34.0,0.9944172,0.613953,1.865268520174617,False,0.38090901878962724,408
36.0,0.9939023,0.711628,1.865268520174617,False,0.36545005234339956,408
125.0,0.0,0.372093,2.1658250249314452,False,0.3601587456798277,408
87.0,0.9944171,0.637209,2.1042820576625,False,0.3417579538785349,408
10.0,0.9952851,0.967442,1.347000888821493,False,0.33650577334024157,408
310.0,0.9935137,0.665116,1.865268520174617,False,0.3304826633729997,408
142.0,0.0,0.390698,2.1834867008455907,False,0.31938085469297084,408
314.0,0.9930229,0.8046510000000001,1.347000888821493,False,0.25678447608919763,408
7.0,0.99127173,0.660465,2.025847667652856,False,0.2518857358459576,408
8.0,0.9912697,0.6418600000000001,2.025847667652856,False,0.2518857358459576,408
90.0,0.99549013,0.5023259999999999,2.1042820576625,False,0.2357156005018314,408
35.0,0.99064916,0.581395,1.865268520174617,False,0.2335171908850619,408
12.0,0.99168813,0.539535,2.025847667652856,False,0.23194761311334466,408
33.0,0.0,0.581395,1.865268520174617,False,0.22403368176901545,408
32.0,0.0,0.623256,1.865268520174617,False,0.22403368176901545,408
309.0,0.0,0.604651,1.347000888821493,False,0.22007532131019056,408
224.0,0.9913431,0.395349,1.347000888821493,False,0.20550597826705883,408
15.0,0.0,0.404651,1.347000888821493,False,0.19602246915101237,408
9.0,0.0,0.469767,1.347000888821493,False,0.14332790976790338,408
11.0,0.0,0.469767,1.347000888821493,False,0.14332790976790338,408
28.0,0.0,0.46511600000000003,1.347000888821493,False,0.14332790976790338,408
135.0,0.9751172,0.483721,1.347000888821493,False,0.11659337525629511,408
16.0,0.95704293,0.483721,1.347000888821493,False,0.11386487391671671,408
86.0,0.9836583,0.5162789999999999,2.1042820576625,False,0.05210572896961135,408
70.0,0.0,0.311628,1.3179747443398497,False,-0.026442296708191416,408
71.0,0.0,0.325581,1.3179747443398497,False,-0.026442296708191416,408
109.0,0.0,0.32093000000000005,1.3179747443398497,False,-0.026442296708191416,408
64.0,0.98032,0.30232600000000004,1.3179747443398497,False,-0.0531768312197997,408
285.0,0.9677081,0.26976700000000003,1.6954412140119048,False,-0.09221105528657315,408
100.0,0.0,0.15814,1.6954412140119048,False,-0.09255288563325577,408
80.0,0.91688174,0.11627900000000001,1.6954412140119048,False,-0.09255288563325577,408
177.0,0.0,0.139535,1.6954412140119048,False,-0.09255288563325577,408
27.0,0.0,0.134884,1.347000888821493,False,-0.09255288563325577,408
69.0,0.0,0.13023300000000002,1.347000888821493,False,-0.09255288563325577,408
128.0,0.0,0.139535,1.347000888821493,False,-0.09255288563325577,408
129.0,0.0,0.148837,1.347000888821493,False,-0.09255288563325577,408
20.0,0.0,0.15814,1.347000888821493,False,-0.09255288563325577,408
296.0,0.0,0.2,1.347000888821493,False,-0.09255288563325577,408
293.0,0.0,0.134884,1.347000888821493,False,-0.09255288563325577,408
30.0,0.0,0.162791,1.347000888821493,False,-0.09255288563325577,408
31.0,0.0,0.16744199999999998,1.347000888821493,False,-0.09255288563325577,408
65.0,0.0,0.102326,1.6954412140119048,False,-0.11340116450487596,408
127.0,0.0,0.10697699999999999,1.6954412140119048,False,-0.11340116450487596,408
81.0,0.0,0.102326,1.6954412140119048,False,-0.11340116450487596,408
101.0,0.0,0.10697699999999999,1.6954412140119048,False,-0.11340116450487596,408
66.0,0.936961,0.288372,1.3179747443398497,False,-0.1339536784849937,408
26.0,0.9904927,0.0,2.025847667652856,False,-0.14909547526688563,408
248.0,0.0,0.037209,1.347000888821493,False,-0.1556315217633903,408
60.0,0.0,0.037209,1.347000888821493,False,-0.1556315217633903,408
132.0,0.88582426,0.0,1.6954412140119048,False,-0.1556315217633903,408
130.0,0.9040585,0.0,1.6954412140119048,False,-0.1556315217633903,408
115.0,0.0,0.04186,1.6954412140119048,False,-0.1556315217633903,408
114.0,0.0,0.037209,1.6954412140119048,False,-0.1556315217633903,408
110.0,0.8834345,0.0,1.6954412140119048,False,-0.1556315217633903,408
117.0,0.9024647,0.0,1.6954412140119048,False,-0.1556315217633903,408
91.0,0.0,0.032558,1.347000888821493,False,-0.1556315217633903,408
181.0,0.88071793,0.0,1.347000888821493,False,-0.1556315217633903,408
182.0,0.86486244,0.0,1.347000888821493,False,-0.1556315217633903,408
265.0,0.87856233,0.0,1.347000888821493,False,-0.1556315217633903,408
266.0,0.88045895,0.0,1.347000888821493,False,-0.1556315217633903,408
277.0,0.85744,0.0,1.347000888821493,False,-0.1556315217633903,408
287.0,0.87216204,0.0,1.347000888821493,False,-0.1556315217633903,408
111.0,0.8699353,0.0,1.6954412140119048,False,-0.1556315217633903,408
61.0,0.0,0.051163,1.347000888821493,False,-0.1556315217633903,408
149.0,0.85699344,0.0,1.347000888821493,False,-0.1556315217633903,408
112.0,0.85789764,0.0,1.347000888821493,False,-0.1556315217633903,408
185.0,0.0,0.046512000000000005,1.347000888821493,False,-0.1556315217633903,408
108.0,0.0,0.046512000000000005,1.347000888821493,False,-0.1556315217633903,408
262.0,0.0,0.04186,1.6954412140119048,False,-0.1556315217633903,408
246.0,0.0,0.055814,1.6954412140119048,False,-0.1556315217633903,408
77.0,0.9513025,0.260465,1.3179747443398497,False,-0.1564947267292264,408
76.0,0.9493151,0.26976700000000003,1.3179747443398497,False,-0.1564947267292264,408
291.0,0.97518677,0.0,1.6954412140119048,False,-0.15780407008716307,408
47.0,0.97951955,0.0,1.347000888821493,False,-0.15780407008716307,408
268.0,0.9782693,0.0,1.347000888821493,False,-0.15780407008716307,408
72.0,0.9740269,0.0,1.347000888821493,False,-0.15780407008716307,408
175.0,0.9786384,0.0,1.347000888821493,False,-0.15780407008716307,408
95.0,0.9744293,0.0,1.6954412140119048,False,-0.15780407008716307,408
105.0,0.9753271,0.0,1.347000888821493,True,-0.15780407008716307,408
82.0,0.9734318,0.0,1.347000888821493,False,-0.15780407008716307,408
273.0,0.96881664,0.0,1.6954412140119048,False,-0.1605325714267415,408
221.0,0.97003806,0.0,1.6954412140119048,False,-0.1605325714267415,408
289.0,0.96983236,0.0,1.6954412140119048,False,-0.1605325714267415,408
96.0,0.96577084,0.0,1.6954412140119048,False,-0.1605325714267415,408
153.0,0.97236115,0.0,1.347000888821493,False,-0.1605325714267415,408
120.0,0.96957326,0.0,1.347000888821493,False,-0.1605325714267415,408
98.0,0.97050226,0.0,1.347000888821493,False,-0.1605325714267415,408
206.0,0.96910363,0.0,1.6954412140119048,False,-0.1605325714267415,408
200.0,0.96828747,0.0,1.6954412140119048,False,-0.1605325714267415,408
217.0,0.96543884,0.0,1.6954412140119048,False,-0.1605325714267415,408
258.0,0.9660746,0.0,1.6954412140119048,False,-0.1605325714267415,408
180.0,0.9655926,0.0,1.6954412140119048,False,-0.1605325714267415,408
176.0,0.9674438,0.0,1.6954412140119048,False,-0.1605325714267415,408
197.0,0.97245276,0.0,1.347000888821493,False,-0.1605325714267415,408
288.0,0.9720267,0.0,1.6954412140119048,False,-0.1605325714267415,408
56.0,0.9603458,0.0,1.347000888821493,False,-0.1605325714267415,408
267.0,0.9730605,0.0,1.347000888821493,False,-0.1605325714267415,408
230.0,0.9718922,0.0,1.347000888821493,False,-0.1605325714267415,408
84.0,0.9691748,0.0,1.347000888821493,False,-0.1605325714267415,408
37.0,0.9570348,0.0,1.347000888821493,False,-0.1605325714267415,408
107.0,0.93906844,0.26976700000000003,1.3179747443398497,False,-0.16181807445451615,408
126.0,0.9245833,0.0,1.6954412140119048,False,-0.162324740279703,408
119.0,0.9696733,0.15814,2.1658250249314452,False,-0.16709352490160614,408
118.0,0.97049177,0.16744199999999998,2.1658250249314452,False,-0.16709352490160614,408
17.0,0.0,0.08837199999999999,2.1658250249314452,False,-0.17828262190680694,408
57.0,0.9844141,0.255814,2.1834867008455907,False,-0.22076697426981734,408
97.0,0.0,0.237209,2.1834867008455907,False,-0.22383730595607843,408
102.0,0.9465011,0.0,1.3179747443398497,False,-0.22481624286939478,408
75.0,0.0,0.2,2.0752166253263433,False,-0.22495093758900236,408
74.0,0.0,0.209302,2.0752166253263433,False,-0.22495093758900236,408
121.0,0.0,0.060465,2.1042820576625,False,-0.24219510875651057,408
92.0,0.0,0.060465,2.1042820576625,False,-0.24219510875651057,408
85.0,0.97221744,0.0,2.1042820576625,False,-0.2470961584198617,408
83.0,0.9709768,0.0,2.1042820576625,False,-0.2470961584198617,408
50.0,0.989956,0.0,2.1834867008455907,False,-0.2734118591750125,408
53.0,0.98937696,0.237209,2.1834867008455907,False,-0.2951976899570642,408
52.0,0.98900616,0.0,2.1834867008455907,False,-0.3337143398993633,408
197.0,1.0000002,1.0,1.934018031397908,False,0.7756398833433958,1
196.0,1.0000001,1.0,1.934018031397908,False,0.7756398833433958,1
45.0,1.0000001,1.0,1.950622305067128,False,0.7557288520729435,1
29.0,1.0000001,1.0,1.950622305067128,False,0.7557288520729435,1
38.0,1.0,1.0,1.950622305067128,False,0.7557288520729435,1
41.0,1.0000001,1.0,1.950622305067128,False,0.7557288520729435,1
22.0,1.0000001,1.0,1.950622305067128,False,0.7557288520729435,1
24.0,1.0,1.0,1.950622305067128,False,0.7557288520729435,1
168.0,1.0000001,1.0,1.950622305067128,False,0.7557288520729435,1
123.0,1.0,1.0,1.950622305067128,False,0.7557288520729435,1
2.0,1.0000005,1.0,1.950622305067128,False,0.7557288520729435,1
21.0,1.0000002,1.0,1.950622305067128,False,0.7557288520729435,1
18.0,1.0000001,1.0,1.950622305067128,False,0.7557288520729435,1
14.0,1.0,1.0,1.950622305067128,False,0.7557288520729435,1
13.0,1.0000002,1.0,1.950622305067128,False,0.7557288520729435,1
44.0,0.9999999,1.0,1.950622305067128,False,0.6458325021455293,1
25.0,0.9999999,1.0,1.950622305067128,False,0.6458325021455293,1
23.0,0.9999999,1.0,1.950622305067128,False,0.6458325021455293,1
46.0,0.9999999,1.0,1.950622305067128,False,0.6458325021455293,1
72.0,0.99999976,1.0,1.934018031397908,False,0.6416916828900457,1
19.0,0.9999997,1.0,1.950622305067128,False,0.6217806516195934,1
193.0,0.99999964,1.0,1.950622305067128,False,0.6217806516195934,1
39.0,0.9949986,0.646512,1.950622305067128,False,0.6005184346345789,1
64.0,1.0000001,1.0,1.269857168977523,False,0.5803079284513358,1
65.0,1.0000002,1.0,1.2753236536065078,False,0.5573327100147883,1
105.0,1.0000002,1.0,2.025847667652856,False,0.5544879811888875,1
116.0,1.0000001,1.0,1.6944859982697436,False,0.5517443162597581,1
274.0,1.0000001,1.0,1.6944859982697436,False,0.5517443162597581,1
171.0,1.0000005,1.0,1.6944859982697436,False,0.5517443162597581,1
34.0,0.9954854,0.7860469999999999,1.950622305067128,False,0.5307786078096018,1
10.0,0.9952851,0.967442,1.950622305067128,False,0.5307786078096018,1
40.0,0.9937335,0.581395,1.950622305067128,False,0.5254668709246747,1
67.0,0.99999994,1.0,1.8453422919561548,False,0.5233780351567427,1
312.0,0.9934268,0.67907,1.950622305067128,False,0.49744239738988727,1
310.0,0.9935137,0.665116,1.950622305067128,False,0.49744239738988727,1
311.0,0.9930445,0.734884,1.950622305067128,False,0.49744239738988727,1
43.0,1.0000001,1.0,1.640535553077631,False,0.4945839350662502,1
298.0,1.0,1.0,1.640535553077631,False,0.4945839350662502,1
42.0,1.0000002,1.0,1.640535553077631,False,0.4945839350662502,1
313.0,0.9921954,0.6697669999999999,1.950622305067128,False,0.4573863265235115,1
314.0,0.9930229,0.8046510000000001,1.950622305067128,False,0.4277025705649101,1
124.0,0.99999964,1.0,1.1246781530823233,False,0.42639418551730923,1
68.0,0.9987775,0.790698,1.8453422919561548,False,0.38942983470339243,1
3.0,0.99999964,1.0,1.640535553077631,False,0.38330519653415335,1
35.0,0.99064916,0.581395,1.950622305067128,False,0.36522792200782334,1
309.0,0.0,0.604651,1.950622305067128,False,0.35574441289177683,1
224.0,0.9913431,0.395349,1.950622305067128,False,0.34117506984864515,1
8.0,0.0,0.409302,1.950622305067128,False,0.33169156073259876,1
15.0,0.0,0.404651,1.950622305067128,False,0.33169156073259876,1
6.0,0.0,0.534884,1.950622305067128,False,0.32333848309612595,1
36.0,0.9939023,0.711628,1.640535553077631,False,0.3172890712684949,1
7.0,0.99141,0.497674,1.950622305067128,False,0.31478103097987076,1
28.0,0.0,0.46511600000000003,1.950622305067128,False,0.27899700134948974,1
1.0,0.0,0.432558,1.950622305067128,True,0.27899700134948974,1
11.0,0.0,0.469767,1.950622305067128,False,0.27899700134948974,1
9.0,0.0,0.469767,1.950622305067128,False,0.27899700134948974,1
135.0,0.9751172,0.483721,1.950622305067128,False,0.2522624668378815,1
16.0,0.95704293,0.483721,1.950622305067128,False,0.24953396549830306,1
75.0,0.0,0.395349,1.269857168977523,False,0.19010600455830243,1
33.0,0.0,0.581395,1.640535553077631,False,0.18532649466539813,1
32.0,0.0,0.623256,1.640535553077631,False,0.18532649466539813,1
74.0,0.0,0.35814,1.269857168977523,False,0.15951398793197322,1
118.0,0.9866842,0.48837200000000003,2.025847667652856,False,0.10962533884159925,1
119.0,0.9857335,0.483721,2.025847667652856,False,0.10962533884159925,1
71.0,0.0,0.325581,1.1246781530823233,False,0.03082516588062222,1
70.0,0.0,0.311628,1.1246781530823233,False,0.03082516588062222,1
109.0,0.0,0.32093000000000005,1.1246781530823233,False,0.03082516588062222,1
66.0,0.936961,0.288372,1.1246781530823233,False,-0.07078363867526438,1
76.0,0.0,0.2,1.8453422919561548,False,-0.07240858927293156,1
107.0,0.0,0.209302,1.8453422919561548,False,-0.07240858927293156,1
101.0,0.0,0.274419,1.2753236536065078,False,-0.0889472677306179,1
77.0,0.9513025,0.260465,1.1246781530823233,False,-0.09332468691949712,1
125.0,0.0,0.12093,2.025847667652856,False,-0.09952092204795163,1
130.0,0.9628763,0.190698,1.8453422919561548,False,-0.10187162512411826,1
106.0,0.97797346,0.162791,2.025847667652856,False,-0.12625545655955991,1
26.0,0.0,0.08837199999999999,2.025847667652856,False,-0.13197894143453645,1
27.0,0.0,0.08837199999999999,2.025847667652856,False,-0.13197894143453645,1
12.0,0.0,0.08372099999999999,2.025847667652856,False,-0.13197894143453645,1
117.0,0.0,0.23255800000000001,1.269857168977523,False,-0.13799569892385205,1
132.0,0.9574528,0.0,1.8453422919561548,False,-0.14038827506641727,1
111.0,0.9477696,0.0,1.8453422919561548,False,-0.14038827506641727,1
126.0,0.92592156,0.0,1.8453422919561548,False,-0.14218044391937879,1
80.0,0.92813206,0.0,1.8453422919561548,False,-0.14218044391937879,1
85.0,0.97433794,0.0,2.025847667652856,False,-0.16477210650185892,1
98.0,0.9769863,0.0,2.025847667652856,False,-0.16477210650185892,1
299.0,0.9719918,0.0,2.025847667652856,False,-0.16750060784143733,1
83.0,0.971015,0.0,2.025847667652856,False,-0.16750060784143733,1
115.0,0.9714818,0.0,2.025847667652856,False,-0.16750060784143733,1
102.0,0.9465011,0.0,1.1246781530823233,False,-0.16984031652946802,1
293.0,0.9514594,0.0,1.1246781530823233,False,-0.16984031652946802,1
110.0,0.9333892,0.0,1.8453422919561548,False,-0.17027360897954252,1
189.0,0.98414695,0.265116,1.934018031397908,False,-0.18163994614397777,1
89.0,0.96780396,0.0,1.2753236536065078,False,-0.19492593319177548,1
127.0,0.9560741,0.0,1.2753236536065078,False,-0.19492593319177548,1
129.0,0.9315889,0.0,1.1246781530823233,False,-0.19972565044259327,1
285.0,0.9677081,0.26976700000000003,1.6944859982697436,False,-0.20272161647565812,1
100.0,0.0,0.15814,1.6944859982697436,False,-0.2030634468223408,1
177.0,0.0,0.139535,1.6944859982697436,False,-0.2030634468223408,1
128.0,0.0,0.139535,1.950622305067128,False,-0.2115265999164505,1
69.0,0.0,0.13023300000000002,1.950622305067128,False,-0.2115265999164505,1
20.0,0.0,0.15814,1.950622305067128,False,-0.2115265999164505,1
30.0,0.0,0.162791,1.950622305067128,False,-0.2115265999164505,1
31.0,0.0,0.16744199999999998,1.950622305067128,False,-0.2115265999164505,1
296.0,0.0,0.2,1.950622305067128,False,-0.2115265999164505,1
81.0,0.0,0.102326,1.6944859982697436,False,-0.223911725693961,1
153.0,0.98697186,0.0,1.640535553077631,False,-0.2402733588996444,1
221.0,0.0,0.060465,1.492999533079647,False,-0.2408290532141803,1
248.0,0.0,0.032558,1.492999533079647,False,-0.2408290532141803,1
175.0,0.98059714,0.0,1.492999533079647,False,-0.24300160153795308,1
162.0,0.9843169,0.0,1.492999533079647,False,-0.24300160153795308,1
90.0,0.97967637,0.0,1.492999533079647,False,-0.24300160153795308,1
249.0,0.9858208,0.0,1.492999533079647,False,-0.24300160153795308,1
267.0,0.986359,0.0,1.492999533079647,False,-0.24300160153795308,1
246.0,0.98383236,0.0,1.492999533079647,False,-0.24300160153795308,1
228.0,0.98427,0.0,1.492999533079647,False,-0.24300160153795308,1
88.0,0.979773,0.0,1.492999533079647,False,-0.24300160153795308,1
144.0,0.0,0.032558,1.934018031397908,False,-0.24778891396037336,1
262.0,0.9792924,0.0,1.934018031397908,False,-0.2499614622841461,1
160.0,0.94869125,0.0,1.934018031397908,False,-0.25268996362372453,1
202.0,0.96577466,0.0,1.934018031397908,False,-0.25268996362372453,1
198.0,0.953485,0.0,1.934018031397908,False,-0.25268996362372453,1
300.0,0.94835496,0.0,1.934018031397908,False,-0.25268996362372453,1
210.0,0.9504868,0.0,1.934018031397908,False,-0.25268996362372453,1
217.0,0.9504174,0.0,1.934018031397908,False,-0.25268996362372453,1
165.0,0.95441246,0.0,1.934018031397908,False,-0.25268996362372453,1
184.0,0.95013744,0.0,1.934018031397908,False,-0.25268996362372453,1
114.0,0.0,0.037209,1.6944859982697436,False,-0.27433619642227797,1
58.0,0.0,0.032558,1.950622305067128,False,-0.2746052360465851,1
61.0,0.0,0.051163,1.950622305067128,False,-0.2746052360465851,1
112.0,0.85789764,0.0,1.950622305067128,False,-0.2746052360465851,1
142.0,0.0,0.037209,1.950622305067128,False,-0.2746052360465851,1
185.0,0.0,0.046512000000000005,1.950622305067128,False,-0.2746052360465851,1
60.0,0.0,0.037209,1.950622305067128,False,-0.2746052360465851,1
277.0,0.85744,0.0,1.950622305067128,False,-0.2746052360465851,1
287.0,0.87216204,0.0,1.950622305067128,False,-0.2746052360465851,1
181.0,0.88071793,0.0,1.950622305067128,False,-0.2746052360465851,1
266.0,0.88045895,0.0,1.950622305067128,False,-0.2746052360465851,1
91.0,0.0,0.032558,1.950622305067128,False,-0.2746052360465851,1
149.0,0.85699344,0.0,1.950622305067128,False,-0.2746052360465851,1
108.0,0.0,0.046512000000000005,1.950622305067128,False,-0.2746052360465851,1
265.0,0.87856233,0.0,1.950622305067128,False,-0.2746052360465851,1
182.0,0.86486244,0.0,1.950622305067128,False,-0.2746052360465851,1
95.0,0.9744293,0.0,1.6944859982697436,False,-0.27650874474605075,1
291.0,0.97518677,0.0,1.6944859982697436,False,-0.27650874474605075,1
82.0,0.9734318,0.0,1.950622305067128,False,-0.2767777843703579,1
268.0,0.9782693,0.0,1.950622305067128,False,-0.2767777843703579,1
47.0,0.97951955,0.0,1.950622305067128,False,-0.2767777843703579,1
273.0,0.96881664,0.0,1.6944859982697436,False,-0.27923724608562916,1
176.0,0.9674438,0.0,1.6944859982697436,False,-0.27923724608562916,1
180.0,0.9655926,0.0,1.6944859982697436,False,-0.27923724608562916,1
288.0,0.9720267,0.0,1.6944859982697436,False,-0.27923724608562916,1
200.0,0.96828747,0.0,1.6944859982697436,False,-0.27923724608562916,1
289.0,0.96983236,0.0,1.6944859982697436,False,-0.27923724608562916,1
96.0,0.96577084,0.0,1.6944859982697436,False,-0.27923724608562916,1
206.0,0.96910363,0.0,1.6944859982697436,False,-0.27923724608562916,1
258.0,0.9660746,0.0,1.6944859982697436,False,-0.27923724608562916,1
84.0,0.9691748,0.0,1.950622305067128,False,-0.2795062857099363,1
37.0,0.9570348,0.0,1.950622305067128,False,-0.2795062857099363,1
56.0,0.9603458,0.0,1.950622305067128,False,-0.2795062857099363,1
230.0,0.9718922,0.0,1.950622305067128,False,-0.2795062857099363,1
87.0,0.9703828,0.0,1.950622305067128,False,-0.2795062857099363,1
120.0,0.96957326,0.0,1.950622305067128,False,-0.2795062857099363,1
97.0,1.0,1.0,1.8631021687811284,False,0.7694575764131562,20
20.0,1.0000002,1.0,1.7113664303485463,False,0.7690210967180162,20
22.0,1.0000001,1.0,1.7113664303485463,False,0.7690210967180162,20
21.0,1.0000002,1.0,1.7113664303485463,False,0.7690210967180162,20
27.0,1.0000002,1.0,1.7113664303485463,False,0.7690210967180162,20
11.0,1.0,1.0,1.7113664303485463,False,0.7690210967180162,20
87.0,1.0000001,1.0,1.7113664303485463,False,0.7690210967180162,20
55.0,1.0000002,1.0,1.7113664303485463,False,0.7690210967180162,20
31.0,1.0000001,1.0,1.7113664303485463,False,0.7690210967180162,20
33.0,1.0,1.0,1.7113664303485463,False,0.7690210967180162,20
34.0,1.0000002,1.0,1.7113664303485463,False,0.7690210967180162,20
38.0,1.0,1.0,1.7113664303485463,False,0.7690210967180162,20
18.0,1.0000001,1.0,1.7113664303485463,False,0.7690210967180162,20
17.0,1.0,1.0,1.7113664303485463,False,0.7690210967180162,20
1.0,1.0000004,1.0,1.7113664303485463,False,0.7690210967180162,20
30.0,1.0000002,1.0,1.7113664303485463,False,0.7690210967180162,20
28.0,1.0,1.0,1.7113664303485463,False,0.7690210967180162,20
50.0,1.0000002,1.0,1.7113664303485463,False,0.7690210967180162,20
2.0,1.0000005,1.0,1.7113664303485463,False,0.7690210967180162,20
29.0,1.0000001,1.0,1.7113664303485463,False,0.7690210967180162,20
110.0,1.0000002,1.0,1.7113664303485463,False,0.7690210967180162,20
123.0,1.0,1.0,1.7113664303485463,True,0.7690210967180162,20
66.0,1.0,1.0,2.15394096953168,False,0.7557288520729435,20
53.0,0.99943006,0.7767440000000001,1.7113664303485463,False,0.6743523183975397,20
73.0,0.9999999,1.0,1.7113664303485463,False,0.6591247467906021,20
26.0,0.9999999,1.0,1.7113664303485463,False,0.6591247467906021,20
7.0,0.9999999,1.0,1.7113664303485463,False,0.6591247467906021,20
10.0,0.9999999,1.0,1.7113664303485463,False,0.6591247467906021,20
12.0,0.9999998,1.0,1.7113664303485463,False,0.6591247467906021,20
96.0,0.99999964,1.0,1.8631021687811284,False,0.6355093759598062,20
6.0,0.99999976,1.0,1.7113664303485463,False,0.6350728962646661,20
32.0,0.99999964,1.0,1.7113664303485463,False,0.6350728962646661,20
15.0,0.99999976,1.0,1.7113664303485463,False,0.6350728962646661,20
8.0,0.99999976,1.0,1.7113664303485463,False,0.6350728962646661,20
16.0,0.99999976,1.0,1.7113664303485463,False,0.6350728962646661,20
88.0,0.9944171,0.637209,1.7113664303485463,False,0.6138106792796516,20
57.0,0.9971581,0.67907,1.8631021687811284,False,0.5931553700162508,20
39.0,0.9944172,0.613953,1.7113664303485463,False,0.5835130238503916,20
298.0,1.0,1.0,2.0827509142581144,True,0.5715941286016964,20
43.0,1.0000001,1.0,2.0827509142581144,False,0.5715941286016964,20
40.0,0.99999994,1.0,2.0827509142581144,False,0.5715941286016964,20
42.0,1.0000002,1.0,2.0827509142581144,False,0.5715941286016964,20
41.0,1.0000001,1.0,2.0827509142581144,False,0.5715941286016964,20
299.0,1.0,1.0,1.5356680331472403,False,0.5497574051470987,20
307.0,1.0000002,1.0,1.5356680331472403,False,0.5497574051470987,20
302.0,1.0,1.0,1.5356680331472403,False,0.5497574051470987,20
19.0,0.9952851,0.967442,1.7113664303485463,False,0.5440708524546745,20
65.0,1.0000002,1.0,1.4185692199708888,False,0.5436039856745758,20
64.0,1.0000001,1.0,1.4185692199708888,False,0.5436039856745758,20
23.0,0.99614966,0.9953489999999999,1.7113664303485463,False,0.5229790634961337,20
13.0,0.9968128,0.846512,1.7113664303485463,False,0.5229790634961337,20
58.0,0.9999998,1.0,0.8603324820483542,False,0.5217425248281068,20
304.0,0.9984892,0.7209300000000001,1.5356680331472403,False,0.4916771042884603,20
36.0,0.9929569,0.55814,1.7113664303485463,False,0.470398838240603,20
117.0,0.9999998,1.0,1.622878045888291,False,0.45551802813499387,20
314.0,0.9930229,0.8046510000000001,1.7113664303485463,False,0.44099481520998296,20
177.0,0.9999999,1.0,1.0468587546417423,False,0.4406756721618572,20
3.0,0.99999964,1.0,2.0827509142581144,False,0.43764592814834624,20
306.0,0.9958091,0.6976739999999999,1.5356680331472403,False,0.4311354651705723,20
300.0,0.9954728,0.739535,1.5356680331472403,False,0.4311354651705723,20
308.0,0.99456406,0.7488370000000001,1.5356680331472403,False,0.4311354651705723,20
313.0,0.9945971,0.711628,2.0827509142581144,False,0.41638371116333184,20
311.0,0.9953525,0.637209,2.0827509142581144,True,0.41638371116333184,20
301.0,0.99713767,0.6976739999999999,1.5356680331472403,False,0.41004367621203147,20
312.0,0.99137104,0.627907,1.7113664303485463,False,0.4088178220821562,20
310.0,0.99067235,0.637209,1.7113664303485463,False,0.4088178220821562,20
111.0,0.9876363,0.734884,1.7113664303485463,False,0.37259977845450154,20
309.0,0.0,0.5906980000000001,1.7113664303485463,False,0.36903665753684967,20
35.0,0.0,0.567442,1.7113664303485463,False,0.36903665753684967,20
90.0,0.99178386,0.497674,1.7113664303485463,False,0.3636335041970369,20
61.0,0.991111,0.372093,1.7113664303485463,False,0.3544673144937179,20
24.0,0.0,0.390698,1.7113664303485463,False,0.3449838053776715,20
25.0,0.0,0.367442,1.7113664303485463,False,0.3449838053776715,20
37.0,0.0,0.390698,1.7113664303485463,False,0.3449838053776715,20
295.0,0.0,0.38604700000000003,1.7113664303485463,False,0.3449838053776715,20
9.0,0.0,0.409302,1.7113664303485463,False,0.3449838053776715,20
14.0,0.0,0.916279,1.7113664303485463,False,0.32959448614113257,20
305.0,0.99233466,0.706977,1.5356680331472403,False,0.32550638616346145,20
78.0,0.97539556,0.404651,1.7113664303485463,False,0.31824927086606325,20
60.0,0.99139106,0.362791,1.7113664303485463,False,0.3064738948421462,20
81.0,0.0,0.35814,1.7113664303485463,False,0.27461635628451003,20
103.0,0.98255765,0.418605,1.7113664303485463,False,0.26555471148295423,20
79.0,0.97630537,0.413953,1.7113664303485463,False,0.26555471148295423,20
86.0,0.97673255,0.49302300000000004,1.7113664303485463,False,0.26555471148295423,20
62.0,0.9654201,0.432558,1.7113664303485463,False,0.26282621014337587,20
303.0,0.99327904,0.47906999999999994,1.5356680331472403,False,0.24436910094798098,20
109.0,0.98599464,0.35348799999999997,2.15394096953168,False,0.23458957712782907,20
71.0,0.98568213,0.34883699999999995,2.15394096953168,False,0.23458957712782907,20
142.0,0.0,0.390698,0.8603324820483542,False,0.2225666789656347,20
75.0,0.0,0.395349,1.4185692199708888,False,0.1771677236271611,20
74.0,0.0,0.35814,1.4185692199708888,False,0.14657570700083186,20
70.0,0.98751307,0.33488399999999996,2.15394096953168,True,-0.003720968277138508,20
67.0,0.0,0.32093000000000005,1.4185692199708888,False,-0.026442296708191416,20
68.0,0.0,0.306977,1.4185692199708888,False,-0.026442296708191416,20
121.0,0.0,0.311628,1.7113664303485463,False,-0.03478231458718012,20
124.0,0.98032,0.30232600000000004,1.4185692199708888,False,-0.0531768312197997,20
91.0,0.9838128,0.325581,1.7113664303485463,False,-0.061516849098788406,20
104.0,0.9766959,0.30232600000000004,1.7113664303485463,False,-0.061516849098788406,20
120.0,0.9707462,0.297674,1.7113664303485463,False,-0.06424535043836681,20
101.0,0.0,0.204651,1.622878045888291,False,-0.11067046588086739,20
89.0,0.0,0.18139500000000003,1.622878045888291,False,-0.11067046588086739,20
76.0,0.0,0.172093,1.622878045888291,False,-0.11067046588086739,20
108.0,0.9905019,0.227907,0.8603324820483542,False,-0.11081304645622585,20
171.0,0.0,0.139535,1.0468587546417423,False,-0.14986852066121323,20
107.0,0.0,0.209302,1.4185692199708888,True,-0.15683655707590907,20
63.0,0.0,0.172093,1.8631021687811284,False,-0.17344217676902868,20
95.0,0.0,0.23255800000000001,1.8631021687811284,False,-0.17344217676902868,20
131.0,0.9075724,0.0,1.622878045888291,False,-0.1737491020110019,20
130.0,0.9446459,0.0,1.622878045888291,True,-0.1786501516743531,20
126.0,0.9283889,0.0,1.622878045888291,False,-0.18044232052731463,20
132.0,0.9284053,0.0,1.622878045888291,False,-0.18044232052731463,20
102.0,0.0,0.190698,1.9352790287269426,False,-0.18051689453457478,20
77.0,0.0,0.18604700000000002,1.9352790287269426,False,-0.18051689453457478,20
52.0,0.9907137,0.21395299999999998,1.7113664303485463,False,-0.1828482689344156,20
122.0,0.97049356,0.274419,1.7113664303485463,False,-0.19198994770377942,20
114.0,0.98327684,0.0,1.0468587546417423,False,-0.21511970511512046,20
160.0,0.9748241,0.0,1.0468587546417423,False,-0.21511970511512046,20
115.0,0.98375446,0.0,1.0468587546417423,False,-0.21511970511512046,20
198.0,0.9826759,0.0,1.0468587546417423,False,-0.21511970511512046,20
289.0,0.9706521,0.0,1.0468587546417423,False,-0.21784820645469888,20
288.0,0.9688928,0.0,1.0468587546417423,False,-0.21784820645469888,20
212.0,0.9675025,0.0,1.0468587546417423,False,-0.21784820645469888,20
207.0,0.97249603,0.0,1.0468587546417423,False,-0.21784820645469888,20
269.0,0.9730542,0.0,1.0468587546417423,False,-0.21784820645469888,20
49.0,0.98680425,0.195349,1.7113664303485463,False,-0.21906631256207026,20
127.0,0.9560741,0.0,1.4185692199708888,False,-0.22481624286939478,20
51.0,0.9831506,0.0,1.5356680331472403,False,-0.23616808175307566,20
59.0,0.9809357,0.0,1.5356680331472403,False,-0.23616808175307566,20
141.0,0.96193403,0.0,1.8631021687811284,False,-0.24961597603231697,20
125.0,0.9608599,0.0,1.8631021687811284,False,-0.24961597603231697,20
279.0,0.9711032,0.0,1.8631021687811284,False,-0.24961597603231697,20
275.0,0.9605508,0.0,1.8631021687811284,False,-0.24961597603231697,20
261.0,0.9574933,0.0,1.8631021687811284,False,-0.24961597603231697,20
5.0,0.9555752,0.0,1.8631021687811284,False,-0.24961597603231697,20
187.0,0.9554015,0.0,1.8631021687811284,False,-0.24961597603231697,20
147.0,0.9567311,0.0,1.8631021687811284,False,-0.24961597603231697,20
257.0,0.96054256,0.0,1.8631021687811284,False,-0.24961597603231697,20
80.0,0.9225857,0.0,1.9352790287269426,False,-0.2502887491810221,20
129.0,0.93694437,0.0,1.4185692199708888,False,-0.2547015767825201,20
293.0,0.9375015,0.0,1.4185692199708888,False,-0.2547015767825201,20
264.0,0.90791637,0.0,1.7113664303485463,False,-0.2554104141805966,20
112.0,0.9011507,0.0,1.7113664303485463,False,-0.2554104141805966,20
45.0,0.0,0.04186,1.7113664303485463,False,-0.2554104141805966,20
153.0,0.98697186,0.0,2.0827509142581144,False,-0.2568224129812318,20
72.0,0.9749367,0.0,1.7113664303485463,False,-0.2575829625043694,20
84.0,0.97826725,0.046512000000000005,1.7113664303485463,False,-0.2575829625043694,20
82.0,0.9734318,0.0,1.7113664303485463,False,-0.2575829625043694,20
83.0,0.9569039,0.0,1.7113664303485463,False,-0.2603114638439478,20
98.0,0.9552769,0.0,1.7113664303485463,False,-0.2603114638439478,20
46.0,0.9703828,0.0,1.7113664303485463,False,-0.2603114638439478,20
105.0,0.96280354,0.0,1.7113664303485463,False,-0.2603114638439478,20
197.0,0.9726115,0.0,1.7113664303485463,False,-0.2603114638439478,20
193.0,0.970551,0.0,1.7113664303485463,False,-0.2603114638439478,20
175.0,0.9708544,0.0,1.7113664303485463,False,-0.2603114638439478,20
81.0,1.0000002,1.0,4.224698042449723,False,0.7357369064756046,57
307.0,1.0000002,1.0,5.805769326219821,False,0.5740916592531153,57
92.0,1.0,1.0,4.875402101260519,False,0.5735806456968126,57
308.0,1.0000001,1.0,5.691052036522922,False,0.5583296711596533,57
299.0,1.0,1.0,5.691052036522922,False,0.5583296711596533,57
302.0,1.0,1.0,5.691052036522922,False,0.5583296711596533,57
114.0,1.0000001,1.0,5.832037774464093,False,0.5217347392471701,57
115.0,1.0000002,1.0,5.832037774464093,False,0.5217347392471701,57
70.0,1.0,1.0,5.582316039177436,False,0.5192649957987807,57
71.0,1.0000002,1.0,5.582316039177436,False,0.5192649957987807,57
97.0,1.0,1.0,5.409121411103349,False,0.5095990447045918,57
304.0,0.9984892,0.7209300000000001,5.691052036522922,False,0.5009674247894034,57
117.0,0.9999998,1.0,5.631414051941595,False,0.48751396226733956,57
303.0,0.9999999,1.0,5.691052036522922,False,0.4857398531824654,57
305.0,0.9942373,0.7534879999999999,5.691052036522922,False,0.46659439249134627,57
89.0,1.0000001,1.0,2.57103228155661,False,0.46576950396412997,57
142.0,0.99999976,1.0,5.691052036522922,False,0.46168800265652965,57
118.0,0.9989145,0.9069769999999999,5.670617942953643,False,0.4606957042176616,57
119.0,0.99999976,1.0,5.670617942953643,False,0.4606957042176616,57
306.0,0.9958091,0.6976739999999999,5.805769326219821,False,0.4561877737649772,57
300.0,0.9954728,0.739535,5.691052036522922,False,0.44042578567151525,57
109.0,0.9957278,0.7488370000000001,5.582316039177436,False,0.4240305722318961,57
301.0,0.99713767,0.6976739999999999,5.691052036522922,False,0.41933399671297444,57
295.0,0.9647895,0.623256,4.224698042449723,False,0.3020953502809165,57
111.0,0.0,0.362791,4.224698042449723,False,0.25951211432135324,57
110.0,0.0,0.35814,4.224698042449723,False,0.2371380848797636,57
58.0,0.9790094,0.390698,5.691052036522922,False,0.21775480260169258,57
105.0,0.9857335,0.483721,5.670617942953643,False,0.21670905827009615,57
66.0,0.98568213,0.34883699999999995,5.582316039177436,False,0.18263053996444892,57
64.0,0.0,0.18139500000000003,2.57103228155661,False,-0.09689115097815984,57
129.0,0.0,0.17674399999999998,2.57103228155661,False,-0.09689115097815984,57
124.0,0.0,0.18604700000000002,2.57103228155661,False,-0.09689115097815984,57
108.0,0.9859476,0.293023,5.691052036522922,False,-0.11724447849158343,57
101.0,0.95340204,0.237209,2.57103228155661,False,-0.1263541868293465,57
65.0,0.96780396,0.195349,2.57103228155661,False,-0.1263541868293465,57
75.0,0.9756193,0.0,2.57103228155661,False,-0.16817233845132973,57
54.0,0.95131266,0.0,2.57103228155661,False,-0.17090083979090814,57
74.0,0.9708257,0.0,2.57103228155661,False,-0.17090083979090814,57
77.0,0.9462843,0.0,2.57103228155661,False,-0.17090083979090814,57
107.0,0.9562758,0.0,2.57103228155661,False,-0.17090083979090814,57
127.0,0.95034856,0.0,2.57103228155661,False,-0.17090083979090814,57
61.0,0.0,0.255814,5.691052036522922,False,-0.2182545412453878,57
91.0,0.0,0.265116,5.691052036522922,False,-0.2182545412453878,57
50.0,0.0,0.190698,5.409121411103349,False,-0.2268716405101829,57
60.0,0.0,0.18604700000000002,5.409121411103349,False,-0.2268716405101829,57
63.0,0.0,0.172093,5.409121411103349,False,-0.2268716405101829,57
95.0,0.0,0.23255800000000001,5.409121411103349,False,-0.2268716405101829,57
53.0,0.0,0.190698,5.409121411103349,False,-0.2268716405101829,57
125.0,0.0,0.11627900000000001,5.670617942953643,False,-0.23122672970843788,57
49.0,0.0,0.24651199999999998,5.691052036522922,False,-0.23703068463732724,57
76.0,0.0,0.172093,5.631414051941595,False,-0.24379579170555177,57
52.0,0.97328943,0.255814,5.691052036522922,False,-0.24498907575699602,57
102.0,0.0,0.24186,4.224698042449723,False,-0.2475190798276179,57
312.0,0.97803783,0.0,5.805769326219821,False,-0.2558892642173703,57
314.0,0.9788651,0.0,5.805769326219821,False,-0.2558892642173703,57
313.0,0.97919947,0.0,5.805769326219821,False,-0.2558892642173703,57
38.0,0.97808325,0.0,5.805769326219821,False,-0.2558892642173703,57
59.0,0.9809357,0.0,5.805769326219821,False,-0.2558892642173703,57
106.0,0.9696733,0.15814,5.670617942953643,False,-0.26068976555962453,57
296.0,0.0,0.148837,4.875402101260519,False,-0.2618453270567705,57
3.0,0.0,0.144186,4.875402101260519,False,-0.2618453270567705,57
310.0,0.0,0.172093,4.875402101260519,False,-0.2618453270567705,57
36.0,0.0,0.148837,4.875402101260519,False,-0.2618453270567705,57
298.0,0.0,0.144186,4.875402101260519,False,-0.2618453270567705,57
35.0,0.0,0.148837,4.875402101260519,False,-0.2618453270567705,57
69.0,0.0,0.153488,4.875402101260519,False,-0.2618453270567705,57
311.0,0.0,0.144186,4.875402101260519,False,-0.2618453270567705,57
78.0,0.0,0.065116,5.670617942953643,False,-0.2697147521142854,57
26.0,0.0,0.069767,5.670617942953643,False,-0.2697147521142854,57
45.0,0.0,0.065116,5.670617942953643,False,-0.2697147521142854,57
79.0,0.0,0.069767,5.670617942953643,False,-0.2697147521142854,57
297.0,0.0,0.074419,5.670617942953643,False,-0.2697147521142854,57
51.0,0.98806286,0.0,5.691052036522922,False,-0.2716512523108324,57
57.0,0.9764581,0.0,5.691052036522922,False,-0.2716512523108324,57
96.0,0.9753999,0.0,5.691052036522922,False,-0.2716512523108324,57
257.0,0.96054256,0.0,5.409121411103349,False,-0.3008813293229313,57
187.0,0.9554015,0.0,5.409121411103349,False,-0.3008813293229313,57
261.0,0.9574933,0.0,5.409121411103349,False,-0.3008813293229313,57
279.0,0.9711032,0.0,5.409121411103349,False,-0.3008813293229313,57
141.0,0.96193403,0.0,5.409121411103349,False,-0.3008813293229313,57
5.0,0.9555752,0.0,5.409121411103349,True,-0.3008813293229313,57
275.0,0.9605508,0.0,5.409121411103349,False,-0.3008813293229313,57
147.0,0.9567311,0.0,5.409121411103349,False,-0.3008813293229313,57
188.0,0.97874534,0.0,5.670617942953643,False,-0.3025079171816078,57
42.0,0.97188926,0.0,5.670617942953643,False,-0.3052364185211862,57
98.0,0.9690822,0.0,5.670617942953643,False,-0.3052364185211862,57
14.0,0.96772045,0.0,5.670617942953643,False,-0.3052364185211862,57
131.0,0.94485146,0.218605,5.582316039177436,False,-0.30988127166752516,57
130.0,0.9446459,0.0,5.631414051941595,False,-0.31780548051830015,57
132.0,0.9284053,0.0,5.631414051941595,False,-0.31959764937126167,57
68.0,0.9295407,0.0,5.631414051941595,False,-0.31959764937126167,57
126.0,0.9283889,0.0,5.631414051941595,False,-0.31959764937126167,57
67.0,0.92886883,0.0,5.631414051941595,False,-0.31959764937126167,57
193.0,0.961801,0.0,4.875402101260519,False,-0.3358550158695189,57
222.0,0.972134,0.0,4.875402101260519,False,-0.3358550158695189,57
224.0,0.9662771,0.0,4.875402101260519,False,-0.3358550158695189,57
154.0,0.9687811,0.0,4.875402101260519,False,-0.3358550158695189,57
100.0,0.9654819,0.0,4.875402101260519,False,-0.3358550158695189,57
268.0,0.9640774,0.0,4.875402101260519,False,-0.3358550158695189,57
88.0,0.96761644,0.0,4.875402101260519,False,-0.3358550158695189,57
87.0,0.9657581,0.0,4.875402101260519,False,-0.3358550158695189,57
90.0,0.96570027,0.0,4.875402101260519,False,-0.3358550158695189,57
171.0,0.0,0.04186,5.832037774464093,False,-0.3529597087382621,57
160.0,0.97622406,0.0,5.832037774464093,False,-0.3551322570620349,57
198.0,0.975067,0.0,5.832037774464093,False,-0.3551322570620349,57
288.0,0.9777821,0.0,5.832037774464093,False,-0.3551322570620349,57
289.0,0.9787046,0.0,5.832037774464093,False,-0.3551322570620349,57
207.0,0.9778217,0.0,5.832037774464093,False,-0.3551322570620349,57
177.0,0.98327684,0.0,5.832037774464093,False,-0.3551322570620349,57
212.0,0.9828211,0.0,5.832037774464093,False,-0.3551322570620349,57
250.0,0.97607225,0.0,5.832037774464093,False,-0.3551322570620349,57
262.0,0.97597194,0.0,5.832037774464093,False,-0.3551322570620349,57
191.0,0.9726083,0.0,5.832037774464093,False,-0.3578607584016133,57
90.0,1.0000001,1.0,2.589698755668857,False,0.7629600543641444,398
131.0,1.0000002,1.0,2.8084523345652572,False,0.7624590133942938,398
132.0,1.0000001,1.0,2.8084523345652572,False,0.7624590133942938,398
130.0,1.0,1.0,2.8084523345652572,False,0.7624590133942938,398
84.0,1.0000002,1.0,1.8323604246570515,False,0.7549261876268892,398
85.0,1.0000001,1.0,1.8323604246570515,False,0.7549261876268892,398
196.0,1.0000001,1.0,2.5007790019689873,False,0.7159723528093385,398
197.0,1.0000002,1.0,2.5007790019689873,False,0.7159723528093385,398
82.0,0.9999998,1.0,1.8323604246570515,False,0.6816183151613131,398
83.0,0.99999976,1.0,1.8323604246570515,False,0.6575664646353773,398
72.0,0.99999976,1.0,2.5007790019689873,False,0.6046936142772418,398
64.0,1.0000001,1.0,1.7746546229647393,False,0.5346381688469491,398
65.0,1.0000002,1.0,1.6584917279286138,True,0.5259651130652049,398
1.0,1.0000004,1.0,2.0748490070672703,False,0.5212844298842481,398
88.0,1.0,1.0,2.216060495148106,False,0.511896034487776,398
67.0,0.99999994,1.0,2.6044668625331786,False,0.40299799024340444,398
6.0,0.9985262,0.809302,2.0748490070672703,False,0.38523731591168886,398
87.0,0.9944171,0.637209,2.216060495148106,False,0.37935507897066484,398
124.0,0.99999964,1.0,2.433201477796123,False,0.3533771337991092,398
68.0,0.9987775,0.790698,2.6044668625331786,False,0.29171925171130764,398
86.0,0.9845911,0.45116300000000004,2.589698755668857,False,0.2594936691290824,398
7.0,0.99127173,0.660465,2.0748490070672703,False,0.22703977858824023,398
8.0,0.9912697,0.6418600000000001,2.0748490070672703,False,0.22703977858824023,398
12.0,0.99168813,0.539535,2.0748490070672703,False,0.2060989422607836,398
309.0,0.0,0.6,2.0748490070672703,False,0.18725861404293362,398
75.0,0.0,0.395349,1.7746546229647393,False,0.17756221444130016,398
74.0,0.0,0.35814,1.7746546229647393,False,0.14697019781497095,398
2.0,0.0,0.47906999999999994,2.0748490070672703,False,0.11051120250064639,398
18.0,0.0,0.530233,2.0748490070672703,False,0.11051120250064639,398
24.0,0.0,0.48837200000000003,2.0748490070672703,False,0.11051120250064639,398
15.0,0.9888879,0.47906999999999994,2.0748490070672703,False,0.039150818499660636,398
109.0,0.0,0.32093000000000005,2.433201477796123,False,0.026486900535718165,398
71.0,0.0,0.325581,2.433201477796123,False,0.026486900535718165,398
70.0,0.0,0.311628,2.433201477796123,False,0.026486900535718165,398
101.0,0.0,0.274419,1.6584917279286138,False,-0.06809231129771304,398
66.0,0.936961,0.288372,2.433201477796123,False,-0.07512190402016844,398
77.0,0.9513025,0.260465,2.433201477796123,False,-0.09766295226440118,398
76.0,0.9493151,0.26976700000000003,2.433201477796123,False,-0.09766295226440118,398
107.0,0.0,0.209302,1.6584917279286138,False,-0.09789717749558237,398
117.0,0.0,0.23255800000000001,1.7746546229647393,False,-0.11101314034296803,398
11.0,0.0,0.125581,1.8323604246570515,False,-0.1293091473870212,398
294.0,0.0,0.13023300000000002,1.8323604246570515,False,-0.1293091473870212,398
47.0,0.0,0.111628,1.8323604246570515,False,-0.1398284175931645,398
69.0,0.0,0.111628,1.8323604246570515,False,-0.1398284175931645,398
25.0,0.0,0.102326,1.8323604246570515,False,-0.15015742625864142,398
45.0,0.0,0.102326,1.8323604246570515,False,-0.15015742625864142,398
310.0,0.0,0.097674,1.8323604246570515,False,-0.15015742625864142,398
56.0,0.0,0.10697699999999999,1.8323604246570515,False,-0.15015742625864142,398
22.0,0.0,0.10697699999999999,1.8323604246570515,False,-0.15015742625864142,398
189.0,0.98414695,0.265116,2.5007790019689873,False,-0.16865515849276447,398
20.0,0.0,0.08837199999999999,1.8323604246570515,False,-0.16996128024340865,398
31.0,0.0,0.08837199999999999,1.8323604246570515,False,-0.16996128024340865,398
128.0,0.0,0.21395299999999998,2.8084523345652572,False,-0.1709164742907112,398
293.0,0.0,0.18604700000000002,2.8084523345652572,False,-0.1709164742907112,398
129.0,0.0,0.153488,2.8084523345652572,False,-0.1709164742907112,398
19.0,0.9490862,0.0,1.6584917279286138,False,-0.17407097675887062,398
10.0,0.94785225,0.0,1.6584917279286138,False,-0.17407097675887062,398
21.0,0.95300364,0.0,1.6584917279286138,False,-0.17407097675887062,398
127.0,0.9560741,0.0,1.6584917279286138,False,-0.17407097675887062,398
89.0,0.96780396,0.0,1.6584917279286138,False,-0.17407097675887062,398
123.0,0.95213014,0.0,1.6584917279286138,False,-0.17407097675887062,398
42.0,0.94842637,0.0,1.6584917279286138,False,-0.17407097675887062,398
102.0,0.9465011,0.0,2.433201477796123,False,-0.18020858489363467,398
111.0,0.9477696,0.0,2.6044668625331786,False,-0.18598301090603903,398
80.0,0.92813206,0.0,2.6044668625331786,False,-0.18777517975900054,398
126.0,0.92592156,0.0,2.6044668625331786,False,-0.18777517975900054,398
116.0,0.92055047,0.0,2.6044668625331786,False,-0.18777517975900054,398
92.0,0.0,0.060465,2.216060495148106,False,-0.20233558956805225,398
120.0,0.0,0.055814,2.216060495148106,False,-0.20233558956805225,398
121.0,0.0,0.060465,2.216060495148106,False,-0.20233558956805225,398
230.0,0.97861993,0.0,1.8323604246570515,False,-0.20275444531073109,398
267.0,0.97346985,0.0,1.8323604246570515,False,-0.20275444531073109,398
162.0,0.974561,0.0,1.8323604246570515,False,-0.20275444531073109,398
49.0,0.97515696,0.0,1.8323604246570515,False,-0.20275444531073109,398
98.0,0.9827161,0.0,1.8323604246570515,False,-0.20275444531073109,398
63.0,0.97910213,0.0,1.8323604246570515,False,-0.20275444531073109,398
302.0,0.9795413,0.0,1.8323604246570515,False,-0.20275444531073109,398
301.0,0.9762115,0.0,1.8323604246570515,False,-0.20275444531073109,398
300.0,0.9777379,0.0,1.8323604246570515,False,-0.20275444531073109,398
99.0,0.97544575,0.0,1.8323604246570515,False,-0.20275444531073109,398
53.0,0.97498924,0.0,1.8323604246570515,False,-0.20275444531073109,398
60.0,0.9748826,0.0,1.8323604246570515,False,-0.20275444531073109,398
3.0,0.97445977,0.0,1.8323604246570515,False,-0.20275444531073109,398
61.0,0.97598517,0.0,1.8323604246570515,False,-0.20275444531073109,398
110.0,0.9333892,0.0,2.6044668625331786,False,-0.21586834481916423,398
26.0,0.9904927,0.0,2.0748490070672703,False,-0.22266460828713563,398
272.0,0.90139616,0.0,2.8084523345652572,False,-0.24002511344010835,398
248.0,0.0,0.032558,2.5007790019689873,False,-0.24083412932842266,398
221.0,0.0,0.060465,2.5007790019689873,False,-0.24083412932842266,398
144.0,0.0,0.032558,2.5007790019689873,False,-0.24083412932842266,398
228.0,0.9839874,0.0,2.5007790019689873,False,-0.24300667765219544,398
262.0,0.9792924,0.0,2.5007790019689873,False,-0.24300667765219544,398
249.0,0.9858208,0.0,2.5007790019689873,False,-0.24300667765219544,398
246.0,0.98383236,0.0,2.5007790019689873,False,-0.24300667765219544,398
175.0,0.98059714,0.0,2.5007790019689873,False,-0.24300667765219544,398
184.0,0.95013744,0.0,2.5007790019689873,False,-0.24573517899177386,398
202.0,0.96577466,0.0,2.5007790019689873,False,-0.24573517899177386,398
198.0,0.953485,0.0,2.5007790019689873,False,-0.24573517899177386,398
210.0,0.9504868,0.0,2.5007790019689873,False,-0.24573517899177386,398
165.0,0.95441246,0.0,2.5007790019689873,False,-0.24573517899177386,398
160.0,0.94869125,0.0,2.5007790019689873,False,-0.24573517899177386,398
217.0,0.9504174,0.0,2.5007790019689873,False,-0.24573517899177386,398
13.0,0.0,0.051163,2.589698755668857,False,-0.26750145955373106,398
259.0,0.0,0.046512000000000005,2.589698755668857,False,-0.26750145955373106,398
166.0,0.9688488,0.0,2.589698755668857,False,-0.27240250921708226,398
28.0,0.9892098,0.0,2.0748490070672703,False,-0.28296708901148643,398
196.0,1.0000001,1.0,1.527847305799185,False,0.7687244326426634,394
197.0,1.0000002,1.0,1.527847305799185,False,0.7687244326426634,394
88.0,1.0,1.0,2.2311910074170602,False,0.7140000335388466,394
72.0,0.99999976,1.0,1.527847305799185,False,0.6347762321893133,394
64.0,1.0000001,1.0,1.8299986706920899,False,0.6218261095149243,394
87.0,0.9944171,0.637209,2.2311910074170602,False,0.558789616100482,394
1.0,1.0000004,1.0,1.2753236536065078,False,0.5573327100147883,394
67.0,0.99999994,1.0,1.3607005168549233,False,0.547753028851566,394
65.0,1.0000002,1.0,1.6584917279286138,True,0.5259651130652049,394
85.0,1.0000001,1.0,1.890595864707952,False,0.5065041488381021,394
84.0,1.0000002,1.0,1.890595864707952,False,0.5065041488381021,394
130.0,1.0,1.0,1.611459004541865,False,0.4923784690228843,394
132.0,1.0000001,1.0,1.611459004541865,False,0.4923784690228843,394
131.0,1.0000002,1.0,1.611459004541865,False,0.4923784690228843,394
90.0,0.99549013,0.5023259999999999,2.2311910074170602,False,0.45174454912893447,394
6.0,0.9985262,0.809302,1.2753236536065078,False,0.42338450956143814,394
124.0,0.99999964,1.0,1.2945053812456575,False,0.4207277340067709,394
82.0,0.9999998,1.0,1.890595864707952,False,0.4192772608319412,394
68.0,0.9987775,0.790698,1.3607005168549233,False,0.41380482839821575,394
83.0,0.99999976,1.0,1.890595864707952,False,0.3952254103060054,394
7.0,0.99127173,0.660465,1.2753236536065078,False,0.2547304646718585,394
8.0,0.9912697,0.6418600000000001,1.2753236536065078,False,0.2547304646718585,394
12.0,0.99168813,0.539535,1.2753236536065078,False,0.23479234193924564,394
309.0,0.0,0.6,1.2753236536065078,False,0.2159520137213956,394
75.0,0.0,0.395349,1.8299986706920899,False,0.21275391372503788,394
86.0,0.9836583,0.5162789999999999,2.2311910074170602,False,0.21053364830378446,394
74.0,0.0,0.35814,1.8299986706920899,False,0.18216189709870867,394
18.0,0.0,0.530233,1.2753236536065078,False,0.13920460217910843,394
24.0,0.0,0.48837200000000003,1.2753236536065078,False,0.13920460217910843,394
2.0,0.0,0.47906999999999994,1.2753236536065078,False,0.13920460217910843,394
15.0,0.9888879,0.47906999999999994,1.2753236536065078,False,0.06784421817812267,394
71.0,0.0,0.325581,1.2945053812456575,False,-0.015370347922646129,394
70.0,0.0,0.311628,1.2945053812456575,False,-0.015370347922646129,394
109.0,0.0,0.32093000000000005,1.2945053812456575,False,-0.015370347922646129,394
101.0,0.0,0.274419,1.6584917279286138,False,-0.06809231129771304,394
107.0,0.0,0.209302,1.6584917279286138,False,-0.09789717749558237,394
76.0,0.0,0.209302,1.6584917279286138,False,-0.09789717749558237,394
66.0,0.936961,0.288372,1.2945053812456575,False,-0.12288172969944838,394
117.0,0.0,0.23255800000000001,1.8299986706920899,False,-0.13113061505106655,394
77.0,0.9513025,0.260465,1.2945053812456575,False,-0.14542277794368108,394
21.0,0.95300364,0.0,1.6584917279286138,False,-0.17407097675887062,394
19.0,0.9490862,0.0,1.6584917279286138,False,-0.17407097675887062,394
123.0,0.95213014,0.0,1.6584917279286138,False,-0.17407097675887062,394
89.0,0.96780396,0.0,1.6584917279286138,False,-0.17407097675887062,394
10.0,0.94785225,0.0,1.6584917279286138,False,-0.17407097675887062,394
42.0,0.94842637,0.0,1.6584917279286138,False,-0.17407097675887062,394
127.0,0.9560741,0.0,1.6584917279286138,False,-0.17407097675887062,394
26.0,0.9904927,0.0,1.2753236536065078,False,-0.17652080061722378,394
20.0,0.99045926,0.0,1.2753236536065078,False,-0.17652080061722378,394
294.0,0.0,0.134884,1.890595864707952,False,-0.1785327352206221,394
11.0,0.0,0.125581,1.890595864707952,False,-0.1785327352206221,394
189.0,0.98414695,0.265116,1.527847305799185,False,-0.18012521813961346,394
47.0,0.0,0.111628,1.890595864707952,False,-0.18905200542676545,394
69.0,0.0,0.111628,1.890595864707952,False,-0.18905200542676545,394
102.0,0.9594641,0.0,1.8299986706920899,False,-0.1991103008445523,394
25.0,0.0,0.102326,1.890595864707952,False,-0.19938101409224232,394
45.0,0.0,0.102326,1.890595864707952,False,-0.19938101409224232,394
310.0,0.0,0.097674,1.890595864707952,False,-0.19938101409224232,394
22.0,0.0,0.10697699999999999,1.890595864707952,False,-0.19938101409224232,394
56.0,0.0,0.10697699999999999,1.890595864707952,False,-0.19938101409224232,394
111.0,0.9477696,0.0,1.3607005168549233,False,-0.2137619088766451,394
116.0,0.92055047,0.0,1.3607005168549233,False,-0.21555407772960666,394
80.0,0.92813206,0.0,1.3607005168549233,False,-0.21555407772960666,394
126.0,0.92592156,0.0,1.3607005168549233,False,-0.21555407772960666,394
31.0,0.0,0.08837199999999999,1.890595864707952,False,-0.21918486807700954,394
293.0,0.9514594,0.0,1.2945053812456575,False,-0.22193840755365205,394
129.0,0.93694437,0.0,1.8299986706920899,False,-0.2289956347576775,394
28.0,0.9892098,0.0,1.2753236536065078,False,-0.23682328134157454,394
110.0,0.9333892,0.0,1.3607005168549233,False,-0.24364724278977035,394
221.0,0.0,0.060465,1.527847305799185,False,-0.24627418595600906,394
144.0,0.0,0.032558,1.527847305799185,False,-0.24627418595600906,394
248.0,0.0,0.032558,1.527847305799185,False,-0.24627418595600906,394
228.0,0.9839874,0.0,1.527847305799185,False,-0.24844673427978178,394
175.0,0.9814183,0.0,1.527847305799185,False,-0.24844673427978178,394
262.0,0.9792924,0.0,1.527847305799185,False,-0.24844673427978178,394
246.0,0.98288167,0.0,1.527847305799185,False,-0.24844673427978178,394
249.0,0.9856504,0.0,1.527847305799185,False,-0.24844673427978178,394
162.0,0.9819553,0.0,1.527847305799185,False,-0.24844673427978178,394
267.0,0.9843025,0.0,1.527847305799185,False,-0.24844673427978178,394
202.0,0.96577466,0.0,1.527847305799185,False,-0.2511752356193602,394
184.0,0.95013744,0.0,1.527847305799185,False,-0.2511752356193602,394
160.0,0.94869125,0.0,1.527847305799185,False,-0.2511752356193602,394
198.0,0.953485,0.0,1.527847305799185,False,-0.2511752356193602,394
165.0,0.95441246,0.0,1.527847305799185,False,-0.2511752356193602,394
217.0,0.9504174,0.0,1.527847305799185,False,-0.2511752356193602,394
300.0,0.94835496,0.0,1.527847305799185,False,-0.2511752356193602,394
210.0,0.9504868,0.0,1.527847305799185,False,-0.2511752356193602,394
128.0,0.0,0.21395299999999998,1.611459004541865,False,-0.25168314331580705,394
98.0,0.9774722,0.0,1.890595864707952,False,-0.25197803314433204,394
61.0,0.97598517,0.0,1.890595864707952,False,-0.25197803314433204,394
3.0,0.97445977,0.0,1.890595864707952,False,-0.25197803314433204,394
301.0,0.9762115,0.0,1.890595864707952,False,-0.25197803314433204,394
302.0,0.9795413,0.0,1.890595864707952,False,-0.25197803314433204,394
49.0,0.975006,0.0,1.890595864707952,False,-0.25197803314433204,394
63.0,0.97973895,0.0,1.890595864707952,False,-0.25197803314433204,394
60.0,0.9748826,0.0,1.890595864707952,False,-0.25197803314433204,394
53.0,0.97498924,0.0,1.890595864707952,False,-0.25197803314433204,394
99.0,0.97544575,0.0,1.890595864707952,False,-0.25197803314433204,394
230.0,0.97861993,0.0,1.890595864707952,False,-0.25197803314433204,394
120.0,0.0,0.055814,2.2311910074170602,False,-0.30329012130871297,394
121.0,0.0,0.060465,2.2311910074170602,False,-0.30329012130871297,394
92.0,0.0,0.060465,2.2311910074170602,False,-0.30329012130871297,394
272.0,0.90139616,0.0,1.611459004541865,False,-0.3147617794459416,394
97.0,1.0,1.0,1.5995926238141338,True,0.7541833390186062,43
302.0,1.0,1.0,1.7860148285112312,False,0.7451558237455013,43
307.0,1.0000002,1.0,1.7860148285112312,False,0.7451558237455013,43
299.0,1.0,1.0,1.7860148285112312,False,0.7451558237455013,43
304.0,0.9984892,0.7209300000000001,1.7860148285112312,False,0.6870755228868629,43
110.0,1.0000002,1.0,2.0227795906620165,False,0.6820259818577948,43
57.0,1.0,1.0,2.1809519650080778,False,0.6757859960902014,43
91.0,1.0,1.0,2.1809519650080778,False,0.6757859960902014,43
274.0,1.0000001,1.0,2.1809519650080778,False,0.6757859960902014,43
308.0,0.99456406,0.7488370000000001,1.7860148285112312,False,0.6265338837689748,43
306.0,0.9958091,0.6976739999999999,1.7860148285112312,False,0.6265338837689748,43
300.0,0.9954728,0.739535,1.7860148285112312,False,0.6265338837689748,43
96.0,0.99999964,1.0,1.5995926238141338,False,0.6202351385652561,43
301.0,0.99713767,0.6976739999999999,1.7860148285112312,False,0.605442094810434,43
192.0,0.9999999,1.0,2.1809519650080778,False,0.5658896461627871,43
58.0,0.9999998,1.0,2.1809519650080778,False,0.5658896461627871,43
70.0,1.0,1.0,1.1254969769686314,False,0.5643007464294842,43
71.0,1.0000002,1.0,1.1254969769686314,False,0.5643007464294842,43
115.0,1.0000002,1.0,1.1760959589715145,False,0.5603423859706593,43
114.0,1.0000001,1.0,1.1760959589715145,False,0.5603423859706593,43
111.0,1.0000002,1.0,1.796930974229143,False,0.5431308949547863,43
54.0,1.0000001,1.0,1.0200593911173397,False,0.5424903540416518,43
130.0,1.0,1.0,1.0200593911173397,False,0.5424903540416518,43
249.0,0.99999994,1.0,1.0200593911173397,False,0.5424903540416518,43
310.0,1.0000002,1.0,1.0200593911173397,False,0.5424903540416518,43
52.0,0.9999997,1.0,2.1809519650080778,False,0.5418377956368514,43
305.0,0.99233466,0.706977,1.7860148285112312,False,0.4834017756579074,43
303.0,0.99327904,0.47906999999999994,1.7860148285112312,False,0.41641277955273576,43
109.0,0.9957278,0.7488370000000001,1.1254969769686314,False,0.40909032899111963,43
108.0,0.99999964,1.0,1.0200593911173397,False,0.4085421535883016,43
49.0,0.9938158,0.781395,2.1809519650080778,False,0.40608184354621557,43
313.0,0.994558,0.702326,1.0200593911173397,False,0.3872799366032872,43
311.0,0.9952489,0.772093,1.0200593911173397,False,0.3872799366032872,43
312.0,0.9955091,0.7209300000000001,1.0200593911173397,False,0.3872799366032872,43
118.0,0.9989145,0.9069769999999999,1.756272113910167,False,0.3526761078567193,43
119.0,0.99999976,1.0,1.756272113910167,False,0.3526761078567193,43
41.0,0.9935137,0.665116,1.0200593911173397,False,0.30755863935224315,43
142.0,0.0,0.390698,2.1809519650080778,False,0.26689970745500935,43
295.0,0.0,0.38604700000000003,2.0227795906620165,False,0.2579886905174502,43
40.0,0.9926945,0.613953,1.0200593911173397,False,0.24763103068563266,43
60.0,0.9881662,0.367442,2.1809519650080778,False,0.2401651729434012,43
43.0,0.9906782,0.6418600000000001,1.0200593911173397,False,0.2398881086987219,43
34.0,0.99067235,0.637209,1.0200593911173397,False,0.2398881086987219,43
3.0,0.0,0.683721,1.0200593911173397,False,0.2304045995826755,43
39.0,0.0,0.6511629999999999,1.0200593911173397,False,0.2304045995826755,43
61.0,0.0,0.35814,2.1809519650080778,False,0.22029298800070404,43
81.0,0.0,0.35814,2.0227795906620165,False,0.18762124142428865,43
66.0,0.98568213,0.34883699999999995,1.1254969769686314,False,0.14154064683897585,43
132.0,0.98891175,0.5023259999999999,1.0200593911173397,False,0.05199914861014237,43
131.0,0.0,0.339535,1.0200593911173397,False,0.0435321971256073,43
105.0,0.9857335,0.483721,1.756272113910167,False,0.04075895236793765,43
136.0,0.9829105,0.339535,2.1809519650080778,False,0.03373661814552459,43
124.0,0.0,0.325581,1.1254969769686314,False,0.01270758563301061,43
53.0,0.98397,0.330233,2.1809519650080778,False,-0.03735150732119809,43
50.0,0.9838128,0.325581,2.1809519650080778,False,-0.03735150732119809,43
76.0,0.0,0.24186,1.1254969769686314,False,-0.10075537470786147,43
64.0,0.0,0.223256,1.1254969769686314,False,-0.11178409751379136,43
77.0,0.0,0.223256,1.1254969769686314,False,-0.11178409751379136,43
65.0,0.0,0.227907,1.1254969769686314,False,-0.11178409751379136,43
95.0,0.99249893,0.0,2.1809519650080778,False,-0.1200033584918403,43
101.0,0.9360188,0.24186,1.1254969769686314,False,-0.13554175828433787,43
102.0,0.0,0.190698,2.0227795906620165,False,-0.13911666355354013,43
107.0,0.0,0.21395299999999998,2.0227795906620165,False,-0.13911666355354013,43
285.0,0.9677081,0.26976700000000003,2.1809519650080778,False,-0.152489136405333,43
63.0,0.0,0.15814,2.1809519650080778,False,-0.15283096675201566,43
100.0,0.0,0.15814,2.1809519650080778,False,-0.15283096675201566,43
293.0,0.0,0.18604700000000002,1.0200593911173397,False,-0.157950188708833,43
171.0,0.0,0.037209,1.1760959589715145,False,-0.16493926686611682,43
35.0,0.99155736,0.0,1.0200593911173397,False,-0.16655884692696973,43
289.0,0.9787046,0.0,1.1760959589715145,False,-0.1671118151898896,43
288.0,0.9777821,0.0,1.1760959589715145,False,-0.1671118151898896,43
198.0,0.9738412,0.0,1.1760959589715145,False,-0.1671118151898896,43
177.0,0.98375446,0.0,1.1760959589715145,False,-0.1671118151898896,43
207.0,0.9778217,0.0,1.1760959589715145,False,-0.1671118151898896,43
262.0,0.97597194,0.0,1.1760959589715145,False,-0.1671118151898896,43
250.0,0.97607225,0.0,1.1760959589715145,False,-0.1671118151898896,43
212.0,0.9851457,0.0,1.1760959589715145,False,-0.1671118151898896,43
160.0,0.97622406,0.0,1.1760959589715145,False,-0.1671118151898896,43
191.0,0.9726083,0.0,1.1760959589715145,False,-0.16984031652946802,43
237.0,0.0,0.09302300000000001,2.1809519650080778,False,-0.17367924562363588,43
116.0,0.0,0.102326,1.0200593911173397,False,-0.17879846758045323,43
236.0,0.0,0.065116,2.1809519650080778,False,-0.1852889861386005,43
67.0,0.9628763,0.190698,1.0200593911173397,False,-0.18741322456001971,43
129.0,0.95055187,0.0,1.1254969769686314,False,-0.18795789677707964,43
314.0,0.9908957,0.0,1.0200593911173397,False,-0.19517744300488818,43
6.0,0.0,0.074419,1.0200593911173397,False,-0.19860232156522045,43
134.0,0.0,0.074419,1.0200593911173397,False,-0.19860232156522045,43
1.0,0.0,0.074419,1.0200593911173397,False,-0.19860232156522045,43
80.0,0.0,0.074419,1.0200593911173397,False,-0.19860232156522045,43
69.0,0.0,0.074419,1.0200593911173397,False,-0.19860232156522045,43
11.0,0.0,0.074419,1.0200593911173397,False,-0.19860232156522045,43
169.0,0.0,0.065116,1.0200593911173397,False,-0.19860232156522045,43
125.0,0.0,0.11627900000000001,1.756272113910167,False,-0.20791365721949953,43
126.0,0.9227898,0.0,2.0227795906620165,False,-0.2088885181999874,43
246.0,0.0,0.055814,2.1809519650080778,False,-0.21590960288215022,43
127.0,0.9345183,0.0,1.1254969769686314,False,-0.2178432306902049,43
260.0,0.95036185,0.0,2.1809519650080778,False,-0.22081065254550136,43
158.0,0.9490533,0.0,2.1809519650080778,False,-0.22081065254550136,43
176.0,0.9674438,0.0,2.1809519650080778,False,-0.22081065254550136,43
180.0,0.9655926,0.0,2.1809519650080778,False,-0.22081065254550136,43
225.0,0.9461678,0.0,2.1809519650080778,False,-0.22081065254550136,43
217.0,0.96543884,0.0,2.1809519650080778,False,-0.22081065254550136,43
258.0,0.9660746,0.0,2.1809519650080778,False,-0.22081065254550136,43
68.0,0.95229405,0.0,1.796930974229143,False,-0.2252893335891843,43
59.0,0.9857446,0.0,1.0200593911173397,False,-0.2313954866325429,43
162.0,0.98418736,0.0,1.0200593911173397,False,-0.2313954866325429,43
72.0,0.9858208,0.0,1.0200593911173397,False,-0.2313954866325429,43
283.0,0.9879898,0.0,1.0200593911173397,False,-0.2313954866325429,43
267.0,0.9858419,0.0,1.0200593911173397,False,-0.2313954866325429,43
233.0,0.981568,0.0,1.0200593911173397,False,-0.2313954866325429,43
51.0,0.9831506,0.0,1.0200593911173397,False,-0.2313954866325429,43
228.0,0.98395413,0.0,1.0200593911173397,False,-0.2313954866325429,43
197.0,0.9856504,0.0,1.0200593911173397,False,-0.2313954866325429,43
89.0,0.95131266,0.0,1.0200593911173397,False,-0.2341239879721213,43
117.0,0.9446459,0.0,1.0200593911173397,False,-0.2341239879721213,43
106.0,0.9696733,0.15814,1.756272113910167,False,-0.23737669307068623,43
45.0,0.0,0.065116,1.756272113910167,False,-0.24037167660608438,43
79.0,0.0,0.069767,1.756272113910167,False,-0.24037167660608438,43
297.0,0.0,0.074419,1.756272113910167,False,-0.24037167660608438,43
78.0,0.0,0.065116,1.756272113910167,False,-0.24037167660608438,43
26.0,0.0,0.069767,1.756272113910167,False,-0.24037167660608438,43
94.0,0.942453,0.0,2.1809519650080778,False,-0.2506959864586267,43
277.0,0.94237626,0.0,2.1809519650080778,False,-0.2506959864586267,43
37.0,0.94113576,0.0,2.1809519650080778,False,-0.2506959864586267,43
179.0,0.93893147,0.0,2.1809519650080778,False,-0.2506959864586267,43
38.0,0.97808325,0.0,1.7860148285112312,False,-0.25076233523596203,43
74.0,0.9348842,0.0,1.0200593911173397,False,-0.2640093218852466,43
75.0,0.93976355,0.0,1.0200593911173397,False,-0.2640093218852466,43
188.0,0.97874534,0.0,1.756272113910167,False,-0.27316484167340693,43
5.0,0.9555752,0.0,1.5995926238141338,False,-0.2739104427132201,43
261.0,0.9574933,0.0,1.5995926238141338,False,-0.2739104427132201,43
275.0,0.9605508,0.0,1.5995926238141338,False,-0.2739104427132201,43
257.0,0.96054256,0.0,1.5995926238141338,False,-0.2739104427132201,43
279.0,0.9711032,0.0,1.5995926238141338,False,-0.2739104427132201,43
187.0,0.9554015,0.0,1.5995926238141338,False,-0.2739104427132201,43
141.0,0.96193403,0.0,1.5995926238141338,False,-0.2739104427132201,43
147.0,0.9567311,0.0,1.5995926238141338,False,-0.2739104427132201,43
298.0,0.96749896,0.0,1.756272113910167,False,-0.27589334301298535,43
42.0,0.97188926,0.0,1.756272113910167,False,-0.27589334301298535,43
14.0,0.96772045,0.0,1.756272113910167,False,-0.27589334301298535,43
98.0,0.9690822,0.0,1.756272113910167,False,-0.27589334301298535,43
57.0,1.0,1.0,1.8216061130297478,False,0.7788459718096282,23
130.0,1.0,1.0,2.4371431360822267,False,0.7771710164298129,23
131.0,1.0000002,1.0,2.4371431360822267,False,0.7771710164298129,23
132.0,1.0000001,1.0,2.4371431360822267,False,0.7771710164298129,23
85.0,1.0000001,1.0,2.122129567495536,False,0.7666128475872552,23
84.0,1.0000002,1.0,2.122129567495536,False,0.7666128475872552,23
196.0,1.0000001,1.0,2.294262600554542,False,0.7661809661658419,23
197.0,1.0000002,1.0,2.294262600554542,False,0.7661809661658419,23
64.0,1.0000001,1.0,2.669563928657181,False,0.7633162364972611,23
65.0,1.0000002,1.0,2.6563922941536955,False,0.7567015686286438,23
67.0,0.99999994,1.0,2.7069493680830896,False,0.7069955654559371,23
82.0,0.9999998,1.0,2.122129567495536,False,0.6567164976598411,23
83.0,0.99999976,1.0,2.122129567495536,False,0.6326646471339051,23
72.0,0.99999976,1.0,2.294262600554542,False,0.6322327657124918,23
96.0,0.99999964,1.0,2.3750035647299925,False,0.6086519747360666,23
68.0,0.9987775,0.790698,2.7069493680830896,False,0.5957168269238404,23
50.0,0.99943006,0.7767440000000001,1.858167567032856,False,0.4292034052924065,23
53.0,0.99999964,1.0,1.858167567032856,False,0.38992398315953286,23
75.0,0.0,0.395349,2.669563928657181,False,0.32772998354250343,23
74.0,0.0,0.35814,2.669563928657181,False,0.257362534449342,23
60.0,0.9923562,0.367442,1.858167567032856,False,0.22014140073994415,23
61.0,0.9908703,0.372093,1.858167567032856,True,0.1783786518424896,23
91.0,0.0,0.330233,1.858167567032856,False,-0.03471487760890936,23
124.0,0.98032,0.30232600000000004,2.669563928657181,False,-0.03924432223607015,23
142.0,0.0,0.25116299999999997,1.74263967047068,False,-0.06296886832474405,23
52.0,0.9907137,0.21395299999999998,1.74263967047068,False,-0.06451408201462748,23
97.0,0.0,0.190698,1.74263967047068,False,-0.07399759113067392,23
58.0,0.989956,0.223256,1.74263967047068,False,-0.08505549440730888,23
49.0,0.98680425,0.195349,1.74263967047068,False,-0.10073212564228219,23
101.0,0.0,0.274419,2.6563922941536955,False,-0.1323565161030903,23
189.0,0.98414695,0.265116,2.294262600554542,False,-0.1362370451027893,23
71.0,0.0,0.18604700000000002,2.4371431360822267,False,-0.1436527960459355,23
76.0,0.0,0.18604700000000002,2.4371431360822267,False,-0.1436527960459355,23
293.0,0.0,0.18604700000000002,2.4371431360822267,False,-0.1436527960459355,23
107.0,0.0,0.15814,2.4371431360822267,False,-0.1436527960459355,23
128.0,0.0,0.21395299999999998,2.4371431360822267,False,-0.1436527960459355,23
129.0,0.0,0.153488,2.4371431360822267,False,-0.1436527960459355,23
109.0,0.0,0.190698,2.4371431360822267,False,-0.1436527960459355,23
294.0,0.0,0.13023300000000002,2.122129567495536,False,-0.15421096488849312,23
11.0,0.0,0.11627900000000001,2.122129567495536,False,-0.15421096488849312,23
70.0,0.0,0.227907,2.6563922941536955,False,-0.1621613823009596,23
69.0,0.0,0.111628,2.122129567495536,False,-0.1647302350946364,23
47.0,0.0,0.111628,2.122129567495536,False,-0.1647302350946364,23
18.0,0.0,0.111628,2.122129567495536,False,-0.1647302350946364,23
117.0,0.0,0.23255800000000001,2.669563928657181,False,-0.17005925118774384,23
15.0,0.0,0.10697699999999999,2.122129567495536,False,-0.17505924376011328,23
25.0,0.0,0.09302300000000001,2.122129567495536,False,-0.17505924376011328,23
6.0,0.0,0.097674,2.122129567495536,False,-0.17505924376011328,23
56.0,0.0,0.10697699999999999,2.122129567495536,False,-0.17505924376011328,23
310.0,0.0,0.097674,2.122129567495536,False,-0.17505924376011328,23
45.0,0.0,0.102326,2.122129567495536,False,-0.17505924376011328,23
309.0,0.0,0.10697699999999999,2.122129567495536,False,-0.17505924376011328,23
22.0,0.0,0.10697699999999999,2.122129567495536,False,-0.17505924376011328,23
20.0,0.0,0.08837199999999999,2.122129567495536,False,-0.18666898427507791,23
31.0,0.0,0.08837199999999999,2.122129567495536,False,-0.18666898427507791,23
63.0,0.0,0.15814,2.3750035647299925,False,-0.18984307042663712,23
221.0,0.0,0.060465,2.294262600554542,False,-0.20238601291918495,23
248.0,0.0,0.032558,2.294262600554542,False,-0.20238601291918495,23
144.0,0.0,0.032558,2.294262600554542,False,-0.20238601291918495,23
90.0,0.97888654,0.0,2.294262600554542,False,-0.20455856124295768,23
175.0,0.98059714,0.0,2.294262600554542,False,-0.20455856124295768,23
267.0,0.986359,0.0,2.294262600554542,False,-0.20455856124295768,23
162.0,0.9819553,0.0,2.294262600554542,False,-0.20455856124295768,23
249.0,0.9856504,0.0,2.294262600554542,False,-0.20455856124295768,23
262.0,0.9792924,0.0,2.294262600554542,False,-0.20455856124295768,23
246.0,0.98288167,0.0,2.294262600554542,False,-0.20455856124295768,23
228.0,0.9839874,0.0,2.294262600554542,False,-0.20455856124295768,23
88.0,0.979773,0.0,2.294262600554542,False,-0.20455856124295768,23
66.0,0.94341636,0.227907,2.669563928657181,False,-0.20484563476422024,23
217.0,0.9504174,0.0,2.294262600554542,False,-0.2072870625825361,23
198.0,0.953485,0.0,2.294262600554542,False,-0.2072870625825361,23
160.0,0.94869125,0.0,2.294262600554542,False,-0.2072870625825361,23
210.0,0.9504868,0.0,2.294262600554542,False,-0.2072870625825361,23
165.0,0.95441246,0.0,2.294262600554542,False,-0.2072870625825361,23
202.0,0.96577466,0.0,2.294262600554542,False,-0.2072870625825361,23
184.0,0.95013744,0.0,2.294262600554542,False,-0.2072870625825361,23
300.0,0.94835496,0.0,2.294262600554542,False,-0.2072870625825361,23
126.0,0.9087595,0.0,2.4371431360822267,False,-0.21276143519533267,23
127.0,0.9091109,0.0,2.4371431360822267,False,-0.21276143519533267,23
272.0,0.90139616,0.0,2.4371431360822267,False,-0.21276143519533267,23
80.0,0.91777176,0.0,2.4371431360822267,False,-0.21276143519533267,23
110.0,0.9163984,0.0,2.4371431360822267,False,-0.21276143519533267,23
108.0,0.9870746,0.223256,2.3750035647299925,False,-0.21657760493824535,23
111.0,0.94527483,0.0,2.4371431360822267,False,-0.21766248485868386,23
301.0,0.9762115,0.0,2.122129567495536,False,-0.2194621493424004,23
87.0,0.97826725,0.0,2.122129567495536,False,-0.2194621493424004,23
99.0,0.97544575,0.0,2.122129567495536,False,-0.2194621493424004,23
230.0,0.97861993,0.0,2.122129567495536,False,-0.2194621493424004,23
98.0,0.9774722,0.0,2.122129567495536,False,-0.2194621493424004,23
302.0,0.9795413,0.0,2.122129567495536,False,-0.2194621493424004,23
3.0,0.97445977,0.0,2.122129567495536,False,-0.2194621493424004,23
10.0,0.94785225,0.0,2.6563922941536955,False,-0.23617107111370797,23
21.0,0.95300364,0.0,2.6563922941536955,False,-0.23617107111370797,23
19.0,0.9490862,0.0,2.6563922941536955,False,-0.23617107111370797,23
42.0,0.94842637,0.0,2.6563922941536955,False,-0.23617107111370797,23
89.0,0.96780396,0.0,2.6563922941536955,False,-0.23617107111370797,23
123.0,0.95213014,0.0,2.6563922941536955,False,-0.23617107111370797,23
77.0,0.9644271,0.0,2.669563928657181,False,-0.2440689400004922,23
102.0,0.9594641,0.0,2.669563928657181,False,-0.2440689400004922,23
95.0,0.9867786,0.0,2.3750035647299925,False,-0.2611242578998071,23
303.0,0.98208547,0.0,1.8216061130297478,False,-0.2807205763230225,23
116.0,0.92055047,0.0,2.7069493680830896,False,-0.31548744992103916,23
114.0,1.0000001,1.0,3.6276450588483153,False,0.7870482859871087,47
115.0,1.0000002,1.0,3.6276450588483153,False,0.7870482859871087,47
70.0,1.0,1.0,4.0043138208456845,False,0.783089925528284,47
71.0,1.0000002,1.0,4.0043138208456845,False,0.783089925528284,47
57.0,1.0,1.0,3.7716365889086014,False,0.715156309570488,47
97.0,1.0,1.0,3.6640714633921028,False,0.6658379003541212,47
310.0,1.0000002,1.0,3.241318884804477,False,0.658828247087935,47
302.0,1.0,1.0,3.241318884804477,False,0.658828247087935,47
54.0,1.0000001,1.0,3.241318884804477,False,0.658828247087935,47
299.0,1.0,1.0,3.241318884804477,False,0.658828247087935,47
130.0,1.0,1.0,3.241318884804477,False,0.658828247087935,47
249.0,0.99999994,1.0,3.241318884804477,False,0.658828247087935,47
109.0,0.9957278,0.7488370000000001,4.0043138208456845,False,0.6278795080899195,47
119.0,0.99999976,1.0,3.7883230245844213,False,0.611063742628093,47
118.0,0.9989145,0.9069769999999999,3.7883230245844213,False,0.611063742628093,47
304.0,0.9984892,0.7209300000000001,3.241318884804477,False,0.5832632135577883,47
96.0,0.99999964,1.0,3.670350520435348,False,0.5716773178259048,47
108.0,0.99999964,1.0,3.241318884804477,False,0.5439837914249147,47
313.0,0.994558,0.702326,3.241318884804477,False,0.5227215744399003,47
312.0,0.9955091,0.7209300000000001,3.241318884804477,False,0.5227215744399003,47
311.0,0.9952489,0.772093,3.241318884804477,False,0.5227215744399003,47
81.0,1.0000002,1.0,3.2928209866682105,False,0.5137247559682666,47
301.0,0.99688697,0.734884,3.241318884804477,False,0.5016297854813594,47
300.0,0.99718493,0.7534879999999999,3.241318884804477,False,0.5016297854813594,47
92.0,1.0,1.0,3.066053430022444,False,0.4374044296643174,47
41.0,0.9935137,0.665116,3.241318884804477,False,0.4196455371952086,47
40.0,0.9926945,0.613953,3.241318884804477,False,0.348168966914185,47
43.0,0.9906782,0.6418600000000001,3.241318884804477,False,0.30517704203314816,47
34.0,0.99067235,0.637209,3.241318884804477,False,0.30517704203314816,47
39.0,0.0,0.6511629999999999,3.241318884804477,False,0.2956935329171017,47
3.0,0.0,0.683721,3.241318884804477,False,0.2956935329171017,47
303.0,0.0,0.37674399999999997,3.241318884804477,False,0.27249235159955904,47
307.0,0.0,0.38604700000000003,3.241318884804477,False,0.27249235159955904,47
306.0,0.0,0.381395,3.241318884804477,False,0.27249235159955904,47
305.0,0.0,0.395349,3.241318884804477,False,0.27249235159955904,47
105.0,0.9857335,0.483721,3.7883230245844213,False,0.26014320890802023,47
66.0,0.98568213,0.34883699999999995,4.0043138208456845,False,0.25040168896875653,47
308.0,0.98172164,0.404651,3.241318884804477,False,0.24575781708795089,47
295.0,0.9647895,0.623256,3.2928209866682105,False,0.16345531810181502,47
132.0,0.98891175,0.5023259999999999,3.241318884804477,False,0.1484374082154643,47
111.0,0.0,0.362791,3.2928209866682105,False,0.14463281178110776,47
110.0,0.0,0.35814,3.2928209866682105,False,0.1382734851674943,47
124.0,0.0,0.325581,4.0043138208456845,False,-0.015571274650862648,47
131.0,0.0,0.339535,3.241318884804477,False,-0.019494470158107135,47
53.0,0.99305856,0.15814,3.670350520435348,False,-0.06841086227790177,47
60.0,0.9930667,0.162791,3.670350520435348,False,-0.06841086227790177,47
142.0,0.9859476,0.293023,3.241318884804477,False,-0.08924146400532512,47
125.0,0.0,0.11627900000000001,3.7883230245844213,False,-0.1529764417538204,47
76.0,0.0,0.25116299999999997,3.2928209866682105,False,-0.15359224684837483,47
102.0,0.0,0.24186,3.2928209866682105,False,-0.15359224684837483,47
77.0,0.0,0.24186,3.2928209866682105,False,-0.15359224684837483,47
50.0,0.9925796,0.0,3.670350520435348,False,-0.15510875374896496,47
101.0,0.9226943,0.218605,3.2928209866682105,False,-0.17131418817061742,47
107.0,0.92087036,0.223256,3.2928209866682105,False,-0.17131418817061742,47
64.0,0.0,0.223256,4.0043138208456845,False,-0.17312073811414458,47
65.0,0.0,0.227907,4.0043138208456845,False,-0.17312073811414458,47
63.0,0.0,0.15814,3.670350520435348,False,-0.18190635898987775,47
61.0,0.0,0.15814,3.670350520435348,False,-0.18190635898987775,47
106.0,0.9696733,0.15814,3.7883230245844213,False,-0.18243947760500706,47
78.0,0.0,0.065116,3.7883230245844213,False,-0.19146446415966786,47
79.0,0.0,0.069767,3.7883230245844213,False,-0.19146446415966786,47
45.0,0.0,0.065116,3.7883230245844213,False,-0.19146446415966786,47
26.0,0.0,0.069767,3.7883230245844213,False,-0.19146446415966786,47
297.0,0.0,0.074419,3.7883230245844213,False,-0.19146446415966786,47
35.0,0.99155736,0.0,3.241318884804477,False,-0.20640294053562208,47
91.0,0.98679864,0.18139500000000003,3.670350520435348,False,-0.20864089350148599,47
58.0,0.9844141,0.255814,3.241318884804477,False,-0.21698606127073772,47
293.0,0.0,0.18604700000000002,3.241318884804477,False,-0.2200563929569988,47
188.0,0.97874534,0.0,3.7883230245844213,False,-0.2242576292269903,47
98.0,0.9690822,0.0,3.7883230245844213,False,-0.22698613056656872,47
42.0,0.97188926,0.0,3.7883230245844213,False,-0.22698613056656872,47
298.0,0.96749896,0.0,3.7883230245844213,False,-0.22698613056656872,47
147.0,0.96901166,0.0,3.7883230245844213,False,-0.22698613056656872,47
14.0,0.96772045,0.0,3.7883230245844213,False,-0.22698613056656872,47
95.0,0.0,0.23255800000000001,3.6640714633921028,True,-0.2321504844811424,47
127.0,0.91635895,0.0,3.2928209866682105,False,-0.23372960880370192,47
52.0,0.9846546,0.16744199999999998,3.241318884804477,False,-0.24679092746860704,47
116.0,0.0,0.102326,3.241318884804477,False,-0.24693467484788162,47
129.0,0.95055187,0.0,4.0043138208456845,False,-0.24713042692689288,47
67.0,0.9628763,0.190698,3.241318884804477,False,-0.24951942880818545,47
171.0,0.0,0.04186,3.6415493656869886,False,-0.254573938996565,47
314.0,0.9908957,0.0,3.241318884804477,False,-0.25511953680251404,47
289.0,0.97423077,0.0,3.6415493656869886,False,-0.2567464873203377,47
250.0,0.97607225,0.0,3.6415493656869886,False,-0.2567464873203377,47
177.0,0.98375446,0.0,3.6415493656869886,False,-0.2567464873203377,47
262.0,0.97597194,0.0,3.6415493656869886,False,-0.2567464873203377,47
207.0,0.97989684,0.0,3.6415493656869886,False,-0.2567464873203377,47
198.0,0.9738412,0.0,3.6415493656869886,False,-0.2567464873203377,47
212.0,0.9851457,0.0,3.6415493656869886,False,-0.2567464873203377,47
1.0,0.0,0.074419,3.241318884804477,False,-0.25854441536284634,47
6.0,0.0,0.074419,3.241318884804477,False,-0.25854441536284634,47
69.0,0.0,0.074419,3.241318884804477,False,-0.25854441536284634,47
11.0,0.0,0.074419,3.241318884804477,False,-0.25854441536284634,47
80.0,0.0,0.074419,3.241318884804477,False,-0.25854441536284634,47
134.0,0.0,0.074419,3.241318884804477,False,-0.25854441536284634,47
169.0,0.0,0.065116,3.241318884804477,False,-0.25854441536284634,47
288.0,0.9777821,0.0,3.6276450588483153,False,-0.26251950583492617,47
160.0,0.97622406,0.0,3.6276450588483153,False,-0.26251950583492617,47
191.0,0.9726083,0.0,3.6276450588483153,False,-0.2652480071745046,47
296.0,0.0,0.148837,3.066053430022444,False,-0.26529699476546337,47
36.0,0.0,0.148837,3.066053430022444,False,-0.26529699476546337,47
187.0,0.9554015,0.0,3.6640714633921028,False,-0.26666494415809866,47
257.0,0.96054256,0.0,3.6640714633921028,False,-0.26666494415809866,47
5.0,0.9555752,0.0,3.6640714633921028,False,-0.26666494415809866,47
275.0,0.9605508,0.0,3.6640714633921028,False,-0.26666494415809866,47
261.0,0.9574933,0.0,3.6640714633921028,False,-0.26666494415809866,47
141.0,0.96193403,0.0,3.6640714633921028,False,-0.26666494415809866,47
279.0,0.9711032,0.0,3.6640714633921028,False,-0.26666494415809866,47
89.0,0.9350662,0.0,3.2928209866682105,False,-0.2685159923801784,47
126.0,0.9087595,0.0,3.241318884804477,False,-0.28916503210639605,47
59.0,0.9857446,0.0,3.241318884804477,False,-0.2913375804301688,47
267.0,0.9858419,0.0,3.241318884804477,False,-0.2913375804301688,47
72.0,0.9858208,0.0,3.241318884804477,False,-0.2913375804301688,47
162.0,0.98418736,0.0,3.241318884804477,False,-0.2913375804301688,47
51.0,0.9831506,0.0,3.241318884804477,False,-0.2913375804301688,47
228.0,0.98395413,0.0,3.241318884804477,False,-0.2913375804301688,47
197.0,0.9856504,0.0,3.241318884804477,False,-0.2913375804301688,47
233.0,0.981568,0.0,3.241318884804477,False,-0.2913375804301688,47
283.0,0.9879898,0.0,3.241318884804477,False,-0.2913375804301688,47
246.0,0.9847282,0.0,3.241318884804477,False,-0.2913375804301688,47
117.0,0.9446459,0.0,3.241318884804477,False,-0.2940660817697472,47
68.0,0.96413183,0.0,3.241318884804477,False,-0.2940660817697472,47
74.0,0.9348842,0.0,3.241318884804477,False,-0.3239514156828724,47
75.0,0.93976355,0.0,3.241318884804477,False,-0.3239514156828724,47
87.0,0.9657581,0.0,3.066053430022444,False,-0.33930668357821175,47
222.0,0.972134,0.0,3.066053430022444,False,-0.33930668357821175,47
224.0,0.9662771,0.0,3.066053430022444,False,-0.33930668357821175,47
88.0,0.96761644,0.0,3.066053430022444,False,-0.33930668357821175,47
90.0,0.96570027,0.0,3.066053430022444,False,-0.33930668357821175,47
100.0,0.9654819,0.0,3.066053430022444,False,-0.33930668357821175,47
154.0,0.9687811,0.0,3.066053430022444,False,-0.33930668357821175,47
193.0,0.961801,0.0,3.066053430022444,False,-0.33930668357821175,47
268.0,0.9640774,0.0,3.066053430022444,False,-0.33930668357821175,47
64.0,1.0000001,1.0,2.1469160023608134,False,0.7695199854305144,140
65.0,1.0000002,1.0,2.1469160023608134,False,0.7695199854305144,140
13.0,1.0000002,1.0,2.0443694297512987,False,0.7691383159520819,140
14.0,1.0,1.0,2.0443694297512987,False,0.7691383159520819,140
123.0,1.0,1.0,2.0443694297512987,False,0.7691383159520819,140
168.0,1.0000001,1.0,2.0443694297512987,False,0.7691383159520819,140
18.0,1.0000001,1.0,2.0443694297512987,False,0.7691383159520819,140
38.0,1.0,1.0,2.0443694297512987,False,0.7691383159520819,140
45.0,1.0000001,1.0,2.0443694297512987,False,0.7691383159520819,140
24.0,1.0,1.0,2.0443694297512987,False,0.7691383159520819,140
22.0,1.0000001,1.0,2.0443694297512987,False,0.7691383159520819,140
21.0,1.0000002,1.0,2.0443694297512987,False,0.7691383159520819,140
29.0,1.0000001,1.0,2.0443694297512987,False,0.7691383159520819,140
41.0,1.0000001,1.0,2.0443694297512987,True,0.7691383159520819,140
2.0,1.0000005,1.0,2.0443694297512987,False,0.7691383159520819,140
44.0,0.9999999,1.0,2.0443694297512987,False,0.6592419660246678,140
25.0,0.9999999,1.0,2.0443694297512987,False,0.6592419660246678,140
46.0,0.9999999,1.0,2.0443694297512987,False,0.6592419660246678,140
23.0,0.9999999,1.0,2.0443694297512987,False,0.6592419660246678,140
19.0,0.9999997,1.0,2.0443694297512987,False,0.6351901154987318,140
193.0,0.99999964,1.0,2.0443694297512987,False,0.6351901154987318,140
39.0,0.9949986,0.646512,2.0443694297512987,True,0.6139278985137173,140
311.0,1.0000002,1.0,2.0827509142581144,False,0.5715941286016964,140
298.0,1.0,1.0,2.0827509142581144,True,0.5715941286016964,140
70.0,1.0,1.0,2.0827509142581144,False,0.5715941286016964,140
130.0,1.0,1.0,2.0827509142581144,False,0.5715941286016964,140
105.0,1.0000002,1.0,1.865268520174617,False,0.5654143780624082,140
171.0,1.0000005,1.0,0.9540789755988556,False,0.5494583904563476,140
274.0,1.0000001,1.0,0.9540789755988556,False,0.5494583904563476,140
116.0,1.0000001,1.0,0.9540789755988556,False,0.5494583904563476,140
10.0,0.9952851,0.967442,2.0443694297512987,False,0.5441880716887402,140
34.0,0.9954854,0.7860469999999999,2.0443694297512987,False,0.5441880716887402,140
40.0,0.9937335,0.581395,2.0443694297512987,True,0.538876334803813,140
312.0,0.9934268,0.67907,2.0443694297512987,False,0.5108518612690257,140
310.0,0.9935137,0.665116,2.0443694297512987,False,0.5108518612690257,140
110.0,1.0000002,1.0,1.737040902720068,False,0.5012027216916296,140
27.0,1.0000002,1.0,1.737040902720068,False,0.5012027216916296,140
17.0,1.0,1.0,1.737040902720068,False,0.5012027216916296,140
11.0,1.0,1.0,1.737040902720068,False,0.5012027216916296,140
87.0,1.0000001,1.0,1.737040902720068,False,0.5012027216916296,140
1.0,1.0000004,1.0,1.737040902720068,False,0.5012027216916296,140
33.0,1.0,1.0,1.737040902720068,False,0.5012027216916296,140
55.0,1.0000002,1.0,1.737040902720068,False,0.5012027216916296,140
20.0,1.0000002,1.0,1.737040902720068,False,0.5012027216916296,140
30.0,1.0000002,1.0,1.737040902720068,False,0.5012027216916296,140
28.0,1.0,1.0,1.737040902720068,False,0.5012027216916296,140
31.0,1.0000001,1.0,1.737040902720068,False,0.5012027216916296,140
50.0,1.0000002,1.0,1.737040902720068,False,0.5012027216916296,140
313.0,0.9921954,0.6697669999999999,2.0443694297512987,False,0.47079579040264996,140
107.0,0.9999999,1.0,2.0827509142581144,False,0.4616977786742821,140
58.0,0.9999998,1.0,2.1359526035420293,False,0.4473071492476144,140
314.0,0.9930229,0.8046510000000001,2.0443694297512987,False,0.44111203444404856,140
53.0,0.99943006,0.7767440000000001,1.737040902720068,False,0.4292034052924065,140
71.0,0.9946378,0.744186,2.0827509142581144,False,0.41638371116333184,140
43.0,0.9944343,0.7209300000000001,2.0827509142581144,True,0.41638371116333184,140
12.0,0.9999998,1.0,1.737040902720068,False,0.4139758336854687,140
7.0,0.9999999,1.0,1.737040902720068,False,0.4139758336854687,140
26.0,0.9999999,1.0,1.737040902720068,False,0.4139758336854687,140
73.0,0.9999999,1.0,1.737040902720068,False,0.4139758336854687,140
124.0,0.99999964,1.0,1.8510388094235992,False,0.40173092758860324,140
72.0,0.99999976,1.0,2.0264930830025607,False,0.39777256712977843,140
6.0,0.9985262,0.809302,1.737040902720068,False,0.38992398315953286,140
32.0,0.99999964,1.0,1.737040902720068,False,0.38992398315953286,140
15.0,0.99999976,1.0,1.737040902720068,False,0.38992398315953286,140
16.0,0.99999976,1.0,1.737040902720068,False,0.38992398315953286,140
8.0,0.99999976,1.0,1.737040902720068,False,0.38992398315953286,140
35.0,0.99064916,0.581395,2.0443694297512987,False,0.3786373858869618,140
309.0,0.0,0.604651,2.0443694297512987,False,0.36915387677091527,140
88.0,0.9944171,0.637209,1.737040902720068,False,0.36866176617451846,140
224.0,0.9913431,0.395349,2.0443694297512987,False,0.35458453372778354,140
75.0,0.0,0.395349,2.1469160023608134,False,0.34548269409016946,140
197.0,0.9984032,0.576744,2.0264930830025607,False,0.3261236193518068,140
36.0,0.9984319,0.87907,2.0827509142581144,False,0.3255520953798138,140
109.0,0.9975029,0.87907,2.0827509142581144,False,0.3255520953798138,140
77.0,0.9923438,0.660465,2.0827509142581144,False,0.31075463215622107,140
76.0,0.9917878,0.655814,2.0827509142581144,False,0.31075463215622107,140
9.0,0.0,0.469767,2.0443694297512987,False,0.2924064652286281,140
74.0,0.0,0.35814,2.1469160023608134,False,0.275115244997008,140
135.0,0.9751172,0.483721,2.0443694297512987,False,0.2656719307170199,140
111.0,0.9876363,0.734884,1.737040902720068,False,0.19550840220842955,140
142.0,0.0,0.390698,2.1359526035420293,False,0.19176995072245778,140
61.0,0.991111,0.372093,1.737040902720068,False,0.1783786518424896,140
37.0,0.0,0.390698,1.737040902720068,False,0.16889514272644315,140
295.0,0.0,0.38604700000000003,1.737040902720068,False,0.16889514272644315,140
90.0,0.99178386,0.497674,1.737040902720068,False,0.1674468413568351,140
60.0,0.99139106,0.362791,1.737040902720068,False,0.1541459618297739,140
78.0,0.97539556,0.404651,1.737040902720068,False,0.14216060821483492,140
81.0,0.0,0.35814,1.737040902720068,False,0.13830312610011397,140
102.0,0.9875616,0.432558,2.0827509142581144,False,0.12572877265956445,140
118.0,0.9866842,0.48837200000000003,1.865268520174617,False,0.12055173571511998,140
119.0,0.9857335,0.483721,1.865268520174617,False,0.12055173571511998,140
79.0,0.97630537,0.413953,1.737040902720068,False,0.08946604883172586,140
86.0,0.97673255,0.49302300000000004,1.737040902720068,False,0.08946604883172586,140
103.0,0.98255765,0.418605,1.737040902720068,False,0.08946604883172586,140
62.0,0.9654201,0.432558,1.737040902720068,False,0.08673754749214746,140
132.0,0.98891175,0.5023259999999999,2.0827509142581144,False,0.08110292317018698,140
131.0,0.0,0.339535,2.0827509142581144,False,0.02763346810273979,140
66.0,0.98751307,0.33488399999999996,2.0827509142581144,False,0.000898933591131523,140
68.0,0.0,0.306977,2.1469160023608134,False,-0.0342834258746821,140
67.0,0.0,0.32093000000000005,2.1469160023608134,False,-0.0342834258746821,140
121.0,0.0,0.311628,1.737040902720068,False,-0.03471487760890936,140
104.0,0.9766959,0.30232600000000004,1.737040902720068,False,-0.06144941212051763,140
91.0,0.9838128,0.325581,1.737040902720068,False,-0.06144941212051763,140
120.0,0.9707462,0.297674,1.737040902720068,False,-0.06417791346009603,140
125.0,0.0,0.12093,1.865268520174617,False,-0.11067046588086739,140
101.0,0.95271415,0.265116,1.8510388094235992,False,-0.12960737798850855,140
106.0,0.97797346,0.162791,1.865268520174617,False,-0.1374050003924757,140
52.0,0.9907137,0.21395299999999998,1.737040902720068,False,-0.14972305163966487,140
285.0,0.9677081,0.26976700000000003,0.9540789755988556,False,-0.1506403219474545,140
80.0,0.91688174,0.11627900000000001,0.9540789755988556,False,-0.15098215229413717,140
100.0,0.0,0.15814,0.9540789755988556,False,-0.15098215229413717,140
177.0,0.0,0.139535,0.9540789755988556,False,-0.15098215229413717,140
57.0,0.9844141,0.255814,2.1359526035420293,False,-0.15098373186905953,140
97.0,0.0,0.237209,2.1359526035420293,False,-0.15405406355532061,140
96.0,0.9925796,0.0,1.737040902720068,False,-0.154671066154312,140
122.0,0.97049356,0.274419,1.737040902720068,False,-0.15886473040902863,140
293.0,0.0,0.111628,0.9540789755988556,False,-0.16150142250028052,140
108.0,0.9905019,0.227907,2.1359526035420293,False,-0.16511196683195556,140
127.0,0.0,0.10697699999999999,0.9540789755988556,False,-0.17183043116575739,140
248.0,0.0,0.032558,2.0264930830025607,False,-0.1749102642177141,140
221.0,0.0,0.060465,2.0264930830025607,False,-0.1749102642177141,140
85.0,0.97433794,0.0,1.865268520174617,False,-0.1759216503347747,140
98.0,0.9769863,0.0,1.865268520174617,False,-0.1759216503347747,140
249.0,0.9858208,0.0,2.0264930830025607,False,-0.17708281254148683,140
175.0,0.98059714,0.0,2.0264930830025607,False,-0.17708281254148683,140
162.0,0.9843169,0.0,2.0264930830025607,False,-0.17708281254148683,140
228.0,0.98427,0.0,2.0264930830025607,False,-0.17708281254148683,140
246.0,0.98383236,0.0,2.0264930830025607,False,-0.17708281254148683,140
267.0,0.986359,0.0,2.0264930830025607,False,-0.17708281254148683,140
115.0,0.9714818,0.0,1.865268520174617,False,-0.1786501516743531,140
83.0,0.971015,0.0,1.865268520174617,False,-0.1786501516743531,140
299.0,0.9719918,0.0,1.865268520174617,False,-0.1786501516743531,140
129.0,0.0,0.148837,2.0443694297512987,False,-0.18278166651645603,140
296.0,0.0,0.2,2.0443694297512987,False,-0.18278166651645603,140
128.0,0.0,0.139535,2.0443694297512987,False,-0.18278166651645603,140
69.0,0.0,0.13023300000000002,2.0443694297512987,False,-0.18278166651645603,140
49.0,0.98680425,0.195349,1.737040902720068,False,-0.18594109526731953,140
117.0,0.0,0.23255800000000001,2.1469160023608134,False,-0.19773546655887972,140
262.0,0.0,0.04186,0.9540789755988556,False,-0.22225490189407432,140
114.0,0.0,0.037209,0.9540789755988556,False,-0.22225490189407432,140
95.0,0.9744293,0.0,0.9540789755988556,False,-0.224427450217847,140
291.0,0.97518677,0.0,0.9540789755988556,False,-0.224427450217847,140
288.0,0.9720267,0.0,0.9540789755988556,False,-0.2271559515574254,140
289.0,0.96983236,0.0,0.9540789755988556,False,-0.2271559515574254,140
217.0,0.96543884,0.0,0.9540789755988556,False,-0.2271559515574254,140
258.0,0.9660746,0.0,0.9540789755988556,False,-0.2271559515574254,140
180.0,0.9655926,0.0,0.9540789755988556,False,-0.2271559515574254,140
176.0,0.9674438,0.0,0.9540789755988556,False,-0.2271559515574254,140
273.0,0.96881664,0.0,0.9540789755988556,False,-0.2271559515574254,140
200.0,0.96828747,0.0,0.9540789755988556,False,-0.2271559515574254,140
206.0,0.96910363,0.0,0.9540789755988556,False,-0.2271559515574254,140
126.0,0.9245833,0.0,0.9540789755988556,False,-0.22894812041038698,140
264.0,0.90791637,0.0,1.737040902720068,False,-0.23047931035564845,140
112.0,0.9011507,0.0,1.737040902720068,False,-0.23047931035564845,140
82.0,0.9734318,0.0,1.737040902720068,False,-0.23265185867942112,140
84.0,0.97826725,0.046512000000000005,1.737040902720068,False,-0.23265185867942112,140
42.0,0.98054445,0.0,1.737040902720068,True,-0.23265185867942112,140
3.0,0.9843397,0.0,1.737040902720068,True,-0.23265185867942112,140
153.0,0.9876014,0.0,1.737040902720068,False,-0.23265185867942112,140
51.0,0.95488155,0.0,1.737040902720068,False,-0.23538036001899953,140
181.0,0.88071793,0.0,2.0443694297512987,False,-0.2458603026465906,140
185.0,0.0,0.046512000000000005,2.0443694297512987,False,-0.2458603026465906,140
287.0,0.87216204,0.0,2.0443694297512987,False,-0.2458603026465906,140
265.0,0.87856233,0.0,2.0443694297512987,False,-0.2458603026465906,140
277.0,0.85744,0.0,2.0443694297512987,False,-0.2458603026465906,140
149.0,0.85699344,0.0,2.0443694297512987,False,-0.2458603026465906,140
266.0,0.88045895,0.0,2.0443694297512987,False,-0.2458603026465906,140
182.0,0.86486244,0.0,2.0443694297512987,False,-0.2458603026465906,140
268.0,0.9782693,0.0,2.0443694297512987,False,-0.24803285097036332,140
47.0,0.97398025,0.0,2.0443694297512987,False,-0.24803285097036332,140
56.0,0.9603458,0.0,2.0443694297512987,False,-0.25076135230994173,140
230.0,0.9718922,0.0,2.0443694297512987,False,-0.25076135230994173,140
89.0,0.9562758,0.0,2.0827509142581144,False,-0.25955091432081023,140
54.0,0.9304288,0.0,2.0827509142581144,False,-0.2613430831737718,140
70.0,1.0,1.0,1.917588198266005,False,0.7679074650850923,58
71.0,1.0000002,1.0,1.917588198266005,False,0.7679074650850923,58
97.0,1.0,1.0,1.8135563325680533,False,0.7557288520729435,58
87.0,1.0000001,1.0,2.010936513165685,False,0.7431832216009526,58
11.0,1.0,1.0,2.010936513165685,False,0.7431832216009526,58
18.0,1.0000001,1.0,2.010936513165685,False,0.7431832216009526,58
2.0,1.0000005,1.0,2.010936513165685,False,0.7431832216009526,58
34.0,1.0000002,1.0,2.010936513165685,False,0.7431832216009526,58
123.0,1.0,1.0,2.010936513165685,False,0.7431832216009526,58
110.0,1.0000002,1.0,2.010936513165685,False,0.7431832216009526,58
31.0,1.0000001,1.0,2.010936513165685,False,0.7431832216009526,58
28.0,1.0,1.0,2.010936513165685,False,0.7431832216009526,58
21.0,1.0000002,1.0,2.010936513165685,False,0.7431832216009526,58
20.0,1.0000002,1.0,2.010936513165685,False,0.7431832216009526,58
55.0,1.0000002,1.0,2.010936513165685,False,0.7431832216009526,58
22.0,1.0000001,1.0,2.010936513165685,False,0.7431832216009526,58
17.0,1.0,1.0,2.010936513165685,False,0.7431832216009526,58
27.0,1.0000002,1.0,2.010936513165685,False,0.7431832216009526,58
30.0,1.0000002,1.0,2.010936513165685,False,0.7431832216009526,58
29.0,1.0000001,1.0,2.010936513165685,False,0.7431832216009526,58
38.0,1.0,1.0,2.010936513165685,False,0.7431832216009526,58
33.0,1.0,1.0,2.010936513165685,False,0.7431832216009526,58
1.0,1.0000004,1.0,2.010936513165685,False,0.7431832216009526,58
50.0,1.0000002,1.0,2.010936513165685,False,0.7431832216009526,58
53.0,0.99943006,0.7767440000000001,2.010936513165685,False,0.6485144432804761,58
7.0,0.9999999,1.0,2.010936513165685,False,0.6332868716735384,58
26.0,0.9999999,1.0,2.010936513165685,False,0.6332868716735384,58
12.0,0.9999998,1.0,2.010936513165685,False,0.6332868716735384,58
73.0,0.9999999,1.0,2.010936513165685,False,0.6332868716735384,58
10.0,0.9999999,1.0,2.010936513165685,False,0.6332868716735384,58
130.0,1.0,1.0,0.8603324820483542,False,0.6316388747555212,58
311.0,1.0000002,1.0,0.8603324820483542,False,0.6316388747555212,58
298.0,1.0,1.0,0.8603324820483542,False,0.6316388747555212,58
96.0,0.99999964,1.0,1.8135563325680533,False,0.6217806516195934,58
109.0,0.9957278,0.7488370000000001,1.917588198266005,False,0.6126970476467277,58
302.0,1.0,1.0,1.5401582072782256,False,0.6103346016220651,58
299.0,1.0,1.0,1.5401582072782256,False,0.6103346016220651,58
307.0,1.0000002,1.0,1.5401582072782256,False,0.6103346016220651,58
6.0,0.99999976,1.0,2.010936513165685,False,0.6092350211476025,58
32.0,0.99999964,1.0,2.010936513165685,False,0.6092350211476025,58
15.0,0.99999976,1.0,2.010936513165685,False,0.6092350211476025,58
8.0,0.99999976,1.0,2.010936513165685,False,0.6092350211476025,58
16.0,0.99999976,1.0,2.010936513165685,False,0.6092350211476025,58
88.0,0.9944171,0.637209,2.010936513165685,False,0.5879728041625881,58
57.0,0.9971581,0.67907,1.8135563325680533,False,0.5794266456760381,58
39.0,0.9944172,0.613953,2.010936513165685,False,0.5586778623281715,58
64.0,1.0000001,1.0,1.2713242199139396,False,0.547753028851566,58
65.0,1.0000002,1.0,1.2713242199139396,False,0.547753028851566,58
107.0,0.9999999,1.0,0.8603324820483542,False,0.5217425248281068,58
19.0,0.9952851,0.967442,2.010936513165685,False,0.5182329773376109,58
41.0,0.9954854,0.7860469999999999,2.010936513165685,False,0.5182329773376109,58
304.0,0.9984892,0.7209300000000001,1.5401582072782256,False,0.5156658233015885,58
23.0,0.99614966,0.9953489999999999,2.010936513165685,False,0.49714118837906995,58
13.0,0.9968128,0.846512,2.010936513165685,False,0.49714118837906995,58
309.0,1.0000002,1.0,1.8227045384146323,False,0.4827162892409709,58
43.0,0.9944343,0.7209300000000001,0.8603324820483542,False,0.47642845731715633,58
40.0,0.9953525,0.637209,0.8603324820483542,False,0.47642845731715633,58
310.0,0.9952489,0.772093,0.8603324820483542,False,0.47642845731715633,58
177.0,0.9999999,1.0,1.2181380152725563,False,0.45551802813499387,58
308.0,0.99456406,0.7488370000000001,1.5401582072782256,False,0.4551241841837004,58
300.0,0.9954728,0.739535,1.5401582072782256,False,0.4551241841837004,58
306.0,0.9958091,0.6976739999999999,1.5401582072782256,False,0.4551241841837004,58
36.0,0.9929569,0.55814,2.010936513165685,False,0.44556367671838315,58
117.0,0.9999998,1.0,1.2059702312280824,False,0.4406756721618572,58
301.0,0.99688697,0.734884,1.5401582072782256,False,0.4340323952251596,58
314.0,0.9930229,0.8046510000000001,2.010936513165685,False,0.41515694009291926,58
312.0,0.99646145,0.8,0.8603324820483542,False,0.3855968415336384,58
313.0,0.9963833,0.790698,0.8603324820483542,False,0.3855968415336384,58
77.0,0.9923438,0.660465,0.8603324820483542,False,0.37079937831004567,58
76.0,0.9917878,0.655814,0.8603324820483542,False,0.37079937831004567,58
90.0,0.99178386,0.497674,2.010936513165685,False,0.3689449553508689,58
61.0,0.991111,0.372093,2.010936513165685,False,0.3597787656475499,58
24.0,0.0,0.404651,2.010936513165685,False,0.3502952565315034,58
25.0,0.0,0.367442,2.010936513165685,False,0.3502952565315034,58
37.0,0.0,0.390698,2.010936513165685,False,0.3502952565315034,58
9.0,0.0,0.409302,2.010936513165685,False,0.3502952565315034,58
295.0,0.0,0.38604700000000003,2.010936513165685,False,0.3502952565315034,58
111.0,0.9876363,0.734884,2.010936513165685,False,0.34676190333743784,58
35.0,0.0,0.567442,2.010936513165685,False,0.3442014960146296,58
305.0,0.99233466,0.706977,1.5401582072782256,False,0.326140365182942,58
78.0,0.97539556,0.404651,2.010936513165685,False,0.3235607220198952,58
60.0,0.99139106,0.362791,2.010936513165685,False,0.3117853459959782,58
14.0,0.0,0.916279,2.010936513165685,False,0.3037566110240689,58
81.0,0.0,0.35814,2.010936513165685,False,0.279927807438342,58
79.0,0.97630537,0.413953,2.010936513165685,False,0.2708661626367862,58
103.0,0.98255765,0.418605,2.010936513165685,False,0.2708661626367862,58
86.0,0.97673255,0.49302300000000004,2.010936513165685,False,0.2708661626367862,58
62.0,0.9654201,0.432558,2.010936513165685,False,0.26813766129720784,58
66.0,0.98568213,0.34883699999999995,1.917588198266005,False,0.24676819013997786,58
303.0,0.99327904,0.47906999999999994,1.5401582072782256,False,0.24600579356230529,58
102.0,0.9875616,0.432558,0.8603324820483542,False,0.18677623240823285,58
75.0,0.0,0.395349,1.2713242199139396,False,0.182319480398995,58
74.0,0.0,0.35814,1.2713242199139396,False,0.15172746377266583,58
132.0,0.98891175,0.5023259999999999,0.8603324820483542,False,0.14215038291885537,58
131.0,0.0,0.339535,0.8603324820483542,False,0.10749519208845464,58
121.0,0.0,0.311628,2.010936513165685,False,0.03813115139565115,58
124.0,0.0,0.311628,0.8603324820483542,False,0.03640706662173197,58
104.0,0.9766959,0.30232600000000004,2.010936513165685,False,0.01139661688404286,58
91.0,0.9838128,0.325581,2.010936513165685,False,0.01139661688404286,58
120.0,0.9707462,0.297674,2.010936513165685,False,0.008668115544464458,58
68.0,0.0,0.306977,1.2713242199139396,False,-0.021290539936357464,58
67.0,0.0,0.32093000000000005,1.2713242199139396,False,-0.021290539936357464,58
142.0,0.0,0.25116299999999997,2.010936513165685,False,-0.10838958926170093,58
52.0,0.9907137,0.21395299999999998,2.010936513165685,False,-0.10993480295158439,58
171.0,0.0,0.139535,1.2181380152725563,False,-0.11067046588086739,58
101.0,0.0,0.274419,1.2713242199139396,False,-0.11597735688529012,58
122.0,0.97049356,0.274419,2.010936513165685,False,-0.11907648172094819,58
58.0,0.989956,0.223256,2.010936513165685,True,-0.1304762153442658,58
293.0,0.0,0.18604700000000002,0.8603324820483542,False,-0.14339379051690626,58
49.0,0.98680425,0.195349,2.010936513165685,False,-0.14615284657923905,58
89.0,0.0,0.18139500000000003,1.2059702312280824,False,-0.14986852066121323,58
82.0,0.9734318,0.0,0.8603324820483542,False,-0.17320044110330074,58
3.0,0.97721064,0.0,0.8603324820483542,False,-0.17320044110330074,58
160.0,0.9748241,0.0,1.2181380152725563,False,-0.1759216503347747,58
115.0,0.98375446,0.0,1.2181380152725563,False,-0.1759216503347747,58
198.0,0.9826759,0.0,1.2181380152725563,False,-0.1759216503347747,58
114.0,0.98327684,0.0,1.2181380152725563,False,-0.1759216503347747,58
289.0,0.9706521,0.0,1.2181380152725563,False,-0.1786501516743531,58
269.0,0.9730542,0.0,1.2181380152725563,False,-0.1786501516743531,58
288.0,0.9688928,0.0,1.2181380152725563,False,-0.1786501516743531,58
207.0,0.97249603,0.0,1.2181380152725563,False,-0.1786501516743531,58
212.0,0.9675025,0.0,1.2181380152725563,False,-0.1786501516743531,58
45.0,0.0,0.04186,2.010936513165685,False,-0.1906910616675679,58
264.0,0.90791637,0.0,2.010936513165685,False,-0.1906910616675679,58
112.0,0.9011507,0.0,2.010936513165685,False,-0.1906910616675679,58
129.0,0.8952277,0.0,2.010936513165685,False,-0.1906910616675679,58
84.0,0.97826725,0.046512000000000005,2.010936513165685,False,-0.19286360999134064,58
72.0,0.9749367,0.0,2.010936513165685,False,-0.19286360999134064,58
42.0,0.98054445,0.0,2.010936513165685,False,-0.19286360999134064,58
153.0,0.9876014,0.0,2.010936513165685,False,-0.19286360999134064,58
105.0,0.96280354,0.0,2.010936513165685,False,-0.19559211133091906,58
83.0,0.9569039,0.0,2.010936513165685,False,-0.19559211133091906,58
51.0,0.95488155,0.0,2.010936513165685,False,-0.19559211133091906,58
98.0,0.97050226,0.0,2.010936513165685,False,-0.19559211133091906,58
46.0,0.9703828,0.0,2.010936513165685,False,-0.19559211133091906,58
193.0,0.970551,0.0,2.010936513165685,False,-0.19559211133091906,58
197.0,0.9726115,0.0,2.010936513165685,False,-0.19559211133091906,58
175.0,0.9708544,0.0,2.010936513165685,False,-0.19559211133091906,58
126.0,0.9227898,0.0,2.010936513165685,False,-0.19738428018388063,58
80.0,0.9225857,0.0,2.010936513165685,False,-0.19738428018388063,58
95.0,0.0,0.23255800000000001,1.8135563325680533,False,-0.2115265999164505,58
63.0,0.0,0.15814,1.8135563325680533,False,-0.2115265999164505,58
127.0,0.9560741,0.0,1.2713242199139396,False,-0.2137619088766451,58
54.0,0.9304288,0.0,0.8603324820483542,False,-0.22135975863315613,58
59.0,0.9809357,0.0,1.5401582072782256,False,-0.23453138913875132,58
108.0,0.9870746,0.223256,1.8135563325680533,False,-0.23826113442805874,58
261.0,0.9574933,0.0,1.8135563325680533,False,-0.2795062857099363,58
279.0,0.9711032,0.0,1.8135563325680533,False,-0.2795062857099363,58
147.0,0.9567311,0.0,1.8135563325680533,False,-0.2795062857099363,58
187.0,0.9554015,0.0,1.8135563325680533,False,-0.2795062857099363,58
141.0,0.96193403,0.0,1.8135563325680533,False,-0.2795062857099363,58
257.0,0.96054256,0.0,1.8135563325680533,False,-0.2795062857099363,58
125.0,0.9608599,0.0,1.8135563325680533,False,-0.2795062857099363,58
5.0,0.9555752,0.0,1.8135563325680533,False,-0.2795062857099363,58
275.0,0.9605508,0.0,1.8135563325680533,False,-0.2795062857099363,58
110.0,1.0000002,1.0,2.365210482986286,False,0.7092374004720169,25
57.0,1.0,1.0,1.213956235491757,False,0.5614560176035833,25
50.0,1.0000002,1.0,1.0949387973596088,False,0.5536074336333379,25
61.0,1.0000001,1.0,1.858167567032856,False,0.5012027216916296,25
115.0,1.0000002,1.0,1.6733319403669689,False,0.5007296309718401,25
91.0,1.0,1.0,2.1730756259315682,False,0.49896346614215525,25
274.0,1.0000001,1.0,2.1730756259315682,False,0.49896346614215525,25
310.0,1.0000002,1.0,2.255080375799271,False,0.49816731014756355,25
302.0,1.0,1.0,2.255080375799271,False,0.49816731014756355,25
54.0,1.0000001,1.0,2.255080375799271,False,0.49816731014756355,25
130.0,1.0,1.0,2.255080375799271,False,0.49816731014756355,25
249.0,0.99999994,1.0,2.255080375799271,False,0.49816731014756355,25
299.0,1.0,1.0,2.255080375799271,False,0.49816731014756355,25
111.0,1.0000002,1.0,2.0421212534441664,False,0.49769421942777403,25
114.0,1.0000001,1.0,2.573520353171646,False,0.4971125340736492,25
53.0,0.99943006,0.7767440000000001,1.0949387973596088,True,0.45893865531286127,25
304.0,0.9984892,0.7209300000000001,2.255080375799271,False,0.42616799374834036,25
96.0,0.99999964,1.0,1.5769121506022699,False,0.4166238216359214,25
58.0,0.9999998,1.0,2.1730756259315682,False,0.41173657813599424,25
192.0,0.9999999,1.0,2.1730756259315682,False,0.41173657813599424,25
52.0,0.9999997,1.0,2.1730756259315682,False,0.3876847276100584,25
108.0,0.99999964,1.0,2.255080375799271,False,0.3868885716154667,25
313.0,0.994558,0.702326,2.255080375799271,False,0.3656263546304523,25
311.0,0.9952489,0.772093,2.255080375799271,False,0.3656263546304523,25
312.0,0.9955091,0.7209300000000001,2.255080375799271,False,0.3656263546304523,25
301.0,0.99713767,0.6976739999999999,2.255080375799271,False,0.3445345656719115,25
300.0,0.99718493,0.7534879999999999,2.255080375799271,False,0.3445345656719115,25
295.0,0.0,0.38604700000000003,2.365210482986286,False,0.31932879221390026,25
41.0,0.9935137,0.665116,2.255080375799271,False,0.2859050573794083,25
49.0,0.9938158,0.781395,2.1730756259315682,False,0.25192877551942283,25
81.0,0.0,0.35814,2.365210482986286,False,0.2489613431207388,25
40.0,0.9926945,0.613953,2.255080375799271,False,0.2364339562789287,25
34.0,0.99067235,0.637209,2.255080375799271,False,0.22869103429201793,25
43.0,0.9906782,0.6418600000000001,2.255080375799271,False,0.22869103429201793,25
3.0,0.0,0.683721,2.255080375799271,False,0.21920752517597153,25
39.0,0.0,0.6511629999999999,2.255080375799271,False,0.21920752517597153,25
142.0,0.0,0.390698,2.1730756259315682,False,0.19680249985302053,25
60.0,0.99139106,0.362791,1.0949387973596088,False,0.17342470428409765,25
305.0,0.0,0.395349,2.255080375799271,False,0.16485701758753318,25
306.0,0.0,0.381395,2.255080375799271,False,0.16485701758753318,25
303.0,0.0,0.37674399999999997,2.255080375799271,False,0.16485701758753318,25
307.0,0.0,0.38604700000000003,2.255080375799271,False,0.16485701758753318,25
308.0,0.98172164,0.404651,2.255080375799271,False,0.1381224830759249,25
132.0,0.98891175,0.5023259999999999,2.255080375799271,False,0.040802074203438406,25
131.0,0.0,0.339535,2.255080375799271,False,0.032335122718903354,25
136.0,0.9829105,0.339535,2.1730756259315682,False,0.03206991558775657,25
95.0,0.99249893,0.0,2.1730756259315682,False,-0.1136923951074688,25
285.0,0.9677081,0.26976700000000003,2.1730756259315682,False,-0.1260801728319881,25
100.0,0.0,0.15814,2.1730756259315682,False,-0.12642200317867072,25
97.0,0.0,0.237209,2.1730756259315682,False,-0.12642200317867072,25
63.0,0.0,0.15814,2.1730756259315682,False,-0.12642200317867072,25
237.0,0.0,0.09302300000000001,2.1730756259315682,False,-0.14727028205029094,25
236.0,0.0,0.065116,2.1730756259315682,False,-0.15888002256525557,25
64.0,0.0,0.204651,2.255080375799271,False,-0.169147263115537,25
293.0,0.0,0.18604700000000002,2.255080375799271,False,-0.169147263115537,25
76.0,0.0,0.18604700000000002,2.255080375799271,False,-0.169147263115537,25
109.0,0.0,0.190698,2.255080375799271,False,-0.169147263115537,25
124.0,0.0,0.204651,2.255080375799271,False,-0.169147263115537,25
71.0,0.0,0.18604700000000002,2.255080375799271,False,-0.169147263115537,25
35.0,0.99155736,0.0,2.255080375799271,False,-0.16956180786387112,25
77.0,0.0,0.21395299999999998,2.0421212534441664,False,-0.1696203538353265,25
101.0,0.0,0.237209,2.0421212534441664,False,-0.1696203538353265,25
107.0,0.0,0.237209,2.0421212534441664,False,-0.1696203538353265,25
102.0,0.0,0.218605,2.0421212534441664,False,-0.1696203538353265,25
262.0,0.0,0.04186,2.1730756259315682,False,-0.18950063930880529,25
246.0,0.0,0.055814,2.1730756259315682,False,-0.18950063930880529,25
116.0,0.0,0.102326,2.255080375799271,False,-0.1899955419871572,25
260.0,0.95036185,0.0,2.1730756259315682,False,-0.19440168897215643,25
258.0,0.9660746,0.0,2.1730756259315682,False,-0.19440168897215643,25
158.0,0.9490533,0.0,2.1730756259315682,False,-0.19440168897215643,25
176.0,0.9490961,0.0,2.1730756259315682,False,-0.19440168897215643,25
225.0,0.9461678,0.0,2.1730756259315682,False,-0.19440168897215643,25
180.0,0.9655926,0.0,2.1730756259315682,False,-0.19440168897215643,25
217.0,0.96543884,0.0,2.1730756259315682,False,-0.19440168897215643,25
314.0,0.9908957,0.0,2.255080375799271,False,-0.19818040394178957,25
67.0,0.9628763,0.190698,2.255080375799271,False,-0.1986102989667237,25
169.0,0.0,0.065116,2.255080375799271,False,-0.20160528250212184,25
1.0,0.0,0.074419,2.255080375799271,False,-0.20160528250212184,25
6.0,0.0,0.074419,2.255080375799271,False,-0.20160528250212184,25
11.0,0.0,0.074419,2.255080375799271,False,-0.20160528250212184,25
134.0,0.0,0.074419,2.255080375799271,False,-0.20160528250212184,25
80.0,0.0,0.074419,2.255080375799271,False,-0.20160528250212184,25
69.0,0.0,0.074419,2.255080375799271,False,-0.20160528250212184,25
94.0,0.942453,0.0,2.1730756259315682,False,-0.22428702288528168,25
37.0,0.94113576,0.0,2.1730756259315682,False,-0.22428702288528168,25
277.0,0.94237626,0.0,2.1730756259315682,False,-0.22428702288528168,25
179.0,0.93893147,0.0,2.1730756259315682,False,-0.22428702288528168,25
171.0,0.0,0.04186,1.6733319403669689,False,-0.23095240107543796,25
127.0,0.9091109,0.0,2.255080375799271,False,-0.23222589924567155,25
126.0,0.9087595,0.0,2.255080375799271,False,-0.23222589924567155,25
250.0,0.97607225,0.0,1.6733319403669689,False,-0.23312494939921063,25
289.0,0.97423077,0.0,1.6733319403669689,False,-0.23312494939921063,25
207.0,0.97989684,0.0,1.6733319403669689,False,-0.23312494939921063,25
177.0,0.98375446,0.0,1.6733319403669689,False,-0.23312494939921063,25
212.0,0.9851457,0.0,1.6733319403669689,False,-0.23312494939921063,25
198.0,0.9738412,0.0,1.6733319403669689,False,-0.23312494939921063,25
51.0,0.9831506,0.0,2.255080375799271,False,-0.23439844756944428,25
59.0,0.9857446,0.0,2.255080375799271,False,-0.23439844756944428,25
72.0,0.9858208,0.0,2.255080375799271,False,-0.23439844756944428,25
197.0,0.9856504,0.0,2.255080375799271,False,-0.23439844756944428,25
228.0,0.98395413,0.0,2.255080375799271,False,-0.23439844756944428,25
233.0,0.981568,0.0,2.255080375799271,False,-0.23439844756944428,25
283.0,0.9879898,0.0,2.255080375799271,False,-0.23439844756944428,25
267.0,0.9858419,0.0,2.255080375799271,False,-0.23439844756944428,25
162.0,0.98418736,0.0,2.255080375799271,False,-0.23439844756944428,25
160.0,0.97622406,0.0,2.573520353171646,False,-0.2345779358468617,25
288.0,0.9777821,0.0,2.573520353171646,False,-0.2345779358468617,25
105.0,0.9714818,0.0,1.6733319403669689,False,-0.23585345073878905,25
117.0,0.9446459,0.0,2.255080375799271,False,-0.2371269489090227,25
68.0,0.96413183,0.0,2.255080375799271,False,-0.2371269489090227,25
89.0,0.95131266,0.0,2.255080375799271,False,-0.2371269489090227,25
191.0,0.9726083,0.0,2.573520353171646,False,-0.23730643718644012,25
70.0,0.9304288,0.0,2.255080375799271,False,-0.23891911776198427,25
65.0,0.9290576,0.0,2.255080375799271,False,-0.23891911776198427,25
74.0,0.9348842,0.0,2.255080375799271,False,-0.267012282822148,25
66.0,0.9368184,0.0,2.255080375799271,False,-0.267012282822148,25
75.0,0.93976355,0.0,2.255080375799271,False,-0.267012282822148,25
130.0,1.0,1.0,1.571067528068365,False,0.8007948651070566,67
54.0,1.0000001,1.0,1.571067528068365,False,0.8007948651070566,67
249.0,0.99999994,1.0,1.571067528068365,False,0.8007948651070566,67
302.0,1.0,1.0,1.571067528068365,False,0.8007948651070566,67
310.0,1.0000002,1.0,1.571067528068365,False,0.8007948651070566,67
299.0,1.0,1.0,1.571067528068365,False,0.8007948651070566,67
57.0,1.0,1.0,1.571067528068365,False,0.8007948651070566,67
309.0,1.0000002,1.0,1.7864654122152566,False,0.7571114877261915,67
304.0,0.9984892,0.7209300000000001,1.571067528068365,False,0.6813577113461176,67
117.0,0.9999998,1.0,1.7185193728025432,False,0.6488679136895956,67
108.0,0.99999964,1.0,1.571067528068365,False,0.642078289213244,67
313.0,0.994558,0.702326,1.571067528068365,False,0.6208160722282294,67
312.0,0.9955091,0.7209300000000001,1.571067528068365,False,0.6208160722282294,67
311.0,0.9952489,0.772093,1.571067528068365,False,0.6208160722282294,67
301.0,0.99713767,0.6976739999999999,1.571067528068365,False,0.5997242832696886,67
96.0,0.9971581,0.67907,1.571067528068365,False,0.5997242832696886,67
300.0,0.99718493,0.7534879999999999,1.571067528068365,False,0.5997242832696886,67
114.0,1.0000001,1.0,0.5909385174292935,False,0.5652249682061001,67
115.0,1.0000002,1.0,0.5909385174292935,False,0.5652249682061001,67
97.0,1.0,1.0,1.1254969769686314,False,0.5643007464294842,67
307.0,1.0000002,1.0,1.3799761976920062,False,0.5614560176035833,67
110.0,1.0000002,1.0,1.4348109135741893,False,0.5584463416477123,67
111.0,1.0000002,1.0,1.2698092114414845,False,0.547753028851566,67
41.0,0.9935137,0.665116,1.571067528068365,False,0.5177400349835378,67
40.0,0.9926945,0.613953,1.571067528068365,False,0.4588151399117708,67
118.0,0.9989145,0.9069769999999999,1.2897929919348718,False,0.42077286481291165,67
119.0,0.99999976,1.0,1.2897929919348718,False,0.42077286481291165,67
43.0,0.9906782,0.6418600000000001,1.571067528068365,False,0.4158232150307339,67
34.0,0.99067235,0.637209,1.571067528068365,False,0.4158232150307339,67
39.0,0.0,0.6511629999999999,1.571067528068365,False,0.40633970591468743,67
3.0,0.0,0.683721,1.571067528068365,False,0.40633970591468743,67
306.0,0.9958091,0.6976739999999999,1.3799761976920062,False,0.4062456001652188,67
308.0,0.99456406,0.7488370000000001,1.3799761976920062,False,0.4062456001652188,67
15.0,0.0,0.6,1.7864654122152566,False,0.3581297621398687,67
25.0,0.0,0.604651,1.7864654122152566,False,0.3581297621398687,67
303.0,0.0,0.37674399999999997,1.571067528068365,False,0.35299191192109286,67
305.0,0.0,0.395349,1.571067528068365,False,0.35299191192109286,67
8.0,0.98711973,0.5906980000000001,1.7864654122152566,False,0.33139522762826046,67
1.0,0.9873855,0.6,1.7864654122152566,False,0.33139522762826046,67
24.0,0.98632044,0.613953,1.7864654122152566,False,0.33139522762826046,67
28.0,0.0,0.534884,1.7864654122152566,False,0.32572383234421776,67
18.0,0.0,0.539535,1.7864654122152566,False,0.32572383234421776,67
7.0,0.9886234,0.595349,1.7864654122152566,False,0.286769378138883,67
6.0,0.9888451,0.5906980000000001,1.7864654122152566,False,0.286769378138883,67
132.0,0.98891175,0.5023259999999999,1.571067528068365,False,0.22893696853699821,67
295.0,0.0,0.38604700000000003,1.4348109135741893,False,0.19301279319514142,67
81.0,0.0,0.35814,1.4348109135741893,False,0.1624207765688122,67
105.0,0.9857335,0.483721,1.2897929919348718,False,0.1098584229189736,67
131.0,0.0,0.339535,1.571067528068365,False,0.044313917422964,67
142.0,0.9859476,0.293023,1.571067528068365,False,-0.053508742555366993,67
53.0,0.99305856,0.15814,1.3946403593770444,False,-0.06862818331359158,67
60.0,0.9930667,0.162791,1.3946403593770444,False,-0.06862818331359158,67
50.0,0.0,0.190698,1.1254969769686314,False,-0.11178409751379136,67
61.0,0.0,0.18139500000000003,1.1254969769686314,False,-0.11178409751379136,67
58.0,0.0,0.237209,1.1254969769686314,False,-0.11178409751379136,67
91.0,0.0,0.190698,1.1254969769686314,False,-0.11178409751379136,67
95.0,0.0,0.23255800000000001,1.1254969769686314,False,-0.11178409751379136,67
63.0,0.0,0.172093,1.1254969769686314,False,-0.11178409751379136,67
101.0,0.0,0.204651,1.4348109135741893,False,-0.11763850229556325,67
107.0,0.0,0.21395299999999998,1.4348109135741893,False,-0.11763850229556325,67
124.0,0.0,0.18604700000000002,1.4348109135741893,False,-0.11763850229556325,67
102.0,0.0,0.190698,1.4348109135741893,False,-0.11763850229556325,67
77.0,0.0,0.18604700000000002,1.4348109135741893,False,-0.11763850229556325,67
76.0,0.0,0.172093,1.4348109135741893,False,-0.11763850229556325,67
125.0,0.0,0.11627900000000001,1.2897929919348718,False,-0.1388141866684636,67
35.0,0.99155736,0.0,1.571067528068365,False,-0.15749886001534785,67
314.0,0.9788651,0.0,1.3799761976920062,False,-0.15780407008716307,67
59.0,0.9857446,0.0,1.3799761976920062,False,-0.15780407008716307,67
51.0,0.98806286,0.0,1.3799761976920062,False,-0.15780407008716307,67
38.0,0.97808325,0.0,1.3799761976920062,False,-0.15780407008716307,67
106.0,0.9696733,0.15814,1.2897929919348718,False,-0.16827722251965024,67
64.0,0.0,0.204651,1.571067528068365,False,-0.16898820198618458,67
109.0,0.0,0.190698,1.571067528068365,False,-0.16898820198618458,67
71.0,0.0,0.18604700000000002,1.571067528068365,True,-0.16898820198618458,67
293.0,0.0,0.18604700000000002,1.571067528068365,False,-0.16898820198618458,67
45.0,0.0,0.065116,1.2897929919348718,False,-0.17127220605504845,67
78.0,0.0,0.065116,1.2897929919348718,False,-0.17127220605504845,67
297.0,0.0,0.074419,1.2897929919348718,False,-0.17127220605504845,67
79.0,0.0,0.069767,1.2897929919348718,False,-0.17127220605504845,67
26.0,0.0,0.069767,1.2897929919348718,False,-0.17127220605504845,67
126.0,0.9227898,0.0,1.4348109135741893,False,-0.18741035694201053,67
80.0,0.9225857,0.0,1.4348109135741893,False,-0.18741035694201053,67
187.0,0.9554015,0.0,1.1254969769686314,False,-0.18795789677707964,67
261.0,0.9574933,0.0,1.1254969769686314,False,-0.18795789677707964,67
257.0,0.96054256,0.0,1.1254969769686314,False,-0.18795789677707964,67
275.0,0.9605508,0.0,1.1254969769686314,False,-0.18795789677707964,67
279.0,0.9711032,0.0,1.1254969769686314,False,-0.18795789677707964,67
141.0,0.96193403,0.0,1.1254969769686314,False,-0.18795789677707964,67
5.0,0.9555752,0.0,1.1254969769686314,False,-0.18795789677707964,67
147.0,0.9567311,0.0,1.1254969769686314,False,-0.18795789677707964,67
116.0,0.0,0.102326,1.571067528068365,False,-0.1898364808578048,67
52.0,0.9846546,0.16744199999999998,1.571067528068365,False,-0.19572273649779282,67
67.0,0.9628763,0.190698,1.571067528068365,False,-0.19845123783737123,67
70.0,0.0,0.195349,1.7185193728025432,True,-0.20158589755662482,67
66.0,0.0,0.17674399999999998,1.7185193728025432,False,-0.20158589755662482,67
89.0,0.0,0.18139500000000003,1.7185193728025432,False,-0.20158589755662482,67
188.0,0.97874534,0.0,1.2897929919348718,False,-0.20406537112237083,67
298.0,0.96749896,0.0,1.2897929919348718,False,-0.20679387246194925,67
98.0,0.9690822,0.0,1.2897929919348718,False,-0.20679387246194925,67
14.0,0.96772045,0.0,1.2897929919348718,False,-0.20679387246194925,67
42.0,0.97188926,0.0,1.2897929919348718,False,-0.20679387246194925,67
69.0,0.0,0.074419,1.571067528068365,False,-0.20964033484257202,67
11.0,0.0,0.074419,1.571067528068365,False,-0.20964033484257202,67
134.0,0.0,0.074419,1.571067528068365,False,-0.20964033484257202,67
169.0,0.0,0.065116,1.571067528068365,False,-0.20964033484257202,67
68.0,0.95229405,0.0,1.2698092114414845,False,-0.2137619088766451,67
127.0,0.92224,0.0,1.2698092114414845,False,-0.21555407772960666,67
65.0,0.9246131,0.0,1.2698092114414845,False,-0.21555407772960666,67
262.0,0.9813261,0.0,1.571067528068365,False,-0.2424334999098944,67
233.0,0.981568,0.0,1.571067528068365,False,-0.2424334999098944,67
228.0,0.98395413,0.0,1.571067528068365,False,-0.2424334999098944,67
197.0,0.9856504,0.0,1.571067528068365,False,-0.2424334999098944,67
267.0,0.9858419,0.0,1.571067528068365,False,-0.2424334999098944,67
283.0,0.9879898,0.0,1.571067528068365,False,-0.2424334999098944,67
162.0,0.98418736,0.0,1.571067528068365,False,-0.2424334999098944,67
246.0,0.9847282,0.0,1.571067528068365,False,-0.2424334999098944,67
72.0,0.9858208,0.0,1.571067528068365,False,-0.2424334999098944,67
12.0,0.9842589,0.0,1.7864654122152566,False,-0.25315438838049426,67
30.0,0.98418,0.0,1.7864654122152566,False,-0.25315438838049426,67
171.0,0.0,0.037209,0.5909385174292935,False,-0.2577179105363129,67
212.0,0.9851457,0.0,0.5909385174292935,False,-0.25989045886008566,67
289.0,0.97423077,0.0,0.5909385174292935,False,-0.25989045886008566,67
207.0,0.97989684,0.0,0.5909385174292935,False,-0.25989045886008566,67
288.0,0.9777821,0.0,0.5909385174292935,False,-0.25989045886008566,67
198.0,0.9738412,0.0,0.5909385174292935,False,-0.25989045886008566,67
177.0,0.98375446,0.0,0.5909385174292935,False,-0.25989045886008566,67
160.0,0.97622406,0.0,0.5909385174292935,False,-0.25989045886008566,67
250.0,0.97607225,0.0,0.5909385174292935,False,-0.25989045886008566,67
191.0,0.9726083,0.0,0.5909385174292935,False,-0.2626189601996641,67
74.0,0.9348842,0.0,1.571067528068365,False,-0.27504733516259816,67
75.0,0.93976355,0.0,1.571067528068365,False,-0.27504733516259816,67
307.0,1.0000002,1.0,1.971415946224213,False,0.8003695234255026,416
302.0,1.0,1.0,1.971415946224213,False,0.8003695234255026,416
299.0,1.0,1.0,1.971415946224213,False,0.8003695234255026,416
110.0,1.0000002,1.0,1.751583737464174,False,0.7946079599030903,416
65.0,1.0000002,1.0,2.1715880907395144,False,0.774526251710472,416
64.0,1.0000001,1.0,2.1715880907395144,False,0.774526251710472,416
304.0,0.9984892,0.7209300000000001,1.971415946224213,False,0.6809323696645636,416
117.0,0.9999998,1.0,2.083486082700944,False,0.6447188705126055,416
308.0,0.99456406,0.7488370000000001,1.971415946224213,False,0.6203907305466755,416
306.0,0.9958091,0.6976739999999999,1.971415946224213,False,0.6203907305466755,416
300.0,0.9954728,0.739535,1.971415946224213,False,0.6203907305466755,416
301.0,0.9981017,0.739535,1.971415946224213,False,0.5992989415881347,416
97.0,1.0,1.0,2.1573359436909207,False,0.5715941286016964,416
114.0,1.0000001,1.0,1.48702312993363,False,0.5654143780624082,416
115.0,1.0000002,1.0,1.48702312993363,False,0.5654143780624082,416
70.0,1.0,1.0,1.2897929919348718,False,0.5547210652662619,416
71.0,1.0000002,1.0,1.2897929919348718,False,0.5547210652662619,416
54.0,1.0000001,1.0,1.8974920771308763,False,0.4890940517584589,416
130.0,1.0,1.0,1.8974920771308763,False,0.4890940517584589,416
310.0,1.0000002,1.0,1.8974920771308763,False,0.4890940517584589,416
57.0,1.0,1.0,1.8974920771308763,False,0.4890940517584589,416
249.0,0.99999994,1.0,1.8974920771308763,False,0.4890940517584589,416
111.0,1.0000002,1.0,1.6588080933934335,False,0.4879804201255349,416
305.0,0.99233466,0.706977,1.971415946224213,False,0.47725862243560796,416
96.0,0.99999964,1.0,2.1573359436909207,False,0.43764592814834624,416
303.0,0.99327904,0.47906999999999994,1.971415946224213,False,0.41127233992528006,416
109.0,0.9957278,0.7488370000000001,1.2897929919348718,False,0.39951064782789725,416
108.0,0.99999964,1.0,1.8974920771308763,False,0.35514585130510856,416
75.0,0.0,0.395349,2.1715880907395144,False,0.3514916739649707,416
295.0,0.0,0.38604700000000003,1.751583737464174,False,0.345802293122283,416
312.0,0.9955091,0.7209300000000001,1.8974920771308763,False,0.33388363432009416,416
313.0,0.994558,0.702326,1.8974920771308763,False,0.33388363432009416,416
311.0,0.9952489,0.772093,1.8974920771308763,False,0.33388363432009416,416
74.0,0.0,0.35814,2.1715880907395144,False,0.28112422487180927,416
81.0,0.0,0.35814,1.751583737464174,False,0.27543484402912155,416
41.0,0.9935137,0.665116,1.8974920771308763,False,0.25416233706905034,416
40.0,0.9926945,0.613953,1.8974920771308763,False,0.1942347284024397,416
34.0,0.99067235,0.637209,1.8974920771308763,False,0.18649180641552898,416
43.0,0.9906782,0.6418600000000001,1.8974920771308763,False,0.18649180641552898,416
39.0,0.0,0.6511629999999999,1.8974920771308763,False,0.17700829729948253,416
3.0,0.0,0.683721,1.8974920771308763,False,0.17700829729948253,416
66.0,0.98568213,0.34883699999999995,1.2897929919348718,False,0.13196096567575336,416
132.0,0.98891175,0.5023259999999999,1.8974920771308763,False,-0.0013971536730505573,416
131.0,0.0,0.339535,1.8974920771308763,False,-0.00986410515758564,416
124.0,0.0,0.311628,1.2897929919348718,False,-0.014322503521661593,416
67.0,0.0,0.32093000000000005,2.1715880907395144,False,-0.028274445999880847,416
68.0,0.0,0.306977,2.1715880907395144,False,-0.028274445999880847,416
142.0,0.9859476,0.293023,1.8974920771308763,False,-0.1076867651359166,416
53.0,0.99305856,0.15814,2.1573359436909207,False,-0.11441718875775664,416
60.0,0.9930667,0.162791,2.1573359436909207,False,-0.11441718875775664,416
76.0,0.0,0.24186,1.2897929919348718,False,-0.12778546386253367,416
77.0,0.0,0.218605,1.2897929919348718,False,-0.1388141866684636,416
101.0,0.0,0.274419,2.1715880907395144,False,-0.15601904326529342,416
171.0,0.0,0.04186,1.48702312993363,False,-0.1737491020110019,416
289.0,0.97423077,0.0,1.48702312993363,False,-0.1759216503347747,416
262.0,0.97597194,0.0,1.48702312993363,False,-0.1759216503347747,416
288.0,0.9777821,0.0,1.48702312993363,False,-0.1759216503347747,416
212.0,0.9828211,0.0,1.48702312993363,False,-0.1759216503347747,416
250.0,0.97607225,0.0,1.48702312993363,False,-0.1759216503347747,416
207.0,0.97989684,0.0,1.48702312993363,False,-0.1759216503347747,416
160.0,0.97622406,0.0,1.48702312993363,False,-0.1759216503347747,416
198.0,0.9738412,0.0,1.48702312993363,False,-0.1759216503347747,416
177.0,0.98375446,0.0,1.48702312993363,False,-0.1759216503347747,416
191.0,0.9726083,0.0,1.48702312993363,False,-0.1786501516743531,416
105.0,0.9714818,0.0,1.48702312993363,False,-0.1786501516743531,416
50.0,0.9925796,0.0,2.1573359436909207,False,-0.17884162045612254,416
107.0,0.0,0.209302,2.1715880907395144,False,-0.1858239094631628,416
102.0,0.0,0.190698,1.751583737464174,False,-0.1915132903058505,416
91.0,0.0,0.190698,2.1573359436909207,False,-0.19157122852732442,416
63.0,0.0,0.172093,2.1573359436909207,False,-0.19157122852732442,416
61.0,0.0,0.18139500000000003,2.1573359436909207,False,-0.19157122852732442,416
95.0,0.0,0.23255800000000001,2.1573359436909207,False,-0.19157122852732442,416
58.0,0.0,0.237209,2.1573359436909207,False,-0.19157122852732442,416
129.0,0.94839346,0.0,1.2897929919348718,False,-0.20679387246194925,416
293.0,0.0,0.18604700000000002,1.8974920771308763,False,-0.211346490992026,416
35.0,0.99155736,0.0,1.8974920771308763,False,-0.21176103574036012,416
89.0,0.0,0.18139500000000003,2.083486082700944,False,-0.21264023154937445,416
116.0,0.0,0.102326,1.8974920771308763,False,-0.2321947698636462,416
127.0,0.94037515,0.0,1.2897929919348718,False,-0.2366792063750745,416
52.0,0.9846546,0.16744199999999998,1.8974920771308763,False,-0.23808102550363422,416
314.0,0.9908957,0.0,1.8974920771308763,False,-0.24037963181827857,416
80.0,0.0,0.074419,1.8974920771308763,False,-0.24380451037861084,416
1.0,0.0,0.074419,1.8974920771308763,False,-0.24380451037861084,416
69.0,0.0,0.074419,1.8974920771308763,False,-0.24380451037861084,416
11.0,0.0,0.074419,1.8974920771308763,False,-0.24380451037861084,416
169.0,0.0,0.065116,1.8974920771308763,False,-0.24380451037861084,416
6.0,0.0,0.074419,1.8974920771308763,False,-0.24380451037861084,416
134.0,0.0,0.074419,1.8974920771308763,False,-0.24380451037861084,416
59.0,0.9809357,0.0,1.971415946224213,False,-0.25819431111230445,416
51.0,0.9831506,0.0,1.971415946224213,False,-0.25819431111230445,416
38.0,0.97808325,0.0,1.971415946224213,False,-0.25819431111230445,416
187.0,0.9554015,0.0,2.1573359436909207,False,-0.25955091432081023,416
125.0,0.9608599,0.0,2.1573359436909207,False,-0.25955091432081023,416
141.0,0.96193403,0.0,2.1573359436909207,False,-0.25955091432081023,416
5.0,0.9555752,0.0,2.1573359436909207,False,-0.25955091432081023,416
275.0,0.9605508,0.0,2.1573359436909207,False,-0.25955091432081023,416
279.0,0.9711032,0.0,2.1573359436909207,False,-0.25955091432081023,416
261.0,0.9574933,0.0,2.1573359436909207,False,-0.25955091432081023,416
257.0,0.96054256,0.0,2.1573359436909207,False,-0.25955091432081023,416
147.0,0.9567311,0.0,2.1573359436909207,False,-0.25955091432081023,416
123.0,0.95213014,0.0,2.1715880907395144,False,-0.26199770872645106,416
10.0,0.94785225,0.0,2.1715880907395144,False,-0.26199770872645106,416
21.0,0.95300364,0.0,2.1715880907395144,False,-0.26199770872645106,416
19.0,0.9490862,0.0,2.1715880907395144,False,-0.26199770872645106,416
42.0,0.94842637,0.0,2.1715880907395144,False,-0.26199770872645106,416
126.0,0.9227898,0.0,1.751583737464174,False,-0.26947925842210035,416
197.0,0.9856504,0.0,1.8974920771308763,False,-0.27659767544593333,416
228.0,0.98395413,0.0,1.8974920771308763,False,-0.27659767544593333,416
267.0,0.9858419,0.0,1.8974920771308763,False,-0.27659767544593333,416
283.0,0.9879898,0.0,1.8974920771308763,False,-0.27659767544593333,416
233.0,0.981568,0.0,1.8974920771308763,False,-0.27659767544593333,416
246.0,0.9847282,0.0,1.8974920771308763,False,-0.27659767544593333,416
162.0,0.98418736,0.0,1.8974920771308763,False,-0.27659767544593333,416
72.0,0.9858208,0.0,1.8974920771308763,False,-0.27659767544593333,416
61.0,1.0000001,1.0,2.3750035647299925,False,0.7199307132681633,404
91.0,1.0,1.0,2.5114953084853044,False,0.7159723528093385,404
57.0,1.0,1.0,2.5114953084853044,False,0.7159723528093385,404
274.0,1.0000001,1.0,2.5114953084853044,False,0.7159723528093385,404
58.0,0.9999998,1.0,2.5114953084853044,False,0.6287454648031777,404
192.0,0.9999999,1.0,2.5114953084853044,False,0.6287454648031777,404
96.0,0.99999964,1.0,2.5114953084853044,True,0.6046936142772418,404
52.0,0.9999997,1.0,2.5114953084853044,False,0.6046936142772418,404
97.0,1.0,1.0,2.55561478379057,False,0.5693432742468096,404
111.0,1.0000002,1.0,2.5401245867312485,False,0.5693432742468096,404
50.0,1.0000002,1.0,2.1067080215561953,False,0.5654143780624082,404
115.0,1.0000002,1.0,2.446780788208673,False,0.5329196193350799,404
114.0,1.0000001,1.0,2.446780788208673,False,0.5329196193350799,404
53.0,0.99943006,0.7767440000000001,2.1067080215561953,False,0.47074559974193164,404
49.0,0.9938158,0.781395,2.5114953084853044,False,0.468937662186606,404
299.0,1.0,1.0,1.743846253729732,False,0.450051303117489,404
310.0,1.0000002,1.0,1.743846253729732,False,0.450051303117489,404
54.0,1.0000001,1.0,1.743846253729732,False,0.450051303117489,404
130.0,1.0,1.0,1.743846253729732,False,0.450051303117489,404
249.0,0.99999994,1.0,1.743846253729732,False,0.450051303117489,404
302.0,1.0,1.0,1.743846253729732,False,0.450051303117489,404
304.0,0.9984892,0.7209300000000001,1.743846253729732,False,0.3532836112778033,404
142.0,0.0,0.390698,2.5114953084853044,False,0.3260637445512217,404
108.0,0.99999964,1.0,1.743846253729732,False,0.3140041891449296,404
60.0,0.9881662,0.367442,2.5114953084853044,False,0.2993292100396135,404
312.0,0.9955091,0.7209300000000001,1.743846253729732,False,0.2927419721599152,404
313.0,0.994558,0.702326,1.743846253729732,False,0.2927419721599152,404
311.0,0.9952489,0.772093,1.743846253729732,False,0.2927419721599152,404
301.0,0.99713767,0.6976739999999999,1.743846253729732,False,0.2716501832013744,404
300.0,0.99718493,0.7534879999999999,1.743846253729732,False,0.2716501832013744,404
81.0,0.0,0.362791,2.5401245867312485,False,0.21522048119729864,404
41.0,0.9935137,0.665116,1.743846253729732,False,0.2130206749088713,404
110.0,0.9876363,0.734884,2.5401245867312485,False,0.20604792547067932,404
295.0,0.0,0.4,2.5401245867312485,False,0.17843195239384932,404
40.0,0.9926945,0.613953,1.743846253729732,False,0.16354957380839158,404
43.0,0.9906782,0.6418600000000001,1.743846253729732,False,0.15580665182148085,404
34.0,0.99067235,0.637209,1.743846253729732,False,0.15580665182148085,404
39.0,0.0,0.6511629999999999,1.743846253729732,False,0.14632314270543445,404
3.0,0.0,0.683721,1.743846253729732,False,0.14632314270543445,404
303.0,0.0,0.37674399999999997,1.743846253729732,False,0.09197263511699605,404
306.0,0.0,0.381395,1.743846253729732,False,0.09197263511699605,404
307.0,0.0,0.38604700000000003,1.743846253729732,False,0.09197263511699605,404
305.0,0.0,0.395349,1.743846253729732,False,0.09197263511699605,404
308.0,0.98172164,0.404651,1.743846253729732,False,0.06523810060538776,404
136.0,0.9829105,0.339535,2.5114953084853044,False,0.030177564239370847,404
132.0,0.98891175,0.5023259999999999,1.743846253729732,False,-0.03208230826709872,404
131.0,0.0,0.339535,1.743846253729732,False,-0.04054925975163376,404
76.0,0.0,0.18604700000000002,1.743846253729732,False,-0.0959188390080151,404
71.0,0.0,0.18604700000000002,1.743846253729732,False,-0.0959188390080151,404
293.0,0.0,0.18604700000000002,1.743846253729732,False,-0.0959188390080151,404
64.0,0.0,0.204651,1.743846253729732,False,-0.0959188390080151,404
109.0,0.0,0.190698,1.743846253729732,False,-0.0959188390080151,404
124.0,0.0,0.204651,1.743846253729732,False,-0.0959188390080151,404
35.0,0.99155736,0.0,1.743846253729732,False,-0.10452749722615176,404
116.0,0.0,0.102326,1.743846253729732,False,-0.11676711787963528,404
67.0,0.9628763,0.190698,1.743846253729732,False,-0.12538187485920177,404
314.0,0.9908957,0.0,1.743846253729732,False,-0.13314609330407023,404
95.0,0.0,0.23255800000000001,2.55561478379057,False,-0.13389145322211987,404
63.0,0.0,0.15814,2.55561478379057,False,-0.13389145322211987,404
102.0,0.0,0.218605,2.5401245867312485,False,-0.13389145322211987,404
107.0,0.0,0.237209,2.5401245867312485,False,-0.13389145322211987,404
101.0,0.0,0.237209,2.5401245867312485,False,-0.13389145322211987,404
77.0,0.0,0.21395299999999998,2.5401245867312485,False,-0.13389145322211987,404
69.0,0.0,0.074419,1.743846253729732,False,-0.13657097186440248,404
6.0,0.0,0.074419,1.743846253729732,False,-0.13657097186440248,404
11.0,0.0,0.074419,1.743846253729732,False,-0.13657097186440248,404
1.0,0.0,0.074419,1.743846253729732,False,-0.13657097186440248,404
134.0,0.0,0.074419,1.743846253729732,False,-0.13657097186440248,404
169.0,0.0,0.065116,1.743846253729732,False,-0.13657097186440248,404
80.0,0.0,0.074419,1.743846253729732,False,-0.13657097186440248,404
126.0,0.9087595,0.0,1.743846253729732,False,-0.16719158860795222,404
127.0,0.9091109,0.0,1.743846253729732,False,-0.16719158860795222,404
51.0,0.9831506,0.0,1.743846253729732,False,-0.16936413693172495,404
197.0,0.9856504,0.0,1.743846253729732,False,-0.16936413693172495,404
267.0,0.9858419,0.0,1.743846253729732,False,-0.16936413693172495,404
228.0,0.98395413,0.0,1.743846253729732,False,-0.16936413693172495,404
233.0,0.981568,0.0,1.743846253729732,False,-0.16936413693172495,404
246.0,0.9847282,0.0,1.743846253729732,False,-0.16936413693172495,404
262.0,0.9813261,0.0,1.743846253729732,False,-0.16936413693172495,404
283.0,0.9879898,0.0,1.743846253729732,False,-0.16936413693172495,404
59.0,0.9857446,0.0,1.743846253729732,False,-0.16936413693172495,404
72.0,0.9858208,0.0,1.743846253729732,False,-0.16936413693172495,404
162.0,0.98418736,0.0,1.743846253729732,False,-0.16936413693172495,404
285.0,0.9677081,0.26976700000000003,2.5114953084853044,False,-0.17138365983234288,404
100.0,0.0,0.15814,2.5114953084853044,False,-0.1717254901790255,404
89.0,0.95131266,0.0,1.743846253729732,False,-0.17209263827130336,404
68.0,0.96413183,0.0,1.743846253729732,False,-0.17209263827130336,404
117.0,0.9446459,0.0,1.743846253729732,False,-0.17209263827130336,404
70.0,0.9304288,0.0,1.743846253729732,False,-0.17388480712426488,404
65.0,0.9290576,0.0,1.743846253729732,False,-0.17388480712426488,404
237.0,0.0,0.09302300000000001,2.5114953084853044,False,-0.1986037720699083,404
75.0,0.93976355,0.0,1.743846253729732,False,-0.20197797218442862,404
74.0,0.9348842,0.0,1.743846253729732,False,-0.20197797218442862,404
66.0,0.9368184,0.0,1.743846253729732,False,-0.20197797218442862,404
279.0,0.9711032,0.0,2.55561478379057,False,-0.20790114203486817,404
261.0,0.9574933,0.0,2.55561478379057,False,-0.20790114203486817,404
147.0,0.9567311,0.0,2.55561478379057,False,-0.20790114203486817,404
187.0,0.9554015,0.0,2.55561478379057,False,-0.20790114203486817,404
275.0,0.9605508,0.0,2.55561478379057,False,-0.20790114203486817,404
257.0,0.96054256,0.0,2.55561478379057,False,-0.20790114203486817,404
125.0,0.9608599,0.0,2.55561478379057,False,-0.20790114203486817,404
5.0,0.9555752,0.0,2.55561478379057,False,-0.20790114203486817,404
141.0,0.96193403,0.0,2.55561478379057,False,-0.20790114203486817,404
236.0,0.0,0.065116,2.5114953084853044,False,-0.21021351258487295,404
171.0,0.0,0.04186,2.446780788208673,False,-0.2121103831804734,404
160.0,0.97622406,0.0,2.446780788208673,False,-0.21428293150424613,404
207.0,0.9778217,0.0,2.446780788208673,False,-0.21428293150424613,404
212.0,0.9828211,0.0,2.446780788208673,False,-0.21428293150424613,404
177.0,0.98327684,0.0,2.446780788208673,False,-0.21428293150424613,404
289.0,0.97423077,0.0,2.446780788208673,False,-0.21428293150424613,404
198.0,0.975067,0.0,2.446780788208673,False,-0.21428293150424613,404
288.0,0.9777821,0.0,2.446780788208673,False,-0.21428293150424613,404
250.0,0.97607225,0.0,2.446780788208673,False,-0.21428293150424613,404
191.0,0.9726083,0.0,2.446780788208673,False,-0.21701143284382454,404
105.0,0.9714818,0.0,2.446780788208673,False,-0.21701143284382454,404
258.0,0.9660746,0.0,2.5114953084853044,False,-0.24573517899177386,404
260.0,0.95036185,0.0,2.5114953084853044,False,-0.24573517899177386,404
176.0,0.9490961,0.0,2.5114953084853044,False,-0.24573517899177386,404
158.0,0.9490533,0.0,2.5114953084853044,False,-0.24573517899177386,404
225.0,0.9461678,0.0,2.5114953084853044,False,-0.24573517899177386,404
180.0,0.9655926,0.0,2.5114953084853044,False,-0.24573517899177386,404
217.0,0.96543884,0.0,2.5114953084853044,False,-0.24573517899177386,404
37.0,0.94113576,0.0,2.5114953084853044,False,-0.27562051290489914,404
94.0,0.942453,0.0,2.5114953084853044,False,-0.27562051290489914,404
277.0,0.94237626,0.0,2.5114953084853044,False,-0.27562051290489914,404
179.0,0.93893147,0.0,2.5114953084853044,False,-0.27562051290489914,404
88.0,1.0,1.0,1.7672876606124344,False,0.7703772085334817,396
87.0,0.9944171,0.637209,1.7672876606124344,False,0.6151667910951172,396
1.0,1.0000004,1.0,1.269857168977523,False,0.5803079284513358,396
65.0,1.0000002,1.0,0.9278046693478043,False,0.5761588852743456,396
67.0,0.99999994,1.0,1.0321128974549518,False,0.5654143780624082,396
64.0,1.0000001,1.0,1.4882454375690553,True,0.5233780351567427,396
90.0,0.99549013,0.5023259999999999,1.7672876606124344,False,0.5081217241235695,396
131.0,1.0000002,1.0,2.0975795418841034,False,0.4821260153437631,396
132.0,1.0000001,1.0,2.0975795418841034,False,0.4821260153437631,396
130.0,1.0,1.0,2.0975795418841034,False,0.4821260153437631,396
196.0,1.0000001,1.0,1.229940851905338,False,0.463915235375974,396
197.0,1.0000002,1.0,1.229940851905338,False,0.463915235375974,396
68.0,0.9987775,0.790698,1.0321128974549518,False,0.43146617760905803,396
85.0,1.0000001,1.0,1.9843299110148302,False,0.42335080829949095,396
84.0,1.0000002,1.0,1.9843299110148302,False,0.42335080829949095,396
6.0,0.9985262,0.809302,1.269857168977523,False,0.42159135255752317,396
124.0,0.99999964,1.0,1.341028245834994,False,0.41965923317998766,396
72.0,0.99999976,1.0,1.229940851905338,False,0.3490707797129534,396
82.0,0.9999998,1.0,1.9843299110148302,False,0.33612392029332994,396
83.0,0.99999976,1.0,1.9843299110148302,False,0.3120720697673941,396
86.0,0.9836583,0.5162789999999999,1.7672876606124344,False,0.2669108232984196,396
7.0,0.99127173,0.660465,1.269857168977523,False,0.2529373076679435,396
8.0,0.9912697,0.6418600000000001,1.269857168977523,False,0.2529373076679435,396
12.0,0.99168813,0.539535,1.269857168977523,False,0.2329991849353306,396
309.0,0.0,0.6,1.269857168977523,False,0.2141588567174806,396
75.0,0.0,0.395349,1.4882454375690553,False,0.1880910993802236,396
74.0,0.0,0.35814,1.4882454375690553,False,0.15749908275389438,396
24.0,0.0,0.48837200000000003,1.269857168977523,False,0.1374114451751934,396
2.0,0.0,0.47906999999999994,1.269857168977523,False,0.1374114451751934,396
18.0,0.0,0.530233,1.269857168977523,False,0.1374114451751934,396
15.0,0.9888879,0.47906999999999994,1.269857168977523,False,0.06605106117420766,396
109.0,0.0,0.32093000000000005,1.341028245834994,False,-0.01543613515458556,396
71.0,0.0,0.325581,1.341028245834994,False,-0.01543613515458556,396
70.0,0.0,0.311628,1.341028245834994,False,-0.01543613515458556,396
117.0,0.0,0.23255800000000001,1.4882454375690553,False,-0.07240858927293156,396
101.0,0.0,0.274419,1.7746546229647393,False,-0.08120827414509871,396
294.0,0.0,0.134884,1.9843299110148302,False,-0.09785095838555058,396
11.0,0.0,0.125581,1.9843299110148302,False,-0.09785095838555058,396
66.0,0.94341636,0.227907,1.4882454375690553,False,-0.10719497284940799,396
69.0,0.0,0.111628,1.9843299110148302,False,-0.10837022859169389,396
47.0,0.0,0.111628,1.9843299110148302,False,-0.10837022859169389,396
76.0,0.0,0.2,1.0321128974549518,False,-0.11067046588086739,396
107.0,0.0,0.209302,1.0321128974549518,False,-0.11067046588086739,396
310.0,0.0,0.097674,1.9843299110148302,False,-0.11869923725717077,396
45.0,0.0,0.102326,1.9843299110148302,False,-0.11869923725717077,396
25.0,0.0,0.09302300000000001,1.9843299110148302,False,-0.11869923725717077,396
56.0,0.0,0.10697699999999999,1.9843299110148302,False,-0.11869923725717077,396
22.0,0.0,0.10697699999999999,1.9843299110148302,False,-0.11869923725717077,396
31.0,0.0,0.08837199999999999,1.9843299110148302,False,-0.13850309124193796,396
20.0,0.0,0.08837199999999999,1.9843299110148302,False,-0.13850309124193796,396
77.0,0.9513025,0.260465,1.341028245834994,False,-0.13958598795470487,396
102.0,0.9594641,0.0,1.4882454375690553,False,-0.14038827506641727,396
293.0,0.9375015,0.0,1.4882454375690553,False,-0.17027360897954252,396
129.0,0.93694437,0.0,1.4882454375690553,False,-0.17027360897954252,396
98.0,0.9774722,0.0,1.9843299110148302,False,-0.17129625630926043,396
162.0,0.974561,0.0,1.9843299110148302,False,-0.17129625630926043,396
60.0,0.97603405,0.0,1.9843299110148302,False,-0.17129625630926043,396
267.0,0.97346985,0.0,1.9843299110148302,False,-0.17129625630926043,396
230.0,0.97861993,0.0,1.9843299110148302,False,-0.17129625630926043,396
63.0,0.97910213,0.0,1.9843299110148302,False,-0.17129625630926043,396
49.0,0.97515696,0.0,1.9843299110148302,False,-0.17129625630926043,396
300.0,0.9777379,0.0,1.9843299110148302,False,-0.17129625630926043,396
61.0,0.97598517,0.0,1.9843299110148302,False,-0.17129625630926043,396
3.0,0.97445977,0.0,1.9843299110148302,False,-0.17129625630926043,396
302.0,0.9795413,0.0,1.9843299110148302,False,-0.17129625630926043,396
99.0,0.97544575,0.0,1.9843299110148302,False,-0.17129625630926043,396
53.0,0.97498924,0.0,1.9843299110148302,False,-0.17129625630926043,396
301.0,0.9762115,0.0,1.9843299110148302,False,-0.17129625630926043,396
111.0,0.9477696,0.0,1.0321128974549518,False,-0.1786501516743531,396
80.0,0.92813206,0.0,1.0321128974549518,False,-0.18044232052731463,396
116.0,0.92055047,0.0,1.0321128974549518,False,-0.18044232052731463,396
126.0,0.92592156,0.0,1.0321128974549518,False,-0.18044232052731463,396
89.0,0.96780396,0.0,1.7746546229647393,False,-0.1871869396062563,396
123.0,0.95213014,0.0,1.7746546229647393,False,-0.1871869396062563,396
10.0,0.94785225,0.0,1.7746546229647393,False,-0.1871869396062563,396
19.0,0.9490862,0.0,1.7746546229647393,False,-0.1871869396062563,396
42.0,0.94842637,0.0,1.7746546229647393,False,-0.1871869396062563,396
21.0,0.95300364,0.0,1.7746546229647393,False,-0.1871869396062563,396
127.0,0.9560741,0.0,1.7746546229647393,False,-0.1871869396062563,396
26.0,0.9904927,0.0,1.269857168977523,False,-0.1957643656125886,396
110.0,0.9333892,0.0,1.0321128974549518,False,-0.20853548558747836,396
189.0,0.98414695,0.265116,1.229940851905338,False,-0.21435123089792005,396
128.0,0.0,0.21395299999999998,2.0975795418841034,False,-0.21831452740672183,396
28.0,0.9892098,0.0,1.269857168977523,False,-0.2560668463369394,396
121.0,0.0,0.060465,1.7672876606124344,False,-0.2681509930558495,396
120.0,0.0,0.055814,1.7672876606124344,False,-0.2681509930558495,396
92.0,0.0,0.060465,1.7672876606124344,False,-0.2681509930558495,396
144.0,0.0,0.032558,1.229940851905338,False,-0.28050019871431575,396
221.0,0.0,0.060465,1.229940851905338,False,-0.28050019871431575,396
248.0,0.0,0.032558,1.229940851905338,False,-0.28050019871431575,396
272.0,0.90139616,0.0,2.0975795418841034,False,-0.2813931635368565,396
249.0,0.9856504,0.0,1.229940851905338,False,-0.2826727470380885,396
262.0,0.9792924,0.0,1.229940851905338,False,-0.2826727470380885,396
175.0,0.98059714,0.0,1.229940851905338,False,-0.2826727470380885,396
228.0,0.98427,0.0,1.229940851905338,False,-0.2826727470380885,396
246.0,0.98383236,0.0,1.229940851905338,False,-0.2826727470380885,396
165.0,0.95441246,0.0,1.229940851905338,False,-0.2854012483776669,396
184.0,0.95013744,0.0,1.229940851905338,False,-0.2854012483776669,396
160.0,0.94869125,0.0,1.229940851905338,False,-0.2854012483776669,396
198.0,0.953485,0.0,1.229940851905338,False,-0.2854012483776669,396
217.0,0.9504174,0.0,1.229940851905338,False,-0.2854012483776669,396
210.0,0.9504868,0.0,1.229940851905338,False,-0.2854012483776669,396
202.0,0.96577466,0.0,1.229940851905338,False,-0.2854012483776669,396
117.0,0.9999998,1.0,2.95840114991785,False,0.653419886569847,411
177.0,0.9999999,1.0,3.4561625771574316,False,0.6445767372572048,411
66.0,1.0,1.0,1.9113428065932216,False,0.6220591935922987,411
311.0,1.0000002,1.0,3.3654156030982207,False,0.6015281824631389,411
298.0,1.0,1.0,3.3654156030982207,False,0.6015281824631389,411
130.0,1.0,1.0,3.3654156030982207,False,0.6015281824631389,411
70.0,1.0,1.0,3.3654156030982207,False,0.6015281824631389,411
123.0,1.0,1.0,3.3654156030982207,False,0.6015281824631389,411
58.0,0.9999998,1.0,3.2556981640100653,False,0.5633490450244835,411
107.0,0.9999999,1.0,3.3654156030982207,False,0.5516078264072045,411
43.0,0.9944343,0.7209300000000001,3.3654156030982207,False,0.506293758896254,411
310.0,0.9952489,0.772093,3.3654156030982207,False,0.506293758896254,411
40.0,0.9953525,0.637209,3.3654156030982207,False,0.506293758896254,411
71.0,0.9946378,0.744186,3.3654156030982207,False,0.506293758896254,411
34.0,0.99424505,0.562791,3.3654156030982207,False,0.5021647102868247,411
31.0,1.0000001,1.0,2.5303604924447622,False,0.4769221960928586,411
33.0,1.0,1.0,2.5303604924447622,False,0.4769221960928586,411
1.0,1.0000004,1.0,2.5303604924447622,False,0.4769221960928586,411
21.0,1.0000002,1.0,2.5303604924447622,False,0.4769221960928586,411
55.0,1.0000002,1.0,2.5303604924447622,False,0.4769221960928586,411
87.0,1.0000001,1.0,2.5303604924447622,False,0.4769221960928586,411
110.0,1.0000002,1.0,2.5303604924447622,False,0.4769221960928586,411
17.0,1.0,1.0,2.5303604924447622,False,0.4769221960928586,411
30.0,1.0000002,1.0,2.5303604924447622,False,0.4769221960928586,411
29.0,1.0000001,1.0,2.5303604924447622,False,0.4769221960928586,411
27.0,1.0000002,1.0,2.5303604924447622,False,0.4769221960928586,411
28.0,1.0,1.0,2.5303604924447622,False,0.4769221960928586,411
2.0,1.0000005,1.0,2.5303604924447622,False,0.4769221960928586,411
20.0,1.0000002,1.0,2.5303604924447622,False,0.4769221960928586,411
18.0,1.0000001,1.0,2.5303604924447622,False,0.4769221960928586,411
22.0,1.0000001,1.0,2.5303604924447622,False,0.4769221960928586,411
50.0,1.0000002,1.0,2.5303604924447622,False,0.4769221960928586,411
38.0,1.0,1.0,2.5303604924447622,False,0.4769221960928586,411
11.0,1.0,1.0,2.5303604924447622,False,0.4769221960928586,411
41.0,0.9930445,0.734884,3.3654156030982207,False,0.45751049593368914,411
113.0,0.9999999,1.0,2.002419689759501,False,0.4226429054003258,411
109.0,0.9975029,0.87907,3.3654156030982207,False,0.41546214311273605,411
313.0,0.9963833,0.790698,3.3654156030982207,False,0.41546214311273605,411
312.0,0.99646145,0.8,3.3654156030982207,False,0.41546214311273605,411
36.0,0.9984319,0.87907,3.3654156030982207,False,0.41546214311273605,411
77.0,0.9923438,0.660465,3.3654156030982207,False,0.41535925742418767,411
76.0,0.9917878,0.655814,3.3654156030982207,False,0.41535925742418767,411
103.0,0.9999998,1.0,1.4724907365977316,False,0.41348168522932827,411
53.0,0.99943006,0.7767440000000001,2.5303604924447622,False,0.382253417772382,411
7.0,0.9999999,1.0,2.5303604924447622,False,0.3670258461654441,411
10.0,0.9999999,1.0,2.5303604924447622,False,0.3670258461654441,411
12.0,0.9999998,1.0,2.5303604924447622,False,0.3670258461654441,411
26.0,0.9999999,1.0,2.5303604924447622,False,0.3670258461654441,411
73.0,0.9999999,1.0,2.5303604924447622,False,0.3670258461654441,411
39.0,0.0,0.6976739999999999,3.3654156030982207,False,0.3440149992217132,411
32.0,0.99999964,1.0,2.5303604924447622,False,0.34297399563950826,411
15.0,0.99999976,1.0,2.5303604924447622,False,0.34297399563950826,411
6.0,0.9985262,0.809302,2.5303604924447622,False,0.34297399563950826,411
16.0,0.99999976,1.0,2.5303604924447622,False,0.34297399563950826,411
8.0,0.99999976,1.0,2.5303604924447622,False,0.34297399563950826,411
88.0,0.9944171,0.637209,2.5303604924447622,False,0.32171177865449385,411
314.0,0.0,0.6,3.3654156030982207,False,0.31371734379245303,411
142.0,0.0,0.390698,3.2556981640100653,False,0.30240842384539757,411
42.0,1.0000002,1.0,3.144760962374213,False,0.30076812923427343,411
19.0,0.9952851,0.967442,2.5303604924447622,False,0.2519719518295167,411
23.0,0.996724,0.9069769999999999,2.5303604924447622,False,0.23088016287097596,411
13.0,0.9968128,0.846512,2.5303604924447622,False,0.23088016287097596,411
3.0,0.99999964,1.0,3.144760962374213,False,0.22679592265240311,411
102.0,0.9875616,0.432558,3.3654156030982207,False,0.2102353977385576,411
132.0,0.98891175,0.5023259999999999,3.3654156030982207,False,0.1656095482491801,411
79.0,0.986554,0.604651,1.4724907365977316,False,0.15526280435174153,411
111.0,0.9876363,0.734884,2.5303604924447622,False,0.1381019071222739,411
62.0,0.0,0.437209,1.4724907365977316,False,0.13539653999711457,411
309.0,0.0,0.6,2.5303604924447622,False,0.134538786204622,411
35.0,0.0,0.567442,2.5303604924447622,False,0.134538786204622,411
61.0,0.991111,0.372093,2.5303604924447622,False,0.11996944316149023,411
78.0,0.98869,0.604651,1.4724907365977316,False,0.11063695486236405,411
24.0,0.0,0.409302,2.5303604924447622,False,0.11048593404544386,411
37.0,0.0,0.390698,2.5303604924447622,False,0.11048593404544386,411
25.0,0.0,0.367442,2.5303604924447622,False,0.11048593404544386,411
9.0,0.0,0.409302,2.5303604924447622,False,0.11048593404544386,411
295.0,0.0,0.38604700000000003,2.5303604924447622,False,0.11048593404544386,411
90.0,0.99178386,0.497674,2.5303604924447622,False,0.10903763267583584,411
60.0,0.99139106,0.362791,2.5303604924447622,False,0.09573675314877453,411
14.0,0.0,0.916279,2.5303604924447622,False,0.09509661480890498,411
81.0,0.0,0.35814,2.5303604924447622,False,0.07989391741911459,411
86.0,0.97673255,0.49302300000000004,2.5303604924447622,False,0.031056840150726576,411
121.0,0.96926904,0.311628,1.4724907365977316,False,0.02262005802268371,411
131.0,0.0,0.339535,3.3654156030982207,False,-0.04184867882227767,411
120.0,0.0,0.26976700000000003,1.4724907365977316,False,-0.042603723075062216,411
104.0,0.98756444,0.274419,1.4724907365977316,False,-0.06933825758667055,411
122.0,0.98282826,0.223256,1.4724907365977316,True,-0.09914312378453986,411
124.0,0.0,0.288372,1.9113428065932216,False,-0.11275461750418675,411
91.0,0.9838128,0.325581,2.5303604924447622,False,-0.11985862080151696,411
146.0,0.0,0.074419,2.002419689759501,False,-0.1516652731993554,411
64.0,0.91817003,0.23255800000000001,2.95840114991785,False,-0.17005925118774384,411
89.0,0.0,0.18139500000000003,2.95840114991785,False,-0.17005925118774384,411
101.0,0.0,0.204651,2.95840114991785,False,-0.17005925118774384,411
65.0,0.0,0.195349,1.9113428065932216,False,-0.17042387967157852,411
255.0,0.0,0.032558,2.002419689759501,False,-0.18228588994290515,411
93.0,0.0,0.051163,2.002419689759501,False,-0.18228588994290515,411
154.0,0.0,0.051163,2.002419689759501,False,-0.18228588994290515,411
185.0,0.97920793,0.0,2.002419689759501,False,-0.18445843826667788,411
219.0,0.97834563,0.0,2.002419689759501,False,-0.18445843826667788,411
230.0,0.9707113,0.0,2.002419689759501,False,-0.1871869396062563,411
159.0,0.9717361,0.0,2.002419689759501,False,-0.1871869396062563,411
95.0,0.96982205,0.0,2.002419689759501,False,-0.1871869396062563,411
228.0,0.96927404,0.0,2.002419689759501,False,-0.1871869396062563,411
162.0,0.97301865,0.037209,2.002419689759501,False,-0.1871869396062563,411
233.0,0.9723495,0.0,2.002419689759501,False,-0.1871869396062563,411
267.0,0.96946204,0.032558,2.002419689759501,False,-0.1871869396062563,411
52.0,0.9907137,0.21395299999999998,2.5303604924447622,False,-0.21403483754157993,411
57.0,0.9844141,0.255814,3.2556981640100653,False,-0.21514565515601214,411
96.0,0.9925796,0.0,2.5303604924447622,False,-0.21681874160568707,411
97.0,0.0,0.237209,3.2556981640100653,False,-0.21821598684227322,411
153.0,0.98697186,0.0,3.144760962374213,False,-0.22927191550991882,411
108.0,0.9905019,0.227907,3.2556981640100653,False,-0.22927389011890817,411
127.0,0.94749284,0.0,1.9113428065932216,False,-0.23840356546506422,411
129.0,0.9537653,0.0,1.9113428065932216,False,-0.23840356546506422,411
171.0,0.0,0.139535,3.1111570189631697,False,-0.24362275056600505,411
126.0,0.9283889,0.0,2.95840114991785,False,-0.24586110885345366,411
68.0,0.9295407,0.0,2.95840114991785,False,-0.24586110885345366,411
67.0,0.92886883,0.0,2.95840114991785,False,-0.24586110885345366,411
49.0,0.98680425,0.195349,2.5303604924447622,False,-0.2502528811692346,411
293.0,0.0,0.18604700000000002,3.3654156030982207,False,-0.276388844973198,411
45.0,0.0,0.04186,2.5303604924447622,False,-0.2926269858070236,411
264.0,0.90791637,0.0,2.5303604924447622,False,-0.2926269858070236,411
112.0,0.9011507,0.0,2.5303604924447622,False,-0.2926269858070236,411
75.0,0.8994671,0.0,2.5303604924447622,False,-0.2926269858070236,411
84.0,0.97826725,0.046512000000000005,2.5303604924447622,False,-0.29479953413079635,411
72.0,0.9749367,0.0,2.5303604924447622,False,-0.29479953413079635,411
82.0,0.9734318,0.0,2.5303604924447622,False,-0.29479953413079635,411
197.0,0.9726115,0.0,2.5303604924447622,False,-0.29752803547037476,411
193.0,0.970551,0.0,2.5303604924447622,False,-0.29752803547037476,411
175.0,0.9708544,0.0,2.5303604924447622,False,-0.29752803547037476,411
83.0,0.9569039,0.0,2.5303604924447622,False,-0.29752803547037476,411
51.0,0.95488155,0.0,2.5303604924447622,False,-0.29752803547037476,411
98.0,0.9552769,0.0,2.5303604924447622,False,-0.29752803547037476,411
105.0,0.96280354,0.0,2.5303604924447622,False,-0.29752803547037476,411
46.0,0.9703828,0.0,2.5303604924447622,False,-0.29752803547037476,411
80.0,0.9225857,0.0,2.5303604924447622,False,-0.29932020432333634,411
198.0,0.9826759,0.0,3.1111570189631697,False,-0.314903938039175,411
114.0,0.98327684,0.0,3.1111570189631697,False,-0.314903938039175,411
115.0,0.98375446,0.0,3.1111570189631697,False,-0.314903938039175,411
160.0,0.9748241,0.0,3.1111570189631697,False,-0.314903938039175,411
212.0,0.9675025,0.0,3.1111570189631697,False,-0.3176324393787534,411
207.0,0.97249603,0.0,3.1111570189631697,False,-0.3176324393787534,411
288.0,0.9688928,0.0,3.1111570189631697,False,-0.3176324393787534,411
269.0,0.9730542,0.0,3.1111570189631697,False,-0.3176324393787534,411
289.0,0.9706521,0.0,3.1111570189631697,False,-0.3176324393787534,411
54.0,0.9304288,0.0,3.3654156030982207,False,-0.3521907026389079,411
89.0,1.0000001,1.0,3.5640060680542085,False,0.7822327024253167,46
5.0,1.0,1.0,4.224698042449723,False,0.7357369064756046,46
54.0,1.0000001,1.0,4.455713194767114,False,0.7258496223666344,46
299.0,1.0,1.0,4.455713194767114,False,0.7258496223666344,46
57.0,1.0,1.0,4.455713194767114,False,0.7258496223666344,46
249.0,0.99999994,1.0,4.455713194767114,False,0.7258496223666344,46
130.0,1.0,1.0,4.455713194767114,False,0.7258496223666344,46
302.0,1.0,1.0,4.455713194767114,False,0.7258496223666344,46
97.0,1.0,1.0,4.338719611211613,False,0.7258496223666344,46
310.0,1.0000002,1.0,4.455713194767114,False,0.7258496223666344,46
115.0,1.0000002,1.0,4.904228948897449,False,0.7110072663934979,46
114.0,1.0000001,1.0,4.904228948897449,False,0.7110072663934979,46
70.0,1.0,1.0,5.050651047425832,False,0.7110072663934979,46
71.0,1.0000002,1.0,5.050651047425832,False,0.7110072663934979,46
304.0,0.9984892,0.7209300000000001,4.455713194767114,False,0.6538503059674114,46
108.0,0.99999964,1.0,4.455713194767114,False,0.6145708838345378,46
312.0,0.9955091,0.7209300000000001,4.455713194767114,False,0.5933086668495233,46
313.0,0.994558,0.702326,4.455713194767114,False,0.5933086668495233,46
311.0,0.9952489,0.772093,4.455713194767114,False,0.5933086668495233,46
109.0,0.9957278,0.7488370000000001,5.050651047425832,False,0.5784663108763867,46
301.0,0.99713767,0.6976739999999999,4.455713194767114,False,0.5722168778909825,46
300.0,0.99718493,0.7534879999999999,4.455713194767114,False,0.5722168778909825,46
96.0,0.9971581,0.67907,4.455713194767114,False,0.5722168778909825,46
41.0,0.9935137,0.665116,4.455713194767114,False,0.49023262960483166,46
40.0,0.9926945,0.613953,4.455713194767114,False,0.429212566889939,46
95.0,0.99999976,1.0,3.2928209866682105,False,0.40244601743617,46
43.0,0.9906782,0.6418600000000001,4.455713194767114,False,0.38622064200890216,46
34.0,0.99067235,0.637209,4.455713194767114,False,0.38622064200890216,46
92.0,1.0,1.0,3.65473224830108,False,0.3783682875409282,46
3.0,0.0,0.683721,4.455713194767114,False,0.3767371328928557,46
39.0,0.0,0.6511629999999999,4.455713194767114,False,0.3767371328928557,46
306.0,0.0,0.381395,4.455713194767114,False,0.32338933889926114,46
305.0,0.0,0.395349,4.455713194767114,False,0.32338933889926114,46
303.0,0.0,0.37674399999999997,4.455713194767114,False,0.32338933889926114,46
307.0,0.0,0.38604700000000003,4.455713194767114,False,0.32338933889926114,46
308.0,0.98172164,0.404651,4.455713194767114,False,0.29665480438765285,46
66.0,0.98568213,0.34883699999999995,5.050651047425832,False,0.21044228572651114,46
132.0,0.98891175,0.5023259999999999,4.455713194767114,False,0.19933439551516635,46
131.0,0.0,0.339535,4.455713194767114,False,0.009326576435158407,46
142.0,0.9859476,0.293023,4.455713194767114,False,-0.08849608354317257,46
124.0,0.0,0.311628,5.050651047425832,False,-0.0950570265909944,46
91.0,0.99249893,0.195349,3.2928209866682105,False,-0.11337471164080377,46
61.0,0.0,0.2,3.2928209866682105,False,-0.1646209696543047,46
52.0,0.0,0.172093,3.2928209866682105,False,-0.1646209696543047,46
58.0,0.0,0.2,3.2928209866682105,False,-0.1646209696543047,46
295.0,0.0,0.190698,3.5640060680542085,False,-0.17397796121711193,46
117.0,0.0,0.18139500000000003,3.5640060680542085,False,-0.17397796121711193,46
81.0,0.0,0.17674399999999998,3.5640060680542085,True,-0.17397796121711193,46
129.0,0.0,0.17674399999999998,3.5640060680542085,False,-0.17397796121711193,46
64.0,0.0,0.18139500000000003,3.5640060680542085,False,-0.17397796121711193,46
50.0,0.98228824,0.18139500000000003,3.2928209866682105,False,-0.191355504165913,46
60.0,0.9869524,0.17674399999999998,3.2928209866682105,False,-0.191355504165913,46
53.0,0.9830165,0.18604700000000002,3.2928209866682105,False,-0.191355504165913,46
65.0,0.96780396,0.195349,3.5640060680542085,False,-0.20344099706829857,46
101.0,0.95340204,0.237209,3.5640060680542085,False,-0.20344099706829857,46
35.0,0.99155736,0.0,4.455713194767114,False,-0.20565756007346947,46
76.0,0.0,0.18604700000000002,4.455713194767114,False,-0.2193110124948462,46
293.0,0.0,0.18604700000000002,4.455713194767114,False,-0.2193110124948462,46
63.0,0.0,0.172093,4.338719611211613,False,-0.2193110124948462,46
178.0,0.97919285,0.0,3.2928209866682105,False,-0.23590215712747464,46
255.0,0.9802531,0.0,3.2928209866682105,False,-0.23590215712747464,46
75.0,0.9756193,0.0,3.5640060680542085,False,-0.24525914869028181,46
116.0,0.0,0.102326,4.455713194767114,False,-0.246189294385729,46
107.0,0.9562758,0.0,3.5640060680542085,False,-0.24798765002986023,46
77.0,0.9462843,0.0,3.5640060680542085,False,-0.24798765002986023,46
74.0,0.9708257,0.0,3.5640060680542085,False,-0.24798765002986023,46
127.0,0.95034856,0.0,3.5640060680542085,False,-0.24798765002986023,46
67.0,0.9628763,0.190698,4.455713194767114,False,-0.24877404834603284,46
59.0,0.9857446,0.0,4.688861938553119,False,-0.25318754646304764,46
51.0,0.9831506,0.0,4.688861938553119,False,-0.25318754646304764,46
314.0,0.9908957,0.0,4.455713194767114,False,-0.2543741563403614,46
1.0,0.0,0.074419,4.455713194767114,False,-0.25779903490069367,46
169.0,0.0,0.065116,4.455713194767114,False,-0.25779903490069367,46
134.0,0.0,0.074419,4.455713194767114,False,-0.25779903490069367,46
80.0,0.0,0.074419,4.455713194767114,False,-0.25779903490069367,46
6.0,0.0,0.074419,4.455713194767114,False,-0.25779903490069367,46
69.0,0.0,0.074419,4.455713194767114,False,-0.25779903490069367,46
11.0,0.0,0.074419,4.455713194767114,False,-0.25779903490069367,46
36.0,0.0,0.148837,3.65473224830108,False,-0.2589545093281244,46
298.0,0.0,0.144186,3.65473224830108,False,-0.2589545093281244,46
296.0,0.0,0.148837,3.65473224830108,False,-0.2589545093281244,46
171.0,0.0,0.04186,5.017681380466028,False,-0.28732462599167047,46
126.0,0.9087595,0.0,4.455713194767114,False,-0.28841965164424344,46
212.0,0.9851457,0.0,5.017681380466028,False,-0.2894971743154432,46
207.0,0.97989684,0.0,5.017681380466028,False,-0.2894971743154432,46
289.0,0.97423077,0.0,5.017681380466028,False,-0.2894971743154432,46
262.0,0.97597194,0.0,5.017681380466028,False,-0.2894971743154432,46
250.0,0.97607225,0.0,5.017681380466028,False,-0.2894971743154432,46
177.0,0.98375446,0.0,5.017681380466028,False,-0.2894971743154432,46
198.0,0.9738412,0.0,5.017681380466028,False,-0.2894971743154432,46
228.0,0.98395413,0.0,4.455713194767114,False,-0.2905921999680161,46
162.0,0.98418736,0.0,4.455713194767114,False,-0.2905921999680161,46
72.0,0.9858208,0.0,4.455713194767114,False,-0.2905921999680161,46
197.0,0.9856504,0.0,4.455713194767114,False,-0.2905921999680161,46
246.0,0.9847282,0.0,4.455713194767114,False,-0.2905921999680161,46
233.0,0.981568,0.0,4.455713194767114,False,-0.2905921999680161,46
283.0,0.9879898,0.0,4.455713194767114,False,-0.2905921999680161,46
267.0,0.9858419,0.0,4.455713194767114,False,-0.2905921999680161,46
105.0,0.9714818,0.0,5.017681380466028,False,-0.2922256756550216,46
68.0,0.96413183,0.0,4.455713194767114,False,-0.2933207013075945,46
275.0,0.9605508,0.0,4.338719611211613,False,-0.2933207013075945,46
261.0,0.9574933,0.0,4.338719611211613,False,-0.2933207013075945,46
187.0,0.9554015,0.0,4.338719611211613,False,-0.2933207013075945,46
111.0,0.94527483,0.0,4.455713194767114,False,-0.2933207013075945,46
257.0,0.96054256,0.0,4.338719611211613,False,-0.2933207013075945,46
147.0,0.9567311,0.0,4.338719611211613,False,-0.2933207013075945,46
141.0,0.96193403,0.0,4.338719611211613,False,-0.2933207013075945,46
279.0,0.9711032,0.0,4.338719611211613,False,-0.2933207013075945,46
125.0,0.9608599,0.0,4.338719611211613,False,-0.2933207013075945,46
110.0,0.93113613,0.0,4.455713194767114,False,-0.32320603522071983,46
160.0,0.97622406,0.0,4.904228948897449,False,-0.32979025474836204,46
288.0,0.9777821,0.0,4.904228948897449,False,-0.32979025474836204,46
191.0,0.9726083,0.0,4.904228948897449,False,-0.33251875608794046,46
222.0,0.972134,0.0,3.65473224830108,False,-0.3329641981408728,46
154.0,0.9687811,0.0,3.65473224830108,False,-0.3329641981408728,46
100.0,0.9654819,0.0,3.65473224830108,False,-0.3329641981408728,46
193.0,0.961801,0.0,3.65473224830108,False,-0.3329641981408728,46
90.0,0.96570027,0.0,3.65473224830108,False,-0.3329641981408728,46
224.0,0.9662771,0.0,3.65473224830108,False,-0.3329641981408728,46
87.0,0.9657581,0.0,3.65473224830108,False,-0.3329641981408728,46
268.0,0.9640774,0.0,3.65473224830108,False,-0.3329641981408728,46
88.0,0.96761644,0.0,3.65473224830108,False,-0.3329641981408728,46
205.0,0.0,0.055814,4.224698042449723,False,-0.3358505552527476,46
195.0,0.9662603,0.0,4.224698042449723,False,-0.3407516049160988,46
105.0,1.0000002,1.0,2.0752166253263433,False,0.7091785449130074,400
124.0,0.99999964,1.0,1.4160731647345355,False,0.6335273832103289,400
197.0,1.0000002,1.0,1.0976885275122399,False,0.5910012412474822,400
196.0,1.0000001,1.0,1.0976885275122399,False,0.5910012412474822,400
64.0,1.0000001,1.0,1.0321128974549518,False,0.5654143780624082,400
65.0,1.0000002,1.0,1.3607005168549233,False,0.547753028851566,400
70.0,1.0,1.0,1.7421574905748196,False,0.5436039856745758,400
1.0,1.0000004,1.0,1.8453422919561548,False,0.5233780351567427,400
131.0,1.0000002,1.0,2.064495794415786,False,0.5225552345019736,400
130.0,1.0,1.0,2.064495794415786,False,0.5225552345019736,400
132.0,1.0000001,1.0,2.064495794415786,False,0.5225552345019736,400
309.0,1.0000002,1.0,1.9515717023848604,False,0.5023163533245536,400
72.0,0.99999976,1.0,1.0976885275122399,False,0.43228466535366955,400
6.0,0.9985262,0.809302,1.8453422919561548,False,0.38942983470339243,400
71.0,0.9946378,0.744186,1.7421574905748196,False,0.3883935682362112,400
109.0,0.9975029,0.87907,1.7421574905748196,False,0.2975619524526931,400
119.0,0.9857335,0.483721,2.0752166253263433,False,0.23883812916532962,400
118.0,0.9866842,0.48837200000000003,2.0752166253263433,False,0.23883812916532962,400
12.0,0.99168813,0.539535,1.8453422919561548,False,0.23098427975725172,400
8.0,0.9912697,0.6418600000000001,1.8453422919561548,False,0.2207757898138127,400
7.0,0.99127173,0.660465,1.8453422919561548,False,0.2207757898138127,400
75.0,0.0,0.395349,1.0321128974549518,False,0.19998082960983726,400
15.0,0.0,0.6,1.9515717023848604,False,0.1940616265185453,400
25.0,0.0,0.604651,1.9515717023848604,False,0.1940616265185453,400
74.0,0.0,0.35814,1.0321128974549518,False,0.16938881298350808,400
24.0,0.98632044,0.613953,1.9515717023848604,False,0.16732709200693704,400
18.0,0.0,0.539535,1.9515717023848604,False,0.16165569672289432,400
28.0,0.0,0.534884,1.9515717023848604,False,0.16165569672289432,400
2.0,0.0,0.47906999999999994,1.8453422919561548,False,0.13539653999711457,400
66.0,0.98751307,0.33488399999999996,1.7421574905748196,False,0.017911294246922987,400
68.0,0.0,0.306977,1.0321128974549518,False,0.013821217265934573,400
67.0,0.0,0.32093000000000005,1.0321128974549518,True,0.013821217265934573,400
189.0,0.98414695,0.265116,1.0976885275122399,False,-0.10678164644999485,400
117.0,0.0,0.23255800000000001,1.0321128974549518,False,-0.11067046588086739,400
101.0,0.0,0.274419,1.3607005168549233,False,-0.11597735688529012,400
20.0,0.99045926,0.0,1.8453422919561548,False,-0.12198314249186556,400
26.0,0.9904927,0.0,1.8453422919561548,False,-0.12198314249186556,400
76.0,0.0,0.209302,1.3607005168549233,False,-0.14578222308315944,400
107.0,0.0,0.209302,1.3607005168549233,False,-0.14578222308315944,400
77.0,0.0,0.223256,1.7421574905748196,False,-0.15683655707590907,400
128.0,0.0,0.21395299999999998,2.064495794415786,False,-0.17829798488176443,400
293.0,0.0,0.18604700000000002,2.064495794415786,False,-0.17829798488176443,400
129.0,0.0,0.153488,2.064495794415786,False,-0.17829798488176443,400
102.0,0.9594641,0.0,1.0321128974549518,False,-0.1786501516743531,400
144.0,0.0,0.032558,1.0976885275122399,False,-0.18112472773619295,400
221.0,0.0,0.060465,1.0976885275122399,False,-0.18112472773619295,400
248.0,0.0,0.032558,1.0976885275122399,False,-0.18112472773619295,400
22.0,0.98835945,0.0,1.8453422919561548,False,-0.18228562321621633,400
249.0,0.9858208,0.0,1.0976885275122399,False,-0.18329727605996574,400
228.0,0.98427,0.0,1.0976885275122399,False,-0.18329727605996574,400
175.0,0.98059714,0.0,1.0976885275122399,False,-0.18329727605996574,400
162.0,0.9843169,0.0,1.0976885275122399,False,-0.18329727605996574,400
267.0,0.986359,0.0,1.0976885275122399,False,-0.18329727605996574,400
246.0,0.98288167,0.0,1.0976885275122399,False,-0.18329727605996574,400
262.0,0.9792924,0.0,1.0976885275122399,False,-0.18329727605996574,400
90.0,0.97967637,0.0,1.0976885275122399,False,-0.18329727605996574,400
88.0,0.979773,0.0,1.0976885275122399,False,-0.18329727605996574,400
184.0,0.95013744,0.0,1.0976885275122399,False,-0.18602577739954415,400
165.0,0.95441246,0.0,1.0976885275122399,False,-0.18602577739954415,400
160.0,0.94869125,0.0,1.0976885275122399,False,-0.18602577739954415,400
198.0,0.953485,0.0,1.0976885275122399,False,-0.18602577739954415,400
202.0,0.96577466,0.0,1.0976885275122399,False,-0.18602577739954415,400
300.0,0.94835496,0.0,1.0976885275122399,False,-0.18602577739954415,400
217.0,0.9504174,0.0,1.0976885275122399,False,-0.18602577739954415,400
210.0,0.9504868,0.0,1.0976885275122399,False,-0.18602577739954415,400
19.0,0.9490862,0.0,1.3607005168549233,False,-0.2137619088766451,400
10.0,0.94785225,0.0,1.3607005168549233,False,-0.2137619088766451,400
42.0,0.94842637,0.0,1.3607005168549233,False,-0.2137619088766451,400
21.0,0.95300364,0.0,1.3607005168549233,False,-0.2137619088766451,400
89.0,0.96780396,0.0,1.3607005168549233,False,-0.2137619088766451,400
123.0,0.95213014,0.0,1.3607005168549233,False,-0.2137619088766451,400
127.0,0.9560741,0.0,1.3607005168549233,False,-0.2137619088766451,400
311.0,0.9852397,0.0,1.9515717023848604,False,-0.2233441135766946,400
30.0,0.98418,0.0,1.9515717023848604,False,-0.2233441135766946,400
125.0,0.0,0.12093,2.0752166253263433,False,-0.22495093758900236,400
54.0,0.9304288,0.0,1.7421574905748196,False,-0.22660841172235635,400
80.0,0.88920903,0.0,2.064495794415786,False,-0.24957073448170164,400
126.0,0.9087595,0.0,2.064495794415786,False,-0.24957073448170164,400
272.0,0.90139616,0.0,2.064495794415786,False,-0.24957073448170164,400
110.0,0.9163984,0.0,2.064495794415786,False,-0.24957073448170164,400
106.0,0.97797346,0.162791,2.0752166253263433,False,-0.2516854721006106,400
111.0,0.94527483,0.0,2.064495794415786,False,-0.2544717841450528,400
27.0,0.0,0.08837199999999999,2.0752166253263433,False,-0.2656030704453898,400
14.0,0.9753271,0.0,2.0752166253263433,False,-0.2983962355127123,400
85.0,0.97433794,0.0,2.0752166253263433,False,-0.2983962355127123,400
98.0,0.9769863,0.0,2.0752166253263433,False,-0.2983962355127123,400
83.0,0.971015,0.0,2.0752166253263433,False,-0.30112473685229074,400
115.0,0.9714818,0.0,2.0752166253263433,False,-0.30112473685229074,400
299.0,0.9719918,0.0,2.0752166253263433,False,-0.30112473685229074,400
1.0,1.0000004,1.0,1.934018031397908,False,0.7756398833433958,359
65.0,1.0000002,1.0,1.527847305799185,False,0.7687244326426634,359
6.0,0.9985262,0.809302,1.934018031397908,False,0.6416916828900457,359
124.0,0.99999964,1.0,2.1139713566483778,False,0.6416916828900457,359
70.0,1.0,1.0,1.834267880174152,False,0.6218261095149243,359
67.0,0.99999994,1.0,1.0976885275122399,False,0.5910012412474822,359
64.0,1.0000001,1.0,2.204240815599667,False,0.49816731014756355,359
97.0,1.0,1.0,1.9846538389353439,False,0.49705367851463955,359
71.0,0.9946378,0.744186,1.834267880174152,False,0.4666156920765596,359
68.0,0.9987775,0.790698,1.0976885275122399,False,0.43228466535366955,359
85.0,1.0000001,1.0,2.1277240340674037,False,0.42446443993241495,359
84.0,1.0000002,1.0,2.1277240340674037,False,0.42446443993241495,359
12.0,0.99168813,0.539535,1.934018031397908,False,0.41559648616389633,359
8.0,0.9912697,0.6418600000000001,1.934018031397908,False,0.41543660870753574,359
7.0,0.99127173,0.660465,1.934018031397908,False,0.41543660870753574,359
96.0,0.99999964,1.0,1.9846538389353439,False,0.3857749399825427,359
309.0,0.0,0.6,1.934018031397908,False,0.3766581577570729,359
109.0,0.9975029,0.87907,1.834267880174152,False,0.37578407629304167,359
132.0,1.0000001,1.0,1.5566281431252407,False,0.3719677954806201,359
131.0,1.0000002,1.0,1.5566281431252407,False,0.3719677954806201,359
130.0,1.0,1.0,1.5566281431252407,False,0.3719677954806201,359
57.0,0.9971581,0.67907,1.9846538389353439,False,0.3434209340389875,359
82.0,0.9999998,1.0,2.1277240340674037,False,0.33723755192625393,359
83.0,0.99999976,1.0,2.1277240340674037,False,0.3131857014003181,359
24.0,0.0,0.48837200000000003,1.934018031397908,False,0.2999107462147857,359
18.0,0.0,0.530233,1.934018031397908,False,0.2999107462147857,359
2.0,0.0,0.47906999999999994,1.934018031397908,False,0.2999107462147857,359
15.0,0.9888879,0.47906999999999994,1.934018031397908,False,0.22855036221379998,359
75.0,0.0,0.395349,2.204240815599667,False,0.16485701758753318,359
66.0,0.98751307,0.33488399999999996,1.834267880174152,False,0.13666248038000156,359
74.0,0.0,0.35814,2.204240815599667,False,0.13426500096120395,359
294.0,0.0,0.134884,2.1277240340674037,False,-0.09673732675262661,359
11.0,0.0,0.11627900000000001,2.1277240340674037,False,-0.09673732675262661,359
53.0,0.99305856,0.15814,1.9846538389353439,False,-0.10356336254502409,359
60.0,0.9930667,0.162791,1.9846538389353439,False,-0.10356336254502409,359
47.0,0.0,0.111628,2.1277240340674037,False,-0.10725659695876992,359
69.0,0.0,0.111628,2.1277240340674037,False,-0.10725659695876992,359
107.0,0.0,0.209302,1.0976885275122399,False,-0.10985197813625587,359
76.0,0.0,0.2,1.0976885275122399,False,-0.10985197813625587,359
310.0,0.0,0.097674,2.1277240340674037,False,-0.1175856056242468,359
22.0,0.0,0.10697699999999999,2.1277240340674037,False,-0.1175856056242468,359
56.0,0.0,0.10697699999999999,2.1277240340674037,False,-0.1175856056242468,359
25.0,0.0,0.102326,2.1277240340674037,False,-0.1175856056242468,359
45.0,0.0,0.102326,2.1277240340674037,False,-0.1175856056242468,359
293.0,0.0,0.18604700000000002,1.5566281431252407,False,-0.12234636767724724,359
128.0,0.0,0.21395299999999998,1.5566281431252407,False,-0.12234636767724724,359
129.0,0.0,0.153488,1.5566281431252407,False,-0.12234636767724724,359
31.0,0.0,0.08837199999999999,2.1277240340674037,False,-0.12919534613921144,359
20.0,0.0,0.08837199999999999,2.1277240340674037,False,-0.12919534613921144,359
77.0,0.0,0.223256,1.834267880174152,False,-0.13113061505106655,359
101.0,0.0,0.274419,2.204240815599667,False,-0.13934239691766767,359
98.0,0.9815674,0.0,2.1277240340674037,False,-0.1619885112065339,359
63.0,0.97973895,0.0,2.1277240340674037,False,-0.1619885112065339,359
3.0,0.97445977,0.0,2.1277240340674037,False,-0.1619885112065339,359
302.0,0.9795413,0.0,2.1277240340674037,False,-0.1619885112065339,359
61.0,0.97598517,0.0,2.1277240340674037,False,-0.1619885112065339,359
267.0,0.97346985,0.0,2.1277240340674037,False,-0.1619885112065339,359
49.0,0.97515696,0.0,2.1277240340674037,False,-0.1619885112065339,359
162.0,0.974561,0.0,2.1277240340674037,False,-0.1619885112065339,359
88.0,0.9778186,0.0,2.1277240340674037,False,-0.1619885112065339,359
72.0,0.9734529,0.0,2.1277240340674037,True,-0.1619885112065339,359
87.0,0.97826725,0.0,2.1277240340674037,False,-0.1619885112065339,359
90.0,0.9753283,0.0,2.1277240340674037,False,-0.1619885112065339,359
99.0,0.97544575,0.0,2.1277240340674037,False,-0.1619885112065339,359
230.0,0.97861993,0.0,2.1277240340674037,False,-0.1619885112065339,359
300.0,0.9777379,0.0,2.1277240340674037,False,-0.1619885112065339,359
301.0,0.9762115,0.0,2.1277240340674037,False,-0.1619885112065339,359
50.0,0.9925796,0.0,1.9846538389353439,False,-0.16572540014706164,359
117.0,0.0,0.23255800000000001,2.204240815599667,False,-0.169147263115537,359
95.0,0.0,0.23255800000000001,1.9846538389353439,False,-0.17026089474846093,359
142.0,0.0,0.209302,1.9846538389353439,False,-0.17026089474846093,359
91.0,0.0,0.190698,1.9846538389353439,False,-0.17026089474846093,359
58.0,0.0,0.237209,1.9846538389353439,False,-0.17026089474846093,359
111.0,0.9477696,0.0,1.0976885275122399,False,-0.18602577739954415,359
80.0,0.92813206,0.0,1.0976885275122399,False,-0.18781794625250567,359
116.0,0.92055047,0.0,1.0976885275122399,False,-0.18781794625250567,359
126.0,0.92592156,0.0,1.0976885275122399,False,-0.18781794625250567,359
272.0,0.90139616,0.0,1.5566281431252407,False,-0.19361911727718437,359
110.0,0.9163984,0.0,1.5566281431252407,False,-0.19361911727718437,359
127.0,0.9091109,0.0,1.5566281431252407,False,-0.19361911727718437,359
108.0,0.9870746,0.223256,1.9846538389353439,False,-0.19699542926006922,359
54.0,0.9304288,0.0,1.834267880174152,False,-0.20090246969751382,359
26.0,0.9904927,0.0,1.934018031397908,False,-0.2342848310491728,359
10.0,0.94785225,0.0,2.204240815599667,False,-0.2371269489090227,359
19.0,0.9490862,0.0,2.204240815599667,False,-0.2371269489090227,359
123.0,0.95213014,0.0,2.204240815599667,False,-0.2371269489090227,359
102.0,0.9594641,0.0,2.204240815599667,False,-0.2371269489090227,359
42.0,0.94842637,0.0,2.204240815599667,False,-0.2371269489090227,359
21.0,0.95300364,0.0,2.204240815599667,False,-0.2371269489090227,359
89.0,0.96780396,0.0,2.204240815599667,False,-0.2371269489090227,359
52.0,0.9882784,0.0,1.9846538389353439,False,-0.2437061926721708,359
279.0,0.9711032,0.0,1.9846538389353439,False,-0.24643469401174922,359
275.0,0.9605508,0.0,1.9846538389353439,False,-0.24643469401174922,359
125.0,0.9608599,0.0,1.9846538389353439,False,-0.24643469401174922,359
257.0,0.96054256,0.0,1.9846538389353439,False,-0.24643469401174922,359
261.0,0.9574933,0.0,1.9846538389353439,False,-0.24643469401174922,359
187.0,0.9554015,0.0,1.9846538389353439,False,-0.24643469401174922,359
141.0,0.96193403,0.0,1.9846538389353439,False,-0.24643469401174922,359
5.0,0.9555752,0.0,1.9846538389353439,False,-0.24643469401174922,359
147.0,0.9567311,0.0,1.9846538389353439,False,-0.24643469401174922,359
28.0,0.9892098,0.0,1.934018031397908,False,-0.29458731177352365,359
70.0,1.0,1.0,1.7185193728025432,False,0.7587642636170098,17
71.0,1.0000002,1.0,1.7185193728025432,False,0.7587642636170098,17
119.0,0.99999976,1.0,2.083486082700944,False,0.6206670199866695,17
118.0,0.9989145,0.9069769999999999,2.083486082700944,False,0.6206670199866695,17
109.0,0.9957278,0.7488370000000001,1.7185193728025432,False,0.6035538461786452,17
65.0,1.0000002,1.0,1.4299140400345898,False,0.5952413448356646,17
64.0,1.0000001,1.0,1.4299140400345898,False,0.5952413448356646,17
311.0,1.0000002,1.0,1.622878045888291,False,0.5654143780624082,17
298.0,1.0,1.0,1.622878045888291,False,0.5654143780624082,17
123.0,1.0,1.0,1.622878045888291,False,0.5654143780624082,17
130.0,1.0,1.0,1.622878045888291,False,0.5654143780624082,17
299.0,1.0,1.0,1.5363351256428013,False,0.5536074336333379,17
307.0,1.0000002,1.0,1.5363351256428013,False,0.5536074336333379,17
302.0,1.0,1.0,1.5363351256428013,False,0.5536074336333379,17
309.0,1.0000002,1.0,2.1411891654923836,False,0.5079376740289512,17
111.0,1.0000002,1.0,2.04568918490807,False,0.49769421942777403,17
110.0,1.0000002,1.0,1.7929088210356843,False,0.49705367851463955,17
304.0,0.9984892,0.7209300000000001,1.5363351256428013,False,0.45893865531286127,17
107.0,0.9999999,1.0,1.622878045888291,False,0.45551802813499387,17
58.0,0.9999998,1.0,1.2059702312280824,False,0.4406756721618572,17
177.0,0.9999999,1.0,1.4146785999248446,False,0.420618735838758,17
43.0,0.9944343,0.7209300000000001,1.622878045888291,False,0.41020396062404363,17
310.0,0.9952489,0.772093,1.622878045888291,False,0.41020396062404363,17
40.0,0.9953525,0.637209,1.622878045888291,False,0.41020396062404363,17
306.0,0.9958091,0.6976739999999999,1.5363351256428013,False,0.39839701619497325,17
300.0,0.9954728,0.739535,1.5363351256428013,False,0.39839701619497325,17
308.0,0.99456406,0.7488370000000001,1.5363351256428013,False,0.39839701619497325,17
301.0,0.99688697,0.734884,1.5363351256428013,False,0.37730522723643245,17
34.0,0.99424505,0.562791,1.622878045888291,False,0.3527848513273315,17
41.0,0.9930445,0.734884,1.622878045888291,False,0.3304826633729997,17
36.0,0.9984319,0.87907,1.622878045888291,False,0.31937234484052557,17
312.0,0.99646145,0.8,1.622878045888291,False,0.31937234484052557,17
313.0,0.9963833,0.790698,1.622878045888291,False,0.31937234484052557,17
76.0,0.9917878,0.655814,1.622878045888291,False,0.30457488161693286,17
77.0,0.9923438,0.660465,1.622878045888291,False,0.30457488161693286,17
305.0,0.99233466,0.706977,1.5363351256428013,False,0.2927679371878625,17
39.0,0.0,0.6976739999999999,1.622878045888291,False,0.2533286236034318,17
105.0,0.9857335,0.483721,2.083486082700944,False,0.25114883520495757,17
66.0,0.98568213,0.34883699999999995,1.7185193728025432,False,0.23862770226673907,17
314.0,0.0,0.6,1.622878045888291,False,0.22403368176901545,17
303.0,0.99327904,0.47906999999999994,1.5363351256428013,False,0.21263336556722578,17
15.0,0.0,0.6,2.1411891654923836,False,0.1996829472229428,17
25.0,0.0,0.604651,2.1411891654923836,False,0.1996829472229428,17
75.0,0.0,0.395349,1.4299140400345898,False,0.1945267430927,17
142.0,0.0,0.390698,1.2059702312280824,False,0.18413576004185694,17
8.0,0.98711973,0.5906980000000001,2.1411891654923836,False,0.1729484127113346,17
1.0,0.9873855,0.6,2.1411891654923836,False,0.1729484127113346,17
24.0,0.98632044,0.613953,2.1411891654923836,False,0.1729484127113346,17
28.0,0.0,0.534884,2.1411891654923836,False,0.1672770174272919,17
18.0,0.0,0.539535,2.1411891654923836,False,0.1672770174272919,17
295.0,0.0,0.4,2.04568918490807,False,0.16438392686774367,17
74.0,0.0,0.35814,1.4299140400345898,False,0.16393472646637083,17
81.0,0.0,0.362791,2.04568918490807,False,0.1401512368550279,17
6.0,0.9888451,0.5906980000000001,2.1411891654923836,False,0.1283225632219571,17
7.0,0.9886234,0.595349,2.1411891654923836,False,0.1283225632219571,17
102.0,0.9875616,0.432558,1.622878045888291,False,0.12055173571511998,17
131.0,0.0,0.339535,1.622878045888291,False,0.08490934273265725,17
132.0,0.98891175,0.5023259999999999,1.622878045888291,False,0.0759258862257425,17
124.0,0.0,0.311628,1.622878045888291,False,0.013821217265934573,17
67.0,0.0,0.32093000000000005,1.4299140400345898,False,-0.009083277242652496,17
68.0,0.0,0.306977,1.4299140400345898,False,-0.009083277242652496,17
29.0,0.9938555,0.0,1.622878045888291,False,-0.03487976895735179,17
19.0,0.99225426,0.0,1.622878045888291,False,-0.09794085780966544,17
293.0,0.0,0.18604700000000002,1.622878045888291,False,-0.11067046588086739,17
101.0,0.9360188,0.24186,1.622878045888291,False,-0.13442812665141393,17
35.0,0.99110335,0.0,1.622878045888291,False,-0.13970360670712004,17
57.0,0.9844141,0.255814,1.2059702312280824,False,-0.14679818897495214,17
97.0,0.0,0.237209,1.2059702312280824,False,-0.14986852066121323,17
12.0,0.99017876,0.0,1.622878045888291,False,-0.1602450190998014,17
108.0,0.9905019,0.227907,1.2059702312280824,False,-0.16092642393784817,17
91.0,0.98297954,0.25116299999999997,1.2059702312280824,False,-0.16557433236689154,17
61.0,0.9865105,0.25116299999999997,1.2059702312280824,False,-0.16557433236689154,17
127.0,0.9091109,0.0,1.622878045888291,False,-0.1737491020110019,17
80.0,0.91777176,0.0,1.622878045888291,False,-0.1737491020110019,17
126.0,0.9087595,0.0,1.622878045888291,False,-0.1737491020110019,17
10.0,0.9795196,0.0,1.622878045888291,False,-0.1759216503347747,17
3.0,0.97721064,0.0,1.622878045888291,False,-0.1759216503347747,17
82.0,0.9734318,0.0,1.622878045888291,False,-0.1759216503347747,17
21.0,0.9805512,0.0,1.622878045888291,False,-0.1759216503347747,17
23.0,0.97656333,0.0,1.622878045888291,False,-0.1759216503347747,17
129.0,0.94839346,0.0,1.622878045888291,False,-0.1786501516743531,17
13.0,0.9730221,0.0,1.622878045888291,False,-0.1786501516743531,17
98.0,0.97050226,0.0,1.622878045888291,False,-0.1786501516743531,17
89.0,0.9562758,0.0,1.622878045888291,False,-0.1786501516743531,17
117.0,0.9446459,0.0,1.622878045888291,True,-0.1786501516743531,17
54.0,0.9304288,0.0,1.622878045888291,False,-0.18044232052731463,17
26.0,0.98623216,0.0,2.1411891654923836,False,-0.18639055764421336,17
30.0,0.98418,0.0,2.1411891654923836,False,-0.18639055764421336,17
60.0,0.9893704,0.265116,1.2059702312280824,False,-0.19142403846432962,17
50.0,0.989956,0.0,1.2059702312280824,False,-0.19944307388014718,17
125.0,0.0,0.11627900000000001,2.083486082700944,False,-0.21264023154937445,17
51.0,0.9831506,0.0,1.5363351256428013,False,-0.21337311622509736,17
63.0,0.9822961,0.0,1.5363351256428013,False,-0.21337311622509736,17
59.0,0.9857446,0.0,1.5363351256428013,False,-0.21337311622509736,17
38.0,0.97808325,0.0,1.5363351256428013,False,-0.21337311622509736,17
53.0,0.98937696,0.237209,1.2059702312280824,False,-0.22122890466219894,17
96.0,0.9888646,0.237209,1.2059702312280824,False,-0.22122890466219894,17
106.0,0.9696733,0.15814,2.083486082700944,False,-0.2421032674005611,17
297.0,0.0,0.074419,2.083486082700944,False,-0.25329236440576186,17
79.0,0.0,0.069767,2.083486082700944,False,-0.25329236440576186,17
78.0,0.0,0.065116,2.083486082700944,False,-0.25329236440576186,17
45.0,0.0,0.065116,2.083486082700944,False,-0.25329236440576186,17
52.0,0.98900616,0.0,1.2059702312280824,False,-0.259745554604498,17
171.0,0.0,0.139535,1.4146785999248446,False,-0.2619679874977047,17
42.0,0.94842637,0.0,1.4299140400345898,False,-0.265057933644579,17
188.0,0.97874534,0.0,2.083486082700944,False,-0.2860855294730844,17
147.0,0.96901166,0.0,2.083486082700944,False,-0.2888140308126628,17
14.0,0.96772045,0.0,2.083486082700944,False,-0.2888140308126628,17
198.0,0.9826759,0.0,1.4146785999248446,False,-0.2917746380840993,17
160.0,0.9748241,0.0,1.4146785999248446,False,-0.2917746380840993,17
114.0,0.98327684,0.0,1.4146785999248446,False,-0.2917746380840993,17
115.0,0.98375446,0.0,1.4146785999248446,False,-0.2917746380840993,17
289.0,0.9706521,0.0,1.4146785999248446,False,-0.33814178676099316,17
207.0,0.97249603,0.0,1.4146785999248446,False,-0.33814178676099316,17
212.0,0.9675025,0.0,1.4146785999248446,False,-0.33814178676099316,17
269.0,0.9730542,0.0,1.4146785999248446,False,-0.33814178676099316,17
288.0,0.9688928,0.0,1.4146785999248446,False,-0.33814178676099316,17
274.0,1.0000001,1.0,2.896965510682589,False,0.8077662251316549,429
171.0,1.0000005,1.0,2.896965510682589,False,0.8077662251316549,429
116.0,1.0000001,1.0,2.896965510682589,False,0.8077662251316549,429
38.0,1.0,1.0,2.1295188462698906,False,0.7863331961395421,429
41.0,1.0000001,1.0,2.1295188462698906,False,0.7863331961395421,429
168.0,1.0000001,1.0,2.1295188462698906,True,0.7863331961395421,429
45.0,1.0000001,1.0,2.1295188462698906,False,0.7863331961395421,429
123.0,1.0,1.0,2.1295188462698906,False,0.7863331961395421,429
29.0,1.0000001,1.0,2.1295188462698906,False,0.7863331961395421,429
14.0,1.0,1.0,2.1295188462698906,False,0.7863331961395421,429
2.0,1.0000005,1.0,2.1295188462698906,False,0.7863331961395421,429
13.0,1.0000002,1.0,2.1295188462698906,False,0.7863331961395421,429
18.0,1.0000001,1.0,2.1295188462698906,False,0.7863331961395421,429
21.0,1.0000002,1.0,2.1295188462698906,False,0.7863331961395421,429
22.0,1.0000001,1.0,2.1295188462698906,False,0.7863331961395421,429
24.0,1.0,1.0,2.1295188462698906,False,0.7863331961395421,429
105.0,1.0000002,1.0,2.9253185752604556,False,0.7686081123858299,429
40.0,0.99999994,1.0,2.8192848631505347,False,0.7633162364972611,429
298.0,1.0,1.0,2.8192848631505347,False,0.7633162364972611,429
42.0,1.0000002,1.0,2.8192848631505347,False,0.7633162364972611,429
66.0,1.0,1.0,3.0680327760913886,False,0.7247359907337105,429
88.0,1.0,1.0,2.618346071275336,False,0.7100309770000034,429
23.0,0.9999999,1.0,2.1295188462698906,False,0.676436846212128,429
44.0,0.9999999,1.0,2.1295188462698906,False,0.676436846212128,429
25.0,0.9999999,1.0,2.1295188462698906,False,0.676436846212128,429
46.0,0.9999999,1.0,2.1295188462698906,False,0.676436846212128,429
193.0,0.99999964,1.0,2.1295188462698906,False,0.6523849956861921,429
19.0,0.9999997,1.0,2.1295188462698906,False,0.6523849956861921,429
39.0,0.9949986,0.646512,2.1295188462698906,False,0.6311227787011776,429
3.0,0.99999964,1.0,2.8192848631505347,False,0.629368036043911,429
101.0,1.0000002,1.0,1.4856983541687239,False,0.6098284823676887,429
311.0,0.9953525,0.637209,2.8192848631505347,False,0.6081058190588965,429
43.0,0.9944343,0.7209300000000001,2.8192848631505347,False,0.6081058190588965,429
313.0,0.99462515,0.567442,2.8192848631505347,False,0.5788108772244801,429
312.0,0.99435747,0.581395,2.8192848631505347,False,0.5788108772244801,429
87.0,0.9944171,0.637209,2.618346071275336,False,0.5774900214828922,429
106.0,1.0000002,1.0,1.7419350571506071,False,0.5654143780624082,429
10.0,0.9952851,0.967442,2.1295188462698906,False,0.5613829518762005,429
34.0,0.9954854,0.7860469999999999,2.1295188462698906,False,0.5613829518762005,429
61.0,1.0000001,1.0,1.033354205384345,False,0.5505720220892716,429
64.0,1.0000001,1.0,1.033354205384345,False,0.5505720220892716,429
65.0,1.0000002,1.0,1.033354205384345,False,0.5505720220892716,429
62.0,1.0000002,1.0,1.033354205384345,False,0.5505720220892716,429
57.0,1.0,1.0,1.033354205384345,False,0.5505720220892716,429
79.0,1.0,1.0,1.033354205384345,False,0.5505720220892716,429
55.0,1.0000002,1.0,1.033354205384345,False,0.5505720220892716,429
84.0,1.0000002,1.0,1.033354205384345,False,0.5505720220892716,429
141.0,1.0000002,1.0,1.033354205384345,False,0.5505720220892716,429
70.0,1.0,1.0,1.033354205384345,False,0.5505720220892716,429
69.0,1.0,1.0,1.033354205384345,False,0.5505720220892716,429
310.0,0.9935137,0.665116,2.1295188462698906,False,0.5280467414564861,429
36.0,0.9984319,0.87907,2.8192848631505347,False,0.5172742032753785,429
90.0,0.99549013,0.5023259999999999,2.618346071275336,False,0.47144766810618843,429
314.0,0.9930229,0.8046510000000001,2.1295188462698906,False,0.45830691463150885,429
60.0,0.9999998,1.0,1.033354205384345,False,0.4406756721618572,429
73.0,0.9999999,1.0,1.033354205384345,False,0.4406756721618572,429
288.0,0.9999999,1.0,1.033354205384345,False,0.4406756721618572,429
103.0,0.9999998,1.0,1.033354205384345,False,0.4406756721618572,429
78.0,0.9984533,0.8883719999999999,1.033354205384345,False,0.4166238216359214,429
289.0,0.9988797,0.7860469999999999,1.033354205384345,False,0.4166238216359214,429
59.0,0.99999964,1.0,1.033354205384345,False,0.4166238216359214,429
56.0,0.99999964,1.0,1.033354205384345,False,0.4166238216359214,429
76.0,0.99999976,1.0,1.033354205384345,False,0.4166238216359214,429
35.0,0.99064916,0.581395,2.1295188462698906,False,0.39683497966926573,429
71.0,0.9946378,0.744186,1.033354205384345,False,0.395361604650907,429
77.0,0.9947618,0.702326,1.033354205384345,False,0.395361604650907,429
309.0,0.0,0.604651,2.1295188462698906,False,0.38735147055321917,429
96.0,0.9971581,0.67907,1.033354205384345,False,0.37426981569236617,429
224.0,0.9913431,0.395349,2.1295188462698906,False,0.37278212751008755,429
8.0,0.0,0.409302,2.1295188462698906,False,0.36329861839404104,429
15.0,0.0,0.404651,2.1295188462698906,False,0.36329861839404104,429
6.0,0.0,0.534884,2.1295188462698906,False,0.3549455407575683,429
33.0,0.0,0.581395,2.8192848631505347,False,0.35178283570168156,429
32.0,0.0,0.623256,2.8192848631505347,False,0.35178283570168156,429
7.0,0.99141,0.497674,2.1295188462698906,False,0.34638808864131315,429
1.0,0.0,0.432558,2.1295188462698906,False,0.3106040590109321,429
28.0,0.0,0.46511600000000003,2.1295188462698906,False,0.3106040590109321,429
9.0,0.0,0.469767,2.1295188462698906,False,0.3106040590109321,429
11.0,0.0,0.469767,2.1295188462698906,False,0.3106040590109321,429
109.0,0.9975029,0.87907,1.033354205384345,False,0.3045299888673889,429
107.0,0.9917878,0.655814,1.033354205384345,False,0.2897325256437962,429
135.0,0.9751172,0.483721,2.1295188462698906,False,0.28386952449932384,429
16.0,0.95704293,0.483721,2.1295188462698906,False,0.28114102315974543,429
118.0,0.9866842,0.48837200000000003,2.9253185752604556,False,0.25259005194151124,429
119.0,0.9857335,0.483721,2.9253185752604556,False,0.25259005194151124,429
53.0,0.9923562,0.367442,1.033354205384345,False,0.2353820180553579,429
86.0,0.9836583,0.5162789999999999,2.618346071275336,False,0.22814159963791278,429
125.0,0.0,0.372093,1.7419350571506071,False,0.19998082960983726,429
102.0,0.9929564,0.474419,1.033354205384345,False,0.1985570920632189,429
50.0,0.991111,0.372093,1.033354205384345,False,0.19361926915790337,429
75.0,0.0,0.395349,1.033354205384345,False,0.18413576004185694,429
91.0,0.9881662,0.367442,1.033354205384345,False,0.15740122553024868,429
74.0,0.0,0.35814,1.033354205384345,False,0.1535437434155277,429
82.0,0.0,0.497674,1.033354205384345,False,0.13144120065874793,429
85.0,0.97653294,0.49302300000000004,1.033354205384345,False,0.10470666614713968,429
83.0,0.9804255,0.530233,1.033354205384345,False,0.10470666614713968,429
20.0,0.0,0.293023,1.997819871471801,False,-0.006571156821313167,429
68.0,0.0,0.306977,1.033354205384345,False,-0.01947426029349555,429
121.0,0.0,0.306977,1.033354205384345,False,-0.01947426029349555,429
67.0,0.0,0.32093000000000005,1.033354205384345,False,-0.01947426029349555,429
120.0,0.0,0.297674,1.033354205384345,False,-0.01947426029349555,429
124.0,0.0,0.311628,1.033354205384345,False,-0.01947426029349555,429
27.0,0.9798883,0.30232600000000004,1.997819871471801,False,-0.03330569133292148,429
30.0,0.97925276,0.293023,1.997819871471801,False,-0.03330569133292148,429
104.0,0.9792446,0.306977,1.033354205384345,False,-0.046208794805103814,429
12.0,0.9928945,0.0,2.1295188462698906,False,-0.11331283115344198,429
142.0,0.0,0.255814,1.033354205384345,False,-0.12006365446334388,429
81.0,0.0,0.25116299999999997,1.033354205384345,False,-0.13883979785528336,429
37.0,0.0,0.08837199999999999,1.7419350571506071,False,-0.1431284852674522,429
17.0,0.0,0.08837199999999999,1.7419350571506071,False,-0.1431284852674522,429
58.0,0.9844141,0.255814,1.033354205384345,False,-0.14679818897495214,429
122.0,0.97049356,0.274419,1.033354205384345,False,-0.14952669031453056,429
47.0,0.0,0.134884,1.033354205384345,False,-0.14986852066121323,429
296.0,0.0,0.144186,1.033354205384345,False,-0.14986852066121323,429
307.0,0.0,0.11627900000000001,1.033354205384345,False,-0.14986852066121323,429
302.0,0.0,0.11627900000000001,1.033354205384345,False,-0.14986852066121323,429
95.0,0.0,0.2,1.033354205384345,False,-0.14986852066121323,429
49.0,0.0,0.227907,1.033354205384345,False,-0.14986852066121323,429
52.0,0.0,0.237209,1.033354205384345,False,-0.14986852066121323,429
97.0,0.0,0.18604700000000002,1.033354205384345,False,-0.14986852066121323,429
117.0,0.0,0.23255800000000001,1.033354205384345,False,-0.14986852066121323,429
300.0,0.0,0.11627900000000001,1.033354205384345,False,-0.14986852066121323,429
295.0,0.0,0.223256,1.033354205384345,False,-0.14986852066121323,429
294.0,0.0,0.134884,1.033354205384345,False,-0.14986852066121323,429
98.0,0.0,0.144186,1.033354205384345,False,-0.14986852066121323,429
293.0,0.0,0.134884,2.1295188462698906,False,-0.15656655704264266,429
129.0,0.0,0.148837,2.1295188462698906,False,-0.15656655704264266,429
128.0,0.0,0.139535,2.1295188462698906,False,-0.15656655704264266,429
31.0,0.0,0.16744199999999998,2.1295188462698906,False,-0.15656655704264266,429
285.0,0.9677081,0.26976700000000003,2.896965510682589,False,-0.17211174835356657,429
80.0,0.91688174,0.11627900000000001,2.896965510682589,False,-0.1724535787002492,429
177.0,0.0,0.139535,2.896965510682589,False,-0.1724535787002492,429
100.0,0.0,0.15814,2.896965510682589,False,-0.1724535787002492,429
306.0,0.983858,0.134884,1.033354205384345,False,-0.17660305517282146,429
305.0,0.98454905,0.12093,1.033354205384345,False,-0.17660305517282146,429
190.0,0.9834119,0.17674399999999998,1.033354205384345,False,-0.17660305517282146,429
308.0,0.98524225,0.125581,1.033354205384345,False,-0.17660305517282146,429
301.0,0.98325205,0.13023300000000002,1.033354205384345,False,-0.17660305517282146,429
108.0,0.9830961,0.237209,1.033354205384345,False,-0.17660305517282146,429
304.0,0.98618394,0.11627900000000001,1.033354205384345,False,-0.17660305517282146,429
111.0,0.0,0.237209,1.4856983541687239,False,-0.189559881711948,429
127.0,0.0,0.10697699999999999,2.896965510682589,False,-0.199331860591132,429
26.0,0.982718,0.0,1.997819871471801,False,-0.20450813789182498,429
208.0,0.0,0.055814,1.033354205384345,False,-0.2129471567913478,429
131.0,0.9019269,0.0,1.033354205384345,False,-0.2129471567913478,429
280.0,0.0,0.046512000000000005,1.033354205384345,False,-0.2129471567913478,429
232.0,0.0,0.037209,1.033354205384345,False,-0.2129471567913478,429
284.0,0.0,0.046512000000000005,1.033354205384345,False,-0.2129471567913478,429
112.0,0.9011507,0.0,1.033354205384345,False,-0.2129471567913478,429
264.0,0.90791637,0.0,1.033354205384345,False,-0.2129471567913478,429
299.0,0.9857446,0.0,1.033354205384345,False,-0.21511970511512046,429
237.0,0.9750668,0.0,1.033354205384345,False,-0.21511970511512046,429
114.0,0.9787046,0.0,1.033354205384345,False,-0.21511970511512046,429
115.0,0.97423077,0.0,1.033354205384345,False,-0.21511970511512046,429
72.0,0.9734529,0.0,1.033354205384345,False,-0.21511970511512046,429
303.0,0.98208547,0.0,1.033354205384345,False,-0.21511970511512046,429
267.0,0.97346985,0.0,1.033354205384345,False,-0.21511970511512046,429
99.0,0.97544575,0.0,1.033354205384345,False,-0.21511970511512046,429
230.0,0.97861993,0.0,1.033354205384345,False,-0.21511970511512046,429
251.0,0.9676796,0.0,1.033354205384345,False,-0.21784820645469888,429
89.0,0.94458103,0.0,1.033354205384345,False,-0.21784820645469888,429
275.0,0.9698999,0.0,1.033354205384345,False,-0.21784820645469888,429
238.0,0.96696764,0.0,1.033354205384345,False,-0.21784820645469888,429
257.0,0.9696941,0.0,1.033354205384345,False,-0.21784820645469888,429
215.0,0.9610797,0.0,1.033354205384345,False,-0.21784820645469888,429
212.0,0.9703801,0.0,1.033354205384345,False,-0.21784820645469888,429
187.0,0.97205746,0.0,1.033354205384345,False,-0.21784820645469888,429
191.0,0.9705468,0.0,1.033354205384345,False,-0.21784820645469888,429
195.0,0.9609076,0.0,1.033354205384345,False,-0.21784820645469888,429
166.0,0.96400523,0.0,1.033354205384345,False,-0.21784820645469888,429
54.0,0.9304288,0.0,1.033354205384345,False,-0.21964037530766045,429
185.0,0.0,0.046512000000000005,2.1295188462698906,False,-0.21964519317277723,429
287.0,0.87216204,0.0,2.1295188462698906,False,-0.21964519317277723,429
266.0,0.88045895,0.0,2.1295188462698906,False,-0.21964519317277723,429
277.0,0.85744,0.0,2.1295188462698906,False,-0.21964519317277723,429
248.0,0.0,0.037209,2.1295188462698906,False,-0.21964519317277723,429
265.0,0.87856233,0.0,2.1295188462698906,False,-0.21964519317277723,429
182.0,0.86486244,0.0,2.1295188462698906,False,-0.21964519317277723,429
181.0,0.88071793,0.0,2.1295188462698906,False,-0.21964519317277723,429
149.0,0.85699344,0.0,2.1295188462698906,False,-0.21964519317277723,429
51.0,0.9890313,0.18139500000000003,1.033354205384345,False,-0.22122890466219894,429
268.0,0.9782693,0.0,2.1295188462698906,False,-0.22181774149654995,429
175.0,0.9786384,0.0,2.1295188462698906,False,-0.22181774149654995,429
153.0,0.97236115,0.0,2.1295188462698906,False,-0.22454624283612837,429
197.0,0.97245276,0.0,2.1295188462698906,False,-0.22454624283612837,429
273.0,0.95636857,0.0,2.1295188462698906,False,-0.22454624283612837,429
262.0,0.0,0.04186,2.896965510682589,False,-0.24975633131944894,429
130.0,0.9040585,0.0,2.896965510682589,False,-0.24975633131944894,429
132.0,0.88582426,0.0,2.896965510682589,False,-0.24975633131944894,429
246.0,0.0,0.055814,2.896965510682589,False,-0.24975633131944894,429
110.0,0.8834345,0.0,2.896965510682589,False,-0.24975633131944894,429
291.0,0.97518677,0.0,2.896965510682589,False,-0.25192887964322175,429
258.0,0.9660746,0.0,2.896965510682589,False,-0.25465738098280016,429
180.0,0.9655926,0.0,2.896965510682589,False,-0.25465738098280016,429
176.0,0.9674438,0.0,2.896965510682589,False,-0.25465738098280016,429
221.0,0.97003806,0.0,2.896965510682589,False,-0.25465738098280016,429
217.0,0.96543884,0.0,2.896965510682589,False,-0.25465738098280016,429
206.0,0.96910363,0.0,2.896965510682589,False,-0.25465738098280016,429
200.0,0.96828747,0.0,2.896965510682589,False,-0.25465738098280016,429
126.0,0.9245833,0.0,2.896965510682589,False,-0.2564495498357617,429
92.0,0.0,0.060465,2.618346071275336,False,-0.3070476425147033,429
130.0,1.0,1.0,2.15394096953168,False,0.7557288520729435,4
298.0,1.0,1.0,2.15394096953168,False,0.7557288520729435,4
70.0,1.0,1.0,2.15394096953168,False,0.7557288520729435,4
311.0,1.0000002,1.0,2.15394096953168,False,0.7557288520729435,4
123.0,1.0,1.0,2.15394096953168,False,0.7557288520729435,4
117.0,0.9999998,1.0,2.4406316610963112,False,0.6594260825321532,4
177.0,0.9999999,1.0,2.4518114386198087,False,0.655277039355163,4
58.0,0.9999998,1.0,2.0845928323849283,False,0.6488679136895956,4
107.0,0.9999999,1.0,2.15394096953168,False,0.6458325021455293,4
122.0,1.0,1.0,1.9113428065932216,False,0.6220591935922987,4
40.0,0.9953525,0.637209,2.15394096953168,False,0.6005184346345789,4
43.0,0.9944343,0.7209300000000001,2.15394096953168,False,0.6005184346345789,4
310.0,0.9952489,0.772093,2.15394096953168,False,0.6005184346345789,4
71.0,0.9946378,0.744186,2.15394096953168,False,0.6005184346345789,4
17.0,1.0,1.0,1.302414871879559,False,0.5536074336333379,4
87.0,1.0000001,1.0,1.302414871879559,False,0.5536074336333379,4
20.0,1.0000002,1.0,1.302414871879559,False,0.5536074336333379,4
22.0,1.0000001,1.0,1.302414871879559,False,0.5536074336333379,4
50.0,1.0000002,1.0,1.302414871879559,False,0.5536074336333379,4
18.0,1.0000001,1.0,1.302414871879559,False,0.5536074336333379,4
55.0,1.0000002,1.0,1.302414871879559,False,0.5536074336333379,4
33.0,1.0,1.0,1.302414871879559,False,0.5536074336333379,4
31.0,1.0000001,1.0,1.302414871879559,False,0.5536074336333379,4
30.0,1.0000002,1.0,1.302414871879559,False,0.5536074336333379,4
28.0,1.0,1.0,1.302414871879559,False,0.5536074336333379,4
29.0,1.0000001,1.0,1.302414871879559,False,0.5536074336333379,4
34.0,1.0000002,1.0,1.302414871879559,False,0.5536074336333379,4
38.0,1.0,1.0,1.302414871879559,False,0.5536074336333379,4
27.0,1.0000002,1.0,1.302414871879559,False,0.5536074336333379,4
11.0,1.0,1.0,1.302414871879559,False,0.5536074336333379,4
21.0,1.0000002,1.0,1.302414871879559,False,0.5536074336333379,4
2.0,1.0000005,1.0,1.302414871879559,False,0.5536074336333379,4
110.0,1.0000002,1.0,1.302414871879559,False,0.5536074336333379,4
1.0,1.0000004,1.0,1.302414871879559,False,0.5536074336333379,4
42.0,1.0000002,1.0,2.0988569766757044,False,0.5152963671091229,4
41.0,1.0000001,1.0,2.0988569766757044,False,0.5152963671091229,4
313.0,0.9963833,0.790698,2.15394096953168,False,0.5096868188510609,4
312.0,0.99646145,0.8,2.15394096953168,False,0.5096868188510609,4
109.0,0.9975029,0.87907,2.15394096953168,False,0.5096868188510609,4
36.0,0.9984319,0.87907,2.15394096953168,False,0.5096868188510609,4
168.0,1.0000001,1.0,2.420590647704318,False,0.49184985926373503,4
45.0,1.0000001,1.0,2.420590647704318,False,0.49184985926373503,4
24.0,1.0,1.0,2.420590647704318,False,0.49184985926373503,4
13.0,1.0000002,1.0,2.420590647704318,False,0.49184985926373503,4
14.0,1.0,1.0,2.420590647704318,False,0.49184985926373503,4
274.0,1.0000001,1.0,2.5289102420134486,False,0.46849933427371115,4
171.0,1.0000005,1.0,2.5289102420134486,False,0.46849933427371115,4
116.0,1.0000001,1.0,2.5289102420134486,False,0.46849933427371115,4
53.0,0.99943006,0.7767440000000001,1.302414871879559,False,0.45893865531286127,4
77.0,0.9923438,0.660465,2.15394096953168,False,0.4573863265235115,4
76.0,0.9917878,0.655814,2.15394096953168,False,0.4573863265235115,4
103.0,0.9999998,1.0,1.9618572793409834,False,0.44854999172029797,4
26.0,0.9999999,1.0,1.302414871879559,False,0.4437110837059235,4
12.0,0.9999998,1.0,1.302414871879559,False,0.4437110837059235,4
10.0,0.9999999,1.0,1.302414871879559,False,0.4437110837059235,4
7.0,0.9999999,1.0,1.302414871879559,False,0.4437110837059235,4
73.0,0.9999999,1.0,1.302414871879559,False,0.4437110837059235,4
8.0,0.99999976,1.0,1.302414871879559,False,0.41965923317998766,4
32.0,0.99999964,1.0,1.302414871879559,False,0.41965923317998766,4
6.0,0.99999976,1.0,1.302414871879559,False,0.41965923317998766,4
16.0,0.99999976,1.0,1.302414871879559,False,0.41965923317998766,4
15.0,0.99999976,1.0,1.302414871879559,False,0.41965923317998766,4
46.0,0.9999999,1.0,2.420590647704318,False,0.404622971257574,4
23.0,0.9999999,1.0,2.420590647704318,False,0.404622971257574,4
25.0,0.9999999,1.0,2.420590647704318,False,0.404622971257574,4
44.0,0.9999999,1.0,2.420590647704318,False,0.404622971257574,4
88.0,0.9944171,0.637209,1.302414871879559,False,0.39839701619497325,4
39.0,0.0,0.6976739999999999,2.15394096953168,False,0.38604206832103705,4
3.0,0.99999964,1.0,2.0988569766757044,False,0.38134816665577254,4
19.0,0.9999997,1.0,2.420590647704318,False,0.3805711207316382,4
193.0,0.99999964,1.0,2.420590647704318,False,0.3805711207316382,4
314.0,0.0,0.6,2.15394096953168,False,0.35574441289177683,4
142.0,0.0,0.390698,2.0845928323849283,False,0.33572968587150864,4
102.0,0.9875616,0.432558,2.15394096953168,False,0.2522624668378815,4
111.0,0.9876363,0.734884,1.302414871879559,False,0.2147871446627533,4
309.0,0.0,0.6,1.302414871879559,False,0.21222673733994513,4
35.0,0.0,0.567442,1.302414871879559,False,0.21222673733994513,4
132.0,0.98891175,0.5023259999999999,2.15394096953168,False,0.20763661734850397,4
61.0,0.991111,0.372093,1.302414871879559,False,0.19765739429681337,4
79.0,0.986554,0.604651,1.9618572793409834,False,0.19033111084271132,4
9.0,0.0,0.409302,1.302414871879559,False,0.18817388518076694,4
295.0,0.0,0.38604700000000003,1.302414871879559,False,0.18817388518076694,4
37.0,0.0,0.390698,1.302414871879559,False,0.18817388518076694,4
90.0,0.99178386,0.497674,1.302414871879559,False,0.1867255838111589,4
60.0,0.99139106,0.362791,1.302414871879559,False,0.17342470428409765,4
224.0,0.9913431,0.395349,2.420590647704318,False,0.16802307581975112,4
78.0,0.97539556,0.404651,1.302414871879559,False,0.16143935066915868,4
81.0,0.0,0.35814,1.302414871879559,False,0.15758186855443773,4
62.0,0.0,0.437209,1.9618572793409834,False,0.14031823381203237,4
86.0,0.97673255,0.49302300000000004,1.302414871879559,False,0.10874479128604964,4
135.0,0.9751172,0.483721,2.420590647704318,False,0.07911047280898743,4
104.0,0.9858793,0.30232600000000004,1.9113428065932216,False,0.02628109029276692,4
131.0,0.0,0.339535,2.15394096953168,False,0.02301356623446977,4
120.0,0.0,0.293023,1.9113428065932216,False,0.009376977467059771,4
66.0,0.98751307,0.33488399999999996,2.15394096953168,True,-0.003720968277138508,4
121.0,0.0,0.311628,1.302414871879559,False,-0.01543613515458556,4
91.0,0.9838128,0.325581,1.302414871879559,False,-0.04217066966619383,4
124.0,0.0,0.311628,2.15394096953168,False,-0.04807455923225286,4
52.0,0.9907137,0.21395299999999998,1.302414871879559,False,-0.1304443091853411,4
96.0,0.9925796,0.0,1.302414871879559,False,-0.1353923236999882,4
101.0,0.0,0.204651,1.302414871879559,False,-0.13992781830138754,4
97.0,0.0,0.190698,1.302414871879559,False,-0.13992781830138754,4
57.0,0.9915732,0.0,1.302414871879559,False,-0.14853647651952426,4
153.0,0.98697186,0.0,2.0988569766757044,False,-0.15393555524426128,4
49.0,0.98680425,0.195349,1.302414871879559,False,-0.16666235281299577,4
129.0,0.0,0.148837,2.420590647704318,False,-0.1754647139993654,4
128.0,0.0,0.139535,2.420590647704318,False,-0.1754647139993654,4
293.0,0.0,0.134884,2.420590647704318,False,-0.1754647139993654,4
296.0,0.0,0.2,2.420590647704318,False,-0.1754647139993654,4
69.0,0.0,0.13023300000000002,2.420590647704318,False,-0.1754647139993654,4
89.0,0.0,0.18139500000000003,2.4406316610963112,False,-0.19102772871406726,4
64.0,0.91817003,0.23255800000000001,2.4406316610963112,False,-0.19102772871406726,4
285.0,0.9677081,0.26976700000000003,2.5289102420134486,False,-0.19847340864270657,4
100.0,0.0,0.15814,2.5289102420134486,False,-0.19881523898938924,4
80.0,0.91688174,0.11627900000000001,2.5289102420134486,False,-0.19881523898938924,4
264.0,0.90791637,0.0,1.302414871879559,False,-0.2112005679013247,4
75.0,0.8994671,0.0,1.302414871879559,False,-0.2112005679013247,4
112.0,0.9011507,0.0,1.302414871879559,False,-0.2112005679013247,4
67.0,0.0,0.209302,2.15394096953168,False,-0.2115265999164505,4
65.0,0.0,0.227907,2.15394096953168,False,-0.2115265999164505,4
108.0,0.9905019,0.227907,2.0845928323849283,False,-0.21264380083325976,4
72.0,0.9749367,0.0,1.302414871879559,False,-0.21337311622509736,4
84.0,0.97826725,0.046512000000000005,1.302414871879559,False,-0.21337311622509736,4
82.0,0.9734318,0.0,1.302414871879559,False,-0.21337311622509736,4
175.0,0.9708544,0.0,1.302414871879559,False,-0.21610161756467577,4
105.0,0.96280354,0.0,1.302414871879559,False,-0.21610161756467577,4
98.0,0.9552769,0.0,1.302414871879559,False,-0.21610161756467577,4
83.0,0.9569039,0.0,1.302414871879559,False,-0.21610161756467577,4
197.0,0.9726115,0.0,1.302414871879559,False,-0.21610161756467577,4
51.0,0.95488155,0.0,1.302414871879559,False,-0.21610161756467577,4
126.0,0.9227898,0.0,1.302414871879559,False,-0.21789378641763735,4
127.0,0.0,0.10697699999999999,2.5289102420134486,False,-0.2256935208802721,4
68.0,0.93603015,0.0,1.302414871879559,False,-0.24598695147780109,4
277.0,0.85744,0.0,2.420590647704318,False,-0.25276746661856525,4
185.0,0.0,0.046512000000000005,2.420590647704318,False,-0.25276746661856525,4
248.0,0.0,0.037209,2.420590647704318,False,-0.25276746661856525,4
149.0,0.85699344,0.0,2.420590647704318,False,-0.25276746661856525,4
287.0,0.87216204,0.0,2.420590647704318,False,-0.25276746661856525,4
265.0,0.87856233,0.0,2.420590647704318,False,-0.25276746661856525,4
266.0,0.88045895,0.0,2.420590647704318,False,-0.25276746661856525,4
182.0,0.86486244,0.0,2.420590647704318,False,-0.25276746661856525,4
181.0,0.88071793,0.0,2.420590647704318,False,-0.25276746661856525,4
268.0,0.9782693,0.0,2.420590647704318,False,-0.2549400149423379,4
47.0,0.97398025,0.0,2.420590647704318,False,-0.2549400149423379,4
267.0,0.9730605,0.0,2.420590647704318,False,-0.2576685162819164,4
230.0,0.9718922,0.0,2.420590647704318,False,-0.2576685162819164,4
289.0,0.9667299,0.0,2.420590647704318,False,-0.2576685162819164,4
288.0,0.96661466,0.0,2.420590647704318,False,-0.2576685162819164,4
56.0,0.9603458,0.0,2.420590647704318,False,-0.2576685162819164,4
95.0,0.96428704,0.0,2.420590647704318,False,-0.2576685162819164,4
273.0,0.95636857,0.0,2.420590647704318,False,-0.2576685162819164,4
262.0,0.0,0.04186,2.5289102420134486,False,-0.27611799160858913,4
246.0,0.0,0.055814,2.5289102420134486,False,-0.27611799160858913,4
115.0,0.0,0.04186,2.5289102420134486,False,-0.27611799160858913,4
114.0,0.0,0.037209,2.5289102420134486,False,-0.27611799160858913,4
291.0,0.97518677,0.0,2.5289102420134486,False,-0.2782905399323618,4
221.0,0.97003806,0.0,2.5289102420134486,False,-0.2810190412719403,4
258.0,0.9660746,0.0,2.5289102420134486,False,-0.2810190412719403,4
180.0,0.9655926,0.0,2.5289102420134486,False,-0.2810190412719403,4
176.0,0.9674438,0.0,2.5289102420134486,False,-0.2810190412719403,4
217.0,0.96543884,0.0,2.5289102420134486,False,-0.2810190412719403,4
206.0,0.96910363,0.0,2.5289102420134486,False,-0.2810190412719403,4
200.0,0.96828747,0.0,2.5289102420134486,False,-0.2810190412719403,4
54.0,0.9304288,0.0,2.15394096953168,False,-0.2812984545628978,4
160.0,0.9748241,0.0,2.4518114386198087,False,-0.28155736364978945,4
198.0,0.9826759,0.0,2.4518114386198087,False,-0.28155736364978945,4
212.0,0.9675025,0.0,2.4518114386198087,False,-0.28428586498936786,4
207.0,0.97249603,0.0,2.4518114386198087,False,-0.28428586498936786,4
269.0,0.9730542,0.0,2.4518114386198087,False,-0.28428586498936786,4
70.0,1.0,1.0,1.800540296996097,False,0.7654992159543313,19
71.0,1.0000002,1.0,1.800540296996097,False,0.7654992159543313,19
109.0,0.9957278,0.7488370000000001,1.800540296996097,False,0.6102887985159667,19
110.0,1.0000002,1.0,0.874186565280673,False,0.5494583904563476,19
97.0,1.0,1.0,1.487687698171753,False,0.5481022786408823,19
123.0,1.0,1.0,1.4185692199708888,False,0.5436039856745758,19
130.0,1.0,1.0,1.4185692199708888,False,0.5436039856745758,19
298.0,1.0,1.0,1.4185692199708888,False,0.5436039856745758,19
311.0,1.0000002,1.0,1.4185692199708888,False,0.5436039856745758,19
309.0,1.0000002,1.0,1.5596800072916115,False,0.5222644035238188,19
111.0,1.0000002,1.0,1.391761090091094,False,0.48990872557449494,19
117.0,0.9999998,1.0,1.4299140400345898,False,0.483246081389041,19
177.0,0.9999999,1.0,1.5319057632599333,False,0.47716491883451534,19
302.0,1.0,1.0,1.2476205094098916,False,0.46878748382650326,19
299.0,1.0,1.0,1.2476205094098916,False,0.46878748382650326,19
307.0,1.0000002,1.0,1.2476205094098916,False,0.46878748382650326,19
58.0,0.9999998,1.0,1.2713242199139396,False,0.4378566789241516,19
107.0,0.9999999,1.0,1.4185692199708888,False,0.4337076357471614,19
96.0,0.99999964,1.0,1.487687698171753,False,0.41415407818753214,19
43.0,0.9944343,0.7209300000000001,1.4185692199708888,False,0.3883935682362112,19
40.0,0.9953525,0.637209,1.4185692199708888,False,0.3883935682362112,19
310.0,0.9952489,0.772093,1.4185692199708888,False,0.3883935682362112,19
304.0,0.9984892,0.7209300000000001,1.2476205094098916,False,0.37411870550602666,19
57.0,0.9971581,0.67907,1.487687698171753,False,0.37180007224397693,19
34.0,0.99424505,0.562791,1.4185692199708888,False,0.32997174534465534,19
300.0,0.9954728,0.739535,1.2476205094098916,False,0.31357706638813854,19
306.0,0.9958091,0.6976739999999999,1.2476205094098916,False,0.31357706638813854,19
308.0,0.99456406,0.7488370000000001,1.2476205094098916,False,0.31357706638813854,19
41.0,0.9930445,0.734884,1.4185692199708888,False,0.30867227098516714,19
36.0,0.9984319,0.87907,1.4185692199708888,False,0.2975619524526931,19
312.0,0.99646145,0.8,1.4185692199708888,False,0.2975619524526931,19
313.0,0.9963833,0.790698,1.4185692199708888,False,0.2975619524526931,19
301.0,0.99713767,0.6976739999999999,1.2476205094098916,False,0.29248527742959773,19
76.0,0.9917878,0.655814,1.4185692199708888,False,0.2827644892291003,19
77.0,0.9923438,0.660465,1.4185692199708888,False,0.2827644892291003,19
66.0,0.98568213,0.34883699999999995,1.800540296996097,False,0.24536265460406048,19
39.0,0.0,0.6976739999999999,1.4185692199708888,False,0.23151823121559945,19
305.0,0.99233466,0.706977,1.2476205094098916,False,0.20794798738102782,19
314.0,0.0,0.6,1.4185692199708888,False,0.20122057578633928,19
295.0,0.0,0.38604700000000003,0.874186565280673,False,0.183022128408933,19
142.0,0.0,0.390698,1.2713242199139396,False,0.182319480398995,19
25.0,0.0,0.604651,1.5596800072916115,False,0.18088370723042585,19
15.0,0.0,0.6,1.5596800072916115,False,0.18088370723042585,19
28.0,0.0,0.534884,1.5596800072916115,False,0.17862439011082687,19
18.0,0.0,0.539535,1.5596800072916115,False,0.17862439011082687,19
24.0,0.98632044,0.613953,1.5596800072916115,False,0.1541491727188176,19
1.0,0.9873855,0.6,1.5596800072916115,False,0.1541491727188176,19
8.0,0.98711973,0.5906980000000001,1.5596800072916115,False,0.1541491727188176,19
81.0,0.0,0.35814,0.874186565280673,False,0.15243011178260377,19
303.0,0.99327904,0.47906999999999994,1.2476205094098916,False,0.12681070216554732,19
7.0,0.9886234,0.595349,1.5596800072916115,False,0.10952332322944008,19
6.0,0.9888451,0.5906980000000001,1.5596800072916115,False,0.10952332322944008,19
102.0,0.9875616,0.432558,1.4185692199708888,False,0.09773862973244381,19
132.0,0.98891175,0.5023259999999999,1.4185692199708888,False,0.053112780243066336,19
131.0,0.0,0.339535,1.4185692199708888,False,0.044645828758531264,19
124.0,0.0,0.325581,1.800540296996097,False,0.0022248669418648715,19
60.0,0.9930667,0.162791,1.487687698171753,False,-0.06928164711911897,19
53.0,0.99305856,0.15814,1.487687698171753,False,-0.06928164711911897,19
29.0,0.9938555,0.0,1.4185692199708888,False,-0.08104586015239348,19
50.0,0.9925796,0.0,1.487687698171753,False,-0.13370607881748495,19
19.0,0.99225426,0.0,1.4185692199708888,False,-0.1441069490047072,19
63.0,0.0,0.172093,1.487687698171753,False,-0.14643568688868677,19
61.0,0.0,0.15814,1.487687698171753,False,-0.14643568688868677,19
95.0,0.0,0.23255800000000001,1.487687698171753,False,-0.14643568688868677,19
91.0,0.0,0.190698,1.487687698171753,False,-0.14643568688868677,19
12.0,0.9842589,0.0,1.5596800072916115,False,-0.14696751882956538,19
30.0,0.98418,0.0,1.5596800072916115,False,-0.14696751882956538,19
26.0,0.98623216,0.0,1.5596800072916115,False,-0.14696751882956538,19
101.0,0.0,0.204651,0.874186565280673,False,-0.15098215229413717,19
65.0,0.0,0.227907,1.800540296996097,True,-0.15532459652141706,19
64.0,0.0,0.223256,1.800540296996097,True,-0.15532459652141706,19
67.0,0.0,0.209302,1.4185692199708888,False,-0.15683655707590907,19
293.0,0.0,0.18604700000000002,1.4185692199708888,False,-0.15683655707590907,19
108.0,0.9905019,0.227907,1.2713242199139396,False,-0.15684012635979439,19
51.0,0.98806286,0.0,1.2476205094098916,False,-0.15898555026963251,19
38.0,0.97808325,0.0,1.2476205094098916,False,-0.15898555026963251,19
59.0,0.9857446,0.0,1.2476205094098916,False,-0.15898555026963251,19
35.0,0.99110335,0.0,1.4185692199708888,False,-0.18586969790216165,19
89.0,0.0,0.18139500000000003,1.4299140400345898,False,-0.18888413438129073,19
171.0,0.0,0.139535,1.5319057632599333,False,-0.2018705877515759,19
52.0,0.9882784,0.0,1.487687698171753,False,-0.21168687134259406,19
187.0,0.9554015,0.0,1.487687698171753,False,-0.21441537268217248,19
141.0,0.96193403,0.0,1.487687698171753,False,-0.21441537268217248,19
125.0,0.9608599,0.0,1.487687698171753,False,-0.21441537268217248,19
275.0,0.9605508,0.0,1.487687698171753,False,-0.21441537268217248,19
261.0,0.9574933,0.0,1.487687698171753,False,-0.21441537268217248,19
279.0,0.9711032,0.0,1.487687698171753,False,-0.21441537268217248,19
5.0,0.9555752,0.0,1.487687698171753,False,-0.21441537268217248,19
147.0,0.9567311,0.0,1.487687698171753,False,-0.21441537268217248,19
257.0,0.96054256,0.0,1.487687698171753,False,-0.21441537268217248,19
126.0,0.9087595,0.0,1.4185692199708888,False,-0.21991519320604364,19
80.0,0.91777176,0.0,1.4185692199708888,False,-0.21991519320604364,19
127.0,0.9091109,0.0,1.4185692199708888,False,-0.21991519320604364,19
10.0,0.9795196,0.0,1.4185692199708888,False,-0.22208774152981636,19
3.0,0.97721064,0.0,1.4185692199708888,False,-0.22208774152981636,19
23.0,0.97656333,0.0,1.4185692199708888,False,-0.22208774152981636,19
21.0,0.9805512,0.0,1.4185692199708888,False,-0.22208774152981636,19
82.0,0.9734318,0.0,1.4185692199708888,False,-0.22208774152981636,19
13.0,0.9730221,0.0,1.4185692199708888,False,-0.22481624286939478,19
98.0,0.97050226,0.0,1.4185692199708888,False,-0.22481624286939478,19
68.0,0.96413183,0.0,1.4185692199708888,False,-0.22481624286939478,19
75.0,0.96830446,0.0,1.4185692199708888,False,-0.22481624286939478,19
129.0,0.94839346,0.0,1.4185692199708888,False,-0.22481624286939478,19
54.0,0.9304288,0.0,1.4185692199708888,False,-0.22660841172235635,19
114.0,0.98327684,0.0,1.5319057632599333,False,-0.23167723833797033,19
160.0,0.9748241,0.0,1.5319057632599333,False,-0.23167723833797033,19
198.0,0.9826759,0.0,1.5319057632599333,False,-0.23167723833797033,19
115.0,0.98375446,0.0,1.5319057632599333,False,-0.23167723833797033,19
207.0,0.97249603,0.0,1.5319057632599333,False,-0.2780443870148643,19
289.0,0.9706521,0.0,1.5319057632599333,False,-0.2780443870148643,19
212.0,0.9675025,0.0,1.5319057632599333,False,-0.2780443870148643,19
269.0,0.9730542,0.0,1.5319057632599333,False,-0.2780443870148643,19
288.0,0.9688928,0.0,1.5319057632599333,False,-0.2780443870148643,19
88.0,1.0,1.0,2.1894812002126276,False,0.7438649718124631,444
196.0,1.0000001,1.0,2.3265906646986414,False,0.7363266264592299,444
197.0,1.0000002,1.0,2.3265906646986414,False,0.7363266264592299,444
65.0,1.0000002,1.0,1.8299986706920899,False,0.6218261095149243,444
72.0,0.99999976,1.0,2.3265906646986414,False,0.6023784260058798,444
87.0,0.9944171,0.637209,2.1894812002126276,False,0.5886545543740986,444
309.0,1.0000002,1.0,1.9077687233666352,False,0.5730015804433769,444
67.0,0.99999994,1.0,1.5950151587934973,False,0.5547210652662619,444
64.0,1.0000001,1.0,1.4882454375690553,True,0.5233780351567427,444
90.0,0.99549013,0.5023259999999999,2.1894812002126276,False,0.5127588136734468,444
105.0,1.0000002,1.0,2.60418559513821,False,0.4726108044965369,444
124.0,0.99999964,1.0,1.6719576723779614,False,0.43146617760905803,444
68.0,0.9987775,0.790698,1.5950151587934973,False,0.42077286481291165,444
1.0,1.0000004,1.0,2.170849505122094,False,0.37489591616229856,444
86.0,0.9836583,0.5162789999999999,2.1894812002126276,False,0.2715479128482968,444
6.0,0.9985262,0.809302,2.170849505122094,False,0.2600514604992781,444
15.0,0.0,0.6,1.9077687233666352,False,0.20614311074959465,444
25.0,0.0,0.604651,1.9077687233666352,False,0.20614311074959465,444
75.0,0.0,0.395349,1.4882454375690553,False,0.1880910993802236,444
24.0,0.98632044,0.613953,1.9077687233666352,False,0.17940857623798637,444
8.0,0.98711973,0.5906980000000001,1.9077687233666352,False,0.17940857623798637,444
28.0,0.0,0.534884,1.9077687233666352,False,0.17373718095394367,444
18.0,0.0,0.539535,1.9077687233666352,False,0.17373718095394367,444
74.0,0.0,0.35814,1.4882454375690553,False,0.15749908275389438,444
7.0,0.9886234,0.595349,1.9077687233666352,False,0.13478272674860886,444
118.0,0.9866842,0.48837200000000003,2.60418559513821,False,0.11934746838160167,444
119.0,0.9857335,0.483721,2.60418559513821,False,0.11934746838160167,444
12.0,0.99168813,0.539535,2.170849505122094,False,0.10160590555313738,444
71.0,0.0,0.325581,1.6719576723779614,False,0.013821217265934573,444
70.0,0.0,0.311628,1.6719576723779614,False,0.013821217265934573,444
109.0,0.0,0.32093000000000005,1.6719576723779614,False,0.013821217265934573,444
2.0,0.0,0.47906999999999994,2.170849505122094,False,0.006018165793000206,444
101.0,0.0,0.274419,2.4999939333149803,False,-0.06755937550008001,444
117.0,0.0,0.23255800000000001,1.4882454375690553,False,-0.07240858927293156,444
66.0,0.936961,0.288372,1.6719576723779614,False,-0.08778758728995203,444
107.0,0.0,0.209302,2.4999939333149803,False,-0.09736424169794936,444
76.0,0.0,0.209302,2.4999939333149803,False,-0.09736424169794936,444
189.0,0.98414695,0.265116,2.3265906646986414,False,-0.10786910600223637,444
77.0,0.9513025,0.260465,1.6719576723779614,False,-0.11032863553418477,444
102.0,0.9594641,0.0,1.4882454375690553,False,-0.14038827506641727,444
92.0,0.0,0.060465,2.1894812002126276,False,-0.1664797284653987,444
120.0,0.0,0.055814,2.1894812002126276,False,-0.1664797284653987,444
121.0,0.0,0.060465,2.1894812002126276,False,-0.1664797284653987,444
130.0,0.9628763,0.190698,1.5950151587934973,False,-0.16827722251965024,444
84.0,0.9778186,0.0,2.1894812002126276,False,-0.16865227678917144,444
129.0,0.93694437,0.0,1.4882454375690553,False,-0.17027360897954252,444
293.0,0.9375015,0.0,1.4882454375690553,False,-0.17027360897954252,444
127.0,0.9560741,0.0,2.4999939333149803,False,-0.17137393051069766,444
123.0,0.95213014,0.0,2.4999939333149803,False,-0.17137393051069766,444
19.0,0.9490862,0.0,2.4999939333149803,False,-0.17137393051069766,444
21.0,0.95300364,0.0,2.4999939333149803,False,-0.17137393051069766,444
89.0,0.96780396,0.0,2.4999939333149803,False,-0.17137393051069766,444
42.0,0.94842637,0.0,2.4999939333149803,False,-0.17137393051069766,444
10.0,0.94785225,0.0,2.4999939333149803,False,-0.17137393051069766,444
267.0,0.97076297,0.0,2.1894812002126276,False,-0.17138077812874986,444
85.0,0.97221744,0.0,2.1894812002126276,False,-0.17138077812874986,444
83.0,0.9709768,0.0,2.1894812002126276,False,-0.17138077812874986,444
125.0,0.0,0.12093,2.60418559513821,False,-0.17459954759292176,444
144.0,0.0,0.032558,2.3265906646986414,False,-0.18004807683789462,444
221.0,0.0,0.060465,2.3265906646986414,False,-0.18004807683789462,444
248.0,0.0,0.032558,2.3265906646986414,False,-0.18004807683789462,444
249.0,0.9858208,0.0,2.3265906646986414,False,-0.1822206251616673,444
246.0,0.98383236,0.0,2.3265906646986414,False,-0.1822206251616673,444
162.0,0.9843169,0.0,2.3265906646986414,False,-0.1822206251616673,444
175.0,0.98059714,0.0,2.3265906646986414,False,-0.1822206251616673,444
228.0,0.98427,0.0,2.3265906646986414,False,-0.1822206251616673,444
262.0,0.9792924,0.0,2.3265906646986414,False,-0.1822206251616673,444
202.0,0.96577466,0.0,2.3265906646986414,False,-0.1849491265012457,444
300.0,0.94835496,0.0,2.3265906646986414,False,-0.1849491265012457,444
165.0,0.95441246,0.0,2.3265906646986414,False,-0.1849491265012457,444
184.0,0.95013744,0.0,2.3265906646986414,False,-0.1849491265012457,444
160.0,0.94869125,0.0,2.3265906646986414,False,-0.1849491265012457,444
198.0,0.953485,0.0,2.3265906646986414,False,-0.1849491265012457,444
217.0,0.9504174,0.0,2.3265906646986414,False,-0.1849491265012457,444
210.0,0.9504868,0.0,2.3265906646986414,False,-0.1849491265012457,444
26.0,0.98623216,0.0,1.9077687233666352,False,-0.18834297542840653,444
311.0,0.9852397,0.0,1.9077687233666352,False,-0.18834297542840653,444
30.0,0.98418,0.0,1.9077687233666352,False,-0.18834297542840653,444
106.0,0.97797346,0.162791,2.60418559513821,False,-0.20133408210453,444
20.0,0.99045926,0.0,2.170849505122094,False,-0.20367217409038532,444
111.0,0.9477696,0.0,1.5950151587934973,False,-0.20679387246194925,444
132.0,0.9574528,0.0,1.5950151587934973,False,-0.20679387246194925,444
80.0,0.92813206,0.0,1.5950151587934973,False,-0.20858604131491082,444
116.0,0.92055047,0.0,1.5950151587934973,False,-0.20858604131491082,444
126.0,0.92592156,0.0,1.5950151587934973,False,-0.20858604131491082,444
27.0,0.0,0.08837199999999999,2.60418559513821,False,-0.2130875699987692,444
110.0,0.9333892,0.0,1.5950151587934973,False,-0.2366792063750745,444
98.0,0.9769863,0.0,2.60418559513821,False,-0.2458807350660917,444
14.0,0.9753271,0.0,2.60418559513821,False,-0.2458807350660917,444
115.0,0.9714818,0.0,2.60418559513821,False,-0.24860923640567012,444
299.0,0.9719918,0.0,2.60418559513821,False,-0.24860923640567012,444
22.0,0.98835945,0.0,2.170849505122094,False,-0.26397465481473614,444
197.0,1.0000002,1.0,2.546588989010415,False,0.7371221792470808,61
196.0,1.0000001,1.0,2.546588989010415,False,0.7371221792470808,61
171.0,1.0000005,1.0,2.1525574356355235,False,0.7251345325190678,61
274.0,1.0000001,1.0,2.1525574356355235,False,0.7251345325190678,61
116.0,1.0000001,1.0,2.1525574356355235,False,0.7251345325190678,61
57.0,1.0,1.0,2.6261069758897007,False,0.7111446086329273,61
91.0,1.0,1.0,2.6261069758897007,False,0.7111446086329273,61
90.0,1.0000001,1.0,2.6117431995162788,False,0.7058819338230132,61
131.0,1.0000002,1.0,1.9533525220257548,False,0.6326360215516119,61
130.0,1.0,1.0,1.9533525220257548,False,0.6326360215516119,61
132.0,1.0000001,1.0,1.9533525220257548,False,0.6326360215516119,61
192.0,0.9999999,1.0,2.6261069758897007,False,0.6239177206267665,61
58.0,0.9999998,1.0,2.6261069758897007,False,0.6239177206267665,61
72.0,0.99999976,1.0,2.546588989010415,True,0.6031739787937307,61
52.0,0.9999997,1.0,2.6261069758897007,False,0.5998658701008306,61
96.0,0.99999964,1.0,2.6261069758897007,False,0.5998658701008306,61
65.0,1.0000002,1.0,2.26938191299736,False,0.5211565251043468,61
41.0,1.0000001,1.0,2.0264930830025607,False,0.5090513056618752,61
43.0,1.0000001,1.0,2.0264930830025607,False,0.5090513056618752,61
42.0,1.0000002,1.0,2.0264930830025607,False,0.5090513056618752,61
40.0,0.99999994,1.0,2.0264930830025607,False,0.5090513056618752,61
298.0,1.0,1.0,2.0264930830025607,False,0.5090513056618752,61
1.0,1.0000004,1.0,1.492999533079647,False,0.4792306820689002,61
88.0,0.99549013,0.5023259999999999,2.6117431995162788,False,0.46629591133435455,61
49.0,0.9938158,0.781395,2.6261069758897007,False,0.4641099180101949,61
64.0,1.0000001,1.0,2.526252646123921,False,0.4555826139421014,61
39.0,0.9999998,1.0,2.0264930830025607,False,0.42182441765571427,61
3.0,0.99999964,1.0,2.0264930830025607,False,0.39777256712977843,61
313.0,0.9945971,0.711628,2.0264930830025607,False,0.376510350144764,61
311.0,0.9953525,0.637209,2.0264930830025607,False,0.376510350144764,61
6.0,0.9985262,0.809302,1.492999533079647,False,0.3643862264058796,61
34.0,0.9944172,0.613953,2.0264930830025607,False,0.3472154083103476,61
312.0,0.99435747,0.581395,2.0264930830025607,False,0.3472154083103476,61
36.0,0.9939023,0.711628,2.0264930830025607,False,0.33175644186411996,61
87.0,0.99178386,0.497674,2.6117431995162788,False,0.3210686355801615,61
142.0,0.0,0.390698,2.6261069758897007,False,0.30868432516555405,61
310.0,0.9935137,0.665116,2.0264930830025607,False,0.29678905289372004,61
60.0,0.9881662,0.367442,2.6261069758897007,False,0.28194979065394576,61
124.0,0.99999964,1.0,2.2744845860194935,False,0.2645398097387197,61
61.0,0.0,0.35814,2.6261069758897007,False,0.23831687607239255,61
314.0,0.0,0.627907,2.0264930830025607,False,0.23009152069028324,61
86.0,0.9845911,0.45116300000000004,2.6117431995162788,False,0.22298984286607884,61
35.0,0.99064916,0.581395,2.0264930830025607,False,0.2102800879719132,61
38.0,0.0,0.562791,2.0264930830025607,False,0.20079657885586674,61
33.0,0.0,0.581395,2.0264930830025607,False,0.20079657885586674,61
32.0,0.0,0.623256,2.0264930830025607,False,0.20079657885586674,61
7.0,0.99127173,0.660465,1.492999533079647,False,0.19573218151629995,61
8.0,0.9912697,0.6418600000000001,1.492999533079647,False,0.19573218151629995,61
12.0,0.99168813,0.539535,1.492999533079647,False,0.17579405878368706,61
309.0,0.0,0.6,1.492999533079647,False,0.15695373056583709,61
75.0,0.0,0.395349,2.526252646123921,False,0.12029567816558244,61
74.0,0.0,0.35814,2.526252646123921,False,0.08970366153925316,61
18.0,0.0,0.530233,1.492999533079647,False,0.0802063190235499,61
2.0,0.0,0.47906999999999994,1.492999533079647,False,0.0802063190235499,61
24.0,0.0,0.48837200000000003,1.492999533079647,False,0.0802063190235499,61
15.0,0.9888879,0.47906999999999994,1.492999533079647,False,0.00884593502256412,61
68.0,0.0,0.306977,2.526252646123921,False,-0.015712327340770826,61
67.0,0.0,0.32093000000000005,2.526252646123921,False,-0.015712327340770826,61
136.0,0.9829105,0.339535,2.6261069758897007,False,-0.026728203844183243,61
29.0,0.9938555,0.0,2.0264930830025607,False,-0.04649743873019489,61
109.0,0.0,0.32093000000000005,2.2744845860194935,False,-0.0728069310908023,61
70.0,0.0,0.311628,2.2744845860194935,False,-0.0728069310908023,61
71.0,0.0,0.325581,2.2744845860194935,False,-0.0728069310908023,61
53.0,0.98397,0.330233,2.6261069758897007,False,-0.09781632931090595,61
50.0,0.9838128,0.325581,2.6261069758897007,False,-0.09781632931090595,61
19.0,0.99225426,0.0,2.0264930830025607,False,-0.0991020200163776,61
76.0,0.0,0.18604700000000002,1.9533525220257548,False,-0.11568272177700387,61
293.0,0.0,0.18604700000000002,1.9533525220257548,False,-0.11568272177700387,61
107.0,0.0,0.15814,1.9533525220257548,False,-0.11568272177700387,61
129.0,0.0,0.153488,1.9533525220257548,False,-0.11568272177700387,61
128.0,0.0,0.21395299999999998,1.9533525220257548,False,-0.11568272177700387,61
189.0,0.98414695,0.265116,2.546588989010415,False,-0.12240902273524158,61
117.0,0.0,0.23255800000000001,2.526252646123921,False,-0.14020401048757278,61
101.0,0.0,0.274419,2.26938191299736,False,-0.14377305445660973,61
66.0,0.936961,0.288372,2.2744845860194935,False,-0.17441573564668886,61
21.0,0.98272955,0.0,2.0264930830025607,False,-0.17708281254148683,61
153.0,0.98697186,0.0,2.0264930830025607,False,-0.17708281254148683,61
13.0,0.9828319,0.0,2.0264930830025607,False,-0.17708281254148683,61
285.0,0.9677081,0.26976700000000003,2.1525574356355235,False,-0.18429742082904998,61
177.0,0.0,0.139535,2.1525574356355235,False,-0.18463925117573265,61
100.0,0.0,0.15814,2.1525574356355235,False,-0.18463925117573265,61
80.0,0.91688174,0.11627900000000001,2.1525574356355235,False,-0.18463925117573265,61
272.0,0.90139616,0.0,1.9533525220257548,False,-0.18695547137694096,61
126.0,0.9087595,0.0,1.9533525220257548,False,-0.18695547137694096,61
127.0,0.9091109,0.0,1.9533525220257548,False,-0.18695547137694096,61
110.0,0.9163984,0.0,1.9533525220257548,False,-0.18695547137694096,61
111.0,0.94527483,0.0,1.9533525220257548,False,-0.1918565210402921,61
77.0,0.9513025,0.260465,2.2744845860194935,False,-0.1969567838909216,61
95.0,0.99249893,0.0,2.6261069758897007,False,-0.20183365302166678,61
248.0,0.0,0.032558,2.546588989010415,False,-0.20278210704070238,61
144.0,0.0,0.032558,2.546588989010415,False,-0.20278210704070238,61
221.0,0.0,0.060465,2.546588989010415,False,-0.20278210704070238,61
246.0,0.98383236,0.0,2.546588989010415,False,-0.2049546553644751,61
162.0,0.9843169,0.0,2.546588989010415,False,-0.2049546553644751,61
175.0,0.98059714,0.0,2.546588989010415,False,-0.2049546553644751,61
267.0,0.9843025,0.0,2.546588989010415,False,-0.2049546553644751,61
249.0,0.9856504,0.0,2.546588989010415,False,-0.2049546553644751,61
228.0,0.98427,0.0,2.546588989010415,False,-0.2049546553644751,61
262.0,0.9792924,0.0,2.546588989010415,False,-0.2049546553644751,61
81.0,0.0,0.102326,2.1525574356355235,False,-0.20548753004735287,61
210.0,0.9504868,0.0,2.546588989010415,False,-0.20768315670405352,61
217.0,0.9504174,0.0,2.546588989010415,False,-0.20768315670405352,61
165.0,0.95441246,0.0,2.546588989010415,False,-0.20768315670405352,61
300.0,0.94835496,0.0,2.546588989010415,False,-0.20768315670405352,61
160.0,0.94869125,0.0,2.546588989010415,False,-0.20768315670405352,61
202.0,0.96577466,0.0,2.546588989010415,False,-0.20768315670405352,61
198.0,0.953485,0.0,2.546588989010415,False,-0.20768315670405352,61
184.0,0.95013744,0.0,2.546588989010415,False,-0.20768315670405352,61
102.0,0.9594641,0.0,2.526252646123921,False,-0.22240781277012367,61
20.0,0.99045926,0.0,1.492999533079647,False,-0.2273249703029798,61
26.0,0.9904927,0.0,1.492999533079647,False,-0.2273249703029798,61
63.0,0.0,0.15814,2.6261069758897007,False,-0.22863125826257957,61
97.0,0.0,0.237209,2.6261069758897007,False,-0.22863125826257957,61
108.0,0.9905019,0.227907,2.6261069758897007,False,-0.23968916153921452,61
114.0,0.0,0.037209,2.1525574356355235,False,-0.24771788730586722,61
115.0,0.0,0.04186,2.1525574356355235,False,-0.24771788730586722,61
89.0,0.96780396,0.0,2.26938191299736,False,-0.2497517199177674,61
123.0,0.95213014,0.0,2.26938191299736,False,-0.2497517199177674,61
10.0,0.94785225,0.0,2.26938191299736,False,-0.2497517199177674,61
291.0,0.97518677,0.0,2.1525574356355235,False,-0.24989043562963995,61
288.0,0.9720267,0.0,2.1525574356355235,False,-0.2526189369692184,61
289.0,0.96983236,0.0,2.1525574356355235,False,-0.2526189369692184,61
273.0,0.96881664,0.0,2.1525574356355235,False,-0.2526189369692184,61
258.0,0.9660746,0.0,2.1525574356355235,False,-0.2526189369692184,61
180.0,0.9655926,0.0,2.1525574356355235,False,-0.2526189369692184,61
176.0,0.9674438,0.0,2.1525574356355235,False,-0.2526189369692184,61
206.0,0.96910363,0.0,2.1525574356355235,False,-0.2526189369692184,61
200.0,0.96828747,0.0,2.1525574356355235,False,-0.2526189369692184,61
237.0,0.0,0.09302300000000001,2.6261069758897007,False,-0.25550954015346233,61
236.0,0.0,0.065116,2.6261069758897007,False,-0.267119280668427,61
22.0,0.98835945,0.0,1.492999533079647,False,-0.2876274510273306,61
28.0,0.9892098,0.0,1.492999533079647,False,-0.2876274510273306,61
303.0,0.98208547,0.0,2.6261069758897007,False,-0.29991244573574954,61
225.0,0.9461678,0.0,2.6261069758897007,False,-0.30264094707532796,61
158.0,0.9490533,0.0,2.6261069758897007,False,-0.30264094707532796,61
260.0,0.95036185,0.0,2.6261069758897007,False,-0.30264094707532796,61
259.0,0.0,0.046512000000000005,2.6117431995162788,False,-0.3181019765074529,61
45.0,0.0,0.046512000000000005,2.6117431995162788,False,-0.3181019765074529,61
84.0,0.9753283,0.0,2.6117431995162788,False,-0.3202745248312257,61
166.0,0.9688488,0.0,2.6117431995162788,False,-0.3230030261708041,61
94.0,0.942453,0.0,2.6261069758897007,False,-0.3325262809884532,61
37.0,0.94113576,0.0,2.6261069758897007,False,-0.3325262809884532,61
179.0,0.93893147,0.0,2.6261069758897007,False,-0.3325262809884532,61
277.0,0.94237626,0.0,2.6261069758897007,False,-0.3325262809884532,61
122.0,1.0,1.0,3.5334962929579277,False,0.7249923992636671,64
307.0,1.0000002,1.0,1.1331623613672477,True,0.632752506388445,64
123.0,1.0,1.0,5.501166163561489,False,0.6163705384362754,64
38.0,1.0,1.0,5.501166163561489,False,0.6163705384362754,64
11.0,1.0,1.0,5.501166163561489,False,0.6163705384362754,64
2.0,1.0000005,1.0,5.501166163561489,False,0.6163705384362754,64
18.0,1.0000001,1.0,5.501166163561489,False,0.6163705384362754,64
17.0,1.0,1.0,5.501166163561489,False,0.6163705384362754,64
21.0,1.0000002,1.0,5.501166163561489,False,0.6163705384362754,64
55.0,1.0000002,1.0,5.501166163561489,False,0.6163705384362754,64
110.0,1.0000002,1.0,5.501166163561489,False,0.6163705384362754,64
50.0,1.0000002,1.0,5.501166163561489,False,0.6163705384362754,64
33.0,1.0,1.0,5.501166163561489,False,0.6163705384362754,64
31.0,1.0000001,1.0,5.501166163561489,False,0.6163705384362754,64
34.0,1.0000002,1.0,5.501166163561489,False,0.6163705384362754,64
20.0,1.0000002,1.0,5.501166163561489,False,0.6163705384362754,64
1.0,1.0000004,1.0,5.501166163561489,False,0.6163705384362754,64
27.0,1.0000002,1.0,5.501166163561489,False,0.6163705384362754,64
22.0,1.0000001,1.0,5.501166163561489,False,0.6163705384362754,64
87.0,1.0000001,1.0,5.501166163561489,False,0.6163705384362754,64
28.0,1.0,1.0,5.501166163561489,False,0.6163705384362754,64
29.0,1.0000001,1.0,5.501166163561489,False,0.6163705384362754,64
30.0,1.0000002,1.0,5.501166163561489,False,0.6163705384362754,64
53.0,0.99943006,0.7767440000000001,5.501166163561489,False,0.5816777539872788,64
66.0,1.0,1.0,5.032899610305633,False,0.5743341955306097,64
10.0,0.9999999,1.0,5.501166163561489,False,0.5664501823803411,64
26.0,0.9999999,1.0,5.501166163561489,False,0.5664501823803411,64
73.0,0.9999999,1.0,5.501166163561489,False,0.5664501823803411,64
7.0,0.9999999,1.0,5.501166163561489,False,0.5664501823803411,64
12.0,0.9999998,1.0,5.501166163561489,False,0.5664501823803411,64
308.0,1.0000001,1.0,1.1495854188691315,True,0.5469886470079584,64
299.0,1.0,1.0,1.1495854188691315,False,0.5469886470079584,64
302.0,1.0,1.0,1.1495854188691315,False,0.5469886470079584,64
8.0,0.99999976,1.0,5.501166163561489,False,0.5423983318544052,64
15.0,0.99999976,1.0,5.501166163561489,False,0.5423983318544052,64
6.0,0.99999976,1.0,5.501166163561489,False,0.5423983318544052,64
16.0,0.99999976,1.0,5.501166163561489,False,0.5423983318544052,64
32.0,0.99999964,1.0,5.501166163561489,False,0.5423983318544052,64
88.0,0.9944171,0.637209,5.501166163561489,False,0.5211361148693908,64
298.0,0.99424505,0.562791,5.501166163561489,False,0.5180097798548052,64
39.0,0.9944172,0.613953,5.501166163561489,False,0.4918411730349742,64
306.0,0.9958091,0.6976739999999999,1.1331623613672477,False,0.4775420889500803,64
103.0,0.9999998,1.0,4.057833287158299,False,0.46297263957670654,64
304.0,0.9984892,0.7209300000000001,1.1495854188691315,False,0.45231986868748175,64
41.0,0.9954854,0.7860469999999999,5.501166163561489,False,0.4513962880444135,64
19.0,0.9952851,0.967442,5.501166163561489,False,0.4513962880444135,64
177.0,0.9999999,1.0,4.965934248755464,False,0.44043948182771375,64
303.0,0.9999999,1.0,1.1495854188691315,False,0.437092297080544,64
13.0,0.9968128,0.846512,5.501166163561489,False,0.4303044990858727,64
23.0,0.996724,0.9069769999999999,5.501166163561489,False,0.4303044990858727,64
36.0,0.9929569,0.55814,5.501166163561489,False,0.42046808649805584,64
142.0,0.99999976,1.0,1.1495854188691315,False,0.41304044655460814,64
314.0,0.9930229,0.8046510000000001,5.501166163561489,False,0.40261302508184854,64
300.0,0.9954728,0.739535,1.1495854188691315,False,0.39177822956959374,64
305.0,0.99233466,0.706977,1.1331623613672477,False,0.37191300994296966,64
301.0,0.99713767,0.6976739999999999,1.1495854188691315,False,0.37068644061105294,64
312.0,0.99137104,0.627907,5.501166163561489,False,0.3683408643108963,64
310.0,0.99067235,0.637209,5.501166163561489,False,0.3683408643108963,64
311.0,0.0,0.6930230000000001,5.501166163561489,False,0.35885735519484974,64
313.0,0.98983073,0.6418600000000001,5.501166163561489,False,0.3477994519182149,64
111.0,0.9876363,0.734884,5.501166163561489,False,0.33212282068324156,64
35.0,0.0,0.567442,5.501166163561489,False,0.32956241336043335,64
40.0,0.0,0.623256,5.501166163561489,False,0.32956241336043335,64
309.0,0.0,0.6,5.501166163561489,False,0.32956241336043335,64
90.0,0.99178386,0.497674,5.501166163561489,False,0.3241592600206206,64
61.0,0.991111,0.372093,5.501166163561489,False,0.3149930703173016,64
24.0,0.0,0.409302,5.501166163561489,False,0.30550956120125516,64
9.0,0.0,0.409302,5.501166163561489,False,0.30550956120125516,64
25.0,0.0,0.367442,5.501166163561489,False,0.30550956120125516,64
295.0,0.0,0.38604700000000003,5.501166163561489,False,0.30550956120125516,64
37.0,0.0,0.390698,5.501166163561489,False,0.30550956120125516,64
43.0,0.98102605,0.562791,5.501166163561489,False,0.302827878848825,64
14.0,0.0,0.916279,5.501166163561489,False,0.28911752836987253,64
113.0,0.9999999,1.0,3.421340684084319,False,0.2834523453304503,64
78.0,0.97539556,0.404651,5.501166163561489,False,0.27877502668964693,64
60.0,0.99139106,0.362791,5.501166163561489,False,0.2669996506657299,64
81.0,0.0,0.35814,5.501166163561489,False,0.23514211210809371,64
86.0,0.97673255,0.49302300000000004,5.501166163561489,False,0.2260804673065379,64
79.0,0.97630537,0.413953,5.501166163561489,False,0.2260804673065379,64
62.0,0.9654201,0.432558,5.501166163561489,False,0.2233519659669595,64
71.0,0.98568213,0.34883699999999995,5.032899610305633,False,0.1965178473668718,64
109.0,0.98599464,0.35348799999999997,5.032899610305633,False,0.1965178473668718,64
117.0,0.9999998,1.0,4.847669249177517,False,0.18936980284752625,64
58.0,0.9790094,0.390698,1.1495854188691315,False,0.15381785044893545,64
70.0,0.98751307,0.33488399999999996,5.032899610305633,False,-0.025101525297632998,64
108.0,0.9859476,0.293023,1.1495854188691315,False,-0.04979216988641706,64
120.0,0.0,0.293023,3.5334962929579277,False,-0.06261877213453158,64
121.0,0.0,0.311628,5.501166163561489,False,-0.07964132672957022,64
104.0,0.9858793,0.30232600000000004,3.5334962929579277,False,-0.0893533066461399,64
91.0,0.9838128,0.325581,5.501166163561489,False,-0.10637586124117852,64
49.0,0.0,0.24651199999999998,1.1495854188691315,False,-0.13652059571568084,64
124.0,0.0,0.288372,5.032899610305633,False,-0.14125965141752456,64
52.0,0.97328943,0.255814,1.1495854188691315,False,-0.14447898683534968,64
59.0,0.9809357,0.0,1.1331623613672477,False,-0.1638926960005742,64
76.0,0.0,0.21395299999999998,5.032899610305633,False,-0.1989289135849164,64
64.0,0.0,0.227907,5.032899610305633,False,-0.1989289135849164,64
65.0,0.0,0.195349,5.032899610305633,False,-0.1989289135849164,64
96.0,0.9925796,0.0,5.501166163561489,False,-0.21039318495193945,64
171.0,0.0,0.139535,4.965934248755464,False,-0.214682969454444,64
63.0,0.9822961,0.0,1.1495854188691315,False,-0.2209946164453206,64
51.0,0.98806286,0.0,1.1495854188691315,False,-0.2209946164453206,64
57.0,0.9764581,0.0,1.1495854188691315,False,-0.2209946164453206,64
101.0,0.94849753,0.209302,5.032899610305633,False,-0.22839194943610305,64
77.0,0.94746315,0.195349,5.032899610305633,False,-0.22839194943610305,64
146.0,0.0,0.074419,3.421340684084319,False,-0.22862346013874252,64
102.0,0.0,0.190698,5.501166163561489,False,-0.2371907901928522,64
107.0,0.0,0.21395299999999998,5.501166163561489,False,-0.2371907901928522,64
97.0,0.0,0.190698,5.501166163561489,False,-0.2371907901928522,64
93.0,0.0,0.051163,3.421340684084319,False,-0.25924407688229223,64
255.0,0.0,0.032558,3.421340684084319,False,-0.25924407688229223,64
154.0,0.0,0.051163,3.421340684084319,False,-0.25924407688229223,64
219.0,0.97834563,0.0,3.421340684084319,False,-0.26141662520606507,64
185.0,0.97920793,0.0,3.421340684084319,False,-0.26141662520606507,64
267.0,0.96946204,0.032558,3.421340684084319,False,-0.2641451265456435,64
233.0,0.9723495,0.0,3.421340684084319,False,-0.2641451265456435,64
230.0,0.9707113,0.0,3.421340684084319,False,-0.2641451265456435,64
159.0,0.9717361,0.0,3.421340684084319,False,-0.2641451265456435,64
95.0,0.96982205,0.0,3.421340684084319,False,-0.2641451265456435,64
228.0,0.96927404,0.0,3.421340684084319,False,-0.2641451265456435,64
162.0,0.97301865,0.037209,3.421340684084319,False,-0.2641451265456435,64
89.0,0.0,0.18139500000000003,4.847669249177517,False,-0.2671580409731563,64
129.0,0.9537653,0.0,5.032899610305633,False,-0.27293860239766476,64
127.0,0.94749284,0.0,5.032899610305633,False,-0.27293860239766476,64
114.0,0.98327684,0.0,4.965934248755464,False,-0.285964156927614,64
115.0,0.98375446,0.0,4.965934248755464,False,-0.285964156927614,64
198.0,0.9826759,0.0,4.965934248755464,False,-0.285964156927614,64
160.0,0.9748241,0.0,4.965934248755464,False,-0.285964156927614,64
131.0,0.9075724,0.0,4.847669249177517,False,-0.2885773375169589,64
288.0,0.9688928,0.0,4.965934248755464,False,-0.2886926582671924,64
269.0,0.9730542,0.0,4.965934248755464,False,-0.2886926582671924,64
207.0,0.97249603,0.0,4.965934248755464,False,-0.2886926582671924,64
212.0,0.9675025,0.0,4.965934248755464,False,-0.2886926582671924,64
289.0,0.9706521,0.0,4.965934248755464,False,-0.2886926582671924,64
130.0,0.9446459,0.0,4.847669249177517,False,-0.2934783871803101,64
68.0,0.9295407,0.0,4.847669249177517,False,-0.2952705560332716,64
132.0,0.9284053,0.0,4.847669249177517,False,-0.2952705560332716,64
126.0,0.9283889,0.0,4.847669249177517,False,-0.2952705560332716,64
67.0,0.92886883,0.0,4.847669249177517,False,-0.2952705560332716,64
75.0,0.8994671,0.0,5.501166163561489,False,-0.30629942934224935,64
45.0,0.0,0.04186,5.501166163561489,False,-0.30629942934224935,64
112.0,0.9011507,0.0,5.501166163561489,False,-0.30629942934224935,64
264.0,0.90791637,0.0,5.501166163561489,False,-0.30629942934224935,64
3.0,0.97721064,0.0,5.501166163561489,False,-0.3084719776660221,64
82.0,0.9734318,0.0,5.501166163561489,False,-0.3084719776660221,64
42.0,0.98054445,0.0,5.501166163561489,False,-0.3084719776660221,64
72.0,0.9749367,0.0,5.501166163561489,False,-0.3084719776660221,64
84.0,0.97826725,0.046512000000000005,5.501166163561489,False,-0.3084719776660221,64
153.0,0.9876014,0.0,5.501166163561489,False,-0.3084719776660221,64
46.0,0.9703828,0.0,5.501166163561489,False,-0.3112004790056005,64
197.0,0.9726115,0.0,5.501166163561489,False,-0.3112004790056005,64
193.0,0.970551,0.0,5.501166163561489,False,-0.3112004790056005,64
175.0,0.9708544,0.0,5.501166163561489,False,-0.3112004790056005,64
98.0,0.97050226,0.0,5.501166163561489,False,-0.3112004790056005,64
105.0,0.96280354,0.0,5.501166163561489,False,-0.3112004790056005,64
83.0,0.9569039,0.0,5.501166163561489,False,-0.3112004790056005,64
80.0,0.9225857,0.0,5.501166163561489,False,-0.31299264785856207,64
309.0,1.0000002,1.0,2.2879782523050394,False,0.7269240922036498,30
110.0,1.0000002,1.0,2.213776342986584,False,0.721176172060243,30
115.0,1.0000002,1.0,2.034463366701642,False,0.5813644924830842,30
57.0,1.0,1.0,1.2802949261382779,False,0.5481022786408823,30
111.0,1.0000002,1.0,1.9379055393502094,False,0.5130096661207,30
54.0,1.0000001,1.0,2.4328518026874857,False,0.5078058468697955,30
310.0,1.0000002,1.0,2.4328518026874857,False,0.5078058468697955,30
130.0,1.0,1.0,2.4328518026874857,False,0.5078058468697955,30
299.0,1.0,1.0,2.4328518026874857,False,0.5078058468697955,30
302.0,1.0,1.0,2.4328518026874857,False,0.5078058468697955,30
249.0,0.99999994,1.0,2.4328518026874857,False,0.5078058468697955,30
50.0,0.99943006,0.7767440000000001,1.0949387973596088,True,0.45893865531286127,30
304.0,0.9984892,0.7209300000000001,2.4328518026874857,False,0.4358065304705725,30
96.0,0.99999964,1.0,2.1067080215561953,False,0.43146617760905803,30
53.0,0.99999964,1.0,1.0949387973596088,False,0.41965923317998766,30
108.0,0.99999964,1.0,2.4328518026874857,False,0.39652710833769883,30
114.0,1.0000001,1.0,2.3511289419317984,False,0.392925604260606,30
311.0,0.9952489,0.772093,2.4328518026874857,False,0.3752648913526844,30
313.0,0.994558,0.702326,2.4328518026874857,False,0.3752648913526844,30
312.0,0.9955091,0.7209300000000001,2.4328518026874857,False,0.3752648913526844,30
15.0,0.0,0.6,2.2879782523050394,False,0.36352813048432137,30
25.0,0.0,0.604651,2.2879782523050394,False,0.36352813048432137,30
61.0,1.0000001,1.0,1.74263967047068,False,0.36242222709934657,30
300.0,0.99718493,0.7534879999999999,2.4328518026874857,False,0.3541731023941436,30
301.0,0.99688697,0.734884,2.4328518026874857,False,0.3541731023941436,30
1.0,0.9873855,0.6,2.2879782523050394,False,0.33679359597271313,30
24.0,0.98632044,0.613953,2.2879782523050394,False,0.33679359597271313,30
8.0,0.98711973,0.5906980000000001,2.2879782523050394,False,0.33679359597271313,30
295.0,0.0,0.38604700000000003,2.213776342986584,False,0.3312675638021262,30
18.0,0.0,0.539535,2.2879782523050394,False,0.33112220068867043,30
28.0,0.0,0.534884,2.2879782523050394,False,0.33112220068867043,30
41.0,0.9935137,0.665116,2.4328518026874857,False,0.29554359410164044,30
6.0,0.9888451,0.5906980000000001,2.2879782523050394,False,0.29216774648333566,30
7.0,0.9886234,0.595349,2.2879782523050394,False,0.29216774648333566,30
81.0,0.0,0.35814,2.213776342986584,False,0.26090011470896474,30
40.0,0.9926945,0.613953,2.4328518026874857,False,0.24707520659600446,30
60.0,0.9923562,0.367442,1.0949387973596088,False,0.2394201431942679,30
34.0,0.99067235,0.637209,2.4328518026874857,False,0.23832957101425006,30
43.0,0.9906782,0.6418600000000001,2.4328518026874857,False,0.23832957101425006,30
3.0,0.0,0.683721,2.4328518026874857,False,0.2288460618982036,30
39.0,0.0,0.6511629999999999,2.4328518026874857,False,0.2288460618982036,30
306.0,0.0,0.381395,2.4328518026874857,False,0.17549826790460904,30
305.0,0.0,0.395349,2.4328518026874857,False,0.17549826790460904,30
303.0,0.0,0.37674399999999997,2.4328518026874857,False,0.17549826790460904,30
307.0,0.0,0.38604700000000003,2.4328518026874857,False,0.17549826790460904,30
308.0,0.98172164,0.404651,2.4328518026874857,False,0.14876373339300075,30
91.0,0.0,0.35814,1.74263967047068,False,0.08330186636800799,30
131.0,0.0,0.339535,2.4328518026874857,False,0.060426781027428975,30
132.0,0.98891175,0.5023259999999999,2.4328518026874857,False,0.051443324520514234,30
142.0,0.9859476,0.293023,2.4328518026874857,False,-0.03739587895090199,30
95.0,0.0,0.2,1.74263967047068,False,-0.07399759113067392,30
49.0,0.0,0.223256,1.74263967047068,False,-0.07399759113067392,30
52.0,0.0,0.237209,1.74263967047068,False,-0.07399759113067392,30
58.0,0.9865105,0.25116299999999997,1.74263967047068,False,-0.08970340283635231,30
63.0,0.0,0.15814,2.1067080215561953,False,-0.11067046588086739,30
107.0,0.0,0.237209,1.9379055393502094,False,-0.12994920833519116,30
102.0,0.0,0.218605,1.9379055393502094,False,-0.12994920833519116,30
124.0,0.0,0.2,1.9379055393502094,False,-0.12994920833519116,30
76.0,0.91547763,0.209302,1.9379055393502094,False,-0.12994920833519116,30
101.0,0.0,0.237209,1.9379055393502094,False,-0.12994920833519116,30
77.0,0.0,0.21395299999999998,1.9379055393502094,False,-0.12994920833519116,30
64.0,0.0,0.204651,2.4328518026874857,False,-0.13515302758609563,30
97.0,0.0,0.153488,2.4328518026874857,False,-0.13515302758609563,30
109.0,0.0,0.190698,2.4328518026874857,False,-0.13515302758609563,30
71.0,0.0,0.18604700000000002,2.4328518026874857,False,-0.13515302758609563,30
293.0,0.0,0.18604700000000002,2.4328518026874857,False,-0.13515302758609563,30
35.0,0.99155736,0.0,2.4328518026874857,False,-0.1415975753536924,30
171.0,0.0,0.04186,2.3511289419317984,False,-0.16079632411199452,30
116.0,0.0,0.102326,2.4328518026874857,False,-0.1620313094769785,30
288.0,0.9777821,0.0,2.3511289419317984,False,-0.16296887243576724,30
207.0,0.97989684,0.0,2.3511289419317984,False,-0.16296887243576724,30
289.0,0.97423077,0.0,2.3511289419317984,False,-0.16296887243576724,30
212.0,0.9851457,0.0,2.3511289419317984,False,-0.16296887243576724,30
177.0,0.98327684,0.0,2.3511289419317984,False,-0.16296887243576724,30
160.0,0.97622406,0.0,2.3511289419317984,False,-0.16296887243576724,30
198.0,0.975067,0.0,2.3511289419317984,False,-0.16296887243576724,30
250.0,0.97607225,0.0,2.3511289419317984,False,-0.16296887243576724,30
262.0,0.97597194,0.0,2.3511289419317984,False,-0.16296887243576724,30
67.0,0.9628763,0.190698,2.4328518026874857,False,-0.16461606343728233,30
105.0,0.9714818,0.0,2.3511289419317984,False,-0.16569737377534566,30
191.0,0.9726083,0.0,2.3511289419317984,False,-0.16569737377534566,30
314.0,0.9908957,0.0,2.4328518026874857,False,-0.17021617143161086,30
11.0,0.0,0.074419,2.4328518026874857,False,-0.17364104999194313,30
69.0,0.0,0.074419,2.4328518026874857,False,-0.17364104999194313,30
80.0,0.0,0.074419,2.4328518026874857,False,-0.17364104999194313,30
169.0,0.0,0.065116,2.4328518026874857,False,-0.17364104999194313,30
134.0,0.0,0.074419,2.4328518026874857,False,-0.17364104999194313,30
68.0,0.95229405,0.0,1.9379055393502094,False,-0.19792889412867687,30
127.0,0.92224,0.0,1.9379055393502094,False,-0.19972106298163844,30
65.0,0.9246131,0.0,1.9379055393502094,False,-0.19972106298163844,30
126.0,0.9087595,0.0,2.4328518026874857,False,-0.20426166673549284,30
197.0,0.9856504,0.0,2.4328518026874857,False,-0.20643421505926557,30
228.0,0.98395413,0.0,2.4328518026874857,False,-0.20643421505926557,30
233.0,0.981568,0.0,2.4328518026874857,False,-0.20643421505926557,30
51.0,0.9831506,0.0,2.4328518026874857,False,-0.20643421505926557,30
72.0,0.9858208,0.0,2.4328518026874857,False,-0.20643421505926557,30
246.0,0.9847282,0.0,2.4328518026874857,False,-0.20643421505926557,30
59.0,0.9857446,0.0,2.4328518026874857,False,-0.20643421505926557,30
267.0,0.9858419,0.0,2.4328518026874857,False,-0.20643421505926557,30
283.0,0.9879898,0.0,2.4328518026874857,False,-0.20643421505926557,30
162.0,0.98418736,0.0,2.4328518026874857,False,-0.20643421505926557,30
89.0,0.95131266,0.0,2.4328518026874857,False,-0.20916271639884398,30
117.0,0.9446459,0.0,2.4328518026874857,False,-0.20916271639884398,30
70.0,0.9304288,0.0,2.4328518026874857,False,-0.2109548852518055,30
75.0,0.93976355,0.0,2.4328518026874857,False,-0.23904805031196924,30
74.0,0.9348842,0.0,2.4328518026874857,False,-0.23904805031196924,30
66.0,0.9368184,0.0,2.4328518026874857,False,-0.23904805031196924,30
12.0,0.9842589,0.0,2.2879782523050394,False,-0.2630914895568977,30
26.0,0.98623216,0.0,2.2879782523050394,False,-0.2630914895568977,30
30.0,0.98418,0.0,2.2879782523050394,False,-0.2630914895568977,30
61.0,1.0000001,1.0,2.4371431360822267,False,0.7771710164298129,27
1.0,1.0000004,1.0,2.0514555295957484,False,0.7598778952499337,27
6.0,0.9985262,0.809302,2.0514555295957484,False,0.6259296947965836,27
124.0,0.99999964,1.0,2.390812725994529,False,0.6196122439127552,27
90.0,1.0000001,1.0,1.6133539528565297,False,0.5419968619271207,27
67.0,0.99999994,1.0,2.064495794415786,False,0.5225552345019736,27
70.0,1.0,1.0,2.0720334646421716,False,0.5090513056618752,27
72.0,0.99999976,1.0,1.9533525220257548,False,0.4986878210982616,27
65.0,1.0000002,1.0,1.611459004541865,False,0.4923784690228843,27
64.0,1.0000001,1.0,2.0975795418841034,False,0.4821260153437631,27
197.0,0.9984032,0.576744,1.9533525220257548,False,0.4270388733202899,27
12.0,0.99168813,0.539535,2.0514555295957484,False,0.3998344980704343,27
8.0,0.9912697,0.6418600000000001,2.0514555295957484,False,0.39967462061407366,27
7.0,0.99127173,0.660465,2.0514555295957484,False,0.39967462061407366,27
71.0,0.9946378,0.744186,2.0720334646421716,False,0.376510350144764,27
196.0,1.0000001,1.0,1.5566281431252407,False,0.3719677954806201,27
68.0,0.9987775,0.790698,2.064495794415786,False,0.36383865860816084,27
50.0,0.991111,0.372093,2.4371431360822267,False,0.36361994780035817,27
53.0,0.9908703,0.372093,2.4371431360822267,False,0.36361994780035817,27
309.0,0.0,0.6,2.0514555295957484,False,0.3608961696636108,27
88.0,0.99549013,0.5023259999999999,1.6133539528565297,False,0.286122328347642,27
109.0,0.9975029,0.87907,2.0720334646421716,False,0.285678734361246,27
24.0,0.0,0.48837200000000003,2.0514555295957484,False,0.2841487581213237,27
2.0,0.0,0.47906999999999994,2.0514555295957484,False,0.2841487581213237,27
18.0,0.0,0.530233,2.0514555295957484,False,0.2841487581213237,27
91.0,0.0,0.35814,2.4371431360822267,False,0.2837689895911503,27
60.0,0.98942316,0.37674399999999997,2.4371431360822267,False,0.28277605468332606,27
15.0,0.9888879,0.47906999999999994,2.0514555295957484,False,0.2127883741203379,27
87.0,0.99178386,0.497674,1.6133539528565297,False,0.18049324934053124,27
75.0,0.0,0.395349,2.0975795418841034,False,0.11568975329634835,27
86.0,0.9845911,0.45116300000000004,1.6133539528565297,False,0.10251245681542198,27
74.0,0.0,0.35814,2.0975795418841034,False,0.08509773667001908,27
66.0,0.98751307,0.33488399999999996,2.0720334646421716,False,0.05701364601433681,27
76.0,0.0,0.24186,2.0720334646421716,False,-0.10080290528164966,27
77.0,0.0,0.223256,2.0720334646421716,False,-0.11183162808757954,27
142.0,0.0,0.255814,2.4371431360822267,False,-0.1138479298480662,27
101.0,0.9360188,0.24186,2.0720334646421716,False,-0.13558928885812607,27
95.0,0.0,0.2,2.4371431360822267,False,-0.1436527960459355,27
52.0,0.0,0.237209,2.4371431360822267,False,-0.1436527960459355,27
49.0,0.0,0.223256,2.4371431360822267,False,-0.1436527960459355,27
45.0,0.0,0.046512000000000005,1.6133539528565297,False,-0.149830887542953,27
13.0,0.0,0.051163,1.6133539528565297,False,-0.149830887542953,27
259.0,0.0,0.046512000000000005,1.6133539528565297,False,-0.149830887542953,27
84.0,0.9753283,0.0,1.6133539528565297,False,-0.1520034358667258,27
249.0,0.96915495,0.0,1.6133539528565297,False,-0.1547319372063042,27
267.0,0.9690528,0.0,1.6133539528565297,False,-0.1547319372063042,27
166.0,0.9688488,0.0,1.6133539528565297,False,-0.1547319372063042,27
58.0,0.9865105,0.25116299999999997,2.4371431360822267,False,-0.15935860775161387,27
107.0,0.0,0.209302,2.064495794415786,False,-0.17829798488176443,27
129.0,0.94839346,0.0,2.0720334646421716,False,-0.17981131388106525,27
54.0,0.9304288,0.0,2.0720334646421716,False,-0.18160348273402677,27
221.0,0.0,0.060465,1.9533525220257548,False,-0.18695547137694096,27
248.0,0.0,0.032558,1.9533525220257548,False,-0.18695547137694096,27
175.0,0.98059714,0.0,1.9533525220257548,False,-0.1891280197007137,27
246.0,0.98383236,0.0,1.9533525220257548,False,-0.1891280197007137,27
228.0,0.98427,0.0,1.9533525220257548,False,-0.1891280197007137,27
162.0,0.9843169,0.0,1.9533525220257548,False,-0.1891280197007137,27
144.0,0.0,0.032558,1.5566281431252407,False,-0.19361911727718437,27
262.0,0.9792924,0.0,1.5566281431252407,False,-0.1957916656009571,27
160.0,0.94869125,0.0,1.5566281431252407,False,-0.1985201669405355,27
165.0,0.95441246,0.0,1.5566281431252407,False,-0.1985201669405355,27
300.0,0.94835496,0.0,1.5566281431252407,False,-0.1985201669405355,27
198.0,0.953485,0.0,1.5566281431252407,False,-0.1985201669405355,27
202.0,0.96577466,0.0,1.5566281431252407,False,-0.1985201669405355,27
210.0,0.9504868,0.0,1.5566281431252407,False,-0.1985201669405355,27
184.0,0.95013744,0.0,1.5566281431252407,False,-0.1985201669405355,27
217.0,0.9504174,0.0,1.5566281431252407,False,-0.1985201669405355,27
130.0,0.9628763,0.190698,2.064495794415786,True,-0.20776102073295116,27
127.0,0.9345183,0.0,2.0720334646421716,False,-0.2096966477941905,27
131.0,0.9417888,0.0,2.0720334646421716,True,-0.2096966477941905,27
299.0,0.986902,0.0,2.4371431360822267,False,-0.21493398351910545,27
117.0,0.0,0.23255800000000001,2.0975795418841034,False,-0.21831452740672183,27
20.0,0.99045926,0.0,2.0514555295957484,False,-0.2500468191426349,27
26.0,0.9904927,0.0,2.0514555295957484,False,-0.2500468191426349,27
111.0,0.9477696,0.0,2.064495794415786,False,-0.2544717841450528,27
132.0,0.9574528,0.0,2.064495794415786,True,-0.2544717841450528,27
80.0,0.92813206,0.0,2.064495794415786,False,-0.25626395299801435,27
126.0,0.92592156,0.0,2.064495794415786,False,-0.25626395299801435,27
116.0,0.92055047,0.0,2.064495794415786,False,-0.25626395299801435,27
304.0,0.98901784,0.0,2.4371431360822267,False,-0.259559833008483,27
301.0,0.98943245,0.0,2.4371431360822267,False,-0.259559833008483,27
302.0,0.9884893,0.0,2.4371431360822267,False,-0.259559833008483,27
189.0,0.98414695,0.265116,1.5566281431252407,False,-0.2653888425690452,27
110.0,0.9333892,0.0,2.064495794415786,False,-0.2843571180581781,27
102.0,0.9594641,0.0,2.0975795418841034,False,-0.28629421320020765,27
293.0,0.9514594,0.0,2.390812725994529,False,-0.2889935190900803,27
28.0,0.9892098,0.0,2.0514555295957484,False,-0.31034929986698573,27
22.0,0.98835945,0.0,2.0514555295957484,False,-0.31034929986698573,27
21.0,0.95300364,0.0,1.611459004541865,False,-0.3196628291092928,27
42.0,0.94842637,0.0,1.611459004541865,False,-0.3196628291092928,27
19.0,0.9490862,0.0,1.611459004541865,False,-0.3196628291092928,27
10.0,0.94785225,0.0,1.611459004541865,False,-0.3196628291092928,27
89.0,0.96780396,0.0,1.611459004541865,False,-0.3196628291092928,27
123.0,0.95213014,0.0,1.611459004541865,False,-0.3196628291092928,27
123.0,1.0,1.0,1.7113664303485463,True,0.7690210967180162,8
130.0,1.0,1.0,1.7113664303485463,False,0.7690210967180162,8
70.0,1.0,1.0,1.7113664303485463,False,0.7690210967180162,8
298.0,1.0,1.0,1.7113664303485463,False,0.7690210967180162,8
311.0,1.0000002,1.0,1.7113664303485463,False,0.7690210967180162,8
64.0,1.0000001,1.0,2.545661107535834,False,0.7455175764532374,8
65.0,1.0000002,1.0,2.545661107535834,False,0.7455175764532374,8
107.0,0.9999999,1.0,1.7113664303485463,False,0.6591247467906021,8
58.0,0.9999998,1.0,2.010936513165685,False,0.6332868716735384,8
43.0,0.9944343,0.7209300000000001,1.7113664303485463,False,0.6138106792796516,8
40.0,0.9953525,0.637209,1.7113664303485463,False,0.6138106792796516,8
71.0,0.9946378,0.744186,1.7113664303485463,False,0.6138106792796516,8
310.0,0.9952489,0.772093,1.7113664303485463,False,0.6138106792796516,8
177.0,0.9999999,1.0,1.9845823526510533,False,0.5975499505798793,8
34.0,0.99424505,0.562791,1.7113664303485463,True,0.5553888563880959,8
66.0,1.0,1.0,1.302414871879559,False,0.5536074336333379,8
36.0,0.9984319,0.87907,1.7113664303485463,False,0.5229790634961337,8
312.0,0.99646145,0.8,1.7113664303485463,False,0.5229790634961337,8
109.0,0.9975029,0.87907,1.7113664303485463,False,0.5229790634961337,8
313.0,0.9963833,0.790698,1.7113664303485463,False,0.5229790634961337,8
41.0,0.9930445,0.734884,1.7113664303485463,False,0.5107346420349601,8
42.0,1.0000002,1.0,1.737040902720068,False,0.5012027216916296,8
274.0,1.0000001,1.0,1.8386460333540138,False,0.4945839350662502,8
171.0,1.0000005,1.0,1.8386460333540138,False,0.4945839350662502,8
116.0,1.0000001,1.0,1.8386460333540138,False,0.4945839350662502,8
45.0,1.0000001,1.0,2.3360542934733615,False,0.4904937474482698,8
13.0,1.0000002,1.0,2.3360542934733615,False,0.4904937474482698,8
24.0,1.0,1.0,2.3360542934733615,False,0.4904937474482698,8
18.0,1.0000001,1.0,2.3360542934733615,True,0.4904937474482698,8
29.0,1.0000001,1.0,2.3360542934733615,True,0.4904937474482698,8
22.0,1.0000001,1.0,2.3360542934733615,True,0.4904937474482698,8
21.0,1.0000002,1.0,2.3360542934733615,True,0.4904937474482698,8
38.0,1.0,1.0,2.3360542934733615,True,0.4904937474482698,8
168.0,1.0000001,1.0,2.3360542934733615,False,0.4904937474482698,8
2.0,1.0000005,1.0,2.3360542934733615,True,0.4904937474482698,8
14.0,1.0,1.0,2.3360542934733615,False,0.4904937474482698,8
122.0,1.0,1.0,2.5303604924447622,False,0.4769221960928586,8
76.0,0.9917878,0.655814,1.7113664303485463,False,0.47067857116858425,8
77.0,0.9923438,0.660465,1.7113664303485463,False,0.47067857116858425,8
105.0,1.0000002,1.0,2.4248070365262784,False,0.46576950396412997,8
39.0,0.9999998,1.0,1.737040902720068,False,0.4139758336854687,8
25.0,0.9999999,1.0,2.3360542934733615,False,0.40326685944210877,8
23.0,0.9999999,1.0,2.3360542934733615,False,0.40326685944210877,8
46.0,0.9999999,1.0,2.3360542934733615,False,0.40326685944210877,8
44.0,0.9999999,1.0,2.3360542934733615,False,0.40326685944210877,8
3.0,0.99999964,1.0,1.737040902720068,False,0.38992398315953286,8
193.0,0.99999964,1.0,2.3360542934733615,False,0.37921500891617294,8
19.0,0.9999997,1.0,2.3360542934733615,False,0.37921500891617294,8
314.0,0.0,0.6,1.7113664303485463,False,0.36903665753684967,8
142.0,0.0,0.390698,2.010936513165685,False,0.3502952565315034,8
75.0,0.0,0.395349,2.545661107535834,False,0.33084059275465816,8
10.0,0.9952851,0.967442,2.3360542934733615,True,0.28821296510618133,8
102.0,0.9875616,0.432558,1.7113664303485463,False,0.26555471148295423,8
74.0,0.0,0.35814,2.545661107535834,False,0.2604731436614967,8
132.0,0.98891175,0.5023259999999999,1.7113664303485463,False,0.22092886199357675,8
35.0,0.99064916,0.581395,1.737040902720068,False,0.20243150400166776,8
33.0,0.0,0.581395,1.737040902720068,True,0.19294799488562137,8
32.0,0.0,0.623256,1.737040902720068,True,0.19294799488562137,8
309.0,0.0,0.604651,2.3360542934733615,False,0.18123630704741756,8
224.0,0.9913431,0.395349,2.3360542934733615,False,0.16666696400428582,8
15.0,0.0,0.404651,2.3360542934733615,True,0.1571834548882394,8
8.0,0.0,0.409302,2.3360542934733615,True,0.1571834548882394,8
6.0,0.0,0.534884,2.3360542934733615,True,0.14883037725176662,8
7.0,0.99141,0.497674,2.3360542934733615,True,0.1402729251355114,8
1.0,0.0,0.47906999999999994,2.3360542934733615,True,0.1044888955051304,8
28.0,0.0,0.46511600000000003,2.3360542934733615,True,0.1044888955051304,8
11.0,0.0,0.469767,2.3360542934733615,True,0.1044888955051304,8
9.0,0.0,0.469767,2.3360542934733615,False,0.1044888955051304,8
119.0,0.9857335,0.483721,2.4248070365262784,False,0.08417944378027806,8
118.0,0.9866842,0.48837200000000003,2.4248070365262784,False,0.08417944378027806,8
135.0,0.9751172,0.483721,2.3360542934733615,False,0.0777543609935221,8
16.0,0.95704293,0.483721,2.3360542934733615,True,0.0750258596539437,8
131.0,0.0,0.339535,1.7113664303485463,False,0.03630581087954257,8
68.0,0.0,0.306977,2.545661107535834,False,-0.03147511921874367,8
67.0,0.0,0.32093000000000005,2.545661107535834,False,-0.03147511921874367,8
124.0,0.0,0.311628,1.7113664303485463,False,-0.03478231458718012,8
120.0,0.0,0.293023,2.5303604924447622,False,-0.09312408628990868,8
125.0,0.0,0.12093,2.4248070365262784,False,-0.09689115097815984,8
57.0,0.9844141,0.255814,2.010936513165685,False,-0.11634798038136979,8
97.0,0.0,0.237209,2.010936513165685,False,-0.1194183120676308,8
104.0,0.9858793,0.30232600000000004,2.5303604924447622,False,-0.11985862080151696,8
106.0,0.97797346,0.162791,2.4248070365262784,False,-0.12362568548976814,8
108.0,0.9905019,0.227907,2.010936513165685,False,-0.1304762153442658,8
61.0,0.9865105,0.25116299999999997,2.010936513165685,False,-0.13512412377330918,8
91.0,0.98297954,0.25116299999999997,2.010936513165685,False,-0.13512412377330918,8
27.0,0.0,0.08837199999999999,2.4248070365262784,True,-0.1353791733840073,8
12.0,0.0,0.08372099999999999,2.4248070365262784,True,-0.1353791733840073,8
26.0,0.0,0.08837199999999999,2.4248070365262784,True,-0.1353791733840073,8
101.0,0.0,0.274419,2.545661107535834,False,-0.15921971648415625,8
60.0,0.9893704,0.265116,2.010936513165685,False,-0.16097382987074724,8
285.0,0.9677081,0.26976700000000003,1.8386460333540138,False,-0.16648623062925186,8
100.0,0.0,0.15814,1.8386460333540138,False,-0.16682806097593447,8
80.0,0.91688174,0.11627900000000001,1.8386460333540138,False,-0.16682806097593447,8
85.0,0.97433794,0.0,2.4248070365262784,False,-0.16817233845132973,8
98.0,0.9769863,0.0,2.4248070365262784,False,-0.16817233845132973,8
83.0,0.971015,0.0,2.4248070365262784,False,-0.17090083979090814,8
115.0,0.9714818,0.0,2.4248070365262784,False,-0.17090083979090814,8
299.0,0.9719918,0.0,2.4248070365262784,False,-0.17090083979090814,8
128.0,0.0,0.139535,2.3360542934733615,False,-0.17091824859391505,8
69.0,0.0,0.13023300000000002,2.3360542934733615,False,-0.17091824859391505,8
129.0,0.0,0.148837,2.3360542934733615,False,-0.17091824859391505,8
293.0,0.0,0.134884,2.3360542934733615,False,-0.17091824859391505,8
296.0,0.0,0.2,2.3360542934733615,False,-0.17091824859391505,8
20.0,0.0,0.15814,2.3360542934733615,True,-0.17091824859391505,8
31.0,0.0,0.16744199999999998,2.3360542934733615,True,-0.17091824859391505,8
30.0,0.0,0.162791,2.3360542934733615,True,-0.17091824859391505,8
50.0,0.989956,0.0,2.010936513165685,True,-0.17718697875636735,8
81.0,0.0,0.102326,1.8386460333540138,False,-0.1876763398475547,8
127.0,0.0,0.10697699999999999,1.8386460333540138,False,-0.1876763398475547,8
117.0,0.0,0.23255800000000001,2.545661107535834,False,-0.18902458268202557,8
96.0,0.9888646,0.237209,2.010936513165685,False,-0.19077869606861655,8
53.0,0.98937696,0.237209,2.010936513165685,False,-0.19077869606861655,8
110.0,0.0,0.21395299999999998,1.7113664303485463,True,-0.19233177805046203,8
111.0,0.0,0.237209,1.7113664303485463,False,-0.19233177805046203,8
55.0,0.0,0.274419,2.5303604924447622,True,-0.19371348045975703,8
89.0,0.9453753,0.0,1.302414871879559,False,-0.21610161756467577,8
62.0,0.0,0.227907,2.5303604924447622,False,-0.2235183466576263,8
153.0,0.98697186,0.0,1.737040902720068,False,-0.23265185867942112,8
52.0,0.98900616,0.0,2.010936513165685,False,-0.23748945948071815,8
114.0,0.0,0.037209,1.8386460333540138,False,-0.23810081057587162,8
246.0,0.0,0.055814,1.8386460333540138,False,-0.23810081057587162,8
262.0,0.0,0.04186,1.8386460333540138,False,-0.23810081057587162,8
265.0,0.87856233,0.0,2.3360542934733615,False,-0.2400268877433122,8
277.0,0.85744,0.0,2.3360542934733615,False,-0.2400268877433122,8
266.0,0.88045895,0.0,2.3360542934733615,False,-0.2400268877433122,8
248.0,0.0,0.037209,2.3360542934733615,False,-0.2400268877433122,8
185.0,0.0,0.046512000000000005,2.3360542934733615,False,-0.2400268877433122,8
287.0,0.87216204,0.0,2.3360542934733615,False,-0.2400268877433122,8
112.0,0.85789764,0.0,2.3360542934733615,False,-0.2400268877433122,8
149.0,0.85699344,0.0,2.3360542934733615,False,-0.2400268877433122,8
181.0,0.88071793,0.0,2.3360542934733615,False,-0.2400268877433122,8
182.0,0.86486244,0.0,2.3360542934733615,False,-0.2400268877433122,8
95.0,0.9744293,0.0,1.8386460333540138,False,-0.2402733588996444,8
291.0,0.97518677,0.0,1.8386460333540138,False,-0.2402733588996444,8
47.0,0.97398025,0.0,2.3360542934733615,False,-0.242199436067085,8
268.0,0.9782693,0.0,2.3360542934733615,False,-0.242199436067085,8
72.0,0.9740269,0.0,2.3360542934733615,False,-0.242199436067085,8
175.0,0.9786384,0.0,2.3360542934733615,False,-0.242199436067085,8
82.0,0.9734318,0.0,2.3360542934733615,False,-0.242199436067085,8
258.0,0.9660746,0.0,1.8386460333540138,False,-0.24300186023922282,8
200.0,0.96828747,0.0,1.8386460333540138,False,-0.24300186023922282,8
206.0,0.96910363,0.0,1.8386460333540138,False,-0.24300186023922282,8
217.0,0.96543884,0.0,1.8386460333540138,False,-0.24300186023922282,8
273.0,0.96881664,0.0,1.8386460333540138,False,-0.24300186023922282,8
176.0,0.9674438,0.0,1.8386460333540138,False,-0.24300186023922282,8
289.0,0.96983236,0.0,1.8386460333540138,False,-0.24300186023922282,8
180.0,0.9655926,0.0,1.8386460333540138,False,-0.24300186023922282,8
221.0,0.97003806,0.0,1.8386460333540138,False,-0.24300186023922282,8
288.0,0.9720267,0.0,1.8386460333540138,False,-0.24300186023922282,8
126.0,0.9245833,0.0,1.8386460333540138,False,-0.24479402909218434,8
87.0,0.970551,0.0,2.3360542934733615,True,-0.2449279374066634,8
197.0,0.97245276,0.0,2.3360542934733615,False,-0.2449279374066634,8
267.0,0.9730605,0.0,2.3360542934733615,False,-0.2449279374066634,8
230.0,0.9718922,0.0,2.3360542934733615,False,-0.2449279374066634,8
56.0,0.9603458,0.0,2.3360542934733615,False,-0.2449279374066634,8
84.0,0.9691748,0.0,2.3360542934733615,False,-0.2449279374066634,8
37.0,0.9570348,0.0,2.3360542934733615,False,-0.2449279374066634,8
79.0,0.98821294,0.23255800000000001,2.5303604924447622,False,-0.2502528811692346,8
103.0,0.98282826,0.223256,2.5303604924447622,False,-0.2502528811692346,8
54.0,0.9304288,0.0,1.7113664303485463,False,-0.26210363269690934,8
121.0,0.98894715,0.274419,2.5303604924447622,False,-0.2650738644607427,8
78.0,0.9888028,0.237209,2.5303604924447622,False,-0.29487873065861214,8
198.0,0.9826759,0.0,1.9845823526510533,False,-0.3263491585900511,8
160.0,0.9748241,0.0,1.9845823526510533,False,-0.3263491585900511,8
269.0,0.9730542,0.0,1.9845823526510533,False,-0.3290776599296295,8
212.0,0.9675025,0.0,1.9845823526510533,False,-0.3290776599296295,8
207.0,0.97249603,0.0,1.9845823526510533,False,-0.3290776599296295,8
114.0,1.0000001,1.0,2.215116925139679,False,0.7796084281569753,422
115.0,1.0000002,1.0,2.215116925139679,True,0.7796084281569753,422
111.0,1.0000002,1.0,2.0793707016051584,False,0.7703772085334817,422
57.0,1.0,1.0,2.2489035453575648,False,0.7001495001460339,422
91.0,1.0,1.0,2.2489035453575648,False,0.7001495001460339,422
274.0,1.0000001,1.0,2.2489035453575648,False,0.7001495001460339,422
58.0,0.9999998,1.0,2.2489035453575648,False,0.6093568950089494,422
192.0,0.9999999,1.0,2.2489035453575648,False,0.6093568950089494,422
96.0,0.99999964,1.0,2.2489035453575648,False,0.5853050444830136,422
52.0,0.9999997,1.0,2.2489035453575648,False,0.5853050444830136,422
50.0,1.0000002,1.0,2.034463366701642,False,0.5813644924830842,422
130.0,1.0,1.0,1.3517831121783286,False,0.5505720220892716,422
54.0,1.0000001,1.0,1.3517831121783286,False,0.5505720220892716,422
249.0,0.99999994,1.0,1.3517831121783286,False,0.5505720220892716,422
299.0,1.0,1.0,1.3517831121783286,False,0.5505720220892716,422
310.0,1.0000002,1.0,1.3517831121783286,False,0.5505720220892716,422
302.0,1.0,1.0,1.3517831121783286,False,0.5505720220892716,422
97.0,1.0,1.0,2.208021200516547,False,0.5436039856745758,422
53.0,0.99943006,0.7767440000000001,2.034463366701642,False,0.4866957141626076,422
304.0,0.9984892,0.7209300000000001,1.3517831121783286,False,0.455903243768795,422
49.0,0.9938158,0.781395,2.2489035453575648,False,0.44954909239237795,422
108.0,0.99999964,1.0,1.3517831121783286,False,0.4166238216359214,422
311.0,0.9952489,0.772093,1.3517831121783286,False,0.395361604650907,422
312.0,0.9955091,0.7209300000000001,1.3517831121783286,False,0.395361604650907,422
313.0,0.994558,0.702326,1.3517831121783286,False,0.395361604650907,422
119.0,0.99999976,1.0,2.454657319550405,False,0.39225880341768204,422
118.0,0.9989145,0.9069769999999999,2.454657319550405,False,0.39225880341768204,422
300.0,0.99718493,0.7534879999999999,1.3517831121783286,False,0.37426981569236617,422
301.0,0.99713767,0.6976739999999999,1.3517831121783286,False,0.37426981569236617,422
110.0,0.9876363,0.734884,2.0793707016051584,False,0.3739558902699669,422
295.0,0.0,0.4,2.0793707016051584,False,0.3463399171931368,422
41.0,0.9935137,0.665116,1.3517831121783286,False,0.31564030739986304,422
81.0,0.0,0.362791,2.0793707016051584,False,0.298346497541565,422
142.0,0.0,0.390698,2.2489035453575648,False,0.29621866719086265,422
60.0,0.9881662,0.367442,2.2489035453575648,False,0.2694841326792544,422
40.0,0.9926945,0.613953,1.3517831121783286,False,0.2557126987332524,422
43.0,0.9906782,0.6418600000000001,1.3517831121783286,False,0.24796977674634174,422
34.0,0.99067235,0.637209,1.3517831121783286,False,0.24796977674634174,422
3.0,0.0,0.683721,1.3517831121783286,False,0.2384862676302953,422
39.0,0.0,0.6511629999999999,1.3517831121783286,False,0.2384862676302953,422
61.0,0.0,0.35814,2.2489035453575648,False,0.22585121809770137,422
307.0,0.0,0.38604700000000003,1.3517831121783286,False,0.18413576004185694,422
306.0,0.0,0.381395,1.3517831121783286,False,0.18413576004185694,422
303.0,0.0,0.37674399999999997,1.3517831121783286,False,0.18413576004185694,422
305.0,0.0,0.395349,1.3517831121783286,False,0.18413576004185694,422
308.0,0.98172164,0.404651,1.3517831121783286,False,0.15740122553024868,422
105.0,0.9857335,0.483721,2.454657319550405,False,0.08034164792890026,422
132.0,0.98891175,0.5023259999999999,1.3517831121783286,False,0.06008081665776221,422
131.0,0.0,0.339535,1.3517831121783286,False,0.05161386517322712,422
136.0,0.9829105,0.339535,2.2489035453575648,False,-0.02174345382742468,422
76.0,0.0,0.18604700000000002,1.3517831121783286,False,-0.14986852066121323,422
109.0,0.0,0.190698,1.3517831121783286,False,-0.14986852066121323,422
124.0,0.0,0.204651,1.3517831121783286,False,-0.14986852066121323,422
293.0,0.0,0.18604700000000002,1.3517831121783286,False,-0.14986852066121323,422
71.0,0.0,0.18604700000000002,1.3517831121783286,False,-0.14986852066121323,422
64.0,0.0,0.204651,1.3517831121783286,False,-0.14986852066121323,422
35.0,0.99155736,0.0,1.3517831121783286,False,-0.15028306540954736,422
95.0,0.0,0.23255800000000001,2.208021200516547,False,-0.15683655707590907,422
63.0,0.0,0.172093,2.208021200516547,False,-0.15683655707590907,422
116.0,0.0,0.102326,1.3517831121783286,False,-0.17071679953283345,422
314.0,0.9908957,0.0,1.3517831121783286,False,-0.1789016614874658,422
67.0,0.9628763,0.190698,1.3517831121783286,False,-0.17933155651239988,422
169.0,0.0,0.065116,1.3517831121783286,False,-0.18232654004779808,422
134.0,0.0,0.074419,1.3517831121783286,False,-0.18232654004779808,422
80.0,0.0,0.074419,1.3517831121783286,False,-0.18232654004779808,422
101.0,0.0,0.074419,1.3517831121783286,False,-0.18232654004779808,422
69.0,0.0,0.074419,1.3517831121783286,False,-0.18232654004779808,422
11.0,0.0,0.074419,1.3517831121783286,False,-0.18232654004779808,422
6.0,0.0,0.074419,1.3517831121783286,False,-0.18232654004779808,422
1.0,0.0,0.074419,1.3517831121783286,False,-0.18232654004779808,422
171.0,0.0,0.04186,2.215116925139679,False,-0.18895855092805167,422
207.0,0.9778217,0.0,2.215116925139679,False,-0.1911310992518244,422
212.0,0.9828211,0.0,2.215116925139679,False,-0.1911310992518244,422
289.0,0.9787046,0.0,2.215116925139679,False,-0.1911310992518244,422
198.0,0.975067,0.0,2.215116925139679,False,-0.1911310992518244,422
250.0,0.97607225,0.0,2.215116925139679,False,-0.1911310992518244,422
262.0,0.97597194,0.0,2.215116925139679,False,-0.1911310992518244,422
160.0,0.97622406,0.0,2.215116925139679,False,-0.1911310992518244,422
288.0,0.9777821,0.0,2.215116925139679,False,-0.1911310992518244,422
177.0,0.98327684,0.0,2.215116925139679,False,-0.1911310992518244,422
191.0,0.9726083,0.0,2.215116925139679,False,-0.1938596005914028,422
107.0,0.0,0.237209,2.0793707016051584,False,-0.19687824345591237,422
102.0,0.0,0.218605,2.0793707016051584,False,-0.19687824345591237,422
77.0,0.0,0.21395299999999998,2.0793707016051584,False,-0.19687824345591237,422
127.0,0.9091109,0.0,1.3517831121783286,False,-0.2129471567913478,422
126.0,0.9087595,0.0,1.3517831121783286,False,-0.2129471567913478,422
267.0,0.9858419,0.0,1.3517831121783286,False,-0.21511970511512046,422
59.0,0.9857446,0.0,1.3517831121783286,False,-0.21511970511512046,422
162.0,0.98418736,0.0,1.3517831121783286,False,-0.21511970511512046,422
197.0,0.9856504,0.0,1.3517831121783286,False,-0.21511970511512046,422
72.0,0.9858208,0.0,1.3517831121783286,False,-0.21511970511512046,422
228.0,0.98395413,0.0,1.3517831121783286,False,-0.21511970511512046,422
51.0,0.9831506,0.0,1.3517831121783286,False,-0.21511970511512046,422
246.0,0.9847282,0.0,1.3517831121783286,False,-0.21511970511512046,422
233.0,0.981568,0.0,1.3517831121783286,False,-0.21511970511512046,422
283.0,0.9879898,0.0,1.3517831121783286,False,-0.21511970511512046,422
68.0,0.96413183,0.0,1.3517831121783286,False,-0.21784820645469888,422
89.0,0.95131266,0.0,1.3517831121783286,False,-0.21784820645469888,422
117.0,0.9446459,0.0,1.3517831121783286,False,-0.21784820645469888,422
65.0,0.9290576,0.0,1.3517831121783286,False,-0.21964037530766045,422
70.0,0.9304288,0.0,1.3517831121783286,False,-0.21964037530766045,422
285.0,0.9677081,0.26976700000000003,2.2489035453575648,False,-0.22330467789913838,422
100.0,0.0,0.15814,2.2489035453575648,False,-0.223646508245821,422
125.0,0.9608599,0.0,2.208021200516547,False,-0.22481624286939478,422
147.0,0.9567311,0.0,2.208021200516547,False,-0.22481624286939478,422
5.0,0.9555752,0.0,2.208021200516547,False,-0.22481624286939478,422
141.0,0.96193403,0.0,2.208021200516547,False,-0.22481624286939478,422
275.0,0.9605508,0.0,2.208021200516547,False,-0.22481624286939478,422
261.0,0.9574933,0.0,2.208021200516547,False,-0.22481624286939478,422
187.0,0.9554015,0.0,2.208021200516547,False,-0.22481624286939478,422
279.0,0.9711032,0.0,2.208021200516547,False,-0.22481624286939478,422
257.0,0.96054256,0.0,2.208021200516547,False,-0.22481624286939478,422
237.0,0.0,0.09302300000000001,2.2489035453575648,False,-0.24449478711744121,422
74.0,0.9348842,0.0,1.3517831121783286,False,-0.2477335403678242,422
75.0,0.93976355,0.0,1.3517831121783286,False,-0.2477335403678242,422
66.0,0.9368184,0.0,1.3517831121783286,False,-0.2477335403678242,422
236.0,0.0,0.065116,2.2489035453575648,False,-0.2561045276324059,422
106.0,0.9696733,0.15814,2.454657319550405,False,-0.26051881188825965,422
45.0,0.0,0.065116,2.454657319550405,False,-0.2695437984429205,422
78.0,0.0,0.065116,2.454657319550405,False,-0.2695437984429205,422
26.0,0.0,0.069767,2.454657319550405,False,-0.2695437984429205,422
297.0,0.0,0.074419,2.454657319550405,False,-0.2695437984429205,422
79.0,0.0,0.069767,2.454657319550405,False,-0.2695437984429205,422
176.0,0.9490961,0.0,2.2489035453575648,False,-0.29162619403930684,422
217.0,0.96543884,0.0,2.2489035453575648,False,-0.29162619403930684,422
260.0,0.95036185,0.0,2.2489035453575648,False,-0.29162619403930684,422
225.0,0.9461678,0.0,2.2489035453575648,False,-0.29162619403930684,422
258.0,0.9660746,0.0,2.2489035453575648,False,-0.29162619403930684,422
158.0,0.9490533,0.0,2.2489035453575648,False,-0.29162619403930684,422
180.0,0.9655926,0.0,2.2489035453575648,False,-0.29162619403930684,422
188.0,0.97874534,0.0,2.454657319550405,False,-0.3023369635102429,422
14.0,0.96772045,0.0,2.454657319550405,False,-0.30506546484982133,422
98.0,0.9690822,0.0,2.454657319550405,False,-0.30506546484982133,422
42.0,0.97188926,0.0,2.454657319550405,False,-0.30506546484982133,422
298.0,0.96749896,0.0,2.454657319550405,False,-0.30506546484982133,422
179.0,0.93893147,0.0,2.2489035453575648,False,-0.32151152795243204,422
94.0,0.942453,0.0,2.2489035453575648,False,-0.32151152795243204,422
37.0,0.94113576,0.0,2.2489035453575648,False,-0.32151152795243204,422
277.0,0.94237626,0.0,2.2489035453575648,False,-0.32151152795243204,422
105.0,1.0000002,1.0,2.4048946586753095,False,0.7627036458341878,401
124.0,0.99999964,1.0,2.4228882483742207,False,0.6364878636391412,401
196.0,1.0000001,1.0,1.834267880174152,False,0.6218261095149243,401
197.0,1.0000002,1.0,1.834267880174152,False,0.6218261095149243,401
97.0,1.0,1.0,1.4984787044259076,False,0.5573327100147883,401
67.0,0.99999994,1.0,1.7421574905748196,False,0.5436039856745758,401
64.0,1.0000001,1.0,2.3940392028318676,False,0.5259336369479592,401
65.0,1.0000002,1.0,2.3940392028318676,False,0.5259336369479592,401
130.0,1.0,1.0,2.0720334646421716,False,0.5090513056618752,401
131.0,1.0000002,1.0,2.0720334646421716,False,0.5090513056618752,401
132.0,1.0000001,1.0,2.0720334646421716,False,0.5090513056618752,401
309.0,1.0000002,1.0,2.097050990347648,False,0.5064692963502111,401
72.0,0.99999976,1.0,1.834267880174152,False,0.48787790906157413,401
110.0,1.0000002,1.0,2.4410866764383234,False,0.44066230111059124,401
96.0,0.99999964,1.0,1.4984787044259076,False,0.42338450956143814,401
58.0,0.9999998,1.0,2.4291589967919456,False,0.4098856460674882,401
68.0,0.9987775,0.790698,1.7421574905748196,False,0.4096557852212256,401
57.0,0.9971581,0.67907,1.4984787044259076,False,0.38103050361788293,401
118.0,0.9866842,0.48837200000000003,2.4048946586753095,False,0.25923726059912583,401
119.0,0.9857335,0.483721,2.4048946586753095,False,0.25923726059912583,401
24.0,0.98632044,0.613953,2.097050990347648,False,0.22995337177756311,401
1.0,0.9873855,0.6,2.097050990347648,False,0.22995337177756311,401
8.0,0.98711973,0.5906980000000001,2.097050990347648,False,0.22995337177756311,401
25.0,0.0,0.604651,2.097050990347648,False,0.21304925895185595,401
15.0,0.0,0.6,2.097050990347648,False,0.21304925895185595,401
111.0,0.9876363,0.734884,2.4410866764383234,False,0.19344131837235978,401
6.0,0.9888451,0.5906980000000001,2.097050990347648,False,0.18532752228818564,401
7.0,0.9886234,0.595349,2.097050990347648,False,0.18532752228818564,401
18.0,0.0,0.539535,2.097050990347648,False,0.18064332915620496,401
28.0,0.0,0.534884,2.097050990347648,False,0.18064332915620496,401
295.0,0.0,0.38604700000000003,2.4410866764383234,False,0.16682805889037342,401
142.0,0.0,0.390698,2.4291589967919456,False,0.16480495510846263,401
75.0,0.0,0.395349,2.3940392028318676,False,0.16050008849538822,401
81.0,0.0,0.35814,2.4410866764383234,False,0.13623604226404418,401
74.0,0.0,0.35814,2.3940392028318676,False,0.12990807186905898,401
71.0,0.0,0.325581,2.4228882483742207,False,-0.03236463361786137,401
70.0,0.0,0.311628,2.4228882483742207,True,-0.03236463361786137,401
109.0,0.0,0.32093000000000005,2.4228882483742207,False,-0.03236463361786137,401
53.0,0.99305856,0.15814,1.4984787044259076,False,-0.04159809415891938,401
60.0,0.9930667,0.162791,1.4984787044259076,False,-0.04159809415891938,401
189.0,0.98414695,0.265116,1.834267880174152,False,-0.0844216360274901,401
101.0,0.0,0.274419,2.3940392028318676,False,-0.09827040009101065,401
293.0,0.0,0.18604700000000002,2.0720334646421716,False,-0.11183162808757954,401
76.0,0.0,0.18604700000000002,2.0720334646421716,False,-0.11183162808757954,401
128.0,0.0,0.21395299999999998,2.0720334646421716,False,-0.11183162808757954,401
107.0,0.0,0.15814,2.0720334646421716,False,-0.11183162808757954,401
129.0,0.0,0.153488,2.0720334646421716,False,-0.11183162808757954,401
50.0,0.9925796,0.0,1.4984787044259076,False,-0.11421663932708782,401
91.0,0.0,0.190698,1.4984787044259076,False,-0.11875213392848721,401
95.0,0.0,0.23255800000000001,1.4984787044259076,False,-0.11875213392848721,401
63.0,0.0,0.172093,1.4984787044259076,False,-0.11875213392848721,401
61.0,0.0,0.15814,1.4984787044259076,False,-0.11875213392848721,401
102.0,0.0,0.190698,2.4410866764383234,False,-0.12174729589389474,401
77.0,0.0,0.18604700000000002,2.4410866764383234,False,-0.12174729589389474,401
117.0,0.0,0.23255800000000001,2.3940392028318676,False,-0.12807526628887997,401
108.0,0.9870746,0.223256,1.4984787044259076,False,-0.14548666844009547,401
228.0,0.98427,0.0,1.834267880174152,False,-0.15274315216765844,401
262.0,0.9792924,0.0,1.834267880174152,False,-0.15274315216765844,401
246.0,0.98383236,0.0,1.834267880174152,False,-0.15274315216765844,401
88.0,0.979773,0.0,1.834267880174152,False,-0.15274315216765844,401
90.0,0.97967637,0.0,1.834267880174152,False,-0.15274315216765844,401
162.0,0.9843169,0.0,1.834267880174152,False,-0.15274315216765844,401
175.0,0.98059714,0.0,1.834267880174152,False,-0.15274315216765844,401
267.0,0.986359,0.0,1.834267880174152,False,-0.15274315216765844,401
249.0,0.9858208,0.0,1.834267880174152,False,-0.15274315216765844,401
66.0,0.94341636,0.227907,2.3940392028318676,False,-0.16286164986535634,401
127.0,0.9091109,0.0,2.0720334646421716,False,-0.1749102642177141,401
80.0,0.91777176,0.0,2.0720334646421716,False,-0.1749102642177141,401
126.0,0.9087595,0.0,2.0720334646421716,False,-0.1749102642177141,401
272.0,0.90139616,0.0,2.0720334646421716,False,-0.1749102642177141,401
52.0,0.9882784,0.0,1.4984787044259076,False,-0.19219743185219706,401
248.0,0.0,0.032558,1.834267880174152,False,-0.1942092511812011,401
144.0,0.0,0.032558,1.834267880174152,False,-0.1942092511812011,401
221.0,0.0,0.060465,1.834267880174152,False,-0.1942092511812011,401
5.0,0.9555752,0.0,1.4984787044259076,False,-0.19492593319177548,401
187.0,0.9554015,0.0,1.4984787044259076,False,-0.19492593319177548,401
275.0,0.9605508,0.0,1.4984787044259076,False,-0.19492593319177548,401
261.0,0.9574933,0.0,1.4984787044259076,False,-0.19492593319177548,401
125.0,0.9608599,0.0,1.4984787044259076,False,-0.19492593319177548,401
279.0,0.9711032,0.0,1.4984787044259076,False,-0.19492593319177548,401
147.0,0.9567311,0.0,1.4984787044259076,False,-0.19492593319177548,401
141.0,0.96193403,0.0,1.4984787044259076,False,-0.19492593319177548,401
257.0,0.96054256,0.0,1.4984787044259076,False,-0.19492593319177548,401
160.0,0.94869125,0.0,1.834267880174152,False,-0.1991103008445523,401
165.0,0.95441246,0.0,1.834267880174152,False,-0.1991103008445523,401
300.0,0.94835496,0.0,1.834267880174152,False,-0.1991103008445523,401
202.0,0.96577466,0.0,1.834267880174152,False,-0.1991103008445523,401
184.0,0.95013744,0.0,1.834267880174152,False,-0.1991103008445523,401
198.0,0.953485,0.0,1.834267880174152,False,-0.1991103008445523,401
210.0,0.9504868,0.0,1.834267880174152,False,-0.1991103008445523,401
217.0,0.9504174,0.0,1.834267880174152,False,-0.1991103008445523,401
10.0,0.94785225,0.0,2.3940392028318676,False,-0.2020849551016283,401
123.0,0.95213014,0.0,2.3940392028318676,False,-0.2020849551016283,401
42.0,0.94842637,0.0,2.3940392028318676,False,-0.2020849551016283,401
21.0,0.95300364,0.0,2.3940392028318676,False,-0.2020849551016283,401
19.0,0.9490862,0.0,2.3940392028318676,False,-0.2020849551016283,401
89.0,0.96780396,0.0,2.3940392028318676,False,-0.2020849551016283,401
26.0,0.98623216,0.0,2.097050990347648,False,-0.2160270077979049,401
30.0,0.98418,0.0,2.097050990347648,False,-0.2160270077979049,401
311.0,0.9852397,0.0,2.097050990347648,False,-0.2160270077979049,401
12.0,0.9842589,0.0,2.097050990347648,False,-0.2160270077979049,401
106.0,0.97797346,0.162791,2.4048946586753095,False,-0.22538376344589872,401
116.0,0.92055047,0.0,1.7421574905748196,False,-0.22660841172235635,401
27.0,0.0,0.08837199999999999,2.4048946586753095,False,-0.24533136480994047,401
14.0,0.9753271,0.0,2.4048946586753095,False,-0.27812452987726305,401
98.0,0.9769863,0.0,2.4048946586753095,False,-0.27812452987726305,401
85.0,0.97433794,0.0,2.4048946586753095,False,-0.27812452987726305,401
115.0,0.9714818,0.0,2.4048946586753095,False,-0.28085303121684146,401
299.0,0.9719918,0.0,2.4048946586753095,False,-0.28085303121684146,401
83.0,0.971015,0.0,2.4048946586753095,False,-0.28085303121684146,401
103.0,0.9999998,1.0,1.9723239386999707,False,0.645400620724116,414
177.0,0.9999999,1.0,3.120804076765552,False,0.6375091027275498,414
117.0,0.9999998,1.0,3.0116521465586237,False,0.6237803783873371,414
122.0,1.0,1.0,2.002419689759501,False,0.5346381688469491,414
66.0,1.0,1.0,2.5794863002927624,False,0.4971125340736492,414
20.0,1.0000002,1.0,3.0066526710027666,False,0.48235715901868315,414
28.0,1.0,1.0,3.0066526710027666,False,0.48235715901868315,414
21.0,1.0000002,1.0,3.0066526710027666,False,0.48235715901868315,414
1.0,1.0000004,1.0,3.0066526710027666,False,0.48235715901868315,414
34.0,1.0000002,1.0,3.0066526710027666,False,0.48235715901868315,414
27.0,1.0000002,1.0,3.0066526710027666,False,0.48235715901868315,414
18.0,1.0000001,1.0,3.0066526710027666,False,0.48235715901868315,414
30.0,1.0000002,1.0,3.0066526710027666,False,0.48235715901868315,414
2.0,1.0000005,1.0,3.0066526710027666,False,0.48235715901868315,414
29.0,1.0000001,1.0,3.0066526710027666,False,0.48235715901868315,414
55.0,1.0000002,1.0,3.0066526710027666,False,0.48235715901868315,414
87.0,1.0000001,1.0,3.0066526710027666,False,0.48235715901868315,414
50.0,1.0000002,1.0,3.0066526710027666,False,0.48235715901868315,414
110.0,1.0000002,1.0,3.0066526710027666,False,0.48235715901868315,414
123.0,1.0,1.0,3.0066526710027666,False,0.48235715901868315,414
31.0,1.0000001,1.0,3.0066526710027666,False,0.48235715901868315,414
38.0,1.0,1.0,3.0066526710027666,False,0.48235715901868315,414
17.0,1.0,1.0,3.0066526710027666,False,0.48235715901868315,414
33.0,1.0,1.0,3.0066526710027666,False,0.48235715901868315,414
11.0,1.0,1.0,3.0066526710027666,False,0.48235715901868315,414
22.0,1.0000001,1.0,3.0066526710027666,False,0.48235715901868315,414
307.0,1.0000002,1.0,3.276853210856236,False,0.44828842517862916,414
53.0,0.99943006,0.7767440000000001,3.0066526710027666,False,0.41035784261945996,414
7.0,0.9999999,1.0,3.0066526710027666,False,0.3951302710125221,414
26.0,0.9999999,1.0,3.0066526710027666,False,0.3951302710125221,414
10.0,0.9999999,1.0,3.0066526710027666,False,0.3951302710125221,414
12.0,0.9999998,1.0,3.0066526710027666,False,0.3951302710125221,414
73.0,0.9999999,1.0,3.0066526710027666,False,0.3951302710125221,414
308.0,1.0000001,1.0,3.421340684084319,False,0.39334869525786476,414
16.0,0.99999976,1.0,3.0066526710027666,False,0.3710784204865863,414
15.0,0.99999976,1.0,3.0066526710027666,False,0.3710784204865863,414
8.0,0.99999976,1.0,3.0066526710027666,False,0.3710784204865863,414
6.0,0.9985262,0.809302,3.0066526710027666,False,0.3710784204865863,414
32.0,0.99999964,1.0,3.0066526710027666,False,0.3710784204865863,414
88.0,0.9944171,0.637209,3.0066526710027666,False,0.3498162035015719,414
79.0,0.986554,0.604651,1.9723239386999707,False,0.3285779969587552,414
39.0,0.9944172,0.613953,3.0066526710027666,False,0.3205212616671555,414
306.0,0.9958091,0.6976739999999999,3.276853210856236,False,0.3157474696615179,414
298.0,0.99424505,0.562791,3.0066526710027666,False,0.2923970942048598,414
78.0,0.98869,0.604651,1.9723239386999707,False,0.28395214746937775,414
19.0,0.9952851,0.967442,3.0066526710027666,False,0.2800763766765947,414
41.0,0.9954854,0.7860469999999999,3.0066526710027666,False,0.2800763766765947,414
62.0,0.0,0.437209,1.9723239386999707,False,0.27856511992807637,414
58.0,0.9999998,1.0,3.3015255837321233,False,0.2666373128966553,414
13.0,0.9968128,0.846512,3.0066526710027666,False,0.2589845877180539,414
23.0,0.99614966,0.9953489999999999,3.0066526710027666,False,0.2589845877180539,414
36.0,0.9929569,0.55814,3.0066526710027666,False,0.21821014084175805,414
305.0,0.9942373,0.7534879999999999,3.421340684084319,False,0.21001411035720444,414
314.0,0.9930229,0.8046510000000001,3.0066526710027666,False,0.20035507942555084,414
310.0,0.99067235,0.637209,3.0066526710027666,False,0.2003292079538809,414
312.0,0.99137104,0.627907,3.0066526710027666,False,0.2003292079538809,414
311.0,0.0,0.6930230000000001,3.0066526710027666,False,0.19084569883783445,414
313.0,0.98983073,0.6418600000000001,3.0066526710027666,False,0.17978779556119953,414
61.0,0.991111,0.372093,3.0066526710027666,False,0.17712802663633828,414
9.0,0.0,0.409302,3.0066526710027666,False,0.16764451752029183,414
295.0,0.0,0.38604700000000003,3.0066526710027666,False,0.16764451752029183,414
24.0,0.0,0.390698,3.0066526710027666,False,0.16764451752029183,414
37.0,0.0,0.390698,3.0066526710027666,False,0.16764451752029183,414
25.0,0.0,0.367442,3.0066526710027666,False,0.16764451752029183,414
90.0,0.99178386,0.497674,3.0066526710027666,False,0.16619621615068378,414
111.0,0.9876363,0.734884,3.0066526710027666,False,0.16411116432622624,414
309.0,0.0,0.5906980000000001,3.0066526710027666,False,0.16155075700341803,414
40.0,0.0,0.581395,3.0066526710027666,False,0.16155075700341803,414
35.0,0.0,0.567442,3.0066526710027666,False,0.16155075700341803,414
60.0,0.99139106,0.362791,3.0066526710027666,False,0.15289533662362256,414
303.0,0.99644417,0.506977,3.421340684084319,False,0.14115074816030765,414
81.0,0.0,0.35814,3.0066526710027666,False,0.13705250089396262,414
43.0,0.98102605,0.562791,3.0066526710027666,False,0.13481622249180977,414
14.0,0.0,0.916279,3.0066526710027666,False,0.12110587201285727,414
71.0,0.98568213,0.34883699999999995,2.5794863002927624,False,0.1074784039705251,414
109.0,0.98599464,0.35348799999999997,2.5794863002927624,False,0.1074784039705251,414
302.0,0.0,0.38604700000000003,3.276853210856236,False,0.10342917100418586,414
300.0,0.0,0.367442,3.276853210856236,False,0.10342917100418586,414
304.0,0.0,0.367442,3.276853210856236,False,0.10342917100418586,414
86.0,0.97673255,0.49302300000000004,3.0066526710027666,False,0.08821542362557457,414
299.0,0.0,0.34883699999999995,3.276853210856236,False,0.07283715437785661,414
142.0,0.0,0.390698,3.3015255837321233,False,0.062295007415655905,414
301.0,0.9834411,0.38604700000000003,3.421340684084319,False,0.01877554976048074,414
120.0,0.0,0.293023,2.002419689759501,False,0.01347854280383393,414
70.0,0.98751307,0.33488399999999996,2.5794863002927624,False,0.005548525728224519,414
104.0,0.9858793,0.30232600000000004,2.002419689759501,False,-0.013255991707774348,414
121.0,0.0,0.311628,3.0066526710027666,False,-0.019274330074597917,414
91.0,0.9838128,0.325581,3.0066526710027666,False,-0.04600886458620622,414
124.0,0.0,0.288372,2.5794863002927624,False,-0.10562748620630008,414
52.0,0.9907137,0.21395299999999998,3.0066526710027666,False,-0.13428250410535347,414
96.0,0.9925796,0.0,3.0066526710027666,False,-0.13706640816946056,414
76.0,0.0,0.172093,3.0066526710027666,False,-0.1437660132213999,414
97.0,0.0,0.190698,3.0066526710027666,False,-0.1437660132213999,414
102.0,0.0,0.190698,3.0066526710027666,False,-0.1437660132213999,414
101.0,0.0,0.204651,3.0066526710027666,False,-0.1437660132213999,414
77.0,0.0,0.18604700000000002,3.0066526710027666,False,-0.1437660132213999,414
107.0,0.0,0.21395299999999998,3.0066526710027666,False,-0.1437660132213999,414
57.0,0.9915732,0.0,3.0066526710027666,False,-0.15021056098899663,414
108.0,0.9905019,0.227907,3.3015255837321233,False,-0.1594895459434138,414
65.0,0.0,0.195349,2.5794863002927624,False,-0.16329674837369182,414
64.0,0.0,0.227907,2.5794863002927624,False,-0.16329674837369182,414
49.0,0.98680425,0.195349,3.0066526710027666,False,-0.17050054773300818,414
171.0,0.0,0.139535,2.9591104710139144,False,-0.20048753747498338,414
45.0,0.0,0.04186,3.0066526710027666,False,-0.21287465237079706,414
112.0,0.9011507,0.0,3.0066526710027666,False,-0.21287465237079706,414
132.0,0.9163984,0.0,3.0066526710027666,False,-0.21287465237079706,414
75.0,0.8994671,0.0,3.0066526710027666,False,-0.21287465237079706,414
131.0,0.9019269,0.0,3.0066526710027666,False,-0.21287465237079706,414
264.0,0.90791637,0.0,3.0066526710027666,False,-0.21287465237079706,414
129.0,0.8952277,0.0,3.0066526710027666,False,-0.21287465237079706,414
3.0,0.97721064,0.0,3.0066526710027666,False,-0.21504720069456978,414
42.0,0.98054445,0.0,3.0066526710027666,False,-0.21504720069456978,414
82.0,0.9734318,0.0,3.0066526710027666,False,-0.21504720069456978,414
153.0,0.9876014,0.0,3.0066526710027666,False,-0.21504720069456978,414
72.0,0.9749367,0.0,3.0066526710027666,False,-0.21504720069456978,414
84.0,0.97826725,0.046512000000000005,3.0066526710027666,False,-0.21504720069456978,414
193.0,0.970551,0.0,3.0066526710027666,False,-0.2177757020341482,414
197.0,0.9726115,0.0,3.0066526710027666,False,-0.2177757020341482,414
46.0,0.9703828,0.0,3.0066526710027666,False,-0.2177757020341482,414
175.0,0.9708544,0.0,3.0066526710027666,False,-0.2177757020341482,414
98.0,0.9552769,0.0,3.0066526710027666,False,-0.2177757020341482,414
83.0,0.9569039,0.0,3.0066526710027666,False,-0.2177757020341482,414
51.0,0.95488155,0.0,3.0066526710027666,False,-0.2177757020341482,414
105.0,0.96280354,0.0,3.0066526710027666,False,-0.2177757020341482,414
80.0,0.9225857,0.0,3.0066526710027666,False,-0.21956787088710977,414
126.0,0.9227898,0.0,3.0066526710027666,False,-0.21956787088710977,414
127.0,0.94749284,0.0,2.5794863002927624,False,-0.23730643718644012,414
89.0,0.9453753,0.0,2.5794863002927624,False,-0.23730643718644012,414
68.0,0.93603015,0.0,3.0066526710027666,False,-0.24766103594727346,414
67.0,0.9333892,0.0,3.0066526710027666,False,-0.24766103594727346,414
130.0,0.93113613,0.0,3.0066526710027666,False,-0.24766103594727346,414
59.0,0.98524225,0.0,3.421340684084319,False,-0.26141662520606507,414
115.0,0.98375446,0.0,2.9591104710139144,False,-0.2717687249481534,414
114.0,0.98327684,0.0,2.9591104710139144,False,-0.2717687249481534,414
198.0,0.9826759,0.0,2.9591104710139144,False,-0.2717687249481534,414
160.0,0.9748241,0.0,2.9591104710139144,False,-0.2717687249481534,414
289.0,0.9706521,0.0,2.9591104710139144,False,-0.2744972262877318,414
207.0,0.97249603,0.0,2.9591104710139144,False,-0.2744972262877318,414
212.0,0.9675025,0.0,2.9591104710139144,False,-0.2744972262877318,414
288.0,0.9688928,0.0,2.9591104710139144,False,-0.2744972262877318,414
269.0,0.9730542,0.0,2.9591104710139144,False,-0.2744972262877318,414
71.0,1.0000002,1.0,1.7864654122152566,False,0.7571114877261915,341
70.0,1.0,1.0,1.7864654122152566,False,0.7571114877261915,341
115.0,1.0000002,1.0,1.8263917135075782,False,0.7269240922036498,341
114.0,1.0000001,1.0,1.8263917135075782,False,0.7269240922036498,341
109.0,0.9957278,0.7488370000000001,1.7864654122152566,False,0.6019010702878269,341
64.0,1.0000001,1.0,1.9077687233666352,False,0.5730015804433769,341
97.0,1.0,1.0,1.8493989972499767,False,0.5614560176035833,341
111.0,1.0000002,1.0,1.4433028640420833,False,0.5603423859706593,341
110.0,1.0000002,1.0,1.3483621416654799,False,0.5489648983418166,341
299.0,1.0,1.0,1.8332650235394994,False,0.5419968619271207,341
302.0,1.0,1.0,1.8332650235394994,False,0.5419968619271207,341
307.0,1.0000002,1.0,1.8332650235394994,False,0.5419968619271207,341
65.0,1.0000002,1.0,1.5596800072916115,False,0.5222644035238188,341
67.0,0.99999994,1.0,1.9515717023848604,False,0.5023163533245536,341
58.0,0.9999998,1.0,1.8227045384146323,False,0.43207787869664804,341
96.0,0.99999964,1.0,1.8493989972499767,False,0.4275078171502332,341
304.0,0.9984892,0.7209300000000001,1.8332650235394994,False,0.42255970816618177,341
68.0,0.9987775,0.790698,1.9515717023848604,False,0.39103761479245686,341
57.0,0.9971581,0.67907,1.8493989972499767,False,0.385153811206678,341
300.0,0.9954728,0.739535,1.8332650235394994,False,0.36201806904829364,341
308.0,0.99456406,0.7488370000000001,1.8332650235394994,False,0.36201806904829364,341
306.0,0.9958091,0.6976739999999999,1.8332650235394994,False,0.36201806904829364,341
301.0,0.99688697,0.734884,1.8332650235394994,False,0.34092628008975284,341
305.0,0.99233466,0.706977,1.8332650235394994,False,0.2563889900411829,341
66.0,0.98568213,0.34883699999999995,1.7864654122152566,False,0.23697492637592088,341
303.0,0.99327904,0.47906999999999994,1.8332650235394994,False,0.2064010310965981,341
74.0,0.0,0.35814,1.9077687233666352,False,0.19650475795227612,341
295.0,0.0,0.4,1.4433028640420833,False,0.19490883751808843,341
142.0,0.0,0.390698,1.8227045384146323,False,0.1869971877376224,341
75.0,0.0,0.395349,1.5596800072916115,False,0.18697746774729965,341
81.0,0.0,0.362791,1.4433028640420833,False,0.17067614750537274,341
124.0,0.98032,0.30232600000000004,1.5596800072916115,False,0.024234927729338145,341
53.0,0.99305856,0.15814,1.8493989972499767,False,-0.01539884586368789,341
60.0,0.9930667,0.162791,1.8493989972499767,False,-0.01539884586368789,341
101.0,0.0,0.274419,1.5596800072916115,False,-0.043717354707986184,341
107.0,0.0,0.21395299999999998,1.3483621416654799,False,-0.07159010152832004,341
102.0,0.0,0.190698,1.3483621416654799,False,-0.07159010152832004,341
77.0,0.0,0.18604700000000002,1.3483621416654799,False,-0.07159010152832004,341
76.0,0.0,0.172093,1.3483621416654799,False,-0.07159010152832004,341
117.0,0.0,0.23255800000000001,1.5596800072916115,False,-0.07352222090585553,341
50.0,0.9925796,0.0,1.8493989972499767,False,-0.07982327756205382,341
95.0,0.0,0.23255800000000001,1.8493989972499767,False,-0.09255288563325577,341
63.0,0.0,0.15814,1.8493989972499767,False,-0.09255288563325577,341
61.0,0.0,0.18139500000000003,1.8493989972499767,False,-0.09255288563325577,341
91.0,0.0,0.190698,1.8493989972499767,False,-0.09255288563325577,341
108.0,0.9905019,0.227907,1.8227045384146323,False,-0.11263607032328077,341
132.0,0.9163984,0.0,1.3483621416654799,False,-0.1428628511282571,341
126.0,0.9227898,0.0,1.3483621416654799,False,-0.14955606964456983,341
80.0,0.9225857,0.0,1.3483621416654799,False,-0.14955606964456983,341
21.0,0.95300364,0.0,1.5596800072916115,False,-0.1496960201691438,341
19.0,0.9490862,0.0,1.5596800072916115,False,-0.1496960201691438,341
127.0,0.9560741,0.0,1.5596800072916115,False,-0.1496960201691438,341
10.0,0.94785225,0.0,1.5596800072916115,False,-0.1496960201691438,341
42.0,0.94842637,0.0,1.5596800072916115,False,-0.1496960201691438,341
89.0,0.96780396,0.0,1.5596800072916115,False,-0.1496960201691438,341
123.0,0.95213014,0.0,1.5596800072916115,False,-0.1496960201691438,341
59.0,0.9857446,0.0,1.8332650235394994,False,-0.1520034358667258,341
51.0,0.9831506,0.0,1.8332650235394994,False,-0.1520034358667258,341
38.0,0.97808325,0.0,1.8332650235394994,False,-0.1520034358667258,341
313.0,0.97919947,0.0,1.8332650235394994,False,-0.1520034358667258,341
314.0,0.9788651,0.0,1.8332650235394994,False,-0.1520034358667258,341
312.0,0.97803783,0.0,1.8332650235394994,False,-0.1520034358667258,341
52.0,0.9882784,0.0,1.8493989972499767,False,-0.15780407008716307,341
187.0,0.9554015,0.0,1.8493989972499767,False,-0.1605325714267415,341
147.0,0.9567311,0.0,1.8493989972499767,False,-0.1605325714267415,341
257.0,0.96054256,0.0,1.8493989972499767,False,-0.1605325714267415,341
279.0,0.9711032,0.0,1.8493989972499767,False,-0.1605325714267415,341
125.0,0.9608599,0.0,1.8493989972499767,False,-0.1605325714267415,341
261.0,0.9574933,0.0,1.8493989972499767,False,-0.1605325714267415,341
5.0,0.9555752,0.0,1.8493989972499767,False,-0.1605325714267415,341
275.0,0.9605508,0.0,1.8493989972499767,False,-0.1605325714267415,341
141.0,0.96193403,0.0,1.8493989972499767,False,-0.1605325714267415,341
130.0,0.94527483,0.0,1.4433028640420833,False,-0.16984031652946802,341
129.0,0.93694437,0.0,1.5596800072916115,False,-0.17958135408226905,341
293.0,0.9375015,0.0,1.5596800072916115,False,-0.17958135408226905,341
131.0,0.94485146,0.218605,1.7864654122152566,False,-0.21736623977777364,341
116.0,0.92055047,0.0,1.9515717023848604,False,-0.22786478376923458,341
54.0,0.9304288,0.0,1.7864654122152566,False,-0.2576750585730343,341
171.0,0.0,0.037209,1.8263917135075782,False,-0.2609189412331249,341
289.0,0.9787046,0.0,1.8263917135075782,False,-0.2630914895568977,341
207.0,0.9778217,0.0,1.8263917135075782,False,-0.2630914895568977,341
177.0,0.98327684,0.0,1.8263917135075782,False,-0.2630914895568977,341
198.0,0.975067,0.0,1.8263917135075782,False,-0.2630914895568977,341
212.0,0.9828211,0.0,1.8263917135075782,False,-0.2630914895568977,341
160.0,0.97622406,0.0,1.8263917135075782,False,-0.2630914895568977,341
262.0,0.97597194,0.0,1.8263917135075782,False,-0.2630914895568977,341
250.0,0.97607225,0.0,1.8263917135075782,False,-0.2630914895568977,341
288.0,0.9777821,0.0,1.8263917135075782,False,-0.2630914895568977,341
191.0,0.9726083,0.0,1.8263917135075782,False,-0.2658199908964761,341
105.0,0.9714818,0.0,1.8263917135075782,False,-0.2658199908964761,341
302.0,1.0,1.0,0.9328940733872192,False,0.6365289771856867,77
307.0,1.0000002,1.0,0.9328940733872192,False,0.6365289771856867,77
299.0,1.0,1.0,0.9328940733872192,False,0.6365289771856867,77
119.0,0.99999976,1.0,1.751583737464174,False,0.6358913840092777,77
118.0,0.9989145,0.9069769999999999,1.751583737464174,False,0.6358913840092777,77
91.0,1.0,1.0,1.4539992636791677,False,0.5910012412474822,77
274.0,1.0000001,1.0,1.4539992636791677,False,0.5910012412474822,77
57.0,1.0,1.0,1.4539992636791677,False,0.5910012412474822,77
114.0,1.0000001,1.0,1.6518495224979268,False,0.5894461605307041,77
115.0,1.0000002,1.0,1.6518495224979268,False,0.5894461605307041,77
70.0,1.0,1.0,1.4348109135741893,False,0.5584463416477123,77
71.0,1.0000002,1.0,1.4348109135741893,False,0.5584463416477123,77
97.0,1.0,1.0,1.4662241168647028,False,0.5505720220892716,77
65.0,1.0000002,1.0,0.874186565280673,False,0.5494583904563476,77
64.0,1.0000001,1.0,0.874186565280673,False,0.5494583904563476,77
309.0,1.0000002,1.0,1.3483621416654799,False,0.5489648983418166,77
111.0,1.0000002,1.0,0.550540786523069,False,0.5409942168364914,77
304.0,0.9984892,0.7209300000000001,0.9328940733872192,False,0.5170918234247476,77
300.0,0.9954728,0.739535,0.9328940733872192,False,0.4565501843068594,77
306.0,0.9958091,0.6976739999999999,0.9328940733872192,False,0.4565501843068594,77
308.0,0.99456406,0.7488370000000001,0.9328940733872192,False,0.4565501843068594,77
192.0,0.9999999,1.0,1.4539992636791677,False,0.4563365158796054,77
58.0,0.9999998,1.0,1.4539992636791677,False,0.4563365158796054,77
301.0,0.99713767,0.6976739999999999,0.9328940733872192,False,0.4354583953483186,77
52.0,0.9999997,1.0,1.4539992636791677,False,0.43228466535366955,77
96.0,0.99999964,1.0,1.4539992636791677,False,0.43228466535366955,77
177.0,0.9999999,1.0,1.6688383425739524,False,0.4073570470600892,77
109.0,0.9957278,0.7488370000000001,1.4348109135741893,False,0.40323592420934773,77
305.0,0.99233466,0.706977,0.9328940733872192,False,0.3509211052997486,77
49.0,0.9938158,0.781395,1.4539992636791677,False,0.2965287132630339,77
303.0,0.99327904,0.47906999999999994,0.9328940733872192,False,0.26978382008426827,77
105.0,0.9857335,0.483721,1.751583737464174,False,0.2663731992275658,77
110.0,0.9876363,0.734884,0.550540786523069,True,0.2021739278659069,77
142.0,0.0,0.390698,1.4539992636791677,False,0.2007993173544488,77
75.0,0.0,0.395349,0.874186565280673,False,0.183022128408933,77
25.0,0.0,0.604651,1.3483621416654799,False,0.18281582660796133,77
15.0,0.0,0.6,1.3483621416654799,False,0.18281582660796133,77
18.0,0.0,0.539535,1.3483621416654799,False,0.18055650948836235,77
28.0,0.0,0.534884,1.3483621416654799,False,0.18055650948836235,77
295.0,0.0,0.4,0.550540786523069,False,0.1745579547890768,77
60.0,0.9881662,0.367442,1.4539992636791677,False,0.17406478284284055,77
61.0,0.0,0.35814,1.4539992636791677,False,0.17020730072811963,77
8.0,0.98711973,0.5906980000000001,1.3483621416654799,False,0.15608129209635307,77
1.0,0.9873855,0.6,1.3483621416654799,False,0.15608129209635307,77
24.0,0.98632044,0.613953,1.3483621416654799,False,0.15608129209635307,77
74.0,0.0,0.35814,0.874186565280673,False,0.15243011178260377,77
81.0,0.0,0.362791,0.550540786523069,False,0.15032526477636107,77
66.0,0.98568213,0.34883699999999995,1.4348109135741893,False,0.1356862420572039,77
7.0,0.9886234,0.595349,1.3483621416654799,False,0.11145544260697557,77
6.0,0.9888451,0.5906980000000001,1.3483621416654799,False,0.11145544260697557,77
136.0,0.9829105,0.339535,1.4539992636791677,False,0.05899329596566051,77
124.0,0.0,0.325581,1.4348109135741893,False,0.006853180851238719,77
50.0,0.9838128,0.325581,1.4539992636791677,False,-0.01209482950106217,77
53.0,0.98397,0.330233,1.4539992636791677,False,-0.01209482950106217,77
67.0,0.0,0.32093000000000005,0.874186565280673,False,-0.020587891926419518,77
68.0,0.0,0.306977,0.874186565280673,False,-0.020587891926419518,77
95.0,0.99249893,0.0,1.4539992636791677,False,-0.10531648353485647,77
76.0,0.0,0.24186,1.4348109135741893,False,-0.10660977948963336,77
285.0,0.9677081,0.26976700000000003,1.4539992636791677,False,-0.10951014778957326,77
63.0,0.0,0.15814,1.4539992636791677,False,-0.10985197813625587,77
100.0,0.0,0.15814,1.4539992636791677,False,-0.10985197813625587,77
77.0,0.0,0.223256,1.4348109135741893,False,-0.11763850229556325,77
108.0,0.9905019,0.227907,1.4539992636791677,False,-0.12090988141289086,77
101.0,0.0,0.274419,0.874186565280673,False,-0.12117728609626782,77
237.0,0.0,0.09302300000000001,1.4539992636791677,False,-0.13070025700787602,77
12.0,0.9842589,0.0,1.3483621416654799,False,-0.1450353994520299,77
311.0,0.9852397,0.0,1.3483621416654799,False,-0.1450353994520299,77
26.0,0.98623216,0.0,1.3483621416654799,False,-0.1450353994520299,77
30.0,0.98418,0.0,1.3483621416654799,False,-0.1450353994520299,77
131.0,0.94485146,0.218605,1.4348109135741893,False,-0.14710153814674995,77
236.0,0.0,0.065116,1.4539992636791677,False,-0.15050411099264324,77
107.0,0.0,0.209302,0.874186565280673,False,-0.15098215229413717,77
117.0,0.0,0.23255800000000001,0.874186565280673,False,-0.15098215229413717,77
171.0,0.0,0.139535,1.6688383425739524,False,-0.16682806097593447,77
262.0,0.0,0.04186,1.4539992636791677,False,-0.18112472773619295,77
246.0,0.0,0.055814,1.4539992636791677,False,-0.18112472773619295,77
129.0,0.94839346,0.0,1.4348109135741893,False,-0.18561818808904895,77
176.0,0.9490961,0.0,1.4539992636791677,False,-0.18602577739954415,77
158.0,0.9490533,0.0,1.4539992636791677,False,-0.18602577739954415,77
217.0,0.96543884,0.0,1.4539992636791677,False,-0.18602577739954415,77
260.0,0.95036185,0.0,1.4539992636791677,False,-0.18602577739954415,77
258.0,0.9660746,0.0,1.4539992636791677,False,-0.18602577739954415,77
180.0,0.9655926,0.0,1.4539992636791677,False,-0.18602577739954415,77
225.0,0.9461678,0.0,1.4539992636791677,False,-0.18602577739954415,77
54.0,0.9304288,0.0,1.4348109135741893,False,-0.18741035694201053,77
125.0,0.0,0.11627900000000001,1.751583737464174,False,-0.1915132903058505,77
102.0,0.0,0.218605,0.550540786523069,False,-0.19181011408643758,77
198.0,0.9738412,0.0,1.6518495224979268,False,-0.19253874153857842,77
289.0,0.9787046,0.0,1.6518495224979268,False,-0.19253874153857842,77
288.0,0.9777821,0.0,1.6518495224979268,False,-0.19253874153857842,77
212.0,0.9828211,0.0,1.6518495224979268,False,-0.19253874153857842,77
250.0,0.97607225,0.0,1.6518495224979268,False,-0.19253874153857842,77
207.0,0.97989684,0.0,1.6518495224979268,False,-0.19253874153857842,77
160.0,0.97622406,0.0,1.6518495224979268,False,-0.19253874153857842,77
191.0,0.9726083,0.0,1.6518495224979268,False,-0.19526724287815683,77
127.0,0.94037515,0.0,1.4348109135741893,False,-0.2155035220021742,77
277.0,0.94237626,0.0,1.4539992636791677,False,-0.2159111113126694,77
94.0,0.942453,0.0,1.4539992636791677,False,-0.2159111113126694,77
179.0,0.93893147,0.0,1.4539992636791677,False,-0.2159111113126694,77
37.0,0.94113576,0.0,1.4539992636791677,False,-0.2159111113126694,77
51.0,0.98806286,0.0,0.9328940733872192,False,-0.21743441292080692,77
59.0,0.9809357,0.0,0.9328940733872192,False,-0.21743441292080692,77
314.0,0.9788651,0.0,0.9328940733872192,False,-0.21743441292080692,77
313.0,0.97919947,0.0,0.9328940733872192,False,-0.21743441292080692,77
312.0,0.97803783,0.0,0.9328940733872192,False,-0.21743441292080692,77
38.0,0.97808325,0.0,0.9328940733872192,False,-0.21743441292080692,77
5.0,0.9555752,0.0,1.4662241168647028,False,-0.21784820645469888,77
187.0,0.9554015,0.0,1.4662241168647028,False,-0.21784820645469888,77
257.0,0.96054256,0.0,1.4662241168647028,False,-0.21784820645469888,77
147.0,0.9567311,0.0,1.4662241168647028,False,-0.21784820645469888,77
261.0,0.9574933,0.0,1.4662241168647028,False,-0.21784820645469888,77
275.0,0.9605508,0.0,1.4662241168647028,False,-0.21784820645469888,77
279.0,0.9711032,0.0,1.4662241168647028,False,-0.21784820645469888,77
141.0,0.96193403,0.0,1.4662241168647028,False,-0.21784820645469888,77
106.0,0.9696733,0.15814,1.751583737464174,False,-0.22097632615703713,77
21.0,0.95300364,0.0,0.874186565280673,False,-0.2271559515574254,77
42.0,0.94842637,0.0,0.874186565280673,False,-0.2271559515574254,77
19.0,0.9490862,0.0,0.874186565280673,False,-0.2271559515574254,77
123.0,0.95213014,0.0,0.874186565280673,False,-0.2271559515574254,77
89.0,0.96780396,0.0,0.874186565280673,False,-0.2271559515574254,77
10.0,0.94785225,0.0,0.874186565280673,False,-0.2271559515574254,77
297.0,0.0,0.074419,1.751583737464174,False,-0.23216542316223793,77
78.0,0.0,0.065116,1.751583737464174,False,-0.23216542316223793,77
79.0,0.0,0.069767,1.751583737464174,False,-0.23216542316223793,77
45.0,0.0,0.065116,1.751583737464174,False,-0.23216542316223793,77
269.0,0.9730542,0.0,1.6688383425739524,False,-0.24300186023922282,77
293.0,0.9375015,0.0,0.874186565280673,False,-0.2570412854705507,77
188.0,0.97874534,0.0,1.751583737464174,False,-0.26495858822956037,77
14.0,0.96772045,0.0,1.751583737464174,False,-0.2676870895691388,77
98.0,0.9690822,0.0,1.751583737464174,False,-0.2676870895691388,77
298.0,0.96749896,0.0,1.751583737464174,False,-0.2676870895691388,77
130.0,0.94527483,0.0,0.550540786523069,False,-0.267983913349726,77
132.0,0.93748206,0.0,0.550540786523069,False,-0.2978692472628512,77
84.0,1.0000002,1.0,3.2348915217651344,False,0.7292499549879811,234
85.0,1.0000001,1.0,3.2348915217651344,False,0.7292499549879811,234
67.0,0.99999994,1.0,4.295464206577168,False,0.715156309570488,234
64.0,1.0000001,1.0,4.504448276016986,False,0.6838132794609688,234
196.0,1.0000001,1.0,3.8678709875617407,False,0.6829560563580015,234
197.0,1.0000002,1.0,3.8678709875617407,False,0.6829560563580015,234
130.0,1.0,1.0,4.353923915745049,True,0.6829560563580015,234
131.0,1.0000002,1.0,4.353923915745049,False,0.6829560563580015,234
132.0,1.0000001,1.0,4.353923915745049,False,0.6829560563580015,234
90.0,1.0000001,1.0,4.07184199285701,False,0.6660943088840777,234
82.0,0.9999998,1.0,3.2348915217651344,False,0.6193536050605668,234
68.0,0.9987775,0.790698,4.295464206577168,False,0.6038775710383913,234
83.0,0.99999976,1.0,3.2348915217651344,False,0.595301754534631,234
72.0,0.99999976,1.0,3.8678709875617407,False,0.5716773178259048,234
88.0,0.99549013,0.5023259999999999,4.07184199285701,False,0.4349881507450615,234
61.0,1.0000001,1.0,3.282040401065608,False,0.3496041429681892,234
96.0,0.99999964,1.0,4.123727568867158,False,0.3370096866465323,234
57.0,1.0,1.0,4.086487458092329,False,0.3287825688369256,234
50.0,1.0000002,1.0,4.476349298147343,False,0.32631282538853634,234
75.0,0.0,0.395349,4.504448276016986,False,0.3114996086696475,234
53.0,0.99943006,0.7767440000000001,4.476349298147343,False,0.2916200409395398,234
87.0,0.99178386,0.497674,4.07184199285701,False,0.2793043674247375,234
74.0,0.0,0.35814,4.504448276016986,False,0.24113215957648604,234
86.0,0.9845911,0.45116300000000004,4.07184199285701,False,0.18122557471065476,234
91.0,0.0,0.35814,3.282040401065608,False,0.06474946480492606,234
60.0,0.99139106,0.362791,4.476349298147343,False,0.05730098295493316,234
124.0,0.98032,0.30232600000000004,4.504448276016986,False,-0.0502342069352367,234
11.0,0.0,0.125581,3.2348915217651344,False,-0.1687384298472825,234
294.0,0.0,0.134884,3.2348915217651344,False,-0.1687384298472825,234
189.0,0.98414695,0.265116,3.8678709875617407,False,-0.17883602730361667,234
18.0,0.0,0.111628,3.2348915217651344,False,-0.17925770005342578,234
47.0,0.0,0.111628,3.2348915217651344,False,-0.17925770005342578,234
69.0,0.0,0.111628,3.2348915217651344,False,-0.17925770005342578,234
117.0,0.0,0.23255800000000001,4.504448276016986,False,-0.1810491358869104,234
65.0,0.0,0.223256,4.504448276016986,False,-0.1810491358869104,234
70.0,0.0,0.223256,4.504448276016986,False,-0.1810491358869104,234
71.0,0.0,0.18604700000000002,4.353923915745049,False,-0.18190635898987775,234
76.0,0.0,0.18604700000000002,4.353923915745049,False,-0.18190635898987775,234
128.0,0.0,0.21395299999999998,4.353923915745049,False,-0.18190635898987775,234
293.0,0.0,0.18604700000000002,4.353923915745049,False,-0.18190635898987775,234
107.0,0.0,0.15814,4.353923915745049,False,-0.18190635898987775,234
109.0,0.0,0.190698,4.353923915745049,False,-0.18190635898987775,234
129.0,0.0,0.153488,4.353923915745049,False,-0.18190635898987775,234
310.0,0.0,0.097674,3.2348915217651344,False,-0.19561671173816525,234
22.0,0.0,0.10697699999999999,3.2348915217651344,False,-0.19561671173816525,234
25.0,0.0,0.09302300000000001,3.2348915217651344,False,-0.19561671173816525,234
45.0,0.0,0.102326,3.2348915217651344,False,-0.19561671173816525,234
15.0,0.0,0.10697699999999999,3.2348915217651344,False,-0.19561671173816525,234
309.0,0.0,0.097674,3.2348915217651344,False,-0.19561671173816525,234
6.0,0.0,0.097674,3.2348915217651344,False,-0.19561671173816525,234
56.0,0.0,0.10697699999999999,3.2348915217651344,False,-0.19561671173816525,234
31.0,0.0,0.08837199999999999,3.2348915217651344,False,-0.20722645225312988,234
20.0,0.0,0.08837199999999999,3.2348915217651344,False,-0.20722645225312988,234
142.0,0.0,0.204651,4.123727568867158,False,-0.20798135973750584,234
63.0,0.0,0.15814,4.123727568867158,False,-0.20798135973750584,234
66.0,0.94341636,0.227907,4.504448276016986,False,-0.2158355194633868,234
108.0,0.9870746,0.223256,4.123727568867158,False,-0.23471589424911413,234
301.0,0.9762115,0.0,3.2348915217651344,False,-0.24001961732045238,234
3.0,0.97445977,0.0,3.2348915217651344,False,-0.24001961732045238,234
49.0,0.975006,0.0,3.2348915217651344,False,-0.24001961732045238,234
162.0,0.97539234,0.0,3.2348915217651344,False,-0.24001961732045238,234
98.0,0.9774722,0.0,3.2348915217651344,False,-0.24001961732045238,234
267.0,0.97346985,0.0,3.2348915217651344,False,-0.24001961732045238,234
230.0,0.97861993,0.0,3.2348915217651344,False,-0.24001961732045238,234
99.0,0.97544575,0.0,3.2348915217651344,False,-0.24001961732045238,234
300.0,0.9777379,0.0,3.2348915217651344,False,-0.24001961732045238,234
302.0,0.9795413,0.0,3.2348915217651344,False,-0.24001961732045238,234
80.0,0.91777176,0.0,4.353923915745049,False,-0.25101499813927486,234
127.0,0.9091109,0.0,4.353923915745049,False,-0.25101499813927486,234
110.0,0.9163984,0.0,4.353923915745049,False,-0.25101499813927486,234
126.0,0.9087595,0.0,4.353923915745049,False,-0.25101499813927486,234
272.0,0.90139616,0.0,4.353923915745049,False,-0.25101499813927486,234
144.0,0.0,0.032558,3.8678709875617407,False,-0.25101499813927486,234
248.0,0.0,0.032558,3.8678709875617407,False,-0.25101499813927486,234
221.0,0.0,0.060465,3.8678709875617407,False,-0.25101499813927486,234
246.0,0.98383236,0.0,3.8678709875617407,False,-0.25318754646304764,234
228.0,0.98427,0.0,3.8678709875617407,False,-0.25318754646304764,234
175.0,0.98059714,0.0,3.8678709875617407,False,-0.25318754646304764,234
249.0,0.9856504,0.0,3.8678709875617407,False,-0.25318754646304764,234
262.0,0.9792924,0.0,3.8678709875617407,False,-0.25318754646304764,234
7.0,0.0,0.055814,4.07184199285701,False,-0.2533133724949883,234
8.0,0.0,0.051163,4.07184199285701,False,-0.2533133724949883,234
13.0,0.0,0.051163,4.07184199285701,False,-0.2533133724949883,234
259.0,0.0,0.046512000000000005,4.07184199285701,False,-0.2533133724949883,234
102.0,0.9594641,0.0,4.504448276016986,False,-0.25505882469965874,234
77.0,0.9644271,0.0,4.504448276016986,False,-0.25505882469965874,234
101.0,0.95700794,0.0,4.504448276016986,False,-0.25505882469965874,234
95.0,0.0,0.2,3.282040401065608,False,-0.25559539800832276,234
52.0,0.0,0.237209,3.282040401065608,False,-0.25559539800832276,234
111.0,0.94527483,0.0,4.353923915745049,False,-0.25591604780262606,234
217.0,0.9504174,0.0,3.8678709875617407,False,-0.25591604780262606,234
210.0,0.9504868,0.0,3.8678709875617407,False,-0.25591604780262606,234
160.0,0.94869125,0.0,3.8678709875617407,False,-0.25591604780262606,234
198.0,0.953485,0.0,3.8678709875617407,False,-0.25591604780262606,234
202.0,0.96577466,0.0,3.8678709875617407,True,-0.25591604780262606,234
165.0,0.95441246,0.0,3.8678709875617407,False,-0.25591604780262606,234
184.0,0.95013744,0.0,3.8678709875617407,False,-0.25591604780262606,234
166.0,0.9688488,0.0,4.07184199285701,False,-0.2582144221583395,234
58.0,0.9865105,0.25116299999999997,3.282040401065608,False,-0.2713012097140011,234
97.0,0.0,0.190698,4.476349298147343,False,-0.2788867155879756,234
116.0,0.92055047,0.0,4.295464206577168,False,-0.32325659094815234,234
299.0,0.986902,0.0,3.282040401065608,False,-0.3268765854814927,234
303.0,0.98208547,0.0,4.086487458092329,False,-0.35360073683367194,234
304.0,0.98901784,0.0,3.282040401065608,False,-0.37150243497087015,234
64.0,1.0000001,1.0,2.1611949486399737,False,0.7431832216009526,423
65.0,1.0000002,1.0,2.1611949486399737,False,0.7431832216009526,423
309.0,1.0000002,1.0,1.8263917135075782,False,0.7269240922036498,423
57.0,1.0,1.0,1.2598582801532974,False,0.5910012412474822,423
299.0,1.0,1.0,1.2598582801532974,False,0.5910012412474822,423
54.0,1.0000001,1.0,1.2598582801532974,False,0.5910012412474822,423
130.0,1.0,1.0,1.2598582801532974,False,0.5910012412474822,423
302.0,1.0,1.0,1.2598582801532974,False,0.5910012412474822,423
310.0,1.0000002,1.0,1.2598582801532974,False,0.5910012412474822,423
249.0,0.99999994,1.0,1.2598582801532974,False,0.5910012412474822,423
110.0,1.0000002,1.0,1.6518495224979268,False,0.5894461605307041,423
111.0,1.0000002,1.0,1.3653909738660959,False,0.5654143780624082,423
70.0,1.0,1.0,0.5909385174292935,False,0.5652249682061001,423
71.0,1.0000002,1.0,0.5909385174292935,False,0.5652249682061001,423
307.0,1.0000002,1.0,1.7449364614159435,False,0.5620369240399453,423
97.0,1.0,1.0,1.1760959589715145,False,0.5603423859706593,423
304.0,0.9984892,0.7209300000000001,1.2598582801532974,False,0.47156408748654316,423
96.0,0.99999964,1.0,1.4705624280596326,False,0.4417196386499918,423
108.0,0.99999964,1.0,1.2598582801532974,False,0.43228466535366955,423
119.0,0.99999976,1.0,1.48702312993363,False,0.43146617760905803,423
118.0,0.9989145,0.9069769999999999,1.48702312993363,False,0.43146617760905803,423
311.0,0.9952489,0.772093,1.2598582801532974,False,0.41102244836865515,423
312.0,0.9955091,0.7209300000000001,1.2598582801532974,False,0.41102244836865515,423
313.0,0.994558,0.702326,1.2598582801532974,False,0.41102244836865515,423
308.0,0.99456406,0.7488370000000001,1.7449364614159435,False,0.4068265066015807,423
306.0,0.9958091,0.6976739999999999,1.7449364614159435,False,0.4068265066015807,423
300.0,0.9954728,0.739535,1.7449364614159435,False,0.4068265066015807,423
301.0,0.99713767,0.6976739999999999,1.2598582801532974,False,0.38993065941011434,423
109.0,0.9957278,0.7488370000000001,0.5909385174292935,False,0.38524617532727307,423
25.0,0.0,0.604651,1.8263917135075782,False,0.36352813048432137,423
15.0,0.0,0.6,1.8263917135075782,False,0.36352813048432137,423
75.0,0.0,0.395349,2.1611949486399737,False,0.3502952565315034,423
24.0,0.98632044,0.613953,1.8263917135075782,False,0.33679359597271313,423
1.0,0.9873855,0.6,1.8263917135075782,False,0.33679359597271313,423
8.0,0.98711973,0.5906980000000001,1.8263917135075782,False,0.33679359597271313,423
41.0,0.9935137,0.665116,1.2598582801532974,False,0.3313011511176112,423
18.0,0.0,0.539535,1.8263917135075782,False,0.33112220068867043,423
28.0,0.0,0.534884,1.8263917135075782,False,0.33112220068867043,423
305.0,0.99233466,0.706977,1.7449364614159435,False,0.3011974275944699,423
6.0,0.9888451,0.5906980000000001,1.8263917135075782,False,0.29216774648333566,423
7.0,0.9886234,0.595349,1.8263917135075782,False,0.29216774648333566,423
74.0,0.0,0.35814,2.1611949486399737,False,0.279927807438342,423
40.0,0.9926945,0.613953,1.2598582801532974,False,0.27237625604584426,423
34.0,0.99067235,0.637209,1.2598582801532974,False,0.26363062046408986,423
43.0,0.9906782,0.6418600000000001,1.2598582801532974,False,0.26363062046408986,423
39.0,0.0,0.6511629999999999,1.2598582801532974,False,0.25414711134804335,423
3.0,0.0,0.683721,1.2598582801532974,False,0.25414711134804335,423
303.0,0.99327904,0.47906999999999994,1.7449364614159435,False,0.25120946864988514,423
295.0,0.0,0.38604700000000003,1.6518495224979268,False,0.22401261207813308,423
81.0,0.0,0.35814,1.6518495224979268,False,0.1934205954518039,423
105.0,0.9857335,0.483721,1.48702312993363,False,0.12055173571511998,423
66.0,0.98568213,0.34883699999999995,0.5909385174292935,False,0.11669377958028543,423
131.0,0.0,0.339535,1.2598582801532974,False,0.08572783047726877,423
132.0,0.98891175,0.5023259999999999,1.2598582801532974,False,0.07674437397035402,423
68.0,0.0,0.306977,2.1611949486399737,False,0.03813115139565115,423
67.0,0.0,0.32093000000000005,2.1611949486399737,False,0.03813115139565115,423
124.0,0.98032,0.30232600000000004,2.1611949486399737,False,0.01139661688404286,423
142.0,0.9859476,0.293023,1.2598582801532974,False,-0.01209482950106217,423
53.0,0.99305856,0.15814,1.4705624280596326,False,-0.023262965070365762,423
60.0,0.9930667,0.162791,1.4705624280596326,False,-0.023262965070365762,423
50.0,0.9925796,0.0,1.4705624280596326,False,-0.08768739676873168,423
101.0,0.0,0.274419,2.1611949486399737,False,-0.08961344586976148,423
58.0,0.0,0.237209,1.1760959589715145,False,-0.09366651726617974,423
61.0,0.0,0.18139500000000003,1.1760959589715145,False,-0.09366651726617974,423
63.0,0.0,0.172093,1.1760959589715145,False,-0.09366651726617974,423
91.0,0.0,0.190698,1.1760959589715145,False,-0.09366651726617974,423
95.0,0.0,0.23255800000000001,1.1760959589715145,False,-0.09366651726617974,423
293.0,0.0,0.18604700000000002,1.2598582801532974,False,-0.10985197813625587,423
76.0,0.0,0.18604700000000002,1.2598582801532974,False,-0.10985197813625587,423
125.0,0.0,0.11627900000000001,1.48702312993363,False,-0.11067046588086739,423
77.0,0.0,0.21395299999999998,1.3653909738660959,False,-0.11067046588086739,423
107.0,0.0,0.237209,1.3653909738660959,False,-0.11067046588086739,423
102.0,0.0,0.218605,1.3653909738660959,False,-0.11067046588086739,423
35.0,0.99155736,0.0,1.2598582801532974,False,-0.11846063635439252,423
117.0,0.0,0.23255800000000001,2.1611949486399737,False,-0.1194183120676308,423
116.0,0.0,0.102326,1.2598582801532974,False,-0.13070025700787602,423
52.0,0.9846546,0.16744199999999998,1.2598582801532974,False,-0.13658651264786414,423
106.0,0.9696733,0.15814,1.48702312993363,False,-0.1401335017320541,423
79.0,0.0,0.069767,1.48702312993363,False,-0.1431284852674522,423
45.0,0.0,0.065116,1.48702312993363,False,-0.1431284852674522,423
78.0,0.0,0.065116,1.48702312993363,False,-0.1431284852674522,423
297.0,0.0,0.074419,1.48702312993363,False,-0.1431284852674522,423
26.0,0.0,0.069767,1.48702312993363,False,-0.1431284852674522,423
314.0,0.9908957,0.0,1.2598582801532974,False,-0.14707923243231108,423
80.0,0.0,0.074419,1.2598582801532974,False,-0.15050411099264324,423
11.0,0.0,0.074419,1.2598582801532974,False,-0.15050411099264324,423
134.0,0.0,0.074419,1.2598582801532974,False,-0.15050411099264324,423
169.0,0.0,0.065116,1.2598582801532974,False,-0.15050411099264324,423
69.0,0.0,0.074419,1.2598582801532974,False,-0.15050411099264324,423
147.0,0.9567311,0.0,1.4705624280596326,False,-0.16839669063341933,423
257.0,0.96054256,0.0,1.4705624280596326,False,-0.16839669063341933,423
279.0,0.9711032,0.0,1.4705624280596326,False,-0.16839669063341933,423
5.0,0.9555752,0.0,1.4705624280596326,False,-0.16839669063341933,423
141.0,0.96193403,0.0,1.4705624280596326,False,-0.16839669063341933,423
275.0,0.9605508,0.0,1.4705624280596326,False,-0.16839669063341933,423
261.0,0.9574933,0.0,1.4705624280596326,False,-0.16839669063341933,423
187.0,0.9554015,0.0,1.4705624280596326,False,-0.16839669063341933,423
188.0,0.97874534,0.0,1.48702312993363,False,-0.1759216503347747,423
14.0,0.96772045,0.0,1.48702312993363,False,-0.1786501516743531,423
98.0,0.9690822,0.0,1.48702312993363,False,-0.1786501516743531,423
42.0,0.97188926,0.0,1.48702312993363,False,-0.1786501516743531,423
298.0,0.96749896,0.0,1.48702312993363,False,-0.1786501516743531,423
127.0,0.92224,0.0,1.3653909738660959,False,-0.18044232052731463,423
126.0,0.9087595,0.0,1.2598582801532974,False,-0.18112472773619295,423
162.0,0.98418736,0.0,1.2598582801532974,False,-0.18329727605996574,423
267.0,0.9858419,0.0,1.2598582801532974,False,-0.18329727605996574,423
246.0,0.9847282,0.0,1.2598582801532974,False,-0.18329727605996574,423
51.0,0.9831506,0.0,1.2598582801532974,False,-0.18329727605996574,423
197.0,0.9856504,0.0,1.2598582801532974,False,-0.18329727605996574,423
228.0,0.98395413,0.0,1.2598582801532974,False,-0.18329727605996574,423
72.0,0.9858208,0.0,1.2598582801532974,False,-0.18329727605996574,423
283.0,0.9879898,0.0,1.2598582801532974,False,-0.18329727605996574,423
59.0,0.9857446,0.0,1.2598582801532974,False,-0.18329727605996574,423
262.0,0.9813261,0.0,1.2598582801532974,False,-0.18329727605996574,423
233.0,0.981568,0.0,1.2598582801532974,False,-0.18329727605996574,423
89.0,0.95131266,0.0,1.2598582801532974,False,-0.18602577739954415,423
38.0,0.97808325,0.0,1.7449364614159435,False,-0.18980136535328518,423
19.0,0.9490862,0.0,2.1611949486399737,False,-0.19559211133091906,423
123.0,0.95213014,0.0,2.1611949486399737,False,-0.19559211133091906,423
21.0,0.95300364,0.0,2.1611949486399737,False,-0.19559211133091906,423
10.0,0.94785225,0.0,2.1611949486399737,False,-0.19559211133091906,423
129.0,0.93694437,0.0,2.1611949486399737,False,-0.2254774452440443,423
30.0,0.98418,0.0,1.8263917135075782,False,-0.2630914895568977,423
12.0,0.9842589,0.0,1.8263917135075782,False,-0.2630914895568977,423
302.0,1.0,1.0,1.136951769255531,False,0.6084723705522233,357
307.0,1.0000002,1.0,1.136951769255531,False,0.6084723705522233,357
299.0,1.0,1.0,1.136951769255531,False,0.6084723705522233,357
71.0,1.0000002,1.0,2.297798892094936,False,0.5164099987420468,357
70.0,1.0,1.0,2.297798892094936,False,0.5164099987420468,357
304.0,0.9984892,0.7209300000000001,1.136951769255531,False,0.5138035922317468,357
111.0,1.0000002,1.0,1.7979733904722295,False,0.5130096661207,357
110.0,1.0000002,1.0,1.9217833462250484,False,0.5023163533245536,357
65.0,1.0000002,1.0,2.215498135178703,False,0.4956975666991742,357
91.0,1.0,1.0,1.9386320596921809,False,0.4956975666991742,357
274.0,1.0000001,1.0,1.9386320596921809,False,0.4956975666991742,357
57.0,1.0,1.0,1.9386320596921809,False,0.4956975666991742,357
64.0,1.0000001,1.0,2.215498135178703,False,0.4956975666991742,357
58.0,0.9999998,1.0,2.285662244534608,False,0.4795498106032897,357
308.0,0.99456406,0.7488370000000001,1.136951769255531,False,0.45326195311385853,357
300.0,0.9954728,0.739535,1.136951769255531,False,0.45326195311385853,357
306.0,0.9958091,0.6976739999999999,1.136951769255531,False,0.45326195311385853,357
130.0,1.0,1.0,2.157697878581269,False,0.4414770705420904,357
311.0,1.0000002,1.0,2.157697878581269,False,0.4414770705420904,357
298.0,1.0,1.0,2.157697878581269,False,0.4414770705420904,357
123.0,1.0,1.0,2.157697878581269,False,0.4414770705420904,357
177.0,0.9999999,1.0,1.161473999410846,True,0.4406756721618572,357
301.0,0.9981017,0.739535,1.136951769255531,False,0.4321701641553177,357
192.0,0.9999999,1.0,1.9386320596921809,False,0.4084706786930132,357
117.0,0.9999998,1.0,2.1807742420903122,False,0.39404005780418105,357
52.0,0.9999997,1.0,1.9386320596921809,False,0.38441882816707734,357
96.0,0.99999964,1.0,1.9386320596921809,False,0.38441882816707734,357
107.0,0.9999999,1.0,2.157697878581269,False,0.3688872525649025,357
109.0,0.9957278,0.7488370000000001,2.297798892094936,False,0.3611995813036821,357
305.0,0.99233466,0.706977,1.136951769255531,False,0.3476328741067478,357
310.0,0.9952489,0.772093,2.157697878581269,False,0.3235731850539523,357
40.0,0.9953525,0.637209,2.157697878581269,False,0.3235731850539523,357
43.0,0.9944343,0.7209300000000001,2.157697878581269,False,0.3235731850539523,357
34.0,0.99424505,0.562791,2.157697878581269,False,0.3194441364445231,357
41.0,0.9930445,0.734884,2.157697878581269,False,0.2981446620850349,357
77.0,0.9923438,0.660465,2.157697878581269,False,0.27223688032896803,357
76.0,0.9917878,0.655814,2.157697878581269,False,0.27223688032896803,357
312.0,0.99232054,0.744186,2.157697878581269,False,0.27223688032896803,357
313.0,0.9919522,0.730233,2.157697878581269,False,0.27223688032896803,357
303.0,0.99327904,0.47906999999999994,1.136951769255531,False,0.2664955888912674,357
49.0,0.9938158,0.781395,1.9386320596921809,False,0.24866287607644183,357
36.0,0.9984319,0.87907,2.157697878581269,False,0.2327415692704344,357
142.0,0.0,0.390698,2.285662244534608,False,0.22401261207813308,357
39.0,0.0,0.6976739999999999,2.157697878581269,False,0.22099062231546715,357
314.0,0.0,0.6,2.157697878581269,False,0.19069296688620696,357
295.0,0.0,0.4,1.7979733904722295,False,0.1807020871555135,357
75.0,0.0,0.395349,2.215498135178703,False,0.1623872741391439,357
81.0,0.0,0.362791,1.7979733904722295,False,0.15646939714279778,357
60.0,0.9881662,0.367442,1.9386320596921809,False,0.13565273962753557,357
74.0,0.0,0.35814,2.215498135178703,False,0.13179525751281468,357
61.0,0.0,0.35814,1.9386320596921809,False,0.13179525751281468,357
66.0,0.98568213,0.34883699999999995,2.297798892094936,False,0.12379651182759023,357
102.0,0.9875616,0.432558,2.157697878581269,False,0.08721102083231153,357
124.0,0.0,0.325581,2.297798892094936,False,0.04511505745917453,357
132.0,0.98891175,0.5023259999999999,2.157697878581269,False,0.04258517134293406,357
131.0,0.0,0.339535,2.157697878581269,False,0.034118219858398954,357
136.0,0.9829105,0.339535,1.9386320596921809,False,0.003130844758905784,357
68.0,0.0,0.306977,2.215498135178703,False,-0.04122274619620862,357
67.0,0.0,0.32093000000000005,2.215498135178703,False,-0.04122274619620862,357
50.0,0.9838128,0.325581,1.9386320596921809,False,-0.0679572807078169,357
53.0,0.98397,0.330233,1.9386320596921809,False,-0.0679572807078169,357
29.0,0.9938555,0.0,2.157697878581269,False,-0.09157346905252577,357
101.0,0.9360188,0.24186,2.297798892094936,False,-0.10313428645817396,357
97.0,0.0,0.237209,2.285662244534608,False,-0.12728755708467118,357
108.0,0.9905019,0.227907,2.285662244534608,False,-0.13834546036130613,357
129.0,0.95055187,0.0,2.297798892094936,False,-0.14735631148111317,357
54.0,0.9304288,0.0,2.297798892094936,False,-0.14914848033407468,357
171.0,0.0,0.139535,1.161473999410846,False,-0.14986852066121323,357
95.0,0.99249893,0.0,1.9386320596921809,False,-0.1529848212718087,357
19.0,0.99225426,0.0,2.157697878581269,False,-0.15463455790483946,357
18.0,0.9925939,0.0,2.157697878581269,False,-0.1583567293861231,357
285.0,0.9677081,0.26976700000000003,1.9386320596921809,False,-0.16537259899632792,357
100.0,0.0,0.15814,1.9386320596921809,False,-0.16571442934301053,357
63.0,0.0,0.15814,1.9386320596921809,False,-0.16571442934301053,357
293.0,0.0,0.18604700000000002,2.157697878581269,False,-0.1673641659760414,357
89.0,0.0,0.18139500000000003,2.1807742420903122,False,-0.1721484362116801,357
127.0,0.94037515,0.0,2.297798892094936,False,-0.17724164539423837,357
237.0,0.0,0.09302300000000001,1.9386320596921809,False,-0.18656270821463075,357
35.0,0.99110335,0.0,2.157697878581269,False,-0.19639730680229397,357
236.0,0.0,0.065116,1.9386320596921809,False,-0.19817244872959539,357
51.0,0.9831506,0.0,1.136951769255531,False,-0.20662595342308948,357
59.0,0.9809357,0.0,1.136951769255531,False,-0.20662595342308948,357
38.0,0.97808325,0.0,1.136951769255531,False,-0.20662595342308948,357
115.0,0.98375446,0.0,1.161473999410846,False,-0.21511970511512046,357
160.0,0.9748241,0.0,1.161473999410846,False,-0.21511970511512046,357
198.0,0.9826759,0.0,1.161473999410846,False,-0.21511970511512046,357
114.0,0.98327684,0.0,1.161473999410846,False,-0.21511970511512046,357
12.0,0.99017876,0.0,2.157697878581269,False,-0.21693871919497534,357
288.0,0.9688928,0.0,1.161473999410846,False,-0.21784820645469888,357
289.0,0.9706521,0.0,1.161473999410846,False,-0.21784820645469888,357
212.0,0.9675025,0.0,1.161473999410846,False,-0.21784820645469888,357
269.0,0.9730542,0.0,1.161473999410846,False,-0.21784820645469888,357
207.0,0.97249603,0.0,1.161473999410846,False,-0.21784820645469888,357
126.0,0.9227898,0.0,1.9217833462250484,False,-0.22786478376923458,357
80.0,0.9225857,0.0,1.9217833462250484,False,-0.22786478376923458,357
246.0,0.0,0.055814,1.9386320596921809,False,-0.2287930654731451,357
262.0,0.0,0.04186,1.9386320596921809,False,-0.2287930654731451,357
23.0,0.97656333,0.0,2.157697878581269,False,-0.23261535042994863,357
3.0,0.97721064,0.0,2.157697878581269,False,-0.23261535042994863,357
82.0,0.9734318,0.0,2.157697878581269,False,-0.23261535042994863,357
10.0,0.9795196,0.0,2.157697878581269,False,-0.23261535042994863,357
21.0,0.9805512,0.0,2.157697878581269,False,-0.23261535042994863,357
180.0,0.9655926,0.0,1.9386320596921809,False,-0.2336941151364963,357
258.0,0.9660746,0.0,1.9386320596921809,False,-0.2336941151364963,357
217.0,0.96543884,0.0,1.9386320596921809,False,-0.2336941151364963,357
225.0,0.9461678,0.0,1.9386320596921809,False,-0.2336941151364963,357
42.0,0.94842637,0.0,2.215498135178703,False,-0.2336941151364963,357
176.0,0.9490961,0.0,1.9386320596921809,False,-0.2336941151364963,357
260.0,0.95036185,0.0,1.9386320596921809,False,-0.2336941151364963,357
158.0,0.9490533,0.0,1.9386320596921809,False,-0.2336941151364963,357
98.0,0.97050226,0.0,2.157697878581269,False,-0.23534385176952705,357
13.0,0.9730221,0.0,2.157697878581269,False,-0.23534385176952705,357
277.0,0.94237626,0.0,1.9386320596921809,False,-0.2635794490496216,357
37.0,0.94113576,0.0,1.9386320596921809,False,-0.2635794490496216,357
179.0,0.93893147,0.0,1.9386320596921809,False,-0.2635794490496216,357
94.0,0.942453,0.0,1.9386320596921809,False,-0.2635794490496216,357
97.0,1.0,1.0,1.5995926238141338,True,0.7541833390186062,406
58.0,0.9999998,1.0,1.8135563325680533,False,0.6458325021455293,406
309.0,1.0000002,1.0,1.8493989972499767,False,0.5614560176035833,406
70.0,1.0,1.0,1.4984787044259076,False,0.5573327100147883,406
110.0,1.0000002,1.0,1.4662241168647028,False,0.5505720220892716,406
64.0,1.0000001,1.0,1.487687698171753,False,0.5481022786408823,406
65.0,1.0000002,1.0,1.487687698171753,False,0.5481022786408823,406
71.0,1.0000002,1.0,1.3946403593770444,False,0.547753028851566,406
299.0,1.0,1.0,1.761348378731563,False,0.5411342422261864,406
302.0,1.0,1.0,1.761348378731563,False,0.5411342422261864,406
307.0,1.0000002,1.0,1.761348378731563,False,0.5411342422261864,406
114.0,1.0000001,1.0,1.4705624280596326,False,0.5390793616415038,406
115.0,1.0000002,1.0,1.4705624280596326,False,0.5390793616415038,406
304.0,0.9984892,0.7209300000000001,1.761348378731563,False,0.44646546390570985,406
111.0,1.0000002,1.0,1.6069280927159726,False,0.4148269390410547,406
109.0,0.9957278,0.7488370000000001,1.3946403593770444,False,0.39254261141320135,406
300.0,0.9954728,0.739535,1.761348378731563,False,0.38592382478782183,406
308.0,0.99456406,0.7488370000000001,1.761348378731563,False,0.38592382478782183,406
306.0,0.9958091,0.6976739999999999,1.761348378731563,False,0.38592382478782183,406
301.0,0.99688697,0.734884,1.761348378731563,False,0.36483203582928103,406
142.0,0.0,0.390698,1.8135563325680533,False,0.33169156073259876,406
305.0,0.99233466,0.706977,1.761348378731563,False,0.280294745780711,406
15.0,0.0,0.6,1.8493989972499767,False,0.22007532131019056,406
25.0,0.0,0.604651,1.8493989972499767,False,0.22007532131019056,406
303.0,0.99327904,0.47906999999999994,1.761348378731563,False,0.19915746056523062,406
1.0,0.9873855,0.6,1.8493989972499767,False,0.1933407867985823,406
8.0,0.98711973,0.5906980000000001,1.8493989972499767,False,0.1933407867985823,406
24.0,0.98632044,0.613953,1.8493989972499767,False,0.1933407867985823,406
18.0,0.0,0.539535,1.8493989972499767,False,0.18766939151453962,406
28.0,0.0,0.534884,1.8493989972499767,False,0.18766939151453962,406
295.0,0.0,0.38604700000000003,1.4662241168647028,False,0.18413576004185694,406
75.0,0.0,0.395349,1.487687698171753,False,0.18166601659346768,406
81.0,0.0,0.35814,1.4662241168647028,False,0.1535437434155277,406
74.0,0.0,0.35814,1.487687698171753,False,0.15107399996713844,406
7.0,0.9886234,0.595349,1.8493989972499767,False,0.1487149373092048,406
6.0,0.9888451,0.5906980000000001,1.8493989972499767,False,0.1487149373092048,406
66.0,0.98568213,0.34883699999999995,1.3946403593770444,False,0.12499292926105751,406
124.0,0.0,0.311628,1.4984787044259076,False,0.0057395492183147535,406
68.0,0.0,0.306977,1.487687698171753,False,-0.02194400374188484,406
67.0,0.0,0.32093000000000005,1.487687698171753,False,-0.02194400374188484,406
107.0,0.0,0.237209,1.6069280927159726,False,-0.05471884867635014,406
102.0,0.0,0.218605,1.6069280927159726,False,-0.05471884867635014,406
101.0,0.0,0.237209,1.6069280927159726,False,-0.05471884867635014,406
77.0,0.0,0.21395299999999998,1.6069280927159726,False,-0.05471884867635014,406
76.0,0.91547763,0.209302,1.6069280927159726,False,-0.05471884867635014,406
130.0,0.94527483,0.0,1.6069280927159726,False,-0.12269853446983583,406
127.0,0.92224,0.0,1.6069280927159726,False,-0.12449070332279742,406
117.0,0.0,0.23255800000000001,1.487687698171753,False,-0.14643568688868677,406
132.0,0.93748206,0.0,1.6069280927159726,False,-0.1525838683829611,406
311.0,0.9852397,0.0,1.8493989972499767,False,-0.15780407008716307,406
30.0,0.98418,0.0,1.8493989972499767,False,-0.15780407008716307,406
12.0,0.9842589,0.0,1.8493989972499767,False,-0.15780407008716307,406
26.0,0.98623216,0.0,1.8493989972499767,False,-0.15780407008716307,406
171.0,0.0,0.037209,1.4705624280596326,False,-0.16349564097006813,406
177.0,0.98327684,0.0,1.4705624280596326,False,-0.16566818929384092,406
212.0,0.9828211,0.0,1.4705624280596326,False,-0.16566818929384092,406
198.0,0.975067,0.0,1.4705624280596326,False,-0.16566818929384092,406
289.0,0.97423077,0.0,1.4705624280596326,False,-0.16566818929384092,406
288.0,0.9777821,0.0,1.4705624280596326,False,-0.16566818929384092,406
160.0,0.97622406,0.0,1.4705624280596326,False,-0.16566818929384092,406
207.0,0.9778217,0.0,1.4705624280596326,False,-0.16566818929384092,406
262.0,0.97597194,0.0,1.4705624280596326,False,-0.16566818929384092,406
250.0,0.97607225,0.0,1.4705624280596326,False,-0.16566818929384092,406
105.0,0.9714818,0.0,1.4705624280596326,False,-0.16839669063341933,406
191.0,0.9726083,0.0,1.4705624280596326,False,-0.16839669063341933,406
131.0,0.94485146,0.218605,1.3946403593770444,False,-0.1752452589343461,406
129.0,0.94839346,0.0,1.4984787044259076,False,-0.19492593319177548,406
54.0,0.9304288,0.0,1.4984787044259076,False,-0.19671810204473705,406
53.0,0.0,0.190698,1.5995926238141338,False,-0.19773664344993172,406
63.0,0.0,0.172093,1.5995926238141338,False,-0.19773664344993172,406
61.0,0.0,0.18139500000000003,1.5995926238141338,False,-0.19773664344993172,406
91.0,0.0,0.190698,1.5995926238141338,False,-0.19773664344993172,406
50.0,0.0,0.190698,1.5995926238141338,False,-0.19773664344993172,406
95.0,0.0,0.23255800000000001,1.5995926238141338,False,-0.19773664344993172,406
60.0,0.0,0.18604700000000002,1.5995926238141338,False,-0.19773664344993172,406
57.0,0.9844141,0.255814,1.8135563325680533,False,-0.20845626823018942,406
19.0,0.9490862,0.0,1.487687698171753,False,-0.21441537268217248,406
89.0,0.96780396,0.0,1.487687698171753,False,-0.21441537268217248,406
21.0,0.95300364,0.0,1.487687698171753,False,-0.21441537268217248,406
10.0,0.94785225,0.0,1.487687698171753,False,-0.21441537268217248,406
42.0,0.94842637,0.0,1.487687698171753,False,-0.21441537268217248,406
123.0,0.95213014,0.0,1.487687698171753,False,-0.21441537268217248,406
59.0,0.9809357,0.0,1.761348378731563,False,-0.21865490775728996,406
51.0,0.98806286,0.0,1.761348378731563,False,-0.21865490775728996,406
38.0,0.97808325,0.0,1.761348378731563,False,-0.21865490775728996,406
312.0,0.97803783,0.0,1.761348378731563,False,-0.21865490775728996,406
313.0,0.97919947,0.0,1.761348378731563,False,-0.21865490775728996,406
314.0,0.9788651,0.0,1.761348378731563,False,-0.21865490775728996,406
80.0,0.9225857,0.0,1.4662241168647028,False,-0.21964037530766045,406
126.0,0.9227898,0.0,1.4662241168647028,False,-0.21964037530766045,406
108.0,0.9905019,0.227907,1.8135563325680533,False,-0.22258450319308545,406
293.0,0.9375015,0.0,1.487687698171753,False,-0.24430070659529773,406
141.0,0.96193403,0.0,1.5995926238141338,False,-0.2739104427132201,406
257.0,0.96054256,0.0,1.5995926238141338,False,-0.2739104427132201,406
279.0,0.9711032,0.0,1.5995926238141338,False,-0.2739104427132201,406
5.0,0.9555752,0.0,1.5995926238141338,False,-0.2739104427132201,406
275.0,0.9605508,0.0,1.5995926238141338,False,-0.2739104427132201,406
125.0,0.9608599,0.0,1.5995926238141338,False,-0.2739104427132201,406
147.0,0.9567311,0.0,1.5995926238141338,False,-0.2739104427132201,406
187.0,0.9554015,0.0,1.5995926238141338,False,-0.2739104427132201,406
261.0,0.9574933,0.0,1.5995926238141338,False,-0.2739104427132201,406
96.0,0.9888646,0.237209,1.8135563325680533,True,-0.2828869839174363,406
52.0,0.98900616,0.0,1.8135563325680533,False,-0.32140363385973536,406
105.0,1.0000002,1.0,2.1658250249314452,False,0.8079616988657915,37
88.0,1.0,1.0,2.402550373745264,False,0.750525032822039,37
66.0,1.0,1.0,3.0316666751145145,False,0.7110072663934979,37
116.0,1.0000001,1.0,2.3212212334718387,False,0.6925841507003524,37
274.0,1.0000001,1.0,2.3212212334718387,False,0.6925841507003524,37
171.0,1.0000005,1.0,2.3212212334718387,False,0.6925841507003524,37
124.0,0.99999964,1.0,2.7133973770935294,False,0.629368036043911,37
87.0,0.9944171,0.637209,2.402550373745264,False,0.5953146153836744,37
134.0,1.0000002,1.0,1.7419350571506071,False,0.5654143780624082,37
143.0,1.0,1.0,1.7419350571506071,False,0.5654143780624082,37
136.0,0.99999994,1.0,1.7419350571506071,False,0.5654143780624082,37
156.0,1.0000002,1.0,1.7419350571506071,False,0.5654143780624082,37
168.0,1.0000001,1.0,1.7419350571506071,False,0.5654143780624082,37
174.0,0.99999994,1.0,1.7419350571506071,False,0.5654143780624082,37
189.0,1.0000001,1.0,1.7419350571506071,False,0.5654143780624082,37
101.0,1.0000002,1.0,1.823914760047799,False,0.5584463416477123,37
65.0,1.0000002,1.0,1.4070155270767797,False,0.5544879811888875,37
70.0,1.0,1.0,1.4070155270767797,False,0.5544879811888875,37
62.0,1.0000002,1.0,1.4070155270767797,False,0.5544879811888875,37
79.0,1.0,1.0,1.4070155270767797,False,0.5544879811888875,37
57.0,1.0,1.0,1.4070155270767797,False,0.5544879811888875,37
61.0,1.0000001,1.0,1.4070155270767797,False,0.5544879811888875,37
55.0,1.0000002,1.0,1.4070155270767797,False,0.5544879811888875,37
141.0,1.0000002,1.0,1.4070155270767797,False,0.5544879811888875,37
84.0,1.0000002,1.0,1.4070155270767797,False,0.5544879811888875,37
69.0,1.0,1.0,1.4070155270767797,False,0.5544879811888875,37
64.0,1.0000001,1.0,1.4070155270767797,False,0.5544879811888875,37
41.0,1.0000001,1.0,1.3531530748370189,False,0.5204606371800339,37
14.0,1.0,1.0,1.3531530748370189,False,0.5204606371800339,37
123.0,1.0,1.0,1.3531530748370189,False,0.5204606371800339,37
45.0,1.0000001,1.0,1.3531530748370189,False,0.5204606371800339,37
18.0,1.0000001,1.0,1.3531530748370189,False,0.5204606371800339,37
22.0,1.0000001,1.0,1.3531530748370189,False,0.5204606371800339,37
13.0,1.0000002,1.0,1.3531530748370189,False,0.5204606371800339,37
2.0,1.0000005,1.0,1.3531530748370189,False,0.5204606371800339,37
21.0,1.0000002,1.0,1.3531530748370189,False,0.5204606371800339,37
38.0,1.0,1.0,1.3531530748370189,False,0.5204606371800339,37
29.0,1.0000001,1.0,1.3531530748370189,False,0.5204606371800339,37
24.0,1.0,1.0,1.3531530748370189,False,0.5204606371800339,37
90.0,0.99549013,0.5023259999999999,2.402550373745264,False,0.488269548412127,37
25.0,0.9999999,1.0,1.3531530748370189,False,0.4662565095047874,37
46.0,0.9999999,1.0,1.3531530748370189,False,0.4662565095047874,37
44.0,0.9999999,1.0,1.3531530748370189,False,0.4662565095047874,37
23.0,0.9999999,1.0,1.3531530748370189,False,0.4662565095047874,37
73.0,0.9999999,1.0,1.4070155270767797,False,0.44459163126147316,37
288.0,0.9999999,1.0,1.4070155270767797,False,0.44459163126147316,37
103.0,0.9999998,1.0,1.4070155270767797,False,0.44459163126147316,37
60.0,0.9999998,1.0,1.4070155270767797,False,0.44459163126147316,37
193.0,0.99999964,1.0,1.3531530748370189,False,0.4422046589788516,37
19.0,0.9999997,1.0,1.3531530748370189,False,0.4422046589788516,37
178.0,0.99999964,1.0,1.7419350571506071,False,0.43146617760905803,37
39.0,0.9949986,0.646512,1.3531530748370189,False,0.4209424419938372,37
56.0,0.99999964,1.0,1.4070155270767797,False,0.4205397807355373,37
59.0,0.99999964,1.0,1.4070155270767797,False,0.4205397807355373,37
76.0,0.99999976,1.0,1.4070155270767797,False,0.4205397807355373,37
78.0,0.9999994,1.0,1.4070155270767797,False,0.4205397807355373,37
289.0,0.9988797,0.7860469999999999,1.4070155270767797,False,0.4205397807355373,37
71.0,0.9946378,0.744186,1.4070155270767797,False,0.3992775637505229,37
77.0,0.9947618,0.702326,1.4070155270767797,False,0.3992775637505229,37
96.0,0.9971581,0.67907,1.4070155270767797,False,0.3781857747919821,37
10.0,0.9952851,0.967442,1.3531530748370189,False,0.35120261516886003,37
34.0,0.9954854,0.7860469999999999,1.3531530748370189,False,0.35120261516886003,37
40.0,0.9937335,0.581395,1.3531530748370189,False,0.3458908782839329,37
312.0,0.9934268,0.67907,1.3531530748370189,False,0.3178664047491457,37
310.0,0.9935137,0.665116,1.3531530748370189,False,0.3178664047491457,37
311.0,0.9930445,0.734884,1.3531530748370189,False,0.3178664047491457,37
109.0,0.9975029,0.87907,1.4070155270767797,False,0.30844594796700486,37
107.0,0.9917878,0.655814,1.4070155270767797,False,0.29364848474341204,37
118.0,0.9866842,0.48837200000000003,2.1658250249314452,False,0.2807296517851105,37
119.0,0.9857335,0.483721,2.1658250249314452,False,0.2807296517851105,37
313.0,0.9921954,0.6697669999999999,1.3531530748370189,False,0.2778103338827699,37
169.0,0.9928516,0.553488,1.7419350571506071,False,0.27155776830123274,37
314.0,0.9930229,0.8046510000000001,1.3531530748370189,False,0.24812657792416842,37
86.0,0.9836583,0.5162789999999999,2.402550373745264,False,0.24705864758697696,37
53.0,0.9923562,0.367442,1.4070155270767797,False,0.24030069074981747,37
102.0,0.9929564,0.474419,1.4070155270767797,False,0.20347576475767848,37
50.0,0.991111,0.372093,1.4070155270767797,False,0.19853794185236295,37
75.0,0.0,0.395349,1.4070155270767797,False,0.18905443273631653,37
35.0,0.99064916,0.581395,1.3531530748370189,False,0.18565192936708158,37
309.0,0.0,0.604651,1.3531530748370189,False,0.1761684202510352,37
43.0,0.0,0.5906980000000001,1.3531530748370189,False,0.1761684202510352,37
91.0,0.9881662,0.367442,1.4070155270767797,False,0.16231989822470827,37
224.0,0.9913431,0.395349,1.3531530748370189,False,0.16159907720790345,37
74.0,0.0,0.35814,1.4070155270767797,False,0.15846241610998732,37
8.0,0.0,0.409302,1.3531530748370189,False,0.1521155680918571,37
15.0,0.0,0.404651,1.3531530748370189,False,0.1521155680918571,37
298.0,0.0,0.544186,1.3531530748370189,False,0.14376249045538425,37
6.0,0.0,0.534884,1.3531530748370189,False,0.14376249045538425,37
82.0,0.0,0.497674,1.4070155270767797,False,0.1363598733532075,37
7.0,0.99141,0.497674,1.3531530748370189,False,0.13520503833912909,37
135.0,0.9751172,0.483721,1.7419350571506071,False,0.12055173571511998,37
83.0,0.9804255,0.530233,1.4070155270767797,False,0.10962533884159925,37
85.0,0.97653294,0.49302300000000004,1.4070155270767797,False,0.10962533884159925,37
28.0,0.0,0.46511600000000003,1.3531530748370189,False,0.09942100870874804,37
1.0,0.0,0.432558,1.3531530748370189,False,0.09942100870874804,37
9.0,0.0,0.469767,1.3531530748370189,False,0.09942100870874804,37
36.0,0.0,0.5255810000000001,1.3531530748370189,False,0.09942100870874804,37
11.0,0.0,0.469767,1.3531530748370189,False,0.09942100870874804,37
16.0,0.95704293,0.483721,1.3531530748370189,False,0.06995797285756128,37
192.0,0.9829105,0.339535,1.7419350571506071,False,0.05817480822104898,37
67.0,0.0,0.32093000000000005,1.4070155270767797,False,0.02497076109885032,37
120.0,0.0,0.297674,1.4070155270767797,False,0.02497076109885032,37
121.0,0.0,0.306977,1.4070155270767797,False,0.02497076109885032,37
68.0,0.0,0.306977,1.4070155270767797,False,0.02497076109885032,37
20.0,0.0,0.293023,1.4070155270767797,False,0.02497076109885032,37
104.0,0.9792446,0.306977,1.4070155270767797,False,-0.0017637734127579525,37
27.0,0.9798883,0.30232600000000004,1.4070155270767797,False,-0.0017637734127579525,37
30.0,0.97925276,0.293023,1.4070155270767797,False,-0.0017637734127579525,37
142.0,0.0,0.255814,1.4070155270767797,False,-0.06971605585008231,37
81.0,0.0,0.25116299999999997,1.4070155270767797,False,-0.08849219924202174,37
58.0,0.9844141,0.255814,1.4070155270767797,False,-0.09645059036169061,37
122.0,0.97049356,0.274419,1.4070155270767797,False,-0.09917909170126901,37
296.0,0.0,0.144186,1.4070155270767797,False,-0.09952092204795163,37
307.0,0.0,0.11627900000000001,1.4070155270767797,False,-0.09952092204795163,37
302.0,0.0,0.11627900000000001,1.4070155270767797,False,-0.09952092204795163,37
300.0,0.0,0.11627900000000001,1.4070155270767797,False,-0.09952092204795163,37
294.0,0.0,0.134884,1.4070155270767797,False,-0.09952092204795163,37
98.0,0.0,0.144186,1.4070155270767797,False,-0.09952092204795163,37
295.0,0.0,0.223256,1.4070155270767797,False,-0.09952092204795163,37
117.0,0.0,0.23255800000000001,1.4070155270767797,False,-0.09952092204795163,37
97.0,0.0,0.18604700000000002,1.4070155270767797,False,-0.09952092204795163,37
52.0,0.0,0.237209,1.4070155270767797,False,-0.09952092204795163,37
95.0,0.0,0.2,1.4070155270767797,False,-0.09952092204795163,37
49.0,0.0,0.223256,1.4070155270767797,False,-0.09952092204795163,37
47.0,0.0,0.134884,1.4070155270767797,False,-0.09952092204795163,37
12.0,0.9928945,0.0,1.3531530748370189,False,-0.10161864211405548,37
196.0,0.98414695,0.265116,1.7419350571506071,False,-0.10760013419460637,37
182.0,0.0,0.13023300000000002,1.7419350571506071,False,-0.11067046588086739,37
242.0,0.0,0.125581,1.7419350571506071,False,-0.11067046588086739,37
293.0,0.0,0.223256,1.823914760047799,False,-0.11763850229556325,37
111.0,0.0,0.237209,1.823914760047799,False,-0.11763850229556325,37
306.0,0.983858,0.134884,1.4070155270767797,False,-0.12625545655955991,37
190.0,0.9834119,0.17674399999999998,1.4070155270767797,False,-0.12625545655955991,37
308.0,0.98524225,0.125581,1.4070155270767797,False,-0.12625545655955991,37
305.0,0.98454905,0.12093,1.4070155270767797,False,-0.12625545655955991,37
301.0,0.98325205,0.13023300000000002,1.4070155270767797,False,-0.12625545655955991,37
304.0,0.98618394,0.11627900000000001,1.4070155270767797,False,-0.12625545655955991,37
108.0,0.9830961,0.237209,1.4070155270767797,False,-0.12625545655955991,37
100.0,0.0,0.15814,2.3212212334718387,False,-0.12855849471098255,37
177.0,0.0,0.139535,2.3212212334718387,False,-0.12855849471098255,37
80.0,0.91688174,0.11627900000000001,2.3212212334718387,False,-0.12855849471098255,37
290.0,0.0,0.09302300000000001,1.7419350571506071,False,-0.13151874475248757,37
31.0,0.0,0.08837199999999999,1.4070155270767797,False,-0.13197894143453645,37
125.0,0.0,0.12093,2.1658250249314452,False,-0.1376304890504195,37
236.0,0.0,0.08372099999999999,1.7419350571506071,False,-0.1431284852674522,37
26.0,0.0,0.08372099999999999,1.7419350571506071,False,-0.1431284852674522,37
237.0,0.0,0.074419,1.7419350571506071,False,-0.1431284852674522,37
249.0,0.0,0.074419,1.7419350571506071,False,-0.1431284852674522,37
128.0,0.0,0.139535,1.3531530748370189,False,-0.1448723680032561,37
129.0,0.0,0.148837,1.3531530748370189,False,-0.1448723680032561,37
89.0,0.95340204,0.237209,1.823914760047799,False,-0.14710153814674995,37
127.0,0.0,0.10697699999999999,2.3212212334718387,False,-0.1554367766018654,37
131.0,0.9019269,0.0,1.4070155270767797,False,-0.1625995581780862,37
112.0,0.9011507,0.0,1.4070155270767797,False,-0.1625995581780862,37
208.0,0.0,0.055814,1.4070155270767797,False,-0.1625995581780862,37
232.0,0.0,0.037209,1.4070155270767797,False,-0.1625995581780862,37
284.0,0.0,0.046512000000000005,1.4070155270767797,False,-0.1625995581780862,37
280.0,0.0,0.046512000000000005,1.4070155270767797,False,-0.1625995581780862,37
264.0,0.90791637,0.0,1.4070155270767797,False,-0.1625995581780862,37
106.0,0.97797346,0.162791,2.1658250249314452,True,-0.16436502356202773,37
115.0,0.97423077,0.0,1.4070155270767797,False,-0.16477210650185892,37
17.0,0.98055446,0.0,1.4070155270767797,False,-0.16477210650185892,37
303.0,0.98208547,0.0,1.4070155270767797,False,-0.16477210650185892,37
299.0,0.9857446,0.0,1.4070155270767797,False,-0.16477210650185892,37
114.0,0.9787046,0.0,1.4070155270767797,False,-0.16477210650185892,37
72.0,0.9734529,0.0,1.4070155270767797,False,-0.16477210650185892,37
99.0,0.97544575,0.0,1.4070155270767797,False,-0.16477210650185892,37
267.0,0.97346985,0.0,1.4070155270767797,False,-0.16477210650185892,37
230.0,0.97861993,0.0,1.4070155270767797,False,-0.16477210650185892,37
32.0,0.96582925,0.0,1.4070155270767797,False,-0.16750060784143733,37
238.0,0.96696764,0.0,1.4070155270767797,False,-0.16750060784143733,37
187.0,0.97205746,0.0,1.4070155270767797,False,-0.16750060784143733,37
195.0,0.9609076,0.0,1.4070155270767797,False,-0.16750060784143733,37
215.0,0.9610797,0.0,1.4070155270767797,False,-0.16750060784143733,37
257.0,0.9696941,0.0,1.4070155270767797,False,-0.16750060784143733,37
251.0,0.9676796,0.0,1.4070155270767797,False,-0.16750060784143733,37
275.0,0.9698999,0.0,1.4070155270767797,False,-0.16750060784143733,37
191.0,0.9705468,0.0,1.4070155270767797,False,-0.16750060784143733,37
166.0,0.96400523,0.0,1.4070155270767797,False,-0.16750060784143733,37
212.0,0.9703801,0.0,1.4070155270767797,False,-0.16750060784143733,37
42.0,0.94842637,0.0,1.4070155270767797,False,-0.16750060784143733,37
54.0,0.9304288,0.0,1.4070155270767797,False,-0.16929277669439885,37
51.0,0.9890313,0.18139500000000003,1.4070155270767797,False,-0.1708813060489374,37
277.0,0.85744,0.0,1.7419350571506071,False,-0.1737491020110019,37
48.0,0.9171023,0.0,1.7419350571506071,False,-0.1737491020110019,37
204.0,0.91949034,0.0,1.7419350571506071,False,-0.1737491020110019,37
287.0,0.9150954,0.0,1.7419350571506071,False,-0.1737491020110019,37
219.0,0.0,0.051163,1.7419350571506071,False,-0.1737491020110019,37
217.0,0.0,0.032558,1.7419350571506071,False,-0.1737491020110019,37
181.0,0.88071793,0.0,1.7419350571506071,False,-0.1737491020110019,37
149.0,0.85699344,0.0,1.7419350571506071,False,-0.1737491020110019,37
266.0,0.88045895,0.0,1.7419350571506071,False,-0.1737491020110019,37
265.0,0.87856233,0.0,1.7419350571506071,False,-0.1737491020110019,37
210.0,0.9764488,0.0,1.7419350571506071,False,-0.1759216503347747,37
158.0,0.9494319,0.0,1.7419350571506071,False,-0.1786501516743531,37
94.0,0.95105046,0.0,1.7419350571506071,False,-0.1786501516743531,37
234.0,0.95929116,0.0,1.7419350571506071,False,-0.1786501516743531,37
218.0,0.96103275,0.0,1.7419350571506071,False,-0.1786501516743531,37
180.0,0.9682223,0.0,1.7419350571506071,False,-0.1786501516743531,37
176.0,0.95541716,0.0,1.7419350571506071,False,-0.1786501516743531,37
235.0,0.9711694,0.0,1.7419350571506071,False,-0.1786501516743531,37
207.0,0.94931924,0.0,1.7419350571506071,False,-0.1786501516743531,37
198.0,0.9680493,0.0,1.7419350571506071,False,-0.1786501516743531,37
281.0,0.9492211,0.0,1.7419350571506071,False,-0.1786501516743531,37
279.0,0.9552515,0.0,1.7419350571506071,False,-0.1786501516743531,37
202.0,0.9589006,0.0,1.7419350571506071,False,-0.1786501516743531,37
160.0,0.95413077,0.0,1.7419350571506071,False,-0.1786501516743531,37
184.0,0.9501697,0.0,1.7419350571506071,False,-0.1786501516743531,37
93.0,0.9515203,0.0,1.7419350571506071,False,-0.1786501516743531,37
147.0,0.9701893,0.0,1.7419350571506071,False,-0.1786501516743531,37
260.0,0.94696295,0.0,1.7419350571506071,False,-0.1786501516743531,37
165.0,0.9658772,0.0,1.7419350571506071,False,-0.1786501516743531,37
225.0,0.94596064,0.0,1.7419350571506071,False,-0.1786501516743531,37
269.0,0.9464797,0.0,1.7419350571506071,False,-0.1786501516743531,37
256.0,0.9527199,0.0,1.7419350571506071,False,-0.1786501516743531,37
161.0,0.956396,0.032558,1.7419350571506071,False,-0.1786501516743531,37
261.0,0.94677716,0.0,1.7419350571506071,False,-0.1786501516743531,37
188.0,0.95241356,0.0,1.7419350571506071,False,-0.1786501516743531,37
37.0,0.9239141,0.0,1.7419350571506071,False,-0.18044232052731463,37
110.0,0.8834345,0.0,2.3212212334718387,False,-0.19766713386037973,37
132.0,0.88582426,0.0,2.3212212334718387,False,-0.19766713386037973,37
262.0,0.0,0.04186,2.3212212334718387,False,-0.19766713386037973,37
130.0,0.9040585,0.0,2.3212212334718387,False,-0.19766713386037973,37
246.0,0.0,0.055814,2.3212212334718387,False,-0.19766713386037973,37
291.0,0.97518677,0.0,2.3212212334718387,False,-0.19983968218415246,37
221.0,0.97003806,0.0,2.3212212334718387,False,-0.20256818352373088,37
206.0,0.96910363,0.0,2.3212212334718387,False,-0.20256818352373088,37
200.0,0.96828747,0.0,2.3212212334718387,False,-0.20256818352373088,37
258.0,0.9660746,0.0,2.3212212334718387,False,-0.20256818352373088,37
273.0,0.96881664,0.0,2.3212212334718387,False,-0.20256818352373088,37
126.0,0.9245833,0.0,2.3212212334718387,False,-0.20436035237669245,37
248.0,0.0,0.037209,1.3531530748370189,False,-0.2079510041333906,37
185.0,0.0,0.046512000000000005,1.3531530748370189,False,-0.2079510041333906,37
282.0,0.9348531,0.0,1.7419350571506071,False,-0.20853548558747836,37
239.0,0.94418746,0.0,1.7419350571506071,False,-0.20853548558747836,37
3.0,0.97721064,0.0,1.3531530748370189,False,-0.21012355245716333,37
175.0,0.9786384,0.0,1.3531530748370189,False,-0.21012355245716333,37
268.0,0.9782693,0.0,1.3531530748370189,False,-0.21012355245716333,37
197.0,0.97245276,0.0,1.3531530748370189,False,-0.21285205379674174,37
33.0,0.9726542,0.0,1.3531530748370189,False,-0.21285205379674174,37
153.0,0.97236115,0.0,1.3531530748370189,False,-0.21285205379674174,37
285.0,0.9677081,0.26976700000000003,2.3212212334718387,False,-0.27432947094235904,37
92.0,0.0,0.060465,2.402550373745264,False,-0.2858390583167522,37
67.0,0.99999994,1.0,1.4160731647345355,False,0.767475583663679,60
68.0,0.9987775,0.790698,1.4160731647345355,False,0.6335273832103289,60
64.0,1.0000001,1.0,1.6719576723779614,False,0.5654143780624082,60
2.0,1.0000005,1.0,1.665038020435804,False,0.5628248198794262,60
13.0,1.0000002,1.0,1.665038020435804,False,0.5628248198794262,60
123.0,1.0,1.0,1.665038020435804,False,0.5628248198794262,60
168.0,1.0000001,1.0,1.665038020435804,False,0.5628248198794262,60
14.0,1.0,1.0,1.665038020435804,False,0.5628248198794262,60
45.0,1.0000001,1.0,1.665038020435804,False,0.5628248198794262,60
41.0,1.0000001,1.0,1.665038020435804,False,0.5628248198794262,60
21.0,1.0000002,1.0,1.665038020435804,False,0.5628248198794262,60
18.0,1.0000001,1.0,1.665038020435804,False,0.5628248198794262,60
38.0,1.0,1.0,1.665038020435804,False,0.5628248198794262,60
22.0,1.0000001,1.0,1.665038020435804,False,0.5628248198794262,60
29.0,1.0000001,1.0,1.665038020435804,False,0.5628248198794262,60
24.0,1.0,1.0,1.665038020435804,False,0.5628248198794262,60
1.0,1.0000004,1.0,1.1246781530823233,False,0.5603423859706593,60
116.0,1.0000001,1.0,1.776067583814481,False,0.5544879811888875,60
171.0,1.0000005,1.0,1.776067583814481,False,0.5544879811888875,60
274.0,1.0000001,1.0,1.776067583814481,False,0.5544879811888875,60
105.0,1.0000002,1.0,1.3179747443398497,False,0.5436039856745758,60
65.0,1.0000002,1.0,1.2945053812456575,False,0.5428558324387454,60
88.0,1.0,1.0,1.6925597275018613,False,0.5295232709166695,60
42.0,1.0000002,1.0,1.8510388094235992,False,0.5130096661207,60
40.0,0.99999994,1.0,1.8510388094235992,False,0.5130096661207,60
298.0,1.0,1.0,1.8510388094235992,False,0.5130096661207,60
43.0,1.0000001,1.0,1.8510388094235992,False,0.5130096661207,60
46.0,0.9999999,1.0,1.665038020435804,False,0.45292846995201186,60
44.0,0.9999999,1.0,1.665038020435804,False,0.45292846995201186,60
23.0,0.9999999,1.0,1.665038020435804,False,0.45292846995201186,60
25.0,0.9999999,1.0,1.665038020435804,False,0.45292846995201186,60
193.0,0.99999964,1.0,1.665038020435804,False,0.428876619426076,60
19.0,0.9990314,0.9767440000000001,1.665038020435804,False,0.428876619426076,60
6.0,0.9985262,0.809302,1.1246781530823233,False,0.42639418551730923,60
39.0,0.9999998,1.0,1.8510388094235992,False,0.4257827781145391,60
3.0,0.99999964,1.0,1.8510388094235992,False,0.40173092758860324,60
313.0,0.9945971,0.711628,1.8510388094235992,False,0.38046871060358883,60
311.0,0.9953525,0.637209,1.8510388094235992,False,0.38046871060358883,60
312.0,0.99435747,0.581395,1.8510388094235992,False,0.35117376876917245,60
34.0,0.9944172,0.613953,1.8510388094235992,False,0.35117376876917245,60
87.0,0.9944171,0.637209,1.6925597275018613,False,0.34954447803784233,60
10.0,0.9952851,0.967442,1.665038020435804,False,0.33787457561608436,60
36.0,0.9939023,0.711628,1.8510388094235992,False,0.3357148023229448,60
310.0,0.9935137,0.665116,1.665038020435804,False,0.3278931051900177,60
314.0,0.9930229,0.8046510000000001,1.665038020435804,False,0.25815327836504065,60
7.0,0.99127173,0.660465,1.1246781530823233,False,0.25774014062772943,60
8.0,0.9912697,0.6418600000000001,1.1246781530823233,False,0.25774014062772943,60
90.0,0.99549013,0.5023259999999999,1.6925597275018613,False,0.24350212466113882,60
12.0,0.99168813,0.539535,1.1246781530823233,False,0.23780201789511657,60
35.0,0.99064916,0.581395,1.665038020435804,False,0.23092763270207992,60
309.0,0.0,0.604651,1.665038020435804,False,0.22144412358603346,60
224.0,0.9913431,0.395349,1.665038020435804,False,0.2068747805429018,60
32.0,0.0,0.623256,1.8510388094235992,False,0.20475493931469163,60
33.0,0.0,0.581395,1.8510388094235992,False,0.20475493931469163,60
75.0,0.0,0.395349,1.6719576723779614,False,0.19998082960983726,60
15.0,0.0,0.404651,1.665038020435804,False,0.19739127142685534,60
74.0,0.0,0.35814,1.6719576723779614,False,0.16938881298350808,60
28.0,0.0,0.46511600000000003,1.665038020435804,False,0.14469671204374632,60
11.0,0.0,0.469767,1.665038020435804,False,0.14469671204374632,60
9.0,0.0,0.469767,1.665038020435804,False,0.14469671204374632,60
135.0,0.9751172,0.483721,1.665038020435804,False,0.117962177532138,60
16.0,0.95704293,0.483721,1.665038020435804,False,0.1152336761925596,60
118.0,0.9866842,0.48837200000000003,1.3179747443398497,False,0.09773862973244381,60
119.0,0.9857335,0.483721,1.3179747443398497,False,0.09773862973244381,60
86.0,0.9836583,0.5162789999999999,1.6925597275018613,False,0.059892253128918736,60
124.0,0.98032,0.30232600000000004,1.6719576723779614,True,-0.012913317245673694,60
285.0,0.9677081,0.26976700000000003,1.776067583814481,False,-0.09917909170126901,60
177.0,0.0,0.139535,1.776067583814481,False,-0.09952092204795163,60
100.0,0.0,0.15814,1.776067583814481,False,-0.09952092204795163,60
80.0,0.91688174,0.11627900000000001,1.776067583814481,False,-0.09952092204795163,60
30.0,0.0,0.162791,1.665038020435804,False,-0.10890639415303678,60
296.0,0.0,0.2,1.665038020435804,False,-0.10890639415303678,60
20.0,0.0,0.15814,1.665038020435804,False,-0.10890639415303678,60
129.0,0.0,0.148837,1.665038020435804,False,-0.10890639415303678,60
31.0,0.0,0.16744199999999998,1.665038020435804,False,-0.10890639415303678,60
293.0,0.0,0.134884,1.665038020435804,False,-0.10890639415303678,60
128.0,0.0,0.139535,1.665038020435804,False,-0.10890639415303678,60
69.0,0.0,0.13023300000000002,1.665038020435804,False,-0.10890639415303678,60
27.0,0.0,0.134884,1.665038020435804,False,-0.10890639415303678,60
70.0,0.0,0.111628,1.776067583814481,False,-0.11004019225409493,60
117.0,0.0,0.23255800000000001,1.6719576723779614,False,-0.11067046588086739,60
101.0,0.0,0.274419,1.2945053812456575,False,-0.11595974209249445,60
127.0,0.0,0.10697699999999999,1.776067583814481,False,-0.12036920091957182,60
81.0,0.0,0.102326,1.776067583814481,False,-0.12036920091957182,60
109.0,0.0,0.10697699999999999,1.776067583814481,False,-0.12036920091957182,60
66.0,0.94341636,0.227907,1.6719576723779614,False,-0.1454568494573438,60
107.0,0.0,0.209302,1.2945053812456575,False,-0.14576460829036375,60
71.0,0.0,0.209302,1.2945053812456575,False,-0.14576460829036375,60
76.0,0.0,0.209302,1.2945053812456575,False,-0.14576460829036375,60
26.0,0.9904927,0.0,1.1246781530823233,False,-0.1514351839549163,60
125.0,0.0,0.12093,1.3179747443398497,False,-0.15683655707590907,60
110.0,0.8834345,0.0,1.776067583814481,False,-0.1625995581780862,60
132.0,0.88582426,0.0,1.776067583814481,False,-0.1625995581780862,60
114.0,0.0,0.037209,1.776067583814481,False,-0.1625995581780862,60
111.0,0.8699353,0.0,1.776067583814481,False,-0.1625995581780862,60
115.0,0.0,0.04186,1.776067583814481,False,-0.1625995581780862,60
246.0,0.0,0.055814,1.776067583814481,False,-0.1625995581780862,60
130.0,0.9040585,0.0,1.776067583814481,False,-0.1625995581780862,60
262.0,0.0,0.04186,1.776067583814481,False,-0.1625995581780862,60
108.0,0.97537357,0.0,1.776067583814481,False,-0.16477210650185892,60
91.0,0.9752037,0.0,1.776067583814481,False,-0.16477210650185892,60
291.0,0.97518677,0.0,1.776067583814481,False,-0.16477210650185892,60
95.0,0.9744293,0.0,1.776067583814481,False,-0.16477210650185892,60
176.0,0.9674438,0.0,1.776067583814481,False,-0.16750060784143733,60
200.0,0.96828747,0.0,1.776067583814481,False,-0.16750060784143733,60
180.0,0.9655926,0.0,1.776067583814481,False,-0.16750060784143733,60
217.0,0.96543884,0.0,1.776067583814481,False,-0.16750060784143733,60
96.0,0.96577084,0.0,1.776067583814481,False,-0.16750060784143733,60
58.0,0.9693429,0.0,1.776067583814481,False,-0.16750060784143733,60
258.0,0.9660746,0.0,1.776067583814481,False,-0.16750060784143733,60
221.0,0.97003806,0.0,1.776067583814481,False,-0.16750060784143733,60
273.0,0.96881664,0.0,1.776067583814481,False,-0.16750060784143733,60
206.0,0.96910363,0.0,1.776067583814481,False,-0.16750060784143733,60
288.0,0.9720267,0.0,1.776067583814481,False,-0.16750060784143733,60
142.0,0.96711195,0.0,1.776067583814481,False,-0.16750060784143733,60
289.0,0.96983236,0.0,1.776067583814481,False,-0.16750060784143733,60
126.0,0.9245833,0.0,1.776067583814481,False,-0.16929277669439885,60
102.0,0.9594641,0.0,1.6719576723779614,False,-0.1786501516743531,60
77.0,0.9644271,0.0,1.6719576723779614,False,-0.1786501516743531,60
61.0,0.0,0.051163,1.665038020435804,False,-0.1801791437529739,60
149.0,0.85699344,0.0,1.665038020435804,False,-0.1801791437529739,60
181.0,0.88071793,0.0,1.665038020435804,False,-0.1801791437529739,60
112.0,0.85789764,0.0,1.665038020435804,False,-0.1801791437529739,60
185.0,0.0,0.046512000000000005,1.665038020435804,False,-0.1801791437529739,60
287.0,0.87216204,0.0,1.665038020435804,False,-0.1801791437529739,60
60.0,0.0,0.037209,1.665038020435804,False,-0.1801791437529739,60
265.0,0.87856233,0.0,1.665038020435804,False,-0.1801791437529739,60
266.0,0.88045895,0.0,1.665038020435804,False,-0.1801791437529739,60
277.0,0.85744,0.0,1.665038020435804,False,-0.1801791437529739,60
248.0,0.0,0.037209,1.665038020435804,False,-0.1801791437529739,60
182.0,0.86486244,0.0,1.665038020435804,False,-0.1801791437529739,60
47.0,0.97398025,0.0,1.665038020435804,False,-0.18235169207674662,60
82.0,0.9734318,0.0,1.665038020435804,False,-0.18235169207674662,60
175.0,0.9786384,0.0,1.665038020435804,False,-0.18235169207674662,60
72.0,0.9740269,0.0,1.665038020435804,False,-0.18235169207674662,60
268.0,0.9782693,0.0,1.665038020435804,False,-0.18235169207674662,60
106.0,0.97797346,0.162791,1.3179747443398497,False,-0.18357109158751736,60
84.0,0.9691748,0.0,1.665038020435804,False,-0.18508019341632503,60
153.0,0.9706416,0.0,1.665038020435804,False,-0.18508019341632503,60
120.0,0.96957326,0.0,1.665038020435804,False,-0.18508019341632503,60
37.0,0.9570348,0.0,1.665038020435804,False,-0.18508019341632503,60
56.0,0.9603458,0.0,1.665038020435804,False,-0.18508019341632503,60
267.0,0.9730605,0.0,1.665038020435804,False,-0.18508019341632503,60
230.0,0.9718922,0.0,1.665038020435804,False,-0.18508019341632503,60
197.0,0.97245276,0.0,1.665038020435804,False,-0.18508019341632503,60
98.0,0.97050226,0.0,1.665038020435804,False,-0.18508019341632503,60
89.0,0.96780396,0.0,1.2945053812456575,False,-0.22193840755365205,60
85.0,0.97433794,0.0,1.3179747443398497,False,-0.22208774152981636,60
83.0,0.971015,0.0,1.3179747443398497,False,-0.22481624286939478,60
299.0,0.9719918,0.0,1.3179747443398497,False,-0.22481624286939478,60
92.0,0.0,0.060465,1.6925597275018613,False,-0.2426026980670057,60
121.0,0.0,0.060465,1.6925597275018613,False,-0.2426026980670057,60
67.0,0.99999994,1.0,2.176641028144471,False,0.7812612040477935,7
64.0,1.0000001,1.0,1.7672876606124344,False,0.7703772085334817,7
106.0,1.0000002,1.0,2.402550373745264,False,0.750525032822039,7
65.0,1.0000002,1.0,2.2311910074170602,False,0.7140000335388466,7
68.0,0.9987775,0.790698,2.176641028144471,False,0.6473130035944435,7
13.0,1.0000002,1.0,1.5156813974345618,False,0.5424903540416518,7
123.0,1.0,1.0,1.5156813974345618,False,0.5424903540416518,7
45.0,1.0000001,1.0,1.5156813974345618,False,0.5424903540416518,7
168.0,1.0000001,1.0,1.5156813974345618,False,0.5424903540416518,7
14.0,1.0,1.0,1.5156813974345618,False,0.5424903540416518,7
18.0,1.0000001,1.0,1.5156813974345618,False,0.5424903540416518,7
38.0,1.0,1.0,1.5156813974345618,False,0.5424903540416518,7
21.0,1.0000002,1.0,1.5156813974345618,False,0.5424903540416518,7
41.0,1.0000001,1.0,1.5156813974345618,False,0.5424903540416518,7
2.0,1.0000005,1.0,1.5156813974345618,False,0.5424903540416518,7
22.0,1.0000001,1.0,1.5156813974345618,False,0.5424903540416518,7
24.0,1.0,1.0,1.5156813974345618,False,0.5424903540416518,7
29.0,1.0000001,1.0,1.5156813974345618,False,0.5424903540416518,7
105.0,1.0000002,1.0,2.1042820576625,False,0.49696837131689964,7
1.0,1.0000004,1.0,2.0393732897056265,False,0.48551067667714565,7
23.0,0.9999999,1.0,1.5156813974345618,False,0.43259400411423743,7
25.0,0.9999999,1.0,1.5156813974345618,False,0.43259400411423743,7
46.0,0.9999999,1.0,1.5156813974345618,False,0.43259400411423743,7
44.0,0.9999999,1.0,1.5156813974345618,False,0.43259400411423743,7
19.0,0.9990314,0.9767440000000001,1.5156813974345618,False,0.4085421535883016,7
193.0,0.99999964,1.0,1.5156813974345618,False,0.4085421535883016,7
39.0,0.9949986,0.646512,1.5156813974345618,False,0.3872799366032872,7
124.0,0.99999964,1.0,1.6925597275018613,False,0.37080669502285674,7
6.0,0.9985262,0.809302,2.0393732897056265,False,0.35156247622379533,7
75.0,0.0,0.395349,2.1894812002126276,False,0.350977006743014,7
125.0,0.0,0.372093,2.402550373745264,False,0.3264877414816943,7
10.0,0.9952851,0.967442,1.5156813974345618,False,0.31754010977830993,7
34.0,0.9954854,0.7860469999999999,1.5156813974345618,False,0.31754010977830993,7
40.0,0.9937335,0.581395,1.5156813974345618,False,0.312228372893383,7
310.0,0.9935137,0.665116,1.5156813974345618,False,0.30755863935224315,7
312.0,0.9934268,0.67907,1.5156813974345618,False,0.30755863935224315,7
311.0,0.9930445,0.734884,1.5156813974345618,False,0.30755863935224315,7
313.0,0.9921954,0.6697669999999999,1.5156813974345618,False,0.2816508575961763,7
74.0,0.0,0.35814,2.1894812002126276,False,0.2806095576498526,7
314.0,0.9930229,0.8046510000000001,1.5156813974345618,False,0.23781881252726617,7
35.0,0.99064916,0.581395,1.5156813974345618,False,0.20959045326946174,7
309.0,0.0,0.604651,1.5156813974345618,False,0.20010694415341534,7
43.0,0.0,0.5906980000000001,1.5156813974345618,False,0.20010694415341534,7
224.0,0.9913431,0.395349,1.5156813974345618,False,0.18553760111028353,7
7.0,0.99127173,0.660465,2.0393732897056265,False,0.18290843133421575,7
8.0,0.9912697,0.6418600000000001,2.0393732897056265,False,0.18290843133421575,7
15.0,0.0,0.404651,1.5156813974345618,False,0.17605409199423716,7
298.0,0.0,0.544186,1.5156813974345618,False,0.16770101435776436,7
12.0,0.99168813,0.539535,2.0393732897056265,False,0.16196759500675917,7
11.0,0.0,0.469767,1.5156813974345618,False,0.12335953261112809,7
9.0,0.0,0.469767,1.5156813974345618,False,0.12335953261112809,7
28.0,0.0,0.46511600000000003,1.5156813974345618,False,0.12335953261112809,7
36.0,0.0,0.5255810000000001,1.5156813974345618,False,0.12335953261112809,7
135.0,0.9751172,0.483721,1.5156813974345618,False,0.09662499809951984,7
16.0,0.95704293,0.483721,1.5156813974345618,False,0.09389649675994144,7
118.0,0.9866842,0.48837200000000003,2.1042820576625,False,0.05210572896961135,7
119.0,0.9857335,0.483721,2.1042820576625,False,0.05210572896961135,7
109.0,0.0,0.32093000000000005,1.6925597275018613,False,-0.046838265320266664,7
71.0,0.0,0.325581,1.6925597275018613,False,-0.046838265320266664,7
70.0,0.0,0.311628,1.6925597275018613,False,-0.046838265320266664,7
101.0,0.0,0.274419,2.216060495148106,False,-0.10125797377024581,7
117.0,0.0,0.23255800000000001,2.1894812002126276,False,-0.10340109233526414,7
76.0,0.0,0.209302,2.216060495148106,False,-0.1310628399681151,7
107.0,0.0,0.209302,2.216060495148106,False,-0.1310628399681151,7
66.0,0.94341636,0.227907,2.1894812002126276,False,-0.13818747591174055,7
27.0,0.0,0.134884,1.5156813974345618,False,-0.157950188708833,7
31.0,0.0,0.16744199999999998,1.5156813974345618,False,-0.157950188708833,7
20.0,0.0,0.15814,1.5156813974345618,False,-0.157950188708833,7
30.0,0.0,0.162791,1.5156813974345618,False,-0.157950188708833,7
296.0,0.0,0.2,1.5156813974345618,False,-0.157950188708833,7
129.0,0.0,0.148837,1.5156813974345618,False,-0.157950188708833,7
128.0,0.0,0.139535,1.5156813974345618,False,-0.157950188708833,7
69.0,0.0,0.13023300000000002,1.5156813974345618,False,-0.157950188708833,7
293.0,0.0,0.134884,1.5156813974345618,False,-0.157950188708833,7
130.0,0.9628763,0.190698,2.176641028144471,False,-0.16902564427914163,7
77.0,0.9513025,0.260465,1.6925597275018613,False,-0.17098811812038595,7
102.0,0.9594641,0.0,2.1894812002126276,False,-0.17138077812874986,7
127.0,0.9560741,0.0,2.216060495148106,False,-0.2072366392314034,7
42.0,0.94842637,0.0,2.216060495148106,False,-0.2072366392314034,7
89.0,0.96780396,0.0,2.216060495148106,False,-0.2072366392314034,7
26.0,0.0,0.08837199999999999,2.1042820576625,False,-0.21157449201296086,7
111.0,0.9477696,0.0,2.176641028144471,False,-0.21573640769124328,7
132.0,0.9574528,0.0,2.176641028144471,False,-0.21573640769124328,7
126.0,0.92592156,0.0,2.176641028144471,False,-0.2175285765442048,7
116.0,0.92055047,0.0,2.176641028144471,False,-0.2175285765442048,7
80.0,0.92813206,0.0,2.176641028144471,False,-0.2175285765442048,7
108.0,0.0,0.046512000000000005,1.5156813974345618,False,-0.22922293830877016,7
91.0,0.0,0.032558,1.5156813974345618,False,-0.22922293830877016,7
248.0,0.0,0.037209,1.5156813974345618,False,-0.22922293830877016,7
142.0,0.0,0.037209,1.5156813974345618,False,-0.22922293830877016,7
58.0,0.0,0.032558,1.5156813974345618,False,-0.22922293830877016,7
60.0,0.0,0.037209,1.5156813974345618,False,-0.22922293830877016,7
149.0,0.85699344,0.0,1.5156813974345618,False,-0.22922293830877016,7
265.0,0.87856233,0.0,1.5156813974345618,False,-0.22922293830877016,7
182.0,0.86486244,0.0,1.5156813974345618,False,-0.22922293830877016,7
181.0,0.88071793,0.0,1.5156813974345618,False,-0.22922293830877016,7
112.0,0.85789764,0.0,1.5156813974345618,False,-0.22922293830877016,7
287.0,0.87216204,0.0,1.5156813974345618,False,-0.22922293830877016,7
61.0,0.0,0.051163,1.5156813974345618,False,-0.22922293830877016,7
266.0,0.88045895,0.0,1.5156813974345618,False,-0.22922293830877016,7
277.0,0.85744,0.0,1.5156813974345618,False,-0.22922293830877016,7
185.0,0.0,0.046512000000000005,1.5156813974345618,False,-0.22922293830877016,7
47.0,0.97398025,0.0,1.5156813974345618,False,-0.2313954866325429,7
32.0,0.97681594,0.0,1.5156813974345618,False,-0.2313954866325429,7
3.0,0.97721064,0.0,1.5156813974345618,False,-0.2313954866325429,7
72.0,0.9740269,0.0,1.5156813974345618,False,-0.2313954866325429,7
82.0,0.9734318,0.0,1.5156813974345618,False,-0.2313954866325429,7
268.0,0.9782693,0.0,1.5156813974345618,False,-0.2313954866325429,7
100.0,0.9759989,0.0,1.5156813974345618,False,-0.2313954866325429,7
175.0,0.9786384,0.0,1.5156813974345618,False,-0.2313954866325429,7
95.0,0.96428704,0.0,1.5156813974345618,False,-0.2341239879721213,7
120.0,0.95726275,0.0,1.5156813974345618,False,-0.2341239879721213,7
37.0,0.9570348,0.0,1.5156813974345618,False,-0.2341239879721213,7
273.0,0.95636857,0.0,1.5156813974345618,False,-0.2341239879721213,7
84.0,0.9691748,0.0,1.5156813974345618,False,-0.2341239879721213,7
98.0,0.97050226,0.0,1.5156813974345618,False,-0.2341239879721213,7
87.0,0.9703828,0.0,1.5156813974345618,False,-0.2341239879721213,7
289.0,0.9667299,0.0,1.5156813974345618,False,-0.2341239879721213,7
288.0,0.96661466,0.0,1.5156813974345618,False,-0.2341239879721213,7
153.0,0.9706416,0.0,1.5156813974345618,False,-0.2341239879721213,7
56.0,0.9603458,0.0,1.5156813974345618,False,-0.2341239879721213,7
230.0,0.9718922,0.0,1.5156813974345618,False,-0.2341239879721213,7
267.0,0.9730605,0.0,1.5156813974345618,False,-0.2341239879721213,7
197.0,0.97245276,0.0,1.5156813974345618,False,-0.2341239879721213,7
33.0,0.9726542,0.0,1.5156813974345618,False,-0.2341239879721213,7
85.0,0.97433794,0.0,2.1042820576625,False,-0.2443676570802833,7
110.0,0.9333892,0.0,2.176641028144471,False,-0.24562174160436848,7
299.0,0.9719918,0.0,2.1042820576625,False,-0.2470961584198617,7
115.0,0.9714818,0.0,2.1042820576625,False,-0.2470961584198617,7
83.0,0.971015,0.0,2.1042820576625,False,-0.2470961584198617,7
17.0,0.0,0.08837199999999999,2.402550373745264,False,-0.25521844157320245,7
70.0,1.0,1.0,4.226424196672404,False,0.6829560563580015,451
311.0,1.0000002,1.0,4.1014344279195845,False,0.6469648579901511,451
298.0,1.0,1.0,4.1014344279195845,False,0.6469648579901511,451
130.0,1.0,1.0,4.1014344279195845,False,0.6469648579901511,451
123.0,1.0,1.0,4.1014344279195845,False,0.6469648579901511,451
302.0,1.0,1.0,4.492146358165263,True,0.6072068941919453,451
299.0,1.0,1.0,4.492146358165263,True,0.6072068941919453,451
307.0,1.0000002,1.0,4.492146358165263,False,0.6072068941919453,451
177.0,0.9999999,1.0,4.381247547721895,False,0.5901370281064253,451
107.0,0.9999999,1.0,4.1014344279195845,False,0.5743750400129634,451
71.0,0.9946378,0.744186,4.226424196672404,False,0.5504151008408904,451
304.0,0.9984892,0.7209300000000001,4.492146358165263,True,0.5498446478216954,451
310.0,0.9952489,0.772093,4.1014344279195845,False,0.529060972502013,451
40.0,0.9953525,0.637209,4.1014344279195845,False,0.529060972502013,451
43.0,0.9944343,0.7209300000000001,4.1014344279195845,False,0.529060972502013,451
34.0,0.99424505,0.562791,4.1014344279195845,False,0.5249319238925838,451
306.0,0.9958091,0.6976739999999999,4.492146358165263,False,0.4893030087038073,451
308.0,0.99456406,0.7488370000000001,4.492146358165263,False,0.4893030087038073,451
300.0,0.9954728,0.739535,4.492146358165263,False,0.4893030087038073,451
41.0,0.9930445,0.734884,4.1014344279195845,False,0.48027770953944804,451
301.0,0.99688697,0.734884,4.492146358165263,False,0.46821121974526647,451
109.0,0.9975029,0.87907,4.226424196672404,False,0.4595834850573723,451
313.0,0.9963833,0.790698,4.1014344279195845,False,0.43822935671849494,451
36.0,0.9984319,0.87907,4.1014344279195845,False,0.43822935671849494,451
312.0,0.99646145,0.8,4.1014344279195845,False,0.43822935671849494,451
77.0,0.9923438,0.660465,4.1014344279195845,False,0.4276699634638156,451
76.0,0.9917878,0.655814,4.1014344279195845,False,0.4276699634638156,451
305.0,0.99233466,0.706977,4.492146358165263,False,0.3879119996656098,451
97.0,1.0,1.0,3.536862338749813,False,0.3783682875409282,451
39.0,0.0,0.6976739999999999,4.1014344279195845,False,0.3563257052613411,451
57.0,1.0,1.0,3.995597986059241,False,0.34362492481006224,451
249.0,0.99999994,1.0,3.995597986059241,False,0.34362492481006224,451
54.0,1.0000001,1.0,3.995597986059241,False,0.34362492481006224,451
303.0,0.99327904,0.47906999999999994,4.492146358165263,False,0.33347467876969505,451
274.0,1.0000001,1.0,4.349411808056104,False,0.32631282538853634,451
91.0,1.0,1.0,4.349411808056104,False,0.32631282538853634,451
314.0,0.0,0.6,4.1014344279195845,False,0.32602804983208095,451
115.0,1.0000002,1.0,4.3008976687914,False,0.30158858190439664,451
114.0,1.0000001,1.0,4.3008976687914,False,0.30158858190439664,451
96.0,0.99999964,1.0,4.005640151128899,False,0.29294403580784484,451
192.0,0.9999999,1.0,4.349411808056104,False,0.2763924693326019,451
58.0,0.9999998,1.0,4.349411808056104,False,0.2763924693326019,451
108.0,0.99999964,1.0,3.995597986059241,False,0.269652718228192,451
52.0,0.9999997,1.0,4.349411808056104,False,0.2523406188066662,451
102.0,0.9875616,0.432558,4.1014344279195845,False,0.2225461037781855,451
132.0,0.98891175,0.5023259999999999,4.1014344279195845,False,0.177920254288808,451
49.0,0.9938158,0.781395,4.349411808056104,False,0.17087744099815722,451
3.0,0.0,0.683721,3.995597986059241,False,0.14371277086156672,451
142.0,0.0,0.390698,4.349411808056104,False,0.07205016385160246,451
60.0,0.9881662,0.367442,4.349411808056104,False,0.045315629339994175,451
61.0,0.0,0.35814,4.349411808056104,False,0.04145814722527323,451
66.0,0.98568213,0.34883699999999995,4.316010938019392,False,0.03345940154004884,451
124.0,0.0,0.311628,4.226424196672404,False,-0.024356895526595777,451
131.0,0.0,0.339535,4.1014344279195845,False,-0.029537972782649753,451
136.0,0.9829105,0.339535,4.349411808056104,False,-0.1100414414860592,451
29.0,0.9938555,0.0,4.1014344279195845,False,-0.12416474052713046,451
53.0,0.99305856,0.15814,4.005640151128899,False,-0.14058096958780975,451
50.0,0.9838128,0.325581,4.349411808056104,False,-0.18112956695278185,451
64.0,0.0,0.223256,4.226424196672404,False,-0.18190635898987775,451
65.0,0.0,0.227907,4.226424196672404,False,-0.18190635898987775,451
101.0,0.9360188,0.24186,4.226424196672404,False,-0.20566401976042423,451
63.0,0.0,0.172093,4.005640151128899,False,-0.2198301770005033,451
95.0,0.0,0.23255800000000001,4.005640151128899,False,-0.2198301770005033,451
18.0,0.9925939,0.0,4.1014344279195845,False,-0.22685441606363205,451
19.0,0.99225426,0.0,4.1014344279195845,False,-0.2372805336926573,451
293.0,0.0,0.18604700000000002,3.995597986059241,False,-0.2431214945801561,451
171.0,0.0,0.139535,4.381247547721895,False,-0.24831615084010797,451
35.0,0.99155736,0.0,3.995597986059241,False,-0.24956604234775293,451
129.0,0.94839346,0.0,4.226424196672404,False,-0.25591604780262606,451
67.0,0.0,0.209302,4.1014344279195845,False,-0.2640781389335701,451
110.0,0.0,0.21395299999999998,4.1014344279195845,False,-0.2640781389335701,451
81.0,0.0,0.223256,4.1014344279195845,False,-0.2640781389335701,451
111.0,0.0,0.237209,4.1014344279195845,False,-0.2640781389335701,451
116.0,0.0,0.102326,3.995597986059241,False,-0.26999977647103895,451
288.0,0.9777821,0.0,4.3008976687914,False,-0.2761408054453903,451
160.0,0.97622406,0.0,4.3008976687914,False,-0.2761408054453903,451
198.0,0.975067,0.0,4.3008976687914,False,-0.2761408054453903,451
250.0,0.97607225,0.0,4.3008976687914,False,-0.2761408054453903,451
207.0,0.9778217,0.0,4.3008976687914,False,-0.2761408054453903,451
289.0,0.97423077,0.0,4.3008976687914,False,-0.2761408054453903,451
212.0,0.9851457,0.0,4.3008976687914,False,-0.2761408054453903,451
262.0,0.97597194,0.0,4.3008976687914,False,-0.2761408054453903,451
285.0,0.9677081,0.26976700000000003,4.349411808056104,False,-0.27854488524129295,451
105.0,0.9714818,0.0,4.3008976687914,False,-0.27886930678496874,451
191.0,0.9726083,0.0,4.3008976687914,False,-0.27886930678496874,451
100.0,0.0,0.15814,4.349411808056104,False,-0.2788867155879756,451
134.0,0.0,0.074419,3.995597986059241,False,-0.28160951698600367,451
11.0,0.0,0.074419,3.995597986059241,False,-0.28160951698600367,451
69.0,0.0,0.074419,3.995597986059241,False,-0.28160951698600367,451
6.0,0.0,0.074419,3.995597986059241,False,-0.28160951698600367,451
169.0,0.0,0.065116,3.995597986059241,False,-0.28160951698600367,451
80.0,0.0,0.074419,3.995597986059241,False,-0.28160951698600367,451
1.0,0.0,0.074419,3.995597986059241,False,-0.28160951698600367,451
127.0,0.9345183,0.0,4.226424196672404,False,-0.2858013817157513,451
261.0,0.9574933,0.0,4.005640151128899,False,-0.2938398658132517,451
147.0,0.9567311,0.0,4.005640151128899,False,-0.2938398658132517,451
125.0,0.9608599,0.0,4.005640151128899,False,-0.2938398658132517,451
141.0,0.96193403,0.0,4.005640151128899,False,-0.2938398658132517,451
275.0,0.9605508,0.0,4.005640151128899,False,-0.2938398658132517,451
279.0,0.9711032,0.0,4.005640151128899,False,-0.2938398658132517,451
187.0,0.9554015,0.0,4.005640151128899,False,-0.2938398658132517,451
5.0,0.9555752,0.0,4.005640151128899,False,-0.2938398658132517,451
257.0,0.96054256,0.0,4.005640151128899,False,-0.2938398658132517,451
237.0,0.0,0.09302300000000001,4.349411808056104,False,-0.30576499747885844,451
126.0,0.9087595,0.0,3.995597986059241,False,-0.3122301337295534,451
233.0,0.981568,0.0,3.995597986059241,False,-0.31440268205332617,451
59.0,0.9857446,0.0,3.995597986059241,False,-0.31440268205332617,451
283.0,0.9879898,0.0,3.995597986059241,False,-0.31440268205332617,451
267.0,0.9858419,0.0,3.995597986059241,False,-0.31440268205332617,451
72.0,0.9858208,0.0,3.995597986059241,False,-0.31440268205332617,451
51.0,0.9831506,0.0,3.995597986059241,False,-0.31440268205332617,451
246.0,0.9847282,0.0,3.995597986059241,False,-0.31440268205332617,451
197.0,0.9856504,0.0,3.995597986059241,False,-0.31440268205332617,451
228.0,0.98395413,0.0,3.995597986059241,False,-0.31440268205332617,451
162.0,0.98418736,0.0,3.995597986059241,False,-0.31440268205332617,451
68.0,0.96413183,0.0,3.995597986059241,False,-0.3171311833929046,451
89.0,0.95131266,0.0,3.995597986059241,False,-0.3171311833929046,451
117.0,0.9446459,0.0,3.995597986059241,False,-0.3171311833929046,451
236.0,0.0,0.065116,4.349411808056104,False,-0.3173747379938231,451
12.0,0.99017876,0.0,4.1014344279195845,False,-0.31968269517176673,451
269.0,0.9730542,0.0,4.381247547721895,False,-0.3223258396528564,451
82.0,0.9734318,0.0,4.1014344279195845,False,-0.33535932640674004,451
23.0,0.97656333,0.0,4.1014344279195845,False,-0.33535932640674004,451
21.0,0.9805512,0.0,4.1014344279195845,False,-0.33535932640674004,451
10.0,0.9795196,0.0,4.1014344279195845,False,-0.33535932640674004,451
98.0,0.97050226,0.0,4.1014344279195845,False,-0.33808782774631846,451
75.0,0.96830446,0.0,4.1014344279195845,False,-0.33808782774631846,451
13.0,0.9730221,0.0,4.1014344279195845,False,-0.33808782774631846,451
74.0,0.9348842,0.0,3.995597986059241,False,-0.3470165173060298,451
225.0,0.9461678,0.0,4.349411808056104,False,-0.35289640440072395,451
260.0,0.95036185,0.0,4.349411808056104,False,-0.35289640440072395,451
258.0,0.9660746,0.0,4.349411808056104,False,-0.35289640440072395,451
158.0,0.9490533,0.0,4.349411808056104,False,-0.35289640440072395,451
176.0,0.9490961,0.0,4.349411808056104,False,-0.35289640440072395,451
217.0,0.96543884,0.0,4.349411808056104,False,-0.35289640440072395,451
180.0,0.9655926,0.0,4.349411808056104,False,-0.35289640440072395,451
38.0,0.97808325,0.0,4.492146358165263,False,-0.353879243463174,451
37.0,0.94113576,0.0,4.349411808056104,False,-0.38278173831384915,451
94.0,0.942453,0.0,4.349411808056104,False,-0.38278173831384915,451
179.0,0.93893147,0.0,4.349411808056104,False,-0.38278173831384915,451
277.0,0.94237626,0.0,4.349411808056104,False,-0.38278173831384915,451
110.0,1.0000002,1.0,0.9328940733872192,False,0.6365289771856867,449
274.0,1.0000001,1.0,1.4629961183780176,False,0.5840332048327863,449
91.0,1.0,1.0,1.4629961183780176,False,0.5840332048327863,449
57.0,1.0,1.0,1.4629961183780176,False,0.5840332048327863,449
70.0,1.0,1.0,1.3799761976920062,False,0.5614560176035833,449
71.0,1.0000002,1.0,1.3799761976920062,False,0.5614560176035833,449
298.0,1.0,1.0,1.5356680331472403,False,0.5497574051470987,449
130.0,1.0,1.0,1.5356680331472403,False,0.5497574051470987,449
311.0,1.0000002,1.0,1.5356680331472403,False,0.5497574051470987,449
123.0,1.0,1.0,1.5356680331472403,False,0.5497574051470987,449
111.0,1.0000002,1.0,0.9296545825207545,False,0.5400206105932625,449
58.0,0.9999998,1.0,1.5401582072782256,False,0.5004382516946507,449
177.0,0.9999999,1.0,1.136951769255531,False,0.4985760206248089,449
107.0,0.9999999,1.0,1.5356680331472403,False,0.4764495326815224,449
64.0,1.0000001,1.0,1.2476205094098916,False,0.46878748382650326,449
65.0,1.0000002,1.0,1.2476205094098916,False,0.46878748382650326,449
192.0,0.9999999,1.0,1.4629961183780176,False,0.4493684794649095,449
117.0,0.9999998,1.0,1.5363351256428013,False,0.4437110837059235,449
310.0,0.9952489,0.772093,1.5356680331472403,False,0.4311354651705723,449
43.0,0.9944343,0.7209300000000001,1.5356680331472403,False,0.4311354651705723,449
40.0,0.9953525,0.637209,1.5356680331472403,False,0.4311354651705723,449
96.0,0.99999964,1.0,1.4629961183780176,False,0.42531662893897365,449
52.0,0.9999997,1.0,1.4629961183780176,False,0.42531662893897365,449
109.0,0.9957278,0.7488370000000001,1.3799761976920062,False,0.4062456001652188,449
34.0,0.99424505,0.562791,1.5356680331472403,False,0.3727136422790163,449
41.0,0.9930445,0.734884,1.5356680331472403,False,0.35141416791952823,449
313.0,0.9963833,0.790698,1.5356680331472403,False,0.3403038493870542,449
36.0,0.9984319,0.87907,1.5356680331472403,False,0.3403038493870542,449
312.0,0.99646145,0.8,1.5356680331472403,False,0.3403038493870542,449
76.0,0.9917878,0.655814,1.5356680331472403,False,0.32550638616346145,449
77.0,0.9923438,0.660465,1.5356680331472403,False,0.32550638616346145,449
49.0,0.9938158,0.781395,1.4629961183780176,False,0.28956067684833814,449
39.0,0.0,0.6976739999999999,1.5356680331472403,False,0.2742601281499604,449
314.0,0.0,0.6,1.5356680331472403,False,0.24396247272070032,449
142.0,0.0,0.390698,1.5401582072782256,False,0.2215463131758465,449
295.0,0.0,0.38604700000000003,0.9328940733872192,False,0.20168569236049402,449
81.0,0.0,0.35814,0.9328940733872192,False,0.17109367573416476,449
60.0,0.9881662,0.367442,1.4629961183780176,False,0.16709674642814468,449
61.0,0.0,0.35814,1.4629961183780176,False,0.16323926431342375,449
102.0,0.9875616,0.432558,1.5356680331472403,False,0.1404805266668048,449
66.0,0.98568213,0.34883699999999995,1.3799761976920062,False,0.1386959180130749,449
75.0,0.0,0.395349,1.2476205094098916,False,0.10235122177908848,449
132.0,0.98891175,0.5023259999999999,1.5356680331472403,False,0.09585467717742732,449
74.0,0.0,0.35814,1.2476205094098916,False,0.07175920515275926,449
136.0,0.9829105,0.339535,1.4629961183780176,False,0.05202525955096465,449
131.0,0.0,0.339535,1.5356680331472403,False,0.042385222109980136,449
124.0,0.0,0.311628,1.3799761976920062,False,0.03193879751354618,449
53.0,0.98397,0.330233,1.4629961183780176,False,-0.01906286591575806,449
50.0,0.9838128,0.325581,1.4629961183780176,False,-0.01906286591575806,449
68.0,0.0,0.204651,1.2476205094098916,False,-0.08554025234592266,449
29.0,0.9938555,0.0,1.5356680331472403,False,-0.09512620037565282,449
67.0,0.0,0.32093000000000005,1.2476205094098916,False,-0.10125879855626402,449
95.0,0.99249893,0.0,1.4629961183780176,False,-0.11228451994955234,449
101.0,0.9360188,0.24186,1.3799761976920062,False,-0.11631054640380231,449
285.0,0.9677081,0.26976700000000003,1.4629961183780176,False,-0.11647818420426911,449
97.0,0.0,0.237209,1.4629961183780176,False,-0.11682001455095173,449
100.0,0.0,0.15814,1.4629961183780176,False,-0.11682001455095173,449
63.0,0.0,0.15814,1.4629961183780176,False,-0.11682001455095173,449
108.0,0.9905019,0.227907,1.4629961183780176,False,-0.1278779178275867,449
237.0,0.0,0.09302300000000001,1.4629961183780176,False,-0.13766829342257192,449
89.0,0.0,0.18139500000000003,1.5363351256428013,False,-0.13992781830138754,449
171.0,0.0,0.139535,0.8880690539157485,False,-0.15098215229413717,449
236.0,0.0,0.065116,1.4629961183780176,False,-0.15747214740733914,449
19.0,0.99225426,0.0,1.5356680331472403,False,-0.15818728922796652,449
129.0,0.94839346,0.0,1.3799761976920062,False,-0.1605325714267415,449
127.0,0.9560741,0.0,1.2476205094098916,False,-0.16171405160921093,449
21.0,0.95300364,0.0,1.2476205094098916,False,-0.16171405160921093,449
10.0,0.94785225,0.0,1.2476205094098916,False,-0.16171405160921093,449
42.0,0.94842637,0.0,1.2476205094098916,False,-0.16171405160921093,449
18.0,0.9925939,0.0,1.5356680331472403,False,-0.16190946070925016,449
54.0,0.9304288,0.0,1.3799761976920062,False,-0.162324740279703,449
293.0,0.0,0.18604700000000002,1.5356680331472403,False,-0.1709168972991684,449
262.0,0.0,0.04186,1.4629961183780176,False,-0.18809276415088885,449
246.0,0.0,0.055814,1.4629961183780176,False,-0.18809276415088885,449
303.0,0.98208547,0.0,1.4629961183780176,False,-0.19026531247466158,449
258.0,0.9660746,0.0,1.4629961183780176,False,-0.19299381381424,449
217.0,0.96543884,0.0,1.4629961183780176,False,-0.19299381381424,449
225.0,0.9461678,0.0,1.4629961183780176,False,-0.19299381381424,449
180.0,0.9655926,0.0,1.4629961183780176,False,-0.19299381381424,449
158.0,0.9490533,0.0,1.4629961183780176,False,-0.19299381381424,449
176.0,0.9674438,0.0,1.4629961183780176,False,-0.19299381381424,449
260.0,0.95036185,0.0,1.4629961183780176,False,-0.19299381381424,449
35.0,0.99110335,0.0,1.5356680331472403,False,-0.19995003812542098,449
115.0,0.98375446,0.0,1.136951769255531,False,-0.20662595342308948,449
114.0,0.98327684,0.0,1.136951769255531,False,-0.20662595342308948,449
198.0,0.9826759,0.0,1.136951769255531,False,-0.20662595342308948,449
160.0,0.9748241,0.0,1.136951769255531,False,-0.20662595342308948,449
126.0,0.9283889,0.0,1.5363351256428013,False,-0.21789378641763735,449
12.0,0.99017876,0.0,1.5356680331472403,False,-0.22049145051810234,449
179.0,0.93893147,0.0,1.4629961183780176,False,-0.22287914772736525,449
37.0,0.94113576,0.0,1.4629961183780176,False,-0.22287914772736525,449
94.0,0.942453,0.0,1.4629961183780176,False,-0.22287914772736525,449
277.0,0.94237626,0.0,1.4629961183780176,False,-0.22287914772736525,449
207.0,0.97249603,0.0,0.8880690539157485,False,-0.2271559515574254,449
289.0,0.9706521,0.0,0.8880690539157485,False,-0.2271559515574254,449
269.0,0.9730542,0.0,0.8880690539157485,False,-0.2271559515574254,449
212.0,0.9675025,0.0,0.8880690539157485,False,-0.2271559515574254,449
288.0,0.9688928,0.0,0.8880690539157485,False,-0.2271559515574254,449
80.0,0.91777176,0.0,1.5356680331472403,False,-0.23399553342930296,449
82.0,0.9734318,0.0,1.5356680331472403,False,-0.23616808175307566,449
3.0,0.97721064,0.0,1.5356680331472403,False,-0.23616808175307566,449
23.0,0.97656333,0.0,1.5356680331472403,False,-0.23616808175307566,449
13.0,0.9730221,0.0,1.5356680331472403,False,-0.23889658309265407,449
98.0,0.97050226,0.0,1.5356680331472403,False,-0.23889658309265407,449
274.0,1.0000001,1.0,2.5616316318754624,False,0.7909542519802496,3
116.0,1.0000001,1.0,2.5616316318754624,False,0.7909542519802496,3
171.0,1.0000005,1.0,2.5616316318754624,False,0.7909542519802496,3
1.0,1.0000004,1.0,3.2328464106950023,False,0.7859346543541849,3
29.0,1.0000001,1.0,2.1416932301721503,False,0.77057120804608,3
123.0,1.0,1.0,2.1416932301721503,False,0.77057120804608,3
45.0,1.0000001,1.0,2.1416932301721503,False,0.77057120804608,3
24.0,1.0,1.0,2.1416932301721503,False,0.77057120804608,3
168.0,1.0000001,1.0,2.1416932301721503,False,0.77057120804608,3
38.0,1.0,1.0,2.1416932301721503,False,0.77057120804608,3
18.0,1.0000001,1.0,2.1416932301721503,False,0.77057120804608,3
2.0,1.0000005,1.0,2.1416932301721503,False,0.77057120804608,3
13.0,1.0000002,1.0,2.1416932301721503,False,0.77057120804608,3
21.0,1.0000002,1.0,2.1416932301721503,False,0.77057120804608,3
14.0,1.0,1.0,2.1416932301721503,False,0.77057120804608,3
22.0,1.0000001,1.0,2.1416932301721503,False,0.77057120804608,3
41.0,1.0000001,1.0,2.1416932301721503,False,0.77057120804608,3
105.0,1.0000002,1.0,2.8996275052944056,False,0.7524322409829494,3
88.0,1.0,1.0,2.644779002762438,False,0.6865734595693119,3
44.0,0.9999999,1.0,2.1416932301721503,False,0.6606748581186659,3
25.0,0.9999999,1.0,2.1416932301721503,False,0.6606748581186659,3
23.0,0.9999999,1.0,2.1416932301721503,False,0.6606748581186659,3
46.0,0.9999999,1.0,2.1416932301721503,False,0.6606748581186659,3
6.0,0.9985262,0.809302,3.2328464106950023,False,0.6519864539008349,3
19.0,0.9999997,1.0,2.1416932301721503,False,0.63662300759273,3
193.0,0.99999964,1.0,2.1416932301721503,False,0.63662300759273,3
124.0,0.99999964,1.0,2.770381193703237,False,0.6342460286230613,3
39.0,0.9949986,0.646512,2.1416932301721503,False,0.6153607906077155,3
136.0,0.99999994,1.0,1.4856983541687239,False,0.6098284823676887,3
156.0,1.0000002,1.0,1.4856983541687239,False,0.6098284823676887,3
174.0,0.99999994,1.0,1.4856983541687239,False,0.6098284823676887,3
134.0,1.0000002,1.0,1.4856983541687239,False,0.6098284823676887,3
189.0,1.0000001,1.0,1.4856983541687239,False,0.6098284823676887,3
143.0,1.0,1.0,1.4856983541687239,False,0.6098284823676887,3
69.0,1.0,1.0,0.90085796062427,False,0.5910012412474822,3
106.0,1.0000002,1.0,1.823914760047799,False,0.5584463416477123,3
87.0,0.9944171,0.637209,2.644779002762438,False,0.5504667869212772,3
10.0,0.9952851,0.967442,2.1416932301721503,False,0.5456209637827384,3
34.0,0.9954854,0.7860469999999999,2.1416932301721503,False,0.5456209637827384,3
40.0,0.9937335,0.581395,2.1416932301721503,False,0.541311940492655,3
312.0,0.9934268,0.67907,2.1416932301721503,False,0.5122847533630239,3
310.0,0.9935137,0.665116,2.1416932301721503,False,0.5122847533630239,3
311.0,0.9930445,0.734884,2.1416932301721503,False,0.5122847533630239,3
79.0,1.0,1.0,1.7208903142394998,False,0.49816731014756355,3
55.0,1.0000002,1.0,1.7208903142394998,False,0.49816731014756355,3
57.0,1.0,1.0,1.7208903142394998,False,0.49816731014756355,3
84.0,1.0000002,1.0,1.7208903142394998,False,0.49816731014756355,3
141.0,1.0000002,1.0,1.7208903142394998,False,0.49816731014756355,3
64.0,1.0000001,1.0,1.7208903142394998,False,0.49816731014756355,3
65.0,1.0000002,1.0,1.7208903142394998,False,0.49816731014756355,3
62.0,1.0000002,1.0,1.7208903142394998,False,0.49816731014756355,3
61.0,1.0000001,1.0,1.7208903142394998,False,0.49816731014756355,3
70.0,1.0,1.0,1.7208903142394998,False,0.49816731014756355,3
178.0,0.99999964,1.0,1.4856983541687239,False,0.4758802819143384,3
313.0,0.9921954,0.6697669999999999,2.1416932301721503,False,0.47222868249664807,3
90.0,0.99549013,0.5023259999999999,2.644779002762438,False,0.4444244335445735,3
314.0,0.9930229,0.8046510000000001,2.1416932301721503,False,0.4425449265380468,3
12.0,0.99168813,0.539535,3.2328464106950023,False,0.41333958196542875,3
7.0,0.99127173,0.660465,3.2328464106950023,False,0.41317970450906816,3
8.0,0.9912697,0.6418600000000001,3.2328464106950023,False,0.41317970450906816,3
73.0,0.9999999,1.0,1.7208903142394998,False,0.41094042214140253,3
288.0,0.9999999,1.0,1.7208903142394998,False,0.41094042214140253,3
103.0,0.9999998,1.0,1.7208903142394998,False,0.41094042214140253,3
60.0,0.9999998,1.0,1.7208903142394998,False,0.41094042214140253,3
76.0,0.99999976,1.0,1.7208903142394998,False,0.3868885716154667,3
78.0,0.9984533,0.8883719999999999,1.7208903142394998,False,0.3868885716154667,3
289.0,0.99999976,1.0,1.7208903142394998,False,0.3868885716154667,3
59.0,0.99999964,1.0,1.7208903142394998,False,0.3868885716154667,3
56.0,0.99999964,1.0,1.7208903142394998,False,0.3868885716154667,3
35.0,0.99064916,0.581395,2.1416932301721503,False,0.38107299157580365,3
309.0,0.0,0.6,3.2328464106950023,False,0.37440125355860526,3
43.0,0.0,0.5906980000000001,2.1416932301721503,False,0.3715894824597572,3
77.0,0.9947618,0.702326,1.7208903142394998,False,0.3656263546304523,3
71.0,0.9946378,0.744186,1.7208903142394998,False,0.3656263546304523,3
224.0,0.9913431,0.395349,2.1416932301721503,False,0.35702013941662547,3
15.0,0.0,0.404651,2.1416932301721503,False,0.347536630300579,3
96.0,0.9971581,0.67907,1.7208903142394998,False,0.3445345656719115,3
298.0,0.0,0.544186,2.1416932301721503,False,0.3391835526641062,3
169.0,0.9928516,0.553488,1.4856983541687239,False,0.3149691590116693,3
28.0,0.0,0.46511600000000003,2.1416932301721503,False,0.29484207091747,3
11.0,0.0,0.469767,2.1416932301721503,False,0.29484207091747,3
9.0,0.0,0.469767,2.1416932301721503,False,0.29484207091747,3
36.0,0.0,0.5255810000000001,2.1416932301721503,False,0.29484207091747,3
109.0,0.9975029,0.87907,1.7208903142394998,False,0.2747947388469343,3
107.0,0.9917878,0.655814,1.7208903142394998,False,0.2704537831894724,3
135.0,0.9751172,0.483721,2.1416932301721503,False,0.26810753640586177,3
16.0,0.95704293,0.483721,2.1416932301721503,False,0.26537903506628335,3
119.0,0.9857335,0.483721,2.8996275052944056,False,0.2364141805386307,3
118.0,0.9866842,0.48837200000000003,2.8996275052944056,False,0.2364141805386307,3
53.0,0.9923562,0.367442,1.7208903142394998,False,0.21610327560103415,3
125.0,0.0,0.372093,1.823914760047799,False,0.19301279319514142,3
86.0,0.9836583,0.5162789999999999,2.644779002762438,False,0.19066185751016684,3
50.0,0.991111,0.372093,1.7208903142394998,False,0.17434052670357955,3
102.0,0.9929564,0.474419,1.7208903142394998,False,0.16882184204276424,3
75.0,0.0,0.395349,1.7208903142394998,False,0.16485701758753318,3
91.0,0.9881662,0.367442,1.7208903142394998,False,0.1381224830759249,3
74.0,0.0,0.35814,1.7208903142394998,False,0.13426500096120395,3
82.0,0.0,0.497674,1.7208903142394998,False,0.11216245820442414,3
85.0,0.97653294,0.49302300000000004,1.7208903142394998,False,0.08542792369281589,3
83.0,0.9804255,0.530233,1.7208903142394998,False,0.08542792369281589,3
192.0,0.9829105,0.339535,1.4856983541687239,False,0.08413579094003583,3
20.0,0.0,0.293023,0.90085796062427,False,0.014639705010546102,3
66.0,0.98751307,0.33488399999999996,1.7208903142394998,False,0.005600588207295065,3
30.0,0.97925276,0.293023,0.90085796062427,False,-0.01209482950106217,3
27.0,0.9798883,0.30232600000000004,0.90085796062427,False,-0.01209482950106217,3
121.0,0.0,0.306977,1.7208903142394998,False,-0.03875300274781934,3
68.0,0.0,0.306977,1.7208903142394998,False,-0.03875300274781934,3
67.0,0.0,0.32093000000000005,1.7208903142394998,False,-0.03875300274781934,3
120.0,0.0,0.297674,1.7208903142394998,False,-0.03875300274781934,3
104.0,0.9766959,0.30232600000000004,1.7208903142394998,False,-0.06548753725942762,3
142.0,0.0,0.255814,1.7208903142394998,False,-0.13934239691766767,3
101.0,0.0,0.274419,1.7208903142394998,True,-0.13934239691766767,3
196.0,0.98414695,0.265116,1.4856983541687239,False,-0.14285090268837145,3
17.0,0.0,0.08837199999999999,1.823914760047799,False,-0.1500965216821481,3
37.0,0.0,0.08837199999999999,1.823914760047799,False,-0.1500965216821481,3
81.0,0.0,0.25116299999999997,1.7208903142394998,False,-0.15811854030960712,3
58.0,0.9844141,0.255814,1.7208903142394998,False,-0.1660769314292759,3
122.0,0.97049356,0.274419,1.7208903142394998,False,-0.16880543276885432,3
117.0,0.0,0.23255800000000001,1.7208903142394998,False,-0.169147263115537,3
295.0,0.0,0.223256,1.7208903142394998,False,-0.169147263115537,3
97.0,0.0,0.18604700000000002,1.7208903142394998,False,-0.169147263115537,3
95.0,0.0,0.2,1.7208903142394998,False,-0.169147263115537,3
49.0,0.0,0.227907,1.7208903142394998,False,-0.169147263115537,3
52.0,0.0,0.237209,1.7208903142394998,False,-0.169147263115537,3
47.0,0.0,0.134884,1.7208903142394998,False,-0.169147263115537,3
300.0,0.0,0.11627900000000001,1.7208903142394998,False,-0.169147263115537,3
307.0,0.0,0.11627900000000001,1.7208903142394998,False,-0.169147263115537,3
302.0,0.0,0.11627900000000001,1.7208903142394998,False,-0.169147263115537,3
296.0,0.0,0.144186,1.7208903142394998,False,-0.169147263115537,3
294.0,0.0,0.134884,1.7208903142394998,False,-0.169147263115537,3
98.0,0.0,0.144186,1.7208903142394998,False,-0.169147263115537,3
31.0,0.0,0.16744199999999998,2.1416932301721503,False,-0.17232854513610474,3
129.0,0.0,0.148837,2.1416932301721503,False,-0.17232854513610474,3
293.0,0.0,0.134884,2.1416932301721503,False,-0.17232854513610474,3
128.0,0.0,0.139535,2.1416932301721503,False,-0.17232854513610474,3
285.0,0.9677081,0.26976700000000003,2.5616316318754624,False,-0.17637204629571504,3
80.0,0.91688174,0.11627900000000001,2.5616316318754624,False,-0.17671387664239765,3
100.0,0.0,0.15814,2.5616316318754624,False,-0.17671387664239765,3
177.0,0.0,0.139535,2.5616316318754624,False,-0.17671387664239765,3
26.0,0.982718,0.0,0.90085796062427,False,-0.18329727605996574,3
242.0,0.0,0.125581,1.4856983541687239,False,-0.189559881711948,3
182.0,0.0,0.13023300000000002,1.4856983541687239,False,-0.189559881711948,3
305.0,0.98454905,0.12093,1.7208903142394998,False,-0.19588179762714528,3
306.0,0.983858,0.134884,1.7208903142394998,False,-0.19588179762714528,3
190.0,0.9834119,0.17674399999999998,1.7208903142394998,False,-0.19588179762714528,3
308.0,0.98524225,0.125581,1.7208903142394998,False,-0.19588179762714528,3
108.0,0.9830961,0.237209,1.7208903142394998,False,-0.19588179762714528,3
301.0,0.98325205,0.13023300000000002,1.7208903142394998,False,-0.19588179762714528,3
304.0,0.98618394,0.11627900000000001,1.7208903142394998,False,-0.19588179762714528,3
127.0,0.0,0.10697699999999999,2.5616316318754624,False,-0.20359215853328047,3
290.0,0.0,0.09302300000000001,1.4856983541687239,False,-0.21040816058356815,3
210.0,0.9764488,0.0,1.4856983541687239,False,-0.2193665322983424,3
191.0,0.97522855,0.0,1.4856983541687239,False,-0.2193665322983424,3
249.0,0.0,0.074419,1.4856983541687239,False,-0.23021201456833537,3
237.0,0.0,0.074419,1.4856983541687239,False,-0.23021201456833537,3
236.0,0.0,0.08372099999999999,1.4856983541687239,False,-0.23021201456833537,3
280.0,0.0,0.046512000000000005,1.7208903142394998,False,-0.23222589924567155,3
232.0,0.0,0.037209,1.7208903142394998,False,-0.23222589924567155,3
264.0,0.90791637,0.0,1.7208903142394998,False,-0.23222589924567155,3
131.0,0.9019269,0.0,1.7208903142394998,False,-0.23222589924567155,3
284.0,0.0,0.046512000000000005,1.7208903142394998,False,-0.23222589924567155,3
112.0,0.9011507,0.0,1.7208903142394998,False,-0.23222589924567155,3
208.0,0.0,0.055814,1.7208903142394998,False,-0.23222589924567155,3
303.0,0.98208547,0.0,1.7208903142394998,False,-0.23439844756944428,3
114.0,0.9777821,0.0,1.7208903142394998,False,-0.23439844756944428,3
299.0,0.986902,0.0,1.7208903142394998,False,-0.23439844756944428,3
230.0,0.97861993,0.0,1.7208903142394998,False,-0.23439844756944428,3
99.0,0.97544575,0.0,1.7208903142394998,False,-0.23439844756944428,3
267.0,0.97346985,0.0,1.7208903142394998,False,-0.23439844756944428,3
72.0,0.9734529,0.0,1.7208903142394998,False,-0.23439844756944428,3
115.0,0.97423077,0.0,1.7208903142394998,False,-0.23439844756944428,3
277.0,0.85744,0.0,2.1416932301721503,False,-0.2354071812662393,3
185.0,0.0,0.046512000000000005,2.1416932301721503,False,-0.2354071812662393,3
248.0,0.0,0.037209,2.1416932301721503,False,-0.2354071812662393,3
265.0,0.87856233,0.0,2.1416932301721503,False,-0.2354071812662393,3
266.0,0.88045895,0.0,2.1416932301721503,False,-0.2354071812662393,3
287.0,0.87216204,0.0,2.1416932301721503,False,-0.2354071812662393,3
149.0,0.85699344,0.0,2.1416932301721503,False,-0.2354071812662393,3
181.0,0.88071793,0.0,2.1416932301721503,False,-0.2354071812662393,3
212.0,0.9703801,0.0,1.7208903142394998,False,-0.2371269489090227,3
251.0,0.9676796,0.0,1.7208903142394998,False,-0.2371269489090227,3
89.0,0.96780396,0.0,1.7208903142394998,False,-0.2371269489090227,3
32.0,0.96582925,0.0,1.7208903142394998,False,-0.2371269489090227,3
257.0,0.9696941,0.0,1.7208903142394998,False,-0.2371269489090227,3
42.0,0.94842637,0.0,1.7208903142394998,False,-0.2371269489090227,3
195.0,0.9609076,0.0,1.7208903142394998,False,-0.2371269489090227,3
215.0,0.9610797,0.0,1.7208903142394998,False,-0.2371269489090227,3
238.0,0.96696764,0.0,1.7208903142394998,False,-0.2371269489090227,3
187.0,0.97205746,0.0,1.7208903142394998,False,-0.2371269489090227,3
166.0,0.96400523,0.0,1.7208903142394998,False,-0.2371269489090227,3
275.0,0.9698999,0.0,1.7208903142394998,False,-0.2371269489090227,3
175.0,0.9786384,0.0,2.1416932301721503,False,-0.23757972959001203,3
268.0,0.9782693,0.0,2.1416932301721503,False,-0.23757972959001203,3
3.0,0.97721064,0.0,2.1416932301721503,False,-0.23757972959001203,3
54.0,0.9304288,0.0,1.7208903142394998,False,-0.23891911776198427,3
33.0,0.9726542,0.0,2.1416932301721503,False,-0.24030823092959044,3
153.0,0.97236115,0.0,2.1416932301721503,False,-0.24030823092959044,3
273.0,0.95636857,0.0,2.1416932301721503,False,-0.24030823092959044,3
197.0,0.97245276,0.0,2.1416932301721503,False,-0.24030823092959044,3
51.0,0.9890313,0.18139500000000003,1.7208903142394998,False,-0.24050764711652275,3
132.0,0.88582426,0.0,2.5616316318754624,False,-0.2540166292615974,3
111.0,0.8699353,0.0,2.5616316318754624,False,-0.2540166292615974,3
110.0,0.8834345,0.0,2.5616316318754624,False,-0.2540166292615974,3
130.0,0.9040585,0.0,2.5616316318754624,False,-0.2540166292615974,3
262.0,0.0,0.04186,2.5616316318754624,False,-0.2540166292615974,3
246.0,0.0,0.055814,2.5616316318754624,False,-0.2540166292615974,3
291.0,0.97518677,0.0,2.5616316318754624,False,-0.2561891775853702,3
217.0,0.96543884,0.0,2.5616316318754624,False,-0.2589176789249486,3
206.0,0.96910363,0.0,2.5616316318754624,False,-0.2589176789249486,3
200.0,0.96828747,0.0,2.5616316318754624,False,-0.2589176789249486,3
180.0,0.9655926,0.0,2.5616316318754624,False,-0.2589176789249486,3
221.0,0.97003806,0.0,2.5616316318754624,False,-0.2589176789249486,3
258.0,0.9660746,0.0,2.5616316318754624,False,-0.2589176789249486,3
176.0,0.9674438,0.0,2.5616316318754624,False,-0.2589176789249486,3
126.0,0.9245833,0.0,2.5616316318754624,False,-0.26070984777791006,3
219.0,0.0,0.051163,1.4856983541687239,False,-0.26083263131188517,3
204.0,0.91949034,0.0,1.4856983541687239,False,-0.26083263131188517,3
48.0,0.9171023,0.0,1.4856983541687239,False,-0.26083263131188517,3
218.0,0.96103275,0.0,1.4856983541687239,False,-0.26573368097523636,3
202.0,0.9589006,0.0,1.4856983541687239,False,-0.26573368097523636,3
281.0,0.9492211,0.0,1.4856983541687239,False,-0.26573368097523636,3
158.0,0.9494319,0.0,1.4856983541687239,False,-0.26573368097523636,3
94.0,0.95105046,0.0,1.4856983541687239,False,-0.26573368097523636,3
93.0,0.9515203,0.0,1.4856983541687239,False,-0.26573368097523636,3
161.0,0.956396,0.032558,1.4856983541687239,False,-0.26573368097523636,3
160.0,0.95413077,0.0,1.4856983541687239,False,-0.26573368097523636,3
256.0,0.9527199,0.0,1.4856983541687239,False,-0.26573368097523636,3
147.0,0.9701893,0.0,1.4856983541687239,False,-0.26573368097523636,3
165.0,0.9658772,0.0,1.4856983541687239,False,-0.26573368097523636,3
261.0,0.94677716,0.0,1.4856983541687239,False,-0.26573368097523636,3
184.0,0.9501697,0.0,1.4856983541687239,False,-0.26573368097523636,3
198.0,0.9680493,0.0,1.4856983541687239,False,-0.26573368097523636,3
207.0,0.94931924,0.0,1.4856983541687239,False,-0.26573368097523636,3
279.0,0.9552515,0.0,1.4856983541687239,False,-0.26573368097523636,3
225.0,0.94596064,0.0,1.4856983541687239,False,-0.26573368097523636,3
235.0,0.9711694,0.0,1.4856983541687239,False,-0.26573368097523636,3
234.0,0.95929116,0.0,1.4856983541687239,False,-0.26573368097523636,3
260.0,0.94696295,0.0,1.4856983541687239,False,-0.26573368097523636,3
188.0,0.95241356,0.0,1.4856983541687239,False,-0.26573368097523636,3
269.0,0.9464797,0.0,1.4856983541687239,False,-0.26573368097523636,3
239.0,0.94418746,0.0,1.4856983541687239,False,-0.2956190148883616,3
282.0,0.9348531,0.0,1.4856983541687239,False,-0.2956190148883616,3
92.0,0.0,0.060465,2.644779002762438,False,-0.3363332711726467,3
123.0,1.0,1.0,12.017721796674275,False,0.5408641901410968,70
130.0,1.0,1.0,12.017721796674275,False,0.5408641901410968,70
202.0,0.9999999,1.0,12.017721796674275,False,0.4536373021349358,70
108.0,0.99999964,1.0,8.6962483601329,False,0.4380635659478035,70
57.0,1.0,1.0,14.487762237683288,False,0.432242329313705,70
50.0,1.0000002,1.0,15.143797030583093,False,0.432242329313705,70
61.0,1.0000001,1.0,14.518491459640765,False,0.432242329313705,70
84.0,1.0000002,1.0,14.91993525241403,False,0.432242329313705,70
85.0,1.0000001,1.0,14.91993525241403,False,0.432242329313705,70
92.0,1.0,1.0,15.136232062355045,False,0.432242329313705,70
96.0,0.99999964,1.0,14.697690027237403,False,0.42958545160899997,70
95.0,0.99999976,1.0,13.709844968559022,False,0.42958545160899997,70
53.0,0.99943006,0.7767440000000001,15.143797030583093,False,0.39754954486470845,70
82.0,0.9999998,1.0,14.91993525241403,False,0.3823219732577705,70
83.0,0.99999976,1.0,14.91993525241403,False,0.3582701227318348,70
299.0,0.9984892,0.7209300000000001,11.971685123415948,False,0.30564795335208395,70
304.0,0.99999976,1.0,11.971685123415948,False,0.26636853121921034,70
300.0,0.9954728,0.739535,11.971685123415948,False,0.24510631423419596,70
302.0,0.9961369,0.7534879999999999,11.971685123415948,False,0.24510631423419596,70
301.0,0.9981017,0.739535,11.971685123415948,False,0.22401452527565513,70
60.0,0.99139106,0.362791,15.143797030583093,False,0.18534927281951324,70
91.0,0.0,0.35814,14.518491459640765,False,0.15349173426187715,70
132.0,0.98891175,0.5023259999999999,12.017721796674275,False,0.11682679456598247,70
307.0,0.0,0.367442,11.971685123415948,False,0.05247812068678485,70
305.0,0.9874862,0.372093,11.971685123415948,False,0.025743586175176598,70
308.0,0.98705137,0.37674399999999997,11.971685123415948,False,0.025743586175176598,70
306.0,0.0,0.35814,11.971685123415948,False,0.02188610406045566,70
303.0,0.9870671,0.35814,11.971685123415948,False,-0.004848430451152647,70
131.0,0.0,0.339535,12.017721796674275,False,-0.051105083807589005,70
142.0,0.9859476,0.293023,8.6962483601329,False,-0.13041240763417866,70
157.0,0.0,0.102326,12.017721796674275,False,-0.2308559458917688,70
69.0,0.0,0.111628,14.91993525241403,False,-0.23151948880206805,70
18.0,0.0,0.111628,14.91993525241403,False,-0.23151948880206805,70
47.0,0.0,0.111628,14.91993525241403,False,-0.23151948880206805,70
244.0,0.0,0.08372099999999999,12.017721796674275,False,-0.24246568640673344,70
309.0,0.0,0.10697699999999999,14.91993525241403,False,-0.24787850048680746,70
25.0,0.0,0.102326,14.91993525241403,False,-0.24787850048680746,70
15.0,0.0,0.10697699999999999,14.91993525241403,False,-0.24787850048680746,70
22.0,0.0,0.10697699999999999,14.91993525241403,False,-0.24787850048680746,70
45.0,0.0,0.102326,14.91993525241403,False,-0.24787850048680746,70
310.0,0.0,0.097674,14.91993525241403,False,-0.24787850048680746,70
6.0,0.0,0.097674,14.91993525241403,False,-0.24787850048680746,70
56.0,0.0,0.10697699999999999,14.91993525241403,False,-0.24787850048680746,70
52.0,0.0,0.172093,13.709844968559022,False,-0.25166700660648067,70
58.0,0.0,0.2,13.709844968559022,False,-0.25166700660648067,70
97.0,0.0,0.23255800000000001,13.709844968559022,False,-0.25166700660648067,70
124.0,0.0,0.204651,12.017721796674275,False,-0.25166700660648067,70
109.0,0.0,0.190698,12.017721796674275,False,-0.25166700660648067,70
76.0,0.0,0.18604700000000002,12.017721796674275,False,-0.25166700660648067,70
293.0,0.0,0.18604700000000002,12.017721796674275,False,-0.25166700660648067,70
64.0,0.0,0.204651,12.017721796674275,False,-0.25166700660648067,70
63.0,0.0,0.15814,14.697690027237403,False,-0.25166700660648067,70
71.0,0.0,0.18604700000000002,12.017721796674275,False,-0.25166700660648067,70
51.0,0.98806286,0.0,11.971685123415948,False,-0.25444858879136917,70
31.0,0.0,0.08837199999999999,14.91993525241403,False,-0.25948824100177215,70
20.0,0.0,0.08837199999999999,14.91993525241403,False,-0.25948824100177215,70
11.0,0.0,0.125581,14.91993525241403,False,-0.2686895612015194,70
294.0,0.0,0.134884,14.91993525241403,False,-0.2686895612015194,70
298.0,0.0,0.144186,15.136232062355045,False,-0.2686895612015194,70
311.0,0.0,0.144186,15.136232062355045,False,-0.2686895612015194,70
312.0,0.0,0.144186,15.136232062355045,False,-0.2686895612015194,70
36.0,0.0,0.148837,15.136232062355045,False,-0.2686895612015194,70
296.0,0.0,0.148837,15.136232062355045,False,-0.2686895612015194,70
3.0,0.0,0.144186,15.136232062355045,False,-0.2686895612015194,70
35.0,0.0,0.148837,15.136232062355045,False,-0.2686895612015194,70
49.0,0.0,0.223256,14.518491459640765,False,-0.2686895612015194,70
126.0,0.9087595,0.0,12.017721796674275,False,-0.2730863031502832,70
80.0,0.91777176,0.0,12.017721796674275,False,-0.2730863031502832,70
127.0,0.9091109,0.0,12.017721796674275,False,-0.2730863031502832,70
19.0,0.97710454,0.0,12.017721796674275,False,-0.275258851474056,70
178.0,0.97919285,0.0,13.709844968559022,False,-0.275258851474056,70
255.0,0.9802531,0.0,13.709844968559022,False,-0.275258851474056,70
10.0,0.9795196,0.0,12.017721796674275,False,-0.275258851474056,70
21.0,0.9805512,0.0,12.017721796674275,False,-0.275258851474056,70
23.0,0.97656333,0.0,12.017721796674275,False,-0.275258851474056,70
111.0,0.94527483,0.0,12.017721796674275,False,-0.2779873528136344,70
68.0,0.96413183,0.0,12.017721796674275,False,-0.2779873528136344,70
98.0,0.97050226,0.0,12.017721796674275,False,-0.2779873528136344,70
13.0,0.9730221,0.0,12.017721796674275,False,-0.2779873528136344,70
117.0,0.9446459,0.0,12.017721796674275,False,-0.2779873528136344,70
269.0,0.94497657,0.0,12.017721796674275,False,-0.2779873528136344,70
217.0,0.953906,0.0,12.017721796674275,False,-0.2779873528136344,70
210.0,0.94994056,0.0,12.017721796674275,False,-0.2779873528136344,70
189.0,0.9589006,0.0,12.017721796674275,False,-0.2779873528136344,70
165.0,0.9451162,0.0,12.017721796674275,False,-0.2779873528136344,70
158.0,0.956416,0.0,12.017721796674275,False,-0.2779873528136344,70
180.0,0.9452028,0.0,12.017721796674275,False,-0.2779873528136344,70
196.0,0.96577466,0.0,12.017721796674275,False,-0.2779873528136344,70
160.0,0.95448315,0.0,12.017721796674275,False,-0.2779873528136344,70
67.0,0.9628763,0.190698,12.017721796674275,False,-0.2811300424576674,70
162.0,0.974561,0.0,14.91993525241403,False,-0.2922814060690946,70
90.0,0.9753283,0.0,14.91993525241403,False,-0.2922814060690946,70
87.0,0.97826725,0.0,14.91993525241403,False,-0.2922814060690946,70
88.0,0.9778186,0.0,14.91993525241403,False,-0.2922814060690946,70
99.0,0.97544575,0.0,14.91993525241403,False,-0.2922814060690946,70
72.0,0.9734529,0.0,14.91993525241403,False,-0.2922814060690946,70
230.0,0.97861993,0.0,14.91993525241403,False,-0.2922814060690946,70
267.0,0.97346985,0.0,14.91993525241403,False,-0.2922814060690946,70
100.0,0.9654819,0.0,15.136232062355045,False,-0.295009907408673,70
222.0,0.972134,0.0,15.136232062355045,False,-0.295009907408673,70
193.0,0.961801,0.0,15.136232062355045,False,-0.295009907408673,70
154.0,0.9687811,0.0,15.136232062355045,False,-0.295009907408673,70
268.0,0.9640774,0.0,15.136232062355045,False,-0.295009907408673,70
224.0,0.9662771,0.0,15.136232062355045,False,-0.295009907408673,70
110.0,0.93113613,0.0,12.017721796674275,False,-0.3078726867267596,70
302.0,1.0,1.0,1.7543328359672532,False,0.6977879699512569,413
249.0,0.99999994,1.0,1.7543328359672532,False,0.6977879699512569,413
299.0,1.0,1.0,1.7543328359672532,False,0.6977879699512569,413
57.0,1.0,1.0,1.7543328359672532,False,0.6977879699512569,413
130.0,1.0,1.0,1.7543328359672532,False,0.6977879699512569,413
310.0,1.0000002,1.0,1.7543328359672532,False,0.6977879699512569,413
54.0,1.0000001,1.0,1.7543328359672532,False,0.6977879699512569,413
304.0,0.9984892,0.7209300000000001,1.7543328359672532,False,0.6031191916307804,413
114.0,1.0000001,1.0,1.3653909738660959,False,0.5654143780624082,413
115.0,1.0000002,1.0,1.3653909738660959,False,0.5654143780624082,413
108.0,0.99999964,1.0,1.7543328359672532,False,0.5638397694979068,413
91.0,1.0,1.0,1.3736330879290835,False,0.5603423859706593,413
309.0,1.0000002,1.0,1.4433028640420833,False,0.5603423859706593,413
274.0,1.0000001,1.0,1.3736330879290835,False,0.5603423859706593,413
70.0,1.0,1.0,1.2698092114414845,False,0.547753028851566,413
71.0,1.0000002,1.0,1.2698092114414845,False,0.547753028851566,413
312.0,0.9955091,0.7209300000000001,1.7543328359672532,False,0.5425775525128924,413
313.0,0.994558,0.702326,1.7543328359672532,False,0.5425775525128924,413
311.0,0.9952489,0.772093,1.7543328359672532,False,0.5425775525128924,413
110.0,1.0000002,1.0,0.550540786523069,False,0.5409942168364914,413
307.0,1.0000002,1.0,0.9296545825207545,False,0.5400206105932625,413
301.0,0.99688697,0.734884,1.7543328359672532,False,0.5214857635543516,413
300.0,0.99718493,0.7534879999999999,1.7543328359672532,False,0.5214857635543516,413
96.0,0.9971581,0.67907,1.7543328359672532,False,0.5214857635543516,413
65.0,1.0000002,1.0,1.391761090091094,False,0.48990872557449494,413
64.0,1.0000001,1.0,1.391761090091094,False,0.48990872557449494,413
58.0,0.9999998,1.0,1.3736330879290835,False,0.45044603604324496,413
192.0,0.9999999,1.0,1.3736330879290835,False,0.45044603604324496,413
41.0,0.9935137,0.665116,1.7543328359672532,False,0.4395015152682008,413
52.0,0.9999997,1.0,1.3736330879290835,False,0.42639418551730923,413
97.0,1.0,1.0,1.6069280927159726,False,0.4148269390410547,413
109.0,0.9957278,0.7488370000000001,1.2698092114414845,False,0.39254261141320135,413
308.0,0.99456406,0.7488370000000001,0.9296545825207545,False,0.38481019315489784,413
306.0,0.9958091,0.6976739999999999,0.9296545825207545,False,0.38481019315489784,413
40.0,0.9926945,0.613953,1.7543328359672532,False,0.37957390660159,413
118.0,0.9989145,0.9069769999999999,1.6588080933934335,False,0.35403221967218457,413
119.0,0.99999976,1.0,1.6588080933934335,False,0.35403221967218457,413
43.0,0.9906782,0.6418600000000001,1.7543328359672532,False,0.3375846953153969,413
34.0,0.99067235,0.637209,1.7543328359672532,False,0.3375846953153969,413
39.0,0.0,0.6511629999999999,1.7543328359672532,False,0.3281011861993505,413
3.0,0.0,0.683721,1.7543328359672532,False,0.3281011861993505,413
49.0,0.9938158,0.781395,1.3736330879290835,False,0.2906382334266736,413
305.0,0.99233466,0.706977,0.9296545825207545,False,0.279181114147787,413
303.0,0.0,0.37674399999999997,1.7543328359672532,False,0.27375067861091223,413
15.0,0.0,0.6,1.4433028640420833,False,0.21896168967726662,413
25.0,0.0,0.604651,1.4433028640420833,False,0.21896168967726662,413
111.0,0.9876363,0.734884,0.550540786523069,True,0.2021739278659069,413
142.0,0.0,0.390698,1.3736330879290835,False,0.19490883751808843,413
24.0,0.98632044,0.613953,1.4433028640420833,False,0.19222715516565836,413
8.0,0.98711973,0.5906980000000001,1.4433028640420833,False,0.19222715516565836,413
1.0,0.9873855,0.6,1.4433028640420833,False,0.19222715516565836,413
18.0,0.0,0.539535,1.4433028640420833,False,0.18655575988161568,413
28.0,0.0,0.534884,1.4433028640420833,False,0.18655575988161568,413
295.0,0.0,0.38604700000000003,0.550540786523069,False,0.1745579547890768,413
60.0,0.9881662,0.367442,1.3736330879290835,False,0.16817430300648017,413
61.0,0.0,0.35814,1.3736330879290835,False,0.16431682089175925,413
132.0,0.98891175,0.5023259999999999,1.7543328359672532,False,0.14969573522681734,413
6.0,0.9888451,0.5906980000000001,1.4433028640420833,False,0.14760130567628085,413
7.0,0.9886234,0.595349,1.4433028640420833,False,0.14760130567628085,413
81.0,0.0,0.35814,0.550540786523069,False,0.14396593816274758,413
75.0,0.0,0.395349,1.391761090091094,False,0.14257620831740997,413
66.0,0.98568213,0.34883699999999995,1.2698092114414845,False,0.12499292926105751,413
74.0,0.0,0.35814,1.391761090091094,False,0.11198419169108077,413
136.0,0.9829105,0.339535,1.3736330879290835,False,0.07517875683573662,413
105.0,0.9857335,0.483721,1.6588080933934335,False,0.04211506418340296,413
53.0,0.99305856,0.15814,1.6069280927159726,False,0.022435191093217736,413
50.0,0.9838128,0.325581,1.3736330879290835,False,0.004090631369013954,413
124.0,0.0,0.311628,1.2698092114414845,False,-0.021290539936357464,413
131.0,0.0,0.339535,1.7543328359672532,False,-0.03492731588721679,413
95.0,0.0,0.23255800000000001,1.6069280927159726,False,-0.05471884867635014,413
63.0,0.0,0.15814,1.6069280927159726,False,-0.05471884867635014,413
285.0,0.9677081,0.26976700000000003,1.3736330879290835,False,-0.09332468691949712,413
100.0,0.0,0.15814,1.3736330879290835,False,-0.09366651726617974,413
35.0,0.99155736,0.0,1.7543328359672532,False,-0.10367122001943875,413
67.0,0.0,0.32093000000000005,1.391761090091094,False,-0.10603631560085472,413
68.0,0.0,0.306977,1.391761090091094,False,-0.10603631560085472,413
237.0,0.0,0.09302300000000001,1.3736330879290835,False,-0.11451479613779993,413
257.0,0.96054256,0.0,1.6069280927159726,False,-0.12269853446983583,413
275.0,0.9605508,0.0,1.6069280927159726,False,-0.12269853446983583,413
261.0,0.9574933,0.0,1.6069280927159726,False,-0.12269853446983583,413
279.0,0.9711032,0.0,1.6069280927159726,False,-0.12269853446983583,413
5.0,0.9555752,0.0,1.6069280927159726,False,-0.12269853446983583,413
141.0,0.96193403,0.0,1.6069280927159726,False,-0.12269853446983583,413
187.0,0.9554015,0.0,1.6069280927159726,False,-0.12269853446983583,413
147.0,0.9567311,0.0,1.6069280927159726,False,-0.12269853446983583,413
125.0,0.9608599,0.0,1.6069280927159726,False,-0.12269853446983583,413
293.0,0.0,0.18604700000000002,1.7543328359672532,False,-0.12335467546007807,413
76.0,0.0,0.18604700000000002,1.7543328359672532,False,-0.12335467546007807,413
236.0,0.0,0.065116,1.3736330879290835,False,-0.1343186501225671,413
116.0,0.0,0.102326,1.7543328359672532,False,-0.14420295433169827,413
77.0,0.0,0.223256,1.2698092114414845,False,-0.14578222308315944,413
314.0,0.9908957,0.0,1.7543328359672532,False,-0.1523878162863307,413
169.0,0.0,0.065116,1.7543328359672532,False,-0.1558126948466629,413
101.0,0.0,0.074419,1.7543328359672532,False,-0.1558126948466629,413
134.0,0.0,0.074419,1.7543328359672532,False,-0.1558126948466629,413
11.0,0.0,0.074419,1.7543328359672532,False,-0.1558126948466629,413
69.0,0.0,0.074419,1.7543328359672532,False,-0.1558126948466629,413
80.0,0.0,0.074419,1.7543328359672532,False,-0.1558126948466629,413
246.0,0.0,0.055814,1.3736330879290835,False,-0.16493926686611682,413
262.0,0.0,0.04186,1.3736330879290835,False,-0.16493926686611682,413
12.0,0.9842589,0.0,1.4433028640420833,False,-0.1671118151898896,413
26.0,0.98623216,0.0,1.4433028640420833,False,-0.1671118151898896,413
30.0,0.98418,0.0,1.4433028640420833,False,-0.1671118151898896,413
217.0,0.96543884,0.0,1.3736330879290835,False,-0.16984031652946802,413
180.0,0.9655926,0.0,1.3736330879290835,False,-0.16984031652946802,413
176.0,0.9674438,0.0,1.3736330879290835,False,-0.16984031652946802,413
225.0,0.9461678,0.0,1.3736330879290835,False,-0.16984031652946802,413
158.0,0.9490533,0.0,1.3736330879290835,False,-0.16984031652946802,413
258.0,0.9660746,0.0,1.3736330879290835,False,-0.16984031652946802,413
260.0,0.95036185,0.0,1.3736330879290835,False,-0.16984031652946802,413
171.0,0.0,0.04186,1.3653909738660959,False,-0.1737491020110019,413
177.0,0.98375446,0.0,1.3653909738660959,False,-0.1759216503347747,413
212.0,0.9851457,0.0,1.3653909738660959,False,-0.1759216503347747,413
207.0,0.9778217,0.0,1.3653909738660959,False,-0.1759216503347747,413
160.0,0.97622406,0.0,1.3653909738660959,False,-0.1759216503347747,413
289.0,0.9787046,0.0,1.3653909738660959,False,-0.1759216503347747,413
198.0,0.975067,0.0,1.3653909738660959,False,-0.1759216503347747,413
250.0,0.97607225,0.0,1.3653909738660959,False,-0.1759216503347747,413
288.0,0.9777821,0.0,1.3653909738660959,False,-0.1759216503347747,413
191.0,0.9726083,0.0,1.3653909738660959,False,-0.1786501516743531,413
127.0,0.9091109,0.0,1.7543328359672532,False,-0.18643331159021262,413
126.0,0.9087595,0.0,1.7543328359672532,False,-0.18643331159021262,413
283.0,0.9879898,0.0,1.7543328359672532,False,-0.18860585991398535,413
228.0,0.98395413,0.0,1.7543328359672532,False,-0.18860585991398535,413
233.0,0.981568,0.0,1.7543328359672532,False,-0.18860585991398535,413
51.0,0.9831506,0.0,1.7543328359672532,False,-0.18860585991398535,413
197.0,0.9856504,0.0,1.7543328359672532,False,-0.18860585991398535,413
162.0,0.98418736,0.0,1.7543328359672532,False,-0.18860585991398535,413
267.0,0.9858419,0.0,1.7543328359672532,False,-0.18860585991398535,413
72.0,0.9858208,0.0,1.7543328359672532,False,-0.18860585991398535,413
59.0,0.9857446,0.0,1.7543328359672532,False,-0.18860585991398535,413
89.0,0.95131266,0.0,1.7543328359672532,False,-0.19133436125356376,413
117.0,0.9446459,0.0,1.7543328359672532,False,-0.19133436125356376,413
107.0,0.0,0.21395299999999998,0.550540786523069,False,-0.19181011408643758,413
102.0,0.0,0.190698,0.550540786523069,False,-0.19181011408643758,413
179.0,0.93893147,0.0,1.3736330879290835,False,-0.19972565044259327,413
277.0,0.94237626,0.0,1.3736330879290835,False,-0.19972565044259327,413
94.0,0.942453,0.0,1.3736330879290835,False,-0.19972565044259327,413
37.0,0.94113576,0.0,1.3736330879290835,False,-0.19972565044259327,413
129.0,0.95055187,0.0,1.2698092114414845,False,-0.2137619088766451,413
38.0,0.97808325,0.0,0.9296545825207545,False,-0.2279626528600165,413
106.0,0.9696733,0.15814,1.6588080933934335,False,-0.24192315847613657,413
45.0,0.0,0.065116,1.6588080933934335,False,-0.25311225548133737,413
78.0,0.0,0.065116,1.6588080933934335,False,-0.25311225548133737,413
297.0,0.0,0.074419,1.6588080933934335,False,-0.25311225548133737,413
79.0,0.0,0.069767,1.6588080933934335,False,-0.25311225548133737,413
188.0,0.97874534,0.0,1.6588080933934335,False,-0.28590542054865986,413
298.0,0.96749896,0.0,1.6588080933934335,False,-0.2886339218882383,413
98.0,0.9690822,0.0,1.6588080933934335,False,-0.2886339218882383,413
42.0,0.97188926,0.0,1.6588080933934335,False,-0.2886339218882383,413
14.0,0.96772045,0.0,1.6588080933934335,False,-0.2886339218882383,413
21.0,0.95300364,0.0,1.391761090091094,False,-0.3162299953367663,413
10.0,0.94785225,0.0,1.391761090091094,False,-0.3162299953367663,413
19.0,0.9490862,0.0,1.391761090091094,False,-0.3162299953367663,413
123.0,0.95213014,0.0,1.391761090091094,False,-0.3162299953367663,413
