node 2,AS %,distance,hit,score,Substrate ID
123.0,1.0,5.221858607652459,False,0.3851438348657267,409
130.0,1.0,5.221858607652459,False,0.3851438348657267,409
202.0,1.0,5.221858607652459,False,0.3851438348657267,409
72.0,1.0,8.444091822922324,False,0.33871907093562026,409
197.0,1.0,8.444091822922324,False,0.33871907093562026,409
196.0,1.0,8.444091822922324,False,0.33871907093562026,409
96.0,1.0,8.000992247571729,False,0.33323880450689836,409
61.0,1.0,7.347747092180449,False,0.32669282833526403,409
90.0,1.0,7.668017129246261,False,0.32669282833526403,409
50.0,1.0,8.364510951133546,False,0.3185487307316517,409
53.0,1.0,8.45202111826515,False,0.3185487307316517,409
57.0,0.67907,8.000992247571729,False,0.2656744590534677,409
65.0,1.0,8.606378126421575,False,0.260080846003081,409
83.0,1.0,7.1546515605903895,False,0.260080846003081,409
85.0,1.0,7.1546515605903895,False,0.260080846003081,409
84.0,1.0,7.1546515605903895,False,0.260080846003081,409
82.0,1.0,7.1546515605903895,False,0.260080846003081,409
60.0,0.37674399999999997,7.347747092180449,False,0.027529972490342353,409
91.0,0.35814,7.347747092180449,False,-0.0008272277238614873,409
132.0,0.5023259999999999,5.221858607652459,False,-0.011809415190055055,409
88.0,0.5023259999999999,7.668017129246261,False,-0.07026042172051775,409
87.0,0.497674,7.668017129246261,False,-0.07026042172051775,409
86.0,0.45116300000000004,7.668017129246261,False,-0.09399923763404058,409
131.0,0.339535,5.221858607652459,False,-0.19972752344390493,409
189.0,0.265116,8.444091822922324,False,-0.20183815307454825,409
52.0,0.227907,8.45202111826515,False,-0.24330838833010454,409
142.0,0.25116299999999997,8.364510951133546,False,-0.24330838833010454,409
58.0,0.237209,8.45202111826515,False,-0.24330838833010454,409
49.0,0.209302,8.45202111826515,False,-0.27071258806620396,409
97.0,0.190698,8.364510951133546,False,-0.27071258806620396,409
108.0,0.237209,7.99073943917261,True,-0.2900327226134856,409
95.0,0.2,7.347747092180449,False,-0.30013157748075187,409
64.0,0.204651,5.221858607652459,False,-0.3071927598796292,409
293.0,0.18604700000000002,5.221858607652459,False,-0.3071927598796292,409
71.0,0.18604700000000002,5.221858607652459,False,-0.3071927598796292,409
124.0,0.204651,5.221858607652459,False,-0.3071927598796292,409
109.0,0.190698,5.221858607652459,False,-0.3071927598796292,409
67.0,0.190698,5.221858607652459,False,-0.3071927598796292,409
76.0,0.18604700000000002,5.221858607652459,False,-0.3071927598796292,409
101.0,0.274419,8.606378126421575,False,-0.3222968117506125,409
221.0,0.060465,8.444091822922324,False,-0.32419523500766173,409
144.0,0.032558,8.444091822922324,False,-0.32419523500766173,409
248.0,0.032558,8.444091822922324,False,-0.32419523500766173,409
157.0,0.102326,5.221858607652459,False,-0.32721346489304676,409
244.0,0.08372099999999999,5.221858607652459,False,-0.32721346489304676,409
63.0,0.15814,8.000992247571729,False,-0.33023453138194675,409
70.0,0.227907,8.606378126421575,False,-0.3559675851362472,409
7.0,0.055814,7.668017129246261,False,-0.3614136862921313,409
45.0,0.046512000000000005,7.668017129246261,False,-0.3614136862921313,409
6.0,0.046512000000000005,7.668017129246261,False,-0.3614136862921313,409
259.0,0.046512000000000005,7.668017129246261,False,-0.3614136862921313,409
8.0,0.051163,7.668017129246261,False,-0.3614136862921313,409
13.0,0.051163,7.668017129246261,False,-0.3614136862921313,409
107.0,0.209302,8.606378126421575,False,-0.38337178487234663,409
68.0,0.204651,8.606378126421575,False,-0.38337178487234663,409
25.0,0.102326,7.1546515605903895,False,-0.4033924898857642,409
31.0,0.08837199999999999,7.1546515605903895,False,-0.4033924898857642,409
294.0,0.134884,7.1546515605903895,False,-0.4033924898857642,409
11.0,0.125581,7.1546515605903895,False,-0.4033924898857642,409
18.0,0.09302300000000001,7.1546515605903895,False,-0.4033924898857642,409
310.0,0.097674,7.1546515605903895,False,-0.4033924898857642,409
69.0,0.111628,7.1546515605903895,False,-0.4033924898857642,409
309.0,0.097674,7.1546515605903895,False,-0.4033924898857642,409
20.0,0.08837199999999999,7.1546515605903895,False,-0.4033924898857642,409
15.0,0.10697699999999999,7.1546515605903895,False,-0.4033924898857642,409
22.0,0.10697699999999999,7.1546515605903895,False,-0.4033924898857642,409
47.0,0.111628,7.1546515605903895,False,-0.4033924898857642,409
56.0,0.10697699999999999,7.1546515605903895,False,-0.4033924898857642,409
61.0,1.0,1.8216061130297478,False,0.5477479809252024,31
110.0,1.0,2.955808353648126,False,0.5253515966391891,31
111.0,1.0,2.622374471056954,False,0.5253515966391891,31
309.0,1.0,2.931028579652626,False,0.512916895108944,31
108.0,1.0,2.324329187538796,False,0.5102596802134325,31
57.0,1.0,2.324329187538796,True,0.5102596802134325,31
54.0,1.0,2.324329187538796,False,0.5102596802134325,31
130.0,1.0,2.324329187538796,False,0.5102596802134325,31
310.0,1.0,2.324329187538796,False,0.5102596802134325,31
299.0,1.0,2.324329187538796,False,0.5102596802134325,31
249.0,1.0,2.324329187538796,False,0.5102596802134325,31
302.0,1.0,2.324329187538796,False,0.5102596802134325,31
300.0,0.7534879999999999,2.324329187538796,False,0.4992242163970814,31
311.0,0.772093,2.324329187538796,False,0.4992242163970814,31
304.0,0.7534879999999999,2.324329187538796,False,0.4992242163970814,31
53.0,1.0,1.213956235491757,False,0.48324051012383007,31
50.0,1.0,1.2802949261382779,False,0.482150298833801,31
96.0,1.0,1.3948703779322056,False,0.47506782715593915,31
301.0,0.734884,2.324329187538796,False,0.4694244917086497,31
312.0,0.7209300000000001,2.324329187538796,False,0.4694244917086497,31
313.0,0.702326,2.324329187538796,False,0.4694244917086497,31
41.0,0.665116,2.324329187538796,False,0.4224316803163372,31
39.0,0.6511629999999999,2.324329187538796,False,0.4224316803163372,31
3.0,0.683721,2.324329187538796,False,0.4224316803163372,31
115.0,1.0,2.046850589708526,False,0.41626158210310665,31
24.0,0.613953,2.931028579652626,False,0.4040800976570019,31
114.0,1.0,2.546441564584209,False,0.39113623528286895,31
43.0,0.6418600000000001,2.324329187538796,False,0.3839486590975992,31
34.0,0.637209,2.324329187538796,False,0.3839486590975992,31
15.0,0.6,2.931028579652626,False,0.38001524712707047,31
1.0,0.6,2.931028579652626,False,0.38001524712707047,31
8.0,0.5906980000000001,2.931028579652626,False,0.38001524712707047,31
7.0,0.595349,2.931028579652626,False,0.38001524712707047,31
6.0,0.5906980000000001,2.931028579652626,False,0.38001524712707047,31
25.0,0.604651,2.931028579652626,False,0.38001524712707047,31
40.0,0.613953,2.324329187538796,False,0.37914691187068283,31
18.0,0.539535,2.931028579652626,False,0.28793364685316236,31
28.0,0.534884,2.931028579652626,False,0.24924314987941687,31
60.0,0.37674399999999997,1.8216061130297478,False,0.2485851250802807,31
303.0,0.37674399999999997,2.324329187538796,False,0.23942666441337843,31
307.0,0.38604700000000003,2.324329187538796,False,0.23942666441337843,31
306.0,0.381395,2.324329187538796,False,0.23942666441337843,31
305.0,0.395349,2.324329187538796,False,0.23942666441337843,31
308.0,0.404651,2.324329187538796,False,0.23942666441337843,31
295.0,0.4,2.622374471056954,False,0.22618874079426748,31
91.0,0.35814,1.8216061130297478,False,0.20782603836315405,31
81.0,0.362791,2.622374471056954,False,0.18542965407714085,31
132.0,0.5023259999999999,2.324329187538796,False,0.12469774390213278,31
131.0,0.339535,2.324329187538796,False,0.1187866718210904,31
142.0,0.293023,2.324329187538796,False,0.09945472172798372,31
58.0,0.255814,2.324329187538796,False,0.06688981707718733,31
71.0,0.18604700000000002,2.324329187538796,False,-0.008828401447620683,31
109.0,0.190698,2.324329187538796,False,-0.008828401447620683,31
67.0,0.190698,2.324329187538796,False,-0.008828401447620683,31
64.0,0.204651,2.324329187538796,False,-0.008828401447620683,31
124.0,0.204651,2.324329187538796,False,-0.008828401447620683,31
76.0,0.18604700000000002,2.324329187538796,False,-0.008828401447620683,31
293.0,0.18604700000000002,2.324329187538796,False,-0.008828401447620683,31
52.0,0.16744199999999998,2.324329187538796,False,-0.008828401447620683,31
116.0,0.102326,2.324329187538796,False,-0.028849106461038276,31
97.0,0.153488,2.324329187538796,False,-0.028849106461038276,31
80.0,0.074419,2.324329187538796,False,-0.06558827697839131,31
11.0,0.074419,2.324329187538796,False,-0.06558827697839131,31
134.0,0.074419,2.324329187538796,False,-0.06558827697839131,31
169.0,0.065116,2.324329187538796,False,-0.06558827697839131,31
69.0,0.074419,2.324329187538796,False,-0.06558827697839131,31
101.0,0.074419,2.324329187538796,False,-0.06558827697839131,31
63.0,0.15814,1.3948703779322056,False,-0.1495784857126075,31
107.0,0.237209,2.622374471056954,False,-0.2611441560422483,31
49.0,0.223256,1.8216061130297478,False,-0.26689892536051174,31
95.0,0.2,1.8216061130297478,False,-0.28312929047137086,31
102.0,0.218605,2.622374471056954,False,-0.3055256747573841,31
77.0,0.21395299999999998,2.622374471056954,False,-0.3055256747573841,31
171.0,0.04186,2.046850589708526,False,-0.3179906260476902,31
1.0,1.0,2.835251790882859,False,0.5138924317650972,74
72.0,1.0,2.6117431995162788,False,0.512916895108944,74
65.0,1.0,2.3910229268060172,False,0.5106909717188488,74
6.0,0.809302,2.835251790882859,False,0.5028569679487462,74
130.0,1.0,1.6133539528565297,False,0.4701628390192454,74
131.0,1.0,1.6133539528565297,False,0.4701628390192454,74
132.0,1.0,1.6133539528565297,False,0.4701628390192454,74
7.0,0.660465,2.835251790882859,False,0.4463280863116665,74
8.0,0.6418600000000001,2.835251790882859,False,0.42280932353285405,74
309.0,0.6,2.835251790882859,False,0.38099078378322365,74
197.0,0.576744,2.6117431995162788,False,0.38001524712707047,74
196.0,1.0,2.2319861708043427,False,0.30385094512155614,74
12.0,0.539535,2.835251790882859,False,0.2889091835093156,74
64.0,1.0,2.7540536443720707,False,0.2791585064428425,74
18.0,0.530233,2.835251790882859,False,0.2451132256364678,74
61.0,1.0,2.915489889811505,False,0.2201493718744676,74
15.0,0.47906999999999994,2.835251790882859,False,0.09320036579579259,74
2.0,0.47906999999999994,2.835251790882859,False,0.09320036579579259,74
24.0,0.48837200000000003,2.835251790882859,False,0.09320036579579259,74
82.0,1.0,2.2545247426511428,False,-0.000689039211304792,74
84.0,1.0,2.2545247426511428,False,-0.000689039211304792,74
85.0,1.0,2.2545247426511428,False,-0.000689039211304792,74
83.0,1.0,2.2545247426511428,False,-0.000689039211304792,74
75.0,0.395349,2.7540536443720707,False,-0.007052407409296597,74
60.0,0.37674399999999997,2.915489889811505,False,-0.020530540543956335,74
53.0,0.372093,2.915489889811505,False,-0.022664163503152392,74
50.0,0.372093,2.915489889811505,False,-0.022664163503152392,74
91.0,0.35814,2.915489889811505,False,-0.03502138693802995,74
74.0,0.35814,2.7540536443720707,False,-0.03540960762350042,74
67.0,1.0,3.0795983799221553,False,-0.12919831813800176,74
68.0,0.790698,3.0795983799221553,False,-0.14023378195435282,74
101.0,0.274419,2.3910229268060172,False,-0.20503673314281434,74
70.0,0.227907,2.3910229268060172,False,-0.2387075065284492,74
124.0,0.255814,2.3910229268060172,False,-0.2387075065284492,74
109.0,0.227907,1.6133539528565297,False,-0.27717040427818856,74
107.0,0.209302,2.3910229268060172,False,-0.283089025243585,74
71.0,0.209302,2.3910229268060172,False,-0.283089025243585,74
76.0,0.209302,2.3910229268060172,False,-0.283089025243585,74
189.0,0.265116,2.2319861708043427,False,-0.2905046101010287,74
142.0,0.255814,2.915489889811505,False,-0.2908162495392657,74
58.0,0.25116299999999997,2.915489889811505,False,-0.2908162495392657,74
52.0,0.237209,2.915489889811505,False,-0.2908162495392657,74
49.0,0.223256,2.915489889811505,False,-0.31896740314354244,74
293.0,0.18604700000000002,1.6133539528565297,False,-0.32155192299332436,74
128.0,0.21395299999999998,1.6133539528565297,False,-0.32155192299332436,74
95.0,0.2,2.915489889811505,False,-0.33519776825440156,74
129.0,0.153488,1.6133539528565297,False,-0.341572628006742,74
248.0,0.032558,2.6117431995162788,False,-0.37472025181839963,74
221.0,0.060465,2.6117431995162788,False,-0.37472025181839963,74
144.0,0.032558,2.2319861708043427,False,-0.4060293904458715,74
66.0,0.227907,2.7540536443720707,False,-0.46535519268347786,74
117.0,0.23255800000000001,2.7540536443720707,False,-0.46535519268347786,74
11.0,0.125581,2.2545247426511428,False,-0.6709210016279695,74
294.0,0.134884,2.2545247426511428,False,-0.6709210016279695,74
20.0,0.08837199999999999,2.2545247426511428,False,-0.6709210016279695,74
31.0,0.08837199999999999,2.2545247426511428,False,-0.6709210016279695,74
25.0,0.102326,2.2545247426511428,False,-0.6709210016279695,74
56.0,0.10697699999999999,2.2545247426511428,False,-0.6709210016279695,74
22.0,0.10697699999999999,2.2545247426511428,False,-0.6709210016279695,74
47.0,0.111628,2.2545247426511428,False,-0.6709210016279695,74
310.0,0.097674,2.2545247426511428,False,-0.6709210016279695,74
69.0,0.111628,2.2545247426511428,False,-0.6709210016279695,74
45.0,0.102326,2.2545247426511428,False,-0.6709210016279695,74
117.0,1.0,2.4666961439610327,False,0.5373390564537448,143
64.0,1.0,2.7131490094204045,False,0.529224407705039,143
65.0,1.0,2.7131490094204045,False,0.529224407705039,143
136.0,1.0,2.8192848631505347,False,0.5188056204675547,143
134.0,1.0,2.8192848631505347,False,0.5188056204675547,143
156.0,1.0,2.8192848631505347,False,0.5188056204675547,143
143.0,1.0,2.8192848631505347,False,0.5188056204675547,143
178.0,1.0,2.8192848631505347,False,0.5188056204675547,143
174.0,1.0,2.8192848631505347,False,0.5188056204675547,143
168.0,1.0,2.8192848631505347,False,0.5188056204675547,143
189.0,1.0,2.8192848631505347,False,0.5188056204675547,143
58.0,1.0,2.220336323311806,False,0.4133537643785996,143
103.0,1.0,2.5797012395235948,False,0.4096861570765659,143
88.0,1.0,2.5300070128806373,False,0.40309826567347606,143
169.0,0.553488,2.8192848631505347,False,0.3976462406853573,143
66.0,1.0,2.0988569766757044,False,0.34875400604988915,143
87.0,0.637209,2.5300070128806373,False,0.2970508990013074,143
79.0,0.604651,2.5797012395235948,False,0.28519635528205606,143
78.0,0.604651,2.5797012395235948,False,0.28519635528205606,143
75.0,0.395349,2.7131490094204045,False,0.20792945872670104,143
74.0,0.35814,2.7131490094204045,False,0.1671703720095744,143
135.0,0.483721,2.8192848631505347,False,0.09811355449825004,143
142.0,0.390698,2.220336323311806,False,0.09205881540026169,143
105.0,1.0,2.164352105134062,False,0.0830333277406743,143
71.0,0.34883699999999995,2.0988569766757044,False,0.058476408438183136,143
109.0,0.35348799999999997,2.0988569766757044,False,0.058476408438183136,143
86.0,0.5162789999999999,2.5300070128806373,False,0.014556861805058033,143
90.0,0.5023259999999999,2.5300070128806373,False,0.014556861805058033,143
55.0,0.418605,2.5797012395235948,False,-0.002594062705375079,143
62.0,0.437209,2.5797012395235948,False,-0.002594062705375079,143
124.0,1.0,2.788975677257032,False,-0.02092662675303365,143
19.0,1.0,2.4759062051951055,False,-0.12919831813800176,143
14.0,0.981395,2.4759062051951055,False,-0.12919831813800176,143
10.0,0.9953489999999999,2.4759062051951055,False,-0.12919831813800176,143
23.0,1.0,2.4759062051951055,False,-0.12919831813800176,143
29.0,1.0,2.4759062051951055,False,-0.12919831813800176,143
25.0,1.0,2.4759062051951055,False,-0.12919831813800176,143
41.0,1.0,2.4759062051951055,True,-0.12919831813800176,143
2.0,1.0,2.4759062051951055,False,-0.12919831813800176,143
193.0,1.0,2.4759062051951055,False,-0.12919831813800176,143
123.0,1.0,2.4759062051951055,False,-0.12919831813800176,143
46.0,1.0,2.4759062051951055,False,-0.12919831813800176,143
45.0,1.0,2.4759062051951055,False,-0.12919831813800176,143
44.0,1.0,2.4759062051951055,False,-0.12919831813800176,143
13.0,1.0,2.4759062051951055,False,-0.12919831813800176,143
24.0,1.0,2.4759062051951055,False,-0.12919831813800176,143
21.0,1.0,2.4759062051951055,False,-0.12919831813800176,143
22.0,1.0,2.4759062051951055,False,-0.12919831813800176,143
38.0,1.0,2.4759062051951055,False,-0.12919831813800176,143
18.0,1.0,2.4759062051951055,False,-0.12919831813800176,143
192.0,0.339535,2.8192848631505347,False,-0.13649976073788767,143
314.0,0.8046510000000001,2.4759062051951055,False,-0.14023378195435282,143
34.0,0.7860469999999999,2.4759062051951055,False,-0.14023378195435282,143
121.0,0.311628,2.5797012395235948,False,-0.15713748947468384,143
312.0,0.655814,2.4759062051951055,False,-0.1610119491257586,143
39.0,0.646512,2.4759062051951055,False,-0.1610119491257586,143
310.0,0.665116,2.4759062051951055,False,-0.1610119491257586,143
313.0,0.6697669999999999,2.4759062051951055,False,-0.1610119491257586,143
311.0,0.734884,2.4759062051951055,False,-0.17003350664278452,143
67.0,0.32093000000000005,2.7131490094204045,False,-0.17383554519567346,143
68.0,0.306977,2.7131490094204045,False,-0.17383554519567346,143
120.0,0.26976700000000003,2.5797012395235948,False,-0.17531900802654374,143
104.0,0.274419,2.5797012395235948,False,-0.17531900802654374,143
70.0,0.33488399999999996,2.0988569766757044,False,-0.1769496237980355,143
309.0,0.613953,2.4759062051951055,False,-0.1893324591314874,143
43.0,0.562791,2.4759062051951055,False,-0.191230878827236,143
35.0,0.581395,2.4759062051951055,False,-0.2029731470269122,143
40.0,0.581395,2.4759062051951055,True,-0.2029731470269122,143
101.0,0.274419,2.7131490094204045,False,-0.20863539029004058,143
196.0,0.265116,2.8192848631505347,False,-0.21739113376883612,143
122.0,0.223256,2.5797012395235948,False,-0.21785354772975693,143
8.0,0.544186,2.4759062051951055,False,-0.21833627582437842,143
298.0,0.544186,2.4759062051951055,True,-0.21833627582437842,143
9.0,0.125581,2.5797012395235948,False,-0.25410461785403365,143
76.0,0.21395299999999998,2.0988569766757044,False,-0.28389740461204016,143
77.0,0.195349,2.0988569766757044,False,-0.28389740461204016,143
7.0,0.055814,2.5300070128806373,False,-0.2846589524166422,143
92.0,0.060465,2.5300070128806373,False,-0.2846589524166422,143
12.0,0.055814,2.5300070128806373,False,-0.2846589524166422,143
107.0,0.209302,2.7131490094204045,False,-0.2866876823908112,143
119.0,0.483721,2.164352105134062,False,-0.29436463974383714,143
118.0,0.48837200000000003,2.164352105134062,False,-0.29436463974383714,143
15.0,0.539535,2.4759062051951055,False,-0.29505474730082026,143
89.0,0.18139500000000003,2.4666961439610327,False,-0.29904208301683305,143
6.0,0.534884,2.4759062051951055,False,-0.3122570268076149,143
242.0,0.125581,2.8192848631505347,False,-0.3154641308830244,143
1.0,0.08837199999999999,2.8192848631505347,False,-0.3154641308830244,143
20.0,0.08837199999999999,2.8192848631505347,False,-0.3154641308830244,143
26.0,0.08372099999999999,2.8192848631505347,False,-0.3154641308830244,143
236.0,0.08372099999999999,2.8192848631505347,False,-0.3154641308830244,143
11.0,0.09302300000000001,2.8192848631505347,False,-0.3154641308830244,143
31.0,0.08837199999999999,2.8192848631505347,False,-0.3154641308830244,143
182.0,0.13023300000000002,2.8192848631505347,False,-0.3154641308830244,143
290.0,0.09302300000000001,2.8192848631505347,False,-0.3154641308830244,143
30.0,0.102326,2.8192848631505347,False,-0.3154641308830244,143
224.0,0.395349,2.4759062051951055,False,-0.3477461374230093,143
60.0,0.265116,2.220336323311806,False,-0.34920142154769646,143
108.0,0.032558,2.8192848631505347,False,-0.3522033014003773,143
249.0,0.074419,2.8192848631505347,False,-0.3522033014003773,143
219.0,0.051163,2.8192848631505347,False,-0.3522033014003773,143
161.0,0.032558,2.8192848631505347,False,-0.3522033014003773,143
217.0,0.032558,2.8192848631505347,False,-0.3522033014003773,143
160.0,0.037209,2.8192848631505347,False,-0.3522033014003773,143
237.0,0.074419,2.8192848631505347,False,-0.3522033014003773,143
102.0,0.04186,2.8192848631505347,False,-0.3522033014003773,143
294.0,0.04186,2.8192848631505347,False,-0.3522033014003773,143
96.0,0.237209,2.220336323311806,False,-0.3828721949333313,143
91.0,0.25116299999999997,2.220336323311806,False,-0.3828721949333313,143
61.0,0.25116299999999997,2.220336323311806,False,-0.3828721949333313,143
53.0,0.237209,2.220336323311806,False,-0.3828721949333313,143
97.0,0.237209,2.220336323311806,False,-0.3828721949333313,143
57.0,0.255814,2.220336323311806,False,-0.3828721949333313,143
106.0,0.162791,2.164352105134062,False,-0.4335218252251147,143
36.0,0.5255810000000001,2.4759062051951055,False,-0.44553653163386936,143
27.0,0.08837199999999999,2.164352105134062,False,-0.45354253023853225,143
125.0,0.12093,2.164352105134062,False,-0.45354253023853225,143
16.0,0.483721,2.4759062051951055,False,-0.46927534754739225,143
28.0,0.46511600000000003,2.4759062051951055,False,-0.46927534754739225,143
296.0,0.2,2.4759062051951055,False,-0.6872254717290674,143
69.0,0.13023300000000002,2.4759062051951055,False,-0.707246176742485,143
293.0,0.134884,2.4759062051951055,False,-0.707246176742485,143
129.0,0.148837,2.4759062051951055,False,-0.707246176742485,143
128.0,0.139535,2.4759062051951055,False,-0.707246176742485,143
185.0,0.046512000000000005,2.4759062051951055,False,-0.743985347259838,143
248.0,0.037209,2.4759062051951055,False,-0.743985347259838,143
119.0,1.0,3.7571330536208536,False,0.5106615228639424,56
117.0,1.0,4.373842861656899,False,0.5020375089642034,56
118.0,0.9069769999999999,3.7571330536208536,False,0.4996260590475914,56
81.0,1.0,3.5640060680542085,False,0.47996574671078274,56
97.0,1.0,3.7474868599810933,False,0.4783717420274063,56
5.0,1.0,2.57103228155661,False,0.40466114810314296,56
71.0,1.0,4.080859017127772,False,0.3801302546171629,56
70.0,1.0,4.080859017127772,False,0.3801302546171629,56
115.0,1.0,4.3171071854678,False,0.3801302546171629,56
114.0,1.0,4.3171071854678,False,0.3801302546171629,56
295.0,0.623256,3.5640060680542085,False,0.3711289492588406,56
109.0,0.87907,4.080859017127772,False,0.3690947908008118,56
92.0,1.0,3.4792434174466806,False,0.284739792564138,56
95.0,1.0,4.285521636211022,False,0.19609623636872792,56
110.0,0.35814,3.5640060680542085,False,0.13031359751824076,56
111.0,0.362791,3.5640060680542085,False,0.13031359751824076,56
105.0,0.483721,3.7571330536208536,False,0.08996945689463776,56
66.0,0.34883699999999995,4.080859017127772,False,0.052610198558037405,56
57.0,1.0,4.340926063460508,False,0.05070457440516764,56
130.0,1.0,4.340926063460508,False,0.05070457440516764,56
302.0,1.0,4.340926063460508,False,0.05070457440516764,56
54.0,1.0,4.340926063460508,False,0.05070457440516764,56
299.0,1.0,4.340926063460508,False,0.05070457440516764,56
108.0,1.0,4.340926063460508,False,0.05070457440516764,56
249.0,1.0,4.340926063460508,False,0.05070457440516764,56
310.0,1.0,4.340926063460508,False,0.05070457440516764,56
300.0,0.7534879999999999,4.340926063460508,False,0.039669110588816586,56
311.0,0.772093,4.340926063460508,False,0.039669110588816586,56
304.0,0.7534879999999999,4.340926063460508,False,0.039669110588816586,56
312.0,0.7209300000000001,4.340926063460508,False,0.0098693859003849,56
313.0,0.702326,4.340926063460508,False,0.0098693859003849,56
301.0,0.6976739999999999,4.340926063460508,False,0.0098693859003849,56
3.0,0.683721,4.340926063460508,False,-0.016859771048263042,56
96.0,0.67907,4.340926063460508,False,-0.016859771048263042,56
39.0,0.6511629999999999,4.340926063460508,False,-0.016859771048263042,56
41.0,0.665116,4.340926063460508,False,-0.016859771048263042,56
43.0,0.6418600000000001,4.340926063460508,False,-0.04037853382707545,56
34.0,0.637209,4.340926063460508,False,-0.04037853382707545,56
40.0,0.613953,4.340926063460508,False,-0.04518028105399179,56
303.0,0.37674399999999997,4.340926063460508,False,-0.22508217681246476,56
308.0,0.404651,4.340926063460508,False,-0.22508217681246476,56
305.0,0.395349,4.340926063460508,False,-0.22508217681246476,56
306.0,0.381395,4.340926063460508,False,-0.22508217681246476,56
307.0,0.38604700000000003,4.340926063460508,False,-0.22508217681246476,56
64.0,0.23255800000000001,4.373842861656899,False,-0.23026693163966194,56
124.0,0.325581,4.080859017127772,False,-0.2713016810037778,56
76.0,0.172093,4.373842861656899,False,-0.27464845035479785,56
101.0,0.204651,4.373842861656899,False,-0.27464845035479785,56
89.0,0.18139500000000003,4.373842861656899,True,-0.27464845035479785,56
58.0,0.237209,3.7474868599810933,False,-0.27909389909169674,56
106.0,0.15814,3.7571330536208536,False,-0.28604514146847637,56
125.0,0.11627900000000001,3.7571330536208536,False,-0.28604514146847637,56
205.0,0.055814,2.57103228155661,False,-0.2932754172389309,56
77.0,0.24186,3.5640060680542085,False,-0.29963198754173653,56
102.0,0.24186,3.5640060680542085,False,-0.29963198754173653,56
91.0,0.190698,3.7474868599810933,False,-0.30649809882779605,56
142.0,0.209302,3.7474868599810933,False,-0.30649809882779605,56
53.0,0.190698,3.7474868599810933,False,-0.30649809882779605,56
50.0,0.190698,3.7474868599810933,False,-0.30649809882779605,56
61.0,0.18139500000000003,3.7474868599810933,False,-0.30649809882779605,56
60.0,0.18604700000000002,3.7474868599810933,False,-0.30649809882779605,56
63.0,0.172093,3.7474868599810933,False,-0.30649809882779605,56
107.0,0.223256,3.5640060680542085,False,-0.3108058221669768,56
79.0,0.069767,3.7571330536208536,False,-0.3227843119858293,56
26.0,0.069767,3.7571330536208536,False,-0.3227843119858293,56
297.0,0.074419,3.7571330536208536,False,-0.3227843119858293,56
45.0,0.065116,3.7571330536208536,False,-0.3227843119858293,56
78.0,0.065116,3.7571330536208536,False,-0.3227843119858293,56
132.0,0.5023259999999999,4.340926063460508,False,-0.3228725710233248,56
65.0,0.227907,4.080859017127772,False,-0.3397722994837797,56
35.0,0.148837,3.4792434174466806,False,-0.3458890118974143,56
69.0,0.153488,3.4792434174466806,False,-0.3458890118974143,56
298.0,0.144186,3.4792434174466806,False,-0.3458890118974143,56
296.0,0.148837,3.4792434174466806,False,-0.3458890118974143,56
36.0,0.148837,3.4792434174466806,False,-0.3458890118974143,56
131.0,0.218605,4.080859017127772,False,-0.3671764992198791,56
171.0,0.037209,4.3171071854678,False,-0.4284586080312584,56
52.0,0.172093,4.285521636211022,False,-0.493192738521575,56
293.0,0.18604700000000002,4.340926063460508,False,-0.5653403581326369,56
67.0,0.190698,4.340926063460508,False,-0.5653403581326369,56
116.0,0.102326,4.340926063460508,False,-0.5853610631460545,56
6.0,0.074419,4.340926063460508,False,-0.6266224669440162,56
80.0,0.074419,4.340926063460508,False,-0.6266224669440162,56
1.0,0.074419,4.340926063460508,False,-0.6266224669440162,56
11.0,0.074419,4.340926063460508,False,-0.6266224669440162,56
134.0,0.074419,4.340926063460508,False,-0.6266224669440162,56
169.0,0.065116,4.340926063460508,False,-0.6266224669440162,56
95.0,1.0,20.387940841700672,False,0.33323880450689836,453
130.0,1.0,18.478818441297644,False,0.32669282833526403,453
123.0,1.0,18.478818441297644,False,0.32669282833526403,453
202.0,1.0,18.478818441297644,False,0.32669282833526403,453
61.0,1.0,20.940305321783363,False,0.3185487307316517,453
92.0,1.0,20.557326529654908,False,0.3185487307316517,453
57.0,1.0,21.320772601513674,False,0.3185487307316517,453
108.0,1.0,15.499732488505574,False,0.2577950299984534,453
96.0,0.67907,21.320772601513674,False,0.2509843852782211,453
53.0,0.7767440000000001,21.32682416087706,False,0.1893800588508176,453
50.0,1.0,21.32682416087706,False,0.15555637522775975,453
119.0,1.0,21.28180347567116,False,0.12305554760912486,453
84.0,1.0,20.599363786747798,False,0.11982463870797004,453
85.0,1.0,20.599363786747798,False,0.11982463870797004,453
82.0,1.0,20.599363786747798,False,0.11982463870797004,453
83.0,1.0,20.599363786747798,False,0.11982463870797004,453
118.0,0.9069769999999999,21.28180347567116,False,0.11202008379277381,453
60.0,0.37674399999999997,20.940305321783363,False,0.01938587488673006,453
91.0,0.35814,20.940305321783363,False,-0.00897132532747379,453
132.0,0.5023259999999999,18.478818441297644,False,-0.07026042172051775,453
131.0,0.339535,18.478818441297644,False,-0.23901019199737247,453
105.0,0.483721,21.28180347567116,False,-0.24039758642755496,453
52.0,0.237209,20.940305321783363,False,-0.24330838833010454,453
58.0,0.25116299999999997,20.940305321783363,False,-0.24330838833010454,453
142.0,0.255814,20.940305321783363,False,-0.24330838833010454,453
49.0,0.223256,20.940305321783363,False,-0.2544822229553448,453
310.0,0.172093,20.557326529654908,False,-0.27071258806620396,453
97.0,0.23255800000000001,20.387940841700672,False,-0.28280962663242987,453
311.0,0.144186,20.557326529654908,False,-0.29073329307962154,453
36.0,0.148837,20.557326529654908,False,-0.29073329307962154,453
296.0,0.148837,20.557326529654908,False,-0.29073329307962154,453
312.0,0.144186,20.557326529654908,False,-0.29073329307962154,453
3.0,0.144186,20.557326529654908,False,-0.29073329307962154,453
69.0,0.153488,20.557326529654908,False,-0.29073329307962154,453
35.0,0.148837,20.557326529654908,False,-0.29073329307962154,453
298.0,0.144186,20.557326529654908,False,-0.29073329307962154,453
71.0,0.18604700000000002,18.478818441297644,False,-0.30013157748075187,453
64.0,0.204651,18.478818441297644,False,-0.30013157748075187,453
67.0,0.190698,18.478818441297644,False,-0.30013157748075187,453
109.0,0.190698,18.478818441297644,False,-0.30013157748075187,453
124.0,0.204651,18.478818441297644,False,-0.30013157748075187,453
76.0,0.18604700000000002,18.478818441297644,False,-0.30013157748075187,453
293.0,0.18604700000000002,18.478818441297644,False,-0.30013157748075187,453
244.0,0.08372099999999999,18.478818441297644,False,-0.32015228249416944,453
157.0,0.102326,18.478818441297644,False,-0.32015228249416944,453
15.0,0.10697699999999999,20.599363786747798,False,-0.37724829407899224,453
309.0,0.10697699999999999,20.599363786747798,False,-0.37724829407899224,453
294.0,0.134884,20.599363786747798,False,-0.37724829407899224,453
11.0,0.125581,20.599363786747798,False,-0.37724829407899224,453
6.0,0.097674,20.599363786747798,False,-0.37724829407899224,453
18.0,0.111628,20.599363786747798,False,-0.37724829407899224,453
47.0,0.111628,20.599363786747798,False,-0.37724829407899224,453
45.0,0.102326,20.599363786747798,False,-0.37724829407899224,453
25.0,0.102326,20.599363786747798,False,-0.37724829407899224,453
56.0,0.10697699999999999,20.599363786747798,False,-0.37724829407899224,453
22.0,0.10697699999999999,20.599363786747798,False,-0.37724829407899224,453
20.0,0.08837199999999999,20.599363786747798,False,-0.37724829407899224,453
31.0,0.08837199999999999,20.599363786747798,False,-0.37724829407899224,453
125.0,0.11627900000000001,21.28180347567116,False,-0.3863882635118843,453
106.0,0.15814,21.28180347567116,False,-0.3863882635118843,453
78.0,0.065116,21.28180347567116,False,-0.42764966730984616,453
297.0,0.074419,21.28180347567116,False,-0.42764966730984616,453
79.0,0.069767,21.28180347567116,False,-0.42764966730984616,453
26.0,0.069767,21.28180347567116,False,-0.42764966730984616,453
106.0,1.0,1.3531530748370189,False,0.6239746136326009,10
62.0,1.0,2.1967029962283506,False,0.5532311617899859,10
84.0,1.0,2.1967029962283506,False,0.5532311617899859,10
79.0,1.0,2.1967029962283506,False,0.5532311617899859,10
78.0,1.0,2.1967029962283506,False,0.5532311617899859,10
73.0,1.0,2.1967029962283506,False,0.5532311617899859,10
76.0,1.0,2.1967029962283506,False,0.5532311617899859,10
70.0,1.0,2.1967029962283506,False,0.5532311617899859,10
57.0,1.0,2.1967029962283506,False,0.5532311617899859,10
65.0,1.0,2.1967029962283506,False,0.5532311617899859,10
61.0,1.0,2.1967029962283506,False,0.5532311617899859,10
59.0,1.0,2.1967029962283506,False,0.5532311617899859,10
60.0,1.0,2.1967029962283506,False,0.5532311617899859,10
69.0,1.0,2.1967029962283506,False,0.5532311617899859,10
64.0,1.0,2.1967029962283506,False,0.5532311617899859,10
56.0,1.0,2.1967029962283506,False,0.5532311617899859,10
289.0,1.0,2.1967029962283506,False,0.5532311617899859,10
55.0,1.0,2.1967029962283506,False,0.5532311617899859,10
103.0,1.0,2.1967029962283506,False,0.5532311617899859,10
288.0,1.0,2.1967029962283506,False,0.5532311617899859,10
141.0,1.0,2.1967029962283506,False,0.5532311617899859,10
109.0,0.87907,2.1967029962283506,False,0.5421956979736349,10
168.0,1.0,2.1295188462698906,True,0.5373390564537448,10
156.0,1.0,2.1295188462698906,False,0.5373390564537448,10
178.0,1.0,2.1295188462698906,False,0.5373390564537448,10
143.0,1.0,2.1295188462698906,False,0.5373390564537448,10
189.0,1.0,2.1295188462698906,False,0.5373390564537448,10
134.0,1.0,2.1295188462698906,False,0.5373390564537448,10
136.0,1.0,2.1295188462698906,False,0.5373390564537448,10
174.0,1.0,2.1295188462698906,False,0.5373390564537448,10
101.0,1.0,2.1416932301721503,False,0.5356833475310558,10
71.0,0.744186,2.1967029962283506,False,0.5123959732852033,10
77.0,0.702326,2.1967029962283506,False,0.5123959732852033,10
1.0,1.0,1.950622305067128,False,0.5063709189373097,10
6.0,0.809302,1.950622305067128,False,0.49533545512095867,10
107.0,0.655814,2.1967029962283506,False,0.48566681633655523,10
96.0,0.67907,2.1967029962283506,False,0.48566681633655523,10
124.0,1.0,1.665038020435804,False,0.48242409441631656,10
105.0,1.0,1.347000888821493,False,0.482150298833801,10
7.0,0.660465,1.950622305067128,False,0.43880657348387897,10
169.0,0.553488,2.1295188462698906,False,0.41617967667154737,10
8.0,0.6418600000000001,1.950622305067128,False,0.4152878107050665,10
309.0,0.6,1.950622305067128,False,0.37346927095543614,10
40.0,1.0,2.0443694297512987,False,0.3251147111126454,10
41.0,1.0,2.0443694297512987,True,0.3251147111126454,10
42.0,1.0,2.0443694297512987,False,0.3251147111126454,10
298.0,1.0,2.0443694297512987,False,0.3251147111126454,10
39.0,1.0,2.0443694297512987,False,0.3251147111126454,10
3.0,1.0,2.0443694297512987,False,0.3251147111126454,10
43.0,1.0,2.0443694297512987,False,0.3251147111126454,10
34.0,0.7860469999999999,2.0443694297512987,False,0.31407924729629433,10
36.0,0.87907,2.0443694297512987,False,0.31407924729629433,10
311.0,0.734884,2.0443694297512987,False,0.28427952260786266,10
312.0,0.739535,2.0443694297512987,False,0.28427952260786266,10
313.0,0.730233,2.0443694297512987,False,0.28427952260786266,10
12.0,0.539535,1.950622305067128,False,0.28138767068152803,10
310.0,0.665116,2.0443694297512987,False,0.25755036565921463,10
83.0,0.530233,2.1967029962283506,False,0.24735560408801455,10
18.0,0.530233,1.950622305067128,True,0.23759171280868024,10
75.0,0.395349,2.1967029962283506,False,0.2169719543717224,10
32.0,0.623256,2.0443694297512987,False,0.21627791366070334,10
314.0,0.627907,2.0443694297512987,False,0.21627791366070334,10
38.0,0.562791,2.0443694297512987,True,0.2039553313304481,10
35.0,0.581395,2.0443694297512987,False,0.1922130631307719,10
33.0,0.581395,2.0443694297512987,False,0.1922130631307719,10
53.0,0.367442,2.1967029962283506,False,0.18857009108947342,10
50.0,0.372093,2.1967029962283506,False,0.18857009108947342,10
91.0,0.367442,2.1967029962283506,False,0.18857009108947342,10
74.0,0.35814,2.1967029962283506,False,0.17621286765459582,10
125.0,0.372093,1.3531530748370189,False,0.16721423101685412,10
88.0,1.0,1.5156813974345618,False,0.15404272912188482,10
274.0,1.0,1.3928598433045325,False,0.15358540233508877,10
171.0,1.0,1.3928598433045325,False,0.15358540233508877,10
116.0,1.0,1.3928598433045325,False,0.15358540233508877,10
82.0,0.497674,2.1967029962283506,False,0.1191815601608623,10
102.0,0.474419,2.1967029962283506,False,0.09544274424733934,10
85.0,0.49302300000000004,2.1967029962283506,False,0.09544274424733934,10
135.0,0.483721,2.1295188462698906,False,0.09451489735102381,10
2.0,0.47906999999999994,1.950622305067128,True,0.08567885296800504,10
24.0,0.48837200000000003,1.950622305067128,True,0.08567885296800504,10
15.0,0.47906999999999994,1.950622305067128,False,0.08567885296800504,10
87.0,0.637209,1.5156813974345618,False,0.0629596208896417,10
119.0,0.483721,1.347000888821493,False,-0.02939706755686479,10
118.0,0.48837200000000003,1.347000888821493,False,-0.02939706755686479,10
192.0,0.339535,2.1295188462698906,False,-0.1400984178851139,10
66.0,0.33488399999999996,2.1967029962283506,False,-0.1885072930792262,10
67.0,0.32093000000000005,2.1967029962283506,False,-0.2018903239847914,10
68.0,0.306977,2.1967029962283506,False,-0.2018903239847914,10
104.0,0.306977,2.1967029962283506,False,-0.2018903239847914,10
121.0,0.306977,2.1967029962283506,False,-0.2018903239847914,10
120.0,0.297674,2.1967029962283506,False,-0.2018903239847914,10
11.0,0.32093000000000005,2.1967029962283506,False,-0.2018903239847914,10
27.0,0.30232600000000004,2.1967029962283506,False,-0.2018903239847914,10
20.0,0.293023,2.1967029962283506,False,-0.2018903239847914,10
9.0,0.330233,2.1967029962283506,False,-0.2018903239847914,10
28.0,0.30232600000000004,2.1967029962283506,False,-0.2018903239847914,10
30.0,0.293023,2.1967029962283506,False,-0.2018903239847914,10
122.0,0.274419,2.1967029962283506,False,-0.22007184253665124,10
58.0,0.265116,2.1967029962283506,False,-0.22007184253665124,10
196.0,0.265116,2.1295188462698906,False,-0.22098979091606236,10
89.0,0.237209,2.1416932301721503,False,-0.22946999643769111,10
295.0,0.24186,2.1416932301721503,False,-0.22946999643769111,10
111.0,0.237209,2.1416932301721503,False,-0.22946999643769111,10
81.0,0.25116299999999997,2.1967029962283506,False,-0.2537426159222861,10
142.0,0.24186,2.1967029962283506,False,-0.2537426159222861,10
52.0,0.25116299999999997,2.1967029962283506,False,-0.2537426159222861,10
108.0,0.237209,2.1967029962283506,False,-0.2537426159222861,10
117.0,0.23255800000000001,2.1967029962283506,False,-0.2537426159222861,10
49.0,0.227907,2.1967029962283506,False,-0.2537426159222861,10
293.0,0.223256,2.1416932301721503,False,-0.2576211500419679,10
190.0,0.17674399999999998,2.1967029962283506,False,-0.2981241346374219,10
51.0,0.18139500000000003,2.1967029962283506,False,-0.2981241346374219,10
45.0,0.172093,2.1967029962283506,True,-0.2981241346374219,10
97.0,0.18604700000000002,2.1967029962283506,False,-0.2981241346374219,10
95.0,0.2,2.1967029962283506,False,-0.2981241346374219,10
25.0,0.09302300000000001,2.1967029962283506,True,-0.31780819304881874,10
301.0,0.13023300000000002,2.1967029962283506,False,-0.31780819304881874,10
302.0,0.11627900000000001,2.1967029962283506,False,-0.31780819304881874,10
31.0,0.08837199999999999,2.1967029962283506,False,-0.31780819304881874,10
294.0,0.134884,2.1967029962283506,False,-0.31780819304881874,10
98.0,0.144186,2.1967029962283506,False,-0.31780819304881874,10
306.0,0.134884,2.1967029962283506,False,-0.31780819304881874,10
304.0,0.11627900000000001,2.1967029962283506,False,-0.31780819304881874,10
305.0,0.12093,2.1967029962283506,False,-0.31780819304881874,10
307.0,0.11627900000000001,2.1967029962283506,False,-0.31780819304881874,10
300.0,0.11627900000000001,2.1967029962283506,False,-0.31780819304881874,10
308.0,0.125581,2.1967029962283506,False,-0.31780819304881874,10
47.0,0.134884,2.1967029962283506,False,-0.31780819304881874,10
296.0,0.144186,2.1967029962283506,False,-0.31780819304881874,10
26.0,0.08372099999999999,2.1295188462698906,False,-0.31872614142822986,10
182.0,0.13023300000000002,2.1295188462698906,False,-0.31872614142822986,10
44.0,0.08372099999999999,2.1295188462698906,True,-0.31872614142822986,10
242.0,0.125581,2.1295188462698906,False,-0.31872614142822986,10
236.0,0.08372099999999999,2.1295188462698906,False,-0.31872614142822986,10
290.0,0.09302300000000001,2.1295188462698906,False,-0.31872614142822986,10
37.0,0.08837199999999999,1.3531530748370189,False,-0.3225358280620262,10
17.0,0.08837199999999999,1.3531530748370189,False,-0.3225358280620262,10
86.0,0.5162789999999999,1.5156813974345618,False,-0.3337658213552581,10
90.0,0.5023259999999999,1.5156813974345618,False,-0.3337658213552581,10
284.0,0.046512000000000005,2.1967029962283506,False,-0.3545473635661717,10
208.0,0.055814,2.1967029962283506,False,-0.3545473635661717,10
232.0,0.037209,2.1967029962283506,False,-0.3545473635661717,10
280.0,0.046512000000000005,2.1967029962283506,False,-0.3545473635661717,10
161.0,0.032558,2.1295188462698906,False,-0.35546531194558284,10
217.0,0.032558,2.1295188462698906,False,-0.35546531194558284,10
160.0,0.037209,2.1295188462698906,False,-0.35546531194558284,10
219.0,0.051163,2.1295188462698906,False,-0.35546531194558284,10
237.0,0.074419,2.1295188462698906,False,-0.35546531194558284,10
249.0,0.074419,2.1295188462698906,False,-0.35546531194558284,10
22.0,0.04186,2.1295188462698906,True,-0.35546531194558284,10
285.0,0.26976700000000003,1.3928598433045325,False,-0.5724664364344907,10
100.0,0.15814,1.3928598433045325,False,-0.6339380806809234,10
127.0,0.10697699999999999,1.3928598433045325,False,-0.6339380806809234,10
177.0,0.139535,1.3928598433045325,False,-0.6339380806809234,10
80.0,0.11627900000000001,1.3928598433045325,False,-0.6339380806809234,10
246.0,0.055814,1.3928598433045325,False,-0.6706772511982764,10
262.0,0.04186,1.3928598433045325,False,-0.6706772511982764,10
114.0,0.037209,1.3928598433045325,False,-0.6706772511982764,10
115.0,0.04186,1.3928598433045325,False,-0.6706772511982764,10
92.0,0.060465,1.5156813974345618,False,-0.6871847960729127,10
64.0,1.0,1.5319057632599333,False,0.555070751724712,389
65.0,1.0,1.5319057632599333,False,0.555070751724712,389
27.0,1.0,1.9845823526510533,False,0.5449752439154081,389
22.0,1.0,1.9845823526510533,False,0.5449752439154081,389
50.0,1.0,1.9845823526510533,False,0.5449752439154081,389
20.0,1.0,1.9845823526510533,False,0.5449752439154081,389
21.0,1.0,1.9845823526510533,False,0.5449752439154081,389
16.0,1.0,1.9845823526510533,False,0.5449752439154081,389
12.0,1.0,1.9845823526510533,False,0.5449752439154081,389
17.0,1.0,1.9845823526510533,False,0.5449752439154081,389
18.0,1.0,1.9845823526510533,False,0.5449752439154081,389
11.0,1.0,1.9845823526510533,False,0.5449752439154081,389
8.0,1.0,1.9845823526510533,False,0.5449752439154081,389
10.0,1.0,1.9845823526510533,False,0.5449752439154081,389
14.0,0.9953489999999999,1.9845823526510533,False,0.5449752439154081,389
6.0,1.0,1.9845823526510533,False,0.5449752439154081,389
7.0,1.0,1.9845823526510533,False,0.5449752439154081,389
15.0,1.0,1.9845823526510533,False,0.5449752439154081,389
23.0,0.9953489999999999,1.9845823526510533,False,0.5449752439154081,389
38.0,1.0,1.9845823526510533,False,0.5449752439154081,389
34.0,1.0,1.9845823526510533,False,0.5449752439154081,389
2.0,1.0,1.9845823526510533,False,0.5449752439154081,389
1.0,1.0,1.9845823526510533,False,0.5449752439154081,389
29.0,1.0,1.9845823526510533,False,0.5449752439154081,389
28.0,1.0,1.9845823526510533,False,0.5449752439154081,389
30.0,1.0,1.9845823526510533,False,0.5449752439154081,389
31.0,1.0,1.9845823526510533,False,0.5449752439154081,389
32.0,1.0,1.9845823526510533,False,0.5449752439154081,389
33.0,1.0,1.9845823526510533,False,0.5449752439154081,389
110.0,1.0,1.9845823526510533,False,0.5449752439154081,389
26.0,1.0,1.9845823526510533,False,0.5449752439154081,389
55.0,1.0,1.9845823526510533,False,0.5449752439154081,389
73.0,1.0,1.9845823526510533,False,0.5449752439154081,389
87.0,1.0,1.9845823526510533,False,0.5449752439154081,389
123.0,1.0,1.9845823526510533,False,0.5449752439154081,389
71.0,1.0,1.9443760001118924,False,0.5373390564537448,389
70.0,1.0,1.9443760001118924,False,0.5373390564537448,389
13.0,0.846512,1.9845823526510533,False,0.5339397800990571,389
19.0,0.967442,1.9845823526510533,False,0.5339397800990571,389
41.0,0.7860469999999999,1.9845823526510533,False,0.5339397800990571,389
53.0,0.7767440000000001,1.9845823526510533,False,0.5339397800990571,389
314.0,0.8046510000000001,1.9845823526510533,False,0.5339397800990571,389
109.0,0.87907,1.9443760001118924,False,0.5263035926373938,389
311.0,0.6930230000000001,1.9845823526510533,False,0.5041400554106255,389
111.0,0.734884,1.9845823526510533,False,0.5041400554106255,389
304.0,1.0,0.8880690539157485,False,0.4856077026397972,389
302.0,1.0,0.8880690539157485,False,0.4856077026397972,389
299.0,1.0,0.8880690539157485,False,0.4856077026397972,389
307.0,1.0,0.8880690539157485,False,0.4856077026397972,389
58.0,1.0,1.2181380152725563,False,0.482150298833801,389
9.0,0.67907,1.9845823526510533,False,0.47741089846197754,389
312.0,0.655814,1.9845823526510533,False,0.47741089846197754,389
300.0,0.7534879999999999,0.8880690539157485,False,0.4745722388234461,389
298.0,1.0,1.0468587546417423,False,0.47414853776570537,389
130.0,1.0,1.0468587546417423,False,0.47414853776570537,389
107.0,1.0,1.0468587546417423,False,0.47414853776570537,389
177.0,1.0,1.161473999410846,True,0.4648024086010985,389
310.0,0.772093,1.0468587546417423,False,0.4631130739493543,389
36.0,0.87907,1.0468587546417423,False,0.4631130739493543,389
313.0,0.790698,1.0468587546417423,False,0.4631130739493543,389
88.0,0.637209,1.9845823526510533,False,0.45389213568316505,389
305.0,0.706977,0.8880690539157485,False,0.4447725141350144,389
301.0,0.6976739999999999,0.8880690539157485,False,0.4447725141350144,389
308.0,0.7488370000000001,0.8880690539157485,False,0.4447725141350144,389
306.0,0.6976739999999999,0.8880690539157485,False,0.4447725141350144,389
39.0,0.613953,1.9845823526510533,False,0.43613844646346606,389
40.0,0.623256,1.9845823526510533,False,0.43613844646346606,389
43.0,0.7209300000000001,1.0468587546417423,False,0.4333133492609226,389
309.0,0.5906980000000001,1.9845823526510533,False,0.4120735959335346,389
35.0,0.567442,1.9845823526510533,False,0.4120735959335346,389
76.0,0.655814,1.0468587546417423,False,0.4065841923122746,389
77.0,0.660465,1.0468587546417423,False,0.4065841923122746,389
24.0,0.539535,1.9845823526510533,False,0.2978599025262102,389
37.0,0.390698,1.9845823526510533,False,0.22368029493707026,389
295.0,0.38604700000000003,1.9845823526510533,False,0.22368029493707026,389
78.0,0.404651,1.9845823526510533,False,0.22368029493707026,389
75.0,0.395349,1.5319057632599333,False,0.20710268244934946,389
61.0,0.372093,1.9845823526510533,False,0.19527843165482128,389
25.0,0.367442,1.9845823526510533,False,0.19527843165482128,389
74.0,0.35814,1.5319057632599333,False,0.19261183605527585,389
60.0,0.362791,1.9845823526510533,False,0.18292120821994368,389
81.0,0.35814,1.9845823526510533,False,0.18292120821994368,389
66.0,0.34883699999999995,1.9443760001118924,False,0.17528502075828029,389
117.0,1.0,1.4146785999248446,False,0.1632454772305382,389
90.0,0.497674,1.9845823526510533,False,0.12588990072621017,389
79.0,0.413953,1.9845823526510533,False,0.10215108481268721,389
103.0,0.418605,1.9845823526510533,False,0.10215108481268721,389
62.0,0.432558,1.9845823526510533,False,0.10215108481268721,389
86.0,0.49302300000000004,1.9845823526510533,False,0.10215108481268721,389
142.0,0.390698,1.2181380152725563,False,0.09213214256751823,389
303.0,0.37674399999999997,0.8880690539157485,False,0.08062528793358878,389
124.0,0.30232600000000004,1.5319057632599333,False,0.025310306020429732,389
67.0,0.32093000000000005,1.5319057632599333,False,0.025310306020429732,389
68.0,0.306977,1.5319057632599333,False,0.025310306020429732,389
101.0,0.274419,1.5319057632599333,False,-0.009489539073937361,389
132.0,0.5023259999999999,1.0468587546417423,False,-0.02862427115136308,389
102.0,0.432558,1.0468587546417423,False,-0.05236308706488603,389
104.0,0.30232600000000004,1.9845823526510533,False,-0.19518198341944354,389
120.0,0.297674,1.9845823526510533,False,-0.19518198341944354,389
121.0,0.311628,1.9845823526510533,False,-0.19518198341944354,389
91.0,0.325581,1.9845823526510533,False,-0.19518198341944354,389
131.0,0.339535,1.0468587546417423,False,-0.1999454420751351,389
122.0,0.274419,1.9845823526510533,False,-0.21336350197130338,389
57.0,0.255814,1.2181380152725563,False,-0.2706868125376375,389
108.0,0.227907,1.2181380152725563,False,-0.2706868125376375,389
97.0,0.237209,1.2181380152725563,False,-0.2706868125376375,389
96.0,0.237209,1.2181380152725563,False,-0.2706868125376375,389
49.0,0.195349,1.9845823526510533,False,-0.291415794072074,389
52.0,0.21395299999999998,1.9845823526510533,False,-0.291415794072074,389
293.0,0.18604700000000002,1.0468587546417423,False,-0.29622381553417404,389
171.0,0.139535,1.161473999410846,False,-0.32690807121275933,389
45.0,0.04186,1.9845823526510533,False,-0.34783902300082387,389
84.0,0.046512000000000005,1.9845823526510533,False,-0.34783902300082387,389
89.0,0.18139500000000003,1.4146785999248446,False,-0.48416930584331275,389
71.0,1.0,1.571067528068365,False,0.6336091621698733,79
70.0,1.0,1.571067528068365,False,0.6336091621698733,79
109.0,0.87907,1.571067528068365,False,0.6225736983535223,79
111.0,1.0,1.7543328359672532,False,0.5606007376432863,79
57.0,1.0,2.083200781697627,True,0.5373390564537448,79
91.0,1.0,2.083200781697627,False,0.5373390564537448,79
96.0,1.0,2.083200781697627,False,0.5373390564537448,79
52.0,1.0,2.083200781697627,False,0.5373390564537448,79
58.0,1.0,2.083200781697627,False,0.5373390564537448,79
192.0,1.0,2.083200781697627,False,0.5373390564537448,79
274.0,1.0,2.083200781697627,False,0.5373390564537448,79
49.0,0.781395,2.083200781697627,False,0.5263035926373938,79
110.0,1.0,2.1294649390121,False,0.5249043549234997,79
97.0,1.0,1.926317095703026,False,0.5199911662210424,79
114.0,1.0,1.2598582801532974,False,0.48869627500543544,79
115.0,1.0,1.2598582801532974,False,0.48869627500543544,79
142.0,0.390698,2.083200781697627,False,0.21604410747540687,79
295.0,0.38604700000000003,2.1294649390121,False,0.20360940594516186,79
60.0,0.367442,2.083200781697627,False,0.1876422441931579,79
66.0,0.34883699999999995,1.571067528068365,False,0.17945581455917475,79
61.0,0.35814,2.083200781697627,False,0.17528502075828029,79
81.0,0.35814,2.1294649390121,False,0.16285031922803528,79
119.0,1.0,1.8974920771308763,False,0.021163580793966266,79
118.0,0.9069769999999999,1.8974920771308763,False,0.010128116977615217,79
136.0,0.339535,2.083200781697627,False,-0.1400984178851139,79
53.0,0.330233,2.083200781697627,False,-0.18618994582169524,79
50.0,0.325581,2.083200781697627,False,-0.18618994582169524,79
124.0,0.325581,1.571067528068365,False,-0.1986473770802124,79
285.0,0.26976700000000003,2.083200781697627,False,-0.22098979091606236,79
95.0,0.23255800000000001,1.926317095703026,False,-0.24681624585028628,79
108.0,0.237209,2.083200781697627,True,-0.2546605643016972,79
76.0,0.24186,1.571067528068365,False,-0.26711799556021426,79
65.0,0.227907,1.571067528068365,False,-0.26711799556021426,79
101.0,0.24186,1.571067528068365,False,-0.26711799556021426,79
63.0,0.172093,1.926317095703026,False,-0.2911977645654222,79
64.0,0.223256,1.571067528068365,False,-0.29526914916449093,79
77.0,0.223256,1.571067528068365,False,-0.29526914916449093,79
107.0,0.237209,1.7543328359672532,False,-0.2983059863432764,79
102.0,0.190698,2.1294649390121,False,-0.31147678454707806,79
131.0,0.218605,1.571067528068365,False,-0.31149951427535005,79
237.0,0.09302300000000001,2.083200781697627,False,-0.31872614142822986,79
100.0,0.15814,2.083200781697627,False,-0.31872614142822986,79
171.0,0.04186,1.3517831121783286,False,-0.3545072722972202,79
246.0,0.055814,2.083200781697627,False,-0.35546531194558284,79
236.0,0.065116,2.083200781697627,False,-0.35546531194558284,79
262.0,0.04186,2.083200781697627,False,-0.35546531194558284,79
105.0,0.483721,1.8974920771308763,False,-0.3982844736814654,79
106.0,0.15814,1.8974920771308763,False,-0.6742605903068118,79
125.0,0.11627900000000001,1.8974920771308763,False,-0.6742605903068118,79
297.0,0.074419,1.8974920771308763,False,-0.7155219941047735,79
26.0,0.069767,1.8974920771308763,False,-0.7155219941047735,79
45.0,0.065116,1.8974920771308763,False,-0.7155219941047735,79
79.0,0.069767,1.8974920771308763,False,-0.7155219941047735,79
78.0,0.065116,1.8974920771308763,False,-0.7155219941047735,79
307.0,1.0,1.172110551908795,True,0.4980424041700422,81
308.0,1.0,1.1495854188691315,True,0.47626157347519044,81
305.0,0.7534879999999999,1.1495854188691315,False,0.46522610965883937,81
306.0,0.6976739999999999,1.172110551908795,False,0.4572072156652594,81
113.0,1.0,3.8925426124332634,False,0.44840447327342925,81
122.0,1.0,4.144869288533864,False,0.3833611635183177,81
89.0,1.0,5.103294948028403,False,0.33904515346031133,81
66.0,1.0,5.43610024777418,False,0.2902958576170883,81
103.0,1.0,4.511211042990349,False,0.18140616259348125,81
302.0,0.38604700000000003,1.172110551908795,True,0.09305998946383379,81
304.0,0.367442,1.172110551908795,True,0.09092636650463773,81
300.0,0.367442,1.172110551908795,False,0.09092636650463773,81
301.0,0.38604700000000003,1.1495854188691315,False,0.0862434172089076,81
79.0,0.604651,4.511211042990349,False,0.0842552290772816,81
78.0,0.604651,4.511211042990349,False,0.0842552290772816,81
299.0,0.34883699999999995,1.172110551908795,True,0.07856914306976018,81
109.0,0.35348799999999997,5.43610024777418,False,0.07222943423456152,81
71.0,0.34883699999999995,5.43610024777418,False,0.07222943423456152,81
177.0,1.0,5.106520111535822,False,0.03754125797553702,81
303.0,0.506977,1.1495854188691315,True,-0.011546977001952494,81
55.0,0.418605,4.511211042990349,False,-0.18204697144319865,81
62.0,0.437209,4.511211042990349,False,-0.18204697144319865,81
117.0,1.0,4.787772170446199,False,-0.20672370478087812,81
70.0,0.33488399999999996,5.43610024777418,False,-0.2382994144216884,81
124.0,0.288372,5.43610024777418,False,-0.2697774925194289,81
104.0,0.30232600000000004,4.144869288533864,False,-0.28044165043666985,81
120.0,0.293023,4.144869288533864,False,-0.28044165043666985,81
101.0,0.237209,5.103294948028403,False,-0.28380565446695527,81
121.0,0.274419,4.144869288533864,False,-0.31524149553103703,81
64.0,0.227907,5.43610024777418,False,-0.32015306380725556,81
295.0,0.190698,5.103294948028403,False,-0.3281871731820911,81
81.0,0.17674399999999998,5.103294948028403,False,-0.3281871731820911,81
65.0,0.195349,5.103294948028403,False,-0.3281871731820911,81
129.0,0.17674399999999998,5.103294948028403,False,-0.3281871731820911,81
77.0,0.195349,5.43610024777418,False,-0.34755726354335487,81
76.0,0.21395299999999998,5.43610024777418,False,-0.34755726354335487,81
162.0,0.037209,3.8925426124332634,False,-0.35208621833431125,81
154.0,0.051163,3.8925426124332634,False,-0.35208621833431125,81
93.0,0.051163,3.8925426124332634,False,-0.35208621833431125,81
146.0,0.074419,3.8925426124332634,False,-0.35208621833431125,81
267.0,0.032558,3.8925426124332634,False,-0.35208621833431125,81
255.0,0.032558,3.8925426124332634,False,-0.35208621833431125,81
312.0,0.10697699999999999,4.144869288533864,False,-0.39633717366618876,81
9.0,0.125581,4.511211042990349,False,-0.4737122052326674,81
171.0,0.139535,5.106520111535822,False,-0.5520293895150065,81
119.0,1.0,4.455564882801341,False,0.5253515966391891,75
118.0,0.9069769999999999,4.455564882801341,False,0.5143161328228381,75
115.0,1.0,4.824249691367722,False,0.45986363814752107,75
57.0,1.0,4.770015087081496,False,0.4565191220221352,75
299.0,1.0,4.770015087081496,False,0.4565191220221352,75
249.0,1.0,4.770015087081496,False,0.4565191220221352,75
54.0,1.0,4.770015087081496,False,0.4565191220221352,75
130.0,1.0,4.770015087081496,False,0.4565191220221352,75
310.0,1.0,4.770015087081496,False,0.4565191220221352,75
302.0,1.0,4.770015087081496,False,0.4565191220221352,75
108.0,1.0,4.770015087081496,False,0.4565191220221352,75
300.0,0.7534879999999999,4.770015087081496,False,0.4454836582057841,75
311.0,0.772093,4.770015087081496,False,0.4454836582057841,75
304.0,0.7534879999999999,4.770015087081496,False,0.4454836582057841,75
312.0,0.7209300000000001,4.770015087081496,False,0.4156839335173524,75
301.0,0.6976739999999999,4.770015087081496,False,0.4156839335173524,75
313.0,0.702326,4.770015087081496,False,0.4156839335173524,75
114.0,0.6511629999999999,4.824249691367722,False,0.3922992926940904,75
41.0,0.665116,4.770015087081496,False,0.3889547765687044,75
3.0,0.683721,4.770015087081496,False,0.3889547765687044,75
96.0,0.67907,4.770015087081496,False,0.3889547765687044,75
39.0,0.6511629999999999,4.770015087081496,False,0.3889547765687044,75
71.0,1.0,5.055657648351258,False,0.3833611635183177,75
70.0,1.0,5.055657648351258,False,0.3833611635183177,75
109.0,0.87907,5.055657648351258,False,0.37232569970196666,75
97.0,1.0,4.887707760522254,False,0.37201560586845706,75
34.0,0.637209,4.770015087081496,False,0.36543601378989204,75
43.0,0.6418600000000001,4.770015087081496,False,0.36543601378989204,75
5.0,1.0,4.875402101260519,False,0.3570152965246572,75
40.0,0.613953,4.770015087081496,False,0.34768232457019305,75
89.0,1.0,3.4792434174466806,False,0.284739792564138,75
303.0,0.37674399999999997,4.770015087081496,False,0.15735626617721335,75
305.0,0.395349,4.770015087081496,False,0.15735626617721335,75
308.0,0.404651,4.770015087081496,False,0.15735626617721335,75
307.0,0.38604700000000003,4.770015087081496,False,0.15735626617721335,75
306.0,0.381395,4.770015087081496,False,0.15735626617721335,75
105.0,0.483721,4.455564882801341,False,0.10465953066988438,75
132.0,0.5023259999999999,4.770015087081496,False,0.05956587196635338,75
66.0,0.34883699999999995,5.055657648351258,False,0.055841107459192255,75
95.0,1.0,3.066053430022444,False,-0.005513952795836077,75
81.0,1.0,3.65473224830108,False,-0.10691766154216481,75
295.0,0.623256,3.65473224830108,False,-0.1426123066393676,75
131.0,0.339535,4.770015087081496,False,-0.16119216399627115,75
142.0,0.293023,4.770015087081496,False,-0.20728369193285248,75
58.0,0.255814,4.770015087081496,False,-0.2757543104128544,75
124.0,0.325581,5.055657648351258,False,-0.28044165043666985,75
101.0,0.237209,3.4792434174466806,False,-0.2814867881688609,75
111.0,0.362791,3.65473224830108,False,-0.2974718331077657,75
110.0,0.35814,3.65473224830108,False,-0.2974718331077657,75
293.0,0.18604700000000002,4.770015087081496,False,-0.30315851014895384,75
67.0,0.190698,4.770015087081496,False,-0.30315851014895384,75
53.0,0.16744199999999998,4.770015087081496,False,-0.30315851014895384,75
52.0,0.16744199999999998,4.770015087081496,False,-0.30315851014895384,75
91.0,0.204651,4.770015087081496,False,-0.30315851014895384,75
60.0,0.172093,4.770015087081496,False,-0.30315851014895384,75
61.0,0.172093,4.770015087081496,False,-0.30315851014895384,75
64.0,0.204651,4.770015087081496,False,-0.30315851014895384,75
76.0,0.18604700000000002,4.770015087081496,False,-0.30315851014895384,75
116.0,0.102326,4.770015087081496,False,-0.3231792151623714,75
125.0,0.11627900000000001,4.455564882801341,False,-0.32554637977080164,75
106.0,0.15814,4.455564882801341,False,-0.32554637977080164,75
65.0,0.195349,3.4792434174466806,False,-0.32586830688399676,75
117.0,0.18139500000000003,3.4792434174466806,False,-0.32586830688399676,75
129.0,0.17674399999999998,3.4792434174466806,False,-0.32586830688399676,75
50.0,0.190698,4.887707760522254,False,-0.3548220985938573,75
63.0,0.172093,4.887707760522254,False,-0.3548220985938573,75
77.0,0.223256,5.055657648351258,False,-0.3600861035419121,75
297.0,0.074419,4.455564882801341,False,-0.3622855502881546,75
26.0,0.069767,4.455564882801341,False,-0.3622855502881546,75
78.0,0.065116,4.455564882801341,False,-0.3622855502881546,75
45.0,0.065116,4.455564882801341,False,-0.3622855502881546,75
79.0,0.069767,4.455564882801341,False,-0.3622855502881546,75
80.0,0.074419,4.770015087081496,False,-0.36444061896033314,75
134.0,0.074419,4.770015087081496,False,-0.36444061896033314,75
1.0,0.074419,4.770015087081496,False,-0.36444061896033314,75
69.0,0.074419,4.770015087081496,False,-0.36444061896033314,75
11.0,0.074419,4.770015087081496,False,-0.36444061896033314,75
169.0,0.065116,4.770015087081496,False,-0.36444061896033314,75
6.0,0.074419,4.770015087081496,False,-0.36444061896033314,75
205.0,0.055814,4.875402101260519,False,-0.36532283754593414,75
171.0,0.04186,4.824249691367722,False,-0.3824474872037445,75
102.0,0.24186,3.65473224830108,False,-0.561741864740009,75
107.0,0.223256,3.65473224830108,False,-0.5729156993652492,75
302.0,1.0,2.083200781697627,False,0.5373390564537448,78
310.0,1.0,2.083200781697627,False,0.5373390564537448,78
54.0,1.0,2.083200781697627,False,0.5373390564537448,78
108.0,1.0,2.083200781697627,False,0.5373390564537448,78
57.0,1.0,2.083200781697627,True,0.5373390564537448,78
130.0,1.0,2.083200781697627,False,0.5373390564537448,78
249.0,1.0,2.083200781697627,False,0.5373390564537448,78
299.0,1.0,2.083200781697627,False,0.5373390564537448,78
300.0,0.7534879999999999,2.083200781697627,False,0.5263035926373938,78
311.0,0.772093,2.083200781697627,False,0.5263035926373938,78
304.0,0.7534879999999999,2.083200781697627,False,0.5263035926373938,78
312.0,0.7209300000000001,2.083200781697627,False,0.496503867948962,78
301.0,0.734884,2.083200781697627,False,0.496503867948962,78
313.0,0.702326,2.083200781697627,False,0.496503867948962,78
111.0,1.0,1.3736330879290835,False,0.4832652947271821,78
96.0,0.67907,2.083200781697627,True,0.46977471100031404,78
3.0,0.683721,2.083200781697627,False,0.46977471100031404,78
41.0,0.665116,2.083200781697627,False,0.46977471100031404,78
39.0,0.6511629999999999,2.083200781697627,False,0.46977471100031404,78
307.0,1.0,1.4629961183780176,False,0.4569995225896148,78
43.0,0.6418600000000001,2.083200781697627,False,0.44625594822150166,78
34.0,0.637209,2.083200781697627,False,0.44625594822150166,78
110.0,0.734884,1.3736330879290835,False,0.4424301062223994,78
97.0,1.0,2.1809519650080778,False,0.4370110412137074,78
40.0,0.613953,2.083200781697627,False,0.42850225900180267,78
305.0,0.706977,1.4629961183780176,False,0.4161643340848319,78
308.0,0.7488370000000001,1.4629961183780176,False,0.4161643340848319,78
306.0,0.6976739999999999,1.4629961183780176,False,0.4161643340848319,78
177.0,1.0,2.0080716778412913,False,0.41503010168720583,78
53.0,1.0,2.1730756259315682,False,0.4127335347734402,78
50.0,0.7767440000000001,2.1730756259315682,False,0.40169807095708915,78
303.0,0.37674399999999997,2.083200781697627,False,0.21604410747540687,78
61.0,0.372093,2.1730756259315682,False,0.11984890215668612,78
60.0,0.367442,2.1730756259315682,False,0.11984890215668612,78
132.0,0.5023259999999999,2.083200781697627,False,0.11825371326454677,78
295.0,0.4,1.3736330879290835,False,0.1101856647612848,78
81.0,0.362791,1.3736330879290835,False,0.09569481836721119,78
65.0,1.0,1.916953090880023,False,0.010770125662787119,78
64.0,1.0,1.916953090880023,False,0.010770125662787119,78
58.0,0.237209,1.9442304630746916,True,-0.03658490804035433,78
95.0,0.23255800000000001,1.9442304630746916,False,-0.03658490804035433,78
63.0,0.172093,1.9442304630746916,False,-0.11230312656516236,78
91.0,0.190698,1.9442304630746916,True,-0.11230312656516236,78
142.0,0.204651,1.9442304630746916,False,-0.11230312656516236,78
131.0,0.339535,2.083200781697627,False,-0.1400984178851139,78
101.0,0.237209,1.3736330879290835,False,-0.18460838442024016,78
107.0,0.237209,1.3736330879290835,False,-0.18460838442024016,78
52.0,0.227907,2.1730756259315682,True,-0.19902589476265295,78
76.0,0.209302,1.3736330879290835,False,-0.22898990313537604,78
102.0,0.218605,1.3736330879290835,False,-0.22898990313537604,78
124.0,0.2,1.3736330879290835,False,-0.22898990313537604,78
77.0,0.21395299999999998,1.3736330879290835,False,-0.22898990313537604,78
49.0,0.209302,2.1730756259315682,False,-0.24340741347778874,78
171.0,0.139535,1.9386320596921809,False,-0.2742447845541143,78
75.0,0.395349,1.916953090880023,False,-0.28714871868826164,78
74.0,0.35814,1.916953090880023,False,-0.2892376785794125,78
293.0,0.18604700000000002,2.083200781697627,False,-0.29904208301683305,78
109.0,0.190698,2.083200781697627,False,-0.29904208301683305,78
71.0,0.18604700000000002,2.083200781697627,False,-0.29904208301683305,78
67.0,0.190698,2.083200781697627,False,-0.29904208301683305,78
116.0,0.102326,2.083200781697627,False,-0.31872614142822986,78
80.0,0.074419,2.083200781697627,False,-0.35546531194558284,78
6.0,0.074419,2.083200781697627,False,-0.35546531194558284,78
11.0,0.074419,2.083200781697627,False,-0.35546531194558284,78
69.0,0.074419,2.083200781697627,False,-0.35546531194558284,78
1.0,0.074419,2.083200781697627,False,-0.35546531194558284,78
169.0,0.065116,2.083200781697627,False,-0.35546531194558284,78
134.0,0.074419,2.083200781697627,False,-0.35546531194558284,78
68.0,0.306977,1.916953090880023,False,-0.6050107811566028,78
70.0,0.227907,1.916953090880023,False,-0.6541940123499065,78
66.0,0.227907,1.916953090880023,False,-0.6541940123499065,78
117.0,0.23255800000000001,1.916953090880023,False,-0.6541940123499065,78
65.0,1.0,1.8323604246570515,False,0.5532311617899859,72
61.0,1.0,2.122129567495536,False,0.5188056204675547,72
64.0,1.0,2.709594956410775,False,0.41783025468017826,72
67.0,1.0,2.4950889846663906,False,0.4003400279119591,72
68.0,0.790698,2.4950889846663906,False,0.38930456409560804,72
1.0,1.0,2.8435025664244025,False,0.37815422659831377,72
72.0,1.0,2.1277240340674037,False,0.3747420099520835,72
197.0,1.0,2.1277240340674037,False,0.3747420099520835,72
196.0,1.0,2.1277240340674037,False,0.3747420099520835,72
6.0,0.809302,2.8435025664244025,False,0.3671187627819627,72
7.0,0.660465,2.8435025664244025,False,0.310589881144883,72
8.0,0.6418600000000001,2.8435025664244025,False,0.28707111836607063,72
309.0,0.6,2.8435025664244025,False,0.24525257861644018,72
60.0,0.37674399999999997,2.122129567495536,False,0.2196427646226331,72
50.0,0.372093,2.122129567495536,False,0.19124090134038407,72
53.0,0.372093,2.122129567495536,False,0.19124090134038407,72
91.0,0.35814,2.122129567495536,False,0.17888367790550652,72
12.0,0.539535,2.8435025664244025,False,0.1531709783425321,72
75.0,0.395349,1.9843299110148302,False,0.12789886022935743,72
74.0,0.35814,1.9843299110148302,False,0.11340801383528382,72
18.0,0.530233,2.8435025664244025,False,0.10937502046968424,72
132.0,1.0,2.5035554141689906,False,0.09505957034103042,72
131.0,1.0,2.5035554141689906,False,0.09505957034103042,72
130.0,1.0,2.5035554141689906,False,0.09505957034103042,72
90.0,1.0,2.2545247426511428,False,-0.000689039211304792,72
24.0,0.48837200000000003,2.8435025664244025,False,-0.04253783937099096,72
2.0,0.47906999999999994,2.8435025664244025,False,-0.04253783937099096,72
15.0,0.47906999999999994,2.8435025664244025,False,-0.04253783937099096,72
189.0,0.265116,2.1277240340674037,False,-0.16542223319292917,72
124.0,0.30232600000000004,2.709594956410775,False,-0.1865564788892319,72
117.0,0.23255800000000001,2.709594956410775,False,-0.2191213835400283,72
66.0,0.227907,2.709594956410775,False,-0.2191213835400283,72
101.0,0.274419,1.8323604246570515,False,-0.22007184253665124,72
70.0,0.227907,1.890595864707952,False,-0.24273981354174232,72
76.0,0.2,2.4950889846663906,False,-0.24508411010780454,72
107.0,0.209302,2.4950889846663906,False,-0.24508411010780454,72
142.0,0.255814,2.122129567495536,False,-0.25106190715447096,72
58.0,0.25116299999999997,2.122129567495536,False,-0.25106190715447096,72
52.0,0.237209,2.122129567495536,False,-0.25106190715447096,72
49.0,0.223256,2.122129567495536,False,-0.2792130607587477,72
221.0,0.060465,2.1277240340674037,False,-0.28094701353777213,72
248.0,0.032558,2.1277240340674037,False,-0.28094701353777213,72
144.0,0.032558,2.1277240340674037,False,-0.28094701353777213,72
109.0,0.218605,1.890595864707952,False,-0.28712133225687814,72
71.0,0.209302,1.890595864707952,False,-0.28712133225687814,72
95.0,0.2,2.122129567495536,False,-0.2954434258696068,72
128.0,0.21395299999999998,2.5035554141689906,False,-0.39630337394064513,72
293.0,0.18604700000000002,2.5035554141689906,False,-0.39630337394064513,72
88.0,0.5023259999999999,2.2545247426511428,False,-0.3963982777732136,72
87.0,0.497674,2.2545247426511428,False,-0.3963982777732136,72
129.0,0.153488,2.5035554141689906,False,-0.4163240789540627,72
86.0,0.45116300000000004,2.2545247426511428,False,-0.4201370936867365,72
13.0,0.051163,2.2545247426511428,False,-0.7121824054259313,72
45.0,0.046512000000000005,2.2545247426511428,False,-0.7121824054259313,72
259.0,0.046512000000000005,2.2545247426511428,False,-0.7121824054259313,72
307.0,1.0,1.1331623613672477,True,0.5794929130695126,420
308.0,1.0,1.1331623613672477,False,0.5794929130695126,420
305.0,0.7534879999999999,1.1331623613672477,False,0.5684574492531616,420
306.0,0.6976739999999999,1.1331623613672477,False,0.53865772456473,420
142.0,1.0,1.172110551908795,False,0.4980424041700422,420
304.0,1.0,1.172110551908795,False,0.4980424041700422,420
303.0,1.0,1.172110551908795,False,0.4980424041700422,420
302.0,1.0,1.172110551908795,False,0.4980424041700422,420
299.0,1.0,1.172110551908795,False,0.4980424041700422,420
300.0,0.7534879999999999,1.172110551908795,False,0.48700694035369113,420
301.0,0.734884,1.172110551908795,False,0.4572072156652594,420
122.0,1.0,3.622730180160079,False,0.40521378352358883,420
103.0,1.0,3.7334319118047987,False,0.3801302546171629,420
177.0,1.0,5.186150339817053,False,0.37973923363027273,420
89.0,1.0,5.557433544055604,False,0.3476691673600504,420
66.0,1.0,4.906564018356564,False,0.2902958576170883,420
78.0,0.604651,3.7334319118047987,False,0.24722860663528937,420
79.0,0.604651,3.7334319118047987,False,0.24722860663528937,420
58.0,0.390698,1.172110551908795,False,0.09305998946383379,420
109.0,0.35348799999999997,4.906564018356564,False,0.07222943423456152,420
71.0,0.34883699999999995,4.906564018356564,False,0.07222943423456152,420
113.0,1.0,3.276853210856236,False,0.058848672008779954,420
55.0,0.418605,3.7334319118047987,False,-0.040561811352141756,420
62.0,0.437209,3.7334319118047987,False,-0.040561811352141756,420
117.0,1.0,4.679543616439921,False,-0.18544573960254163,420
108.0,0.293023,1.172110551908795,False,-0.23720395950743,420
70.0,0.33488399999999996,4.906564018356564,False,-0.2382994144216884,420
91.0,0.265116,1.172110551908795,False,-0.25538547805928985,420
52.0,0.255814,1.172110551908795,False,-0.2697688641582264,420
61.0,0.255814,1.172110551908795,False,-0.2697688641582264,420
53.0,0.25116299999999997,1.172110551908795,False,-0.2697688641582264,420
50.0,0.25116299999999997,1.172110551908795,False,-0.2697688641582264,420
49.0,0.24651199999999998,1.172110551908795,False,-0.2697688641582264,420
60.0,0.24186,1.172110551908795,False,-0.2697688641582264,420
124.0,0.288372,4.906564018356564,False,-0.2697774925194289,420
121.0,0.311628,3.7334319118047987,False,-0.2713016810037778,420
101.0,0.237209,5.557433544055604,False,-0.2751816405672162,420
120.0,0.293023,3.622730180160079,False,-0.2837812391155122,420
104.0,0.30232600000000004,3.622730180160079,False,-0.2837812391155122,420
129.0,0.17674399999999998,5.557433544055604,False,-0.31956315928235207,420
295.0,0.190698,5.557433544055604,False,-0.31956315928235207,420
65.0,0.195349,5.557433544055604,False,-0.31956315928235207,420
64.0,0.18139500000000003,5.557433544055604,False,-0.31956315928235207,420
81.0,0.17674399999999998,5.557433544055604,False,-0.31956315928235207,420
77.0,0.195349,4.906564018356564,False,-0.34755726354335487,420
76.0,0.21395299999999998,4.906564018356564,False,-0.34755726354335487,420
9.0,0.125581,3.7334319118047987,False,-0.3871972042332967,420
312.0,0.10697699999999999,3.622730180160079,False,-0.3996767623450311,420
171.0,0.139535,5.186150339817053,False,-0.3999591035542338,420
162.0,0.037209,3.276853210856236,False,-0.6560414563585643,420
93.0,0.051163,3.276853210856236,False,-0.6560414563585643,420
154.0,0.051163,3.276853210856236,False,-0.6560414563585643,420
267.0,0.032558,3.276853210856236,False,-0.6560414563585643,420
255.0,0.032558,3.276853210856236,False,-0.6560414563585643,420
146.0,0.074419,3.276853210856236,False,-0.6560414563585643,420
13.0,1.0,2.1967029962283506,False,0.5532311617899859,34
18.0,1.0,2.1967029962283506,False,0.5532311617899859,34
2.0,1.0,2.1967029962283506,False,0.5532311617899859,34
25.0,1.0,2.1967029962283506,False,0.5532311617899859,34
38.0,1.0,2.1967029962283506,False,0.5532311617899859,34
22.0,1.0,2.1967029962283506,False,0.5532311617899859,34
24.0,1.0,2.1967029962283506,False,0.5532311617899859,34
19.0,0.9767440000000001,2.1967029962283506,False,0.5532311617899859,34
10.0,0.9953489999999999,2.1967029962283506,False,0.5532311617899859,34
23.0,1.0,2.1967029962283506,False,0.5532311617899859,34
14.0,1.0,2.1967029962283506,False,0.5532311617899859,34
21.0,1.0,2.1967029962283506,False,0.5532311617899859,34
123.0,1.0,2.1967029962283506,False,0.5532311617899859,34
46.0,1.0,2.1967029962283506,False,0.5532311617899859,34
29.0,1.0,2.1967029962283506,False,0.5532311617899859,34
44.0,1.0,2.1967029962283506,False,0.5532311617899859,34
193.0,1.0,2.1967029962283506,False,0.5532311617899859,34
168.0,1.0,2.1967029962283506,False,0.5532311617899859,34
45.0,1.0,2.1967029962283506,False,0.5532311617899859,34
41.0,1.0,2.1967029962283506,False,0.5532311617899859,34
34.0,0.7860469999999999,2.1967029962283506,False,0.5421956979736349,34
314.0,0.8046510000000001,2.1967029962283506,False,0.5421956979736349,34
298.0,1.0,3.001314843573468,False,0.5352610187256401,34
40.0,1.0,3.001314843573468,False,0.5352610187256401,34
42.0,1.0,3.001314843573468,False,0.5352610187256401,34
3.0,1.0,3.001314843573468,False,0.5352610187256401,34
66.0,1.0,3.0203700483945397,False,0.5346977258037959,34
105.0,1.0,2.7426256256396893,False,0.5249043549234997,34
36.0,0.87907,3.001314843573468,False,0.5242255549092891,34
88.0,1.0,3.1075522252691674,False,0.5167275827394501,34
311.0,0.734884,2.1967029962283506,False,0.5123959732852033,34
312.0,0.744186,3.001314843573468,False,0.49442583022085734,34
43.0,0.7209300000000001,3.001314843573468,False,0.49442583022085734,34
313.0,0.730233,3.001314843573468,False,0.49442583022085734,34
106.0,1.0,1.4070155270767797,False,0.49149642799840787,34
39.0,0.646512,2.1967029962283506,False,0.48566681633655523,34
310.0,0.665116,2.1967029962283506,False,0.48566681633655523,34
274.0,1.0,2.835678188237451,False,0.4791836837135909,34
116.0,1.0,2.835678188237451,False,0.4791836837135909,34
171.0,1.0,2.835678188237451,False,0.4791836837135909,34
189.0,1.0,1.033354205384345,False,0.4565522808739254,34
134.0,1.0,1.033354205384345,False,0.4565522808739254,34
178.0,1.0,1.033354205384345,False,0.4565522808739254,34
174.0,1.0,1.033354205384345,False,0.4565522808739254,34
136.0,1.0,1.033354205384345,False,0.4565522808739254,34
143.0,1.0,1.033354205384345,False,0.4565522808739254,34
156.0,1.0,1.033354205384345,False,0.4565522808739254,34
309.0,0.613953,2.1967029962283506,False,0.4294301058981182,34
101.0,1.0,1.7208903142394998,False,0.42792861944008925,34
32.0,0.623256,3.001314843573468,False,0.426424221273698,34
87.0,0.637209,3.1075522252691674,False,0.4256444745072068,34
69.0,1.0,2.2871958793069394,True,0.4074860856994675,34
35.0,0.581395,2.1967029962283506,False,0.40536525536818674,34
33.0,0.581395,3.001314843573468,False,0.40235937074376654,34
8.0,0.544186,2.1967029962283506,False,0.3900021265707205,34
169.0,0.553488,1.033354205384345,False,0.35876900571901743,34
15.0,0.539535,2.1967029962283506,False,0.29115156196086234,34
6.0,0.534884,2.1967029962283506,False,0.25246106498711685,34
1.0,0.530233,2.1967029962283506,False,0.24735560408801455,34
224.0,0.395349,2.1967029962283506,False,0.2169719543717224,34
71.0,0.34883699999999995,3.0203700483945397,False,0.17981152480182205,34
109.0,0.35348799999999997,3.0203700483945397,False,0.17981152480182205,34
86.0,0.5162789999999999,3.1075522252691674,False,0.11977433268366829,34
90.0,0.5023259999999999,3.1075522252691674,False,0.11977433268366829,34
7.0,0.497674,2.1967029962283506,False,0.1191815601608623,34
11.0,0.469767,2.1967029962283506,False,0.09544274424733934,34
28.0,0.46511600000000003,2.1967029962283506,False,0.09544274424733934,34
9.0,0.469767,2.1967029962283506,False,0.09544274424733934,34
16.0,0.483721,2.1967029962283506,False,0.09544274424733934,34
135.0,0.483721,2.1967029962283506,False,0.09544274424733934,34
125.0,0.372093,1.4070155270767797,False,0.08438039033300337,34
119.0,0.483721,2.7426256256396893,False,0.08208019582077881,34
118.0,0.48837200000000003,2.7426256256396893,False,0.08208019582077881,34
20.0,0.293023,2.2871958793069394,False,-0.07011678190240136,34
30.0,0.293023,2.2871958793069394,False,-0.07011678190240136,34
27.0,0.30232600000000004,2.2871958793069394,False,-0.07011678190240136,34
192.0,0.339535,1.033354205384345,False,-0.18127465915042418,34
70.0,0.33488399999999996,3.0203700483945397,True,-0.18490863593199997,34
65.0,0.274419,1.7208903142394998,True,-0.21505174585162293,34
124.0,0.265116,1.7208903142394998,False,-0.21505174585162293,34
111.0,0.237209,1.7208903142394998,False,-0.22943513195055948,34
89.0,0.237209,1.7208903142394998,False,-0.22943513195055948,34
295.0,0.24186,1.7208903142394998,False,-0.22943513195055948,34
196.0,0.265116,1.033354205384345,False,-0.23540645433789797,34
285.0,0.26976700000000003,2.835678188237451,False,-0.24155106846918023,34
64.0,0.227907,3.0203700483945397,True,-0.25014395877505985,34
293.0,0.223256,1.7208903142394998,False,-0.25758628555483615,34
77.0,0.195349,3.0203700483945397,False,-0.29452547749019564,34
76.0,0.21395299999999998,3.0203700483945397,True,-0.29452547749019564,34
31.0,0.16744199999999998,2.1967029962283506,False,-0.2981241346374219,34
296.0,0.2,2.1967029962283506,False,-0.2981241346374219,34
242.0,0.125581,1.033354205384345,False,-0.3138554175633672,34
290.0,0.09302300000000001,1.033354205384345,False,-0.3138554175633672,34
236.0,0.08372099999999999,1.033354205384345,False,-0.3138554175633672,34
182.0,0.13023300000000002,1.033354205384345,False,-0.3138554175633672,34
26.0,0.08372099999999999,1.033354205384345,False,-0.3138554175633672,34
129.0,0.148837,2.1967029962283506,False,-0.31780819304881874,34
128.0,0.139535,2.1967029962283506,False,-0.31780819304881874,34
81.0,0.102326,2.835678188237451,False,-0.32231010000231125,34
80.0,0.11627900000000001,2.835678188237451,False,-0.32231010000231125,34
100.0,0.15814,2.835678188237451,False,-0.32231010000231125,34
127.0,0.10697699999999999,2.835678188237451,False,-0.32231010000231125,34
177.0,0.139535,2.835678188237451,False,-0.32231010000231125,34
37.0,0.08837199999999999,1.4070155270767797,False,-0.3237521923969818,34
17.0,0.08837199999999999,1.4070155270767797,False,-0.3237521923969818,34
12.0,0.08372099999999999,2.7426256256396893,False,-0.33116084295847487,34
217.0,0.032558,1.033354205384345,False,-0.3505945880807202,34
161.0,0.032558,1.033354205384345,False,-0.3505945880807202,34
219.0,0.051163,1.033354205384345,False,-0.3505945880807202,34
249.0,0.074419,1.033354205384345,False,-0.3505945880807202,34
108.0,0.032558,1.033354205384345,False,-0.3505945880807202,34
294.0,0.04186,1.033354205384345,False,-0.3505945880807202,34
58.0,0.037209,1.033354205384345,False,-0.3505945880807202,34
237.0,0.074419,1.033354205384345,False,-0.3505945880807202,34
160.0,0.037209,1.033354205384345,False,-0.3505945880807202,34
102.0,0.04186,1.033354205384345,False,-0.3505945880807202,34
61.0,0.051163,2.1967029962283506,True,-0.3545473635661717,34
60.0,0.037209,2.1967029962283506,True,-0.3545473635661717,34
185.0,0.046512000000000005,2.1967029962283506,False,-0.3545473635661717,34
91.0,0.032558,2.1967029962283506,False,-0.3545473635661717,34
142.0,0.037209,2.1967029962283506,False,-0.3545473635661717,34
248.0,0.037209,2.1967029962283506,False,-0.3545473635661717,34
115.0,0.04186,2.835678188237451,False,-0.35904927051966423,34
114.0,0.037209,2.835678188237451,False,-0.35904927051966423,34
246.0,0.055814,2.835678188237451,False,-0.35904927051966423,34
262.0,0.04186,2.835678188237451,False,-0.35904927051966423,34
92.0,0.060465,3.1075522252691674,False,-0.37090956418789367,34
121.0,0.060465,3.1075522252691674,False,-0.37090956418789367,34
120.0,0.055814,3.1075522252691674,False,-0.37090956418789367,34
124.0,1.0,3.2450338365296485,False,0.5373390564537448,412
1.0,1.0,3.519022175581273,False,0.5314503310951341,412
6.0,0.809302,3.519022175581273,False,0.520414867278783,412
88.0,1.0,2.8818600861734724,False,0.5162803410237607,412
41.0,1.0,2.537272979764315,False,0.5108038593994592,412
193.0,1.0,2.537272979764315,False,0.5108038593994592,412
123.0,1.0,2.537272979764315,False,0.5108038593994592,412
168.0,1.0,2.537272979764315,False,0.5108038593994592,412
46.0,1.0,2.537272979764315,False,0.5108038593994592,412
19.0,0.9767440000000001,2.537272979764315,False,0.5108038593994592,412
2.0,1.0,2.537272979764315,False,0.5108038593994592,412
22.0,1.0,2.537272979764315,False,0.5108038593994592,412
18.0,1.0,2.537272979764315,False,0.5108038593994592,412
13.0,1.0,2.537272979764315,False,0.5108038593994592,412
23.0,0.9767440000000001,2.537272979764315,False,0.5108038593994592,412
14.0,0.981395,2.537272979764315,False,0.5108038593994592,412
24.0,1.0,2.537272979764315,False,0.5108038593994592,412
10.0,0.9953489999999999,2.537272979764315,False,0.5108038593994592,412
25.0,1.0,2.537272979764315,False,0.5108038593994592,412
45.0,1.0,2.537272979764315,False,0.5108038593994592,412
21.0,1.0,2.537272979764315,False,0.5108038593994592,412
44.0,1.0,2.537272979764315,False,0.5108038593994592,412
38.0,1.0,2.537272979764315,False,0.5108038593994592,412
29.0,1.0,2.537272979764315,False,0.5108038593994592,412
105.0,1.0,3.4831333021299544,False,0.5106615228639424,412
34.0,0.7860469999999999,2.537272979764315,False,0.4997683955831081,412
314.0,0.8046510000000001,2.537272979764315,False,0.4997683955831081,412
101.0,1.0,0.90085796062427,False,0.4980424041700422,412
274.0,1.0,3.0524351736717117,False,0.48904884390430614,412
116.0,1.0,3.0524351736717117,False,0.48904884390430614,412
171.0,1.0,3.0524351736717117,False,0.48904884390430614,412
311.0,0.734884,2.537272979764315,False,0.4699686708946763,412
7.0,0.660465,3.519022175581273,False,0.46388598564170347,412
312.0,0.67907,2.537272979764315,False,0.44323951394602834,412
39.0,0.646512,2.537272979764315,False,0.44323951394602834,412
310.0,0.665116,2.537272979764315,False,0.44323951394602834,412
313.0,0.6697669999999999,2.537272979764315,False,0.44323951394602834,412
8.0,0.6418600000000001,3.519022175581273,False,0.440367222862891,412
87.0,0.637209,2.8818600861734724,False,0.42519723279151755,412
64.0,1.0,2.2871958793069394,False,0.4074860856994675,412
55.0,1.0,2.2871958793069394,False,0.4074860856994675,412
70.0,1.0,2.2871958793069394,False,0.4074860856994675,412
69.0,1.0,2.2871958793069394,True,0.4074860856994675,412
73.0,1.0,2.2871958793069394,False,0.4074860856994675,412
78.0,1.0,2.2871958793069394,False,0.4074860856994675,412
65.0,1.0,2.2871958793069394,False,0.4074860856994675,412
84.0,1.0,2.2871958793069394,False,0.4074860856994675,412
76.0,1.0,2.2871958793069394,False,0.4074860856994675,412
60.0,1.0,2.2871958793069394,False,0.4074860856994675,412
289.0,1.0,2.2871958793069394,False,0.4074860856994675,412
62.0,1.0,2.2871958793069394,False,0.4074860856994675,412
59.0,1.0,2.2871958793069394,False,0.4074860856994675,412
56.0,1.0,2.2871958793069394,False,0.4074860856994675,412
61.0,1.0,2.2871958793069394,False,0.4074860856994675,412
57.0,1.0,2.2871958793069394,False,0.4074860856994675,412
103.0,1.0,2.2871958793069394,False,0.4074860856994675,412
79.0,1.0,2.2871958793069394,False,0.4074860856994675,412
288.0,1.0,2.2871958793069394,False,0.4074860856994675,412
141.0,1.0,2.2871958793069394,False,0.4074860856994675,412
136.0,1.0,1.997819871471801,False,0.40186678525757524,412
156.0,1.0,1.997819871471801,False,0.40186678525757524,412
134.0,1.0,1.997819871471801,False,0.40186678525757524,412
189.0,1.0,1.997819871471801,False,0.40186678525757524,412
178.0,1.0,1.997819871471801,False,0.40186678525757524,412
174.0,1.0,1.997819871471801,False,0.40186678525757524,412
143.0,1.0,1.997819871471801,False,0.40186678525757524,412
309.0,0.6,3.519022175581273,False,0.3985486831132605,412
106.0,1.0,2.0728969399286132,False,0.3972514555463209,412
109.0,0.87907,2.2871958793069394,False,0.3964506218831164,412
43.0,0.562791,2.537272979764315,False,0.374680221177336,412
77.0,0.702326,2.2871958793069394,False,0.3666508971946847,412
71.0,0.744186,2.2871958793069394,False,0.3666508971946847,412
40.0,0.581395,2.537272979764315,False,0.3629379529776598,412
35.0,0.581395,2.537272979764315,False,0.3629379529776598,412
298.0,0.544186,2.537272979764315,False,0.3475748241801936,412
96.0,0.67907,2.2871958793069394,False,0.3399217402460368,412
107.0,0.655814,2.2871958793069394,False,0.3399217402460368,412
169.0,0.553488,1.997819871471801,False,0.30408351010266704,412
12.0,0.539535,3.519022175581273,False,0.2843349897059362,412
15.0,0.539535,2.537272979764315,False,0.2708563527037518,412
224.0,0.395349,2.537272979764315,False,0.1966767451146118,412
83.0,0.530233,2.2871958793069394,False,0.14711872575820165,412
75.0,0.395349,2.2871958793069394,False,0.133673602342295,412
91.0,0.367442,2.2871958793069394,False,0.13153997938309892,412
50.0,0.372093,2.2871958793069394,False,0.13153997938309892,412
53.0,0.372093,2.2871958793069394,False,0.13153997938309892,412
74.0,0.35814,2.2871958793069394,False,0.11918275594822136,412
125.0,0.372093,2.0728969399286132,False,0.10436682292956687,412
36.0,0.5255810000000001,2.537272979764315,False,0.09888635090375174,412
86.0,0.5162789999999999,2.8818600861734724,False,0.09719499783456269,412
90.0,0.5023259999999999,2.8818600861734724,False,0.09719499783456269,412
118.0,0.48837200000000003,3.4831333021299544,False,0.08996945689463776,412
119.0,0.483721,3.4831333021299544,False,0.08996945689463776,412
11.0,0.469767,2.537272979764315,False,0.07514753499022878,412
28.0,0.46511600000000003,2.537272979764315,False,0.07514753499022878,412
16.0,0.483721,2.537272979764315,False,0.07514753499022878,412
135.0,0.483721,2.537272979764315,False,0.07514753499022878,412
9.0,0.469767,2.537272979764315,False,0.07514753499022878,412
82.0,0.497674,2.2871958793069394,False,0.018944681831049415,412
85.0,0.49302300000000004,2.2871958793069394,False,0.012144392217911958,412
102.0,0.474419,2.2871958793069394,False,0.012144392217911958,412
66.0,0.33488399999999996,2.2871958793069394,False,-0.05673375099683613,412
30.0,0.293023,2.2871958793069394,False,-0.07011678190240136,412
20.0,0.293023,2.2871958793069394,False,-0.07011678190240136,412
121.0,0.306977,2.2871958793069394,False,-0.07011678190240136,412
104.0,0.306977,2.2871958793069394,False,-0.07011678190240136,412
120.0,0.297674,2.2871958793069394,False,-0.07011678190240136,412
27.0,0.30232600000000004,2.2871958793069394,False,-0.07011678190240136,412
67.0,0.32093000000000005,2.2871958793069394,False,-0.07011678190240136,412
68.0,0.306977,2.2871958793069394,False,-0.07011678190240136,412
122.0,0.274419,2.2871958793069394,False,-0.08829830045426118,412
58.0,0.265116,2.2871958793069394,False,-0.08829830045426118,412
81.0,0.25116299999999997,2.2871958793069394,False,-0.10268168655319773,412
117.0,0.23255800000000001,2.2871958793069394,False,-0.10268168655319773,412
142.0,0.255814,2.2871958793069394,False,-0.10268168655319773,412
49.0,0.227907,2.2871958793069394,False,-0.10268168655319773,412
52.0,0.237209,2.2871958793069394,False,-0.10268168655319773,412
108.0,0.237209,2.2871958793069394,False,-0.10268168655319773,412
295.0,0.223256,2.2871958793069394,False,-0.1308328401574744,412
192.0,0.339535,1.997819871471801,False,-0.1383569747775357,412
190.0,0.17674399999999998,2.2871958793069394,False,-0.14706320526833358,412
97.0,0.18604700000000002,2.2871958793069394,False,-0.14706320526833358,412
95.0,0.2,2.2871958793069394,False,-0.14706320526833358,412
51.0,0.18139500000000003,2.2871958793069394,False,-0.14706320526833358,412
98.0,0.144186,2.2871958793069394,False,-0.16708391028175115,412
304.0,0.11627900000000001,2.2871958793069394,False,-0.16708391028175115,412
308.0,0.125581,2.2871958793069394,False,-0.16708391028175115,412
305.0,0.12093,2.2871958793069394,False,-0.16708391028175115,412
307.0,0.11627900000000001,2.2871958793069394,False,-0.16708391028175115,412
300.0,0.11627900000000001,2.2871958793069394,False,-0.16708391028175115,412
301.0,0.13023300000000002,2.2871958793069394,False,-0.16708391028175115,412
306.0,0.134884,2.2871958793069394,False,-0.16708391028175115,412
302.0,0.11627900000000001,2.2871958793069394,False,-0.16708391028175115,412
294.0,0.134884,2.2871958793069394,False,-0.16708391028175115,412
47.0,0.134884,2.2871958793069394,False,-0.16708391028175115,412
296.0,0.144186,2.2871958793069394,False,-0.16708391028175115,412
31.0,0.08837199999999999,2.2871958793069394,False,-0.16708391028175115,412
196.0,0.265116,1.997819871471801,False,-0.19248876996500955,412
280.0,0.046512000000000005,2.2871958793069394,False,-0.2038230807991042,412
232.0,0.037209,2.2871958793069394,False,-0.2038230807991042,412
284.0,0.046512000000000005,2.2871958793069394,False,-0.2038230807991042,412
208.0,0.055814,2.2871958793069394,False,-0.2038230807991042,412
285.0,0.26976700000000003,3.0524351736717117,False,-0.25137424888857357,412
17.0,0.08837199999999999,2.0728969399286132,False,-0.26653931938427866,412
37.0,0.08837199999999999,2.0728969399286132,False,-0.26653931938427866,412
89.0,0.237209,0.90085796062427,False,-0.2697688641582264,412
111.0,0.237209,0.90085796062427,False,-0.2697688641582264,412
242.0,0.125581,1.997819871471801,False,-0.2712743797924994,412
236.0,0.08372099999999999,1.997819871471801,False,-0.2712743797924994,412
290.0,0.09302300000000001,1.997819871471801,False,-0.2712743797924994,412
26.0,0.08372099999999999,1.997819871471801,False,-0.2712743797924994,412
182.0,0.13023300000000002,1.997819871471801,False,-0.2712743797924994,412
128.0,0.139535,2.537272979764315,False,-0.2966196151644251,412
129.0,0.148837,2.537272979764315,False,-0.2966196151644251,412
293.0,0.134884,2.537272979764315,False,-0.2966196151644251,412
219.0,0.051163,1.997819871471801,False,-0.3080135503098524,412
161.0,0.032558,1.997819871471801,False,-0.3080135503098524,412
249.0,0.074419,1.997819871471801,False,-0.3080135503098524,412
217.0,0.032558,1.997819871471801,False,-0.3080135503098524,412
237.0,0.074419,1.997819871471801,False,-0.3080135503098524,412
160.0,0.037209,1.997819871471801,False,-0.3080135503098524,412
127.0,0.10697699999999999,3.0524351736717117,False,-0.3324699270237253,412
100.0,0.15814,3.0524351736717117,False,-0.3324699270237253,412
177.0,0.139535,3.0524351736717117,False,-0.3324699270237253,412
80.0,0.11627900000000001,3.0524351736717117,False,-0.3324699270237253,412
185.0,0.046512000000000005,2.537272979764315,False,-0.333358785681778,412
248.0,0.037209,2.537272979764315,False,-0.333358785681778,412
114.0,0.037209,3.0524351736717117,False,-0.3692090975410783,412
115.0,0.04186,3.0524351736717117,False,-0.3692090975410783,412
246.0,0.055814,3.0524351736717117,False,-0.3692090975410783,412
262.0,0.04186,3.0524351736717117,False,-0.3692090975410783,412
92.0,0.060465,2.8818600861734724,False,-0.3765240273755669,412
117.0,1.0,3.10840184024946,False,0.5138924317650972,407
178.0,1.0,3.5522433291165334,False,0.5063709189373097,407
189.0,1.0,3.5522433291165334,False,0.5063709189373097,407
156.0,1.0,3.5522433291165334,False,0.5063709189373097,407
168.0,1.0,3.5522433291165334,False,0.5063709189373097,407
143.0,1.0,3.5522433291165334,False,0.5063709189373097,407
174.0,1.0,3.5522433291165334,False,0.5063709189373097,407
134.0,1.0,3.5522433291165334,False,0.5063709189373097,407
136.0,1.0,3.5522433291165334,False,0.5063709189373097,407
122.0,1.0,1.4724907365977316,False,0.48324051012383007,407
42.0,1.0,2.5797012395235948,False,0.4096861570765659,407
298.0,1.0,2.5797012395235948,False,0.4096861570765659,407
41.0,1.0,2.5797012395235948,False,0.4096861570765659,407
3.0,1.0,2.5797012395235948,False,0.4096861570765659,407
40.0,1.0,2.5797012395235948,False,0.4096861570765659,407
113.0,1.0,1.9723239386999707,False,0.40122833463934754,407
36.0,0.87907,2.5797012395235948,False,0.39865069326021485,407
34.0,0.7860469999999999,2.5797012395235948,False,0.39865069326021485,407
58.0,1.0,3.3440019298361494,False,0.3970696859199765,407
177.0,1.0,3.5914782356830046,False,0.3882743522207752,407
169.0,0.553488,3.5522433291165334,False,0.3852115391551123,407
107.0,1.0,3.7056793999948265,False,0.3801302546171629,407
130.0,1.0,3.7056793999948265,False,0.3801302546171629,407
123.0,1.0,3.7056793999948265,False,0.3801302546171629,407
311.0,1.0,3.7056793999948265,False,0.3801302546171629,407
70.0,1.0,3.7056793999948265,False,0.3801302546171629,407
312.0,0.8,3.7056793999948265,False,0.3690947908008118,407
313.0,0.790698,3.7056793999948265,False,0.3690947908008118,407
109.0,0.87907,3.7056793999948265,False,0.3690947908008118,407
310.0,0.772093,3.7056793999948265,False,0.3690947908008118,407
43.0,0.7209300000000001,2.5797012395235948,False,0.3688509685717831,407
39.0,0.646512,2.5797012395235948,False,0.34212181162313515,407
71.0,0.744186,3.7056793999948265,False,0.3392950661123801,407
77.0,0.660465,3.7056793999948265,False,0.3125659091637321,407
76.0,0.655814,3.7056793999948265,False,0.3125659091637321,407
32.0,0.623256,2.5797012395235948,False,0.2988370431774808,407
66.0,1.0,1.9618572793409834,False,0.28916087134630947,407
314.0,0.6,2.5797012395235948,False,0.28519635528205606,407
33.0,0.581395,2.5797012395235948,False,0.28519635528205606,407
35.0,0.581395,2.5797012395235948,False,0.28519635528205606,407
142.0,0.390698,3.3440019298361494,False,0.09790683007505484,407
135.0,0.483721,3.5522433291165334,False,0.08567885296800504,407
132.0,0.5023259999999999,3.7056793999948265,False,-0.01682299543861881,407
18.0,1.0,3.0513426371240446,False,-0.02733712394620073,407
17.0,1.0,3.0513426371240446,False,-0.02733712394620073,407
12.0,1.0,3.0513426371240446,False,-0.02733712394620073,407
6.0,1.0,3.0513426371240446,False,-0.02733712394620073,407
1.0,1.0,3.0513426371240446,False,-0.02733712394620073,407
2.0,1.0,3.0513426371240446,False,-0.02733712394620073,407
20.0,1.0,3.0513426371240446,False,-0.02733712394620073,407
26.0,1.0,3.0513426371240446,False,-0.02733712394620073,407
21.0,1.0,3.0513426371240446,False,-0.02733712394620073,407
28.0,1.0,3.0513426371240446,False,-0.02733712394620073,407
31.0,1.0,3.0513426371240446,False,-0.02733712394620073,407
29.0,1.0,3.0513426371240446,False,-0.02733712394620073,407
16.0,1.0,3.0513426371240446,False,-0.02733712394620073,407
30.0,1.0,3.0513426371240446,False,-0.02733712394620073,407
27.0,1.0,3.0513426371240446,False,-0.02733712394620073,407
10.0,1.0,3.0513426371240446,False,-0.02733712394620073,407
23.0,0.9953489999999999,3.0513426371240446,False,-0.02733712394620073,407
14.0,0.9953489999999999,3.0513426371240446,False,-0.02733712394620073,407
87.0,1.0,3.0513426371240446,False,-0.02733712394620073,407
73.0,1.0,3.0513426371240446,False,-0.02733712394620073,407
55.0,1.0,3.0513426371240446,False,-0.02733712394620073,407
50.0,1.0,3.0513426371240446,False,-0.02733712394620073,407
110.0,1.0,3.0513426371240446,False,-0.02733712394620073,407
15.0,1.0,3.0513426371240446,False,-0.02733712394620073,407
38.0,1.0,3.0513426371240446,False,-0.02733712394620073,407
11.0,1.0,3.0513426371240446,False,-0.02733712394620073,407
7.0,1.0,3.0513426371240446,False,-0.02733712394620073,407
22.0,1.0,3.0513426371240446,False,-0.02733712394620073,407
8.0,1.0,3.0513426371240446,False,-0.02733712394620073,407
13.0,0.84186,3.0513426371240446,False,-0.03837258776255178,407
19.0,0.911628,3.0513426371240446,False,-0.03837258776255178,407
53.0,0.7767440000000001,3.0513426371240446,False,-0.03837258776255178,407
102.0,0.432558,3.7056793999948265,False,-0.040561811352141756,407
111.0,0.734884,3.0513426371240446,False,-0.06817231245098346,407
9.0,0.67907,3.0513426371240446,False,-0.0949014693996314,407
88.0,0.637209,3.0513426371240446,False,-0.11842023217844386,407
309.0,0.6,3.0513426371240446,False,-0.136862667300785,407
192.0,0.339535,3.5522433291165334,False,-0.14893446226813267,407
104.0,0.30232600000000004,1.4724907365977316,False,-0.22041337005430486,407
120.0,0.293023,1.4724907365977316,False,-0.22041337005430486,407
131.0,0.339535,3.7056793999948265,False,-0.22521015306719638,407
24.0,0.539535,3.0513426371240446,False,-0.22894426757469313,407
196.0,0.265116,3.5522433291165334,False,-0.22982583529908113,407
64.0,0.23255800000000001,3.10840184024946,False,-0.23078288717281498,407
124.0,0.288372,1.9618572793409834,False,-0.23429857389651138,407
121.0,0.274419,1.4724907365977316,False,-0.23859488860616473,407
78.0,0.237209,1.4724907365977316,False,-0.25297827470510126,407
79.0,0.23255800000000001,1.4724907365977316,False,-0.25297827470510126,407
62.0,0.227907,1.4724907365977316,False,-0.25297827470510126,407
89.0,0.18139500000000003,3.10840184024946,False,-0.27516440588795094,407
101.0,0.204651,3.10840184024946,False,-0.27516440588795094,407
103.0,0.223256,1.4724907365977316,True,-0.2811294283093779,407
60.0,0.265116,3.3440019298361494,False,-0.28916209479533134,407
295.0,0.38604700000000003,3.0513426371240446,False,-0.3031238751638331,407
37.0,0.390698,3.0513426371240446,False,-0.3031238751638331,407
81.0,0.35814,3.0513426371240446,False,-0.305212835054984,407
25.0,0.367442,3.0513426371240446,False,-0.30525749812302916,407
61.0,0.372093,3.0513426371240446,False,-0.30525749812302916,407
65.0,0.195349,1.9618572793409834,False,-0.3097682766127757,407
108.0,0.227907,3.3440019298361494,False,-0.32283286818096607,407
96.0,0.237209,3.3440019298361494,False,-0.32283286818096607,407
97.0,0.237209,3.3440019298361494,False,-0.32283286818096607,407
57.0,0.255814,3.3440019298361494,False,-0.32283286818096607,407
91.0,0.25116299999999997,3.3440019298361494,False,-0.32283286818096607,407
45.0,0.08372099999999999,3.5522433291165334,False,-0.3278988324132694,407
182.0,0.13023300000000002,3.5522433291165334,False,-0.3278988324132694,407
290.0,0.09302300000000001,3.5522433291165334,False,-0.3278988324132694,407
236.0,0.08372099999999999,3.5522433291165334,False,-0.3278988324132694,407
242.0,0.125581,3.5522433291165334,False,-0.3278988324132694,407
44.0,0.08372099999999999,3.5522433291165334,False,-0.3278988324132694,407
160.0,0.037209,3.5522433291165334,False,-0.3646380029306223,407
237.0,0.074419,3.5522433291165334,False,-0.3646380029306223,407
217.0,0.032558,3.5522433291165334,False,-0.3646380029306223,407
161.0,0.032558,3.5522433291165334,False,-0.3646380029306223,407
294.0,0.04186,3.5522433291165334,False,-0.3646380029306223,407
249.0,0.074419,3.5522433291165334,False,-0.3646380029306223,407
219.0,0.051163,3.5522433291165334,False,-0.3646380029306223,407
67.0,0.209302,3.7056793999948265,False,-0.3671764992198791,407
293.0,0.18604700000000002,3.7056793999948265,False,-0.3671764992198791,407
90.0,0.497674,3.0513426371240446,False,-0.40091426937469327,407
171.0,0.139535,3.5914782356830046,False,-0.4166161936478447,407
86.0,0.49302300000000004,3.0513426371240446,False,-0.42465308528821616,407
146.0,0.074419,1.9723239386999707,False,-0.4625334748800416,407
162.0,0.037209,1.9723239386999707,False,-0.4625334748800416,407
267.0,0.032558,1.9723239386999707,False,-0.4625334748800416,407
93.0,0.051163,1.9723239386999707,False,-0.4625334748800416,407
255.0,0.032558,1.9723239386999707,False,-0.4625334748800416,407
154.0,0.051163,1.9723239386999707,False,-0.4625334748800416,407
49.0,0.195349,3.0513426371240446,False,-0.6352838854433246,407
52.0,0.21395299999999998,3.0513426371240446,False,-0.6352838854433246,407
84.0,0.046512000000000005,3.0513426371240446,False,-0.696565994254704,407
72.0,1.0,2.1525574356355235,False,0.5412020047535681,16
106.0,1.0,2.3212212334718387,False,0.5081362434201484,16
3.0,1.0,0.9540789755988556,False,0.4856077026397972,16
42.0,1.0,0.9540789755988556,False,0.4856077026397972,16
40.0,1.0,0.9540789755988556,False,0.4856077026397972,16
39.0,1.0,0.9540789755988556,False,0.4856077026397972,16
43.0,1.0,0.9540789755988556,False,0.4856077026397972,16
298.0,1.0,0.9540789755988556,False,0.4856077026397972,16
41.0,1.0,0.9540789755988556,False,0.4856077026397972,16
36.0,0.87907,0.9540789755988556,False,0.4745722388234461,16
34.0,0.7860469999999999,0.9540789755988556,False,0.4745722388234461,16
105.0,1.0,1.6954412140119048,False,0.4594830353203932,16
124.0,1.0,1.776067583814481,False,0.4490936969378155,16
313.0,0.730233,0.9540789755988556,False,0.4447725141350144,16
311.0,0.6976739999999999,0.9540789755988556,False,0.4447725141350144,16
312.0,0.744186,0.9540789755988556,False,0.4447725141350144,16
1.0,1.0,1.6944859982697436,False,0.44302144037492436,16
6.0,0.809302,1.6944859982697436,False,0.4319859765585733,16
310.0,0.665116,0.9540789755988556,False,0.4180433571863664,16
10.0,1.0,1.8386460333540138,False,0.4161203129772348,16
14.0,0.9953489999999999,1.8386460333540138,False,0.4161203129772348,16
11.0,1.0,1.8386460333540138,False,0.4161203129772348,16
32.0,1.0,1.8386460333540138,False,0.4161203129772348,16
31.0,1.0,1.8386460333540138,False,0.4161203129772348,16
12.0,1.0,1.8386460333540138,False,0.4161203129772348,16
8.0,1.0,1.8386460333540138,False,0.4161203129772348,16
50.0,1.0,1.8386460333540138,False,0.4161203129772348,16
15.0,1.0,1.8386460333540138,False,0.4161203129772348,16
28.0,1.0,1.8386460333540138,False,0.4161203129772348,16
16.0,1.0,1.8386460333540138,False,0.4161203129772348,16
27.0,1.0,1.8386460333540138,False,0.4161203129772348,16
30.0,1.0,1.8386460333540138,False,0.4161203129772348,16
7.0,1.0,1.8386460333540138,False,0.4161203129772348,16
38.0,1.0,1.8386460333540138,False,0.4161203129772348,16
33.0,1.0,1.8386460333540138,False,0.4161203129772348,16
23.0,0.9953489999999999,1.8386460333540138,False,0.4161203129772348,16
2.0,1.0,1.8386460333540138,False,0.4161203129772348,16
55.0,1.0,1.8386460333540138,False,0.4161203129772348,16
110.0,1.0,1.8386460333540138,False,0.4161203129772348,16
87.0,1.0,1.8386460333540138,False,0.4161203129772348,16
73.0,1.0,1.8386460333540138,False,0.4161203129772348,16
22.0,1.0,1.8386460333540138,False,0.4161203129772348,16
123.0,1.0,1.8386460333540138,False,0.4161203129772348,16
29.0,1.0,1.8386460333540138,False,0.4161203129772348,16
26.0,1.0,1.8386460333540138,False,0.4161203129772348,16
17.0,1.0,1.8386460333540138,False,0.4161203129772348,16
21.0,1.0,1.8386460333540138,False,0.4161203129772348,16
18.0,1.0,1.8386460333540138,False,0.4161203129772348,16
20.0,1.0,1.8386460333540138,False,0.4161203129772348,16
197.0,0.576744,2.1525574356355235,False,0.40830035677169435,16
314.0,0.8046510000000001,1.8386460333540138,False,0.4050848491608837,16
19.0,0.967442,1.8386460333540138,False,0.4050848491608837,16
53.0,0.7767440000000001,1.8386460333540138,False,0.4050848491608837,16
13.0,0.84186,1.8386460333540138,False,0.4050848491608837,16
111.0,0.734884,1.8386460333540138,False,0.375285124472452,16
35.0,0.581395,0.9540789755988556,False,0.3611179008452873,16
9.0,0.67907,1.8386460333540138,False,0.348555967523804,16
309.0,0.6,1.6944859982697436,False,0.33349589702034,16
88.0,0.637209,1.8386460333540138,False,0.32503720474499165,16
24.0,0.539535,1.8386460333540138,False,0.21451316934874246,16
125.0,0.372093,2.3212212334718387,False,0.15843943115956144,16
44.0,1.0,1.3928598433045325,False,0.15358540233508877,16
168.0,1.0,1.3928598433045325,False,0.15358540233508877,16
193.0,1.0,1.3928598433045325,False,0.15358540233508877,16
45.0,1.0,1.3928598433045325,False,0.15358540233508877,16
46.0,1.0,1.3928598433045325,False,0.15358540233508877,16
25.0,1.0,1.3928598433045325,False,0.15358540233508877,16
78.0,0.404651,1.8386460333540138,False,0.14033356175960246,16
295.0,0.38604700000000003,1.8386460333540138,False,0.14033356175960246,16
37.0,0.390698,1.8386460333540138,False,0.14033356175960246,16
61.0,0.372093,1.8386460333540138,False,0.1381999388004064,16
81.0,0.35814,1.8386460333540138,False,0.1258427153655288,16
60.0,0.362791,1.8386460333540138,False,0.1258427153655288,16
90.0,0.497674,1.8386460333540138,False,0.042543167548742385,16
86.0,0.49302300000000004,1.8386460333540138,False,0.01880435163521942,16
62.0,0.432558,1.8386460333540138,False,0.01880435163521942,16
79.0,0.413953,1.8386460333540138,False,0.01880435163521942,16
103.0,0.418605,1.8386460333540138,False,0.01880435163521942,16
66.0,1.0,2.5289102420134486,False,-0.0028008354704770998,16
118.0,0.48837200000000003,1.6954412140119048,False,-0.05206433107027254,16
119.0,0.483721,1.6954412140119048,False,-0.05206433107027254,16
91.0,0.325581,1.8386460333540138,False,-0.18993038721166136,16
121.0,0.311628,1.8386460333540138,False,-0.18993038721166136,16
104.0,0.30232600000000004,1.8386460333540138,False,-0.18993038721166136,16
120.0,0.297674,1.8386460333540138,False,-0.18993038721166136,16
122.0,0.274419,1.8386460333540138,False,-0.2081119057635212,16
142.0,0.25116299999999997,1.8386460333540138,False,-0.22249529186245776,16
64.0,0.30232600000000004,1.776067583814481,False,-0.23242809010690313,16
70.0,0.311628,1.776067583814481,False,-0.23242809010690313,16
71.0,0.325581,1.776067583814481,False,-0.23242809010690313,16
109.0,0.32093000000000005,1.776067583814481,False,-0.23242809010690313,16
224.0,0.395349,1.3928598433045325,False,-0.23643275393119398,16
58.0,0.223256,1.8386460333540138,False,-0.2506464454667345,16
49.0,0.195349,1.8386460333540138,False,-0.2668768105775936,16
52.0,0.21395299999999998,1.8386460333540138,False,-0.2668768105775936,16
77.0,0.18604700000000002,1.8386460333540138,False,-0.2668768105775936,16
76.0,0.172093,1.8386460333540138,False,-0.2668768105775936,16
102.0,0.190698,1.8386460333540138,False,-0.2668768105775936,16
107.0,0.21395299999999998,1.8386460333540138,False,-0.2668768105775936,16
97.0,0.190698,1.8386460333540138,False,-0.2668768105775936,16
101.0,0.204651,1.8386460333540138,False,-0.2668768105775936,16
84.0,0.046512000000000005,1.8386460333540138,False,-0.32363668610836416,16
248.0,0.032558,2.1525574356355235,False,-0.32980691711436405,16
221.0,0.060465,2.1525574356355235,False,-0.32980691711436405,16
135.0,0.483721,1.3928598433045325,False,-0.357961964055577,16
65.0,0.195349,2.5289102420134486,False,-0.554817197743014,16
92.0,0.060465,2.530815529439434,False,-0.6057703514247027,16
296.0,0.2,1.3928598433045325,False,-0.6142540222695265,16
128.0,0.139535,1.3928598433045325,False,-0.6339380806809234,16
69.0,0.13023300000000002,1.3928598433045325,False,-0.6339380806809234,16
293.0,0.134884,1.3928598433045325,False,-0.6339380806809234,16
129.0,0.148837,1.3928598433045325,False,-0.6339380806809234,16
108.0,0.046512000000000005,1.3928598433045325,False,-0.6706772511982764,16
185.0,0.046512000000000005,1.3928598433045325,False,-0.6706772511982764,16
106.0,1.0,2.1658250249314452,False,0.543885032625379,408
67.0,1.0,2.0752166253263433,False,0.512916895108944,408
58.0,1.0,2.1834867008455907,False,0.5063709189373097,408
68.0,0.790698,2.0752166253263433,False,0.501881431292593,408
23.0,0.9767440000000001,1.347000888821493,False,0.482150298833801,408
14.0,1.0,1.347000888821493,False,0.482150298833801,408
13.0,1.0,1.347000888821493,False,0.482150298833801,408
19.0,1.0,1.347000888821493,False,0.482150298833801,408
24.0,1.0,1.347000888821493,False,0.482150298833801,408
29.0,1.0,1.347000888821493,False,0.482150298833801,408
44.0,1.0,1.347000888821493,False,0.482150298833801,408
38.0,1.0,1.347000888821493,False,0.482150298833801,408
25.0,1.0,1.347000888821493,False,0.482150298833801,408
22.0,1.0,1.347000888821493,False,0.482150298833801,408
10.0,0.9953489999999999,1.347000888821493,False,0.482150298833801,408
193.0,1.0,1.347000888821493,False,0.482150298833801,408
21.0,1.0,1.347000888821493,False,0.482150298833801,408
18.0,1.0,1.347000888821493,False,0.482150298833801,408
45.0,1.0,1.347000888821493,False,0.482150298833801,408
41.0,1.0,1.347000888821493,False,0.482150298833801,408
46.0,1.0,1.347000888821493,False,0.482150298833801,408
123.0,1.0,1.347000888821493,False,0.482150298833801,408
2.0,1.0,1.347000888821493,False,0.482150298833801,408
168.0,1.0,1.347000888821493,False,0.482150298833801,408
314.0,0.8046510000000001,1.347000888821493,False,0.47111483501744994,408
34.0,0.7860469999999999,1.347000888821493,False,0.47111483501744994,408
171.0,1.0,1.6954412140119048,False,0.4594830353203932,408
116.0,1.0,1.6954412140119048,False,0.4594830353203932,408
274.0,1.0,1.6954412140119048,False,0.4594830353203932,408
124.0,1.0,1.3179747443398497,False,0.4424517853498847,408
311.0,0.734884,1.347000888821493,False,0.4413151103290183,408
3.0,1.0,1.865268520174617,False,0.41887346389814917,408
43.0,1.0,1.865268520174617,False,0.41887346389814917,408
40.0,1.0,1.865268520174617,False,0.41887346389814917,408
42.0,1.0,1.865268520174617,False,0.41887346389814917,408
39.0,1.0,1.865268520174617,False,0.41887346389814917,408
298.0,1.0,1.865268520174617,False,0.41887346389814917,408
312.0,0.67907,1.347000888821493,False,0.41458595338037035,408
313.0,0.6697669999999999,1.347000888821493,False,0.41458595338037035,408
310.0,0.665116,1.347000888821493,False,0.41458595338037035,408
1.0,1.0,2.025847667652856,False,0.4096861570765659,408
36.0,0.87907,1.865268520174617,False,0.4078380000817981,408
6.0,0.809302,2.025847667652856,False,0.39865069326021485,408
309.0,0.613953,1.347000888821493,False,0.3862654433746416,408
35.0,0.581395,1.347000888821493,False,0.37262475547921675,408
8.0,0.544186,1.347000888821493,False,0.3572616266817506,408
7.0,0.660465,2.025847667652856,False,0.34212181162313515,408
32.0,0.623256,1.865268520174617,False,0.3229886084389897,408
33.0,0.581395,1.865268520174617,False,0.3093479205435649,408
15.0,0.539535,1.347000888821493,False,0.2584110620718924,408
142.0,0.390698,2.1834867008455907,False,0.2072080630923881,408
125.0,0.372093,2.1658250249314452,False,0.19418822036479222,408
12.0,0.539535,2.025847667652856,False,0.19311475500814798,408
224.0,0.395349,1.347000888821493,False,0.09213214256751823,408
88.0,1.0,2.1042820576625,False,-0.027472602924668004,408
28.0,0.460465,1.347000888821493,False,-0.02939706755686479,408
16.0,0.483721,1.347000888821493,False,-0.02939706755686479,408
9.0,0.469767,1.347000888821493,False,-0.02939706755686479,408
11.0,0.469767,1.347000888821493,False,-0.02939706755686479,408
135.0,0.483721,1.347000888821493,False,-0.02939706755686479,408
87.0,0.637209,2.1042820576625,False,-0.11855571115691113,408
71.0,0.325581,1.3179747443398497,False,-0.18234706138996754,408
64.0,0.30232600000000004,1.3179747443398497,False,-0.18234706138996754,408
70.0,0.311628,1.3179747443398497,False,-0.18234706138996754,408
109.0,0.32093000000000005,1.3179747443398497,False,-0.18234706138996754,408
66.0,0.288372,1.3179747443398497,False,-0.20044210858214273,408
76.0,0.26976700000000003,1.3179747443398497,False,-0.20052857994182743,408
107.0,0.26976700000000003,1.3179747443398497,False,-0.20052857994182743,408
101.0,0.265116,1.3179747443398497,False,-0.20052857994182743,408
77.0,0.260465,1.3179747443398497,False,-0.20052857994182743,408
60.0,0.265116,2.1834867008455907,False,-0.22982583529908113,408
285.0,0.26976700000000003,1.6954412140119048,False,-0.24140760293394847,408
53.0,0.237209,2.1834867008455907,False,-0.26349660868471597,408
96.0,0.237209,2.1834867008455907,False,-0.26349660868471597,408
97.0,0.237209,2.1834867008455907,False,-0.26349660868471597,408
108.0,0.227907,2.1834867008455907,False,-0.26349660868471597,408
61.0,0.25116299999999997,2.1834867008455907,False,-0.26349660868471597,408
91.0,0.25116299999999997,2.1834867008455907,False,-0.26349660868471597,408
57.0,0.255814,2.1834867008455907,False,-0.26349660868471597,408
105.0,0.162791,2.1658250249314452,True,-0.30912433190461036,408
118.0,0.16744199999999998,2.1658250249314452,False,-0.30912433190461036,408
30.0,0.162791,1.347000888821493,False,-0.3150683312527733,408
31.0,0.16744199999999998,1.347000888821493,False,-0.3150683312527733,408
296.0,0.2,1.347000888821493,False,-0.3150683312527733,408
65.0,0.2,2.0752166253263433,False,-0.31796037628762913,408
75.0,0.2,2.0752166253263433,False,-0.31796037628762913,408
74.0,0.209302,2.0752166253263433,False,-0.31796037628762913,408
130.0,0.190698,2.0752166253263433,False,-0.31796037628762913,408
81.0,0.102326,1.6954412140119048,False,-0.31985656615941765,408
127.0,0.10697699999999999,1.6954412140119048,False,-0.31985656615941765,408
80.0,0.11627900000000001,1.6954412140119048,False,-0.31985656615941765,408
293.0,0.111628,1.6954412140119048,False,-0.31985656615941765,408
100.0,0.15814,1.6954412140119048,False,-0.31985656615941765,408
177.0,0.139535,1.6954412140119048,False,-0.31985656615941765,408
17.0,0.08837199999999999,2.1658250249314452,False,-0.32880839031600717,408
37.0,0.08837199999999999,2.1658250249314452,False,-0.32880839031600717,408
119.0,0.15814,2.1658250249314452,False,-0.32880839031600717,408
129.0,0.148837,1.347000888821493,False,-0.3347523896641702,408
128.0,0.139535,1.347000888821493,False,-0.3347523896641702,408
27.0,0.134884,1.347000888821493,False,-0.3347523896641702,408
69.0,0.13023300000000002,1.347000888821493,False,-0.3347523896641702,408
20.0,0.15814,1.347000888821493,False,-0.3347523896641702,408
262.0,0.04186,1.6954412140119048,False,-0.35659573667677064,408
246.0,0.055814,1.6954412140119048,False,-0.35659573667677064,408
114.0,0.037209,1.6954412140119048,False,-0.35659573667677064,408
115.0,0.04186,1.6954412140119048,False,-0.35659573667677064,408
248.0,0.037209,1.347000888821493,False,-0.3714915601815232,408
185.0,0.046512000000000005,1.347000888821493,False,-0.3714915601815232,408
90.0,0.5023259999999999,2.1042820576625,False,-0.40104974835316054,408
86.0,0.5162789999999999,2.1042820576625,False,-0.40104974835316054,408
120.0,0.055814,2.1042820576625,False,-0.6958677412313337,408
121.0,0.060465,2.1042820576625,False,-0.6958677412313337,408
92.0,0.060465,2.1042820576625,False,-0.6958677412313337,408
197.0,1.0,1.934018031397908,False,0.5324258677512873,1
72.0,1.0,1.934018031397908,False,0.5324258677512873,1
196.0,1.0,1.934018031397908,False,0.5324258677512873,1
45.0,1.0,1.950622305067128,False,0.5063709189373097,1
168.0,1.0,1.950622305067128,False,0.5063709189373097,1
123.0,1.0,1.950622305067128,False,0.5063709189373097,1
46.0,1.0,1.950622305067128,False,0.5063709189373097,1
29.0,1.0,1.950622305067128,False,0.5063709189373097,1
25.0,1.0,1.950622305067128,False,0.5063709189373097,1
24.0,1.0,1.950622305067128,False,0.5063709189373097,1
19.0,0.9767440000000001,1.950622305067128,False,0.5063709189373097,1
10.0,0.9953489999999999,1.950622305067128,False,0.5063709189373097,1
44.0,1.0,1.950622305067128,False,0.5063709189373097,1
41.0,1.0,1.950622305067128,False,0.5063709189373097,1
38.0,1.0,1.950622305067128,False,0.5063709189373097,1
22.0,1.0,1.950622305067128,False,0.5063709189373097,1
14.0,1.0,1.950622305067128,False,0.5063709189373097,1
23.0,1.0,1.950622305067128,False,0.5063709189373097,1
21.0,1.0,1.950622305067128,False,0.5063709189373097,1
18.0,1.0,1.950622305067128,False,0.5063709189373097,1
2.0,1.0,1.950622305067128,False,0.5063709189373097,1
13.0,1.0,1.950622305067128,False,0.5063709189373097,1
193.0,1.0,1.950622305067128,False,0.5063709189373097,1
124.0,1.0,1.1246781530823233,False,0.4980424041700422,1
34.0,0.7860469999999999,1.950622305067128,False,0.49533545512095867,1
314.0,0.8046510000000001,1.950622305067128,False,0.49533545512095867,1
64.0,1.0,1.269857168977523,False,0.48869627500543544,1
311.0,0.734884,1.950622305067128,False,0.46553573043252694,1
65.0,1.0,1.2753236536065078,False,0.45808973387964375,1
40.0,1.0,1.640535553077631,False,0.4445648210593698,1
42.0,1.0,1.640535553077631,False,0.4445648210593698,1
3.0,1.0,1.640535553077631,False,0.4445648210593698,1
43.0,1.0,1.640535553077631,False,0.4445648210593698,1
39.0,1.0,1.640535553077631,False,0.4445648210593698,1
298.0,1.0,1.640535553077631,False,0.4445648210593698,1
274.0,1.0,1.6944859982697436,False,0.44302144037492436,1
171.0,1.0,1.6944859982697436,False,0.44302144037492436,1
116.0,1.0,1.6944859982697436,False,0.44302144037492436,1
313.0,0.6697669999999999,1.950622305067128,False,0.43880657348387897,1
312.0,0.67907,1.950622305067128,False,0.43880657348387897,1
310.0,0.665116,1.950622305067128,False,0.43880657348387897,1
36.0,0.87907,1.640535553077631,False,0.4335293572430187,1
67.0,1.0,1.8453422919561548,False,0.422104372799304,1
68.0,0.790698,1.8453422919561548,False,0.41106890898295295,1
105.0,1.0,2.025847667652856,False,0.4096861570765659,1
309.0,0.613953,1.950622305067128,False,0.3975341214853676,1
35.0,0.581395,1.950622305067128,False,0.37346927095543614,1
8.0,0.544186,1.950622305067128,False,0.3581061421579699,1
32.0,0.623256,1.640535553077631,False,0.34867996560021025,1
33.0,0.581395,1.640535553077631,False,0.3350392777047854,1
15.0,0.539535,1.950622305067128,False,0.28138767068152803,1
6.0,0.534884,1.950622305067128,False,0.24269717370778254,1
1.0,0.530233,1.950622305067128,True,0.23759171280868024,1
224.0,0.395349,1.950622305067128,False,0.2072080630923881,1
7.0,0.52093,1.950622305067128,False,0.10941766888152799,1
75.0,0.395349,1.269857168977523,False,0.09867811873915261,1
135.0,0.483721,1.950622305067128,False,0.08567885296800504,1
9.0,0.469767,1.950622305067128,False,0.08567885296800504,1
28.0,0.460465,1.950622305067128,False,0.08567885296800504,1
11.0,0.469767,1.950622305067128,False,0.08567885296800504,1
16.0,0.483721,1.950622305067128,False,0.08567885296800504,1
74.0,0.35814,1.269857168977523,False,0.08418727234507897,1
119.0,0.483721,2.025847667652856,False,-0.002594062705375079,1
118.0,0.48837200000000003,2.025847667652856,False,-0.002594062705375079,1
189.0,0.265116,1.934018031397908,False,-0.20071077093440648,1
101.0,0.274419,1.2753236536065078,False,-0.21174680671566778,1
70.0,0.227907,1.2753236536065078,False,-0.2261301928146043,1
106.0,0.162791,2.025847667652856,False,-0.23408391284061608,1
71.0,0.325581,1.1246781530823233,False,-0.23720395950743,1
109.0,0.32093000000000005,1.1246781530823233,False,-0.23720395950743,1
125.0,0.12093,2.025847667652856,False,-0.25410461785403365,1
26.0,0.08837199999999999,2.025847667652856,False,-0.25410461785403365,1
12.0,0.08372099999999999,2.025847667652856,False,-0.25410461785403365,1
27.0,0.08837199999999999,2.025847667652856,False,-0.25410461785403365,1
66.0,0.288372,1.1246781530823233,False,-0.25529900669960515,1
77.0,0.260465,1.1246781530823233,False,-0.25538547805928985,1
107.0,0.26976700000000003,1.1246781530823233,False,-0.25538547805928985,1
76.0,0.26976700000000003,1.1246781530823233,False,-0.25538547805928985,1
130.0,0.190698,1.8453422919561548,False,-0.2578227366879229,1
117.0,0.23255800000000001,1.269857168977523,False,-0.28076906142541486,1
285.0,0.26976700000000003,1.6944859982697436,False,-0.28992841682357307,1
31.0,0.16744199999999998,1.950622305067128,False,-0.3078781273998518,1
30.0,0.162791,1.950622305067128,False,-0.3078781273998518,1
296.0,0.2,1.950622305067128,False,-0.3078781273998518,1
293.0,0.134884,1.950622305067128,False,-0.3278988324132694,1
20.0,0.15814,1.950622305067128,False,-0.3278988324132694,1
129.0,0.148837,1.950622305067128,False,-0.3278988324132694,1
128.0,0.139535,1.950622305067128,False,-0.3278988324132694,1
69.0,0.13023300000000002,1.950622305067128,False,-0.3278988324132694,1
144.0,0.032558,1.934018031397908,False,-0.33518629196392696,1
248.0,0.032558,1.934018031397908,False,-0.33518629196392696,1
221.0,0.060465,1.934018031397908,False,-0.33518629196392696,1
61.0,0.051163,1.950622305067128,False,-0.3646380029306223,1
58.0,0.032558,1.950622305067128,False,-0.3646380029306223,1
60.0,0.037209,1.950622305067128,False,-0.3646380029306223,1
108.0,0.046512000000000005,1.950622305067128,False,-0.3646380029306223,1
91.0,0.032558,1.950622305067128,False,-0.3646380029306223,1
142.0,0.037209,1.950622305067128,False,-0.3646380029306223,1
185.0,0.046512000000000005,1.950622305067128,False,-0.3646380029306223,1
177.0,0.139535,1.6944859982697436,False,-0.368714026651063,1
100.0,0.15814,1.6944859982697436,False,-0.368714026651063,1
80.0,0.11627900000000001,1.6944859982697436,False,-0.368714026651063,1
81.0,0.102326,1.6944859982697436,False,-0.368714026651063,1
127.0,0.10697699999999999,1.6944859982697436,False,-0.368714026651063,1
246.0,0.055814,1.6944859982697436,False,-0.405453197168416,1
114.0,0.037209,1.6944859982697436,False,-0.405453197168416,1
115.0,0.04186,1.6944859982697436,False,-0.405453197168416,1
262.0,0.04186,1.6944859982697436,False,-0.405453197168416,1
58.0,1.0,0.8603324820483542,False,0.586038889241147,20
123.0,1.0,1.7113664303485463,True,0.5779486278759888,20
87.0,1.0,1.7113664303485463,False,0.5779486278759888,20
73.0,1.0,1.7113664303485463,False,0.5779486278759888,20
55.0,1.0,1.7113664303485463,False,0.5779486278759888,20
34.0,1.0,1.7113664303485463,False,0.5779486278759888,20
38.0,1.0,1.7113664303485463,False,0.5779486278759888,20
110.0,1.0,1.7113664303485463,False,0.5779486278759888,20
26.0,1.0,1.7113664303485463,False,0.5779486278759888,20
27.0,1.0,1.7113664303485463,False,0.5779486278759888,20
28.0,1.0,1.7113664303485463,False,0.5779486278759888,20
29.0,1.0,1.7113664303485463,False,0.5779486278759888,20
30.0,1.0,1.7113664303485463,False,0.5779486278759888,20
31.0,1.0,1.7113664303485463,False,0.5779486278759888,20
32.0,1.0,1.7113664303485463,False,0.5779486278759888,20
50.0,1.0,1.7113664303485463,False,0.5779486278759888,20
22.0,1.0,1.7113664303485463,False,0.5779486278759888,20
8.0,1.0,1.7113664303485463,False,0.5779486278759888,20
6.0,1.0,1.7113664303485463,False,0.5779486278759888,20
7.0,1.0,1.7113664303485463,False,0.5779486278759888,20
2.0,1.0,1.7113664303485463,False,0.5779486278759888,20
23.0,0.9953489999999999,1.7113664303485463,False,0.5779486278759888,20
10.0,1.0,1.7113664303485463,False,0.5779486278759888,20
14.0,0.9953489999999999,1.7113664303485463,False,0.5779486278759888,20
17.0,1.0,1.7113664303485463,False,0.5779486278759888,20
12.0,1.0,1.7113664303485463,False,0.5779486278759888,20
16.0,1.0,1.7113664303485463,False,0.5779486278759888,20
15.0,1.0,1.7113664303485463,False,0.5779486278759888,20
20.0,1.0,1.7113664303485463,False,0.5779486278759888,20
18.0,1.0,1.7113664303485463,False,0.5779486278759888,20
21.0,1.0,1.7113664303485463,False,0.5779486278759888,20
33.0,1.0,1.7113664303485463,False,0.5779486278759888,20
1.0,1.0,1.7113664303485463,False,0.5779486278759888,20
11.0,1.0,1.7113664303485463,False,0.5779486278759888,20
13.0,0.84186,1.7113664303485463,False,0.5669131640596378,20
19.0,0.911628,1.7113664303485463,False,0.5669131640596378,20
41.0,0.7860469999999999,1.7113664303485463,False,0.5669131640596378,20
314.0,0.8046510000000001,1.7113664303485463,False,0.5669131640596378,20
53.0,0.7767440000000001,1.7113664303485463,False,0.5669131640596378,20
97.0,1.0,1.8631021687811284,False,0.5570941100898091,20
96.0,1.0,1.8631021687811284,False,0.5570941100898091,20
111.0,0.734884,1.7113664303485463,False,0.537113439371206,20
311.0,0.6930230000000001,1.7113664303485463,True,0.537113439371206,20
66.0,1.0,2.15394096953168,False,0.5249043549234997,20
312.0,0.655814,1.7113664303485463,False,0.5103842824225582,20
9.0,0.67907,1.7113664303485463,False,0.5103842824225582,20
57.0,0.67907,1.8631021687811284,False,0.4895297646363784,20
310.0,0.637209,1.7113664303485463,False,0.48686551964374575,20
313.0,0.6418600000000001,1.7113664303485463,False,0.48686551964374575,20
88.0,0.637209,1.7113664303485463,False,0.48686551964374575,20
177.0,1.0,1.0468587546417423,False,0.47414853776570537,20
307.0,1.0,1.5356680331472403,False,0.47073409766026997,20
299.0,1.0,1.5356680331472403,False,0.47073409766026997,20
302.0,1.0,1.5356680331472403,False,0.47073409766026997,20
304.0,1.0,1.5356680331472403,False,0.47073409766026997,20
40.0,0.623256,1.7113664303485463,False,0.46911183042404675,20
39.0,0.613953,1.7113664303485463,False,0.46911183042404675,20
300.0,0.7534879999999999,1.5356680331472403,False,0.4596986338439189,20
298.0,0.562791,1.7113664303485463,True,0.45678924809379146,20
43.0,0.562791,1.7113664303485463,False,0.45678924809379146,20
36.0,0.55814,1.7113664303485463,False,0.45678924809379146,20
65.0,1.0,1.4185692199708888,False,0.45118216131736594,20
64.0,1.0,1.4185692199708888,False,0.45118216131736594,20
309.0,0.5906980000000001,1.7113664303485463,False,0.4450469798941152,20
35.0,0.567442,1.7113664303485463,False,0.4450469798941152,20
305.0,0.706977,1.5356680331472403,False,0.4298989091554872,20
306.0,0.6976739999999999,1.5356680331472403,False,0.4298989091554872,20
308.0,0.7488370000000001,1.5356680331472403,False,0.4298989091554872,20
301.0,0.6976739999999999,1.5356680331472403,False,0.4298989091554872,20
3.0,1.0,2.0827509142581144,False,0.38772179517743355,20
42.0,1.0,2.0827509142581144,False,0.38772179517743355,20
24.0,0.539535,1.7113664303485463,False,0.33083328648679083,20
142.0,0.390698,0.8603324820483542,False,0.21593872683236828,20
295.0,0.38604700000000003,1.7113664303485463,False,0.16455436698241682,20
78.0,0.404651,1.7113664303485463,False,0.16455436698241682,20
37.0,0.390698,1.7113664303485463,False,0.16455436698241682,20
71.0,0.34883699999999995,2.15394096953168,False,0.16285031922803528,20
109.0,0.35348799999999997,2.15394096953168,False,0.16285031922803528,20
117.0,1.0,1.622878045888291,False,0.13664597103227516,20
25.0,0.367442,1.7113664303485463,False,0.13615250370016774,20
61.0,0.372093,1.7113664303485463,False,0.13615250370016774,20
81.0,0.35814,1.7113664303485463,False,0.12379528026529017,20
60.0,0.362791,1.7113664303485463,False,0.12379528026529017,20
75.0,0.395349,1.4185692199708888,False,0.08329609818449948,20
74.0,0.35814,1.4185692199708888,False,0.06880525179042585,20
90.0,0.497674,1.7113664303485463,False,0.06676397277155674,20
303.0,0.37674399999999997,1.5356680331472403,False,0.06575168295406156,20
62.0,0.432558,1.7113664303485463,False,0.04302515685803378,20
86.0,0.49302300000000004,1.7113664303485463,False,0.04302515685803378,20
103.0,0.418605,1.7113664303485463,False,0.04302515685803378,20
79.0,0.413953,1.7113664303485463,False,0.04302515685803378,20
108.0,0.227907,0.8603324820483542,False,-0.015036880789855097,20
91.0,0.25116299999999997,0.8603324820483542,False,-0.015036880789855097,20
70.0,0.33488399999999996,2.15394096953168,True,-0.18524161644637505,20
124.0,0.288372,2.15394096953168,False,-0.21671969454411544,20
95.0,0.23255800000000001,1.8631021687811284,False,-0.2277475744890466,20
67.0,0.32093000000000005,1.4185692199708888,False,-0.23033962572735267,20
68.0,0.306977,1.4185692199708888,False,-0.23033962572735267,20
121.0,0.311628,1.7113664303485463,False,-0.23767968631468528,20
120.0,0.297674,1.7113664303485463,False,-0.23767968631468528,20
104.0,0.30232600000000004,1.7113664303485463,False,-0.23767968631468528,20
77.0,0.18604700000000002,1.9352790287269426,False,-0.2452676413120851,20
102.0,0.190698,1.9352790287269426,False,-0.2452676413120851,20
76.0,0.172093,1.9352790287269426,False,-0.2452676413120851,20
101.0,0.204651,1.9352790287269426,False,-0.2452676413120851,20
107.0,0.21395299999999998,1.9352790287269426,True,-0.2452676413120851,20
63.0,0.172093,1.8631021687811284,False,-0.2721290932041824,20
122.0,0.274419,1.7113664303485463,False,-0.27247953140905246,20
171.0,0.139535,1.0468587546417423,False,-0.3159078739455709,20
52.0,0.21395299999999998,1.7113664303485463,False,-0.35053182350982304,20
49.0,0.195349,1.7113664303485463,False,-0.35053182350982304,20
84.0,0.046512000000000005,1.7113664303485463,False,-0.40695505243857283,20
45.0,0.04186,1.7113664303485463,False,-0.40695505243857283,20
89.0,0.18139500000000003,1.622878045888291,False,-0.6311934535723401,20
81.0,1.0,4.224698042449723,False,0.4849177181990406,57
89.0,1.0,2.57103228155661,False,0.40466114810314296,57
295.0,0.623256,4.224698042449723,False,0.3760809207470985,57
92.0,1.0,4.875402101260519,False,0.3570152965246572,57
118.0,0.9069769999999999,5.670617942953643,False,0.269149752879793,57
119.0,1.0,5.670617942953643,False,0.23532606925673516,57
117.0,1.0,5.631414051941595,False,0.2129296849707219,57
306.0,0.6976739999999999,5.805769326219821,False,0.17820951927999382,57
305.0,0.706977,5.805769326219821,False,0.17820951927999382,57
308.0,0.7488370000000001,5.805769326219821,False,0.17820951927999382,57
307.0,1.0,5.805769326219821,False,0.15885449742281982,57
110.0,0.35814,4.224698042449723,False,0.157397662139915,57
111.0,0.362791,4.224698042449723,False,0.157397662139915,57
109.0,0.87907,5.582316039177436,False,0.11622210034700024,57
71.0,0.744186,5.582316039177436,False,0.10175343858111638,57
70.0,0.744186,5.582316039177436,False,0.10175343858111638,57
115.0,1.0,5.832037774464093,False,0.09933784802675599,57
114.0,1.0,5.832037774464093,False,0.09933784802675599,57
300.0,0.7534879999999999,5.691052036522922,False,0.0707709266988372,57
304.0,0.7534879999999999,5.691052036522922,False,0.0707709266988372,57
302.0,0.7534879999999999,5.691052036522922,False,0.0707709266988372,57
301.0,0.739535,5.691052036522922,False,0.05630226493295337,57
299.0,0.6930230000000001,5.691052036522922,False,0.05630226493295337,57
142.0,1.0,5.691052036522922,False,0.03694724307577935,57
303.0,1.0,5.691052036522922,False,0.03694724307577935,57
97.0,1.0,5.409121411103349,False,-0.018277179439261004,57
105.0,0.483721,5.670617942953643,False,-0.07591236403597078,57
58.0,0.390698,5.691052036522922,False,-0.1176551412933351,57
66.0,0.34883699999999995,5.582316039177436,False,-0.13566800665858436,57
101.0,0.237209,2.57103228155661,False,-0.1921340229930245,57
65.0,0.195349,2.57103228155661,False,-0.23651554170816036,57
124.0,0.18604700000000002,2.57103228155661,False,-0.23651554170816036,57
129.0,0.17674399999999998,2.57103228155661,False,-0.23651554170816036,57
64.0,0.18139500000000003,2.57103228155661,False,-0.23651554170816036,57
77.0,0.24186,4.224698042449723,False,-0.28917614797947405,57
76.0,0.25116299999999997,4.224698042449723,False,-0.28917614797947405,57
102.0,0.24186,4.224698042449723,False,-0.28917614797947405,57
106.0,0.15814,5.670617942953643,False,-0.29388152735989864,57
125.0,0.11627900000000001,5.670617942953643,False,-0.29388152735989864,57
107.0,0.223256,4.224698042449723,False,-0.3003499826047142,57
310.0,0.172093,4.875402101260519,False,-0.30856296201516364,57
296.0,0.148837,4.875402101260519,False,-0.3285836670285812,57
298.0,0.144186,4.875402101260519,False,-0.3285836670285812,57
312.0,0.144186,4.875402101260519,False,-0.3285836670285812,57
35.0,0.148837,4.875402101260519,False,-0.3285836670285812,57
36.0,0.148837,4.875402101260519,False,-0.3285836670285812,57
69.0,0.153488,4.875402101260519,False,-0.3285836670285812,57
3.0,0.144186,4.875402101260519,False,-0.3285836670285812,57
311.0,0.144186,4.875402101260519,False,-0.3285836670285812,57
79.0,0.069767,5.670617942953643,False,-0.33062069787725157,57
78.0,0.065116,5.670617942953643,False,-0.33062069787725157,57
26.0,0.069767,5.670617942953643,False,-0.33062069787725157,57
297.0,0.074419,5.670617942953643,False,-0.33062069787725157,57
45.0,0.065116,5.670617942953643,False,-0.33062069787725157,57
131.0,0.218605,5.582316039177436,False,-0.39740926939731464,57
108.0,0.293023,5.691052036522922,False,-0.4149540619776681,57
171.0,0.04186,5.832037774464093,False,-0.4417519469058803,57
91.0,0.265116,5.691052036522922,False,-0.4497539070720353,57
61.0,0.255814,5.691052036522922,False,-0.48342468045767,57
60.0,0.24186,5.691052036522922,False,-0.48342468045767,57
52.0,0.255814,5.691052036522922,False,-0.48342468045767,57
50.0,0.25116299999999997,5.691052036522922,False,-0.48342468045767,57
53.0,0.25116299999999997,5.691052036522922,False,-0.48342468045767,57
49.0,0.24651199999999998,5.691052036522922,False,-0.48342468045767,57
95.0,0.23255800000000001,5.409121411103349,False,-0.5304899535506751,57
63.0,0.172093,5.409121411103349,False,-0.5578941532867745,57
82.0,1.0,1.8323604246570515,False,0.5532311617899859,398
84.0,1.0,1.8323604246570515,False,0.5532311617899859,398
85.0,1.0,1.8323604246570515,False,0.5532311617899859,398
83.0,1.0,1.8323604246570515,False,0.5532311617899859,398
72.0,1.0,2.5007790019689873,False,0.5138924317650972,398
197.0,1.0,2.5007790019689873,False,0.5138924317650972,398
196.0,1.0,2.5007790019689873,False,0.5138924317650972,398
65.0,1.0,1.6584917279286138,True,0.48869627500543544,398
64.0,1.0,1.7746546229647393,False,0.46498580227405667,398
90.0,1.0,2.589698755668857,False,0.4237472195097789,398
88.0,1.0,2.216060495148106,False,0.41503010168720583,398
131.0,1.0,2.8084523345652572,False,0.4068077882069653,398
132.0,1.0,2.8084523345652572,False,0.4068077882069653,398
130.0,1.0,2.8084523345652572,False,0.4068077882069653,398
124.0,1.0,2.433201477796123,False,0.3937521365088693,398
67.0,1.0,2.6044668625331786,False,0.33620862155505227,398
68.0,0.790698,2.6044668625331786,False,0.3251731577387012,398
87.0,0.637209,2.216060495148106,False,0.3239469934549626,398
75.0,0.395349,1.7746546229647393,False,0.08213548070126453,398
74.0,0.35814,1.7746546229647393,False,0.06764463430719089,398
1.0,1.0,2.0748490070672703,False,0.05636245745604933,398
6.0,0.809302,2.0748490070672703,False,0.045326993639698276,398
86.0,0.5162789999999999,2.216060495148106,False,0.04145295625871333,398
7.0,0.660465,2.0748490070672703,False,-0.011201887997381407,398
8.0,0.6418600000000001,2.0748490070672703,False,-0.03472065077619382,398
309.0,0.6,2.0748490070672703,False,-0.05316308589853497,398
12.0,0.539535,2.0748490070672703,False,-0.14524468617244313,398
70.0,0.311628,2.433201477796123,False,-0.14533452424462054,398
109.0,0.32093000000000005,2.433201477796123,False,-0.14533452424462054,398
71.0,0.325581,2.433201477796123,False,-0.14533452424462054,398
66.0,0.288372,2.433201477796123,False,-0.16342957143679573,398
76.0,0.26976700000000003,2.433201477796123,False,-0.18013436933898772,398
77.0,0.260465,2.433201477796123,False,-0.18013436933898772,398
107.0,0.26976700000000003,2.433201477796123,False,-0.18013436933898772,398
101.0,0.265116,2.433201477796123,False,-0.18013436933898772,398
18.0,0.530233,2.0748490070672703,False,-0.18904064404529103,398
189.0,0.265116,2.5007790019689873,False,-0.19711211378718024,398
117.0,0.23255800000000001,1.7746546229647393,False,-0.2806933729207956,398
11.0,0.11627900000000001,1.8323604246570515,False,-0.31780819304881874,398
69.0,0.111628,1.8323604246570515,False,-0.31780819304881874,398
294.0,0.144186,1.8323604246570515,False,-0.31780819304881874,398
310.0,0.097674,1.8323604246570515,False,-0.31780819304881874,398
31.0,0.08837199999999999,1.8323604246570515,False,-0.31780819304881874,398
47.0,0.111628,1.8323604246570515,False,-0.31780819304881874,398
22.0,0.10697699999999999,1.8323604246570515,False,-0.31780819304881874,398
45.0,0.102326,1.8323604246570515,False,-0.31780819304881874,398
56.0,0.10697699999999999,1.8323604246570515,False,-0.31780819304881874,398
25.0,0.102326,1.8323604246570515,False,-0.31780819304881874,398
15.0,0.10697699999999999,1.8323604246570515,False,-0.31780819304881874,398
20.0,0.08837199999999999,1.8323604246570515,False,-0.31780819304881874,398
248.0,0.032558,2.5007790019689873,False,-0.33192428141872143,398
221.0,0.060465,2.5007790019689873,False,-0.33192428141872143,398
144.0,0.032558,2.5007790019689873,False,-0.33192428141872143,398
24.0,0.48837200000000003,2.0748490070672703,False,-0.3409535038859661,398
2.0,0.47906999999999994,2.0748490070672703,False,-0.3409535038859661,398
92.0,0.060465,2.216060495148106,False,-0.3413452239409004,398
120.0,0.055814,2.216060495148106,False,-0.3413452239409004,398
121.0,0.060465,2.216060495148106,False,-0.3413452239409004,398
293.0,0.18604700000000002,2.8084523345652572,False,-0.4001941457816533,398
128.0,0.21395299999999998,2.8084523345652572,False,-0.4001941457816533,398
129.0,0.153488,2.8084523345652572,False,-0.41987820419305016,398
13.0,0.051163,2.589698755668857,False,-0.4442001766881983,398
259.0,0.046512000000000005,2.589698755668857,False,-0.4442001766881983,398
196.0,1.0,1.527847305799185,False,0.614628484467994,394
197.0,1.0,1.527847305799185,False,0.614628484467994,394
72.0,1.0,1.527847305799185,False,0.614628484467994,394
64.0,1.0,1.8299986706920899,False,0.5009135510488256,394
65.0,1.0,1.6584917279286138,True,0.48869627500543544,394
67.0,1.0,1.3607005168549233,False,0.4760616494489627,394
124.0,1.0,1.2945053812456575,False,0.46707426665360713,394
68.0,0.790698,1.3607005168549233,False,0.4650261856326116,394
1.0,1.0,1.2753236536065078,False,0.45808973387964375,394
6.0,0.809302,1.2753236536065078,False,0.4470542700632927,394
83.0,1.0,1.890595864707952,False,0.39586589278104584,394
82.0,1.0,1.890595864707952,False,0.39586589278104584,394
84.0,1.0,1.890595864707952,False,0.39586589278104584,394
85.0,1.0,1.890595864707952,False,0.39586589278104584,394
7.0,0.660465,1.2753236536065078,False,0.390525388426213,394
8.0,0.6418600000000001,1.2753236536065078,False,0.3670066256474006,394
309.0,0.6,1.2753236536065078,False,0.3485641905250595,394
88.0,1.0,2.2311910074170602,False,0.30110100869773354,394
12.0,0.539535,1.2753236536065078,False,0.2564825902511514,394
75.0,0.395349,1.8299986706920899,False,0.24504479368869722,394
74.0,0.35814,1.8299986706920899,False,0.23055394729462358,394
131.0,1.0,1.611459004541865,False,0.2300031841714059,394
130.0,1.0,1.611459004541865,False,0.2300031841714059,394
132.0,1.0,1.611459004541865,False,0.2300031841714059,394
87.0,0.637209,2.2311910074170602,False,0.21001790046549043,394
18.0,0.530233,1.2753236536065078,False,0.16910805804445697,394
117.0,0.23255800000000001,1.8299986706920899,False,0.055889619809998875,394
66.0,0.227907,1.8299986706920899,False,0.055889619809998875,394
70.0,0.223256,1.8299986706920899,False,0.027738466205722193,394
2.0,0.47906999999999994,1.2753236536065078,False,-0.031325539377605724,394
24.0,0.48837200000000003,1.2753236536065078,False,-0.031325539377605724,394
15.0,0.47906999999999994,1.2753236536065078,False,-0.031325539377605724,394
86.0,0.5162789999999999,2.2311910074170602,False,-0.09585224135804817,394
90.0,0.5023259999999999,2.2311910074170602,False,-0.09585224135804817,394
189.0,0.265116,1.527847305799185,False,-0.23579967481704722,394
109.0,0.32093000000000005,1.2945053812456575,False,-0.2460400038904488,394
71.0,0.325581,1.2945053812456575,False,-0.2460400038904488,394
107.0,0.26976700000000003,1.2945053812456575,False,-0.2642215224423086,394
101.0,0.265116,1.2945053812456575,False,-0.2642215224423086,394
77.0,0.260465,1.2945053812456575,False,-0.2642215224423086,394
76.0,0.26976700000000003,1.2945053812456575,False,-0.2642215224423086,394
69.0,0.10697699999999999,1.890595864707952,False,-0.3071420372702957,394
20.0,0.08837199999999999,1.890595864707952,False,-0.3071420372702957,394
31.0,0.08837199999999999,1.890595864707952,False,-0.3071420372702957,394
25.0,0.09302300000000001,1.890595864707952,False,-0.3071420372702957,394
294.0,0.134884,1.890595864707952,False,-0.3071420372702957,394
11.0,0.125581,1.890595864707952,False,-0.3071420372702957,394
47.0,0.111628,1.890595864707952,False,-0.3071420372702957,394
310.0,0.097674,1.890595864707952,False,-0.3071420372702957,394
45.0,0.102326,1.890595864707952,False,-0.3071420372702957,394
56.0,0.10697699999999999,1.890595864707952,False,-0.3071420372702957,394
22.0,0.10697699999999999,1.890595864707952,False,-0.3071420372702957,394
248.0,0.032558,1.527847305799185,False,-0.3702751958465676,394
221.0,0.060465,1.527847305799185,False,-0.3702751958465676,394
144.0,0.032558,1.527847305799185,False,-0.3702751958465676,394
120.0,0.055814,2.2311910074170602,False,-0.5616791660282596,394
92.0,0.060465,2.2311910074170602,False,-0.5616791660282596,394
121.0,0.060465,2.2311910074170602,False,-0.5616791660282596,394
293.0,0.18604700000000002,1.611459004541865,False,-0.5672154459151686,394
128.0,0.21395299999999998,1.611459004541865,False,-0.5672154459151686,394
129.0,0.153488,1.611459004541865,False,-0.5868995043265655,394
97.0,1.0,1.5995926238141338,True,0.6119871538180451,43
96.0,1.0,1.5995926238141338,False,0.6119871538180451,43
57.0,0.67907,1.5995926238141338,False,0.5444228083646144,43
307.0,1.0,1.7860148285112312,False,0.5261063864844944,43
304.0,1.0,1.7860148285112312,False,0.5261063864844944,43
302.0,1.0,1.7860148285112312,False,0.5261063864844944,43
299.0,1.0,1.7860148285112312,False,0.5261063864844944,43
300.0,0.7534879999999999,1.7860148285112312,False,0.5150709226681434,43
110.0,1.0,2.0227795906620165,False,0.49822682133369744,43
301.0,0.6976739999999999,1.7860148285112312,False,0.4852711979797116,43
305.0,0.706977,1.7860148285112312,False,0.4852711979797116,43
308.0,0.7488370000000001,1.7860148285112312,False,0.4852711979797116,43
306.0,0.6976739999999999,1.7860148285112312,False,0.4852711979797116,43
70.0,1.0,1.1254969769686314,False,0.482150298833801,43
71.0,1.0,1.1254969769686314,False,0.482150298833801,43
114.0,1.0,1.1760959589715145,False,0.4783331115687773,43
115.0,1.0,1.1760959589715145,False,0.4783331115687773,43
109.0,0.87907,1.1254969769686314,False,0.47111483501744994,43
249.0,1.0,1.0200593911173397,False,0.47080580859358506,43
130.0,1.0,1.0200593911173397,False,0.47080580859358506,43
54.0,1.0,1.0200593911173397,False,0.47080580859358506,43
108.0,1.0,1.0200593911173397,False,0.47080580859358506,43
310.0,1.0,1.0200593911173397,False,0.47080580859358506,43
311.0,0.772093,1.0200593911173397,False,0.459770344777234,43
111.0,0.734884,2.0227795906620165,False,0.45739163282891465,43
52.0,1.0,2.1809519650080778,False,0.4370110412137074,43
58.0,1.0,2.1809519650080778,False,0.4370110412137074,43
91.0,1.0,2.1809519650080778,False,0.4370110412137074,43
192.0,1.0,2.1809519650080778,False,0.4370110412137074,43
274.0,1.0,2.1809519650080778,False,0.4370110412137074,43
313.0,0.702326,1.0200593911173397,False,0.42997062008880227,43
312.0,0.7209300000000001,1.0200593911173397,False,0.42997062008880227,43
49.0,0.781395,2.1809519650080778,False,0.4259755773973563,43
3.0,0.683721,1.0200593911173397,False,0.4032414631401543,43
41.0,0.665116,1.0200593911173397,False,0.4032414631401543,43
39.0,0.6511629999999999,1.0200593911173397,False,0.4032414631401543,43
43.0,0.6418600000000001,1.0200593911173397,False,0.3797227003613419,43
34.0,0.637209,1.0200593911173397,False,0.3797227003613419,43
40.0,0.613953,1.0200593911173397,False,0.3749209531344255,43
295.0,0.38604700000000003,2.0227795906620165,False,0.1990639654887758,43
303.0,0.37674399999999997,1.7860148285112312,False,0.18984717906623078,43
142.0,0.390698,2.1809519650080778,False,0.16122428999607508,43
60.0,0.367442,2.1809519650080778,False,0.15909066703687902,43
81.0,0.35814,2.0227795906620165,False,0.15830487877164923,43
61.0,0.35814,2.1809519650080778,False,0.14673344360200144,43
66.0,0.34883699999999995,1.1254969769686314,False,0.07764129617344462,43
119.0,1.0,1.756272113910167,False,0.051428983235499603,43
118.0,0.9069769999999999,1.756272113910167,False,0.04039351941914855,43
132.0,0.5023259999999999,1.0200593911173397,False,-0.01700274188355778,43
136.0,0.339535,2.1809519650080778,False,-0.1310869080232324,43
53.0,0.330233,2.1809519650080778,False,-0.17717843595981372,43
50.0,0.325581,2.1809519650080778,False,-0.17717843595981372,43
101.0,0.237209,1.796930974229143,False,-0.21182440218778983,43
107.0,0.237209,1.796930974229143,False,-0.21182440218778983,43
285.0,0.26976700000000003,2.1809519650080778,False,-0.21197828105418087,43
131.0,0.339535,1.0200593911173397,False,-0.21351612149144317,43
124.0,0.311628,1.1254969769686314,False,-0.22150358134433387,43
102.0,0.218605,1.796930974229143,False,-0.25620592090292565,43
76.0,0.209302,1.796930974229143,False,-0.25620592090292565,43
77.0,0.21395299999999998,1.796930974229143,False,-0.25620592090292565,43
95.0,0.23255800000000001,1.5995926238141338,False,-0.2649538426760446,43
65.0,0.227907,1.1254969769686314,False,-0.2706868125376375,43
64.0,0.223256,1.1254969769686314,False,-0.29883796614191416,43
63.0,0.172093,1.5995926238141338,False,-0.3093353613911804,43
67.0,0.190698,1.0200593911173397,False,-0.30979449495048206,43
293.0,0.18604700000000002,1.0200593911173397,False,-0.30979449495048206,43
237.0,0.09302300000000001,2.1809519650080778,False,-0.3100512781683691,43
100.0,0.15814,2.1809519650080778,False,-0.3100512781683691,43
171.0,0.04186,2.208021200516547,False,-0.3142786871688201,43
116.0,0.102326,1.0200593911173397,False,-0.32947855336187887,43
262.0,0.04186,2.1809519650080778,False,-0.34679044868572195,43
246.0,0.055814,2.1809519650080778,False,-0.34679044868572195,43
236.0,0.065116,2.1809519650080778,False,-0.34679044868572195,43
6.0,0.074419,1.0200593911173397,False,-0.3662177238792319,43
80.0,0.074419,1.0200593911173397,False,-0.3662177238792319,43
1.0,0.074419,1.0200593911173397,False,-0.3662177238792319,43
69.0,0.074419,1.0200593911173397,False,-0.3662177238792319,43
11.0,0.074419,1.0200593911173397,False,-0.3662177238792319,43
169.0,0.065116,1.0200593911173397,False,-0.3662177238792319,43
134.0,0.074419,1.0200593911173397,False,-0.3662177238792319,43
105.0,0.483721,1.756272113910167,False,-0.44317985685478073,43
106.0,0.15814,1.756272113910167,False,-0.6093106338129712,43
125.0,0.11627900000000001,1.756272113910167,False,-0.6093106338129712,43
45.0,0.065116,1.756272113910167,False,-0.6505720376109331,43
297.0,0.074419,1.756272113910167,False,-0.6505720376109331,43
26.0,0.069767,1.756272113910167,False,-0.6505720376109331,43
78.0,0.065116,1.756272113910167,False,-0.6505720376109331,43
79.0,0.069767,1.756272113910167,False,-0.6505720376109331,43
57.0,1.0,1.8216061130297478,False,0.5477479809252024,23
65.0,1.0,2.6563922941536955,False,0.5417719969158942,23
72.0,1.0,2.294262600554542,False,0.5311963789580798,23
197.0,1.0,2.294262600554542,False,0.5311963789580798,23
196.0,1.0,2.294262600554542,False,0.5311963789580798,23
82.0,1.0,2.122129567495536,False,0.5188056204675547,23
84.0,1.0,2.122129567495536,False,0.5188056204675547,23
83.0,1.0,2.122129567495536,False,0.5188056204675547,23
85.0,1.0,2.122129567495536,False,0.5188056204675547,23
64.0,1.0,2.669563928657181,False,0.5138924317650972,23
96.0,1.0,2.3750035647299925,False,0.5106615228639424,23
67.0,1.0,2.7069493680830896,False,0.49822682133369744,23
68.0,0.790698,2.7069493680830896,False,0.4871913575173464,23
50.0,1.0,1.74263967047068,False,0.44600512457217734,23
53.0,0.7767440000000001,1.74263967047068,False,0.43496966075582627,23
130.0,1.0,2.4371431360822267,False,0.4270728477185527,23
131.0,1.0,2.4371431360822267,False,0.4270728477185527,23
132.0,1.0,2.4371431360822267,False,0.4270728477185527,23
75.0,0.395349,2.669563928657181,False,0.21472957592017566,23
74.0,0.35814,2.669563928657181,False,0.17397048920304903,23
60.0,0.367442,1.858167567032856,False,0.13710972751037734,23
61.0,0.372093,1.858167567032856,True,0.13710972751037734,23
189.0,0.265116,2.294262600554542,False,-0.15999911285827728,23
124.0,0.30232600000000004,2.669563928657181,False,-0.16231226869281307,23
101.0,0.274419,2.6563922941536955,False,-0.189710573667218,23
91.0,0.330233,1.858167567032856,False,-0.19102059850169037,23
58.0,0.237209,2.3750035647299925,False,-0.2216429177399229,23
70.0,0.227907,2.6563922941536955,False,-0.22338134705285279,23
66.0,0.227907,2.669563928657181,False,-0.23078288717281498,23
117.0,0.23255800000000001,2.669563928657181,False,-0.23078288717281498,23
142.0,0.237209,1.8216061130297478,False,-0.23874777175623502,23
108.0,0.237209,1.8216061130297478,False,-0.23874777175623502,23
52.0,0.227907,1.858167567032856,False,-0.2402038296949941,23
76.0,0.209302,2.6563922941536955,False,-0.26776286576798863,23
71.0,0.209302,2.6563922941536955,False,-0.26776286576798863,23
107.0,0.209302,2.6563922941536955,False,-0.26776286576798863,23
109.0,0.218605,2.6563922941536955,False,-0.26776286576798863,23
49.0,0.209302,1.858167567032856,False,-0.28458534841012983,23
97.0,0.190698,1.858167567032856,False,-0.28458534841012983,23
63.0,0.15814,2.3750035647299925,False,-0.28604514146847637,23
248.0,0.032558,2.294262600554542,False,-0.2948112804898184,23
144.0,0.032558,2.294262600554542,False,-0.2948112804898184,23
221.0,0.060465,2.294262600554542,False,-0.2948112804898184,23
25.0,0.09302300000000001,2.122129567495536,False,-0.3154641308830244,23
31.0,0.08837199999999999,2.122129567495536,False,-0.3154641308830244,23
11.0,0.11627900000000001,2.122129567495536,False,-0.3154641308830244,23
294.0,0.13023300000000002,2.122129567495536,False,-0.3154641308830244,23
309.0,0.097674,2.122129567495536,False,-0.3154641308830244,23
6.0,0.097674,2.122129567495536,False,-0.3154641308830244,23
310.0,0.097674,2.122129567495536,False,-0.3154641308830244,23
69.0,0.111628,2.122129567495536,False,-0.3154641308830244,23
47.0,0.111628,2.122129567495536,False,-0.3154641308830244,23
18.0,0.111628,2.122129567495536,False,-0.3154641308830244,23
56.0,0.10697699999999999,2.122129567495536,False,-0.3154641308830244,23
20.0,0.08837199999999999,2.122129567495536,False,-0.3154641308830244,23
15.0,0.10697699999999999,2.122129567495536,False,-0.3154641308830244,23
45.0,0.102326,2.122129567495536,False,-0.3154641308830244,23
22.0,0.10697699999999999,2.122129567495536,False,-0.3154641308830244,23
293.0,0.18604700000000002,2.4371431360822267,False,-0.34236599925190564,23
128.0,0.21395299999999998,2.4371431360822267,False,-0.34236599925190564,23
129.0,0.153488,2.4371431360822267,False,-0.3620500576633025,23
114.0,1.0,3.6276450588483153,False,0.5373390564537448,47
115.0,1.0,3.6276450588483153,False,0.5373390564537448,47
71.0,1.0,4.0043138208456845,False,0.5373390564537448,47
70.0,1.0,4.0043138208456845,False,0.5373390564537448,47
109.0,0.87907,4.0043138208456845,False,0.5263035926373938,47
119.0,1.0,3.7883230245844213,False,0.5210803101014266,47
108.0,1.0,3.241318884804477,False,0.5206003938052999,47
130.0,1.0,3.241318884804477,False,0.5206003938052999,47
310.0,1.0,3.241318884804477,False,0.5206003938052999,47
299.0,1.0,3.241318884804477,False,0.5206003938052999,47
302.0,1.0,3.241318884804477,False,0.5206003938052999,47
249.0,1.0,3.241318884804477,False,0.5206003938052999,47
57.0,1.0,3.241318884804477,False,0.5206003938052999,47
54.0,1.0,3.241318884804477,False,0.5206003938052999,47
118.0,0.9069769999999999,3.7883230245844213,False,0.5100448462850756,47
304.0,0.7534879999999999,3.241318884804477,False,0.5095649299889489,47
300.0,0.7534879999999999,3.241318884804477,False,0.5095649299889489,47
311.0,0.772093,3.241318884804477,False,0.5095649299889489,47
312.0,0.7209300000000001,3.241318884804477,False,0.4797652053005171,47
313.0,0.702326,3.241318884804477,False,0.4797652053005171,47
301.0,0.6976739999999999,3.241318884804477,False,0.4797652053005171,47
97.0,1.0,3.6640714633921028,False,0.47160952866485994,47
96.0,0.67907,3.241318884804477,False,0.4530360483518692,47
39.0,0.6511629999999999,3.241318884804477,False,0.4530360483518692,47
3.0,0.683721,3.241318884804477,False,0.4530360483518692,47
41.0,0.665116,3.241318884804477,False,0.4530360483518692,47
43.0,0.6418600000000001,3.241318884804477,False,0.42951728557305674,47
34.0,0.637209,3.241318884804477,False,0.42951728557305674,47
40.0,0.613953,3.241318884804477,False,0.41176359635335774,47
306.0,0.381395,3.241318884804477,False,0.19930544482696194,47
308.0,0.404651,3.241318884804477,False,0.19930544482696194,47
303.0,0.37674399999999997,3.241318884804477,False,0.19930544482696194,47
305.0,0.395349,3.241318884804477,False,0.19930544482696194,47
307.0,0.38604700000000003,3.241318884804477,False,0.19930544482696194,47
66.0,0.34883699999999995,4.0043138208456845,False,0.17528502075828029,47
132.0,0.5023259999999999,3.241318884804477,False,0.10151505061610185,47
105.0,0.483721,3.7883230245844213,False,0.07825615099870566,47
81.0,1.0,3.2928209866682105,False,0.05806660901158807,47
92.0,1.0,3.066053430022444,False,-0.005513952795836077,47
295.0,0.623256,3.2928209866682105,False,-0.03781824644757136,47
131.0,0.339535,3.241318884804477,False,-0.13636803115883117,47
142.0,0.293023,3.241318884804477,False,-0.1824595590954125,47
124.0,0.325581,4.0043138208456845,False,-0.18618994582169524,47
110.0,0.35814,3.2928209866682105,False,-0.21980910209719515,47
111.0,0.362791,3.2928209866682105,False,-0.21980910209719515,47
58.0,0.255814,3.241318884804477,False,-0.25093017757541447,47
76.0,0.24186,4.0043138208456845,False,-0.2546605643016972,47
101.0,0.24186,4.0043138208456845,False,-0.2546605643016972,47
65.0,0.227907,4.0043138208456845,False,-0.2546605643016972,47
125.0,0.11627900000000001,3.7883230245844213,False,-0.2769527513876601,47
106.0,0.15814,3.7883230245844213,False,-0.2769527513876601,47
95.0,0.23255800000000001,3.6640714633921028,True,-0.28204815805830763,47
64.0,0.223256,4.0043138208456845,False,-0.2828117179059739,47
77.0,0.223256,4.0043138208456845,False,-0.2828117179059739,47
91.0,0.204651,3.7716365889086014,False,-0.2898874150107961,47
52.0,0.16744199999999998,3.7716365889086014,False,-0.2898874150107961,47
53.0,0.16744199999999998,3.7716365889086014,False,-0.2898874150107961,47
60.0,0.172093,3.7716365889086014,False,-0.2898874150107961,47
61.0,0.172093,3.7716365889086014,False,-0.2898874150107961,47
67.0,0.190698,3.241318884804477,False,-0.2953116962905503,47
293.0,0.18604700000000002,3.241318884804477,False,-0.2953116962905503,47
45.0,0.065116,3.7883230245844213,False,-0.31369192190501305,47
79.0,0.069767,3.7883230245844213,False,-0.31369192190501305,47
297.0,0.074419,3.7883230245844213,False,-0.31369192190501305,47
26.0,0.069767,3.7883230245844213,False,-0.31369192190501305,47
78.0,0.065116,3.7883230245844213,False,-0.31369192190501305,47
116.0,0.102326,3.241318884804477,False,-0.31499575470194713,47
63.0,0.172093,3.6640714633921028,False,-0.3264296767734434,47
50.0,0.190698,3.6640714633921028,False,-0.3264296767734434,47
169.0,0.065116,3.241318884804477,False,-0.3517349252193001,47
1.0,0.074419,3.241318884804477,False,-0.3517349252193001,47
11.0,0.074419,3.241318884804477,False,-0.3517349252193001,47
80.0,0.074419,3.241318884804477,False,-0.3517349252193001,47
6.0,0.074419,3.241318884804477,False,-0.3517349252193001,47
69.0,0.074419,3.241318884804477,False,-0.3517349252193001,47
134.0,0.074419,3.241318884804477,False,-0.3517349252193001,47
171.0,0.037209,3.6276450588483153,False,-0.35546531194558284,47
102.0,0.24186,3.2928209866682105,False,-0.5429450021241641,47
107.0,0.223256,3.2928209866682105,False,-0.5541188367494042,47
298.0,0.144186,3.066053430022444,False,-0.6415795903470582,47
296.0,0.148837,3.066053430022444,False,-0.6415795903470582,47
36.0,0.148837,3.066053430022444,False,-0.6415795903470582,47
35.0,0.148837,3.066053430022444,False,-0.6415795903470582,47
171.0,1.0,0.9540789755988556,False,0.4856077026397972,140
116.0,1.0,0.9540789755988556,False,0.4856077026397972,140
274.0,1.0,0.9540789755988556,False,0.4856077026397972,140
8.0,1.0,1.737040902720068,False,0.4490936969378155,140
55.0,1.0,1.737040902720068,False,0.4490936969378155,140
18.0,1.0,1.737040902720068,False,0.4490936969378155,140
28.0,1.0,1.737040902720068,False,0.4490936969378155,140
15.0,1.0,1.737040902720068,False,0.4490936969378155,140
32.0,1.0,1.737040902720068,False,0.4490936969378155,140
29.0,1.0,1.737040902720068,False,0.4490936969378155,140
33.0,1.0,1.737040902720068,False,0.4490936969378155,140
31.0,1.0,1.737040902720068,False,0.4490936969378155,140
21.0,1.0,1.737040902720068,False,0.4490936969378155,140
20.0,1.0,1.737040902720068,False,0.4490936969378155,140
22.0,1.0,1.737040902720068,False,0.4490936969378155,140
38.0,1.0,1.737040902720068,False,0.4490936969378155,140
30.0,1.0,1.737040902720068,False,0.4490936969378155,140
26.0,1.0,1.737040902720068,False,0.4490936969378155,140
34.0,1.0,1.737040902720068,False,0.4490936969378155,140
50.0,1.0,1.737040902720068,False,0.4490936969378155,140
23.0,0.9953489999999999,1.737040902720068,False,0.4490936969378155,140
14.0,0.9953489999999999,1.737040902720068,False,0.4490936969378155,140
73.0,1.0,1.737040902720068,False,0.4490936969378155,140
87.0,1.0,1.737040902720068,False,0.4490936969378155,140
16.0,1.0,1.737040902720068,False,0.4490936969378155,140
12.0,1.0,1.737040902720068,False,0.4490936969378155,140
123.0,1.0,1.737040902720068,False,0.4490936969378155,140
11.0,1.0,1.737040902720068,False,0.4490936969378155,140
6.0,1.0,1.737040902720068,False,0.4490936969378155,140
110.0,1.0,1.737040902720068,False,0.4490936969378155,140
10.0,1.0,1.737040902720068,False,0.4490936969378155,140
17.0,1.0,1.737040902720068,False,0.4490936969378155,140
7.0,1.0,1.737040902720068,False,0.4490936969378155,140
2.0,1.0,1.737040902720068,False,0.4490936969378155,140
27.0,1.0,1.737040902720068,False,0.4490936969378155,140
1.0,1.0,1.737040902720068,False,0.4490936969378155,140
19.0,0.967442,1.737040902720068,False,0.4380582331214644,140
41.0,0.7860469999999999,1.737040902720068,True,0.4380582331214644,140
53.0,0.7767440000000001,1.737040902720068,False,0.4380582331214644,140
13.0,0.846512,1.737040902720068,False,0.4380582331214644,140
314.0,0.8046510000000001,1.737040902720068,False,0.4380582331214644,140
64.0,1.0,2.1469160023608134,False,0.4302931956814132,140
65.0,1.0,2.1469160023608134,False,0.4302931956814132,140
105.0,1.0,1.865268520174617,False,0.41887346389814917,140
111.0,0.734884,1.737040902720068,False,0.4082585084330328,140
311.0,0.6930230000000001,1.737040902720068,False,0.4082585084330328,140
72.0,1.0,2.0264930830025607,False,0.40357093681311396,140
124.0,1.0,1.8510388094235992,False,0.3953208090859408,140
70.0,1.0,2.0827509142581144,False,0.38772179517743355,140
130.0,1.0,2.0827509142581144,False,0.38772179517743355,140
298.0,1.0,2.0827509142581144,True,0.38772179517743355,140
107.0,1.0,2.0827509142581144,False,0.38772179517743355,140
312.0,0.655814,1.737040902720068,False,0.3815293514843848,140
9.0,0.67907,1.737040902720068,False,0.3815293514843848,140
313.0,0.790698,2.0827509142581144,False,0.3766863313610825,140
109.0,0.87907,2.0827509142581144,False,0.3766863313610825,140
36.0,0.87907,2.0827509142581144,False,0.3766863313610825,140
310.0,0.772093,2.0827509142581144,False,0.3766863313610825,140
88.0,0.637209,1.737040902720068,False,0.35801058870557234,140
39.0,0.613953,1.737040902720068,True,0.35320884147865605,140
40.0,0.623256,1.737040902720068,True,0.35320884147865605,140
43.0,0.562791,1.737040902720068,True,0.3513104217829075,140
71.0,0.744186,2.0827509142581144,False,0.3468866066726508,140
309.0,0.6,1.737040902720068,False,0.3395681535832312,140
35.0,0.567442,1.737040902720068,False,0.3395681535832312,140
24.0,1.0,2.0443694297512987,False,0.3251147111126454,140
25.0,1.0,2.0443694297512987,False,0.3251147111126454,140
44.0,1.0,2.0443694297512987,False,0.3251147111126454,140
45.0,1.0,2.0443694297512987,False,0.3251147111126454,140
168.0,1.0,2.0443694297512987,False,0.3251147111126454,140
193.0,1.0,2.0443694297512987,False,0.3251147111126454,140
46.0,1.0,2.0443694297512987,False,0.3251147111126454,140
77.0,0.660465,2.0827509142581144,False,0.3201574497240028,140
76.0,0.655814,2.0827509142581144,False,0.3201574497240028,140
58.0,1.0,2.1359526035420293,False,0.3055550966770949,140
197.0,0.576744,2.0264930830025607,False,0.2940453934585297,140
75.0,0.395349,2.1469160023608134,False,0.1089982467030753,140
37.0,0.390698,1.737040902720068,False,0.081207633804949,140
78.0,0.404651,1.737040902720068,False,0.081207633804949,140
295.0,0.38604700000000003,1.737040902720068,False,0.081207633804949,140
74.0,0.35814,2.1469160023608134,False,0.08064104648887142,140
61.0,0.372093,1.737040902720068,False,0.07907401084575291,140
81.0,0.35814,1.737040902720068,False,0.06671678741087536,140
60.0,0.362791,1.737040902720068,False,0.06671678741087536,140
142.0,0.390698,2.1359526035420293,False,0.029768345459462484,140
132.0,0.5023259999999999,2.0827509142581144,False,0.01414464974894109,140
224.0,0.395349,2.0443694297512987,False,0.003819762134307442,140
119.0,0.483721,1.865268520174617,False,-0.0005745905772825204,140
118.0,0.48837200000000003,1.865268520174617,False,-0.0005745905772825204,140
102.0,0.432558,2.0827509142581144,False,-0.009594166164581835,140
90.0,0.497674,1.737040902720068,False,-0.016582760405911095,140
86.0,0.49302300000000004,1.737040902720068,False,-0.04032157631943403,140
79.0,0.413953,1.737040902720068,False,-0.04032157631943403,140
62.0,0.432558,1.737040902720068,False,-0.04032157631943403,140
103.0,0.418605,1.737040902720068,False,-0.04032157631943403,140
135.0,0.483721,2.0443694297512987,False,-0.11770944799007556,140
131.0,0.339535,2.0827509142581144,False,-0.14480564284078395,140
66.0,0.33488399999999996,2.0827509142581144,False,-0.15075456202832543,140
101.0,0.265116,1.8510388094235992,False,-0.18240652107723224,140
120.0,0.297674,1.737040902720068,False,-0.23242809010690313,140
121.0,0.311628,1.737040902720068,False,-0.23242809010690313,140
91.0,0.325581,1.737040902720068,False,-0.23242809010690313,140
104.0,0.30232600000000004,1.737040902720068,False,-0.23242809010690313,140
106.0,0.162791,1.865268520174617,False,-0.24868276725503077,140
67.0,0.209302,2.0827509142581144,False,-0.2577023428423301,140
293.0,0.18604700000000002,2.0827509142581144,False,-0.2577023428423301,140
122.0,0.274419,1.737040902720068,False,-0.2672279352012702,140
285.0,0.26976700000000003,0.9540789755988556,False,-0.26782017958953486,140
125.0,0.12093,1.865268520174617,False,-0.26836682566642767,140
68.0,0.306977,2.1469160023608134,False,-0.2974621451505158,140
108.0,0.227907,2.1359526035420293,False,-0.30785840096158,140
57.0,0.255814,2.1359526035420293,False,-0.30785840096158,140
96.0,0.237209,2.1359526035420293,False,-0.30785840096158,140
97.0,0.237209,2.1359526035420293,False,-0.30785840096158,140
248.0,0.032558,2.0264930830025607,False,-0.31098395507146726,140
221.0,0.060465,2.0264930830025607,False,-0.31098395507146726,140
49.0,0.195349,1.737040902720068,False,-0.3259928400153425,140
52.0,0.21395299999999998,1.737040902720068,False,-0.3259928400153425,140
127.0,0.10697699999999999,0.9540789755988556,False,-0.3462691428150041,140
177.0,0.139535,0.9540789755988556,False,-0.3462691428150041,140
80.0,0.11627900000000001,0.9540789755988556,False,-0.3462691428150041,140
100.0,0.15814,0.9540789755988556,False,-0.3462691428150041,140
117.0,0.23255800000000001,2.1469160023608134,False,-0.3659327636305177,140
84.0,0.046512000000000005,1.737040902720068,False,-0.3827527155461131,140
115.0,0.04186,0.9540789755988556,False,-0.3830083133323571,140
114.0,0.037209,0.9540789755988556,False,-0.3830083133323571,140
262.0,0.04186,0.9540789755988556,False,-0.3830083133323571,140
246.0,0.055814,0.9540789755988556,False,-0.3830083133323571,140
296.0,0.2,2.0443694297512987,False,-0.4566950141918598,140
129.0,0.148837,2.0443694297512987,False,-0.4763790726032567,140
128.0,0.139535,2.0443694297512987,False,-0.4763790726032567,140
69.0,0.13023300000000002,2.0443694297512987,False,-0.4763790726032567,140
185.0,0.046512000000000005,2.0443694297512987,False,-0.5176404764012185,140
70.0,1.0,0.8603324820483542,False,0.586038889241147,58
130.0,1.0,0.8603324820483542,False,0.586038889241147,58
298.0,1.0,0.8603324820483542,False,0.586038889241147,58
107.0,1.0,0.8603324820483542,False,0.586038889241147,58
311.0,1.0,0.8603324820483542,False,0.586038889241147,58
123.0,1.0,0.8603324820483542,False,0.586038889241147,58
109.0,0.87907,0.8603324820483542,False,0.575003425424796,58
36.0,0.87907,0.8603324820483542,False,0.575003425424796,58
313.0,0.790698,0.8603324820483542,False,0.575003425424796,58
310.0,0.772093,0.8603324820483542,False,0.575003425424796,58
312.0,0.8,0.8603324820483542,False,0.575003425424796,58
71.0,1.0,1.917588198266005,False,0.5532311617899859,58
43.0,0.7209300000000001,0.8603324820483542,False,0.5452037007363643,58
34.0,0.6930230000000001,0.8603324820483542,False,0.5452037007363643,58
41.0,0.734884,0.8603324820483542,False,0.5452037007363643,58
39.0,0.6976739999999999,0.8603324820483542,False,0.5452037007363643,58
33.0,1.0,2.010936513165685,False,0.5373390564537448,58
31.0,1.0,2.010936513165685,False,0.5373390564537448,58
32.0,1.0,2.010936513165685,False,0.5373390564537448,58
29.0,1.0,2.010936513165685,False,0.5373390564537448,58
30.0,1.0,2.010936513165685,False,0.5373390564537448,58
27.0,1.0,2.010936513165685,False,0.5373390564537448,58
26.0,1.0,2.010936513165685,False,0.5373390564537448,58
22.0,1.0,2.010936513165685,False,0.5373390564537448,58
28.0,1.0,2.010936513165685,False,0.5373390564537448,58
38.0,1.0,2.010936513165685,False,0.5373390564537448,58
50.0,1.0,2.010936513165685,False,0.5373390564537448,58
55.0,1.0,2.010936513165685,False,0.5373390564537448,58
1.0,1.0,2.010936513165685,False,0.5373390564537448,58
110.0,1.0,2.010936513165685,False,0.5373390564537448,58
2.0,1.0,2.010936513165685,False,0.5373390564537448,58
6.0,1.0,2.010936513165685,False,0.5373390564537448,58
17.0,1.0,2.010936513165685,False,0.5373390564537448,58
18.0,1.0,2.010936513165685,False,0.5373390564537448,58
20.0,1.0,2.010936513165685,False,0.5373390564537448,58
21.0,1.0,2.010936513165685,False,0.5373390564537448,58
23.0,0.9953489999999999,2.010936513165685,False,0.5373390564537448,58
8.0,1.0,2.010936513165685,False,0.5373390564537448,58
10.0,1.0,2.010936513165685,False,0.5373390564537448,58
14.0,0.9953489999999999,2.010936513165685,False,0.5373390564537448,58
11.0,1.0,2.010936513165685,False,0.5373390564537448,58
12.0,1.0,2.010936513165685,False,0.5373390564537448,58
15.0,1.0,2.010936513165685,False,0.5373390564537448,58
16.0,1.0,2.010936513165685,False,0.5373390564537448,58
87.0,1.0,2.010936513165685,False,0.5373390564537448,58
73.0,1.0,2.010936513165685,False,0.5373390564537448,58
7.0,1.0,2.010936513165685,False,0.5373390564537448,58
13.0,0.846512,2.010936513165685,False,0.5263035926373938,58
53.0,0.7767440000000001,2.010936513165685,False,0.5263035926373938,58
314.0,0.8046510000000001,2.010936513165685,False,0.5263035926373938,58
19.0,0.967442,2.010936513165685,False,0.5263035926373938,58
96.0,1.0,1.8135563325680533,False,0.5157170481019165,58
97.0,1.0,1.8135563325680533,False,0.5157170481019165,58
76.0,0.655814,0.8603324820483542,False,0.4982108893440519,58
77.0,0.660465,0.8603324820483542,False,0.4982108893440519,58
111.0,0.734884,2.010936513165685,False,0.496503867948962,58
177.0,1.0,1.2181380152725563,False,0.482150298833801,58
304.0,1.0,1.5401582072782256,False,0.478143790217092,58
299.0,1.0,1.5401582072782256,False,0.478143790217092,58
307.0,1.0,1.5401582072782256,False,0.478143790217092,58
302.0,1.0,1.5401582072782256,False,0.478143790217092,58
65.0,1.0,1.2713242199139396,False,0.4760616494489627,58
64.0,1.0,1.2713242199139396,False,0.4760616494489627,58
40.0,0.637209,0.8603324820483542,False,0.4746921265652394,58
9.0,0.67907,2.010936513165685,False,0.46977471100031404,58
117.0,1.0,1.2059702312280824,False,0.469715597303556,58
300.0,0.7534879999999999,1.5401582072782256,False,0.46710832640074096,58
57.0,0.67907,1.8135563325680533,False,0.44815270264848583,58
88.0,0.637209,2.010936513165685,False,0.44625594822150166,58
301.0,0.739535,1.5401582072782256,False,0.43730860171230923,58
308.0,0.7488370000000001,1.5401582072782256,False,0.43730860171230923,58
305.0,0.706977,1.5401582072782256,False,0.43730860171230923,58
306.0,0.6976739999999999,1.5401582072782256,False,0.43730860171230923,58
309.0,1.0,1.8227045384146323,False,0.41291706597772077,58
35.0,0.567442,2.010936513165685,False,0.4044374084718712,58
24.0,0.613953,1.8227045384146323,False,0.3020679520786356,58
25.0,0.604651,1.8227045384146323,False,0.2884272641832109,58
37.0,0.390698,2.010936513165685,False,0.21604410747540687,58
78.0,0.404651,2.010936513165685,False,0.21604410747540687,58
295.0,0.38604700000000003,2.010936513165685,False,0.21604410747540687,58
61.0,0.372093,2.010936513165685,False,0.1876422441931579,58
66.0,0.34883699999999995,1.917588198266005,False,0.17621286765459582,58
60.0,0.362791,2.010936513165685,False,0.17528502075828029,58
81.0,0.35814,2.010936513165685,False,0.17528502075828029,58
90.0,0.497674,2.010936513165685,False,0.11825371326454677,58
132.0,0.5023259999999999,0.8603324820483542,False,0.10120980632112264,58
86.0,0.49302300000000004,2.010936513165685,False,0.09451489735102381,58
79.0,0.413953,2.010936513165685,False,0.09451489735102381,58
103.0,0.418605,2.010936513165685,False,0.09451489735102381,58
62.0,0.432558,2.010936513165685,False,0.09451489735102381,58
102.0,0.432558,0.8603324820483542,False,0.0944095167079852,58
303.0,0.37674399999999997,1.5401582072782256,False,0.08812563395080927,58
75.0,0.395349,1.2713242199139396,False,0.08604349318267993,58
74.0,0.35814,1.2713242199139396,False,0.07155264678860629,58
131.0,0.339535,0.8603324820483542,False,0.05347830049655519,58
124.0,0.311628,0.8603324820483542,False,0.034146350403448496,58
101.0,0.24186,0.8603324820483542,False,-0.015036880789855097,58
293.0,0.18604700000000002,0.8603324820483542,False,-0.09075509931466313,58
67.0,0.190698,0.8603324820483542,False,-0.09075509931466313,58
91.0,0.325581,2.010936513165685,False,-0.18618994582169524,58
120.0,0.297674,2.010936513165685,False,-0.18618994582169524,58
104.0,0.30232600000000004,2.010936513165685,False,-0.18618994582169524,58
121.0,0.311628,2.010936513165685,False,-0.18618994582169524,58
122.0,0.274419,2.010936513165685,False,-0.22098979091606236,58
68.0,0.306977,1.2713242199139396,False,-0.22759223072917223,58
58.0,0.237209,1.8135563325680533,True,-0.25249641141752754,58
95.0,0.23255800000000001,1.8135563325680533,False,-0.25249641141752754,58
142.0,0.25116299999999997,2.010936513165685,False,-0.2546605643016972,58
108.0,0.223256,1.8135563325680533,False,-0.2806475650218042,58
63.0,0.172093,1.8135563325680533,False,-0.29687793013266334,58
52.0,0.21395299999999998,2.010936513165685,False,-0.29904208301683305,58
49.0,0.195349,2.010936513165685,False,-0.29904208301683305,58
89.0,0.18139500000000003,1.2059702312280824,False,-0.3275030327830183,58
171.0,0.139535,1.2181380152725563,False,-0.3347523896641702,58
84.0,0.046512000000000005,2.010936513165685,False,-0.35546531194558284,58
45.0,0.04186,2.010936513165685,False,-0.35546531194558284,58
50.0,1.0,1.0949387973596088,False,0.5376941511087691,25
53.0,0.7767440000000001,1.0949387973596088,True,0.526658687292418,25
110.0,1.0,2.365210482986286,False,0.5052684178653583,25
57.0,1.0,1.213956235491757,False,0.48324051012383007,25
115.0,1.0,1.6733319403669689,False,0.47950896818385214,25
96.0,1.0,1.5769121506022699,False,0.4709176288645505,25
111.0,0.734884,2.365210482986286,False,0.46443322936057546,25
61.0,1.0,1.858167567032856,False,0.41503010168720583,25
91.0,1.0,2.1730756259315682,False,0.4127335347734402,25
192.0,1.0,2.1730756259315682,False,0.4127335347734402,25
274.0,1.0,2.1730756259315682,False,0.4127335347734402,25
52.0,1.0,2.1730756259315682,False,0.4127335347734402,25
58.0,1.0,2.1730756259315682,False,0.4127335347734402,25
114.0,0.6511629999999999,1.6733319403669689,False,0.4119446227304214,25
49.0,0.781395,2.1730756259315682,False,0.40169807095708915,25
302.0,1.0,2.255080375799271,False,0.3879053263817141,25
310.0,1.0,2.255080375799271,False,0.3879053263817141,25
299.0,1.0,2.255080375799271,False,0.3879053263817141,25
249.0,1.0,2.255080375799271,False,0.3879053263817141,25
130.0,1.0,2.255080375799271,False,0.3879053263817141,25
108.0,1.0,2.255080375799271,False,0.3879053263817141,25
54.0,1.0,2.255080375799271,False,0.3879053263817141,25
311.0,0.772093,2.255080375799271,False,0.37686986256536303,25
304.0,0.7534879999999999,2.255080375799271,False,0.37686986256536303,25
300.0,0.7534879999999999,2.255080375799271,False,0.37686986256536303,25
301.0,0.6976739999999999,2.255080375799271,False,0.34707013787693136,25
313.0,0.702326,2.255080375799271,False,0.34707013787693136,25
312.0,0.7209300000000001,2.255080375799271,False,0.34707013787693136,25
39.0,0.6511629999999999,2.255080375799271,False,0.32034098092828334,25
41.0,0.665116,2.255080375799271,False,0.32034098092828334,25
3.0,0.683721,2.255080375799271,False,0.32034098092828334,25
34.0,0.637209,2.255080375799271,False,0.29682221814947096,25
43.0,0.6418600000000001,2.255080375799271,False,0.29682221814947096,25
40.0,0.613953,2.255080375799271,False,0.2920204709225546,25
295.0,0.38604700000000003,2.365210482986286,False,0.20610556202043662,25
60.0,0.362791,1.0949387973596088,False,0.17336679674958108,25
81.0,0.35814,2.365210482986286,False,0.16534647530330998,25
142.0,0.390698,2.1730756259315682,False,0.12198252511588217,25
306.0,0.381395,2.255080375799271,False,0.11211857516408175,25
307.0,0.38604700000000003,2.255080375799271,False,0.11211857516408175,25
303.0,0.37674399999999997,2.255080375799271,False,0.11211857516408175,25
308.0,0.404651,2.255080375799271,False,0.11211857516408175,25
305.0,0.395349,2.255080375799271,False,0.11211857516408175,25
132.0,0.5023259999999999,2.255080375799271,False,0.014328180953221664,25
97.0,0.190698,1.0949387973596088,False,-0.11883618300337667,25
131.0,0.339535,2.255080375799271,False,-0.14462211163650338,25
136.0,0.339535,2.1730756259315682,False,-0.14712904001874988,25
285.0,0.26976700000000003,2.1730756259315682,False,-0.1846425086637164,25
107.0,0.237209,2.0421212534441664,False,-0.24255628233746176,25
101.0,0.237209,2.0421212534441664,False,-0.24255628233746176,25
95.0,0.172093,2.1730756259315682,False,-0.24340741347778874,25
124.0,0.204651,2.255080375799271,False,-0.25751881163804957,25
109.0,0.190698,2.255080375799271,False,-0.25751881163804957,25
293.0,0.18604700000000002,2.255080375799271,False,-0.25751881163804957,25
64.0,0.204651,2.255080375799271,False,-0.25751881163804957,25
76.0,0.18604700000000002,2.255080375799271,False,-0.25751881163804957,25
71.0,0.18604700000000002,2.255080375799271,False,-0.25751881163804957,25
67.0,0.190698,2.255080375799271,False,-0.25751881163804957,25
100.0,0.15814,2.1730756259315682,False,-0.26342811849120634,25
237.0,0.09302300000000001,2.1730756259315682,False,-0.26342811849120634,25
63.0,0.15814,2.1730756259315682,False,-0.26342811849120634,25
171.0,0.037209,2.573520353171646,False,-0.2685123120075271,25
116.0,0.102326,2.255080375799271,False,-0.27753951665146714,25
77.0,0.18604700000000002,2.365210482986286,False,-0.2837884197876899,25
102.0,0.190698,2.365210482986286,False,-0.2837884197876899,25
262.0,0.04186,2.1730756259315682,False,-0.3001672890085594,25
236.0,0.065116,2.1730756259315682,False,-0.3001672890085594,25
246.0,0.055814,2.1730756259315682,False,-0.3001672890085594,25
11.0,0.074419,2.255080375799271,False,-0.3142786871688201,25
1.0,0.074419,2.255080375799271,False,-0.3142786871688201,25
6.0,0.074419,2.255080375799271,False,-0.3142786871688201,25
80.0,0.074419,2.255080375799271,False,-0.3142786871688201,25
69.0,0.074419,2.255080375799271,False,-0.3142786871688201,25
134.0,0.074419,2.255080375799271,False,-0.3142786871688201,25
169.0,0.065116,2.255080375799271,False,-0.3142786871688201,25
249.0,1.0,1.571067528068365,False,0.6336091621698733,67
299.0,1.0,1.571067528068365,False,0.6336091621698733,67
302.0,1.0,1.571067528068365,False,0.6336091621698733,67
310.0,1.0,1.571067528068365,False,0.6336091621698733,67
54.0,1.0,1.571067528068365,False,0.6336091621698733,67
108.0,1.0,1.571067528068365,False,0.6336091621698733,67
57.0,1.0,1.571067528068365,False,0.6336091621698733,67
130.0,1.0,1.571067528068365,False,0.6336091621698733,67
304.0,0.7534879999999999,1.571067528068365,False,0.6225736983535223,67
311.0,0.772093,1.571067528068365,False,0.6225736983535223,67
300.0,0.7534879999999999,1.571067528068365,False,0.6225736983535223,67
312.0,0.7209300000000001,1.571067528068365,False,0.5927739736650905,67
301.0,0.734884,1.571067528068365,False,0.5927739736650905,67
313.0,0.702326,1.571067528068365,False,0.5927739736650905,67
117.0,1.0,1.7185193728025432,False,0.5844946040476231,67
41.0,0.665116,1.571067528068365,False,0.5660448167164427,67
3.0,0.683721,1.571067528068365,False,0.5660448167164427,67
39.0,0.6511629999999999,1.571067528068365,False,0.5660448167164427,67
96.0,0.67907,1.571067528068365,False,0.5660448167164427,67
309.0,1.0,1.7864654122152566,False,0.5505481339181749,67
34.0,0.637209,1.571067528068365,False,0.5425260539376302,67
43.0,0.6418600000000001,1.571067528068365,False,0.5425260539376302,67
40.0,0.613953,1.571067528068365,False,0.5247723647179314,67
110.0,1.0,1.4348109135741893,False,0.48540777861356954,67
307.0,1.0,1.3799761976920062,False,0.482150298833801,67
97.0,1.0,1.1254969769686314,False,0.482150298833801,67
114.0,1.0,0.5909385174292935,False,0.4641884683355888,67
115.0,1.0,0.5909385174292935,False,0.4641884683355888,67
111.0,1.0,1.2698092114414845,False,0.4640737937017129,67
308.0,0.7488370000000001,1.3799761976920062,False,0.4413151103290183,67
305.0,0.706977,1.3799761976920062,False,0.4413151103290183,67
306.0,0.6976739999999999,1.3799761976920062,False,0.4413151103290183,67
119.0,1.0,1.2897929919348718,False,0.43715216837482085,67
24.0,0.613953,1.7864654122152566,False,0.426747078026307,67
118.0,0.9069769999999999,1.2897929919348718,False,0.4261167045584698,67
15.0,0.6,1.7864654122152566,False,0.40268222749637556,67
25.0,0.604651,1.7864654122152566,False,0.40268222749637556,67
8.0,0.5906980000000001,1.7864654122152566,False,0.40268222749637556,67
7.0,0.595349,1.7864654122152566,False,0.40268222749637556,67
6.0,0.5906980000000001,1.7864654122152566,False,0.40268222749637556,67
1.0,0.6,1.7864654122152566,False,0.40268222749637556,67
18.0,0.539535,1.7864654122152566,False,0.3106006272224675,67
28.0,0.534884,1.7864654122152566,False,0.27191013024872196,67
303.0,0.37674399999999997,1.571067528068365,False,0.2202149012763014,67
132.0,0.5023259999999999,1.571067528068365,False,0.12242450706544127,67
295.0,0.38604700000000003,1.4348109135741893,False,0.0804253639073611,67
81.0,0.35814,1.4348109135741893,False,0.0659345175132875,67
105.0,0.483721,1.2897929919348718,False,-0.07439519801584493,67
131.0,0.339535,1.571067528068365,False,-0.15255584914363107,67
142.0,0.293023,1.571067528068365,False,-0.1986473770802124,67
101.0,0.237209,1.2698092114414845,False,-0.2170761189249336,67
107.0,0.237209,1.2698092114414845,False,-0.2170761189249336,67
58.0,0.237209,1.3946403593770444,False,-0.22910059757621914,67
95.0,0.23255800000000001,1.3946403593770444,False,-0.22910059757621914,67
102.0,0.218605,1.2698092114414845,False,-0.2614576376400694,67
76.0,0.209302,1.2698092114414845,False,-0.2614576376400694,67
77.0,0.21395299999999998,1.2698092114414845,False,-0.2614576376400694,67
124.0,0.2,1.2698092114414845,False,-0.2614576376400694,67
61.0,0.18139500000000003,1.3946403593770444,False,-0.27348211629135494,67
60.0,0.162791,1.3946403593770444,False,-0.27348211629135494,67
91.0,0.190698,1.3946403593770444,False,-0.27348211629135494,67
53.0,0.190698,1.3946403593770444,False,-0.27348211629135494,67
50.0,0.190698,1.3946403593770444,False,-0.27348211629135494,67
63.0,0.172093,1.3946403593770444,False,-0.27348211629135494,67
52.0,0.16744199999999998,1.571067528068365,False,-0.31149951427535005,67
293.0,0.18604700000000002,1.571067528068365,False,-0.31149951427535005,67
109.0,0.190698,1.571067528068365,False,-0.31149951427535005,67
71.0,0.18604700000000002,1.571067528068365,True,-0.31149951427535005,67
64.0,0.204651,1.571067528068365,False,-0.31149951427535005,67
67.0,0.190698,1.571067528068365,False,-0.31149951427535005,67
116.0,0.102326,1.571067528068365,False,-0.3311835726867469,67
171.0,0.037209,0.5909385174292935,False,-0.3429682991359612,67
66.0,0.17674399999999998,1.7185193728025432,False,-0.3606140723976003,67
70.0,0.195349,1.7185193728025432,True,-0.3606140723976003,67
89.0,0.18139500000000003,1.7185193728025432,False,-0.3606140723976003,67
69.0,0.074419,1.571067528068365,False,-0.3679227432040999,67
80.0,0.074419,1.571067528068365,False,-0.3679227432040999,67
11.0,0.074419,1.571067528068365,False,-0.3679227432040999,67
169.0,0.065116,1.571067528068365,False,-0.3679227432040999,67
134.0,0.074419,1.571067528068365,False,-0.3679227432040999,67
106.0,0.15814,1.2897929919348718,False,-0.37975052012315036,67
125.0,0.11627900000000001,1.2897929919348718,False,-0.37975052012315036,67
45.0,0.065116,1.2897929919348718,False,-0.41648969064050334,67
78.0,0.065116,1.2897929919348718,False,-0.41648969064050334,67
79.0,0.069767,1.2897929919348718,False,-0.41648969064050334,67
26.0,0.069767,1.2897929919348718,False,-0.41648969064050334,67
297.0,0.074419,1.2897929919348718,False,-0.41648969064050334,67
110.0,1.0,1.751583737464174,False,0.5858322729036524,416
111.0,0.734884,1.751583737464174,False,0.5449970843988696,416
64.0,1.0,2.1715880907395144,False,0.543885032625379,416
65.0,1.0,2.1715880907395144,False,0.543885032625379,416
117.0,1.0,2.083486082700944,False,0.5347078108749026,416
71.0,1.0,1.2897929919348718,False,0.43715216837482085,416
70.0,1.0,1.2897929919348718,False,0.43715216837482085,416
109.0,0.87907,1.2897929919348718,False,0.4261167045584698,416
302.0,1.0,1.971415946224213,False,0.3196344446839236,416
299.0,1.0,1.971415946224213,False,0.3196344446839236,416
304.0,1.0,1.971415946224213,False,0.3196344446839236,416
307.0,1.0,1.971415946224213,False,0.3196344446839236,416
300.0,0.7534879999999999,1.971415946224213,False,0.30859898086757254,416
301.0,0.6976739999999999,1.971415946224213,False,0.2787992561791408,416
306.0,0.6976739999999999,1.971415946224213,False,0.2787992561791408,416
308.0,0.7488370000000001,1.971415946224213,False,0.2787992561791408,416
305.0,0.706977,1.971415946224213,False,0.2787992561791408,416
75.0,0.395349,2.1715880907395144,False,0.22259008364704125,416
74.0,0.35814,2.1715880907395144,False,0.1818309969299146,416
295.0,0.38604700000000003,1.751583737464174,False,0.17243801201008035,416
81.0,0.35814,1.751583737464174,False,0.13167892529295366,416
115.0,1.0,1.48702312993363,False,0.12348265460264453,416
114.0,1.0,1.48702312993363,False,0.12348265460264453,416
96.0,1.0,2.1573359436909207,False,0.09443986495331767,416
97.0,1.0,2.1573359436909207,False,0.09443986495331767,416
66.0,0.34883699999999995,1.2897929919348718,False,0.03264316571446451,416
57.0,0.67907,2.1573359436909207,False,0.026875519499886993,416
310.0,1.0,1.8974920771308763,False,0.021163580793966266,416
249.0,1.0,1.8974920771308763,False,0.021163580793966266,416
54.0,1.0,1.8974920771308763,False,0.021163580793966266,416
130.0,1.0,1.8974920771308763,False,0.021163580793966266,416
108.0,1.0,1.8974920771308763,False,0.021163580793966266,416
311.0,0.772093,1.8974920771308763,False,0.010128116977615217,416
303.0,0.37674399999999997,1.971415946224213,False,-0.001660504294414364,416
312.0,0.7209300000000001,1.8974920771308763,False,-0.01967160771081642,416
313.0,0.702326,1.8974920771308763,False,-0.01967160771081642,416
3.0,0.683721,1.8974920771308763,False,-0.04640076465946441,416
41.0,0.665116,1.8974920771308763,False,-0.04640076465946441,416
39.0,0.6511629999999999,1.8974920771308763,False,-0.04640076465946441,416
43.0,0.6418600000000001,1.8974920771308763,False,-0.06991952743827681,416
34.0,0.637209,1.8974920771308763,False,-0.06991952743827681,416
40.0,0.613953,1.8974920771308763,False,-0.07472127466519315,416
124.0,0.30232600000000004,2.1715880907395144,False,-0.19627219470947255,416
67.0,0.32093000000000005,2.1715880907395144,False,-0.19627219470947255,416
68.0,0.306977,2.1715880907395144,False,-0.19627219470947255,416
101.0,0.274419,2.1715880907395144,False,-0.23107203980383967,416
107.0,0.209302,2.1715880907395144,False,-0.30912433190461036,416
76.0,0.209302,2.1715880907395144,False,-0.30912433190461036,416
89.0,0.18139500000000003,2.083486082700944,False,-0.3166474855525052,416
77.0,0.223256,1.2897929919348718,False,-0.3438360966008943,416
102.0,0.190698,1.751583737464174,False,-0.3592764035415711,416
131.0,0.218605,1.2897929919348718,False,-0.36006646171175344,416
132.0,0.5023259999999999,1.8974920771308763,False,-0.3745456577679425,416
58.0,0.237209,2.1573359436909207,False,-0.5163329609818038,416
95.0,0.23255800000000001,2.1573359436909207,False,-0.5163329609818038,416
60.0,0.162791,2.1573359436909207,False,-0.5437371607179031,416
50.0,0.190698,2.1573359436909207,False,-0.5437371607179031,416
142.0,0.204651,2.1573359436909207,False,-0.5437371607179031,416
61.0,0.18139500000000003,2.1573359436909207,False,-0.5437371607179031,416
53.0,0.190698,2.1573359436909207,False,-0.5437371607179031,416
91.0,0.190698,2.1573359436909207,False,-0.5437371607179031,416
63.0,0.172093,2.1573359436909207,False,-0.5437371607179031,416
171.0,0.037209,1.48702312993363,False,-0.654285008870042,416
293.0,0.18604700000000002,1.8974920771308763,False,-0.654576531895415,416
52.0,0.16744199999999998,1.8974920771308763,False,-0.654576531895415,416
116.0,0.102326,1.8974920771308763,False,-0.6742605903068118,416
69.0,0.074419,1.8974920771308763,False,-0.7155219941047735,416
1.0,0.074419,1.8974920771308763,False,-0.7155219941047735,416
11.0,0.074419,1.8974920771308763,False,-0.7155219941047735,416
80.0,0.074419,1.8974920771308763,False,-0.7155219941047735,416
6.0,0.074419,1.8974920771308763,False,-0.7155219941047735,416
134.0,0.074419,1.8974920771308763,False,-0.7155219941047735,416
169.0,0.065116,1.8974920771308763,False,-0.7155219941047735,416
52.0,1.0,2.5114953084853044,False,0.5281517496321616,404
58.0,1.0,2.5114953084853044,False,0.5281517496321616,404
57.0,1.0,2.5114953084853044,False,0.5281517496321616,404
91.0,1.0,2.5114953084853044,False,0.5281517496321616,404
96.0,1.0,2.5114953084853044,True,0.5281517496321616,404
192.0,1.0,2.5114953084853044,False,0.5281517496321616,404
274.0,1.0,2.5114953084853044,False,0.5281517496321616,404
49.0,0.781395,2.5114953084853044,False,0.5171162858158106,404
61.0,1.0,2.3750035647299925,False,0.5106615228639424,404
111.0,1.0,2.5401245867312485,False,0.5014577302348523,404
97.0,1.0,2.55561478379057,False,0.5014577302348523,404
53.0,1.0,1.5769121506022699,False,0.4709176288645505,404
110.0,0.734884,2.5401245867312485,False,0.4606225417300695,404
50.0,0.7767440000000001,1.5769121506022699,False,0.45988216504819945,404
108.0,1.0,1.743846253729732,False,0.4300416551495743,404
299.0,1.0,1.743846253729732,False,0.4300416551495743,404
302.0,1.0,1.743846253729732,False,0.4300416551495743,404
249.0,1.0,1.743846253729732,False,0.4300416551495743,404
130.0,1.0,1.743846253729732,False,0.4300416551495743,404
54.0,1.0,1.743846253729732,False,0.4300416551495743,404
310.0,1.0,1.743846253729732,False,0.4300416551495743,404
300.0,0.7534879999999999,1.743846253729732,False,0.41900619133322325,404
304.0,0.7534879999999999,1.743846253729732,False,0.41900619133322325,404
311.0,0.772093,1.743846253729732,False,0.41900619133322325,404
115.0,1.0,2.446780788208673,False,0.41503010168720583,404
114.0,1.0,2.446780788208673,False,0.41503010168720583,404
312.0,0.7209300000000001,1.743846253729732,False,0.3892064666447914,404
313.0,0.702326,1.743846253729732,False,0.3892064666447914,404
301.0,0.6976739999999999,1.743846253729732,False,0.3892064666447914,404
39.0,0.6511629999999999,1.743846253729732,False,0.36247730969614356,404
3.0,0.683721,1.743846253729732,False,0.36247730969614356,404
41.0,0.665116,1.743846253729732,False,0.36247730969614356,404
34.0,0.637209,1.743846253729732,False,0.33895854691733107,404
43.0,0.6418600000000001,1.743846253729732,False,0.33895854691733107,404
40.0,0.613953,1.743846253729732,False,0.3341567996904148,404
142.0,0.390698,2.5114953084853044,False,0.2140246353473143,404
60.0,0.37674399999999997,2.3750035647299925,False,0.21149866701902081,404
295.0,0.4,2.5401245867312485,False,0.20229487438993066,404
81.0,0.362791,2.5401245867312485,False,0.16153578767280402,404
308.0,0.404651,1.743846253729732,False,0.06215559201670773,404
307.0,0.38604700000000003,1.743846253729732,False,0.06215559201670773,404
303.0,0.37674399999999997,1.743846253729732,False,0.06215559201670773,404
306.0,0.381395,1.743846253729732,False,0.06215559201670773,404
305.0,0.395349,1.743846253729732,False,0.06215559201670773,404
132.0,0.5023259999999999,1.743846253729732,False,-0.035634802194152354,404
136.0,0.339535,2.5114953084853044,False,-0.14211789001320652,404
131.0,0.339535,1.743846253729732,False,-0.20228141680077075,404
285.0,0.26976700000000003,2.5114953084853044,False,-0.2063909365016477,404
107.0,0.237209,2.5401245867312485,False,-0.24321758870306004,404
95.0,0.23255800000000001,2.55561478379057,False,-0.24321758870306004,404
101.0,0.237209,2.5401245867312485,False,-0.24321758870306004,404
171.0,0.04186,1.8448741144647611,False,-0.2699468162705837,404
102.0,0.218605,2.5401245867312485,False,-0.28759910741819594,404
63.0,0.172093,2.55561478379057,False,-0.28759910741819594,404
76.0,0.209302,2.5401245867312485,False,-0.28759910741819594,404
124.0,0.2,2.5401245867312485,False,-0.28759910741819594,404
77.0,0.21395299999999998,2.5401245867312485,False,-0.28759910741819594,404
100.0,0.15814,2.5114953084853044,False,-0.30446393361583596,404
237.0,0.09302300000000001,2.5114953084853044,False,-0.30446393361583596,404
71.0,0.18604700000000002,1.743846253729732,False,-0.31517811680231683,404
109.0,0.190698,1.743846253729732,False,-0.31517811680231683,404
67.0,0.190698,1.743846253729732,False,-0.31517811680231683,404
64.0,0.204651,1.743846253729732,False,-0.31517811680231683,404
293.0,0.18604700000000002,1.743846253729732,False,-0.31517811680231683,404
116.0,0.102326,1.743846253729732,False,-0.33519882181573446,404
236.0,0.065116,2.5114953084853044,False,-0.3412031041331889,404
246.0,0.055814,2.5114953084853044,False,-0.3412031041331889,404
262.0,0.04186,2.5114953084853044,False,-0.3412031041331889,404
169.0,0.065116,1.743846253729732,False,-0.37193799233308744,404
134.0,0.074419,1.743846253729732,False,-0.37193799233308744,404
80.0,0.074419,1.743846253729732,False,-0.37193799233308744,404
1.0,0.074419,1.743846253729732,False,-0.37193799233308744,404
69.0,0.074419,1.743846253729732,False,-0.37193799233308744,404
11.0,0.074419,1.743846253729732,False,-0.37193799233308744,404
6.0,0.074419,1.743846253729732,False,-0.37193799233308744,404
88.0,1.0,1.7672876606124344,False,0.5720599025173781,396
1.0,1.0,1.269857168977523,False,0.48869627500543544,396
124.0,1.0,1.341028245834994,False,0.48869627500543544,396
87.0,0.637209,1.7672876606124344,False,0.48097679428513507,396
67.0,1.0,1.0321128974549518,False,0.4783331115687773,396
6.0,0.809302,1.269857168977523,False,0.4776608111890844,396
64.0,1.0,1.4882454375690553,True,0.4734199228663198,396
197.0,1.0,1.229940851905338,False,0.469715597303556,396
196.0,1.0,1.229940851905338,False,0.469715597303556,396
72.0,1.0,1.229940851905338,False,0.469715597303556,396
68.0,0.790698,1.0321128974549518,False,0.4672976477524262,396
65.0,1.0,1.7746546229647393,False,0.46498580227405667,396
7.0,0.660465,1.269857168977523,False,0.4211319295520047,396
82.0,1.0,1.9843299110148302,False,0.4036856114469898,396
83.0,1.0,1.9843299110148302,False,0.4036856114469898,396
84.0,1.0,1.9843299110148302,False,0.4036856114469898,396
85.0,1.0,1.9843299110148302,False,0.4036856114469898,396
8.0,0.6418600000000001,1.269857168977523,False,0.3976131667731923,396
309.0,0.6,1.269857168977523,False,0.3791707316508512,396
12.0,0.539535,1.269857168977523,False,0.26495703824352673,396
18.0,0.530233,1.269857168977523,False,0.1775825060368323,396
75.0,0.395349,1.4882454375690553,False,0.06843750816011138,396
86.0,0.5162789999999999,1.7672876606124344,False,0.06087524741294609,396
90.0,0.5023259999999999,1.7672876606124344,False,0.06087524741294609,396
74.0,0.35814,1.4882454375690553,False,0.053946661766037754,396
132.0,1.0,2.0975795418841034,False,0.021163580793966266,396
130.0,1.0,2.0975795418841034,False,0.021163580793966266,396
131.0,1.0,2.0975795418841034,False,0.021163580793966266,396
24.0,0.48837200000000003,1.269857168977523,False,-0.022851091385230417,396
15.0,0.47906999999999994,1.269857168977523,False,-0.022851091385230417,396
2.0,0.47906999999999994,1.269857168977523,False,-0.022851091385230417,396
66.0,0.227907,1.4882454375690553,False,-0.20607592165774521,396
117.0,0.23255800000000001,1.4882454375690553,False,-0.20607592165774521,396
109.0,0.32093000000000005,1.341028245834994,False,-0.23158583023211127,396
70.0,0.311628,1.341028245834994,False,-0.23158583023211127,396
71.0,0.325581,1.341028245834994,False,-0.23158583023211127,396
101.0,0.274419,0.9278046693478043,False,-0.24548870322567531,396
76.0,0.26976700000000003,1.341028245834994,False,-0.26638567532647833,396
107.0,0.26976700000000003,1.341028245834994,False,-0.26638567532647833,396
77.0,0.260465,1.341028245834994,False,-0.26638567532647833,396
189.0,0.265116,1.229940851905338,False,-0.268738127968946,396
11.0,0.125581,1.9843299110148302,False,-0.29933221712125613,396
25.0,0.102326,1.9843299110148302,False,-0.29933221712125613,396
294.0,0.13023300000000002,1.9843299110148302,False,-0.29933221712125613,396
22.0,0.10697699999999999,1.9843299110148302,False,-0.29933221712125613,396
56.0,0.10697699999999999,1.9843299110148302,False,-0.29933221712125613,396
47.0,0.111628,1.9843299110148302,False,-0.29933221712125613,396
69.0,0.111628,1.9843299110148302,False,-0.29933221712125613,396
45.0,0.102326,1.9843299110148302,False,-0.29933221712125613,396
20.0,0.08837199999999999,1.9843299110148302,False,-0.29933221712125613,396
31.0,0.08837199999999999,1.9843299110148302,False,-0.29933221712125613,396
310.0,0.097674,1.9843299110148302,False,-0.29933221712125613,396
248.0,0.032558,1.229940851905338,False,-0.3839262617117682,396
221.0,0.060465,1.229940851905338,False,-0.3839262617117682,396
144.0,0.032558,1.229940851905338,False,-0.3839262617117682,396
120.0,0.055814,1.7672876606124344,False,-0.42947200285659515,396
121.0,0.060465,1.7672876606124344,False,-0.42947200285659515,396
92.0,0.060465,1.7672876606124344,False,-0.42947200285659515,396
293.0,0.18604700000000002,2.0975795418841034,False,-0.654576531895415,396
128.0,0.21395299999999998,2.0975795418841034,False,-0.654576531895415,396
129.0,0.153488,2.0975795418841034,False,-0.6742605903068118,396
66.0,1.0,1.9113428065932216,False,0.5162160781338608,411
117.0,1.0,2.95840114991785,False,0.5117517341539715,411
103.0,1.0,1.4724907365977316,False,0.48324051012383007,411
177.0,1.0,3.4561625771574316,False,0.4242045462965749,411
113.0,1.0,2.002419689759501,False,0.41503010168720583,411
78.0,0.604651,1.4724907365977316,False,0.3737149667692458,411
79.0,0.604651,1.4724907365977316,False,0.3737149667692458,411
58.0,1.0,3.2556981640100653,False,0.29442698332235395,411
36.0,0.87907,3.3654156030982207,False,0.2679010140391423,411
109.0,0.87907,3.3654156030982207,False,0.2679010140391423,411
312.0,0.8,3.3654156030982207,False,0.2679010140391423,411
313.0,0.790698,3.3654156030982207,False,0.2679010140391423,411
310.0,0.772093,3.3654156030982207,False,0.2679010140391423,411
39.0,0.6976739999999999,3.3654156030982207,False,0.2534323522732585,411
43.0,0.7209300000000001,3.3654156030982207,False,0.2534323522732585,411
41.0,0.734884,3.3654156030982207,False,0.2534323522732585,411
34.0,0.6930230000000001,3.3654156030982207,False,0.2534323522732585,411
71.0,0.744186,3.3654156030982207,False,0.2534323522732585,411
107.0,1.0,3.3654156030982207,False,0.23407733041608447,411
311.0,1.0,3.3654156030982207,False,0.23407733041608447,411
123.0,1.0,3.3654156030982207,False,0.23407733041608447,411
70.0,1.0,3.3654156030982207,False,0.23407733041608447,411
130.0,1.0,3.3654156030982207,False,0.23407733041608447,411
298.0,1.0,3.3654156030982207,False,0.23407733041608447,411
76.0,0.655814,3.3654156030982207,False,0.22670319532461058,411
77.0,0.660465,3.3654156030982207,False,0.22670319532461058,411
40.0,0.637209,3.3654156030982207,False,0.20318443254579815,411
314.0,0.6,3.3654156030982207,False,0.16136589279616775,411
142.0,0.390698,3.2556981640100653,False,0.10471776015403095,411
124.0,0.288372,1.9113428065932216,False,0.09251911609679322,411
64.0,0.227907,1.9113428065932216,False,0.06143093209566475,411
42.0,1.0,3.144760962374213,False,0.0348063931193617,411
3.0,1.0,3.144760962374213,False,0.0348063931193617,411
32.0,0.623256,3.144760962374213,False,0.01989820404790713,411
33.0,0.581395,3.144760962374213,False,0.0062575161524823335,411
35.0,0.581395,3.144760962374213,False,0.0062575161524823335,411
101.0,0.209302,1.9113428065932216,False,-0.01428728642914327,411
65.0,0.195349,1.9113428065932216,False,-0.01428728642914327,411
2.0,1.0,2.5303604924447622,False,-0.018677269225466694,411
8.0,1.0,2.5303604924447622,False,-0.018677269225466694,411
7.0,1.0,2.5303604924447622,False,-0.018677269225466694,411
110.0,1.0,2.5303604924447622,False,-0.018677269225466694,411
12.0,1.0,2.5303604924447622,False,-0.018677269225466694,411
23.0,0.9953489999999999,2.5303604924447622,False,-0.018677269225466694,411
11.0,1.0,2.5303604924447622,False,-0.018677269225466694,411
1.0,1.0,2.5303604924447622,False,-0.018677269225466694,411
6.0,1.0,2.5303604924447622,False,-0.018677269225466694,411
28.0,1.0,2.5303604924447622,False,-0.018677269225466694,411
27.0,1.0,2.5303604924447622,False,-0.018677269225466694,411
26.0,1.0,2.5303604924447622,False,-0.018677269225466694,411
15.0,1.0,2.5303604924447622,False,-0.018677269225466694,411
16.0,1.0,2.5303604924447622,False,-0.018677269225466694,411
38.0,1.0,2.5303604924447622,False,-0.018677269225466694,411
50.0,1.0,2.5303604924447622,False,-0.018677269225466694,411
55.0,1.0,2.5303604924447622,False,-0.018677269225466694,411
73.0,1.0,2.5303604924447622,False,-0.018677269225466694,411
87.0,1.0,2.5303604924447622,False,-0.018677269225466694,411
10.0,1.0,2.5303604924447622,False,-0.018677269225466694,411
14.0,0.9953489999999999,2.5303604924447622,False,-0.018677269225466694,411
29.0,1.0,2.5303604924447622,False,-0.018677269225466694,411
30.0,1.0,2.5303604924447622,False,-0.018677269225466694,411
31.0,1.0,2.5303604924447622,False,-0.018677269225466694,411
17.0,1.0,2.5303604924447622,False,-0.018677269225466694,411
20.0,1.0,2.5303604924447622,False,-0.018677269225466694,411
18.0,1.0,2.5303604924447622,False,-0.018677269225466694,411
21.0,1.0,2.5303604924447622,False,-0.018677269225466694,411
22.0,1.0,2.5303604924447622,False,-0.018677269225466694,411
62.0,0.437209,1.4724907365977316,False,-0.028306856266835725,411
13.0,0.84186,2.5303604924447622,False,-0.029712733041817742,411
19.0,0.967442,2.5303604924447622,False,-0.029712733041817742,411
53.0,0.7767440000000001,2.5303604924447622,False,-0.029712733041817742,411
132.0,0.5023259999999999,3.3654156030982207,False,-0.053422286963098434,411
111.0,0.734884,2.5303604924447622,False,-0.059512457730249414,411
102.0,0.432558,3.3654156030982207,False,-0.07716110287662142,411
9.0,0.67907,2.5303604924447622,False,-0.08624161467889738,411
88.0,0.637209,2.5303604924447622,False,-0.10976037745770978,411
309.0,0.5906980000000001,2.5303604924447622,False,-0.12820281258005092,411
24.0,0.539535,2.5303604924447622,False,-0.2202844128539591,411
121.0,0.311628,1.4724907365977316,False,-0.22041337005430486,411
104.0,0.274419,1.4724907365977316,False,-0.23859488860616473,411
120.0,0.26976700000000003,1.4724907365977316,False,-0.23859488860616473,411
89.0,0.18139500000000003,2.95840114991785,False,-0.24831589862252246,411
131.0,0.339535,3.3654156030982207,False,-0.26180944459167604,411
122.0,0.223256,1.4724907365977316,True,-0.2811294283093779,411
60.0,0.265116,3.2556981640100653,False,-0.2823511647163552,411
37.0,0.390698,2.5303604924447622,False,-0.2944640204430991,411
295.0,0.38604700000000003,2.5303604924447622,False,-0.2944640204430991,411
81.0,0.35814,2.5303604924447622,False,-0.29655298033425,411
25.0,0.367442,2.5303604924447622,False,-0.29659764340229516,411
61.0,0.372093,2.5303604924447622,False,-0.29659764340229516,411
96.0,0.237209,3.2556981640100653,False,-0.31602193810199003,411
57.0,0.255814,3.2556981640100653,False,-0.31602193810199003,411
97.0,0.237209,3.2556981640100653,False,-0.31602193810199003,411
91.0,0.25116299999999997,3.2556981640100653,False,-0.31602193810199003,411
108.0,0.227907,3.2556981640100653,False,-0.31602193810199003,411
255.0,0.032558,2.002419689759501,False,-0.3413452239409004,411
154.0,0.051163,2.002419689759501,False,-0.3413452239409004,411
93.0,0.051163,2.002419689759501,False,-0.3413452239409004,411
162.0,0.037209,2.002419689759501,False,-0.3413452239409004,411
267.0,0.032558,2.002419689759501,False,-0.3413452239409004,411
146.0,0.074419,2.002419689759501,False,-0.3413452239409004,411
171.0,0.139535,3.1111570189631697,False,-0.3871972042332967,411
90.0,0.497674,2.5303604924447622,False,-0.3922544146539592,411
67.0,0.209302,3.3654156030982207,False,-0.4037757907443587,411
293.0,0.18604700000000002,3.3654156030982207,False,-0.4037757907443587,411
86.0,0.49302300000000004,2.5303604924447622,False,-0.4159932305674821,411
49.0,0.195349,2.5303604924447622,False,-0.5882272117025926,411
52.0,0.21395299999999998,2.5303604924447622,False,-0.5882272117025926,411
45.0,0.04186,2.5303604924447622,False,-0.649509320513972,411
84.0,0.046512000000000005,2.5303604924447622,False,-0.649509320513972,411
54.0,1.0,4.455713194767114,False,0.5200076520285493,46
302.0,1.0,4.455713194767114,False,0.5200076520285493,46
299.0,1.0,4.455713194767114,False,0.5200076520285493,46
130.0,1.0,4.455713194767114,False,0.5200076520285493,46
108.0,1.0,4.455713194767114,False,0.5200076520285493,46
57.0,1.0,4.455713194767114,False,0.5200076520285493,46
310.0,1.0,4.455713194767114,False,0.5200076520285493,46
249.0,1.0,4.455713194767114,False,0.5200076520285493,46
97.0,1.0,4.338719611211613,False,0.5106615228639424,46
304.0,0.7534879999999999,4.455713194767114,False,0.5089721882121983,46
311.0,0.772093,4.455713194767114,False,0.5089721882121983,46
300.0,0.7534879999999999,4.455713194767114,False,0.5089721882121983,46
71.0,1.0,5.050651047425832,False,0.49822682133369744,46
70.0,1.0,5.050651047425832,False,0.49822682133369744,46
115.0,1.0,4.904228948897449,False,0.49822682133369744,46
114.0,1.0,4.904228948897449,False,0.49822682133369744,46
109.0,0.87907,5.050651047425832,False,0.4871913575173464,46
5.0,1.0,4.224698042449723,False,0.4849177181990406,46
89.0,1.0,3.5640060680542085,False,0.47996574671078274,46
301.0,0.6976739999999999,4.455713194767114,False,0.47917246352376647,46
313.0,0.702326,4.455713194767114,False,0.47917246352376647,46
312.0,0.7209300000000001,4.455713194767114,False,0.47917246352376647,46
96.0,0.67907,4.455713194767114,False,0.4524433065751185,46
3.0,0.683721,4.455713194767114,False,0.4524433065751185,46
41.0,0.665116,4.455713194767114,False,0.4524433065751185,46
39.0,0.6511629999999999,4.455713194767114,False,0.4524433065751185,46
43.0,0.6418600000000001,4.455713194767114,False,0.41396028535638035,46
34.0,0.637209,4.455713194767114,False,0.41396028535638035,46
40.0,0.613953,4.455713194767114,False,0.3962065961366814,46
306.0,0.381395,4.455713194767114,False,0.20588053774370202,46
308.0,0.404651,4.455713194767114,False,0.20588053774370202,46
305.0,0.395349,4.455713194767114,False,0.20588053774370202,46
307.0,0.38604700000000003,4.455713194767114,False,0.20588053774370202,46
303.0,0.37674399999999997,4.455713194767114,False,0.20588053774370202,46
66.0,0.34883699999999995,5.050651047425832,False,0.15830487877164923,46
132.0,0.5023259999999999,4.455713194767114,False,0.1080901435328419,46
95.0,1.0,3.2928209866682105,False,0.05806660901158807,46
92.0,1.0,3.65473224830108,False,-0.10691766154216481,46
131.0,0.339535,4.455713194767114,False,-0.11269890059865847,46
142.0,0.293023,4.455713194767114,False,-0.15879042853523978,46
124.0,0.325581,5.050651047425832,False,-0.165607000790166,46
58.0,0.227907,4.455713194767114,False,-0.2106427204727344,46
65.0,0.227907,5.050651047425832,False,-0.2340776192701679,46
76.0,0.24186,5.050651047425832,False,-0.2340776192701679,46
101.0,0.24186,5.050651047425832,False,-0.2340776192701679,46
60.0,0.16744199999999998,4.455713194767114,False,-0.2550242391878703,46
64.0,0.204651,4.455713194767114,False,-0.2550242391878703,46
67.0,0.190698,4.455713194767114,False,-0.2550242391878703,46
53.0,0.16744199999999998,4.455713194767114,False,-0.2550242391878703,46
61.0,0.172093,4.455713194767114,False,-0.2550242391878703,46
91.0,0.204651,4.455713194767114,False,-0.2550242391878703,46
52.0,0.16744199999999998,4.455713194767114,False,-0.2550242391878703,46
293.0,0.18604700000000002,4.455713194767114,False,-0.2550242391878703,46
77.0,0.223256,5.050651047425832,False,-0.2622287728744446,46
63.0,0.172093,4.338719611211613,False,-0.26602443645505874,46
50.0,0.190698,4.338719611211613,False,-0.26602443645505874,46
116.0,0.102326,4.455713194767114,False,-0.27504494420128794,46
80.0,0.074419,4.455713194767114,False,-0.31178411471864087,46
134.0,0.074419,4.455713194767114,False,-0.31178411471864087,46
169.0,0.065116,4.455713194767114,False,-0.31178411471864087,46
69.0,0.074419,4.455713194767114,False,-0.31178411471864087,46
1.0,0.074419,4.455713194767114,False,-0.31178411471864087,46
11.0,0.074419,4.455713194767114,False,-0.31178411471864087,46
6.0,0.074419,4.455713194767114,False,-0.31178411471864087,46
117.0,0.18139500000000003,3.5640060680542085,False,-0.32703618727783584,46
129.0,0.17674399999999998,3.5640060680542085,False,-0.32703618727783584,46
295.0,0.190698,3.5640060680542085,False,-0.32703618727783584,46
81.0,0.17674399999999998,3.5640060680542085,True,-0.32703618727783584,46
171.0,0.04186,4.904228948897449,False,-0.3352190135160743,46
205.0,0.055814,4.224698042449723,False,-0.37786245652695266,46
35.0,0.148837,3.65473224830108,False,-0.6088301228875053,46
36.0,0.148837,3.65473224830108,False,-0.6088301228875053,46
296.0,0.148837,3.65473224830108,False,-0.6088301228875053,46
298.0,0.144186,3.65473224830108,False,-0.6088301228875053,46
124.0,1.0,1.4160731647345355,False,0.614628484467994,400
105.0,1.0,2.0752166253263433,False,0.512916895108944,400
196.0,1.0,1.0976885275122399,False,0.4980424041700422,400
72.0,1.0,1.0976885275122399,False,0.4980424041700422,400
197.0,1.0,1.0976885275122399,False,0.4980424041700422,400
64.0,1.0,1.0321128974549518,False,0.4783331115687773,400
65.0,1.0,1.3607005168549233,False,0.4760616494489627,400
1.0,1.0,1.8453422919561548,False,0.422104372799304,400
6.0,0.809302,1.8453422919561548,False,0.41106890898295295,400
309.0,1.0,1.9515717023848604,False,0.4003400279119591,400
7.0,0.660465,1.8453422919561548,False,0.3545400273458733,400
8.0,0.6418600000000001,1.8453422919561548,False,0.3310212645670608,400
24.0,0.613953,1.9515717023848604,False,0.3044551724527996,400
25.0,0.604651,1.9515717023848604,False,0.29081448455737485,400
15.0,0.6,1.9515717023848604,False,0.29081448455737485,400
18.0,0.539535,1.9515717023848604,False,0.19873288428346678,400
12.0,0.539535,1.8453422919561548,False,0.1983651360373954,400
28.0,0.534884,1.9515717023848604,False,0.16004238730972117,400
70.0,1.0,1.7421574905748196,False,0.13414904772283584,400
109.0,0.87907,1.7421574905748196,False,0.12311358390648477,400
71.0,0.744186,1.7421574905748196,False,0.0933138592180531,400
118.0,0.48837200000000003,2.0752166253263433,False,0.09222482913963939,400
119.0,0.483721,2.0752166253263433,False,0.09222482913963939,400
75.0,0.395349,1.5950151587934973,False,0.08398804496390594,400
74.0,0.35814,1.5950151587934973,False,0.06949719856983233,400
2.0,0.47906999999999994,1.8453422919561548,False,0.0026563183238723434,400
130.0,1.0,2.064495794415786,False,-0.0077633103234030325,400
131.0,1.0,2.064495794415786,False,-0.0077633103234030325,400
132.0,1.0,2.064495794415786,False,-0.0077633103234030325,400
68.0,0.306977,1.5950151587934973,False,-0.19208459192978583,400
67.0,0.32093000000000005,1.5950151587934973,True,-0.19208459192978583,400
66.0,0.288372,1.4160731647345355,False,-0.2190948769148553,400
117.0,0.23255800000000001,1.0321128974549518,False,-0.2263549416394011,400
107.0,0.26976700000000003,1.4160731647345355,False,-0.23579967481704722,400
76.0,0.26976700000000003,1.4160731647345355,False,-0.23579967481704722,400
101.0,0.265116,1.4160731647345355,False,-0.23579967481704722,400
77.0,0.260465,1.4160731647345355,False,-0.23579967481704722,400
189.0,0.265116,1.0976885275122399,False,-0.25538547805928985,400
106.0,0.162791,2.0752166253263433,False,-0.31796037628762913,400
26.0,0.08837199999999999,2.0752166253263433,False,-0.33798108130104665,400
125.0,0.12093,2.0752166253263433,False,-0.33798108130104665,400
27.0,0.08837199999999999,2.0752166253263433,False,-0.33798108130104665,400
248.0,0.032558,1.0976885275122399,False,-0.37057361180211207,400
221.0,0.060465,1.0976885275122399,False,-0.37057361180211207,400
144.0,0.032558,1.0976885275122399,False,-0.37057361180211207,400
293.0,0.18604700000000002,2.064495794415786,False,-0.6779995549387796,400
128.0,0.21395299999999998,2.064495794415786,False,-0.6779995549387796,400
129.0,0.153488,2.064495794415786,False,-0.6980202599521972,400
65.0,1.0,1.527847305799185,False,0.614628484467994,359
124.0,1.0,2.1139713566483778,False,0.5373390564537448,359
1.0,1.0,1.934018031397908,False,0.5324258677512873,359
6.0,0.809302,1.934018031397908,False,0.5213904039349363,359
67.0,1.0,1.0976885275122399,False,0.4980424041700422,359
68.0,0.790698,1.0976885275122399,False,0.48700694035369113,359
64.0,1.0,1.229940851905338,False,0.469715597303556,359
7.0,0.660465,1.934018031397908,False,0.4648615222978566,359
8.0,0.6418600000000001,1.934018031397908,False,0.44134275951904417,359
96.0,1.0,1.9846538389353439,False,0.4119415293215676,359
97.0,1.0,1.9846538389353439,False,0.4119415293215676,359
70.0,1.0,1.834267880174152,False,0.40781089961526396,359
309.0,0.6,1.934018031397908,False,0.3995242197694137,359
109.0,0.87907,1.834267880174152,False,0.3967754357989129,359
82.0,1.0,2.1277240340674037,False,0.3747420099520835,359
83.0,1.0,2.1277240340674037,False,0.3747420099520835,359
84.0,1.0,2.1277240340674037,False,0.3747420099520835,359
85.0,1.0,2.1277240340674037,False,0.3747420099520835,359
71.0,0.744186,1.834267880174152,False,0.3669757111104812,359
57.0,0.67907,1.9846538389353439,False,0.3443771838681368,359
12.0,0.539535,1.934018031397908,False,0.28531052636208937,359
18.0,0.530233,1.934018031397908,False,0.24151456848924158,359
75.0,0.395349,2.204240815599667,False,0.10818956762809248,359
74.0,0.35814,2.204240815599667,False,0.09369872123401884,359
15.0,0.47906999999999994,1.934018031397908,False,0.08960170864856636,359
2.0,0.47906999999999994,1.934018031397908,False,0.08960170864856636,359
24.0,0.48837200000000003,1.934018031397908,False,0.08960170864856636,359
132.0,1.0,1.5566281431252407,False,0.06967897786800967,359
130.0,1.0,1.5566281431252407,False,0.06967897786800967,359
131.0,1.0,1.5566281431252407,False,0.06967897786800967,359
66.0,0.33488399999999996,1.834267880174152,False,0.0001610217911927473,359
101.0,0.24186,1.834267880174152,False,-0.06240524030767613,359
76.0,0.24186,1.834267880174152,False,-0.06240524030767613,359
77.0,0.223256,1.834267880174152,False,-0.09055639391195286,359
117.0,0.23255800000000001,2.204240815599667,False,-0.19151607087387745,359
107.0,0.26976700000000003,2.1139713566483778,False,-0.22098979091606236,359
58.0,0.237209,1.9846538389353439,False,-0.24163833395805062,359
95.0,0.23255800000000001,1.9846538389353439,False,-0.24163833395805062,359
69.0,0.111628,2.1277240340674037,False,-0.24420784302041912,359
294.0,0.13023300000000002,2.1277240340674037,False,-0.24420784302041912,359
25.0,0.09302300000000001,2.1277240340674037,False,-0.24420784302041912,359
45.0,0.102326,2.1277240340674037,False,-0.24420784302041912,359
47.0,0.111628,2.1277240340674037,False,-0.24420784302041912,359
22.0,0.10697699999999999,2.1277240340674037,False,-0.24420784302041912,359
56.0,0.10697699999999999,2.1277240340674037,False,-0.24420784302041912,359
31.0,0.08837199999999999,2.1277240340674037,False,-0.24420784302041912,359
11.0,0.11627900000000001,2.1277240340674037,False,-0.24420784302041912,359
20.0,0.08837199999999999,2.1277240340674037,False,-0.24420784302041912,359
310.0,0.097674,2.1277240340674037,False,-0.24420784302041912,359
108.0,0.223256,1.9846538389353439,False,-0.26978948756232735,359
60.0,0.162791,1.9846538389353439,False,-0.28601985267318647,359
53.0,0.190698,1.9846538389353439,False,-0.28601985267318647,359
50.0,0.190698,1.9846538389353439,False,-0.28601985267318647,359
61.0,0.18139500000000003,1.9846538389353439,False,-0.28601985267318647,359
142.0,0.204651,1.9846538389353439,False,-0.28601985267318647,359
91.0,0.18139500000000003,1.9846538389353439,False,-0.28601985267318647,359
63.0,0.172093,1.9846538389353439,False,-0.28601985267318647,359
293.0,0.18604700000000002,1.5566281431252407,False,-0.6682936817353388,359
128.0,0.21395299999999998,1.5566281431252407,False,-0.6682936817353388,359
129.0,0.153488,1.5566281431252407,False,-0.6879777401467356,359
71.0,1.0,1.7185193728025432,False,0.5844946040476231,17
70.0,1.0,1.7185193728025432,False,0.5844946040476231,17
109.0,0.87907,1.7185193728025432,False,0.5734591402312721,17
65.0,1.0,1.4299140400345898,False,0.5675054532549569,17
64.0,1.0,1.4299140400345898,False,0.5675054532549569,17
119.0,1.0,2.083486082700944,False,0.5347078108749026,17
118.0,0.9069769999999999,2.083486082700944,False,0.5236723470585516,17
58.0,1.0,1.2059702312280824,False,0.469715597303556,17
309.0,1.0,2.1411891654923836,False,0.4095991214089525,17
110.0,1.0,1.7929088210356843,False,0.3960494239853264,17
111.0,0.734884,1.7929088210356843,False,0.3552142354805437,17
24.0,0.613953,2.1411891654923836,False,0.31371426594979296,17
7.0,0.595349,2.1411891654923836,False,0.3000735780543682,17
1.0,0.6,2.1411891654923836,False,0.3000735780543682,17
6.0,0.5906980000000001,2.1411891654923836,False,0.3000735780543682,17
8.0,0.5906980000000001,2.1411891654923836,False,0.3000735780543682,17
15.0,0.6,2.1411891654923836,False,0.3000735780543682,17
25.0,0.604651,2.1411891654923836,False,0.3000735780543682,17
75.0,0.395349,1.4299140400345898,False,0.21953738397959446,17
18.0,0.539535,2.1411891654923836,False,0.20799197778046014,17
74.0,0.35814,1.4299140400345898,False,0.20504653758552085,17
28.0,0.534884,2.1411891654923836,False,0.16930148080671453,17
177.0,1.0,1.4146785999248446,False,0.1632454772305382,17
304.0,1.0,1.5363351256428013,False,0.13664597103227516,17
302.0,1.0,1.5363351256428013,False,0.13664597103227516,17
298.0,1.0,1.622878045888291,False,0.13664597103227516,17
307.0,1.0,1.5363351256428013,False,0.13664597103227516,17
311.0,1.0,1.622878045888291,False,0.13664597103227516,17
123.0,1.0,1.622878045888291,False,0.13664597103227516,17
130.0,1.0,1.622878045888291,False,0.13664597103227516,17
107.0,1.0,1.622878045888291,False,0.13664597103227516,17
299.0,1.0,1.5363351256428013,False,0.13664597103227516,17
66.0,0.34883699999999995,1.7185193728025432,False,0.1303412564369245,17
313.0,0.790698,1.622878045888291,False,0.1256105072159241,17
300.0,0.7534879999999999,1.5363351256428013,False,0.1256105072159241,17
36.0,0.87907,1.622878045888291,False,0.1256105072159241,17
310.0,0.772093,1.622878045888291,False,0.1256105072159241,17
312.0,0.8,1.622878045888291,False,0.1256105072159241,17
295.0,0.38604700000000003,1.7929088210356843,False,0.12026267276769403,17
81.0,0.35814,1.7929088210356843,False,0.1057718263736204,17
301.0,0.6976739999999999,1.5363351256428013,False,0.09581078252749248,17
306.0,0.6976739999999999,1.5363351256428013,False,0.09581078252749248,17
43.0,0.7209300000000001,1.622878045888291,False,0.09581078252749248,17
41.0,0.734884,1.622878045888291,False,0.09581078252749248,17
34.0,0.6930230000000001,1.622878045888291,False,0.09581078252749248,17
39.0,0.6976739999999999,1.622878045888291,False,0.09581078252749248,17
308.0,0.7488370000000001,1.5363351256428013,False,0.09581078252749248,17
305.0,0.706977,1.5363351256428013,False,0.09581078252749248,17
142.0,0.390698,1.2059702312280824,False,0.07969744103727322,17
105.0,0.483721,2.083486082700944,False,0.07691939333225602,17
76.0,0.655814,1.622878045888291,False,0.06908162557884451,17
77.0,0.660465,1.622878045888291,False,0.06908162557884451,17
40.0,0.637209,1.622878045888291,False,0.04556286280003202,17
67.0,0.32093000000000005,1.4299140400345898,False,0.03774500755067473,17
124.0,0.30232600000000004,1.4299140400345898,False,0.03774500755067473,17
68.0,0.306977,1.4299140400345898,False,0.03774500755067473,17
314.0,0.6,1.622878045888291,False,0.027120427677690934,17
101.0,0.274419,1.4299140400345898,False,0.002945162456307642,17
117.0,0.23255800000000001,1.4299140400345898,True,-0.011438223642628892,17
303.0,0.37674399999999997,1.5363351256428013,False,-0.25337218523400756,17
60.0,0.265116,1.2059702312280824,False,-0.268738127968946,17
97.0,0.237209,1.2059702312280824,False,-0.2831215140678825,17
61.0,0.25116299999999997,1.2059702312280824,False,-0.2831215140678825,17
108.0,0.227907,1.2059702312280824,False,-0.2831215140678825,17
91.0,0.25116299999999997,1.2059702312280824,False,-0.2831215140678825,17
53.0,0.237209,1.2059702312280824,False,-0.2831215140678825,17
96.0,0.237209,1.2059702312280824,False,-0.2831215140678825,17
57.0,0.255814,1.2059702312280824,False,-0.2831215140678825,17
102.0,0.190698,1.7929088210356843,False,-0.2869378010525976,17
106.0,0.15814,2.083486082700944,False,-0.3366681905659228,17
125.0,0.11627900000000001,2.083486082700944,False,-0.3366681905659228,17
132.0,0.5023259999999999,1.622878045888291,False,-0.35116257944486773,17
131.0,0.218605,1.7185193728025432,False,-0.3606140723976003,17
78.0,0.065116,2.083486082700944,False,-0.37340736108327577,17
297.0,0.074419,2.083486082700944,False,-0.37340736108327577,17
45.0,0.065116,2.083486082700944,False,-0.37340736108327577,17
26.0,0.069767,2.083486082700944,False,-0.37340736108327577,17
79.0,0.069767,2.083486082700944,False,-0.37340736108327577,17
171.0,0.139535,1.4146785999248446,False,-0.5038533642547097,17
293.0,0.18604700000000002,1.622878045888291,False,-0.6311934535723401,17
101.0,1.0,1.4856983541687239,False,0.555070751724712,429
45.0,1.0,2.1295188462698906,False,0.5373390564537448,429
44.0,1.0,2.1295188462698906,False,0.5373390564537448,429
193.0,1.0,2.1295188462698906,False,0.5373390564537448,429
41.0,1.0,2.1295188462698906,False,0.5373390564537448,429
10.0,0.9953489999999999,2.1295188462698906,False,0.5373390564537448,429
14.0,1.0,2.1295188462698906,False,0.5373390564537448,429
19.0,0.9767440000000001,2.1295188462698906,False,0.5373390564537448,429
23.0,0.9767440000000001,2.1295188462698906,False,0.5373390564537448,429
13.0,1.0,2.1295188462698906,False,0.5373390564537448,429
2.0,1.0,2.1295188462698906,False,0.5373390564537448,429
18.0,1.0,2.1295188462698906,False,0.5373390564537448,429
21.0,1.0,2.1295188462698906,False,0.5373390564537448,429
168.0,1.0,2.1295188462698906,True,0.5373390564537448,429
25.0,1.0,2.1295188462698906,False,0.5373390564537448,429
46.0,1.0,2.1295188462698906,False,0.5373390564537448,429
123.0,1.0,2.1295188462698906,False,0.5373390564537448,429
22.0,1.0,2.1295188462698906,False,0.5373390564537448,429
29.0,1.0,2.1295188462698906,False,0.5373390564537448,429
24.0,1.0,2.1295188462698906,False,0.5373390564537448,429
38.0,1.0,2.1295188462698906,False,0.5373390564537448,429
34.0,0.7860469999999999,2.1295188462698906,False,0.5263035926373938,429
314.0,0.8046510000000001,2.1295188462698906,False,0.5263035926373938,429
66.0,1.0,3.0680327760913886,False,0.5253515966391891,429
88.0,1.0,2.618346071275336,False,0.5253515966391891,429
298.0,1.0,2.8192848631505347,False,0.5188056204675547,429
42.0,1.0,2.8192848631505347,False,0.5188056204675547,429
3.0,1.0,2.8192848631505347,False,0.5188056204675547,429
40.0,1.0,2.8192848631505347,False,0.5188056204675547,429
36.0,0.87907,2.8192848631505347,False,0.5077701566512037,429
311.0,0.734884,2.1295188462698906,False,0.496503867948962,429
43.0,0.7209300000000001,2.8192848631505347,False,0.47797043196277195,429
312.0,0.744186,2.8192848631505347,False,0.47797043196277195,429
313.0,0.730233,2.8192848631505347,False,0.47797043196277195,429
310.0,0.665116,2.1295188462698906,False,0.46977471100031404,429
39.0,0.646512,2.1295188462698906,False,0.46977471100031404,429
106.0,1.0,1.7419350571506071,False,0.4594830353203932,429
79.0,1.0,1.033354205384345,False,0.4565522808739254,429
103.0,1.0,1.033354205384345,False,0.4565522808739254,429
64.0,1.0,1.033354205384345,False,0.4565522808739254,429
65.0,1.0,1.033354205384345,False,0.4565522808739254,429
56.0,1.0,1.033354205384345,False,0.4565522808739254,429
288.0,1.0,1.033354205384345,False,0.4565522808739254,429
289.0,1.0,1.033354205384345,False,0.4565522808739254,429
141.0,1.0,1.033354205384345,False,0.4565522808739254,429
84.0,1.0,1.033354205384345,False,0.4565522808739254,429
70.0,1.0,1.033354205384345,False,0.4565522808739254,429
62.0,1.0,1.033354205384345,False,0.4565522808739254,429
69.0,1.0,1.033354205384345,False,0.4565522808739254,429
61.0,1.0,1.033354205384345,False,0.4565522808739254,429
73.0,1.0,1.033354205384345,False,0.4565522808739254,429
76.0,1.0,1.033354205384345,False,0.4565522808739254,429
59.0,1.0,1.033354205384345,False,0.4565522808739254,429
55.0,1.0,1.033354205384345,False,0.4565522808739254,429
78.0,1.0,1.033354205384345,False,0.4565522808739254,429
57.0,1.0,1.033354205384345,False,0.4565522808739254,429
60.0,1.0,1.033354205384345,False,0.4565522808739254,429
109.0,0.87907,1.033354205384345,False,0.44551681705757434,429
87.0,0.637209,2.618346071275336,False,0.4342684884069458,429
309.0,0.613953,2.1295188462698906,False,0.42850225900180267,429
77.0,0.702326,1.033354205384345,False,0.4157170923691427,429
71.0,0.744186,1.033354205384345,False,0.4157170923691427,429
105.0,1.0,2.9253185752604556,False,0.41560312190616655,429
171.0,1.0,2.896965510682589,False,0.4133537643785996,429
116.0,1.0,2.896965510682589,False,0.4133537643785996,429
274.0,1.0,2.896965510682589,False,0.4133537643785996,429
32.0,0.623256,2.8192848631505347,False,0.4099688230156126,429
35.0,0.581395,2.1295188462698906,False,0.4044374084718712,429
8.0,0.544186,2.1295188462698906,False,0.38907427967440494,429
107.0,0.655814,1.033354205384345,False,0.38898793542049476,429
96.0,0.67907,1.033354205384345,False,0.38898793542049476,429
33.0,0.581395,2.8192848631505347,False,0.38590397248568115,429
15.0,0.539535,2.1295188462698906,False,0.2902237150645468,429
6.0,0.534884,2.1295188462698906,False,0.2515332180908013,429
1.0,0.530233,2.1295188462698906,False,0.24642775719169902,429
224.0,0.395349,2.1295188462698906,False,0.21604410747540687,429
83.0,0.530233,1.033354205384345,False,0.1454385119053223,429
90.0,0.5023259999999999,2.618346071275336,False,0.12839834658340732,429
86.0,0.5162789999999999,2.618346071275336,False,0.12839834658340732,429
7.0,0.52093,2.1295188462698906,False,0.11825371326454677,429
11.0,0.469767,2.1295188462698906,False,0.09451489735102381,429
28.0,0.46511600000000003,2.1295188462698906,False,0.09451489735102381,429
9.0,0.469767,2.1295188462698906,False,0.09451489735102381,429
16.0,0.483721,2.1295188462698906,False,0.09451489735102381,429
135.0,0.483721,2.1295188462698906,False,0.09451489735102381,429
125.0,0.372093,1.7419350571506071,False,0.06733125609491439,429
75.0,0.395349,1.033354205384345,False,0.06653412460764263,429
53.0,0.367442,1.033354205384345,False,0.06440050164844657,429
91.0,0.367442,1.033354205384345,False,0.06440050164844657,429
50.0,0.372093,1.033354205384345,False,0.06440050164844657,429
74.0,0.35814,1.033354205384345,False,0.05204327821356901,429
124.0,0.265116,1.4856983541687239,False,-0.009489539073937361,429
89.0,0.237209,1.4856983541687239,False,-0.0238729251728739,429
111.0,0.237209,1.4856983541687239,False,-0.0238729251728739,429
295.0,0.24186,1.4856983541687239,False,-0.0238729251728739,429
119.0,0.483721,2.9253185752604556,False,-0.027221037196554377,429
118.0,0.48837200000000003,2.9253185752604556,False,-0.027221037196554377,429
82.0,0.497674,1.033354205384345,False,-0.03125626960321744,429
293.0,0.223256,1.4856983541687239,False,-0.05202407877715058,429
102.0,0.474419,1.033354205384345,False,-0.054995085516740386,429
85.0,0.49302300000000004,1.033354205384345,False,-0.054995085516740386,429
30.0,0.293023,1.997819871471801,False,-0.15768892487064237,429
27.0,0.30232600000000004,1.997819871471801,False,-0.15768892487064237,429
20.0,0.293023,1.997819871471801,False,-0.15768892487064237,429
104.0,0.306977,1.033354205384345,False,-0.20060660924353085,429
120.0,0.297674,1.033354205384345,False,-0.20060660924353085,429
121.0,0.306977,1.033354205384345,False,-0.20060660924353085,429
67.0,0.32093000000000005,1.033354205384345,False,-0.20060660924353085,429
68.0,0.306977,1.033354205384345,False,-0.20060660924353085,429
122.0,0.274419,1.033354205384345,False,-0.23540645433789797,429
58.0,0.265116,1.033354205384345,False,-0.23540645433789797,429
81.0,0.25116299999999997,1.033354205384345,False,-0.2497898404368345,429
142.0,0.24186,1.033354205384345,False,-0.2497898404368345,429
52.0,0.237209,1.033354205384345,False,-0.2497898404368345,429
49.0,0.227907,1.033354205384345,False,-0.2497898404368345,429
108.0,0.237209,1.033354205384345,False,-0.2497898404368345,429
117.0,0.23255800000000001,1.033354205384345,False,-0.2497898404368345,429
51.0,0.18139500000000003,1.033354205384345,False,-0.2941713591519703,429
95.0,0.2,1.033354205384345,False,-0.2941713591519703,429
97.0,0.18604700000000002,1.033354205384345,False,-0.2941713591519703,429
190.0,0.18139500000000003,1.033354205384345,False,-0.2941713591519703,429
296.0,0.2,2.1295188462698906,False,-0.29904208301683305,429
31.0,0.16744199999999998,2.1295188462698906,False,-0.29904208301683305,429
98.0,0.144186,1.033354205384345,False,-0.3138554175633672,429
304.0,0.11627900000000001,1.033354205384345,False,-0.3138554175633672,429
300.0,0.11627900000000001,1.033354205384345,False,-0.3138554175633672,429
301.0,0.13023300000000002,1.033354205384345,False,-0.3138554175633672,429
47.0,0.134884,1.033354205384345,False,-0.3138554175633672,429
306.0,0.134884,1.033354205384345,False,-0.3138554175633672,429
307.0,0.11627900000000001,1.033354205384345,False,-0.3138554175633672,429
305.0,0.12093,1.033354205384345,False,-0.3138554175633672,429
308.0,0.125581,1.033354205384345,False,-0.3138554175633672,429
302.0,0.11627900000000001,1.033354205384345,False,-0.3138554175633672,429
294.0,0.134884,1.033354205384345,False,-0.3138554175633672,429
128.0,0.139535,2.1295188462698906,False,-0.31872614142822986,429
129.0,0.148837,2.1295188462698906,False,-0.31872614142822986,429
37.0,0.08837199999999999,1.7419350571506071,False,-0.31985656615941765,429
17.0,0.08837199999999999,1.7419350571506071,False,-0.31985656615941765,429
285.0,0.26976700000000003,2.896965510682589,False,-0.34920142154769646,429
280.0,0.046512000000000005,1.033354205384345,False,-0.3505945880807202,429
232.0,0.037209,1.033354205384345,False,-0.3505945880807202,429
284.0,0.046512000000000005,1.033354205384345,False,-0.3505945880807202,429
208.0,0.055814,1.033354205384345,False,-0.3505945880807202,429
185.0,0.046512000000000005,2.1295188462698906,False,-0.35546531194558284,429
248.0,0.037209,2.1295188462698906,False,-0.35546531194558284,429
92.0,0.060465,2.618346071275336,False,-0.3622855502881546,429
12.0,0.055814,2.618346071275336,False,-0.3622855502881546,429
26.0,0.08837199999999999,2.9253185752604556,False,-0.37351978347568854,429
177.0,0.139535,2.896965510682589,False,-0.4299604530808275,429
127.0,0.10697699999999999,2.896965510682589,False,-0.4299604530808275,429
80.0,0.11627900000000001,2.896965510682589,False,-0.4299604530808275,429
100.0,0.15814,2.896965510682589,False,-0.4299604530808275,429
114.0,0.037209,2.896965510682589,False,-0.4712218568787892,429
115.0,0.04186,2.896965510682589,False,-0.4712218568787892,429
246.0,0.055814,2.896965510682589,False,-0.4712218568787892,429
262.0,0.04186,2.896965510682589,False,-0.4712218568787892,429
117.0,1.0,2.4406316610963112,False,0.543885032625379,4
58.0,1.0,2.0845928323849283,False,0.5377963832405408,4
107.0,1.0,2.15394096953168,False,0.5249043549234997,4
123.0,1.0,2.15394096953168,False,0.5249043549234997,4
130.0,1.0,2.15394096953168,False,0.5249043549234997,4
70.0,1.0,2.15394096953168,False,0.5249043549234997,4
311.0,1.0,2.15394096953168,False,0.5249043549234997,4
177.0,1.0,2.4518114386198087,False,0.5249043549234997,4
298.0,1.0,2.15394096953168,False,0.5249043549234997,4
122.0,1.0,1.9113428065932216,False,0.5162160781338608,4
109.0,0.87907,2.15394096953168,False,0.5138688911071487,4
310.0,0.772093,2.15394096953168,False,0.5138688911071487,4
313.0,0.790698,2.15394096953168,False,0.5138688911071487,4
312.0,0.8,2.15394096953168,False,0.5138688911071487,4
36.0,0.87907,2.15394096953168,False,0.5138688911071487,4
41.0,0.734884,2.15394096953168,False,0.484069166418717,4
34.0,0.6930230000000001,2.15394096953168,False,0.484069166418717,4
43.0,0.7209300000000001,2.15394096953168,False,0.484069166418717,4
71.0,0.744186,2.15394096953168,False,0.484069166418717,4
39.0,0.6976739999999999,2.15394096953168,False,0.484069166418717,4
77.0,0.660465,2.15394096953168,False,0.45734000947006903,4
76.0,0.655814,2.15394096953168,False,0.45734000947006903,4
40.0,0.637209,2.15394096953168,False,0.43382124669125666,4
45.0,1.0,2.420590647704318,False,0.4119415293215676,4
44.0,1.0,2.420590647704318,False,0.4119415293215676,4
46.0,1.0,2.420590647704318,False,0.4119415293215676,4
23.0,1.0,2.420590647704318,False,0.4119415293215676,4
13.0,1.0,2.420590647704318,False,0.4119415293215676,4
2.0,1.0,2.420590647704318,False,0.4119415293215676,4
19.0,0.9767440000000001,2.420590647704318,False,0.4119415293215676,4
38.0,1.0,2.420590647704318,False,0.4119415293215676,4
18.0,1.0,2.420590647704318,False,0.4119415293215676,4
29.0,1.0,2.420590647704318,False,0.4119415293215676,4
10.0,0.9953489999999999,2.420590647704318,False,0.4119415293215676,4
14.0,1.0,2.420590647704318,False,0.4119415293215676,4
21.0,1.0,2.420590647704318,False,0.4119415293215676,4
193.0,1.0,2.420590647704318,False,0.4119415293215676,4
168.0,1.0,2.420590647704318,False,0.4119415293215676,4
24.0,1.0,2.420590647704318,False,0.4119415293215676,4
22.0,1.0,2.420590647704318,False,0.4119415293215676,4
25.0,1.0,2.420590647704318,False,0.4119415293215676,4
314.0,0.8046510000000001,2.420590647704318,False,0.4009060655052165,4
1.0,1.0,1.302414871879559,False,0.3906804348694163,4
7.0,1.0,1.302414871879559,False,0.3906804348694163,4
20.0,1.0,1.302414871879559,False,0.3906804348694163,4
8.0,1.0,1.302414871879559,False,0.3906804348694163,4
55.0,1.0,1.302414871879559,False,0.3906804348694163,4
33.0,1.0,1.302414871879559,False,0.3906804348694163,4
6.0,1.0,1.302414871879559,False,0.3906804348694163,4
31.0,1.0,1.302414871879559,False,0.3906804348694163,4
73.0,1.0,1.302414871879559,False,0.3906804348694163,4
87.0,1.0,1.302414871879559,False,0.3906804348694163,4
110.0,1.0,1.302414871879559,False,0.3906804348694163,4
17.0,1.0,1.302414871879559,False,0.3906804348694163,4
11.0,1.0,1.302414871879559,False,0.3906804348694163,4
26.0,1.0,1.302414871879559,False,0.3906804348694163,4
50.0,1.0,1.302414871879559,False,0.3906804348694163,4
28.0,1.0,1.302414871879559,False,0.3906804348694163,4
16.0,1.0,1.302414871879559,False,0.3906804348694163,4
27.0,1.0,1.302414871879559,False,0.3906804348694163,4
32.0,1.0,1.302414871879559,False,0.3906804348694163,4
12.0,1.0,1.302414871879559,False,0.3906804348694163,4
15.0,1.0,1.302414871879559,False,0.3906804348694163,4
30.0,1.0,1.302414871879559,False,0.3906804348694163,4
53.0,0.7767440000000001,1.302414871879559,False,0.3796449710530652,4
111.0,0.734884,1.302414871879559,False,0.3498452463646335,4
42.0,1.0,2.0988569766757044,False,0.34875400604988915,4
3.0,1.0,2.0988569766757044,False,0.34875400604988915,4
9.0,0.67907,1.302414871879559,False,0.3231160894159856,4
309.0,0.613953,2.420590647704318,False,0.30109241542248244,4
88.0,0.637209,1.302414871879559,False,0.2995973266371732,4
103.0,1.0,1.9618572793409834,False,0.28916087134630947,4
35.0,0.581395,2.420590647704318,False,0.2874517275270576,4
142.0,0.390698,2.0845928323849283,False,0.21650143426220292,4
79.0,0.604651,1.9618572793409834,False,0.1796353279917252,4
78.0,0.604651,1.9618572793409834,False,0.1796353279917252,4
224.0,0.395349,2.420590647704318,False,0.12119051966400957,4
120.0,0.293023,1.9113428065932216,False,0.11061416328896842,4
104.0,0.30232600000000004,1.9113428065932216,False,0.11061416328896842,4
132.0,0.5023259999999999,2.15394096953168,False,0.10581901173430176,4
102.0,0.432558,2.15394096953168,False,0.08208019582077881,4
121.0,0.274419,1.9113428065932216,False,0.07581431819460127,4
62.0,0.227907,1.9113428065932216,False,0.06143093209566475,4
37.0,0.390698,1.302414871879559,False,0.0006622786031334931,4
295.0,0.38604700000000003,1.302414871879559,False,0.0006622786031334931,4
135.0,0.483721,2.420590647704318,False,-0.00033869046037345745,4
61.0,0.372093,1.302414871879559,False,-0.0014713443560625784,4
171.0,1.0,2.5289102420134486,False,-0.0028008354704770998,4
274.0,1.0,2.5289102420134486,False,-0.0028008354704770998,4
116.0,1.0,2.5289102420134486,False,-0.0028008354704770998,4
81.0,0.35814,1.302414871879559,False,-0.01382856779094013,4
60.0,0.362791,1.302414871879559,False,-0.01382856779094013,4
90.0,0.497674,1.302414871879559,False,-0.09712811560772655,4
86.0,0.49302300000000004,1.302414871879559,False,-0.12086693152124944,4
131.0,0.339535,2.15394096953168,False,-0.1525331194153589,4
66.0,0.33488399999999996,2.15394096953168,True,-0.18524161644637505,4
124.0,0.311628,2.15394096953168,False,-0.19862464735194024,4
64.0,0.23255800000000001,2.4406316610963112,False,-0.2647428131894745,4
65.0,0.227907,2.15394096953168,False,-0.2670952658319422,4
101.0,0.24186,2.15394096953168,False,-0.2670952658319422,4
97.0,0.237209,2.0845928323849283,False,-0.27083146257431284,4
57.0,0.255814,2.0845928323849283,False,-0.27083146257431284,4
91.0,0.25116299999999997,2.0845928323849283,False,-0.27083146257431284,4
96.0,0.237209,2.0845928323849283,False,-0.27083146257431284,4
108.0,0.227907,2.0845928323849283,False,-0.27083146257431284,4
296.0,0.2,2.420590647704318,False,-0.28601985267318647,4
293.0,0.134884,2.420590647704318,False,-0.306040557686604,4
129.0,0.148837,2.420590647704318,False,-0.306040557686604,4
128.0,0.139535,2.420590647704318,False,-0.306040557686604,4
69.0,0.13023300000000002,2.420590647704318,False,-0.306040557686604,4
89.0,0.18139500000000003,2.4406316610963112,False,-0.30912433190461036,4
67.0,0.209302,2.15394096953168,False,-0.31147678454707806,4
185.0,0.046512000000000005,2.420590647704318,False,-0.34277972820395697,4
248.0,0.037209,2.420590647704318,False,-0.34277972820395697,4
49.0,0.195349,1.302414871879559,False,-0.42316642027656975,4
52.0,0.21395299999999998,1.302414871879559,False,-0.42316642027656975,4
84.0,0.046512000000000005,1.302414871879559,False,-0.47958964920531966,4
285.0,0.26976700000000003,2.5289102420134486,False,-0.513029611907978,4
80.0,0.11627900000000001,2.5289102420134486,False,-0.5748379027564315,4
127.0,0.10697699999999999,2.5289102420134486,False,-0.5748379027564315,4
100.0,0.15814,2.5289102420134486,False,-0.5748379027564315,4
114.0,0.037209,2.5289102420134486,False,-0.6160993065543933,4
115.0,0.04186,2.5289102420134486,False,-0.6160993065543933,4
246.0,0.055814,2.5289102420134486,False,-0.6160993065543933,4
262.0,0.04186,2.5289102420134486,False,-0.6160993065543933,4
117.0,1.0,1.4299140400345898,False,0.5675054532549569,19
177.0,1.0,1.5319057632599333,False,0.555070751724712,19
71.0,1.0,1.800540296996097,False,0.5532311617899859,19
70.0,1.0,1.800540296996097,False,0.5532311617899859,19
109.0,0.87907,1.800540296996097,False,0.5421956979736349,19
111.0,1.0,1.391761090091094,False,0.48196676762952045,19
58.0,1.0,1.2713242199139396,False,0.4760616494489627,19
97.0,1.0,1.487687698171753,False,0.47400620123018866,19
96.0,1.0,1.487687698171753,False,0.47400620123018866,19
304.0,1.0,1.2476205094098916,False,0.469715597303556,19
302.0,1.0,1.2476205094098916,False,0.469715597303556,19
110.0,1.0,0.874186565280673,False,0.469715597303556,19
299.0,1.0,1.2476205094098916,False,0.469715597303556,19
307.0,1.0,1.2476205094098916,False,0.469715597303556,19
309.0,1.0,1.5596800072916115,False,0.4674183098270989,19
300.0,0.7534879999999999,1.2476205094098916,False,0.45868013348720493,19
311.0,1.0,1.4185692199708888,False,0.45118216131736594,19
123.0,1.0,1.4185692199708888,False,0.45118216131736594,19
107.0,1.0,1.4185692199708888,False,0.45118216131736594,19
298.0,1.0,1.4185692199708888,False,0.45118216131736594,19
130.0,1.0,1.4185692199708888,False,0.45118216131736594,19
36.0,0.87907,1.4185692199708888,False,0.44014669750101487,19
310.0,0.772093,1.4185692199708888,False,0.44014669750101487,19
313.0,0.790698,1.4185692199708888,False,0.44014669750101487,19
312.0,0.8,1.4185692199708888,False,0.44014669750101487,19
301.0,0.6976739999999999,1.2476205094098916,False,0.4288804087987733,19
305.0,0.706977,1.2476205094098916,False,0.4288804087987733,19
308.0,0.7488370000000001,1.2476205094098916,False,0.4288804087987733,19
306.0,0.6976739999999999,1.2476205094098916,False,0.4288804087987733,19
39.0,0.6976739999999999,1.4185692199708888,False,0.41034697281258325,19
41.0,0.734884,1.4185692199708888,False,0.41034697281258325,19
43.0,0.7209300000000001,1.4185692199708888,False,0.41034697281258325,19
34.0,0.6930230000000001,1.4185692199708888,False,0.41034697281258325,19
57.0,0.67907,1.487687698171753,False,0.406441855776758,19
76.0,0.655814,1.4185692199708888,False,0.3836178158639353,19
77.0,0.660465,1.4185692199708888,False,0.3836178158639353,19
24.0,0.613953,1.5596800072916115,False,0.3715334543679395,19
40.0,0.637209,1.4185692199708888,False,0.3600990530851228,19
1.0,0.6,1.5596800072916115,False,0.35789276647251467,19
6.0,0.5906980000000001,1.5596800072916115,False,0.35789276647251467,19
8.0,0.5906980000000001,1.5596800072916115,False,0.35789276647251467,19
7.0,0.595349,1.5596800072916115,False,0.35789276647251467,19
25.0,0.604651,1.5596800072916115,False,0.35789276647251467,19
15.0,0.6,1.5596800072916115,False,0.35789276647251467,19
314.0,0.6,1.4185692199708888,False,0.3416566179627817,19
18.0,0.539535,1.5596800072916115,False,0.2436790730651903,19
28.0,0.534884,1.5596800072916115,False,0.2049885760914447,19
66.0,0.34883699999999995,1.800540296996097,False,0.17621286765459582,19
295.0,0.4,1.391761090091094,False,0.09194861136323768,19
142.0,0.390698,1.2713242199139396,False,0.08604349318267993,19
303.0,0.37674399999999997,1.2476205094098916,False,0.07969744103727322,19
81.0,0.362791,1.391761090091094,False,0.07745776496916404,19
64.0,0.23255800000000001,1.4299140400345898,True,-0.011438223642628892,19
132.0,0.5023259999999999,1.4185692199708888,False,-0.014494296026360608,19
102.0,0.432558,1.4185692199708888,False,-0.038233111939883546,19
101.0,0.204651,1.4299140400345898,False,-0.08715644216743693,19
124.0,0.2,1.4299140400345898,False,-0.08715644216743693,19
89.0,0.18139500000000003,1.4299140400345898,False,-0.08715644216743693,19
171.0,0.139535,1.5319057632599333,False,-0.11961184871109953,19
131.0,0.339535,1.4185692199708888,False,-0.21100767563424594,19
95.0,0.23255800000000001,1.487687698171753,False,-0.24126782312308953,19
65.0,0.227907,1.800540296996097,True,-0.2537426159222861,19
60.0,0.265116,1.2713242199139396,False,-0.2623920758235393,19
108.0,0.223256,1.487687698171753,False,-0.2694189767273662,19
61.0,0.25116299999999997,1.2713242199139396,False,-0.2767754619224758,19
91.0,0.25116299999999997,1.2713242199139396,False,-0.2767754619224758,19
53.0,0.237209,1.2713242199139396,False,-0.2767754619224758,19
63.0,0.172093,1.487687698171753,False,-0.2856493418382253,19
50.0,0.190698,1.487687698171753,False,-0.2856493418382253,19
293.0,0.18604700000000002,1.4185692199708888,False,-0.32390437563579205,19
67.0,0.190698,1.4185692199708888,False,-0.32390437563579205,19
197.0,1.0,2.3265906646986414,False,0.5515913431361458,444
72.0,1.0,2.3265906646986414,False,0.5515913431361458,444
196.0,1.0,2.3265906646986414,False,0.5515913431361458,444
88.0,1.0,2.1894812002126276,False,0.5434766943874398,444
309.0,1.0,1.9077687233666352,False,0.5199167533117006,444
65.0,1.0,1.8299986706920899,False,0.5009135510488256,444
124.0,1.0,1.6719576723779614,False,0.4772371101313435,444
67.0,1.0,1.5950151587934973,False,0.47400620123018866,444
64.0,1.0,1.4882454375690553,True,0.4734199228663198,444
68.0,0.790698,1.5950151587934973,False,0.4629707374138376,444
87.0,0.637209,2.1894812002126276,False,0.45239358615519665,444
24.0,0.613953,1.9077687233666352,False,0.42403189785254103,444
15.0,0.6,1.9077687233666352,False,0.39996704732260957,444
7.0,0.595349,1.9077687233666352,False,0.39996704732260957,444
6.0,0.5906980000000001,1.9077687233666352,False,0.39996704732260957,444
8.0,0.5906980000000001,1.9077687233666352,False,0.39996704732260957,444
25.0,0.604651,1.9077687233666352,False,0.39996704732260957,444
1.0,0.6,1.9077687233666352,False,0.39996704732260957,444
18.0,0.539535,1.9077687233666352,False,0.3078854470487015,444
28.0,0.534884,1.9077687233666352,False,0.269194950074956,444
105.0,1.0,2.60418559513821,False,0.1391483010677675,444
75.0,0.395349,2.4999939333149803,False,0.1256729368392622,444
90.0,0.5023259999999999,2.1894812002126276,False,0.12439135119824182,444
86.0,0.5162789999999999,2.1894812002126276,False,0.12439135119824182,444
74.0,0.35814,2.4999939333149803,False,0.11118209044518856,444
101.0,0.274419,1.8299986706920899,False,0.0702730059089354,444
70.0,0.227907,1.8299986706920899,False,0.055889619809998875,444
71.0,0.209302,1.8299986706920899,False,-0.019828598714809142,444
107.0,0.209302,1.8299986706920899,False,-0.019828598714809142,444
109.0,0.218605,1.8299986706920899,False,-0.019828598714809142,444
76.0,0.209302,1.8299986706920899,False,-0.019828598714809142,444
118.0,0.48837200000000003,2.60418559513821,False,-0.14871402759764915,444
119.0,0.483721,2.60418559513821,False,-0.14871402759764915,444
189.0,0.265116,2.3265906646986414,False,-0.16917441721550114,444
117.0,0.23255800000000001,2.4999939333149803,False,-0.20005864234865864,444
66.0,0.227907,2.4999939333149803,False,-0.20005864234865864,444
77.0,0.260465,1.6719576723779614,False,-0.2360244064570451,444
130.0,0.190698,1.5950151587934973,False,-0.2856493418382253,444
121.0,0.060465,2.1894812002126276,False,-0.2912955376189998,444
12.0,0.055814,2.1894812002126276,False,-0.2912955376189998,444
120.0,0.055814,2.1894812002126276,False,-0.2912955376189998,444
92.0,0.060465,2.1894812002126276,False,-0.2912955376189998,444
144.0,0.032558,2.3265906646986414,False,-0.30364993824502157,444
221.0,0.060465,2.3265906646986414,False,-0.30364993824502157,444
248.0,0.032558,2.3265906646986414,False,-0.30364993824502157,444
106.0,0.162791,2.60418559513821,False,-0.3968222042753975,444
125.0,0.12093,2.60418559513821,False,-0.41684290928881507,444
27.0,0.08837199999999999,2.60418559513821,False,-0.41684290928881507,444
26.0,0.08837199999999999,2.60418559513821,False,-0.41684290928881507,444
2.0,0.47906999999999994,2.170849505122094,False,-0.49258329729588346,444
116.0,1.0,2.1525574356355235,False,0.5412020047535681,61
171.0,1.0,2.1525574356355235,False,0.5412020047535681,61
274.0,1.0,2.1525574356355235,False,0.5412020047535681,61
192.0,1.0,2.6261069758897007,False,0.5138924317650972,61
91.0,1.0,2.6261069758897007,False,0.5138924317650972,61
52.0,1.0,2.6261069758897007,False,0.5138924317650972,61
57.0,1.0,2.6261069758897007,False,0.5138924317650972,61
58.0,1.0,2.6261069758897007,False,0.5138924317650972,61
96.0,1.0,2.6261069758897007,False,0.5138924317650972,61
90.0,1.0,2.6117431995162788,False,0.512916895108944,61
49.0,0.781395,2.6261069758897007,False,0.5028569679487462,61
130.0,1.0,1.9533525220257548,False,0.45170111498895404,61
132.0,1.0,1.9533525220257548,False,0.45170111498895404,61
131.0,1.0,1.9533525220257548,False,0.45170111498895404,61
42.0,1.0,2.0264930830025607,False,0.40357093681311396,61
41.0,1.0,2.0264930830025607,False,0.40357093681311396,61
3.0,1.0,2.0264930830025607,False,0.40357093681311396,61
39.0,1.0,2.0264930830025607,False,0.40357093681311396,61
40.0,1.0,2.0264930830025607,False,0.40357093681311396,61
43.0,1.0,2.0264930830025607,False,0.40357093681311396,61
298.0,1.0,2.0264930830025607,False,0.40357093681311396,61
36.0,0.87907,2.0264930830025607,False,0.3925354729967629,61
34.0,0.7860469999999999,2.0264930830025607,False,0.3925354729967629,61
197.0,1.0,2.546588989010415,False,0.36447383728471633,61
72.0,1.0,2.546588989010415,True,0.36447383728471633,61
196.0,1.0,2.546588989010415,False,0.36447383728471633,61
313.0,0.730233,2.0264930830025607,False,0.3627357483083312,61
312.0,0.744186,2.0264930830025607,False,0.3627357483083312,61
311.0,0.734884,2.0264930830025607,False,0.3627357483083312,61
310.0,0.6511629999999999,2.0264930830025607,False,0.3360065913596832,61
32.0,0.623256,2.0264930830025607,False,0.3076860813539545,61
314.0,0.627907,2.0264930830025607,False,0.3076860813539545,61
38.0,0.562791,2.0264930830025607,False,0.30578766165820587,61
35.0,0.581395,2.0264930830025607,False,0.2940453934585297,61
33.0,0.581395,2.0264930830025607,False,0.2940453934585297,61
142.0,0.390698,2.6261069758897007,False,0.21472957592017566,61
60.0,0.367442,2.6261069758897007,False,0.18632771263792663,61
61.0,0.35814,2.6261069758897007,False,0.17397048920304903,61
1.0,1.0,1.492999533079647,False,0.12348265460264453,61
88.0,0.5023259999999999,2.6117431995162788,False,0.11596364505316234,61
87.0,0.497674,2.6117431995162788,False,0.11596364505316234,61
6.0,0.809302,1.492999533079647,False,0.11244719078629348,61
86.0,0.45116300000000004,2.6117431995162788,False,0.09222482913963939,61
65.0,1.0,2.26938191299736,False,0.08146465516360275,61
7.0,0.660465,1.492999533079647,False,0.05591830914921389,61
8.0,0.6418600000000001,1.492999533079647,False,0.032399546370401405,61
309.0,0.6,1.492999533079647,False,0.013957111248060317,61
64.0,1.0,2.526252646123921,False,-0.002393190766843533,61
12.0,0.539535,1.492999533079647,False,-0.10025658215926408,61
136.0,0.339535,2.6261069758897007,False,-0.11622074075623175,61
50.0,0.325581,2.6261069758897007,False,-0.16231226869281307,61
53.0,0.330233,2.6261069758897007,False,-0.16231226869281307,61
18.0,0.530233,1.492999533079647,False,-0.18763111436595858,61
124.0,1.0,2.2744845860194935,False,-0.18795396636089462,61
285.0,0.26976700000000003,2.1525574356355235,False,-0.19499474948282297,61
97.0,0.237209,2.6261069758897007,False,-0.23078288717281498,61
108.0,0.227907,2.6261069758897007,False,-0.23078288717281498,61
95.0,0.172093,2.6261069758897007,False,-0.27516440588795094,61
109.0,0.227907,1.9533525220257548,False,-0.285150292742141,61
80.0,0.11627900000000001,2.1525574356355235,False,-0.2930677465970111,61
70.0,0.111628,2.1525574356355235,False,-0.2930677465970111,61
81.0,0.102326,2.1525574356355235,False,-0.2930677465970111,61
293.0,0.111628,2.1525574356355235,False,-0.2930677465970111,61
101.0,0.10697699999999999,2.1525574356355235,False,-0.2930677465970111,61
177.0,0.139535,2.1525574356355235,False,-0.2930677465970111,61
127.0,0.10697699999999999,2.1525574356355235,False,-0.2930677465970111,61
100.0,0.15814,2.1525574356355235,False,-0.2930677465970111,61
237.0,0.09302300000000001,2.6261069758897007,False,-0.2951851109013685,61
63.0,0.15814,2.6261069758897007,False,-0.2951851109013685,61
75.0,0.395349,2.526252646123921,False,-0.30031203511789223,61
74.0,0.35814,2.526252646123921,False,-0.3024009950090431,61
76.0,0.209302,1.9533525220257548,False,-0.3295318114572768,61
67.0,0.190698,1.9533525220257548,False,-0.3295318114572768,61
71.0,0.218605,1.9533525220257548,False,-0.3295318114572768,61
128.0,0.21395299999999998,1.9533525220257548,False,-0.3295318114572768,61
262.0,0.04186,2.1525574356355235,False,-0.32980691711436405,61
246.0,0.055814,2.1525574356355235,False,-0.32980691711436405,61
115.0,0.04186,2.1525574356355235,False,-0.32980691711436405,61
114.0,0.037209,2.1525574356355235,False,-0.32980691711436405,61
236.0,0.065116,2.6261069758897007,False,-0.33192428141872143,61
129.0,0.153488,1.9533525220257548,False,-0.34955251647069435,61
107.0,0.15814,1.9533525220257548,False,-0.34955251647069435,61
45.0,0.046512000000000005,2.6117431995162788,False,-0.37472025181839963,61
13.0,0.051163,2.6117431995162788,False,-0.37472025181839963,61
259.0,0.046512000000000005,2.6117431995162788,False,-0.37472025181839963,61
24.0,0.48837200000000003,1.492999533079647,False,-0.3880647117880212,61
15.0,0.47906999999999994,1.492999533079647,False,-0.3880647117880212,61
2.0,0.47906999999999994,1.492999533079647,False,-0.3880647117880212,61
189.0,0.265116,2.546588989010415,False,-0.3980813486415798,61
68.0,0.204651,2.26938191299736,False,-0.4312496734868702,61
221.0,0.060465,2.546588989010415,False,-0.5201017839726725,61
144.0,0.032558,2.546588989010415,False,-0.5201017839726725,61
248.0,0.032558,2.546588989010415,False,-0.5201017839726725,61
117.0,0.23255800000000001,2.526252646123921,False,-0.6208623387188584,61
66.0,0.227907,2.526252646123921,False,-0.6208623387188584,61
77.0,0.260465,2.2744845860194935,False,-0.7263256272503408,61
307.0,1.0,1.1331623613672477,True,0.5794929130695126,64
308.0,0.7488370000000001,1.1331623613672477,True,0.53865772456473,64
306.0,0.6976739999999999,1.1331623613672477,False,0.53865772456473,64
305.0,0.706977,1.1331623613672477,False,0.53865772456473,64
302.0,1.0,1.1495854188691315,False,0.47626157347519044,64
304.0,1.0,1.1495854188691315,False,0.47626157347519044,64
303.0,1.0,1.1495854188691315,False,0.47626157347519044,64
142.0,1.0,1.1495854188691315,False,0.47626157347519044,64
299.0,1.0,1.1495854188691315,False,0.47626157347519044,64
300.0,0.7534879999999999,1.1495854188691315,False,0.46522610965883937,64
301.0,0.6976739999999999,1.1495854188691315,False,0.43542638497040764,64
122.0,1.0,3.5334962929579277,False,0.3801302546171629,64
23.0,0.9069769999999999,5.501166163561489,False,0.32411954124014614,64
14.0,0.916279,5.501166163561489,False,0.32411954124014614,64
19.0,0.911628,5.501166163561489,False,0.32411954124014614,64
1.0,0.809302,5.501166163561489,False,0.32411954124014614,64
13.0,0.84186,5.501166163561489,False,0.32411954124014614,64
6.0,0.809302,5.501166163561489,False,0.32411954124014614,64
21.0,0.9069769999999999,5.501166163561489,False,0.32411954124014614,64
10.0,0.9069769999999999,5.501166163561489,False,0.32411954124014614,64
41.0,0.7860469999999999,5.501166163561489,False,0.32411954124014614,64
53.0,0.7767440000000001,5.501166163561489,False,0.32411954124014614,64
314.0,0.8046510000000001,5.501166163561489,False,0.32411954124014614,64
311.0,0.6930230000000001,5.501166163561489,False,0.30965087947426223,64
26.0,0.716279,5.501166163561489,False,0.30965087947426223,64
17.0,0.716279,5.501166163561489,False,0.30965087947426223,64
111.0,0.734884,5.501166163561489,False,0.30965087947426223,64
30.0,1.0,5.501166163561489,False,0.2902958576170883,64
123.0,1.0,5.501166163561489,False,0.2902958576170883,64
31.0,1.0,5.501166163561489,False,0.2902958576170883,64
34.0,1.0,5.501166163561489,False,0.2902958576170883,64
32.0,1.0,5.501166163561489,False,0.2902958576170883,64
73.0,1.0,5.501166163561489,False,0.2902958576170883,64
50.0,1.0,5.501166163561489,False,0.2902958576170883,64
87.0,1.0,5.501166163561489,False,0.2902958576170883,64
55.0,1.0,5.501166163561489,False,0.2902958576170883,64
33.0,1.0,5.501166163561489,False,0.2902958576170883,64
38.0,1.0,5.501166163561489,False,0.2902958576170883,64
20.0,1.0,5.501166163561489,False,0.2902958576170883,64
12.0,1.0,5.501166163561489,False,0.2902958576170883,64
11.0,1.0,5.501166163561489,False,0.2902958576170883,64
110.0,1.0,5.501166163561489,False,0.2902958576170883,64
7.0,1.0,5.501166163561489,False,0.2902958576170883,64
2.0,1.0,5.501166163561489,False,0.2902958576170883,64
8.0,1.0,5.501166163561489,False,0.2902958576170883,64
16.0,1.0,5.501166163561489,False,0.2902958576170883,64
27.0,1.0,5.501166163561489,False,0.2902958576170883,64
28.0,1.0,5.501166163561489,False,0.2902958576170883,64
22.0,1.0,5.501166163561489,False,0.2902958576170883,64
29.0,1.0,5.501166163561489,False,0.2902958576170883,64
15.0,1.0,5.501166163561489,False,0.2902958576170883,64
18.0,1.0,5.501166163561489,False,0.2902958576170883,64
312.0,0.655814,5.501166163561489,False,0.28292172252561426,64
9.0,0.67907,5.501166163561489,False,0.28292172252561426,64
313.0,0.6418600000000001,5.501166163561489,False,0.2594029597468019,64
310.0,0.637209,5.501166163561489,False,0.2594029597468019,64
88.0,0.637209,5.501166163561489,False,0.2594029597468019,64
40.0,0.623256,5.501166163561489,False,0.24164927052710297,64
39.0,0.613953,5.501166163561489,False,0.24164927052710297,64
43.0,0.562791,5.501166163561489,False,0.2293266881968477,64
298.0,0.562791,5.501166163561489,False,0.2293266881968477,64
36.0,0.55814,5.501166163561489,False,0.2293266881968477,64
35.0,0.567442,5.501166163561489,False,0.21758441999717149,64
309.0,0.6,5.501166163561489,False,0.21758441999717149,64
66.0,1.0,5.032899610305633,False,0.21713789911327092,64
24.0,0.539535,5.501166163561489,False,0.17476624203790542,64
103.0,1.0,4.057833287158299,False,0.14032106143662976,64
79.0,0.604651,4.057833287158299,False,0.10336033828238674,64
78.0,0.604651,4.057833287158299,False,0.10336033828238674,64
37.0,0.390698,5.501166163561489,False,0.10058663444876534,64
295.0,0.38604700000000003,5.501166163561489,False,0.10058663444876534,64
177.0,1.0,4.965934248755464,False,0.09991113086834387,64
58.0,0.390698,1.1495854188691315,False,0.0862434172089076,64
81.0,0.35814,5.501166163561489,False,0.07222943423456152,64
60.0,0.362791,5.501166163561489,False,0.07222943423456152,64
25.0,0.367442,5.501166163561489,False,0.07218477116651634,64
61.0,0.372093,5.501166163561489,False,0.07218477116651634,64
90.0,0.497674,5.501166163561489,False,0.002796240237905291,64
109.0,0.35348799999999997,5.032899610305633,False,-0.0009285242692558364,64
71.0,0.34883699999999995,5.032899610305633,False,-0.0009285242692558364,64
62.0,0.432558,5.501166163561489,False,-0.020942575675617685,64
86.0,0.49302300000000004,5.501166163561489,False,-0.020942575675617685,64
113.0,1.0,3.421340684084319,False,-0.14801951761851403,64
108.0,0.293023,1.1495854188691315,False,-0.24402053176235625,64
91.0,0.325581,5.501166163561489,False,-0.25168244532725365,64
104.0,0.30232600000000004,5.501166163561489,False,-0.25168244532725365,64
120.0,0.297674,5.501166163561489,False,-0.25168244532725365,64
121.0,0.311628,5.501166163561489,False,-0.25168244532725365,64
52.0,0.255814,1.1495854188691315,False,-0.29320376295565986,64
49.0,0.24651199999999998,1.1495854188691315,False,-0.29320376295565986,64
70.0,0.33488399999999996,5.032899610305633,False,-0.31145737292550585,64
124.0,0.288372,5.032899610305633,False,-0.34293545102324624,64
107.0,0.21395299999999998,5.501166163561489,False,-0.34755726354335487,64
97.0,0.190698,5.501166163561489,False,-0.34755726354335487,64
76.0,0.172093,5.501166163561489,False,-0.34755726354335487,64
77.0,0.18604700000000002,5.501166163561489,False,-0.34755726354335487,64
101.0,0.204651,5.501166163561489,False,-0.34755726354335487,64
102.0,0.190698,5.501166163561489,False,-0.34755726354335487,64
117.0,1.0,4.847669249177517,False,-0.38416983162622337,64
64.0,0.227907,5.032899610305633,False,-0.393311022311073,64
84.0,0.046512000000000005,5.501166163561489,False,-0.4088393723547343,64
45.0,0.04186,5.501166163561489,False,-0.4088393723547343,64
65.0,0.195349,5.032899610305633,False,-0.4207152220471723,64
171.0,0.139535,4.965934248755464,False,-0.5361545066828782,64
146.0,0.074419,3.421340684084319,False,-0.713137467943387,64
255.0,0.032558,3.421340684084319,False,-0.713137467943387,64
267.0,0.032558,3.421340684084319,False,-0.713137467943387,64
154.0,0.051163,3.421340684084319,False,-0.713137467943387,64
93.0,0.051163,3.421340684084319,False,-0.713137467943387,64
162.0,0.037209,3.421340684084319,False,-0.713137467943387,64
89.0,0.18139500000000003,4.847669249177517,False,-0.7785520404631183,64
110.0,1.0,2.213776342986584,False,0.5456349452157174,30
53.0,1.0,1.0949387973596088,False,0.5376941511087691,30
50.0,0.7767440000000001,1.0949387973596088,True,0.526658687292418,30
309.0,1.0,2.2879782523050394,False,0.5200076520285493,30
111.0,0.734884,2.213776342986584,False,0.5047997567109346,30
57.0,1.0,1.2802949261382779,False,0.482150298833801,30
61.0,1.0,1.74263967047068,False,0.44600512457217734,30
96.0,1.0,2.1067080215561953,False,0.41887346389814917,30
115.0,1.0,2.034463366701642,False,0.40830059431129084,30
54.0,1.0,2.4328518026874857,False,0.4003400279119591,30
310.0,1.0,2.4328518026874857,False,0.4003400279119591,30
299.0,1.0,2.4328518026874857,False,0.4003400279119591,30
130.0,1.0,2.4328518026874857,False,0.4003400279119591,30
302.0,1.0,2.4328518026874857,False,0.4003400279119591,30
108.0,1.0,2.4328518026874857,False,0.4003400279119591,30
249.0,1.0,2.4328518026874857,False,0.4003400279119591,30
24.0,0.613953,2.2879782523050394,False,0.3962065961366814,30
304.0,0.7534879999999999,2.4328518026874857,False,0.38930456409560804,30
311.0,0.772093,2.4328518026874857,False,0.38930456409560804,30
300.0,0.7534879999999999,2.4328518026874857,False,0.38930456409560804,30
114.0,1.0,2.3511289419317984,False,0.3840881391166903,30
15.0,0.6,2.2879782523050394,False,0.37214174560675,30
1.0,0.6,2.2879782523050394,False,0.37214174560675,30
25.0,0.604651,2.2879782523050394,False,0.37214174560675,30
6.0,0.5906980000000001,2.2879782523050394,False,0.37214174560675,30
7.0,0.595349,2.2879782523050394,False,0.37214174560675,30
8.0,0.5906980000000001,2.2879782523050394,False,0.37214174560675,30
301.0,0.734884,2.4328518026874857,False,0.35950483940717637,30
312.0,0.7209300000000001,2.4328518026874857,False,0.35950483940717637,30
313.0,0.702326,2.4328518026874857,False,0.35950483940717637,30
3.0,0.683721,2.4328518026874857,False,0.33277568245852834,30
41.0,0.665116,2.4328518026874857,False,0.33277568245852834,30
39.0,0.6511629999999999,2.4328518026874857,False,0.33277568245852834,30
43.0,0.6418600000000001,2.4328518026874857,False,0.30925691967971597,30
34.0,0.637209,2.4328518026874857,False,0.30925691967971597,30
40.0,0.613953,2.4328518026874857,False,0.3044551724527996,30
18.0,0.539535,2.2879782523050394,False,0.28006014533284196,30
28.0,0.534884,2.2879782523050394,False,0.2413696483590964,30
295.0,0.38604700000000003,2.213776342986584,False,0.23150783093087002,30
81.0,0.35814,2.213776342986584,False,0.19074874421374344,30
60.0,0.367442,1.0949387973596088,False,0.18572402018445866,30
308.0,0.404651,2.4328518026874857,False,0.12455327669432673,30
307.0,0.38604700000000003,2.4328518026874857,False,0.12455327669432673,30
303.0,0.37674399999999997,2.4328518026874857,False,0.12455327669432673,30
305.0,0.395349,2.4328518026874857,False,0.12455327669432673,30
306.0,0.381395,2.4328518026874857,False,0.12455327669432673,30
91.0,0.35814,1.74263967047068,False,0.04866395660531156,30
132.0,0.5023259999999999,2.4328518026874857,False,0.02676288248346667,30
142.0,0.25116299999999997,1.0949387973596088,False,-0.04311796447856868,30
52.0,0.227907,1.0949387973596088,False,-0.04311796447856868,30
58.0,0.237209,1.0949387973596088,False,-0.04311796447856868,30
97.0,0.190698,1.0949387973596088,False,-0.11883618300337667,30
49.0,0.209302,1.0949387973596088,False,-0.11883618300337667,30
131.0,0.339535,2.4328518026874857,False,-0.13218741010625837,30
101.0,0.237209,1.9379055393502094,False,-0.19884236355837237,30
107.0,0.237209,1.9379055393502094,False,-0.19884236355837237,30
77.0,0.18604700000000002,2.213776342986584,False,-0.24176782433474914,30
102.0,0.190698,2.213776342986584,False,-0.24176782433474914,30
76.0,0.172093,2.213776342986584,False,-0.24176782433474914,30
124.0,0.18604700000000002,2.213776342986584,False,-0.24176782433474914,30
293.0,0.18604700000000002,2.4328518026874857,False,-0.24508411010780454,30
71.0,0.18604700000000002,2.4328518026874857,False,-0.24508411010780454,30
109.0,0.190698,2.4328518026874857,False,-0.24508411010780454,30
64.0,0.204651,2.4328518026874857,False,-0.24508411010780454,30
67.0,0.190698,2.4328518026874857,False,-0.24508411010780454,30
116.0,0.102326,2.4328518026874857,False,-0.26510481512122214,30
63.0,0.15814,2.1067080215561953,False,-0.26836682566642767,30
171.0,0.037209,2.3511289419317984,False,-0.2699468162705837,30
69.0,0.074419,2.4328518026874857,False,-0.3018439856385751,30
11.0,0.074419,2.4328518026874857,False,-0.3018439856385751,30
134.0,0.074419,2.4328518026874857,False,-0.3018439856385751,30
169.0,0.065116,2.4328518026874857,False,-0.3018439856385751,30
80.0,0.074419,2.4328518026874857,False,-0.3018439856385751,30
95.0,0.2,1.74263967047068,False,-0.32742734427839915,30
1.0,1.0,2.0514555295957484,False,0.5188056204675547,27
124.0,1.0,2.390812725994529,False,0.5167275827394501,27
6.0,0.809302,2.0514555295957484,False,0.5077701566512037,27
90.0,1.0,1.6133539528565297,False,0.4701628390192454,27
72.0,1.0,1.9533525220257548,False,0.45170111498895404,27
7.0,0.660465,2.0514555295957484,False,0.451241275014124,27
8.0,0.6418600000000001,2.0514555295957484,False,0.4277225122353115,27
61.0,1.0,2.4371431360822267,False,0.4270728477185527,27
70.0,1.0,2.0720334646421716,False,0.39040762038348337,27
309.0,0.6,2.0514555295957484,False,0.38590397248568115,27
109.0,0.87907,2.0720334646421716,False,0.3793721565671323,27
71.0,0.744186,2.0720334646421716,False,0.34957243187870063,27
197.0,0.576744,1.9533525220257548,False,0.3421755716343698,27
12.0,0.539535,2.0514555295957484,False,0.29382237221177304,27
18.0,0.530233,2.0514555295957484,False,0.25002641433892525,27
65.0,1.0,1.611459004541865,False,0.2300031841714059,27
60.0,0.37674399999999997,2.4371431360822267,False,0.10577789874021469,27
2.0,0.47906999999999994,2.0514555295957484,False,0.09811355449825004,27
24.0,0.48837200000000003,2.0514555295957484,False,0.09811355449825004,27
15.0,0.47906999999999994,2.0514555295957484,False,0.09811355449825004,27
91.0,0.35814,2.4371431360822267,False,0.07742069852601079,27
50.0,0.372093,2.4371431360822267,False,0.07737603545796559,27
53.0,0.372093,2.4371431360822267,False,0.07737603545796559,27
196.0,1.0,1.5566281431252407,False,0.06967897786800967,27
64.0,1.0,2.0975795418841034,False,0.021163580793966266,27
88.0,0.5023259999999999,1.6133539528565297,False,0.004486381675518767,27
87.0,0.497674,1.6133539528565297,False,0.004486381675518767,27
67.0,1.0,2.064495794415786,False,-0.0077633103234030325,27
68.0,0.790698,2.064495794415786,False,-0.01879877413975408,27
86.0,0.45116300000000004,1.6133539528565297,False,-0.01925243423800418,27
66.0,0.33488399999999996,2.0720334646421716,False,-0.11394462509564393,27
76.0,0.24186,2.0720334646421716,False,-0.17651088719451283,27
101.0,0.24186,2.0720334646421716,False,-0.17651088719451283,27
77.0,0.223256,2.0720334646421716,False,-0.2046620407987895,27
107.0,0.26976700000000003,2.390812725994529,False,-0.23609739655635253,27
75.0,0.395349,2.0975795418841034,False,-0.2767552635570824,27
74.0,0.35814,2.0975795418841034,False,-0.2788442234482333,27
58.0,0.25116299999999997,2.4371431360822267,False,-0.3149617995158063,27
142.0,0.255814,2.4371431360822267,False,-0.3149617995158063,27
52.0,0.237209,2.4371431360822267,False,-0.3149617995158063,27
49.0,0.223256,2.4371431360822267,False,-0.3261356341410465,27
95.0,0.2,2.4371431360822267,False,-0.34236599925190564,27
45.0,0.046512000000000005,1.6133539528565297,False,-0.37831179852409497,27
259.0,0.046512000000000005,1.6133539528565297,False,-0.37831179852409497,27
13.0,0.051163,1.6133539528565297,False,-0.37831179852409497,27
221.0,0.060465,1.9533525220257548,False,-0.3862916869880473,27
248.0,0.032558,1.9533525220257548,False,-0.3862916869880473,27
189.0,0.265116,1.5566281431252407,False,-0.6265060959003028,27
117.0,0.23255800000000001,2.0975795418841034,False,-0.6271723321593156,27
130.0,0.190698,2.064495794415786,True,-0.6779995549387796,27
144.0,0.032558,1.5566281431252407,False,-0.7292391439446975,27
311.0,1.0,1.7113664303485463,False,0.5779486278759888,8
298.0,1.0,1.7113664303485463,False,0.5779486278759888,8
107.0,1.0,1.7113664303485463,False,0.5779486278759888,8
123.0,1.0,1.7113664303485463,True,0.5779486278759888,8
130.0,1.0,1.7113664303485463,False,0.5779486278759888,8
70.0,1.0,1.7113664303485463,False,0.5779486278759888,8
310.0,0.772093,1.7113664303485463,False,0.5669131640596378,8
313.0,0.790698,1.7113664303485463,False,0.5669131640596378,8
36.0,0.87907,1.7113664303485463,False,0.5669131640596378,8
109.0,0.87907,1.7113664303485463,False,0.5669131640596378,8
312.0,0.8,1.7113664303485463,False,0.5669131640596378,8
177.0,1.0,1.9845823526510533,False,0.5449752439154081,8
58.0,1.0,2.010936513165685,False,0.5373390564537448,8
43.0,0.7209300000000001,1.7113664303485463,False,0.537113439371206,8
34.0,0.6930230000000001,1.7113664303485463,True,0.537113439371206,8
71.0,0.744186,1.7113664303485463,False,0.537113439371206,8
41.0,0.734884,1.7113664303485463,False,0.537113439371206,8
39.0,0.6976739999999999,1.7113664303485463,False,0.537113439371206,8
65.0,1.0,2.545661107535834,False,0.5167275827394501,8
64.0,1.0,2.545661107535834,False,0.5167275827394501,8
77.0,0.660465,1.7113664303485463,False,0.5103842824225582,8
76.0,0.655814,1.7113664303485463,False,0.5103842824225582,8
40.0,0.637209,1.7113664303485463,False,0.48686551964374575,8
3.0,1.0,1.737040902720068,False,0.4490936969378155,8
42.0,1.0,1.737040902720068,False,0.4490936969378155,8
314.0,0.6,1.7113664303485463,False,0.4450469798941152,8
171.0,1.0,1.8386460333540138,False,0.4161203129772348,8
116.0,1.0,1.8386460333540138,False,0.4161203129772348,8
274.0,1.0,1.8386460333540138,False,0.4161203129772348,8
24.0,1.0,2.3360542934733615,False,0.4084841255155714,8
21.0,1.0,2.3360542934733615,True,0.4084841255155714,8
22.0,1.0,2.3360542934733615,True,0.4084841255155714,8
2.0,1.0,2.3360542934733615,True,0.4084841255155714,8
10.0,0.9953489999999999,2.3360542934733615,True,0.4084841255155714,8
19.0,0.9767440000000001,2.3360542934733615,False,0.4084841255155714,8
23.0,1.0,2.3360542934733615,False,0.4084841255155714,8
14.0,1.0,2.3360542934733615,False,0.4084841255155714,8
13.0,1.0,2.3360542934733615,False,0.4084841255155714,8
29.0,1.0,2.3360542934733615,True,0.4084841255155714,8
25.0,1.0,2.3360542934733615,False,0.4084841255155714,8
193.0,1.0,2.3360542934733615,False,0.4084841255155714,8
46.0,1.0,2.3360542934733615,False,0.4084841255155714,8
45.0,1.0,2.3360542934733615,False,0.4084841255155714,8
168.0,1.0,2.3360542934733615,False,0.4084841255155714,8
38.0,1.0,2.3360542934733615,True,0.4084841255155714,8
44.0,1.0,2.3360542934733615,False,0.4084841255155714,8
18.0,1.0,2.3360542934733615,True,0.4084841255155714,8
66.0,1.0,1.302414871879559,False,0.3906804348694163,8
105.0,1.0,2.4248070365262784,False,0.3900253077861548,8
32.0,0.623256,1.737040902720068,True,0.35320884147865605,8
35.0,0.581395,1.737040902720068,False,0.3395681535832312,8
33.0,0.581395,1.737040902720068,True,0.3395681535832312,8
309.0,0.613953,2.3360542934733615,False,0.3125992700564119,8
8.0,0.544186,2.3360542934733615,True,0.283595453363521,8
75.0,0.395349,2.545661107535834,False,0.21756472689452838,8
142.0,0.390698,2.010936513165685,False,0.21604410747540687,8
15.0,0.539535,2.3360542934733615,True,0.20687698188707906,8
74.0,0.35814,2.545661107535834,False,0.1768056401774018,8
6.0,0.534884,2.3360542934733615,True,0.16818648491333346,8
1.0,0.530233,2.3360542934733615,True,0.1630810240142312,8
224.0,0.395349,2.3360542934733615,False,0.13269737429793907,8
132.0,0.5023259999999999,1.7113664303485463,False,0.06676397277155674,8
102.0,0.432558,1.7113664303485463,False,0.04302515685803378,8
7.0,0.497674,2.3360542934733615,True,0.034906980087078966,8
135.0,0.483721,2.3360542934733615,False,0.01116816417355604,8
28.0,0.460465,2.3360542934733615,True,0.01116816417355604,8
16.0,0.483721,2.3360542934733615,True,0.01116816417355604,8
9.0,0.469767,2.3360542934733615,False,0.01116816417355604,8
11.0,0.469767,2.3360542934733615,True,0.01116816417355604,8
118.0,0.48837200000000003,2.4248070365262784,False,0.00964787274452489,8
119.0,0.483721,2.4248070365262784,False,0.00964787274452489,8
122.0,1.0,2.5303604924447622,False,-0.018677269225466694,8
106.0,0.162791,2.4248070365262784,False,-0.14570900190950023,8
26.0,0.08837199999999999,2.4248070365262784,True,-0.16572970692291786,8
12.0,0.08372099999999999,2.4248070365262784,True,-0.16572970692291786,8
125.0,0.12093,2.4248070365262784,False,-0.16572970692291786,8
27.0,0.08837199999999999,2.4248070365262784,True,-0.16572970692291786,8
131.0,0.339535,1.7113664303485463,False,-0.19158815837810395,8
67.0,0.32093000000000005,2.545661107535834,False,-0.20129755146198536,8
68.0,0.306977,2.545661107535834,False,-0.20129755146198536,8
124.0,0.30232600000000004,2.545661107535834,False,-0.20129755146198536,8
285.0,0.26976700000000003,1.8386460333540138,False,-0.2081119057635212,8
60.0,0.265116,2.010936513165685,False,-0.22098979091606236,8
101.0,0.274419,2.545661107535834,False,-0.23609739655635253,8
53.0,0.237209,2.010936513165685,False,-0.2546605643016972,8
108.0,0.227907,2.010936513165685,False,-0.2546605643016972,8
57.0,0.255814,2.010936513165685,False,-0.2546605643016972,8
91.0,0.25116299999999997,2.010936513165685,False,-0.2546605643016972,8
97.0,0.237209,2.010936513165685,False,-0.2546605643016972,8
96.0,0.237209,2.010936513165685,False,-0.2546605643016972,8
61.0,0.25116299999999997,2.010936513165685,False,-0.2546605643016972,8
117.0,0.23255800000000001,2.545661107535834,False,-0.2697681699419874,8
31.0,0.16744199999999998,2.3360542934733615,True,-0.2745030995223526,8
296.0,0.2,2.3360542934733615,False,-0.2745030995223526,8
30.0,0.162791,2.3360542934733615,True,-0.2745030995223526,8
293.0,0.111628,1.8386460333540138,False,-0.2868975155910111,8
80.0,0.11627900000000001,1.8386460333540138,False,-0.2868975155910111,8
81.0,0.102326,1.8386460333540138,False,-0.2868975155910111,8
127.0,0.10697699999999999,1.8386460333540138,False,-0.2868975155910111,8
100.0,0.15814,1.8386460333540138,False,-0.2868975155910111,8
129.0,0.148837,2.3360542934733615,False,-0.29452380453577015,8
20.0,0.15814,2.3360542934733615,True,-0.29452380453577015,8
69.0,0.13023300000000002,2.3360542934733615,False,-0.29452380453577015,8
128.0,0.139535,2.3360542934733615,False,-0.29452380453577015,8
111.0,0.237209,1.7113664303485463,False,-0.30615030479468724,8
115.0,0.04186,1.8386460333540138,False,-0.32363668610836416,8
262.0,0.04186,1.8386460333540138,False,-0.32363668610836416,8
114.0,0.037209,1.8386460333540138,False,-0.32363668610836416,8
246.0,0.055814,1.8386460333540138,False,-0.32363668610836416,8
248.0,0.037209,2.3360542934733615,False,-0.33126297505312313,8
185.0,0.046512000000000005,2.3360542934733615,False,-0.33126297505312313,8
110.0,0.21395299999999998,1.7113664303485463,True,-0.35053182350982304,8
104.0,0.30232600000000004,2.5303604924447622,False,-0.5116397807731896,8
120.0,0.293023,2.5303604924447622,False,-0.5116397807731896,8
55.0,0.274419,2.5303604924447622,True,-0.5464396258675568,8
121.0,0.274419,2.5303604924447622,False,-0.5464396258675568,8
62.0,0.227907,2.5303604924447622,False,-0.5608230119664933,8
78.0,0.237209,2.5303604924447622,False,-0.5608230119664933,8
79.0,0.23255800000000001,2.5303604924447622,False,-0.5608230119664933,8
103.0,0.223256,2.5303604924447622,False,-0.5719968465917334,8
115.0,1.0,2.215116925139679,True,0.5515913431361458,422
114.0,1.0,2.215116925139679,False,0.5515913431361458,422
57.0,1.0,2.2489035453575648,False,0.5466851856183516,422
58.0,1.0,2.2489035453575648,False,0.5466851856183516,422
192.0,1.0,2.2489035453575648,False,0.5466851856183516,422
52.0,1.0,2.2489035453575648,False,0.5466851856183516,422
91.0,1.0,2.2489035453575648,False,0.5466851856183516,422
96.0,1.0,2.2489035453575648,False,0.5466851856183516,422
274.0,1.0,2.2489035453575648,False,0.5466851856183516,422
49.0,0.781395,2.2489035453575648,False,0.5356497218020005,422
111.0,1.0,2.0793707016051584,False,0.5314503310951341,422
110.0,0.734884,2.0793707016051584,False,0.4906151425903513,422
53.0,1.0,1.6733319403669689,False,0.47950896818385214,422
50.0,0.7767440000000001,1.6733319403669689,False,0.46847350436750107,422
54.0,1.0,1.3517831121783286,False,0.46157149969994365,422
130.0,1.0,1.3517831121783286,False,0.46157149969994365,422
108.0,1.0,1.3517831121783286,False,0.46157149969994365,422
302.0,1.0,1.3517831121783286,False,0.46157149969994365,422
310.0,1.0,1.3517831121783286,False,0.46157149969994365,422
299.0,1.0,1.3517831121783286,False,0.46157149969994365,422
249.0,1.0,1.3517831121783286,False,0.46157149969994365,422
304.0,0.7534879999999999,1.3517831121783286,False,0.4505360358835926,422
311.0,0.772093,1.3517831121783286,False,0.4505360358835926,422
300.0,0.7534879999999999,1.3517831121783286,False,0.4505360358835926,422
301.0,0.734884,1.3517831121783286,False,0.420736311195161,422
313.0,0.702326,1.3517831121783286,False,0.420736311195161,422
312.0,0.7209300000000001,1.3517831121783286,False,0.420736311195161,422
3.0,0.683721,1.3517831121783286,False,0.394007154246513,422
41.0,0.665116,1.3517831121783286,False,0.394007154246513,422
39.0,0.6511629999999999,1.3517831121783286,False,0.394007154246513,422
97.0,1.0,2.208021200516547,False,0.3879053263817141,422
43.0,0.6418600000000001,1.3517831121783286,False,0.3704883914677006,422
34.0,0.637209,1.3517831121783286,False,0.3704883914677006,422
40.0,0.613953,1.3517831121783286,False,0.36568664424078423,422
142.0,0.390698,2.2489035453575648,False,0.21042597820008813,422
295.0,0.4,2.0793707016051584,False,0.21015538211679624,422
60.0,0.367442,2.2489035453575648,False,0.18202411491783904,422
61.0,0.35814,2.2489035453575648,False,0.1696668914829615,422
81.0,0.362791,2.0793707016051584,False,0.1693962953996696,422
303.0,0.37674399999999997,1.3517831121783286,False,0.07155334343366093,422
307.0,0.38604700000000003,1.3517831121783286,False,0.07155334343366093,422
308.0,0.404651,1.3517831121783286,False,0.07155334343366093,422
306.0,0.381395,1.3517831121783286,False,0.07155334343366093,422
305.0,0.395349,1.3517831121783286,False,0.07155334343366093,422
119.0,1.0,2.454657319550405,False,0.05343070595432889,422
118.0,0.9069769999999999,2.454657319550405,False,0.04239524213797784,422
132.0,0.5023259999999999,1.3517831121783286,False,-0.026237050777199122,422
136.0,0.339535,2.2489035453575648,False,-0.14571654716043275,422
131.0,0.339535,1.3517831121783286,False,-0.18518734336692416,422
285.0,0.26976700000000003,2.2489035453575648,False,-0.20998959364887393,422
95.0,0.23255800000000001,2.208021200516547,False,-0.21313729292291372,422
63.0,0.15814,1.8448741144647611,False,-0.23320764575323066,422
101.0,0.237209,2.0793707016051584,False,-0.2771775147197195,422
107.0,0.237209,2.0793707016051584,False,-0.2771775147197195,422
67.0,0.190698,1.3517831121783286,False,-0.29808404336847033,422
124.0,0.204651,1.3517831121783286,False,-0.29808404336847033,422
64.0,0.204651,1.3517831121783286,False,-0.29808404336847033,422
109.0,0.190698,1.3517831121783286,False,-0.29808404336847033,422
293.0,0.18604700000000002,1.3517831121783286,False,-0.29808404336847033,422
76.0,0.18604700000000002,1.3517831121783286,False,-0.29808404336847033,422
71.0,0.18604700000000002,1.3517831121783286,False,-0.29808404336847033,422
171.0,0.04186,2.215116925139679,False,-0.30364993824502157,422
100.0,0.15814,2.2489035453575648,False,-0.30772594416104143,422
237.0,0.09302300000000001,2.2489035453575648,False,-0.30772594416104143,422
116.0,0.102326,1.3517831121783286,False,-0.3177681017798672,422
77.0,0.21395299999999998,2.0793707016051584,False,-0.32155903343485537,422
102.0,0.218605,2.0793707016051584,False,-0.32155903343485537,422
236.0,0.065116,2.2489035453575648,False,-0.3444651146783944,422
262.0,0.04186,2.2489035453575648,False,-0.3444651146783944,422
246.0,0.055814,2.2489035453575648,False,-0.3444651146783944,422
169.0,0.065116,1.3517831121783286,False,-0.3545072722972202,422
134.0,0.074419,1.3517831121783286,False,-0.3545072722972202,422
1.0,0.074419,1.3517831121783286,False,-0.3545072722972202,422
69.0,0.074419,1.3517831121783286,False,-0.3545072722972202,422
80.0,0.074419,1.3517831121783286,False,-0.3545072722972202,422
6.0,0.074419,1.3517831121783286,False,-0.3545072722972202,422
11.0,0.074419,1.3517831121783286,False,-0.3545072722972202,422
105.0,0.483721,2.454657319550405,False,-0.3660173485211028,422
106.0,0.15814,2.454657319550405,False,-0.6419934651464492,422
125.0,0.11627900000000001,2.454657319550405,False,-0.6419934651464492,422
297.0,0.074419,2.454657319550405,False,-0.6832548689444109,422
26.0,0.069767,2.454657319550405,False,-0.6832548689444109,422
79.0,0.069767,2.454657319550405,False,-0.6832548689444109,422
45.0,0.065116,2.454657319550405,False,-0.6832548689444109,422
78.0,0.065116,2.454657319550405,False,-0.6832548689444109,422
105.0,1.0,2.4048946586753095,False,0.543885032625379,401
124.0,1.0,2.4228882483742207,False,0.5291949588501325,401
96.0,1.0,1.4984787044259076,False,0.4826076256205971,401
97.0,1.0,1.4984787044259076,False,0.4826076256205971,401
57.0,0.67907,1.4984787044259076,False,0.41504328016716635,401
197.0,1.0,1.834267880174152,False,0.40781089961526396,401
196.0,1.0,1.834267880174152,False,0.40781089961526396,401
72.0,1.0,1.834267880174152,False,0.40781089961526396,401
58.0,1.0,2.4291589967919456,False,0.40357093681311396,401
130.0,1.0,2.0720334646421716,False,0.39040762038348337,401
132.0,1.0,2.0720334646421716,False,0.39040762038348337,401
131.0,1.0,2.0720334646421716,False,0.39040762038348337,401
309.0,1.0,2.097050990347648,False,0.3532237226299689,401
24.0,0.613953,2.097050990347648,False,0.29726542308910164,401
25.0,0.604651,2.097050990347648,False,0.2836247351936768,401
8.0,0.5906980000000001,2.097050990347648,False,0.2836247351936768,401
1.0,0.6,2.097050990347648,False,0.2836247351936768,401
7.0,0.595349,2.097050990347648,False,0.2836247351936768,401
15.0,0.6,2.097050990347648,False,0.2836247351936768,401
6.0,0.5906980000000001,2.097050990347648,False,0.2836247351936768,401
18.0,0.539535,2.097050990347648,False,0.21867446410099445,401
28.0,0.534884,2.097050990347648,False,0.17998396712724887,401
111.0,0.734884,2.4410866764383234,False,0.15868685412922207,401
110.0,1.0,2.4410866764383234,False,0.13933183227204807,401
67.0,1.0,1.7421574905748196,False,0.13414904772283584,401
142.0,0.390698,2.4291589967919456,False,0.12778418559548158,401
68.0,0.790698,1.7421574905748196,False,0.12311358390648477,401
118.0,0.48837200000000003,2.4048946586753095,False,0.10106087352265815,401
119.0,0.483721,2.4048946586753095,False,0.10106087352265815,401
295.0,0.38604700000000003,2.4410866764383234,False,-0.027001286268985607,401
64.0,1.0,2.3940392028318676,False,-0.03561670052828032,401
65.0,1.0,2.3940392028318676,False,-0.03561670052828032,401
81.0,0.35814,2.4410866764383234,False,-0.041492132663059206,401
189.0,0.265116,1.834267880174152,False,-0.04802185420873957,401
71.0,0.325581,2.4228882483742207,False,-0.15677095640714722,401
109.0,0.32093000000000005,2.4228882483742207,False,-0.15677095640714722,401
70.0,0.311628,2.4228882483742207,True,-0.15677095640714722,401
66.0,0.288372,2.4228882483742207,False,-0.17486600359932242,401
76.0,0.26976700000000003,2.4228882483742207,False,-0.19157080150151434,401
101.0,0.265116,2.4228882483742207,False,-0.19157080150151434,401
77.0,0.260465,2.4228882483742207,False,-0.19157080150151434,401
107.0,0.26976700000000003,2.4228882483742207,False,-0.19157080150151434,401
248.0,0.032558,1.834267880174152,False,-0.19488333436325478,401
144.0,0.032558,1.834267880174152,False,-0.19488333436325478,401
221.0,0.060465,1.834267880174152,False,-0.19488333436325478,401
60.0,0.265116,2.4291589967919456,False,-0.1954591747266243,401
53.0,0.237209,2.4291589967919456,False,-0.20984256082556083,401
108.0,0.227907,2.4291589967919456,False,-0.20984256082556083,401
91.0,0.25116299999999997,2.4291589967919456,False,-0.20984256082556083,401
61.0,0.25116299999999997,2.4291589967919456,False,-0.20984256082556083,401
293.0,0.18604700000000002,2.0720334646421716,False,-0.22089240590964865,401
128.0,0.21395299999999998,2.0720334646421716,False,-0.22089240590964865,401
129.0,0.153488,2.0720334646421716,False,-0.24091311092306628,401
95.0,0.23255800000000001,1.4984787044259076,False,-0.2868577108102532,401
106.0,0.162791,2.4048946586753095,False,-0.30912433190461036,401
75.0,0.395349,2.3940392028318676,False,-0.3114034517459127,401
74.0,0.35814,2.3940392028318676,False,-0.3134924116370636,401
12.0,0.08372099999999999,2.4048946586753095,False,-0.32880839031600717,401
125.0,0.12093,2.4048946586753095,False,-0.32880839031600717,401
26.0,0.08837199999999999,2.4048946586753095,False,-0.32880839031600717,401
27.0,0.08837199999999999,2.4048946586753095,False,-0.32880839031600717,401
50.0,0.190698,1.4984787044259076,False,-0.331239229525389,401
63.0,0.172093,1.4984787044259076,False,-0.331239229525389,401
102.0,0.190698,2.4410866764383234,False,-0.39663867307111694,401
117.0,0.23255800000000001,2.3940392028318676,False,-0.5777624432693069,401
177.0,1.0,3.120804076765552,False,0.5253515966391891,414
117.0,1.0,3.0116521465586237,False,0.49822682133369744,414
122.0,1.0,2.002419689759501,False,0.41503010168720583,414
66.0,1.0,2.5794863002927624,False,0.4096861570765659,414
103.0,1.0,1.9723239386999707,False,0.40122833463934754,414
55.0,1.0,3.0066526710027666,False,0.4003400279119591,414
123.0,1.0,3.0066526710027666,False,0.4003400279119591,414
110.0,1.0,3.0066526710027666,False,0.4003400279119591,414
50.0,1.0,3.0066526710027666,False,0.4003400279119591,414
34.0,1.0,3.0066526710027666,False,0.4003400279119591,414
7.0,1.0,3.0066526710027666,False,0.4003400279119591,414
1.0,1.0,3.0066526710027666,False,0.4003400279119591,414
6.0,1.0,3.0066526710027666,False,0.4003400279119591,414
2.0,1.0,3.0066526710027666,False,0.4003400279119591,414
31.0,1.0,3.0066526710027666,False,0.4003400279119591,414
10.0,1.0,3.0066526710027666,False,0.4003400279119591,414
23.0,0.9953489999999999,3.0066526710027666,False,0.4003400279119591,414
11.0,1.0,3.0066526710027666,False,0.4003400279119591,414
32.0,1.0,3.0066526710027666,False,0.4003400279119591,414
14.0,0.9953489999999999,3.0066526710027666,False,0.4003400279119591,414
8.0,1.0,3.0066526710027666,False,0.4003400279119591,414
33.0,1.0,3.0066526710027666,False,0.4003400279119591,414
18.0,1.0,3.0066526710027666,False,0.4003400279119591,414
15.0,1.0,3.0066526710027666,False,0.4003400279119591,414
26.0,1.0,3.0066526710027666,False,0.4003400279119591,414
28.0,1.0,3.0066526710027666,False,0.4003400279119591,414
17.0,1.0,3.0066526710027666,False,0.4003400279119591,414
22.0,1.0,3.0066526710027666,False,0.4003400279119591,414
16.0,1.0,3.0066526710027666,False,0.4003400279119591,414
21.0,1.0,3.0066526710027666,False,0.4003400279119591,414
30.0,1.0,3.0066526710027666,False,0.4003400279119591,414
27.0,1.0,3.0066526710027666,False,0.4003400279119591,414
12.0,1.0,3.0066526710027666,False,0.4003400279119591,414
29.0,1.0,3.0066526710027666,False,0.4003400279119591,414
38.0,1.0,3.0066526710027666,False,0.4003400279119591,414
87.0,1.0,3.0066526710027666,False,0.4003400279119591,414
73.0,1.0,3.0066526710027666,False,0.4003400279119591,414
20.0,1.0,3.0066526710027666,False,0.4003400279119591,414
53.0,0.7767440000000001,3.0066526710027666,False,0.38930456409560804,414
19.0,0.967442,3.0066526710027666,False,0.38930456409560804,414
13.0,0.846512,3.0066526710027666,False,0.38930456409560804,414
314.0,0.8046510000000001,3.0066526710027666,False,0.38930456409560804,414
41.0,0.7860469999999999,3.0066526710027666,False,0.38930456409560804,414
311.0,0.6930230000000001,3.0066526710027666,False,0.35950483940717637,414
111.0,0.734884,3.0066526710027666,False,0.35950483940717637,414
9.0,0.67907,3.0066526710027666,False,0.33277568245852834,414
312.0,0.655814,3.0066526710027666,False,0.33277568245852834,414
310.0,0.637209,3.0066526710027666,False,0.30925691967971597,414
313.0,0.6418600000000001,3.0066526710027666,False,0.30925691967971597,414
88.0,0.637209,3.0066526710027666,False,0.30925691967971597,414
39.0,0.613953,3.0066526710027666,False,0.3044551724527996,414
40.0,0.623256,3.0066526710027666,False,0.3044551724527996,414
43.0,0.562791,3.0066526710027666,False,0.302556752757051,414
36.0,0.55814,3.0066526710027666,False,0.302556752757051,414
298.0,0.562791,3.0066526710027666,False,0.302556752757051,414
309.0,0.5906980000000001,3.0066526710027666,False,0.29081448455737485,414
35.0,0.567442,3.0066526710027666,False,0.29081448455737485,414
78.0,0.604651,1.9723239386999707,False,0.26832668665747406,414
79.0,0.604651,1.9723239386999707,False,0.26832668665747406,414
58.0,1.0,3.3015255837321233,False,0.23425910004242895,414
24.0,0.539535,3.0066526710027666,False,0.19873288428346678,414
37.0,0.390698,3.0066526710027666,False,0.12455327669432673,414
295.0,0.38604700000000003,3.0066526710027666,False,0.12455327669432673,414
61.0,0.372093,3.0066526710027666,False,0.12241965373513067,414
25.0,0.367442,3.0066526710027666,False,0.12241965373513067,414
81.0,0.35814,3.0066526710027666,False,0.11006243030025309,414
60.0,0.362791,3.0066526710027666,False,0.11006243030025309,414
109.0,0.35348799999999997,2.5794863002927624,False,0.1044443010249343,414
71.0,0.34883699999999995,2.5794863002927624,False,0.1044443010249343,414
307.0,1.0,3.276853210856236,False,0.058848672008779954,414
142.0,0.390698,3.3015255837321233,False,0.052961723061469665,414
90.0,0.497674,3.0066526710027666,False,0.02676288248346667,414
305.0,0.706977,3.276853210856236,False,0.018013483503997202,414
306.0,0.6976739999999999,3.276853210856236,False,0.018013483503997202,414
308.0,0.7488370000000001,3.276853210856236,False,0.018013483503997202,414
86.0,0.49302300000000004,3.0066526710027666,False,0.003024066569943744,414
62.0,0.432558,3.0066526710027666,False,0.003024066569943744,414
70.0,0.33488399999999996,2.5794863002927624,False,-0.14375445856911864,414
104.0,0.30232600000000004,3.0066526710027666,False,-0.15151936019936504,414
121.0,0.311628,3.0066526710027666,False,-0.15151936019936504,414
120.0,0.297674,3.0066526710027666,False,-0.15151936019936504,414
91.0,0.325581,3.0066526710027666,False,-0.15151936019936504,414
124.0,0.288372,2.5794863002927624,False,-0.17523253666685903,414
64.0,0.227907,2.5794863002927624,False,-0.18970239412548026,414
302.0,0.38604700000000003,3.276853210856236,False,-0.21693807920885247,414
299.0,0.34883699999999995,3.276853210856236,False,-0.21902703910000335,414
300.0,0.367442,3.276853210856236,False,-0.21907170216804853,414
304.0,0.367442,3.276853210856236,False,-0.21907170216804853,414
76.0,0.21395299999999998,2.5794863002927624,False,-0.23408391284061608,414
65.0,0.195349,2.5794863002927624,False,-0.23408391284061608,414
101.0,0.209302,2.5794863002927624,False,-0.23408391284061608,414
77.0,0.195349,2.5794863002927624,False,-0.23408391284061608,414
52.0,0.21395299999999998,3.0066526710027666,False,-0.24508411010780454,414
97.0,0.190698,3.0066526710027666,False,-0.24508411010780454,414
107.0,0.21395299999999998,3.0066526710027666,False,-0.24508411010780454,414
49.0,0.195349,3.0066526710027666,False,-0.24508411010780454,414
102.0,0.190698,3.0066526710027666,False,-0.24508411010780454,414
108.0,0.227907,3.3015255837321233,False,-0.25567581848301857,414
57.0,0.255814,3.3015255837321233,False,-0.25567581848301857,414
96.0,0.237209,3.3015255837321233,False,-0.25567581848301857,414
89.0,0.18139500000000003,3.0116521465586237,False,-0.27845913798530375,414
171.0,0.139535,2.9591104710139144,False,-0.28604514146847637,414
84.0,0.046512000000000005,3.0066526710027666,False,-0.3018439856385751,414
45.0,0.04186,3.0066526710027666,False,-0.3018439856385751,414
303.0,0.47906999999999994,3.276853210856236,False,-0.33846728933323544,414
301.0,0.38604700000000003,3.421340684084319,False,-0.3665673369035216,414
71.0,1.0,1.7864654122152566,False,0.5505481339181749,341
70.0,1.0,1.7864654122152566,False,0.5505481339181749,341
109.0,0.87907,1.7864654122152566,False,0.5395126701018239,341
115.0,1.0,1.8263917135075782,False,0.5342504840881066,341
114.0,1.0,1.8263917135075782,False,0.5342504840881066,341
64.0,1.0,1.9077687233666352,False,0.5199167533117006,341
110.0,1.0,1.3483621416654799,False,0.4980424041700422,341
111.0,1.0,1.4433028640420833,False,0.4980424041700422,341
65.0,1.0,1.5596800072916115,False,0.4674183098270989,341
96.0,1.0,1.8493989972499767,False,0.42821959306275603,341
97.0,1.0,1.8493989972499767,False,0.42821959306275603,341
58.0,1.0,1.8227045384146323,False,0.41291706597772077,341
299.0,1.0,1.8332650235394994,False,0.40800566422852896,341
307.0,1.0,1.8332650235394994,False,0.40800566422852896,341
302.0,1.0,1.8332650235394994,False,0.40800566422852896,341
304.0,1.0,1.8332650235394994,False,0.40800566422852896,341
67.0,1.0,1.9515717023848604,False,0.4003400279119591,341
300.0,0.7534879999999999,1.8332650235394994,False,0.3969702004121779,341
68.0,0.790698,1.9515717023848604,False,0.38930456409560804,341
301.0,0.739535,1.8332650235394994,False,0.36717047572374617,341
308.0,0.7488370000000001,1.8332650235394994,False,0.36717047572374617,341
306.0,0.6976739999999999,1.8332650235394994,False,0.36717047572374617,341
305.0,0.706977,1.8332650235394994,False,0.36717047572374617,341
57.0,0.67907,1.8493989972499767,False,0.36065524760932527,341
75.0,0.395349,1.9077687233666352,False,0.23370583945956158,341
66.0,0.34883699999999995,1.7864654122152566,False,0.19566193291620093,341
74.0,0.35814,1.9077687233666352,False,0.19294675274243495,341
303.0,0.37674399999999997,1.8332650235394994,False,0.13221891301089655,341
142.0,0.390698,1.8227045384146323,False,0.12216605632016275,341
295.0,0.38604700000000003,1.3483621416654799,False,0.09305998946383379,341
81.0,0.35814,1.3483621416654799,False,0.07856914306976018,341
124.0,0.311628,1.7864654122152566,False,-0.16581303366377464,341
60.0,0.265116,1.8227045384146323,False,-0.18445897745943582,341
95.0,0.23255800000000001,1.8493989972499767,False,-0.1933010512727065,341
108.0,0.227907,1.8227045384146323,False,-0.19884236355837237,341
53.0,0.237209,1.8227045384146323,False,-0.19884236355837237,341
91.0,0.25116299999999997,1.8227045384146323,False,-0.19884236355837237,341
61.0,0.25116299999999997,1.8227045384146323,False,-0.19884236355837237,341
76.0,0.24186,1.7864654122152566,False,-0.21766532560126928,341
101.0,0.23255800000000001,1.7864654122152566,False,-0.21766532560126928,341
117.0,0.23255800000000001,1.5596800072916115,False,-0.23508298716834497,341
50.0,0.190698,1.8493989972499767,False,-0.23768256998784232,341
63.0,0.172093,1.8493989972499767,False,-0.23768256998784232,341
130.0,0.190698,1.9515717023848604,False,-0.24508411010780454,341
107.0,0.209302,1.9515717023848604,False,-0.24508411010780454,341
77.0,0.223256,1.7864654122152566,False,-0.24581647920554595,341
131.0,0.218605,1.7864654122152566,False,-0.26204684431640507,341
102.0,0.218605,1.4433028640420833,False,-0.31415038287336217,341
171.0,0.037209,1.8263917135075782,False,-0.3568998162086394,341
119.0,1.0,1.751583737464174,False,0.5858322729036524,77
118.0,0.9069769999999999,1.751583737464174,False,0.5747968090873014,77
304.0,1.0,0.9328940733872192,False,0.5675155383260636,77
302.0,1.0,0.9328940733872192,False,0.5675155383260636,77
299.0,1.0,0.9328940733872192,False,0.5675155383260636,77
307.0,1.0,0.9328940733872192,False,0.5675155383260636,77
300.0,0.7534879999999999,0.9328940733872192,False,0.5564800745097126,77
301.0,0.739535,0.9328940733872192,False,0.526680349821281,77
305.0,0.706977,0.9328940733872192,False,0.526680349821281,77
308.0,0.7488370000000001,0.9328940733872192,False,0.526680349821281,77
306.0,0.6976739999999999,0.9328940733872192,False,0.526680349821281,77
309.0,1.0,1.3483621416654799,False,0.4980424041700422,77
115.0,1.0,1.6518495224979268,False,0.4913128967941273,77
114.0,1.0,1.6518495224979268,False,0.4913128967941273,77
70.0,1.0,1.4348109135741893,False,0.48540777861356954,77
71.0,1.0,1.4348109135741893,False,0.48540777861356954,77
111.0,1.0,0.550540786523069,False,0.4773517847652194,77
109.0,0.87907,1.4348109135741893,False,0.4743723147972185,77
177.0,1.0,1.6688383425739524,False,0.4701628390192454,77
65.0,1.0,0.874186565280673,False,0.469715597303556,77
64.0,1.0,0.874186565280673,False,0.469715597303556,77
96.0,1.0,1.4662241168647028,False,0.45775431243491993,77
97.0,1.0,1.4662241168647028,False,0.45775431243491993,77
110.0,0.734884,0.550540786523069,True,0.4365165962604366,77
57.0,0.67907,1.4662241168647028,False,0.3901899669814892,77
24.0,0.613953,1.3483621416654799,False,0.3871932902709571,77
8.0,0.5906980000000001,1.3483621416654799,False,0.3735526023755323,77
1.0,0.6,1.3483621416654799,False,0.3735526023755323,77
7.0,0.595349,1.3483621416654799,False,0.3735526023755323,77
25.0,0.604651,1.3483621416654799,False,0.3735526023755323,77
15.0,0.6,1.3483621416654799,False,0.3735526023755323,77
6.0,0.5906980000000001,1.3483621416654799,False,0.3735526023755323,77
18.0,0.539535,1.3483621416654799,False,0.25933890896820794,77
28.0,0.534884,1.3483621416654799,False,0.22064841199446233,77
303.0,0.37674399999999997,0.9328940733872192,False,0.19741537591728495,77
52.0,1.0,1.4539992636791677,False,0.13002863077427898,77
91.0,1.0,1.4539992636791677,False,0.13002863077427898,77
192.0,1.0,1.4539992636791677,False,0.13002863077427898,77
274.0,1.0,1.4539992636791677,False,0.13002863077427898,77
58.0,1.0,1.4539992636791677,False,0.13002863077427898,77
49.0,0.781395,1.4539992636791677,False,0.11899316695792791,77
295.0,0.4,0.550540786523069,False,0.08733362849893664,77
75.0,0.395349,0.874186565280673,False,0.07969744103727322,77
81.0,0.362791,0.550540786523069,False,0.07284278210486303,77
66.0,0.34883699999999995,1.4348109135741893,False,0.0659345175132875,77
74.0,0.35814,0.874186565280673,False,0.06520659464319961,77
105.0,0.483721,1.751583737464174,False,0.050908801885697276,77
95.0,0.23255800000000001,1.4662241168647028,False,-0.209370653755098,77
124.0,0.311628,1.4348109135741893,False,-0.23321036000449108,77
68.0,0.306977,0.874186565280673,False,-0.2339382828745789,77
67.0,0.32093000000000005,0.874186565280673,False,-0.2339382828745789,77
108.0,0.223256,1.4662241168647028,False,-0.23752180735937478,77
142.0,0.209302,1.4662241168647028,False,-0.2537521724702339,77
60.0,0.18604700000000002,1.4662241168647028,False,-0.2537521724702339,77
50.0,0.190698,1.4662241168647028,False,-0.2537521724702339,77
53.0,0.190698,1.4662241168647028,False,-0.2537521724702339,77
63.0,0.172093,1.4662241168647028,False,-0.2537521724702339,77
61.0,0.18139500000000003,1.4662241168647028,False,-0.2537521724702339,77
76.0,0.24186,1.4348109135741893,False,-0.2657752646552874,77
101.0,0.24186,1.4348109135741893,False,-0.2657752646552874,77
107.0,0.237209,0.550540786523069,False,-0.2754952251231236,77
117.0,0.23255800000000001,0.874186565280673,False,-0.2831215140678825,77
77.0,0.223256,1.4348109135741893,False,-0.29392641825956406,77
131.0,0.218605,1.4348109135741893,False,-0.3101567833704232,77
102.0,0.218605,0.550540786523069,False,-0.31987674383825937,77
171.0,0.139535,1.6688383425739524,False,-0.341572628006742,77
106.0,0.15814,1.751583737464174,False,-0.37896046195296795,77
125.0,0.11627900000000001,1.751583737464174,False,-0.37896046195296795,77
79.0,0.069767,1.751583737464174,False,-0.41569963247032093,77
26.0,0.069767,1.751583737464174,False,-0.41569963247032093,77
297.0,0.074419,1.751583737464174,False,-0.41569963247032093,77
45.0,0.065116,1.751583737464174,False,-0.41569963247032093,77
78.0,0.065116,1.751583737464174,False,-0.41569963247032093,77
136.0,0.339535,1.4539992636791677,False,-0.5120246478065597,77
285.0,0.26976700000000003,1.4539992636791677,False,-0.5661564429940337,77
237.0,0.09302300000000001,1.4539992636791677,False,-0.6276280872404663,77
100.0,0.15814,1.4539992636791677,False,-0.6276280872404663,77
262.0,0.04186,1.4539992636791677,False,-0.6643672577578194,77
236.0,0.065116,1.4539992636791677,False,-0.6643672577578194,77
246.0,0.055814,1.4539992636791677,False,-0.6643672577578194,77
82.0,1.0,3.2348915217651344,False,0.5149916607165883,234
84.0,1.0,3.2348915217651344,False,0.5149916607165883,234
83.0,1.0,3.2348915217651344,False,0.5149916607165883,234
85.0,1.0,3.2348915217651344,False,0.5149916607165883,234
64.0,1.0,4.504448276016986,False,0.5020375089642034,234
67.0,1.0,4.295464206577168,False,0.4655634364298582,234
68.0,0.790698,4.295464206577168,False,0.45452797261350714,234
132.0,1.0,4.353923915745049,False,0.45331766197588674,234
131.0,1.0,4.353923915745049,False,0.45331766197588674,234
130.0,1.0,4.353923915745049,True,0.45331766197588674,234
197.0,1.0,3.8678709875617407,False,0.3801597034720693,234
196.0,1.0,3.8678709875617407,False,0.3801597034720693,234
72.0,1.0,3.8678709875617407,False,0.3801597034720693,234
90.0,1.0,4.07184199285701,False,0.26270821870091093,234
75.0,0.395349,4.504448276016986,False,0.20287465311928177,234
74.0,0.35814,4.504448276016986,False,0.16211556640215513,234
96.0,1.0,4.123727568867158,False,0.05393548330632249,234
57.0,0.67907,4.123727568867158,False,-0.013628862147108192,234
88.0,0.5023259999999999,4.07184199285701,False,-0.07700609942224605,234
87.0,0.497674,4.07184199285701,False,-0.07700609942224605,234
86.0,0.45116300000000004,4.07184199285701,False,-0.10074491533576896,234
53.0,0.7767440000000001,4.476349298147343,False,-0.15162205597948378,234
124.0,0.30232600000000004,4.504448276016986,False,-0.16179631315966003,234
61.0,1.0,3.282040401065608,False,-0.18544573960254163,234
50.0,1.0,4.476349298147343,False,-0.18544573960254163,234
66.0,0.227907,4.504448276016986,False,-0.23026693163966194,234
117.0,0.23255800000000001,4.504448276016986,False,-0.23026693163966194,234
65.0,0.223256,4.504448276016986,False,-0.2584180852439387,234
70.0,0.223256,4.504448276016986,False,-0.2584180852439387,234
22.0,0.10697699999999999,3.2348915217651344,False,-0.28337804737451916,234
47.0,0.111628,3.2348915217651344,False,-0.28337804737451916,234
18.0,0.111628,3.2348915217651344,False,-0.28337804737451916,234
56.0,0.10697699999999999,3.2348915217651344,False,-0.28337804737451916,234
69.0,0.111628,3.2348915217651344,False,-0.28337804737451916,234
309.0,0.097674,3.2348915217651344,False,-0.28337804737451916,234
11.0,0.11627900000000001,3.2348915217651344,False,-0.28337804737451916,234
310.0,0.097674,3.2348915217651344,False,-0.28337804737451916,234
6.0,0.097674,3.2348915217651344,False,-0.28337804737451916,234
294.0,0.13023300000000002,3.2348915217651344,False,-0.28337804737451916,234
25.0,0.102326,3.2348915217651344,False,-0.28337804737451916,234
31.0,0.08837199999999999,3.2348915217651344,False,-0.28337804737451916,234
45.0,0.102326,3.2348915217651344,False,-0.28337804737451916,234
20.0,0.08837199999999999,3.2348915217651344,False,-0.28337804737451916,234
15.0,0.10697699999999999,3.2348915217651344,False,-0.28337804737451916,234
109.0,0.227907,4.353923915745049,False,-0.28367892976848846,234
293.0,0.18604700000000002,4.353923915745049,False,-0.3110831295045879,234
76.0,0.209302,4.353923915745049,False,-0.3110831295045879,234
71.0,0.218605,4.353923915745049,False,-0.3110831295045879,234
128.0,0.21395299999999998,4.353923915745049,False,-0.3110831295045879,234
107.0,0.209302,4.295464206577168,False,-0.319306404425344,234
189.0,0.265116,3.8678709875617407,False,-0.3231661148866711,234
129.0,0.153488,4.353923915745049,False,-0.33110383451800546,234
60.0,0.37674399999999997,3.282040401065608,False,-0.35177885814357535,234
91.0,0.35814,3.282040401065608,False,-0.3538678180347262,234
221.0,0.060465,3.8678709875617407,False,-0.44552319681978453,234
144.0,0.032558,3.8678709875617407,False,-0.44552319681978453,234
248.0,0.032558,3.8678709875617407,False,-0.44552319681978453,234
259.0,0.046512000000000005,4.07184199285701,False,-0.47123463994135967,234
13.0,0.051163,4.07184199285701,False,-0.47123463994135967,234
8.0,0.051163,4.07184199285701,False,-0.47123463994135967,234
7.0,0.055814,4.07184199285701,False,-0.47123463994135967,234
108.0,0.237209,4.086487458092329,False,-0.5412037762899692,234
142.0,0.237209,4.086487458092329,False,-0.5412037762899692,234
58.0,0.255814,4.086487458092329,False,-0.5412037762899692,234
52.0,0.16744199999999998,4.086487458092329,False,-0.5686079760260686,234
63.0,0.15814,4.123727568867158,False,-0.5945010325789466,234
49.0,0.223256,3.282040401065608,False,-0.6758066743528884,234
95.0,0.2,3.282040401065608,False,-0.6920370394637476,234
97.0,0.190698,4.476349298147343,False,-0.6920370394637476,234
64.0,1.0,2.1611949486399737,False,0.543885032625379,423
65.0,1.0,2.1611949486399737,False,0.543885032625379,423
309.0,1.0,1.8263917135075782,False,0.5342504840881066,423
110.0,1.0,1.6518495224979268,False,0.4913128967941273,423
54.0,1.0,1.2598582801532974,False,0.48869627500543544,423
310.0,1.0,1.2598582801532974,False,0.48869627500543544,423
302.0,1.0,1.2598582801532974,False,0.48869627500543544,423
299.0,1.0,1.2598582801532974,False,0.48869627500543544,423
130.0,1.0,1.2598582801532974,False,0.48869627500543544,423
108.0,1.0,1.2598582801532974,False,0.48869627500543544,423
57.0,1.0,1.2598582801532974,False,0.48869627500543544,423
249.0,1.0,1.2598582801532974,False,0.48869627500543544,423
96.0,1.0,1.4705624280596326,False,0.4865832392959504,423
111.0,1.0,1.3653909738660959,False,0.4865832392959504,423
97.0,1.0,1.4705624280596326,False,0.4865832392959504,423
311.0,0.772093,1.2598582801532974,False,0.4776608111890844,423
304.0,0.7534879999999999,1.2598582801532974,False,0.4776608111890844,423
300.0,0.7534879999999999,1.2598582801532974,False,0.4776608111890844,423
307.0,1.0,1.7449364614159435,False,0.47678973088433185,423
70.0,1.0,0.5909385174292935,False,0.4641884683355888,423
71.0,1.0,0.5909385174292935,False,0.4641884683355888,423
109.0,0.87907,0.5909385174292935,False,0.45315300451923773,423
301.0,0.6976739999999999,1.2598582801532974,False,0.44786108650065265,423
313.0,0.702326,1.2598582801532974,False,0.44786108650065265,423
312.0,0.7209300000000001,1.2598582801532974,False,0.44786108650065265,423
305.0,0.706977,1.7449364614159435,False,0.43595454237954906,423
306.0,0.6976739999999999,1.7449364614159435,False,0.43595454237954906,423
308.0,0.7488370000000001,1.7449364614159435,False,0.43595454237954906,423
39.0,0.6511629999999999,1.2598582801532974,False,0.4211319295520047,423
3.0,0.683721,1.2598582801532974,False,0.4211319295520047,423
41.0,0.665116,1.2598582801532974,False,0.4211319295520047,423
24.0,0.613953,1.8263917135075782,False,0.41044942819623886,423
34.0,0.637209,1.2598582801532974,False,0.3976131667731923,423
43.0,0.6418600000000001,1.2598582801532974,False,0.3976131667731923,423
40.0,0.613953,1.2598582801532974,False,0.3928114195462759,423
7.0,0.595349,1.8263917135075782,False,0.3863845776663074,423
1.0,0.6,1.8263917135075782,False,0.3863845776663074,423
25.0,0.604651,1.8263917135075782,False,0.3863845776663074,423
6.0,0.5906980000000001,1.8263917135075782,False,0.3863845776663074,423
15.0,0.6,1.8263917135075782,False,0.3863845776663074,423
8.0,0.5906980000000001,1.8263917135075782,False,0.3863845776663074,423
18.0,0.539535,1.8263917135075782,False,0.27217088425898306,423
28.0,0.534884,1.8263917135075782,False,0.2334803872852375,423
75.0,0.395349,2.1611949486399737,False,0.22259008364704125,423
74.0,0.35814,2.1611949486399737,False,0.1818309969299146,423
119.0,1.0,1.48702312993363,False,0.12348265460264453,423
118.0,0.9069769999999999,1.48702312993363,False,0.11244719078629348,423
303.0,0.37674399999999997,1.2598582801532974,False,0.09867811873915261,423
295.0,0.38604700000000003,1.6518495224979268,False,0.08633048208791885,423
81.0,0.35814,1.6518495224979268,False,0.07183963569384524,423
66.0,0.34883699999999995,0.5909385174292935,False,0.05967946567523241,423
132.0,0.5023259999999999,1.2598582801532974,False,0.0008877245282925166,423
68.0,0.306977,2.1611949486399737,False,-0.19627219470947255,423
124.0,0.30232600000000004,2.1611949486399737,False,-0.19627219470947255,423
67.0,0.32093000000000005,2.1611949486399737,False,-0.19627219470947255,423
131.0,0.339535,1.2598582801532974,False,-0.2122538801390045,423
95.0,0.23255800000000001,1.1760959589715145,False,-0.2263549416394011,423
58.0,0.237209,1.1760959589715145,False,-0.2263549416394011,423
101.0,0.274419,2.1611949486399737,False,-0.23107203980383967,423
142.0,0.293023,1.2598582801532974,False,-0.23158583023211127,423
107.0,0.237209,1.3653909738660959,False,-0.23940759528879324,423
76.0,0.24186,0.5909385174292935,False,-0.24216355149207558,423
117.0,0.23255800000000001,2.1611949486399737,False,-0.2647428131894745,423
77.0,0.223256,0.5909385174292935,False,-0.27031470509635225,423
60.0,0.18604700000000002,1.1760959589715145,False,-0.2707364603545369,423
53.0,0.190698,1.1760959589715145,False,-0.2707364603545369,423
91.0,0.190698,1.1760959589715145,False,-0.2707364603545369,423
63.0,0.172093,1.1760959589715145,False,-0.2707364603545369,423
61.0,0.18139500000000003,1.1760959589715145,False,-0.2707364603545369,423
50.0,0.190698,1.1760959589715145,False,-0.2707364603545369,423
102.0,0.218605,1.3653909738660959,False,-0.28378911400392903,423
52.0,0.16744199999999998,1.2598582801532974,False,-0.32515058014055065,423
293.0,0.18604700000000002,1.2598582801532974,False,-0.32515058014055065,423
116.0,0.102326,1.2598582801532974,False,-0.3448346385519475,423
134.0,0.074419,1.2598582801532974,False,-0.3815738090693005,423
169.0,0.065116,1.2598582801532974,False,-0.3815738090693005,423
11.0,0.074419,1.2598582801532974,False,-0.3815738090693005,423
80.0,0.074419,1.2598582801532974,False,-0.3815738090693005,423
69.0,0.074419,1.2598582801532974,False,-0.3815738090693005,423
105.0,0.483721,1.48702312993363,False,-0.3880647117880212,423
106.0,0.15814,1.48702312993363,False,-0.6175458383526891,423
125.0,0.11627900000000001,1.48702312993363,False,-0.6175458383526891,423
26.0,0.069767,1.48702312993363,False,-0.654285008870042,423
78.0,0.065116,1.48702312993363,False,-0.654285008870042,423
79.0,0.069767,1.48702312993363,False,-0.654285008870042,423
45.0,0.065116,1.48702312993363,False,-0.654285008870042,423
297.0,0.074419,1.48702312993363,False,-0.654285008870042,423
299.0,1.0,1.136951769255531,False,0.5745797243670552,357
307.0,1.0,1.136951769255531,False,0.5745797243670552,357
304.0,1.0,1.136951769255531,False,0.5745797243670552,357
302.0,1.0,1.136951769255531,False,0.5745797243670552,357
300.0,0.7534879999999999,1.136951769255531,False,0.5635442605507042,357
308.0,0.7488370000000001,1.136951769255531,False,0.5337445358622726,357
301.0,0.6976739999999999,1.136951769255531,False,0.5337445358622726,357
305.0,0.706977,1.136951769255531,False,0.5337445358622726,357
306.0,0.6976739999999999,1.136951769255531,False,0.5337445358622726,357
110.0,1.0,1.9217833462250484,False,0.5009135510488256,357
177.0,1.0,1.161473999410846,True,0.4648024086010985,357
111.0,0.734884,1.9217833462250484,False,0.46007836254404283,357
71.0,1.0,2.297798892094936,False,0.41887346389814917,357
70.0,1.0,2.297798892094936,False,0.41887346389814917,357
58.0,1.0,2.285662244534608,False,0.4186899326938686,357
109.0,0.87907,2.297798892094936,False,0.4078380000817981,357
91.0,1.0,1.9386320596921809,False,0.40357093681311396,357
57.0,1.0,1.9386320596921809,False,0.40357093681311396,357
96.0,1.0,1.9386320596921809,False,0.40357093681311396,357
52.0,1.0,1.9386320596921809,False,0.40357093681311396,357
192.0,1.0,1.9386320596921809,False,0.40357093681311396,357
274.0,1.0,1.9386320596921809,False,0.40357093681311396,357
49.0,0.781395,1.9386320596921809,False,0.3925354729967629,357
312.0,0.8,2.157697878581269,False,0.27727009048707,357
310.0,0.772093,2.157697878581269,False,0.27727009048707,357
36.0,0.87907,2.157697878581269,False,0.27727009048707,357
313.0,0.790698,2.157697878581269,False,0.27727009048707,357
41.0,0.734884,2.157697878581269,False,0.2628014287211862,357
43.0,0.7209300000000001,2.157697878581269,False,0.2628014287211862,357
39.0,0.6976739999999999,2.157697878581269,False,0.2628014287211862,357
34.0,0.6930230000000001,2.157697878581269,False,0.2628014287211862,357
295.0,0.38604700000000003,1.9217833462250484,False,0.24504479368869722,357
107.0,1.0,2.157697878581269,False,0.2434464068640122,357
130.0,1.0,2.157697878581269,False,0.2434464068640122,357
298.0,1.0,2.157697878581269,False,0.2434464068640122,357
311.0,1.0,2.157697878581269,False,0.2434464068640122,357
123.0,1.0,2.157697878581269,False,0.2434464068640122,357
77.0,0.660465,2.157697878581269,False,0.23607227177253828,357
76.0,0.655814,2.157697878581269,False,0.23607227177253828,357
81.0,0.35814,1.9217833462250484,False,0.23055394729462358,357
40.0,0.637209,2.157697878581269,False,0.21255350899372588,357
303.0,0.37674399999999997,1.136951769255531,False,0.20447956195827646,357
314.0,0.6,2.157697878581269,False,0.1941110738713847,357
142.0,0.390698,1.9386320596921809,False,0.12778418559548158,357
60.0,0.367442,1.9386320596921809,False,0.1256505626362855,357
61.0,0.35814,1.9386320596921809,False,0.11329333920140794,357
66.0,0.34883699999999995,2.297798892094936,False,0.10646377315302688,357
64.0,1.0,2.215498135178703,False,0.05483570011043322,357
65.0,1.0,2.215498135178703,False,0.05483570011043322,357
117.0,1.0,2.1807742420903122,False,-0.003919948112459642,357
101.0,0.204651,1.9217833462250484,False,-0.019828598714809142,357
102.0,0.190698,1.9217833462250484,False,-0.019828598714809142,357
124.0,0.18604700000000002,1.9217833462250484,False,-0.019828598714809142,357
132.0,0.5023259999999999,2.157697878581269,False,-0.042809199021297775,357
136.0,0.339535,1.9386320596921809,False,-0.14132737953915045,357
53.0,0.330233,1.9386320596921809,False,-0.16065932963225713,357
50.0,0.325581,1.9386320596921809,False,-0.16065932963225713,357
285.0,0.26976700000000003,1.9386320596921809,False,-0.1954591747266243,357
131.0,0.339535,2.157697878581269,False,-0.20175949161102286,357
97.0,0.237209,2.285662244534608,False,-0.20448477974417553,357
108.0,0.227907,2.285662244534608,False,-0.20448477974417553,357
75.0,0.395349,2.215498135178703,False,-0.22095105110719912,357
74.0,0.35814,2.215498135178703,False,-0.22304001099835,357
95.0,0.172093,1.9386320596921809,False,-0.25422407954069665,357
63.0,0.15814,1.9386320596921809,False,-0.2742447845541143,357
237.0,0.09302300000000001,1.9386320596921809,False,-0.2742447845541143,357
100.0,0.15814,1.9386320596921809,False,-0.2742447845541143,357
246.0,0.055814,1.9386320596921809,False,-0.31098395507146726,357
236.0,0.065116,1.9386320596921809,False,-0.31098395507146726,357
262.0,0.04186,1.9386320596921809,False,-0.31098395507146726,357
67.0,0.209302,2.157697878581269,False,-0.314656191612569,357
293.0,0.18604700000000002,2.157697878581269,False,-0.314656191612569,357
171.0,0.139535,1.161473999410846,False,-0.32690807121275933,357
68.0,0.306977,2.215498135178703,False,-0.4846218014979682,357
89.0,0.18139500000000003,2.1807742420903122,False,-0.6420969737836805,357
97.0,1.0,1.5995926238141338,True,0.6119871538180451,406
58.0,1.0,1.8135563325680533,False,0.5157170481019165,406
114.0,1.0,1.4705624280596326,False,0.4865832392959504,406
115.0,1.0,1.4705624280596326,False,0.4865832392959504,406
70.0,1.0,1.4984787044259076,False,0.4826076256205971,406
65.0,1.0,1.487687698171753,False,0.47400620123018866,406
64.0,1.0,1.487687698171753,False,0.47400620123018866,406
109.0,0.87907,1.4984787044259076,False,0.47157216180424605,406
71.0,1.0,1.3946403593770444,False,0.4597938854351825,406
110.0,1.0,1.4662241168647028,False,0.45775431243491993,406
111.0,1.0,1.6069280927159726,False,0.45775431243491993,406
299.0,1.0,1.761348378731563,False,0.4371324120691794,406
307.0,1.0,1.761348378731563,False,0.4371324120691794,406
304.0,1.0,1.761348378731563,False,0.4371324120691794,406
302.0,1.0,1.761348378731563,False,0.4371324120691794,406
309.0,1.0,1.8493989972499767,False,0.42821959306275603,406
300.0,0.7534879999999999,1.761348378731563,False,0.42609694825282834,406
301.0,0.734884,1.761348378731563,False,0.3962972235643966,406
305.0,0.706977,1.761348378731563,False,0.3962972235643966,406
308.0,0.7488370000000001,1.761348378731563,False,0.3962972235643966,406
306.0,0.6976739999999999,1.761348378731563,False,0.3962972235643966,406
24.0,0.613953,1.8493989972499767,False,0.3173704791636709,406
8.0,0.5906980000000001,1.8493989972499767,False,0.30372979126824606,406
15.0,0.6,1.8493989972499767,False,0.30372979126824606,406
1.0,0.6,1.8493989972499767,False,0.30372979126824606,406
7.0,0.595349,1.8493989972499767,False,0.30372979126824606,406
25.0,0.604651,1.8493989972499767,False,0.30372979126824606,406
6.0,0.5906980000000001,1.8493989972499767,False,0.30372979126824606,406
142.0,0.390698,1.8135563325680533,False,0.2015899338170693,406
18.0,0.539535,1.8493989972499767,False,0.18951609786092175,406
28.0,0.534884,1.8493989972499767,False,0.15082560088717614,406
75.0,0.395349,1.487687698171753,False,0.08398804496390594,406
66.0,0.34883699999999995,1.3946403593770444,False,0.07741697590824245,406
74.0,0.35814,1.487687698171753,False,0.06949719856983233,406
303.0,0.37674399999999997,1.761348378731563,False,0.054282090496387284,406
295.0,0.38604700000000003,1.4662241168647028,False,0.052771897728711534,406
81.0,0.35814,1.4662241168647028,False,0.03828105133463791,406
124.0,0.30232600000000004,1.487687698171753,False,-0.19208459192978583,406
68.0,0.306977,1.487687698171753,False,-0.19208459192978583,406
67.0,0.32093000000000005,1.487687698171753,False,-0.19208459192978583,406
101.0,0.237209,1.6069280927159726,False,-0.209370653755098,406
107.0,0.237209,1.6069280927159726,False,-0.209370653755098,406
60.0,0.265116,1.8135563325680533,False,-0.2188256380318927,406
76.0,0.24186,1.3946403593770444,False,-0.22910059757621914,406
117.0,0.23255800000000001,1.487687698171753,False,-0.24126782312308953,406
91.0,0.25116299999999997,1.8135563325680533,False,-0.25249641141752754,406
61.0,0.25116299999999997,1.8135563325680533,False,-0.25249641141752754,406
57.0,0.255814,1.8135563325680533,False,-0.25249641141752754,406
53.0,0.237209,1.8135563325680533,False,-0.25249641141752754,406
108.0,0.227907,1.8135563325680533,False,-0.25249641141752754,406
96.0,0.237209,1.8135563325680533,True,-0.25249641141752754,406
102.0,0.218605,1.6069280927159726,False,-0.2537521724702339,406
77.0,0.21395299999999998,1.6069280927159726,False,-0.2537521724702339,406
95.0,0.23255800000000001,1.5995926238141338,False,-0.2649538426760446,406
131.0,0.218605,1.3946403593770444,False,-0.27348211629135494,406
50.0,0.190698,1.5995926238141338,False,-0.3093353613911804,406
63.0,0.172093,1.5995926238141338,False,-0.3093353613911804,406
171.0,0.037209,1.4705624280596326,False,-0.3402123429326789,406
19.0,0.981395,1.3531530748370189,False,0.6239746136326009,37
18.0,1.0,1.3531530748370189,False,0.6239746136326009,37
23.0,1.0,1.3531530748370189,False,0.6239746136326009,37
10.0,0.9953489999999999,1.3531530748370189,False,0.6239746136326009,37
21.0,1.0,1.3531530748370189,False,0.6239746136326009,37
22.0,1.0,1.3531530748370189,False,0.6239746136326009,37
14.0,0.981395,1.3531530748370189,False,0.6239746136326009,37
25.0,1.0,1.3531530748370189,False,0.6239746136326009,37
44.0,1.0,1.3531530748370189,False,0.6239746136326009,37
13.0,1.0,1.3531530748370189,False,0.6239746136326009,37
123.0,1.0,1.3531530748370189,False,0.6239746136326009,37
193.0,1.0,1.3531530748370189,False,0.6239746136326009,37
2.0,1.0,1.3531530748370189,False,0.6239746136326009,37
168.0,1.0,1.3531530748370189,False,0.6239746136326009,37
45.0,1.0,1.3531530748370189,False,0.6239746136326009,37
46.0,1.0,1.3531530748370189,False,0.6239746136326009,37
24.0,1.0,1.3531530748370189,False,0.6239746136326009,37
29.0,1.0,1.3531530748370189,False,0.6239746136326009,37
41.0,1.0,1.3531530748370189,False,0.6239746136326009,37
38.0,1.0,1.3531530748370189,False,0.6239746136326009,37
314.0,0.8046510000000001,1.3531530748370189,False,0.6129391498162499,37
34.0,0.7860469999999999,1.3531530748370189,False,0.6129391498162499,37
311.0,0.734884,1.3531530748370189,False,0.5831394251278181,37
312.0,0.655814,1.3531530748370189,False,0.5564102681791702,37
39.0,0.646512,1.3531530748370189,False,0.5564102681791702,37
310.0,0.665116,1.3531530748370189,False,0.5564102681791702,37
313.0,0.6697669999999999,1.3531530748370189,False,0.5564102681791702,37
105.0,1.0,2.1658250249314452,False,0.543885032625379,37
124.0,1.0,2.7133973770935294,False,0.526337218366449,37
66.0,1.0,3.0316666751145145,False,0.5108038593994592,37
171.0,1.0,2.3212212334718387,False,0.5081362434201484,37
116.0,1.0,2.3212212334718387,False,0.5081362434201484,37
274.0,1.0,2.3212212334718387,False,0.5081362434201484,37
309.0,0.613953,1.3531530748370189,False,0.5001735577407331,37
61.0,1.0,1.4070155270767797,False,0.49149642799840787,37
62.0,1.0,1.4070155270767797,False,0.49149642799840787,37
84.0,1.0,1.4070155270767797,False,0.49149642799840787,37
59.0,1.0,1.4070155270767797,False,0.49149642799840787,37
64.0,1.0,1.4070155270767797,False,0.49149642799840787,37
56.0,1.0,1.4070155270767797,False,0.49149642799840787,37
65.0,1.0,1.4070155270767797,False,0.49149642799840787,37
69.0,1.0,1.4070155270767797,False,0.49149642799840787,37
78.0,1.0,1.4070155270767797,False,0.49149642799840787,37
73.0,1.0,1.4070155270767797,False,0.49149642799840787,37
141.0,1.0,1.4070155270767797,False,0.49149642799840787,37
55.0,1.0,1.4070155270767797,False,0.49149642799840787,37
289.0,1.0,1.4070155270767797,False,0.49149642799840787,37
79.0,1.0,1.4070155270767797,False,0.49149642799840787,37
103.0,1.0,1.4070155270767797,False,0.49149642799840787,37
76.0,1.0,1.4070155270767797,False,0.49149642799840787,37
288.0,1.0,1.4070155270767797,False,0.49149642799840787,37
60.0,1.0,1.4070155270767797,False,0.49149642799840787,37
57.0,1.0,1.4070155270767797,False,0.49149642799840787,37
70.0,1.0,1.4070155270767797,False,0.49149642799840787,37
88.0,1.0,2.402550373745264,False,0.49003446563156616,37
43.0,0.562791,1.3531530748370189,False,0.48785097541047784,37
109.0,0.87907,1.4070155270767797,False,0.4804609641820568,37
35.0,0.581395,1.3531530748370189,False,0.4761087072108017,37
40.0,0.581395,1.3531530748370189,False,0.4761087072108017,37
298.0,0.544186,1.3531530748370189,False,0.4607455784133354,37
8.0,0.544186,1.3531530748370189,False,0.4607455784133354,37
178.0,1.0,1.7419350571506071,False,0.4594830353203932,37
156.0,1.0,1.7419350571506071,False,0.4594830353203932,37
136.0,1.0,1.7419350571506071,False,0.4594830353203932,37
134.0,1.0,1.7419350571506071,False,0.4594830353203932,37
174.0,1.0,1.7419350571506071,False,0.4594830353203932,37
143.0,1.0,1.7419350571506071,False,0.4594830353203932,37
189.0,1.0,1.7419350571506071,False,0.4594830353203932,37
77.0,0.702326,1.4070155270767797,False,0.4506612394936251,37
71.0,0.744186,1.4070155270767797,False,0.4506612394936251,37
107.0,0.655814,1.4070155270767797,False,0.4239320825449771,37
96.0,0.67907,1.4070155270767797,False,0.4239320825449771,37
101.0,1.0,1.823914760047799,False,0.4221309436779177,37
87.0,0.637209,2.402550373745264,False,0.398951357399323,37
15.0,0.539535,1.3531530748370189,False,0.36189501380347733,37
169.0,0.553488,1.7419350571506071,False,0.3616997601654852,37
6.0,0.534884,1.3531530748370189,False,0.3232045168297317,37
1.0,0.530233,1.3531530748370189,False,0.2745204815967829,37
224.0,0.395349,1.3531530748370189,False,0.1956160942991032,37
83.0,0.530233,1.4070155270767797,False,0.1654184005898791,37
119.0,0.483721,2.1658250249314452,False,0.10106087352265815,37
118.0,0.48837200000000003,2.1658250249314452,False,0.10106087352265815,37
7.0,0.5255810000000001,1.3531530748370189,False,0.09782570008824311,37
36.0,0.5255810000000001,1.3531530748370189,False,0.09782570008824311,37
75.0,0.395349,1.4070155270767797,False,0.08651401329219943,37
53.0,0.372093,1.4070155270767797,False,0.08438039033300337,37
50.0,0.372093,1.4070155270767797,False,0.08438039033300337,37
91.0,0.367442,1.4070155270767797,False,0.08438039033300337,37
28.0,0.460465,1.3531530748370189,False,0.07408688417472015,37
16.0,0.483721,1.3531530748370189,False,0.07408688417472015,37
11.0,0.469767,1.3531530748370189,False,0.07408688417472015,37
9.0,0.469767,1.3531530748370189,False,0.07408688417472015,37
135.0,0.483721,1.3531530748370189,False,0.07408688417472015,37
74.0,0.35814,1.4070155270767797,False,0.07202316689812582,37
86.0,0.5162789999999999,2.402550373745264,False,0.07094912244236805,37
90.0,0.5023259999999999,2.402550373745264,False,0.07094912244236805,37
82.0,0.497674,1.4070155270767797,False,-0.011276380918660636,37
85.0,0.49302300000000004,1.4070155270767797,False,-0.035015196832183584,37
102.0,0.474419,1.4070155270767797,False,-0.035015196832183584,37
20.0,0.293023,2.0728969399286132,False,-0.16957219100492885,37
27.0,0.30232600000000004,2.0728969399286132,False,-0.16957219100492885,37
30.0,0.293023,2.0728969399286132,False,-0.16957219100492885,37
192.0,0.339535,1.7419350571506071,False,-0.18727580774647465,37
295.0,0.24186,1.823914760047799,False,-0.19938970065754483,37
89.0,0.237209,1.823914760047799,False,-0.19938970065754483,37
111.0,0.237209,1.823914760047799,False,-0.19938970065754483,37
285.0,0.26976700000000003,2.3212212334718387,False,-0.2126295169314984,37
121.0,0.293023,1.4070155270767797,False,-0.22712171061965275,37
68.0,0.306977,1.4070155270767797,False,-0.22712171061965275,37
120.0,0.297674,1.4070155270767797,False,-0.22712171061965275,37
67.0,0.32093000000000005,1.4070155270767797,False,-0.22712171061965275,37
104.0,0.30232600000000004,1.4070155270767797,False,-0.22712171061965275,37
293.0,0.223256,1.823914760047799,False,-0.22754085426182152,37
196.0,0.265116,1.7419350571506071,False,-0.24140760293394847,37
122.0,0.274419,1.4070155270767797,False,-0.24530322917151257,37
58.0,0.265116,1.4070155270767797,False,-0.24530322917151257,37
117.0,0.23255800000000001,1.4070155270767797,False,-0.2596866152704491,37
142.0,0.237209,1.4070155270767797,False,-0.2596866152704491,37
52.0,0.237209,1.4070155270767797,False,-0.2596866152704491,37
81.0,0.25116299999999997,1.4070155270767797,False,-0.2596866152704491,37
108.0,0.237209,1.4070155270767797,False,-0.2596866152704491,37
49.0,0.227907,1.4070155270767797,False,-0.2596866152704491,37
296.0,0.2,1.3531530748370189,False,-0.3028517696506294,37
31.0,0.16744199999999998,1.3531530748370189,False,-0.3028517696506294,37
95.0,0.2,1.4070155270767797,False,-0.3040681339855849,37
190.0,0.18139500000000003,1.4070155270767797,False,-0.3040681339855849,37
51.0,0.18139500000000003,1.4070155270767797,False,-0.3040681339855849,37
97.0,0.18604700000000002,1.4070155270767797,False,-0.3040681339855849,37
106.0,0.162791,2.1658250249314452,True,-0.30912433190461036,37
177.0,0.139535,2.3212212334718387,False,-0.31036586744366595,37
80.0,0.11627900000000001,2.3212212334718387,False,-0.31036586744366595,37
100.0,0.15814,2.3212212334718387,False,-0.31036586744366595,37
127.0,0.10697699999999999,2.3212212334718387,False,-0.31036586744366595,37
26.0,0.08372099999999999,1.7419350571506071,False,-0.31985656615941765,37
182.0,0.13023300000000002,1.7419350571506071,False,-0.31985656615941765,37
290.0,0.09302300000000001,1.7419350571506071,False,-0.31985656615941765,37
242.0,0.125581,1.7419350571506071,False,-0.31985656615941765,37
236.0,0.08372099999999999,1.7419350571506071,False,-0.31985656615941765,37
129.0,0.148837,1.3531530748370189,False,-0.3225358280620262,37
128.0,0.139535,1.3531530748370189,False,-0.3225358280620262,37
47.0,0.134884,1.4070155270767797,False,-0.3237521923969818,37
98.0,0.144186,1.4070155270767797,False,-0.3237521923969818,37
302.0,0.11627900000000001,1.4070155270767797,False,-0.3237521923969818,37
294.0,0.134884,1.4070155270767797,False,-0.3237521923969818,37
307.0,0.11627900000000001,1.4070155270767797,False,-0.3237521923969818,37
300.0,0.11627900000000001,1.4070155270767797,False,-0.3237521923969818,37
306.0,0.134884,1.4070155270767797,False,-0.3237521923969818,37
305.0,0.12093,1.4070155270767797,False,-0.3237521923969818,37
301.0,0.13023300000000002,1.4070155270767797,False,-0.3237521923969818,37
308.0,0.125581,1.4070155270767797,False,-0.3237521923969818,37
304.0,0.11627900000000001,1.4070155270767797,False,-0.3237521923969818,37
125.0,0.12093,2.1658250249314452,False,-0.32880839031600717,37
12.0,0.08372099999999999,2.1658250249314452,False,-0.32880839031600717,37
114.0,0.037209,2.3212212334718387,False,-0.3471050379610189,37
115.0,0.04186,2.3212212334718387,False,-0.3471050379610189,37
246.0,0.055814,2.3212212334718387,False,-0.3471050379610189,37
262.0,0.04186,2.3212212334718387,False,-0.3471050379610189,37
92.0,0.060465,2.402550373745264,False,-0.34853513520370966,37
219.0,0.051163,1.7419350571506071,False,-0.35659573667677064,37
237.0,0.074419,1.7419350571506071,False,-0.35659573667677064,37
161.0,0.032558,1.7419350571506071,False,-0.35659573667677064,37
249.0,0.074419,1.7419350571506071,False,-0.35659573667677064,37
217.0,0.032558,1.7419350571506071,False,-0.35659573667677064,37
160.0,0.037209,1.7419350571506071,False,-0.35659573667677064,37
248.0,0.037209,1.3531530748370189,False,-0.35927499857937917,37
185.0,0.046512000000000005,1.3531530748370189,False,-0.35927499857937917,37
284.0,0.046512000000000005,1.4070155270767797,False,-0.36049136291433476,37
208.0,0.055814,1.4070155270767797,False,-0.36049136291433476,37
280.0,0.046512000000000005,1.4070155270767797,False,-0.36049136291433476,37
232.0,0.037209,1.4070155270767797,False,-0.36049136291433476,37
67.0,1.0,1.4160731647345355,False,0.614628484467994,60
68.0,0.790698,1.4160731647345355,False,0.603593020651643,60
1.0,1.0,1.1246781530823233,False,0.4980424041700422,60
64.0,1.0,1.341028245834994,False,0.48869627500543544,60
6.0,0.809302,1.1246781530823233,False,0.48700694035369113,60
168.0,1.0,1.665038020435804,False,0.48242409441631656,60
193.0,1.0,1.665038020435804,False,0.48242409441631656,60
44.0,1.0,1.665038020435804,False,0.48242409441631656,60
123.0,1.0,1.665038020435804,False,0.48242409441631656,60
46.0,1.0,1.665038020435804,False,0.48242409441631656,60
45.0,1.0,1.665038020435804,False,0.48242409441631656,60
2.0,1.0,1.665038020435804,False,0.48242409441631656,60
10.0,0.9953489999999999,1.665038020435804,False,0.48242409441631656,60
14.0,1.0,1.665038020435804,False,0.48242409441631656,60
23.0,1.0,1.665038020435804,False,0.48242409441631656,60
24.0,1.0,1.665038020435804,False,0.48242409441631656,60
19.0,0.9767440000000001,1.665038020435804,False,0.48242409441631656,60
29.0,1.0,1.665038020435804,False,0.48242409441631656,60
13.0,1.0,1.665038020435804,False,0.48242409441631656,60
25.0,1.0,1.665038020435804,False,0.48242409441631656,60
18.0,1.0,1.665038020435804,False,0.48242409441631656,60
38.0,1.0,1.665038020435804,False,0.48242409441631656,60
41.0,1.0,1.665038020435804,False,0.48242409441631656,60
22.0,1.0,1.665038020435804,False,0.48242409441631656,60
21.0,1.0,1.665038020435804,False,0.48242409441631656,60
314.0,0.8046510000000001,1.665038020435804,False,0.4713886305999655,60
34.0,0.7860469999999999,1.665038020435804,False,0.4713886305999655,60
65.0,1.0,1.2945053812456575,False,0.46707426665360713,60
274.0,1.0,1.776067583814481,False,0.4490936969378155,60
171.0,1.0,1.776067583814481,False,0.4490936969378155,60
116.0,1.0,1.776067583814481,False,0.4490936969378155,60
105.0,1.0,1.3179747443398497,False,0.4424517853498847,60
311.0,0.734884,1.665038020435804,False,0.44158890591153377,60
7.0,0.660465,1.1246781530823233,False,0.43047805871661143,60
313.0,0.6697669999999999,1.665038020435804,False,0.4148597489628858,60
310.0,0.665116,1.665038020435804,False,0.4148597489628858,60
312.0,0.655814,1.665038020435804,False,0.4148597489628858,60
39.0,0.646512,1.665038020435804,False,0.4148597489628858,60
298.0,1.0,1.8510388094235992,False,0.3953208090859408,60
42.0,1.0,1.8510388094235992,False,0.3953208090859408,60
40.0,1.0,1.8510388094235992,False,0.3953208090859408,60
43.0,1.0,1.8510388094235992,False,0.3953208090859408,60
3.0,1.0,1.8510388094235992,False,0.3953208090859408,60
8.0,0.6418600000000001,1.1246781530823233,False,0.3919950374978734,60
309.0,0.613953,1.665038020435804,False,0.386539238957157,60
36.0,0.87907,1.8510388094235992,False,0.38428534526958974,60
35.0,0.581395,1.665038020435804,False,0.3728985510617323,60
32.0,0.623256,1.8510388094235992,False,0.2994359536267813,60
33.0,0.581395,1.8510388094235992,False,0.28579526573135655,60
12.0,0.539535,1.1246781530823233,False,0.25933890896820794,60
15.0,0.539535,1.665038020435804,False,0.25868485765440785,60
75.0,0.395349,1.341028245834994,False,0.09867811873915261,60
224.0,0.395349,1.665038020435804,False,0.0924059381500337,60
74.0,0.35814,1.341028245834994,False,0.08418727234507897,60
88.0,1.0,1.6925597275018613,False,0.05137969708503118,60
28.0,0.460465,1.665038020435804,False,-0.029123271974349343,60
11.0,0.469767,1.665038020435804,False,-0.029123271974349343,60
9.0,0.469767,1.665038020435804,False,-0.029123271974349343,60
16.0,0.483721,1.665038020435804,False,-0.029123271974349343,60
135.0,0.483721,1.665038020435804,False,-0.029123271974349343,60
87.0,0.637209,1.6925597275018613,False,-0.039703411147212056,60
119.0,0.483721,1.3179747443398497,False,-0.06192774634729039,60
118.0,0.48837200000000003,1.3179747443398497,False,-0.06192774634729039,60
124.0,0.30232600000000004,1.6719576723779614,True,-0.2012245613626779,60
117.0,0.23255800000000001,1.6719576723779614,False,-0.2504077925559816,60
66.0,0.227907,1.6719576723779614,False,-0.2504077925559816,60
106.0,0.162791,1.3179747443398497,False,-0.2592934847558998,60
101.0,0.274419,1.2945053812456575,False,-0.2642215224423086,60
285.0,0.26976700000000003,1.776067583814481,False,-0.2672279352012702,60
70.0,0.223256,1.6719576723779614,False,-0.2785589461602583,60
27.0,0.08837199999999999,1.3179747443398497,False,-0.2793141897693173,60
26.0,0.08837199999999999,1.3179747443398497,False,-0.2793141897693173,60
125.0,0.12093,1.3179747443398497,False,-0.2793141897693173,60
107.0,0.209302,1.4160731647345355,False,-0.3138519669178178,60
76.0,0.2,1.4160731647345355,False,-0.3138519669178178,60
130.0,0.190698,1.4160731647345355,False,-0.3138519669178178,60
109.0,0.218605,1.2945053812456575,False,-0.32298642725638094,60
71.0,0.209302,1.2945053812456575,False,-0.32298642725638094,60
296.0,0.2,1.665038020435804,False,-0.33142276072966953,60
30.0,0.162791,1.665038020435804,False,-0.33142276072966953,60
31.0,0.16744199999999998,1.665038020435804,False,-0.33142276072966953,60
293.0,0.111628,1.776067583814481,False,-0.34601354502876014,60
81.0,0.102326,1.776067583814481,False,-0.34601354502876014,60
127.0,0.10697699999999999,1.776067583814481,False,-0.34601354502876014,60
80.0,0.11627900000000001,1.776067583814481,False,-0.34601354502876014,60
177.0,0.139535,1.776067583814481,False,-0.34601354502876014,60
100.0,0.15814,1.776067583814481,False,-0.34601354502876014,60
129.0,0.148837,1.665038020435804,False,-0.3514434657430871,60
128.0,0.139535,1.665038020435804,False,-0.3514434657430871,60
20.0,0.15814,1.665038020435804,False,-0.3514434657430871,60
69.0,0.13023300000000002,1.665038020435804,False,-0.3514434657430871,60
115.0,0.04186,1.776067583814481,False,-0.3827527155461131,60
114.0,0.037209,1.776067583814481,False,-0.3827527155461131,60
262.0,0.04186,1.776067583814481,False,-0.3827527155461131,60
246.0,0.055814,1.776067583814481,False,-0.3827527155461131,60
61.0,0.051163,1.665038020435804,False,-0.3881826362604401,60
108.0,0.046512000000000005,1.665038020435804,False,-0.3881826362604401,60
248.0,0.037209,1.665038020435804,False,-0.3881826362604401,60
185.0,0.046512000000000005,1.665038020435804,False,-0.3881826362604401,60
60.0,0.037209,1.665038020435804,False,-0.3881826362604401,60
142.0,0.037209,1.665038020435804,False,-0.3881826362604401,60
58.0,0.032558,1.665038020435804,False,-0.3881826362604401,60
91.0,0.032558,1.665038020435804,False,-0.3881826362604401,60
86.0,0.5162789999999999,1.6925597275018613,False,-0.43642885339211185,60
90.0,0.5023259999999999,1.6925597275018613,False,-0.43642885339211185,60
92.0,0.060465,1.6925597275018613,False,-0.7940334147883545,60
121.0,0.060465,1.6925597275018613,False,-0.7940334147883545,60
120.0,0.055814,1.6925597275018613,False,-0.7940334147883545,60
64.0,1.0,1.7672876606124344,False,0.5720599025173781,7
67.0,1.0,2.176641028144471,False,0.5354241423231669,7
68.0,0.790698,2.176641028144471,False,0.5243886785068159,7
106.0,1.0,2.402550373745264,False,0.49003446563156616,7
65.0,1.0,2.216060495148106,False,0.41503010168720583,7
75.0,0.395349,2.1894812002126276,False,0.2221817454091019,7
74.0,0.35814,2.1894812002126276,False,0.18142265869197532,7
19.0,1.0,1.5156813974345618,False,0.15404272912188482,7
23.0,0.9767440000000001,1.5156813974345618,False,0.15404272912188482,7
14.0,0.981395,1.5156813974345618,False,0.15404272912188482,7
10.0,0.9953489999999999,1.5156813974345618,False,0.15404272912188482,7
168.0,1.0,1.5156813974345618,False,0.15404272912188482,7
193.0,1.0,1.5156813974345618,False,0.15404272912188482,7
123.0,1.0,1.5156813974345618,False,0.15404272912188482,7
22.0,1.0,1.5156813974345618,False,0.15404272912188482,7
18.0,1.0,1.5156813974345618,False,0.15404272912188482,7
29.0,1.0,1.5156813974345618,False,0.15404272912188482,7
2.0,1.0,1.5156813974345618,False,0.15404272912188482,7
24.0,1.0,1.5156813974345618,False,0.15404272912188482,7
38.0,1.0,1.5156813974345618,False,0.15404272912188482,7
25.0,1.0,1.5156813974345618,False,0.15404272912188482,7
41.0,1.0,1.5156813974345618,False,0.15404272912188482,7
13.0,1.0,1.5156813974345618,False,0.15404272912188482,7
46.0,1.0,1.5156813974345618,False,0.15404272912188482,7
45.0,1.0,1.5156813974345618,False,0.15404272912188482,7
44.0,1.0,1.5156813974345618,False,0.15404272912188482,7
21.0,1.0,1.5156813974345618,False,0.15404272912188482,7
34.0,0.7860469999999999,1.5156813974345618,False,0.14300726530553376,7
314.0,0.8046510000000001,1.5156813974345618,False,0.14300726530553376,7
125.0,0.372093,2.402550373745264,False,0.14033765337097903,7
311.0,0.734884,1.5156813974345618,False,0.11320754061710209,7
313.0,0.6697669999999999,1.5156813974345618,False,0.0864783836684542,7
39.0,0.646512,1.5156813974345618,False,0.0864783836684542,7
310.0,0.665116,1.5156813974345618,False,0.0864783836684542,7
312.0,0.655814,1.5156813974345618,False,0.0864783836684542,7
309.0,0.613953,1.5156813974345618,False,0.05815787366272536,7
43.0,0.562791,1.5156813974345618,False,0.056259453966976805,7
124.0,1.0,1.6925597275018613,False,0.05137969708503118,7
35.0,0.581395,1.5156813974345618,False,0.044517185767300585,7
40.0,0.581395,1.5156813974345618,False,0.044517185767300585,7
298.0,0.544186,1.5156813974345618,False,0.029154056969834377,7
8.0,0.544186,1.5156813974345618,False,0.029154056969834377,7
1.0,1.0,2.0393732897056265,False,0.004224149491152646,7
6.0,0.809302,2.0393732897056265,False,-0.006811314325198402,7
105.0,1.0,2.1042820576625,False,-0.027472602924668004,7
7.0,0.660465,2.0393732897056265,False,-0.06334019596227805,7
15.0,0.539535,1.5156813974345618,False,-0.06969650764002386,7
117.0,0.23255800000000001,2.1894812002126276,False,-0.1904907899751141,7
66.0,0.227907,2.1894812002126276,False,-0.1904907899751141,7
70.0,0.223256,2.1894812002126276,False,-0.21864194357939082,7
12.0,0.539535,2.0393732897056265,False,-0.21951508727075603,7
101.0,0.274419,2.216060495148106,False,-0.22582044359605757,7
224.0,0.395349,1.5156813974345618,False,-0.23597542714439798,7
76.0,0.209302,2.216060495148106,False,-0.28458534841012983,7
107.0,0.209302,2.216060495148106,False,-0.28458534841012983,7
71.0,0.209302,2.216060495148106,False,-0.28458534841012983,7
109.0,0.218605,2.216060495148106,False,-0.28458534841012983,7
118.0,0.16744199999999998,2.402550373745264,False,-0.2917752596729391,7
119.0,0.15814,2.402550373745264,False,-0.3117959646863567,7
37.0,0.08837199999999999,2.402550373745264,False,-0.3117959646863567,7
77.0,0.08372099999999999,2.402550373745264,False,-0.3117959646863567,7
17.0,0.08837199999999999,2.402550373745264,False,-0.3117959646863567,7
28.0,0.08837199999999999,2.402550373745264,False,-0.3117959646863567,7
130.0,0.190698,2.176641028144471,False,-0.31758522220682256,7
36.0,0.5255810000000001,1.5156813974345618,False,-0.3337658213552581,7
9.0,0.469767,1.5156813974345618,False,-0.357504637268781,7
16.0,0.483721,1.5156813974345618,False,-0.357504637268781,7
11.0,0.469767,1.5156813974345618,False,-0.357504637268781,7
135.0,0.483721,1.5156813974345618,False,-0.357504637268781,7
296.0,0.2,1.5156813974345618,False,-0.6304249205421422,7
31.0,0.16744199999999998,1.5156813974345618,False,-0.6304249205421422,7
30.0,0.162791,1.5156813974345618,False,-0.6304249205421422,7
293.0,0.134884,1.5156813974345618,False,-0.6504456255555597,7
20.0,0.15814,1.5156813974345618,False,-0.6504456255555597,7
27.0,0.134884,1.5156813974345618,False,-0.6504456255555597,7
69.0,0.13023300000000002,1.5156813974345618,False,-0.6504456255555597,7
129.0,0.148837,1.5156813974345618,False,-0.6504456255555597,7
128.0,0.139535,1.5156813974345618,False,-0.6504456255555597,7
26.0,0.08837199999999999,2.1042820576625,False,-0.6546063374333718,7
108.0,0.046512000000000005,1.5156813974345618,False,-0.6871847960729127,7
248.0,0.037209,1.5156813974345618,False,-0.6871847960729127,7
185.0,0.046512000000000005,1.5156813974345618,False,-0.6871847960729127,7
61.0,0.051163,1.5156813974345618,False,-0.6871847960729127,7
58.0,0.032558,1.5156813974345618,False,-0.6871847960729127,7
142.0,0.037209,1.5156813974345618,False,-0.6871847960729127,7
60.0,0.037209,1.5156813974345618,False,-0.6871847960729127,7
91.0,0.032558,1.5156813974345618,False,-0.6871847960729127,7
70.0,1.0,4.226424196672404,False,0.37201560586845706,451
109.0,0.87907,4.226424196672404,False,0.360980142052106,451
310.0,0.772093,4.1014344279195845,False,0.3535037591443115,451
36.0,0.87907,4.1014344279195845,False,0.3535037591443115,451
312.0,0.8,4.1014344279195845,False,0.3535037591443115,451
313.0,0.790698,4.1014344279195845,False,0.3535037591443115,451
34.0,0.6930230000000001,4.1014344279195845,False,0.3390350973784276,451
43.0,0.7209300000000001,4.1014344279195845,False,0.3390350973784276,451
41.0,0.734884,4.1014344279195845,False,0.3390350973784276,451
39.0,0.6976739999999999,4.1014344279195845,False,0.3390350973784276,451
71.0,0.744186,4.1014344279195845,False,0.3390350973784276,451
177.0,1.0,4.381247547721895,False,0.325768724906092,451
130.0,1.0,4.1014344279195845,False,0.31968007552125366,451
298.0,1.0,4.1014344279195845,False,0.31968007552125366,451
123.0,1.0,4.1014344279195845,False,0.31968007552125366,451
311.0,1.0,4.1014344279195845,False,0.31968007552125366,451
107.0,1.0,4.1014344279195845,False,0.31968007552125366,451
77.0,0.660465,4.1014344279195845,False,0.3123059404297796,451
76.0,0.655814,4.1014344279195845,False,0.3123059404297796,451
40.0,0.637209,4.1014344279195845,False,0.28878717765096723,451
314.0,0.6,4.1014344279195845,False,0.2469686379013369,451
300.0,0.7534879999999999,4.492146358165263,False,0.23040022154547016,451
304.0,0.7534879999999999,4.492146358165263,True,0.23040022154547016,451
302.0,0.7534879999999999,4.492146358165263,True,0.23040022154547016,451
299.0,0.6930230000000001,4.492146358165263,True,0.21593155977958625,451
301.0,0.739535,4.492146358165263,False,0.21593155977958625,451
306.0,0.6976739999999999,4.492146358165263,False,0.21593155977958625,451
308.0,0.7488370000000001,4.492146358165263,False,0.21593155977958625,451
305.0,0.706977,4.492146358165263,False,0.21593155977958625,451
307.0,1.0,4.492146358165263,False,0.1965765379224123,451
132.0,0.5023259999999999,4.1014344279195845,False,0.010048365008654359,451
303.0,0.37674399999999997,4.492146358165263,False,0.006867314754089339,451
102.0,0.432558,4.1014344279195845,False,-0.013690450904868624,451
96.0,1.0,4.005640151128899,False,-0.11228778109872428,451
249.0,1.0,3.995597986059241,False,-0.11228778109872428,451
108.0,1.0,3.995597986059241,False,-0.11228778109872428,451
57.0,1.0,3.995597986059241,False,-0.11228778109872428,451
97.0,1.0,4.005640151128899,False,-0.11228778109872428,451
54.0,1.0,3.995597986059241,False,-0.11228778109872428,451
3.0,0.683721,3.995597986059241,False,-0.1196619161901983,451
114.0,1.0,4.3008976687914,False,-0.12583341012568347,451
115.0,1.0,4.3008976687914,False,-0.12583341012568347,451
49.0,0.781395,4.349411808056104,False,-0.13468262467667017,451
192.0,1.0,4.349411808056104,False,-0.168506308299728,451
274.0,1.0,4.349411808056104,False,-0.168506308299728,451
91.0,1.0,4.349411808056104,False,-0.168506308299728,451
58.0,1.0,4.349411808056104,False,-0.168506308299728,451
52.0,1.0,4.349411808056104,False,-0.168506308299728,451
131.0,0.339535,4.1014344279195845,False,-0.1983387926199232,451
66.0,0.33488399999999996,4.1014344279195845,False,-0.2310472896509394,451
124.0,0.311628,4.1014344279195845,False,-0.2444303205565046,451
111.0,0.237209,4.1014344279195845,False,-0.31290093903650656,451
65.0,0.227907,4.1014344279195845,False,-0.31290093903650656,451
101.0,0.24186,4.1014344279195845,False,-0.31290093903650656,451
64.0,0.223256,4.1014344279195845,False,-0.3240747736617467,451
81.0,0.223256,4.1014344279195845,False,-0.3240747736617467,451
142.0,0.390698,4.349411808056104,False,-0.33483942684076173,451
61.0,0.35814,4.349411808056104,False,-0.3369283867319126,451
60.0,0.367442,4.349411808056104,False,-0.3369730497999578,451
67.0,0.209302,4.1014344279195845,False,-0.3403051387726059,451
293.0,0.18604700000000002,4.1014344279195845,False,-0.3403051387726059,451
110.0,0.21395299999999998,4.1014344279195845,False,-0.3403051387726059,451
171.0,0.139535,4.381247547721895,False,-0.3539005477991644,451
95.0,0.23255800000000001,3.536862338749813,False,-0.5581432075927828,451
136.0,0.339535,4.349411808056104,False,-0.5791782271384243,451
53.0,0.190698,3.536862338749813,False,-0.5855474073288822,451
50.0,0.190698,3.536862338749813,False,-0.5855474073288822,451
63.0,0.172093,3.536862338749813,False,-0.5855474073288822,451
285.0,0.26976700000000003,4.349411808056104,False,-0.6333100223258981,451
116.0,0.102326,3.995597986059241,False,-0.6388997859733478,451
134.0,0.074419,3.995597986059241,False,-0.6801611897713096,451
169.0,0.065116,3.995597986059241,False,-0.6801611897713096,451
69.0,0.074419,3.995597986059241,False,-0.6801611897713096,451
1.0,0.074419,3.995597986059241,False,-0.6801611897713096,451
6.0,0.074419,3.995597986059241,False,-0.6801611897713096,451
11.0,0.074419,3.995597986059241,False,-0.6801611897713096,451
80.0,0.074419,3.995597986059241,False,-0.6801611897713096,451
237.0,0.09302300000000001,4.349411808056104,False,-0.6951183131743516,451
100.0,0.15814,4.349411808056104,False,-0.6951183131743516,451
246.0,0.055814,4.349411808056104,False,-0.7363797169723133,451
236.0,0.065116,4.349411808056104,False,-0.7363797169723133,451
262.0,0.04186,4.349411808056104,False,-0.7363797169723133,451
177.0,1.0,1.136951769255531,False,0.5745797243670552,449
110.0,1.0,0.9328940733872192,False,0.5675155383260636,449
111.0,0.734884,0.9328940733872192,False,0.526680349821281,449
71.0,1.0,1.3799761976920062,False,0.482150298833801,449
70.0,1.0,1.3799761976920062,False,0.482150298833801,449
58.0,1.0,1.5401582072782256,False,0.478143790217092,449
109.0,0.87907,1.3799761976920062,False,0.47111483501744994,449
123.0,1.0,1.5356680331472403,False,0.47073409766026997,449
107.0,1.0,1.5356680331472403,False,0.47073409766026997,449
311.0,1.0,1.5356680331472403,False,0.47073409766026997,449
130.0,1.0,1.5356680331472403,False,0.47073409766026997,449
298.0,1.0,1.5356680331472403,False,0.47073409766026997,449
65.0,1.0,1.2476205094098916,False,0.469715597303556,449
64.0,1.0,1.2476205094098916,False,0.469715597303556,449
312.0,0.8,1.5356680331472403,False,0.4596986338439189,449
313.0,0.790698,1.5356680331472403,False,0.4596986338439189,449
36.0,0.87907,1.5356680331472403,False,0.4596986338439189,449
310.0,0.772093,1.5356680331472403,False,0.4596986338439189,449
57.0,1.0,1.4629961183780176,False,0.4569995225896148,449
96.0,1.0,1.4629961183780176,False,0.4569995225896148,449
192.0,1.0,1.4629961183780176,False,0.4569995225896148,449
52.0,1.0,1.4629961183780176,False,0.4569995225896148,449
274.0,1.0,1.4629961183780176,False,0.4569995225896148,449
91.0,1.0,1.4629961183780176,False,0.4569995225896148,449
49.0,0.781395,1.4629961183780176,False,0.4459640587732637,449
39.0,0.6976739999999999,1.5356680331472403,False,0.4298989091554872,449
41.0,0.734884,1.5356680331472403,False,0.4298989091554872,449
34.0,0.6930230000000001,1.5356680331472403,False,0.4298989091554872,449
43.0,0.7209300000000001,1.5356680331472403,False,0.4298989091554872,449
77.0,0.660465,1.5356680331472403,False,0.40316975220683926,449
76.0,0.655814,1.5356680331472403,False,0.40316975220683926,449
40.0,0.637209,1.5356680331472403,False,0.3646867309881012,449
314.0,0.6,1.5356680331472403,False,0.34624429586576005,449
295.0,0.38604700000000003,0.9328940733872192,False,0.19741537591728495,449
81.0,0.35814,0.9328940733872192,False,0.18292452952321128,449
117.0,1.0,1.5363351256428013,False,0.13664597103227516,449
142.0,0.390698,1.4629961183780176,False,0.08911345945674823,449
60.0,0.367442,1.4629961183780176,False,0.08697983649755214,449
75.0,0.395349,1.2476205094098916,False,0.07969744103727322,449
66.0,0.34883699999999995,1.3799761976920062,False,0.07764129617344462,449
61.0,0.35814,1.4629961183780176,False,0.07462261306267459,449
74.0,0.35814,1.2476205094098916,False,0.06520659464319961,449
132.0,0.5023259999999999,1.5356680331472403,False,-0.03203871125679851,449
102.0,0.432558,1.5356680331472403,False,-0.055777527170321486,449
171.0,0.139535,1.136951769255531,False,-0.08007788885662678,449
101.0,0.204651,0.9328940733872192,False,-0.10927845022974644,449
124.0,0.18604700000000002,0.9328940733872192,False,-0.10927845022974644,449
136.0,0.339535,1.4629961183780176,False,-0.17532354936073025,449
131.0,0.339535,1.5356680331472403,False,-0.19098900384652354,449
50.0,0.325581,1.4629961183780176,False,-0.19465549945383698,449
53.0,0.330233,1.4629961183780176,False,-0.19465549945383698,449
285.0,0.26976700000000003,1.4629961183780176,False,-0.22945534454820404,449
108.0,0.227907,1.5401582072782256,False,-0.23288278592772593,449
97.0,0.237209,1.5401582072782256,False,-0.23288278592772593,449
67.0,0.32093000000000005,1.2476205094098916,False,-0.2339382828745789,449
68.0,0.306977,1.2476205094098916,False,-0.2339382828745789,449
293.0,0.18604700000000002,1.5356680331472403,False,-0.28726737730556245,449
95.0,0.172093,1.4629961183780176,False,-0.28822024936227636,449
63.0,0.15814,1.4629961183780176,False,-0.308240954375694,449
100.0,0.15814,1.4629961183780176,False,-0.308240954375694,449
237.0,0.09302300000000001,1.4629961183780176,False,-0.308240954375694,449
262.0,0.04186,1.4629961183780176,False,-0.34498012489304697,449
236.0,0.065116,1.4629961183780176,False,-0.34498012489304697,449
246.0,0.055814,1.4629961183780176,False,-0.34498012489304697,449
89.0,0.18139500000000003,1.5363351256428013,False,-0.6311934535723401,449
189.0,1.0,1.4856983541687239,False,0.555070751724712,3
143.0,1.0,1.4856983541687239,False,0.555070751724712,3
178.0,1.0,1.4856983541687239,False,0.555070751724712,3
168.0,1.0,1.4856983541687239,False,0.555070751724712,3
174.0,1.0,1.4856983541687239,False,0.555070751724712,3
134.0,1.0,1.4856983541687239,False,0.555070751724712,3
136.0,1.0,1.4856983541687239,False,0.555070751724712,3
156.0,1.0,1.4856983541687239,False,0.555070751724712,3
1.0,1.0,3.2328464106950023,False,0.543885032625379,3
14.0,0.981395,2.1416932301721503,False,0.5356833475310558,3
23.0,0.9767440000000001,2.1416932301721503,False,0.5356833475310558,3
21.0,1.0,2.1416932301721503,False,0.5356833475310558,3
19.0,1.0,2.1416932301721503,False,0.5356833475310558,3
18.0,1.0,2.1416932301721503,False,0.5356833475310558,3
41.0,1.0,2.1416932301721503,False,0.5356833475310558,3
45.0,1.0,2.1416932301721503,False,0.5356833475310558,3
22.0,1.0,2.1416932301721503,False,0.5356833475310558,3
10.0,0.9953489999999999,2.1416932301721503,False,0.5356833475310558,3
46.0,1.0,2.1416932301721503,False,0.5356833475310558,3
44.0,1.0,2.1416932301721503,False,0.5356833475310558,3
193.0,1.0,2.1416932301721503,False,0.5356833475310558,3
123.0,1.0,2.1416932301721503,False,0.5356833475310558,3
2.0,1.0,2.1416932301721503,False,0.5356833475310558,3
13.0,1.0,2.1416932301721503,False,0.5356833475310558,3
24.0,1.0,2.1416932301721503,False,0.5356833475310558,3
25.0,1.0,2.1416932301721503,False,0.5356833475310558,3
38.0,1.0,2.1416932301721503,False,0.5356833475310558,3
29.0,1.0,2.1416932301721503,False,0.5356833475310558,3
6.0,0.809302,3.2328464106950023,False,0.532849568809028,3
124.0,1.0,2.770381193703237,False,0.5259945662135288,3
314.0,0.8046510000000001,2.1416932301721503,False,0.5246478837147048,3
34.0,0.7860469999999999,2.1416932301721503,False,0.5246478837147048,3
116.0,1.0,2.5616316318754624,False,0.5167275827394501,3
171.0,1.0,2.5616316318754624,False,0.5167275827394501,3
274.0,1.0,2.5616316318754624,False,0.5167275827394501,3
105.0,1.0,2.8996275052944056,False,0.49822682133369744,3
69.0,1.0,0.90085796062427,False,0.4980424041700422,3
311.0,0.734884,2.1416932301721503,False,0.4948481590262731,3
7.0,0.660465,3.2328464106950023,False,0.4763206871719485,3
313.0,0.6697669999999999,2.1416932301721503,False,0.46811900207762513,3
39.0,0.646512,2.1416932301721503,False,0.46811900207762513,3
312.0,0.655814,2.1416932301721503,False,0.46811900207762513,3
310.0,0.665116,2.1416932301721503,False,0.46811900207762513,3
8.0,0.6418600000000001,3.2328464106950023,False,0.452801924393136,3
169.0,0.553488,1.4856983541687239,False,0.4370238221261394,3
56.0,1.0,1.7208903142394998,False,0.42792861944008925,3
55.0,1.0,1.7208903142394998,False,0.42792861944008925,3
59.0,1.0,1.7208903142394998,False,0.42792861944008925,3
57.0,1.0,1.7208903142394998,False,0.42792861944008925,3
84.0,1.0,1.7208903142394998,False,0.42792861944008925,3
79.0,1.0,1.7208903142394998,False,0.42792861944008925,3
103.0,1.0,1.7208903142394998,False,0.42792861944008925,3
141.0,1.0,1.7208903142394998,False,0.42792861944008925,3
289.0,1.0,1.7208903142394998,False,0.42792861944008925,3
288.0,1.0,1.7208903142394998,False,0.42792861944008925,3
60.0,1.0,1.7208903142394998,False,0.42792861944008925,3
78.0,1.0,1.7208903142394998,False,0.42792861944008925,3
70.0,1.0,1.7208903142394998,False,0.42792861944008925,3
73.0,1.0,1.7208903142394998,False,0.42792861944008925,3
76.0,1.0,1.7208903142394998,False,0.42792861944008925,3
62.0,1.0,1.7208903142394998,False,0.42792861944008925,3
65.0,1.0,1.7208903142394998,False,0.42792861944008925,3
64.0,1.0,1.7208903142394998,False,0.42792861944008925,3
61.0,1.0,1.7208903142394998,False,0.42792861944008925,3
106.0,1.0,1.823914760047799,False,0.4221309436779177,3
109.0,0.87907,1.7208903142394998,False,0.4168931556237382,3
309.0,0.613953,2.1416932301721503,False,0.41188229163918805,3
88.0,1.0,2.644779002762438,False,0.4068077882069653,3
43.0,0.562791,2.1416932301721503,False,0.3995597093089328,3
40.0,0.581395,2.1416932301721503,False,0.3878174411092566,3
35.0,0.581395,2.1416932301721503,False,0.3878174411092566,3
77.0,0.702326,1.7208903142394998,False,0.38709343093530646,3
71.0,0.744186,1.7208903142394998,False,0.38709343093530646,3
298.0,0.544186,2.1416932301721503,False,0.3724543123117904,3
96.0,0.67907,1.7208903142394998,False,0.3603642739866585,3
107.0,0.655814,1.7208903142394998,False,0.3603642739866585,3
87.0,0.637209,2.644779002762438,False,0.31572467997472214,3
12.0,0.539535,3.2328464106950023,False,0.2967696912361812,3
15.0,0.539535,2.1416932301721503,False,0.27360374770193224,3
224.0,0.395349,2.1416932301721503,False,0.1994241401127923,3
83.0,0.530233,1.7208903142394998,False,0.12398268516497679,3
125.0,0.372093,1.823914760047799,False,0.10711421792774731,3
36.0,0.5255810000000001,2.1416932301721503,False,0.10163374590193215,3
135.0,0.483721,1.4856983541687239,False,0.0855734723249664,3
28.0,0.460465,2.1416932301721503,False,0.07789492998840922,3
9.0,0.469767,2.1416932301721503,False,0.07789492998840922,3
11.0,0.469767,2.1416932301721503,False,0.07789492998840922,3
16.0,0.483721,2.1416932301721503,False,0.07789492998840922,3
119.0,0.483721,2.8996275052944056,False,0.07753475536439275,3
118.0,0.48837200000000003,2.8996275052944056,False,0.07753475536439275,3
75.0,0.395349,1.7208903142394998,False,0.04507829786729712,3
192.0,0.339535,1.4856983541687239,False,0.04464225611353642,3
53.0,0.372093,1.7208903142394998,False,0.04294467490810105,3
50.0,0.372093,1.7208903142394998,False,0.04294467490810105,3
91.0,0.367442,1.7208903142394998,False,0.04294467490810105,3
74.0,0.35814,1.7208903142394998,False,0.03058745147322349,3
196.0,0.265116,1.4856983541687239,False,-0.009489539073937361,3
90.0,0.5023259999999999,2.644779002762438,False,-0.01227755498223274,3
86.0,0.5162789999999999,2.644779002762438,False,-0.01227755498223274,3
82.0,0.497674,1.7208903142394998,False,-0.05271209634356294,3
102.0,0.474419,1.7208903142394998,False,-0.07645091225708589,3
85.0,0.49302300000000004,1.7208903142394998,False,-0.07645091225708589,3
290.0,0.09302300000000001,1.4856983541687239,False,-0.11961184871109953,3
182.0,0.13023300000000002,1.4856983541687239,False,-0.11961184871109953,3
31.0,0.08837199999999999,1.4856983541687239,False,-0.11961184871109953,3
242.0,0.125581,1.4856983541687239,False,-0.11961184871109953,3
236.0,0.08372099999999999,1.4856983541687239,False,-0.11961184871109953,3
30.0,0.102326,1.4856983541687239,False,-0.11961184871109953,3
20.0,0.08837199999999999,1.4856983541687239,False,-0.11961184871109953,3
26.0,0.08372099999999999,1.4856983541687239,False,-0.11961184871109953,3
160.0,0.037209,1.4856983541687239,False,-0.15635101922845251,3
108.0,0.032558,1.4856983541687239,False,-0.15635101922845251,3
161.0,0.032558,1.4856983541687239,False,-0.15635101922845251,3
219.0,0.051163,1.4856983541687239,False,-0.15635101922845251,3
58.0,0.037209,1.4856983541687239,False,-0.15635101922845251,3
249.0,0.074419,1.4856983541687239,False,-0.15635101922845251,3
217.0,0.032558,1.4856983541687239,False,-0.15635101922845251,3
294.0,0.04186,1.4856983541687239,False,-0.15635101922845251,3
237.0,0.074419,1.4856983541687239,False,-0.15635101922845251,3
66.0,0.33488399999999996,1.7208903142394998,False,-0.18348719639419783,3
68.0,0.306977,1.7208903142394998,False,-0.19687022729976303,3
67.0,0.32093000000000005,1.7208903142394998,False,-0.19687022729976303,3
104.0,0.306977,1.7208903142394998,False,-0.19687022729976303,3
120.0,0.297674,1.7208903142394998,False,-0.19687022729976303,3
121.0,0.306977,1.7208903142394998,False,-0.19687022729976303,3
27.0,0.30232600000000004,1.7208903142394998,False,-0.19687022729976303,3
101.0,0.274419,1.7208903142394998,True,-0.21505174585162293,3
122.0,0.274419,1.7208903142394998,False,-0.21505174585162293,3
142.0,0.24186,1.7208903142394998,False,-0.22943513195055948,3
117.0,0.23255800000000001,1.7208903142394998,False,-0.22943513195055948,3
52.0,0.237209,1.7208903142394998,False,-0.22943513195055948,3
49.0,0.227907,1.7208903142394998,False,-0.22943513195055948,3
81.0,0.25116299999999997,1.7208903142394998,False,-0.22943513195055948,3
285.0,0.26976700000000003,2.5616316318754624,False,-0.23609739655635253,3
295.0,0.223256,1.7208903142394998,False,-0.25758628555483615,3
37.0,0.08837199999999999,1.823914760047799,False,-0.2637919243860982,3
17.0,0.08837199999999999,1.823914760047799,False,-0.2637919243860982,3
97.0,0.18604700000000002,1.7208903142394998,False,-0.27381665066569527,3
95.0,0.2,1.7208903142394998,False,-0.27381665066569527,3
190.0,0.17674399999999998,1.7208903142394998,False,-0.27381665066569527,3
51.0,0.18139500000000003,1.7208903142394998,False,-0.27381665066569527,3
296.0,0.2,2.1416932301721503,False,-0.273851515152827,3
306.0,0.134884,1.7208903142394998,False,-0.2938373556791128,3
47.0,0.134884,1.7208903142394998,False,-0.2938373556791128,3
307.0,0.11627900000000001,1.7208903142394998,False,-0.2938373556791128,3
302.0,0.11627900000000001,1.7208903142394998,False,-0.2938373556791128,3
301.0,0.13023300000000002,1.7208903142394998,False,-0.2938373556791128,3
98.0,0.144186,1.7208903142394998,False,-0.2938373556791128,3
308.0,0.125581,1.7208903142394998,False,-0.2938373556791128,3
305.0,0.12093,1.7208903142394998,False,-0.2938373556791128,3
304.0,0.11627900000000001,1.7208903142394998,False,-0.2938373556791128,3
300.0,0.11627900000000001,1.7208903142394998,False,-0.2938373556791128,3
129.0,0.148837,2.1416932301721503,False,-0.29387222016624465,3
293.0,0.134884,2.1416932301721503,False,-0.29387222016624465,3
128.0,0.139535,2.1416932301721503,False,-0.29387222016624465,3
280.0,0.046512000000000005,1.7208903142394998,False,-0.3305765261964658,3
232.0,0.037209,1.7208903142394998,False,-0.3305765261964658,3
208.0,0.055814,1.7208903142394998,False,-0.3305765261964658,3
284.0,0.046512000000000005,1.7208903142394998,False,-0.3305765261964658,3
185.0,0.046512000000000005,2.1416932301721503,False,-0.3306113906835976,3
248.0,0.037209,2.1416932301721503,False,-0.3306113906835976,3
80.0,0.11627900000000001,2.5616316318754624,False,-0.3341703936705407,3
177.0,0.139535,2.5616316318754624,False,-0.3341703936705407,3
127.0,0.10697699999999999,2.5616316318754624,False,-0.3341703936705407,3
100.0,0.15814,2.5616316318754624,False,-0.3341703936705407,3
114.0,0.037209,2.5616316318754624,False,-0.37090956418789367,3
115.0,0.04186,2.5616316318754624,False,-0.37090956418789367,3
246.0,0.055814,2.5616316318754624,False,-0.37090956418789367,3
262.0,0.04186,2.5616316318754624,False,-0.37090956418789367,3
92.0,0.060465,2.644779002762438,False,-0.4611396079910119,3
123.0,1.0,12.017721796674275,False,0.1279687363115824,70
130.0,1.0,12.017721796674275,False,0.1279687363115824,70
202.0,1.0,12.017721796674275,False,0.1279687363115824,70
95.0,1.0,13.709844968559022,False,0.12305554760912486,70
96.0,1.0,14.697690027237403,False,0.11982463870797004,70
108.0,1.0,8.6962483601329,False,0.09157176559340663,70
57.0,0.67907,14.697690027237403,False,0.08801100772021316,70
53.0,0.7767440000000001,15.143797030583093,False,-0.009344033172864086,70
82.0,0.781395,14.91993525241403,False,-0.009344033172864086,70
85.0,0.781395,14.91993525241403,False,-0.009344033172864086,70
61.0,1.0,14.518491459640765,False,-0.04316771679592193,70
84.0,1.0,14.91993525241403,False,-0.04316771679592193,70
50.0,1.0,15.143797030583093,False,-0.04316771679592193,70
92.0,1.0,15.136232062355045,False,-0.04316771679592193,70
83.0,1.0,14.91993525241403,False,-0.04316771679592193,70
304.0,1.0,11.971685123415948,False,-0.12948608163232392,70
302.0,0.7534879999999999,11.971685123415948,False,-0.14052154544867498,70
300.0,0.739535,11.971685123415948,False,-0.17032127013710666,70
301.0,0.739535,11.971685123415948,False,-0.17032127013710666,70
299.0,0.7209300000000001,11.971685123415948,False,-0.17032127013710666,70
60.0,0.37674399999999997,14.518491459640765,False,-0.17563800803161994,70
91.0,0.35814,14.518491459640765,False,-0.20399520824582384,70
132.0,0.5023259999999999,12.017721796674275,False,-0.21174558181157446,70
58.0,0.237209,14.697690027237403,False,-0.32982338932947536,70
142.0,0.293023,8.6962483601329,False,-0.33819744632662446,70
97.0,0.23255800000000001,13.709844968559022,False,-0.33896335876236744,70
131.0,0.339535,12.017721796674275,False,-0.3600263027137017,70
52.0,0.172093,13.709844968559022,False,-0.36636755849846675,70
308.0,0.37674399999999997,11.971685123415948,False,-0.3701659940507478,70
303.0,0.35814,11.971685123415948,False,-0.37225495394189867,70
306.0,0.35814,11.971685123415948,False,-0.37225495394189867,70
307.0,0.367442,11.971685123415948,False,-0.37229961700994385,70
305.0,0.372093,11.971685123415948,False,-0.37229961700994385,70
63.0,0.15814,14.697690027237403,False,-0.37724829407899224,70
124.0,0.204651,12.017721796674275,False,-0.3866465784801227,70
64.0,0.204651,12.017721796674275,False,-0.3866465784801227,70
293.0,0.18604700000000002,12.017721796674275,False,-0.3866465784801227,70
76.0,0.18604700000000002,12.017721796674275,False,-0.3866465784801227,70
109.0,0.190698,12.017721796674275,False,-0.3866465784801227,70
67.0,0.190698,12.017721796674275,False,-0.3866465784801227,70
71.0,0.18604700000000002,12.017721796674275,False,-0.3866465784801227,70
49.0,0.223256,14.518491459640765,False,-0.3945359467820088,70
244.0,0.08372099999999999,12.017721796674275,False,-0.40666728349354025,70
157.0,0.102326,12.017721796674275,False,-0.40666728349354025,70
310.0,0.172093,15.136232062355045,False,-0.410766311892868,70
35.0,0.148837,15.136232062355045,False,-0.43078701690628557,70
25.0,0.09302300000000001,14.91993525241403,False,-0.43078701690628557,70
18.0,0.09302300000000001,14.91993525241403,False,-0.43078701690628557,70
45.0,0.102326,14.91993525241403,False,-0.43078701690628557,70
294.0,0.134884,14.91993525241403,False,-0.43078701690628557,70
20.0,0.08837199999999999,14.91993525241403,False,-0.43078701690628557,70
69.0,0.153488,15.136232062355045,False,-0.43078701690628557,70
47.0,0.111628,14.91993525241403,False,-0.43078701690628557,70
22.0,0.10697699999999999,14.91993525241403,False,-0.43078701690628557,70
56.0,0.10697699999999999,14.91993525241403,False,-0.43078701690628557,70
11.0,0.11627900000000001,14.91993525241403,False,-0.43078701690628557,70
6.0,0.097674,14.91993525241403,False,-0.43078701690628557,70
309.0,0.097674,14.91993525241403,False,-0.43078701690628557,70
296.0,0.148837,15.136232062355045,False,-0.43078701690628557,70
31.0,0.08837199999999999,14.91993525241403,False,-0.43078701690628557,70
312.0,0.144186,15.136232062355045,False,-0.43078701690628557,70
311.0,0.144186,15.136232062355045,False,-0.43078701690628557,70
15.0,0.10697699999999999,14.91993525241403,False,-0.43078701690628557,70
3.0,0.144186,15.136232062355045,False,-0.43078701690628557,70
36.0,0.148837,15.136232062355045,False,-0.43078701690628557,70
298.0,0.144186,15.136232062355045,False,-0.43078701690628557,70
299.0,1.0,1.7543328359672532,False,0.5606007376432863,413
249.0,1.0,1.7543328359672532,False,0.5606007376432863,413
130.0,1.0,1.7543328359672532,False,0.5606007376432863,413
108.0,1.0,1.7543328359672532,False,0.5606007376432863,413
302.0,1.0,1.7543328359672532,False,0.5606007376432863,413
54.0,1.0,1.7543328359672532,False,0.5606007376432863,413
57.0,1.0,1.7543328359672532,False,0.5606007376432863,413
310.0,1.0,1.7543328359672532,False,0.5606007376432863,413
304.0,0.7534879999999999,1.7543328359672532,False,0.5495652738269353,413
300.0,0.7534879999999999,1.7543328359672532,False,0.5495652738269353,413
311.0,0.772093,1.7543328359672532,False,0.5495652738269353,413
301.0,0.6976739999999999,1.7543328359672532,False,0.5197655491385036,413
313.0,0.702326,1.7543328359672532,False,0.5197655491385036,413
312.0,0.7209300000000001,1.7543328359672532,False,0.5197655491385036,413
309.0,1.0,1.4433028640420833,False,0.4980424041700422,413
307.0,1.0,0.9296545825207545,False,0.4980424041700422,413
41.0,0.665116,1.7543328359672532,False,0.4930363921898556,413
96.0,0.67907,1.7543328359672532,False,0.4930363921898556,413
39.0,0.6511629999999999,1.7543328359672532,False,0.4930363921898556,413
3.0,0.683721,1.7543328359672532,False,0.4930363921898556,413
115.0,1.0,1.3653909738660959,False,0.4865832392959504,413
114.0,1.0,1.3653909738660959,False,0.4865832392959504,413
52.0,1.0,1.3736330879290835,False,0.4832652947271821,413
91.0,1.0,1.3736330879290835,False,0.4832652947271821,413
274.0,1.0,1.3736330879290835,False,0.4832652947271821,413
58.0,1.0,1.3736330879290835,False,0.4832652947271821,413
192.0,1.0,1.3736330879290835,False,0.4832652947271821,413
65.0,1.0,1.391761090091094,False,0.48196676762952045,413
64.0,1.0,1.391761090091094,False,0.48196676762952045,413
110.0,1.0,0.550540786523069,False,0.4773517847652194,413
49.0,0.781395,1.3736330879290835,False,0.47222983091083104,413
43.0,0.6418600000000001,1.7543328359672532,False,0.46951762941104325,413
34.0,0.637209,1.7543328359672532,False,0.46951762941104325,413
71.0,1.0,1.2698092114414845,False,0.4640737937017129,413
70.0,1.0,1.2698092114414845,False,0.4640737937017129,413
97.0,1.0,1.6069280927159726,False,0.45775431243491993,413
308.0,0.7488370000000001,0.9296545825207545,False,0.4572072156652594,413
305.0,0.706977,0.9296545825207545,False,0.4572072156652594,413
306.0,0.6976739999999999,0.9296545825207545,False,0.4572072156652594,413
109.0,0.87907,1.2698092114414845,False,0.45303832988536186,413
40.0,0.613953,1.7543328359672532,False,0.4517639401913443,413
111.0,0.734884,0.550540786523069,True,0.4365165962604366,413
24.0,0.613953,1.4433028640420833,False,0.3871932902709571,413
7.0,0.595349,1.4433028640420833,False,0.3735526023755323,413
15.0,0.6,1.4433028640420833,False,0.3735526023755323,413
1.0,0.6,1.4433028640420833,False,0.3735526023755323,413
25.0,0.604651,1.4433028640420833,False,0.3735526023755323,413
6.0,0.5906980000000001,1.4433028640420833,False,0.3735526023755323,413
8.0,0.5906980000000001,1.4433028640420833,False,0.3735526023755323,413
18.0,0.539535,1.4433028640420833,False,0.25933890896820794,413
28.0,0.534884,1.4433028640420833,False,0.22064841199446233,413
303.0,0.37674399999999997,1.7543328359672532,False,0.14720647674971438,413
142.0,0.390698,1.3736330879290835,False,0.1101856647612848,413
60.0,0.367442,1.3736330879290835,False,0.10805204180208874,413
61.0,0.35814,1.3736330879290835,False,0.09569481836721119,413
75.0,0.395349,1.391761090091094,False,0.09194861136323768,413
295.0,0.38604700000000003,0.550540786523069,False,0.08733362849893664,413
119.0,1.0,1.6588080933934335,False,0.08284229429764027,413
74.0,0.35814,1.391761090091094,False,0.07745776496916404,413
81.0,0.35814,0.550540786523069,False,0.07284278210486303,413
118.0,0.9069769999999999,1.6588080933934335,False,0.07180683048128922,413
66.0,0.34883699999999995,1.2698092114414845,False,0.05956479104135656,413
132.0,0.5023259999999999,1.7543328359672532,False,0.04941608253885428,413
136.0,0.339535,1.3736330879290835,False,-0.11609320313382981,413
53.0,0.330233,1.3736330879290835,False,-0.1354251532269365,413
50.0,0.325581,1.3736330879290835,False,-0.1354251532269365,413
124.0,0.311628,1.2698092114414845,False,-0.16789288773162991,413
285.0,0.26976700000000003,1.3736330879290835,False,-0.1702249983213036,413
131.0,0.339535,1.7543328359672532,False,-0.18374383992669302,413
95.0,0.23255800000000001,1.6069280927159726,False,-0.209370653755098,413
101.0,0.23255800000000001,1.2698092114414845,False,-0.2170761189249336,413
76.0,0.24186,1.2698092114414845,False,-0.2170761189249336,413
67.0,0.32093000000000005,1.391761090091094,False,-0.22168711254861442,413
68.0,0.306977,1.391761090091094,False,-0.22168711254861442,413
77.0,0.223256,1.2698092114414845,False,-0.24522727252921026,413
100.0,0.15814,1.3736330879290835,False,-0.24867396154677282,413
63.0,0.15814,1.3736330879290835,False,-0.24867396154677282,413
237.0,0.09302300000000001,1.3736330879290835,False,-0.24867396154677282,413
117.0,0.23255800000000001,1.391761090091094,False,-0.27087034374191804,413
236.0,0.065116,1.3736330879290835,False,-0.28541313206412583,413
262.0,0.04186,1.3736330879290835,False,-0.28541313206412583,413
246.0,0.055814,1.3736330879290835,False,-0.28541313206412583,413
107.0,0.209302,1.391761090091094,False,-0.31525186245705383,413
102.0,0.190698,0.550540786523069,False,-0.31987674383825937,413
171.0,0.037209,1.3653909738660959,False,-0.3402123429326789,413
293.0,0.18604700000000002,1.7543328359672532,False,-0.34268750505841217,413
116.0,0.102326,1.7543328359672532,False,-0.36237156346980903,413
134.0,0.074419,1.7543328359672532,False,-0.39911073398716196,413
11.0,0.074419,1.7543328359672532,False,-0.39911073398716196,413
169.0,0.065116,1.7543328359672532,False,-0.39911073398716196,413
80.0,0.074419,1.7543328359672532,False,-0.39911073398716196,413
69.0,0.074419,1.7543328359672532,False,-0.39911073398716196,413
105.0,0.483721,1.6588080933934335,False,-0.42870507209302566,413
106.0,0.15814,1.6588080933934335,False,-0.7213094137777836,413
125.0,0.11627900000000001,1.6588080933934335,False,-0.7213094137777836,413
297.0,0.074419,1.6588080933934335,False,-0.7625708175757454,413
45.0,0.065116,1.6588080933934335,False,-0.7625708175757454,413
26.0,0.069767,1.6588080933934335,False,-0.7625708175757454,413
79.0,0.069767,1.6588080933934335,False,-0.7625708175757454,413
78.0,0.065116,1.6588080933934335,False,-0.7625708175757454,413
